{"type":"FeatureCollection","features":[{"type":"Feature","properties":{"tipo":"Esporte","nome":"","pais":"PY"},"geometry":{"type":"Polygon","coordinates":[[[-55.73695,-22.54253],[-55.73664,-22.54306],[-55.73748,-22.54347],[-55.73779,-22.54294],[-55.73695,-22.54253]]]}},{"type":"Feature","properties":{"tipo":"Esporte","nome":"Estádio Municipal","pais":"BR"},"geometry":{"type":"Polygon","coordinates":[[[-55.72907,-22.52642],[-55.72756,-22.52544],[-55.72659,-22.52677],[-55.72792,-22.52764],[-55.72823,-22.52757],[-55.72907,-22.52642]]]}},{"type":"Feature","properties":{"tipo":"Esporte","nome":"","pais":"BR"},"geometry":{"type":"Polygon","coordinates":[[[-55.72764,-22.52574],[-55.72698,-22.52667],[-55.72767,-22.5271],[-55.72834,-22.52617],[-55.72764,-22.52574]]]}},{"type":"Feature","properties":{"tipo":"Praça / parque","nome":"","pais":"PY"},"geometry":{"type":"Polygon","coordinates":[[[-55.74592,-22.53455],[-55.74546,-22.53533],[-55.74655,-22.53586],[-55.74703,-22.53508],[-55.74592,-22.53455]]]}},{"type":"Feature","properties":{"tipo":"Esporte","nome":"","pais":"PY"},"geometry":{"type":"Polygon","coordinates":[[[-55.74526,-22.53971],[-55.74587,-22.54002],[-55.74637,-22.53918],[-55.74576,-22.53887],[-55.74526,-22.53971]]]}},{"type":"Feature","properties":{"tipo":"Praça / parque","nome":"","pais":"PY"},"geometry":{"type":"Polygon","coordinates":[[[-55.73558,-22.53533],[-55.73532,-22.53575],[-55.73473,-22.53557],[-55.73454,-22.53591],[-55.73441,-22.53586],[-55.73395,-22.5369],[-55.73512,-22.53749],[-55.73531,-22.5373],[-55.73562,-22.53718],[-55.73582,-22.53721],[-55.73663,-22.53583],[-55.73558,-22.53533]]]}},{"type":"Feature","properties":{"tipo":"Praça / parque","nome":"Plaza Capitán Leonardo Franco","pais":"PY"},"geometry":{"type":"Polygon","coordinates":[[[-55.7399,-22.53027],[-55.7394,-22.53115],[-55.74035,-22.53163],[-55.74085,-22.53075],[-55.7399,-22.53027]]]}},{"type":"Feature","properties":{"tipo":"Praça / parque","nome":"Plaza Teniente Valdéz","pais":"PY"},"geometry":{"type":"Polygon","coordinates":[[[-55.73266,-22.54486],[-55.73315,-22.54401],[-55.73122,-22.54306],[-55.73073,-22.5439],[-55.73266,-22.54486]]]}},{"type":"Feature","properties":{"tipo":"Praça / parque","nome":"Plaza Panchito López","pais":"PY"},"geometry":{"type":"Polygon","coordinates":[[[-55.73378,-22.54291],[-55.73424,-22.5421],[-55.73338,-22.54168],[-55.73293,-22.54248],[-55.73378,-22.54291]]]}},{"type":"Feature","properties":{"tipo":"Praça / parque","nome":"Plaza San Roque de Santa Cruz","pais":"PY"},"geometry":{"type":"Polygon","coordinates":[[[-55.73861,-22.53936],[-55.7381,-22.54022],[-55.739,-22.54065],[-55.73948,-22.53982],[-55.73861,-22.53936]]]}},{"type":"Feature","properties":{"tipo":"Praça / parque","nome":"Plaza Elvio Benítez","pais":"PY"},"geometry":{"type":"Polygon","coordinates":[[[-55.74401,-22.54943],[-55.74293,-22.54889],[-55.74244,-22.54969],[-55.74356,-22.55005],[-55.74401,-22.54943]]]}},{"type":"Feature","properties":{"tipo":"Praça / parque","nome":"Plaza Herminio Giménez","pais":"PY"},"geometry":{"type":"Polygon","coordinates":[[[-55.72258,-22.55991],[-55.72207,-22.56072],[-55.723,-22.56121],[-55.72349,-22.5604],[-55.72258,-22.55991]]]}},{"type":"Feature","properties":{"tipo":"Praça / parque","nome":"Plaza Eusebio Ayala","pais":"PY"},"geometry":{"type":"Polygon","coordinates":[[[-55.74344,-22.56131],[-55.74288,-22.56219],[-55.74404,-22.56281],[-55.74458,-22.56194],[-55.74344,-22.56131]]]}},{"type":"Feature","properties":{"tipo":"Praça / parque","nome":"Plaza Juana de Lara","pais":"PY"},"geometry":{"type":"Polygon","coordinates":[[[-55.73531,-22.5609],[-55.73439,-22.5604],[-55.73386,-22.56124],[-55.73477,-22.56175],[-55.73531,-22.5609]]]}},{"type":"Feature","properties":{"tipo":"Esporte","nome":"","pais":"BR"},"geometry":{"type":"Polygon","coordinates":[[[-55.73463,-22.52425],[-55.73407,-22.52499],[-55.73462,-22.52534],[-55.73518,-22.5246],[-55.73463,-22.52425]]]}},{"type":"Feature","properties":{"tipo":"Praça / parque","nome":"","pais":"BR"},"geometry":{"type":"Polygon","coordinates":[[[-55.73434,-22.52302],[-55.73323,-22.52448],[-55.73477,-22.52548],[-55.73588,-22.52402],[-55.73434,-22.52302]]]}},{"type":"Feature","properties":{"tipo":"Mata / vegetação","nome":"","pais":"BR"},"geometry":{"type":"Polygon","coordinates":[[[-55.7206,-22.51388],[-55.72065,-22.51412],[-55.72055,-22.51424],[-55.72007,-22.51447],[-55.71936,-22.51581],[-55.71942,-22.51594],[-55.71989,-22.51599],[-55.7202,-22.51635],[-55.72067,-22.51647],[-55.72135,-22.51482],[-55.72139,-22.51458],[-55.72107,-22.51427],[-55.7212,-22.51402],[-55.7206,-22.51388]]]}},{"type":"Feature","properties":{"tipo":"Esporte","nome":"","pais":"BR"},"geometry":{"type":"Polygon","coordinates":[[[-55.71878,-22.50919],[-55.71862,-22.50914],[-55.71853,-22.5094],[-55.71869,-22.50945],[-55.71878,-22.50919]]]}},{"type":"Feature","properties":{"tipo":"Praça / parque","nome":"","pais":"BR"},"geometry":{"type":"Polygon","coordinates":[[[-55.72473,-22.53786],[-55.72527,-22.53821],[-55.72564,-22.53772],[-55.7251,-22.53737],[-55.72473,-22.53786]]]}},{"type":"Feature","properties":{"tipo":"Praça / parque","nome":"Parque de Exposição Alcindo Pereira","pais":"BR"},"geometry":{"type":"Polygon","coordinates":[[[-55.69784,-22.55762],[-55.69882,-22.56003],[-55.70243,-22.55869],[-55.70246,-22.55874],[-55.70329,-22.55836],[-55.70245,-22.55703],[-55.70206,-22.55719],[-55.70158,-22.55645],[-55.70097,-22.55673],[-55.7006,-22.55631],[-55.69784,-22.55762]]]}},{"type":"Feature","properties":{"tipo":"Esporte","nome":"","pais":"BR"},"geometry":{"type":"Polygon","coordinates":[[[-55.71792,-22.50794],[-55.71791,-22.50838],[-55.71847,-22.50856],[-55.7187,-22.50797],[-55.71792,-22.50794]]]}},{"type":"Feature","properties":{"tipo":"Esporte","nome":"Grêmio Correios","pais":"BR"},"geometry":{"type":"Polygon","coordinates":[[[-55.72719,-22.50632],[-55.72665,-22.50514],[-55.72644,-22.50471],[-55.72648,-22.50635],[-55.72719,-22.50632]]]}},{"type":"Feature","properties":{"tipo":"Praça / parque","nome":"","pais":"PY"},"geometry":{"type":"Polygon","coordinates":[[[-55.72414,-22.56865],[-55.72346,-22.5695],[-55.72441,-22.5702],[-55.72519,-22.56932],[-55.72414,-22.56865]]]}},{"type":"Feature","properties":{"tipo":"Praça / parque","nome":"Praça Duque de Caxias","pais":"BR"},"geometry":{"type":"Polygon","coordinates":[[[-55.72184,-22.53985],[-55.72326,-22.54082],[-55.72375,-22.54019],[-55.7223,-22.53926],[-55.72184,-22.53985]]]}},{"type":"Feature","properties":{"tipo":"Gramado","nome":"","pais":"BR"},"geometry":{"type":"Polygon","coordinates":[[[-55.70882,-22.55909],[-55.70737,-22.55959],[-55.70812,-22.5596],[-55.70839,-22.55949],[-55.70882,-22.55909]]]}},{"type":"Feature","properties":{"tipo":"Praça / parque","nome":"","pais":"PY"},"geometry":{"type":"Polygon","coordinates":[[[-55.71516,-22.55616],[-55.71562,-22.55623],[-55.71642,-22.55556],[-55.7162,-22.55546],[-55.71603,-22.55547],[-55.71516,-22.55616]]]}},{"type":"Feature","properties":{"tipo":"Praça / parque","nome":"","pais":"BR"},"geometry":{"type":"Polygon","coordinates":[[[-55.69469,-22.5617],[-55.69435,-22.56183],[-55.69484,-22.56202],[-55.69469,-22.5617]]]}},{"type":"Feature","properties":{"tipo":"Praça / parque","nome":"","pais":"BR"},"geometry":{"type":"Polygon","coordinates":[[[-55.72937,-22.53568],[-55.72938,-22.53576],[-55.72947,-22.53575],[-55.72946,-22.53567],[-55.72937,-22.53568]]]}},{"type":"Feature","properties":{"tipo":"Praça / parque","nome":"","pais":"BR"},"geometry":{"type":"Polygon","coordinates":[[[-55.72818,-22.53733],[-55.72829,-22.53734],[-55.7283,-22.53725],[-55.72819,-22.53724],[-55.72818,-22.53733]]]}},{"type":"Feature","properties":{"tipo":"Praça / parque","nome":"","pais":"BR"},"geometry":{"type":"Polygon","coordinates":[[[-55.73311,-22.53437],[-55.73347,-22.53429],[-55.73343,-22.53393],[-55.73311,-22.53437]]]}},{"type":"Feature","properties":{"tipo":"Praça / parque","nome":"","pais":"BR"},"geometry":{"type":"Polygon","coordinates":[[[-55.70826,-22.51338],[-55.70832,-22.51288],[-55.70787,-22.51283],[-55.7078,-22.51332],[-55.70826,-22.51338]]]}},{"type":"Feature","properties":{"tipo":"Praça / parque","nome":"","pais":"PY"},"geometry":{"type":"Polygon","coordinates":[[[-55.74056,-22.55007],[-55.7405,-22.55018],[-55.74175,-22.55079],[-55.74181,-22.55057],[-55.74056,-22.55007]]]}},{"type":"Feature","properties":{"tipo":"Mata / vegetação","nome":"","pais":"PY"},"geometry":{"type":"Polygon","coordinates":[[[-55.76825,-22.59027],[-55.76664,-22.59295],[-55.76902,-22.59312],[-55.7703,-22.59081],[-55.76825,-22.59027]]]}},{"type":"Feature","properties":{"tipo":"Mata / vegetação","nome":"","pais":"PY"},"geometry":{"type":"Polygon","coordinates":[[[-55.7712,-22.58926],[-55.77106,-22.58909],[-55.7712,-22.58764],[-55.76991,-22.58721],[-55.76833,-22.59006],[-55.77049,-22.59057],[-55.7712,-22.58926]]]}},{"type":"Feature","properties":{"tipo":"Mata / vegetação","nome":"","pais":"PY"},"geometry":{"type":"Polygon","coordinates":[[[-55.7756,-22.58968],[-55.77813,-22.59024],[-55.77842,-22.5898],[-55.77323,-22.58831],[-55.77162,-22.59086],[-55.7748,-22.59162],[-55.7756,-22.58968]]]}},{"type":"Feature","properties":{"tipo":"Esporte","nome":"","pais":"PY"},"geometry":{"type":"Polygon","coordinates":[[[-55.73922,-22.54708],[-55.73948,-22.54721],[-55.73958,-22.54705],[-55.73931,-22.54692],[-55.73922,-22.54708]]]}},{"type":"Feature","properties":{"tipo":"Esporte","nome":"","pais":"PY"},"geometry":{"type":"Polygon","coordinates":[[[-55.73888,-22.54579],[-55.73856,-22.54562],[-55.73846,-22.54577],[-55.73879,-22.54594],[-55.73888,-22.54579]]]}},{"type":"Feature","properties":{"tipo":"Esporte","nome":"Polideportivo CRE","pais":"PY"},"geometry":{"type":"Polygon","coordinates":[[[-55.73845,-22.54778],[-55.73794,-22.54767],[-55.73787,-22.54796],[-55.73838,-22.54807],[-55.73845,-22.54778]]]}},{"type":"Feature","properties":{"tipo":"Esporte","nome":"Amigos Del CRE","pais":"PY"},"geometry":{"type":"Polygon","coordinates":[[[-55.7389,-22.54764],[-55.73932,-22.54784],[-55.73962,-22.54732],[-55.73921,-22.54712],[-55.7389,-22.54764]]]}},{"type":"Feature","properties":{"tipo":"Praça / parque","nome":"Patio de Honor","pais":"PY"},"geometry":{"type":"Polygon","coordinates":[[[-55.7374,-22.54582],[-55.73731,-22.54581],[-55.73725,-22.5461],[-55.73776,-22.54619],[-55.73782,-22.54592],[-55.7377,-22.5459],[-55.73774,-22.54573],[-55.73744,-22.54567],[-55.7374,-22.54582]]]}},{"type":"Feature","properties":{"tipo":"Praça / parque","nome":"","pais":"PY"},"geometry":{"type":"Polygon","coordinates":[[[-55.73915,-22.5463],[-55.73908,-22.54616],[-55.73899,-22.54611],[-55.73881,-22.54609],[-55.73868,-22.5462],[-55.73849,-22.54711],[-55.73857,-22.54729],[-55.73884,-22.54733],[-55.73896,-22.54724],[-55.73915,-22.5463]]]}},{"type":"Feature","properties":{"tipo":"Esporte","nome":"","pais":"PY"},"geometry":{"type":"Polygon","coordinates":[[[-55.73611,-22.53577],[-55.73614,-22.53612],[-55.73634,-22.53611],[-55.73631,-22.53575],[-55.73611,-22.53577]]]}},{"type":"Feature","properties":{"tipo":"Praça / parque","nome":"Plaza Pedro Juan Caballero","pais":"PY"},"geometry":{"type":"Polygon","coordinates":[[[-55.73233,-22.54124],[-55.73194,-22.54194],[-55.73273,-22.54232],[-55.73312,-22.54162],[-55.73233,-22.54124]]]}},{"type":"Feature","properties":{"tipo":"Esporte","nome":"","pais":"PY"},"geometry":{"type":"Polygon","coordinates":[[[-55.72311,-22.56027],[-55.7229,-22.56016],[-55.72284,-22.56027],[-55.72304,-22.56038],[-55.72311,-22.56027]]]}},{"type":"Feature","properties":{"tipo":"Esporte","nome":"","pais":"PY"},"geometry":{"type":"Polygon","coordinates":[[[-55.72236,-22.56033],[-55.72211,-22.56074],[-55.72241,-22.56089],[-55.72265,-22.56048],[-55.72236,-22.56033]]]}},{"type":"Feature","properties":{"tipo":"Esporte","nome":"","pais":"PY"},"geometry":{"type":"Polygon","coordinates":[[[-55.72254,-22.56072],[-55.72243,-22.5609],[-55.72269,-22.56103],[-55.72279,-22.56086],[-55.72254,-22.56072]]]}},{"type":"Feature","properties":{"tipo":"Esporte","nome":"","pais":"BR"},"geometry":{"type":"Polygon","coordinates":[[[-55.6817,-22.5824],[-55.68154,-22.58234],[-55.68144,-22.58257],[-55.6816,-22.58263],[-55.6817,-22.5824]]]}},{"type":"Feature","properties":{"tipo":"Esporte","nome":"","pais":"BR"},"geometry":{"type":"Polygon","coordinates":[[[-55.7152,-22.55137],[-55.71518,-22.55121],[-55.71504,-22.55113],[-55.71488,-22.55119],[-55.71483,-22.55128],[-55.71485,-22.55139],[-55.71498,-22.55148],[-55.71509,-22.55148],[-55.7152,-22.55137]]]}},{"type":"Feature","properties":{"tipo":"Esporte","nome":"","pais":"BR"},"geometry":{"type":"Polygon","coordinates":[[[-55.71617,-22.55047],[-55.71633,-22.55005],[-55.71605,-22.54997],[-55.71589,-22.55039],[-55.71617,-22.55047]]]}},{"type":"Feature","properties":{"tipo":"Esporte","nome":"","pais":"BR"},"geometry":{"type":"Polygon","coordinates":[[[-55.71671,-22.54964],[-55.71651,-22.54958],[-55.71638,-22.54993],[-55.71657,-22.55],[-55.71671,-22.54964]]]}},{"type":"Feature","properties":{"tipo":"Esporte","nome":"","pais":"BR"},"geometry":{"type":"Polygon","coordinates":[[[-55.717,-22.54975],[-55.71679,-22.54968],[-55.71667,-22.55003],[-55.71689,-22.55009],[-55.717,-22.54975]]]}},{"type":"Feature","properties":{"tipo":"Esporte","nome":"","pais":"BR"},"geometry":{"type":"Polygon","coordinates":[[[-55.71719,-22.55028],[-55.71704,-22.55023],[-55.71696,-22.55044],[-55.71711,-22.55049],[-55.71719,-22.55028]]]}},{"type":"Feature","properties":{"tipo":"Esporte","nome":"","pais":"BR"},"geometry":{"type":"Polygon","coordinates":[[[-55.71704,-22.55023],[-55.71687,-22.55018],[-55.7168,-22.55039],[-55.71696,-22.55044],[-55.71704,-22.55023]]]}},{"type":"Feature","properties":{"tipo":"Praça / parque","nome":"","pais":"PY"},"geometry":{"type":"Polygon","coordinates":[[[-55.70283,-22.56293],[-55.70315,-22.56319],[-55.7033,-22.56313],[-55.70297,-22.56287],[-55.70283,-22.56293]]]}},{"type":"Feature","properties":{"tipo":"Esporte","nome":"","pais":"BR"},"geometry":{"type":"Polygon","coordinates":[[[-55.71493,-22.553],[-55.71474,-22.55324],[-55.71487,-22.55339],[-55.71512,-22.55313],[-55.71493,-22.553]]]}},{"type":"Feature","properties":{"tipo":"Mata / vegetação","nome":"","pais":"BR"},"geometry":{"type":"Polygon","coordinates":[[[-55.71098,-22.48725],[-55.71116,-22.48705],[-55.71111,-22.48669],[-55.71075,-22.48654],[-55.71071,-22.48646],[-55.71071,-22.48638],[-55.71092,-22.4861],[-55.71043,-22.48587],[-55.71023,-22.48589],[-55.70999,-22.48621],[-55.70984,-22.48629],[-55.70966,-22.48629],[-55.70965,-22.48602],[-55.70943,-22.48611],[-55.70919,-22.48642],[-55.709,-22.4869],[-55.709,-22.48712],[-55.70909,-22.48728],[-55.70921,-22.48736],[-55.7093,-22.48771],[-55.71098,-22.48725]]]}},{"type":"Feature","properties":{"tipo":"Praça / parque","nome":"","pais":"BR"},"geometry":{"type":"Polygon","coordinates":[[[-55.71662,-22.55104],[-55.71658,-22.5509],[-55.71643,-22.55094],[-55.71648,-22.55107],[-55.71662,-22.55104]]]}},{"type":"Feature","properties":{"tipo":"Mata / vegetação","nome":"","pais":"BR"},"geometry":{"type":"Polygon","coordinates":[[[-55.70044,-22.49643],[-55.70064,-22.49576],[-55.7006,-22.49531],[-55.70047,-22.4951],[-55.7004,-22.49455],[-55.70008,-22.49446],[-55.69936,-22.49456],[-55.69918,-22.49481],[-55.69916,-22.49634],[-55.69935,-22.49646],[-55.70044,-22.49643]]]}},{"type":"Feature","properties":{"tipo":"Mata / vegetação","nome":"","pais":"BR"},"geometry":{"type":"Polygon","coordinates":[[[-55.73656,-22.51159],[-55.73646,-22.51146],[-55.73639,-22.51116],[-55.73606,-22.51084],[-55.73599,-22.51056],[-55.73608,-22.51034],[-55.736,-22.5099],[-55.73551,-22.50966],[-55.73513,-22.50987],[-55.73481,-22.51033],[-55.73482,-22.51055],[-55.735,-22.51081],[-55.73606,-22.51173],[-55.73639,-22.51186],[-55.73656,-22.51159]]]}},{"type":"Feature","properties":{"tipo":"Mata / vegetação","nome":"","pais":"BR"},"geometry":{"type":"Polygon","coordinates":[[[-55.73802,-22.50908],[-55.73794,-22.50965],[-55.73786,-22.50974],[-55.73787,-22.50999],[-55.73691,-22.51104],[-55.73666,-22.51165],[-55.73645,-22.5119],[-55.73563,-22.51233],[-55.73428,-22.5132],[-55.73335,-22.51398],[-55.7326,-22.51437],[-55.73267,-22.51471],[-55.73299,-22.51468],[-55.73301,-22.51481],[-55.73319,-22.51492],[-55.73351,-22.51482],[-55.73344,-22.51441],[-55.73374,-22.51402],[-55.73409,-22.51369],[-55.73424,-22.51368],[-55.73449,-22.51345],[-55.73473,-22.51356],[-55.73483,-22.51353],[-55.73472,-22.51321],[-55.73484,-22.51309],[-55.73536,-22.51287],[-55.73581,-22.5125],[-55.73671,-22.51209],[-55.73733,-22.51113],[-55.73791,-22.51043],[-55.73817,-22.50993],[-55.73817,-22.50977],[-55.73828,-22.50955],[-55.73802,-22.50908]]]}},{"type":"Feature","properties":{"tipo":"Mata / vegetação","nome":"","pais":"BR"},"geometry":{"type":"Polygon","coordinates":[[[-55.74464,-22.50569],[-55.74449,-22.50557],[-55.74413,-22.50566],[-55.74382,-22.50558],[-55.74403,-22.50563],[-55.7442,-22.50556],[-55.74423,-22.50542],[-55.74415,-22.50531],[-55.74399,-22.50525],[-55.74357,-22.50547],[-55.74333,-22.50579],[-55.74331,-22.50526],[-55.74325,-22.50524],[-55.74319,-22.50573],[-55.74283,-22.50583],[-55.74269,-22.50613],[-55.74246,-22.50537],[-55.74229,-22.50533],[-55.74249,-22.50571],[-55.74253,-22.50597],[-55.74251,-22.50646],[-55.74237,-22.50676],[-55.74187,-22.5071],[-55.74056,-22.5077],[-55.74012,-22.50819],[-55.73972,-22.50844],[-55.73918,-22.50861],[-55.73871,-22.5089],[-55.7381,-22.50901],[-55.73833,-22.50946],[-55.73847,-22.50926],[-55.73861,-22.50917],[-55.74012,-22.50856],[-55.74044,-22.50828],[-55.74054,-22.50811],[-55.74112,-22.50767],[-55.74162,-22.50746],[-55.7418,-22.50748],[-55.7421,-22.50736],[-55.74258,-22.50691],[-55.74284,-22.5063],[-55.74327,-22.50594],[-55.7436,-22.5058],[-55.74377,-22.50598],[-55.74395,-22.50602],[-55.74413,-22.5058],[-55.74427,-22.50589],[-55.74448,-22.50585],[-55.74463,-22.50575],[-55.74464,-22.50569]]]}},{"type":"Feature","properties":{"tipo":"Mata / vegetação","nome":"","pais":"BR"},"geometry":{"type":"Polygon","coordinates":[[[-55.70731,-22.50755],[-55.70736,-22.50746],[-55.70715,-22.50741],[-55.70709,-22.50729],[-55.70718,-22.50727],[-55.70736,-22.50741],[-55.7075,-22.50726],[-55.70745,-22.50721],[-55.70701,-22.50717],[-55.70678,-22.50734],[-55.70664,-22.50713],[-55.70628,-22.50684],[-55.70627,-22.50675],[-55.70648,-22.50677],[-55.70646,-22.50664],[-55.70634,-22.50666],[-55.70632,-22.50661],[-55.70621,-22.50659],[-55.7061,-22.50737],[-55.70642,-22.50758],[-55.70701,-22.50761],[-55.70717,-22.50768],[-55.70724,-22.50783],[-55.70724,-22.50804],[-55.70743,-22.50818],[-55.70753,-22.5079],[-55.70731,-22.50755]]]}},{"type":"Feature","properties":{"tipo":"Mata / vegetação","nome":"","pais":"BR"},"geometry":{"type":"Polygon","coordinates":[[[-55.71323,-22.51251],[-55.71372,-22.51309],[-55.71352,-22.51229],[-55.71335,-22.51214],[-55.71334,-22.51154],[-55.71325,-22.51146],[-55.71311,-22.5116],[-55.71303,-22.51118],[-55.71288,-22.51086],[-55.7127,-22.51073],[-55.71272,-22.51061],[-55.71248,-22.51055],[-55.71205,-22.51079],[-55.71081,-22.50992],[-55.71071,-22.50975],[-55.71074,-22.50951],[-55.71054,-22.50935],[-55.70941,-22.50875],[-55.7092,-22.50877],[-55.70909,-22.50858],[-55.70881,-22.50841],[-55.70786,-22.50816],[-55.70764,-22.50803],[-55.70749,-22.50837],[-55.70867,-22.50869],[-55.70886,-22.50881],[-55.70894,-22.50898],[-55.70921,-22.50917],[-55.70965,-22.50969],[-55.71038,-22.5102],[-55.71196,-22.51109],[-55.71237,-22.51104],[-55.71276,-22.51172],[-55.71307,-22.51252],[-55.71323,-22.51251]]]}},{"type":"Feature","properties":{"tipo":"Mata / vegetação","nome":"","pais":"BR"},"geometry":{"type":"Polygon","coordinates":[[[-55.71627,-22.52333],[-55.71615,-22.523],[-55.71575,-22.52246],[-55.71529,-22.52142],[-55.71493,-22.5213],[-55.71481,-22.52115],[-55.71497,-22.5206],[-55.715,-22.52022],[-55.71497,-22.51972],[-55.71474,-22.51924],[-55.71498,-22.51919],[-55.71513,-22.5193],[-55.71521,-22.51929],[-55.71524,-22.51918],[-55.71552,-22.5192],[-55.71599,-22.5195],[-55.71627,-22.51962],[-55.71649,-22.51961],[-55.7168,-22.51974],[-55.7169,-22.51988],[-55.717,-22.51988],[-55.71719,-22.5197],[-55.71699,-22.51953],[-55.71722,-22.51918],[-55.71722,-22.51908],[-55.71673,-22.51906],[-55.71677,-22.51898],[-55.71716,-22.51884],[-55.71708,-22.51879],[-55.71648,-22.51883],[-55.71626,-22.51876],[-55.71604,-22.51895],[-55.71581,-22.51902],[-55.71463,-22.51903],[-55.71442,-22.51876],[-55.7139,-22.51736],[-55.71386,-22.51708],[-55.71393,-22.517],[-55.71391,-22.51689],[-55.71378,-22.51659],[-55.71369,-22.51602],[-55.71367,-22.51515],[-55.71352,-22.515],[-55.71344,-22.51465],[-55.71347,-22.51406],[-55.71365,-22.51392],[-55.71354,-22.51355],[-55.71358,-22.5133],[-55.71372,-22.51309],[-55.71323,-22.51251],[-55.71282,-22.51254],[-55.71287,-22.51314],[-55.71269,-22.51513],[-55.71272,-22.51526],[-55.71304,-22.51528],[-55.71304,-22.51516],[-55.71315,-22.51513],[-55.71325,-22.51529],[-55.7133,-22.51559],[-55.71325,-22.51742],[-55.71342,-22.51779],[-55.71344,-22.51828],[-55.71335,-22.51858],[-55.71352,-22.51888],[-55.71395,-22.51921],[-55.71419,-22.51979],[-55.7143,-22.52111],[-55.71419,-22.52143],[-55.71422,-22.52153],[-55.71473,-22.52182],[-55.71487,-22.52213],[-55.71524,-22.52212],[-55.71534,-22.52222],[-55.71535,-22.52238],[-55.71523,-22.52247],[-55.71552,-22.52292],[-55.71573,-22.52306],[-55.71587,-22.52342],[-55.71605,-22.52364],[-55.71627,-22.52333]]]}},{"type":"Feature","properties":{"tipo":"Mata / vegetação","nome":"","pais":"BR"},"geometry":{"type":"Polygon","coordinates":[[[-55.72815,-22.5308],[-55.72763,-22.5304],[-55.72725,-22.53025],[-55.72698,-22.53015],[-55.7267,-22.53015],[-55.72639,-22.53035],[-55.72583,-22.53108],[-55.72618,-22.53128],[-55.72628,-22.53127],[-55.72646,-22.53083],[-55.72679,-22.53059],[-55.72773,-22.53088],[-55.72807,-22.53117],[-55.72813,-22.53107],[-55.72815,-22.5308]]]}},{"type":"Feature","properties":{"tipo":"Mata / vegetação","nome":"","pais":"BR"},"geometry":{"type":"Polygon","coordinates":[[[-55.71372,-22.51309],[-55.71467,-22.51275],[-55.71486,-22.51262],[-55.71505,-22.5127],[-55.71531,-22.5126],[-55.7162,-22.513],[-55.71672,-22.51291],[-55.71696,-22.51296],[-55.71721,-22.51225],[-55.71625,-22.51218],[-55.71547,-22.51198],[-55.71452,-22.5122],[-55.71434,-22.51221],[-55.71418,-22.51214],[-55.71383,-22.51228],[-55.71366,-22.51219],[-55.71352,-22.51229],[-55.71372,-22.51309]]]}},{"type":"Feature","properties":{"tipo":"Mata / vegetação","nome":"","pais":"BR"},"geometry":{"type":"Polygon","coordinates":[[[-55.73012,-22.51486],[-55.7297,-22.51457],[-55.72935,-22.51456],[-55.72857,-22.51483],[-55.72823,-22.51468],[-55.72804,-22.51467],[-55.72674,-22.51498],[-55.72689,-22.51507],[-55.72692,-22.51524],[-55.72768,-22.515],[-55.728,-22.51504],[-55.72821,-22.51518],[-55.7286,-22.51514],[-55.72876,-22.51499],[-55.72909,-22.51484],[-55.72986,-22.51491],[-55.72991,-22.51499],[-55.73019,-22.51512],[-55.73012,-22.51486]]]}},{"type":"Feature","properties":{"tipo":"Mata / vegetação","nome":"","pais":"BR"},"geometry":{"type":"Polygon","coordinates":[[[-55.73249,-22.51435],[-55.73169,-22.51453],[-55.73162,-22.51459],[-55.73162,-22.51486],[-55.73137,-22.51503],[-55.73142,-22.5152],[-55.7317,-22.51518],[-55.73189,-22.51497],[-55.73258,-22.51474],[-55.73249,-22.51435]]]}},{"type":"Feature","properties":{"tipo":"Mata / vegetação","nome":"","pais":"BR"},"geometry":{"type":"Polygon","coordinates":[[[-55.72019,-22.48028],[-55.71771,-22.48069],[-55.71863,-22.48266],[-55.719,-22.48259],[-55.71919,-22.48295],[-55.71989,-22.48276],[-55.72019,-22.48028]]]}},{"type":"Feature","properties":{"tipo":"Mata / vegetação","nome":"","pais":"PY"},"geometry":{"type":"Polygon","coordinates":[[[-55.75774,-22.54087],[-55.75722,-22.54175],[-55.75761,-22.5419],[-55.75758,-22.54203],[-55.7574,-22.54211],[-55.75688,-22.54203],[-55.7562,-22.5429],[-55.7565,-22.54358],[-55.75594,-22.5442],[-55.75575,-22.54463],[-55.75503,-22.54531],[-55.75505,-22.54584],[-55.75532,-22.54593],[-55.75529,-22.54579],[-55.75585,-22.54521],[-55.75639,-22.5444],[-55.75652,-22.5443],[-55.75657,-22.54439],[-55.75672,-22.54432],[-55.75716,-22.54362],[-55.75736,-22.5437],[-55.75749,-22.54391],[-55.7576,-22.54388],[-55.75765,-22.54375],[-55.75762,-22.54347],[-55.75777,-22.54285],[-55.75799,-22.54266],[-55.75925,-22.54083],[-55.76023,-22.54147],[-55.76029,-22.54131],[-55.76076,-22.54078],[-55.761,-22.54069],[-55.76119,-22.54085],[-55.76052,-22.54164],[-55.76133,-22.54227],[-55.76141,-22.5422],[-55.76134,-22.54208],[-55.76152,-22.5421],[-55.7616,-22.5418],[-55.76186,-22.54162],[-55.76186,-22.54147],[-55.76196,-22.5413],[-55.76211,-22.54122],[-55.76237,-22.54069],[-55.76217,-22.54053],[-55.7619,-22.54048],[-55.76175,-22.54066],[-55.76159,-22.54049],[-55.76127,-22.54042],[-55.76119,-22.54026],[-55.7614,-22.54005],[-55.76162,-22.53964],[-55.76204,-22.53928],[-55.76248,-22.53916],[-55.76284,-22.53954],[-55.76277,-22.54019],[-55.76257,-22.54067],[-55.76261,-22.54112],[-55.76236,-22.54171],[-55.76236,-22.54182],[-55.76259,-22.54192],[-55.76278,-22.54186],[-55.76298,-22.54189],[-55.76315,-22.54186],[-55.76323,-22.54175],[-55.76337,-22.54171],[-55.7637,-22.54185],[-55.76402,-22.54116],[-55.7639,-22.5412],[-55.76378,-22.54103],[-55.7638,-22.54056],[-55.76419,-22.53959],[-55.76422,-22.53924],[-55.76434,-22.53901],[-55.76444,-22.53906],[-55.76454,-22.53964],[-55.76465,-22.53987],[-55.76553,-22.53986],[-55.76593,-22.5397],[-55.76621,-22.53952],[-55.76652,-22.53916],[-55.76649,-22.53875],[-55.76633,-22.53875],[-55.76598,-22.53858],[-55.7663,-22.53805],[-55.76588,-22.53772],[-55.76581,-22.5376],[-55.76591,-22.53751],[-55.76591,-22.53728],[-55.76582,-22.53715],[-55.76482,-22.53618],[-55.76431,-22.53659],[-55.76396,-22.53649],[-55.76349,-22.53651],[-55.76334,-22.53645],[-55.76358,-22.53644],[-55.76371,-22.53637],[-55.76368,-22.5362],[-55.76344,-22.53609],[-55.76346,-22.53618],[-55.76337,-22.53628],[-55.76326,-22.53629],[-55.76292,-22.53598],[-55.7629,-22.53576],[-55.76268,-22.53562],[-55.76254,-22.53545],[-55.76217,-22.53523],[-55.7622,-22.53534],[-55.76213,-22.53539],[-55.76206,-22.53535],[-55.76203,-22.53517],[-55.76195,-22.53512],[-55.76182,-22.53537],[-55.76144,-22.53519],[-55.76097,-22.53569],[-55.76094,-22.5359],[-55.7613,-22.53625],[-55.76181,-22.53642],[-55.76196,-22.53665],[-55.7619,-22.53682],[-55.7612,-22.53759],[-55.761,-22.53763],[-55.75989,-22.53721],[-55.75953,-22.53724],[-55.75917,-22.53702],[-55.75897,-22.53709],[-55.75866,-22.53744],[-55.75913,-22.53768],[-55.75984,-22.53785],[-55.76063,-22.53836],[-55.76047,-22.53863],[-55.75993,-22.53924],[-55.75963,-22.53944],[-55.75958,-22.53958],[-55.75904,-22.53983],[-55.75873,-22.54019],[-55.75832,-22.54015],[-55.75774,-22.54087]]]}},{"type":"Feature","properties":{"tipo":"Mata / vegetação","nome":"","pais":"PY"},"geometry":{"type":"Polygon","coordinates":[[[-55.7522,-22.52322],[-55.7512,-22.52358],[-55.751,-22.52384],[-55.75106,-22.52415],[-55.75096,-22.52451],[-55.75106,-22.52456],[-55.75115,-22.5249],[-55.75114,-22.52556],[-55.7514,-22.52592],[-55.75152,-22.52561],[-55.75187,-22.52617],[-55.75199,-22.52616],[-55.75212,-22.52604],[-55.75211,-22.52567],[-55.75203,-22.52537],[-55.75233,-22.52492],[-55.75246,-22.52416],[-55.75243,-22.52362],[-55.75224,-22.52345],[-55.75231,-22.52331],[-55.7522,-22.52322]]]}},{"type":"Feature","properties":{"tipo":"Mata / vegetação","nome":"","pais":"PY"},"geometry":{"type":"Polygon","coordinates":[[[-55.75304,-22.52102],[-55.75299,-22.52065],[-55.75257,-22.51989],[-55.75205,-22.51957],[-55.75171,-22.51917],[-55.75168,-22.51885],[-55.75155,-22.51868],[-55.7503,-22.51868],[-55.75081,-22.5194],[-55.75094,-22.51977],[-55.75069,-22.52],[-55.75,-22.5195],[-55.74976,-22.51952],[-55.74934,-22.51994],[-55.74908,-22.52051],[-55.7488,-22.52161],[-55.74909,-22.52202],[-55.74938,-22.5223],[-55.74924,-22.52264],[-55.74948,-22.52314],[-55.74999,-22.52365],[-55.75044,-22.52373],[-55.75213,-22.52319],[-55.75215,-22.52295],[-55.75166,-22.52209],[-55.75165,-22.52184],[-55.75204,-22.5222],[-55.75299,-22.52394],[-55.75308,-22.5244],[-55.75332,-22.52476],[-55.75305,-22.52478],[-55.75306,-22.52499],[-55.75323,-22.52514],[-55.7539,-22.52529],[-55.75381,-22.52466],[-55.75406,-22.52466],[-55.7542,-22.52494],[-55.75437,-22.52559],[-55.75549,-22.52544],[-55.75563,-22.52507],[-55.7558,-22.52485],[-55.75603,-22.52471],[-55.75631,-22.52472],[-55.75678,-22.52462],[-55.75717,-22.52445],[-55.75736,-22.52419],[-55.75728,-22.52392],[-55.75643,-22.52402],[-55.75612,-22.52397],[-55.75578,-22.52382],[-55.75382,-22.52212],[-55.75345,-22.52193],[-55.75327,-22.52172],[-55.75304,-22.52102]]]}},{"type":"Feature","properties":{"tipo":"Mata / vegetação","nome":"","pais":"PY"},"geometry":{"type":"Polygon","coordinates":[[[-55.76319,-22.50756],[-55.76301,-22.5079],[-55.76327,-22.50781],[-55.76402,-22.50863],[-55.76417,-22.50874],[-55.76437,-22.50874],[-55.76451,-22.50882],[-55.76454,-22.50943],[-55.76475,-22.50974],[-55.76511,-22.51009],[-55.76588,-22.51048],[-55.76602,-22.51092],[-55.76622,-22.5111],[-55.76644,-22.51105],[-55.76671,-22.51117],[-55.76686,-22.51134],[-55.76681,-22.51145],[-55.76571,-22.51182],[-55.7664,-22.51173],[-55.76642,-22.51177],[-55.76691,-22.51151],[-55.76776,-22.51286],[-55.76764,-22.51316],[-55.76741,-22.51338],[-55.76781,-22.51394],[-55.76822,-22.51421],[-55.76841,-22.51407],[-55.76823,-22.51364],[-55.76807,-22.51274],[-55.76852,-22.51286],[-55.76876,-22.51333],[-55.77,-22.5139],[-55.77113,-22.51467],[-55.77158,-22.51526],[-55.77159,-22.51565],[-55.77175,-22.51595],[-55.77215,-22.51601],[-55.77279,-22.51569],[-55.77329,-22.51561],[-55.77388,-22.51565],[-55.77415,-22.51577],[-55.77476,-22.51675],[-55.77586,-22.5168],[-55.7761,-22.51713],[-55.77609,-22.51724],[-55.77638,-22.5173],[-55.77643,-22.51788],[-55.77656,-22.518],[-55.77682,-22.51805],[-55.77688,-22.51812],[-55.77686,-22.51828],[-55.77647,-22.51849],[-55.77587,-22.5186],[-55.77516,-22.51853],[-55.7744,-22.51834],[-55.77381,-22.51831],[-55.77366,-22.51843],[-55.77375,-22.51859],[-55.77435,-22.51887],[-55.77578,-22.51888],[-55.77665,-22.51866],[-55.77691,-22.51872],[-55.77724,-22.5187],[-55.77794,-22.51853],[-55.77818,-22.51862],[-55.77932,-22.5186],[-55.78001,-22.51866],[-55.77981,-22.51693],[-55.78053,-22.51734],[-55.78132,-22.51682],[-55.78175,-22.51682],[-55.7817,-22.51647],[-55.78122,-22.51631],[-55.78089,-22.51505],[-55.77951,-22.51503],[-55.77918,-22.51296],[-55.77842,-22.51266],[-55.77705,-22.51514],[-55.77623,-22.51637],[-55.77602,-22.51638],[-55.77583,-22.51611],[-55.77538,-22.51578],[-55.77529,-22.51539],[-55.77538,-22.51474],[-55.77558,-22.51442],[-55.77591,-22.51449],[-55.77625,-22.51466],[-55.77658,-22.51459],[-55.77691,-22.51436],[-55.77701,-22.51404],[-55.77691,-22.51396],[-55.77651,-22.51395],[-55.77635,-22.51402],[-55.77576,-22.51404],[-55.77555,-22.51411],[-55.77523,-22.51394],[-55.77514,-22.51377],[-55.77501,-22.51384],[-55.77494,-22.51398],[-55.77465,-22.51403],[-55.77454,-22.51413],[-55.77476,-22.51421],[-55.77525,-22.51421],[-55.77535,-22.51431],[-55.77483,-22.51479],[-55.77509,-22.51493],[-55.77496,-22.51507],[-55.77506,-22.51532],[-55.77497,-22.51544],[-55.77469,-22.51545],[-55.77447,-22.51526],[-55.77436,-22.51505],[-55.7743,-22.51454],[-55.77422,-22.51449],[-55.77406,-22.51463],[-55.77354,-22.51467],[-55.77345,-22.51457],[-55.7731,-22.51452],[-55.77282,-22.51473],[-55.77258,-22.51462],[-55.77296,-22.51394],[-55.77256,-22.5137],[-55.77241,-22.51344],[-55.77215,-22.51325],[-55.77215,-22.51294],[-55.77228,-22.51282],[-55.77242,-22.51293],[-55.7724,-22.51302],[-55.77227,-22.5131],[-55.77246,-22.51316],[-55.77257,-22.51313],[-55.77262,-22.51282],[-55.77277,-22.51285],[-55.7729,-22.51305],[-55.77329,-22.51297],[-55.77378,-22.51267],[-55.77381,-22.51246],[-55.77372,-22.51185],[-55.77359,-22.5116],[-55.77338,-22.51145],[-55.77308,-22.51137],[-55.77248,-22.51143],[-55.77214,-22.51154],[-55.7719,-22.51169],[-55.77174,-22.51233],[-55.77143,-22.51282],[-55.77182,-22.51293],[-55.77141,-22.51374],[-55.77122,-22.51385],[-55.77106,-22.51382],[-55.77097,-22.51368],[-55.77102,-22.51355],[-55.77131,-22.51329],[-55.77126,-22.51321],[-55.7708,-22.51329],[-55.77018,-22.51327],[-55.76885,-22.5127],[-55.76847,-22.51213],[-55.76756,-22.51129],[-55.7663,-22.51063],[-55.76634,-22.51035],[-55.76628,-22.51025],[-55.76572,-22.51001],[-55.76565,-22.50975],[-55.76539,-22.50983],[-55.7652,-22.50967],[-55.76482,-22.50916],[-55.7647,-22.50871],[-55.76485,-22.50859],[-55.76487,-22.50844],[-55.76469,-22.50829],[-55.76462,-22.50813],[-55.76457,-22.50818],[-55.76466,-22.5085],[-55.76459,-22.50856],[-55.76451,-22.50852],[-55.76441,-22.50813],[-55.76433,-22.50814],[-55.76436,-22.50846],[-55.76432,-22.50855],[-55.76423,-22.50855],[-55.76409,-22.5085],[-55.76389,-22.50824],[-55.76385,-22.50796],[-55.76353,-22.50782],[-55.76319,-22.50756]]]}},{"type":"Feature","properties":{"tipo":"Mata / vegetação","nome":"","pais":"PY"},"geometry":{"type":"Polygon","coordinates":[[[-55.75803,-22.50408],[-55.76052,-22.50418],[-55.76123,-22.50445],[-55.76194,-22.50444],[-55.76211,-22.50452],[-55.76283,-22.50539],[-55.76087,-22.50532],[-55.76053,-22.50754],[-55.76036,-22.50809],[-55.76046,-22.50808],[-55.76079,-22.50734],[-55.76113,-22.50756],[-55.76118,-22.50816],[-55.76212,-22.50834],[-55.76263,-22.50831],[-55.76277,-22.50825],[-55.76298,-22.50798],[-55.76323,-22.5074],[-55.76279,-22.50648],[-55.76287,-22.50565],[-55.763,-22.50561],[-55.7638,-22.50681],[-55.76382,-22.50702],[-55.76424,-22.50756],[-55.76456,-22.50776],[-55.76464,-22.50758],[-55.76336,-22.50597],[-55.76354,-22.50554],[-55.7663,-22.50685],[-55.7666,-22.50609],[-55.76355,-22.50464],[-55.76335,-22.50432],[-55.76319,-22.50357],[-55.76291,-22.50346],[-55.76221,-22.50346],[-55.76093,-22.50326],[-55.76036,-22.50324],[-55.76001,-22.50307],[-55.75926,-22.50297],[-55.75869,-22.50298],[-55.75852,-22.50315],[-55.75833,-22.50306],[-55.75771,-22.50318],[-55.75759,-22.50338],[-55.75752,-22.50372],[-55.75762,-22.5039],[-55.75803,-22.50408]]]}},{"type":"Feature","properties":{"tipo":"Esporte","nome":"","pais":"BR"},"geometry":{"type":"Polygon","coordinates":[[[-55.7287,-22.53835],[-55.72847,-22.5382],[-55.72835,-22.53836],[-55.7286,-22.53852],[-55.7287,-22.53835]]]}},{"type":"Feature","properties":{"tipo":"Mata / vegetação","nome":"","pais":"PY"},"geometry":{"type":"Polygon","coordinates":[[[-55.76632,-22.57336],[-55.76624,-22.57321],[-55.76609,-22.5732],[-55.76591,-22.57298],[-55.76582,-22.57352],[-55.76573,-22.57357],[-55.76571,-22.57367],[-55.7663,-22.57401],[-55.76632,-22.5741],[-55.76652,-22.57422],[-55.76666,-22.57423],[-55.76682,-22.57413],[-55.76688,-22.57399],[-55.7668,-22.57355],[-55.7666,-22.5734],[-55.76632,-22.57336]]]}},{"type":"Feature","properties":{"tipo":"Esporte","nome":"","pais":"BR"},"geometry":{"type":"Polygon","coordinates":[[[-55.72848,-22.50486],[-55.7279,-22.50509],[-55.72808,-22.50547],[-55.72866,-22.50524],[-55.72848,-22.50486]]]}},{"type":"Feature","properties":{"tipo":"Esporte","nome":"","pais":"BR"},"geometry":{"type":"Polygon","coordinates":[[[-55.72829,-22.50433],[-55.72763,-22.50461],[-55.7278,-22.50498],[-55.72846,-22.5047],[-55.72829,-22.50433]]]}},{"type":"Feature","properties":{"tipo":"Mata / vegetação","nome":"","pais":"PY"},"geometry":{"type":"Polygon","coordinates":[[[-55.79456,-22.59669],[-55.79453,-22.59682],[-55.79435,-22.5969],[-55.7943,-22.59687],[-55.79447,-22.59664],[-55.79432,-22.59663],[-55.79419,-22.59681],[-55.79404,-22.59675],[-55.79415,-22.59674],[-55.79434,-22.59657],[-55.79409,-22.59648],[-55.79398,-22.5965],[-55.794,-22.59663],[-55.79388,-22.59662],[-55.7939,-22.59658],[-55.79381,-22.59652],[-55.79395,-22.59645],[-55.79394,-22.59641],[-55.79373,-22.59636],[-55.79352,-22.59652],[-55.7935,-22.59656],[-55.79355,-22.59657],[-55.79343,-22.59671],[-55.79342,-22.59676],[-55.79357,-22.59679],[-55.79333,-22.59686],[-55.79317,-22.59718],[-55.79338,-22.5975],[-55.79348,-22.59746],[-55.7935,-22.59742],[-55.79325,-22.59722],[-55.79326,-22.59717],[-55.79334,-22.59698],[-55.79358,-22.59701],[-55.79371,-22.59669],[-55.79381,-22.59678],[-55.79367,-22.59685],[-55.79379,-22.59697],[-55.79369,-22.5972],[-55.79384,-22.59735],[-55.79385,-22.59746],[-55.79395,-22.59744],[-55.79395,-22.5973],[-55.7938,-22.59726],[-55.79379,-22.59717],[-55.79394,-22.59697],[-55.79399,-22.59698],[-55.79398,-22.59708],[-55.79392,-22.59722],[-55.79398,-22.59722],[-55.79409,-22.59696],[-55.79422,-22.59695],[-55.7942,-22.59703],[-55.7943,-22.59711],[-55.79414,-22.59712],[-55.7941,-22.5973],[-55.79435,-22.59735],[-55.79437,-22.59725],[-55.79462,-22.59718],[-55.7946,-22.59704],[-55.79471,-22.59687],[-55.79469,-22.59677],[-55.79456,-22.59669]]]}},{"type":"Feature","properties":{"tipo":"Mata / vegetação","nome":"","pais":"PY"},"geometry":{"type":"Polygon","coordinates":[[[-55.79384,-22.59941],[-55.79377,-22.59961],[-55.7938,-22.6],[-55.79518,-22.6],[-55.79514,-22.59989],[-55.79494,-22.5998],[-55.79513,-22.59973],[-55.79535,-22.59937],[-55.79495,-22.59919],[-55.79485,-22.59902],[-55.79463,-22.59905],[-55.79436,-22.59936],[-55.79414,-22.59934],[-55.79384,-22.59941]]]}},{"type":"Feature","properties":{"tipo":"Mata / vegetação","nome":"","pais":"PY"},"geometry":{"type":"Polygon","coordinates":[[[-55.71429,-22.57783],[-55.71423,-22.57783],[-55.71424,-22.57778],[-55.71438,-22.57769],[-55.7142,-22.57733],[-55.7143,-22.57731],[-55.71444,-22.57746],[-55.71468,-22.57719],[-55.71479,-22.5772],[-55.71483,-22.57734],[-55.71493,-22.57735],[-55.71518,-22.57713],[-55.71519,-22.57703],[-55.71478,-22.57675],[-55.71477,-22.57641],[-55.71458,-22.57635],[-55.71452,-22.57626],[-55.71457,-22.57617],[-55.71454,-22.57607],[-55.71414,-22.57577],[-55.71408,-22.57579],[-55.71412,-22.57589],[-55.71434,-22.57607],[-55.71352,-22.57683],[-55.71345,-22.57697],[-55.71339,-22.57699],[-55.71332,-22.57691],[-55.71335,-22.57675],[-55.71324,-22.57657],[-55.71358,-22.5762],[-55.71391,-22.57628],[-55.71389,-22.57613],[-55.71335,-22.57597],[-55.71318,-22.57609],[-55.71323,-22.57618],[-55.71314,-22.57636],[-55.71303,-22.5764],[-55.7126,-22.57625],[-55.7124,-22.57637],[-55.71224,-22.57652],[-55.71228,-22.57673],[-55.71261,-22.577],[-55.71282,-22.57695],[-55.71291,-22.57712],[-55.7128,-22.57729],[-55.71257,-22.5773],[-55.71235,-22.57727],[-55.71217,-22.5771],[-55.71195,-22.57711],[-55.71156,-22.57733],[-55.71139,-22.57747],[-55.71113,-22.57784],[-55.71109,-22.57803],[-55.71118,-22.57846],[-55.71097,-22.57857],[-55.7108,-22.57842],[-55.71074,-22.57821],[-55.71051,-22.57811],[-55.71002,-22.57804],[-55.70985,-22.57818],[-55.70985,-22.57838],[-55.71,-22.57854],[-55.71019,-22.57846],[-55.71039,-22.57847],[-55.71099,-22.57909],[-55.71104,-22.5795],[-55.71118,-22.5797],[-55.71161,-22.57959],[-55.71203,-22.57961],[-55.7124,-22.57931],[-55.7128,-22.57955],[-55.71429,-22.57783]]]}},{"type":"Feature","properties":{"tipo":"Mata / vegetação","nome":"","pais":"PY"},"geometry":{"type":"Polygon","coordinates":[[[-55.71039,-22.58054],[-55.71062,-22.58018],[-55.71044,-22.58008],[-55.71032,-22.57991],[-55.71028,-22.57971],[-55.70967,-22.5795],[-55.70956,-22.57951],[-55.70936,-22.57962],[-55.7092,-22.5799],[-55.70927,-22.58032],[-55.70916,-22.58081],[-55.70921,-22.58103],[-55.70944,-22.58127],[-55.70979,-22.58128],[-55.71001,-22.58102],[-55.71023,-22.58102],[-55.71039,-22.58054]]]}},{"type":"Feature","properties":{"tipo":"Mata / vegetação","nome":"","pais":"PY"},"geometry":{"type":"Polygon","coordinates":[[[-55.71265,-22.58192],[-55.71229,-22.58149],[-55.7124,-22.58131],[-55.71247,-22.581],[-55.71237,-22.58082],[-55.71237,-22.5806],[-55.71171,-22.58054],[-55.71128,-22.58073],[-55.71131,-22.58103],[-55.71178,-22.58172],[-55.71198,-22.58183],[-55.71256,-22.58197],[-55.71265,-22.58192]]]}},{"type":"Feature","properties":{"tipo":"Mata / vegetação","nome":"","pais":"PY"},"geometry":{"type":"Polygon","coordinates":[[[-55.71151,-22.58311],[-55.7113,-22.58237],[-55.71088,-22.58202],[-55.71082,-22.58193],[-55.71093,-22.58182],[-55.71089,-22.58172],[-55.71073,-22.58163],[-55.71061,-22.5818],[-55.71034,-22.58196],[-55.71028,-22.58207],[-55.71032,-22.58217],[-55.71151,-22.58311]]]}},{"type":"Feature","properties":{"tipo":"Mata / vegetação","nome":"","pais":"PY"},"geometry":{"type":"Polygon","coordinates":[[[-55.71021,-22.58235],[-55.70994,-22.58262],[-55.7098,-22.58301],[-55.70947,-22.5831],[-55.7094,-22.58319],[-55.70949,-22.58336],[-55.70991,-22.58375],[-55.71031,-22.58396],[-55.7105,-22.58423],[-55.71092,-22.58442],[-55.71145,-22.58423],[-55.71163,-22.5841],[-55.71194,-22.58369],[-55.71178,-22.58343],[-55.71141,-22.58316],[-55.71108,-22.58303],[-55.71074,-22.58299],[-55.71047,-22.58277],[-55.71021,-22.58235]]]}},{"type":"Feature","properties":{"tipo":"Mata / vegetação","nome":"","pais":"PY"},"geometry":{"type":"Polygon","coordinates":[[[-55.71126,-22.58617],[-55.71231,-22.58512],[-55.7123,-22.58502],[-55.712,-22.58468],[-55.7115,-22.58434],[-55.71139,-22.58433],[-55.7107,-22.58506],[-55.7107,-22.58527],[-55.71086,-22.58541],[-55.71126,-22.58617]]]}},{"type":"Feature","properties":{"tipo":"Mata / vegetação","nome":"","pais":"PY"},"geometry":{"type":"Polygon","coordinates":[[[-55.71098,-22.58639],[-55.71032,-22.58587],[-55.71044,-22.5857],[-55.71043,-22.5856],[-55.71031,-22.58558],[-55.70977,-22.58601],[-55.70957,-22.58628],[-55.70958,-22.58638],[-55.70982,-22.58661],[-55.71022,-22.58679],[-55.71046,-22.58699],[-55.71065,-22.58692],[-55.71093,-22.58659],[-55.71098,-22.58639]]]}},{"type":"Feature","properties":{"tipo":"Mata / vegetação","nome":"","pais":"PY"},"geometry":{"type":"Polygon","coordinates":[[[-55.70746,-22.58506],[-55.70711,-22.58534],[-55.70694,-22.58529],[-55.70685,-22.5849],[-55.70665,-22.58511],[-55.70621,-22.58482],[-55.70569,-22.58533],[-55.70565,-22.58553],[-55.70568,-22.58585],[-55.70557,-22.58582],[-55.70553,-22.58572],[-55.70543,-22.58575],[-55.70533,-22.58581],[-55.70543,-22.58598],[-55.70533,-22.58604],[-55.70537,-22.58595],[-55.70528,-22.58589],[-55.70508,-22.58616],[-55.70508,-22.58626],[-55.70518,-22.58631],[-55.70533,-22.58617],[-55.7054,-22.58625],[-55.70539,-22.58635],[-55.70557,-22.58627],[-55.70567,-22.58629],[-55.70563,-22.58649],[-55.70538,-22.58673],[-55.70546,-22.5868],[-55.70568,-22.58672],[-55.70583,-22.58656],[-55.70591,-22.58663],[-55.70511,-22.58756],[-55.70609,-22.58826],[-55.70673,-22.58763],[-55.70668,-22.58761],[-55.70687,-22.58706],[-55.70683,-22.58647],[-55.7071,-22.58586],[-55.70715,-22.58563],[-55.70728,-22.58548],[-55.70726,-22.58533],[-55.7074,-22.58519],[-55.70762,-22.58518],[-55.7078,-22.58532],[-55.7081,-22.58583],[-55.70817,-22.58637],[-55.70823,-22.58649],[-55.70834,-22.5865],[-55.70835,-22.58668],[-55.70845,-22.58669],[-55.70844,-22.58649],[-55.70849,-22.58641],[-55.70857,-22.58648],[-55.70864,-22.58642],[-55.70842,-22.58626],[-55.70837,-22.58629],[-55.70841,-22.58638],[-55.7083,-22.5864],[-55.70835,-22.5862],[-55.70817,-22.58583],[-55.70812,-22.58557],[-55.7078,-22.58517],[-55.70794,-22.58502],[-55.70783,-22.58492],[-55.70782,-22.58482],[-55.70756,-22.58483],[-55.70746,-22.58506]]]}},{"type":"Feature","properties":{"tipo":"Mata / vegetação","nome":"","pais":"PY"},"geometry":{"type":"Polygon","coordinates":[[[-55.71799,-22.58796],[-55.71828,-22.58784],[-55.71841,-22.58766],[-55.71841,-22.58744],[-55.71824,-22.58696],[-55.7182,-22.58655],[-55.71767,-22.58626],[-55.71743,-22.58628],[-55.71717,-22.58649],[-55.7172,-22.58679],[-55.71697,-22.58703],[-55.71697,-22.58713],[-55.71708,-22.58733],[-55.71742,-22.58757],[-55.71751,-22.58776],[-55.71729,-22.58813],[-55.71729,-22.58833],[-55.71776,-22.589],[-55.71788,-22.58939],[-55.71807,-22.58946],[-55.71817,-22.58927],[-55.71835,-22.58915],[-55.71845,-22.58896],[-55.71845,-22.58875],[-55.71838,-22.58857],[-55.71803,-22.5883],[-55.71792,-22.5881],[-55.71799,-22.58796]]]}},{"type":"Feature","properties":{"tipo":"Mata / vegetação","nome":"","pais":"PY"},"geometry":{"type":"Polygon","coordinates":[[[-55.71613,-22.59121],[-55.71622,-22.59108],[-55.71638,-22.59109],[-55.71651,-22.591],[-55.71648,-22.59085],[-55.71661,-22.59076],[-55.71659,-22.59059],[-55.71671,-22.59051],[-55.7166,-22.59028],[-55.7165,-22.59024],[-55.71656,-22.59015],[-55.71649,-22.58995],[-55.71635,-22.59003],[-55.71619,-22.58997],[-55.71623,-22.58978],[-55.71583,-22.58997],[-55.7157,-22.59016],[-55.71549,-22.59032],[-55.71538,-22.59056],[-55.71539,-22.59066],[-55.71563,-22.59089],[-55.71565,-22.59104],[-55.71578,-22.59102],[-55.71598,-22.59111],[-55.71603,-22.5913],[-55.71596,-22.59144],[-55.71615,-22.59138],[-55.71613,-22.59121]]]}},{"type":"Feature","properties":{"tipo":"Mata / vegetação","nome":"","pais":"PY"},"geometry":{"type":"Polygon","coordinates":[[[-55.71427,-22.59202],[-55.71442,-22.59188],[-55.71432,-22.59148],[-55.71435,-22.59139],[-55.71423,-22.59127],[-55.71436,-22.59115],[-55.71422,-22.59099],[-55.71382,-22.59096],[-55.71354,-22.5912],[-55.7133,-22.59122],[-55.71332,-22.59136],[-55.71343,-22.59137],[-55.71354,-22.59149],[-55.71338,-22.5917],[-55.71369,-22.59183],[-55.71379,-22.59195],[-55.71388,-22.59185],[-55.71416,-22.59204],[-55.71427,-22.59202]]]}},{"type":"Feature","properties":{"tipo":"Mata / vegetação","nome":"","pais":"PY"},"geometry":{"type":"Polygon","coordinates":[[[-55.71394,-22.59252],[-55.71369,-22.59235],[-55.71358,-22.59236],[-55.71353,-22.59246],[-55.71341,-22.59235],[-55.71346,-22.59233],[-55.71342,-22.59223],[-55.71325,-22.59225],[-55.71332,-22.59238],[-55.71327,-22.59241],[-55.71319,-22.59234],[-55.71292,-22.59233],[-55.71289,-22.59215],[-55.71307,-22.59197],[-55.713,-22.59192],[-55.7128,-22.59208],[-55.71269,-22.59208],[-55.71263,-22.59222],[-55.71268,-22.59235],[-55.71283,-22.59233],[-55.7128,-22.59245],[-55.71293,-22.59255],[-55.71277,-22.59256],[-55.7127,-22.59246],[-55.71261,-22.59251],[-55.71255,-22.59247],[-55.7124,-22.59259],[-55.7122,-22.5926],[-55.71216,-22.59275],[-55.71232,-22.5928],[-55.71239,-22.59299],[-55.71254,-22.59286],[-55.71262,-22.59284],[-55.7127,-22.59291],[-55.71252,-22.5929],[-55.71255,-22.59303],[-55.7128,-22.59305],[-55.71285,-22.59297],[-55.71277,-22.59279],[-55.71263,-22.59283],[-55.71264,-22.59278],[-55.71299,-22.59268],[-55.71305,-22.59268],[-55.71306,-22.59276],[-55.71315,-22.59274],[-55.71316,-22.59265],[-55.71326,-22.59264],[-55.71327,-22.59253],[-55.71337,-22.59258],[-55.71334,-22.59266],[-55.71353,-22.59273],[-55.7135,-22.59288],[-55.7136,-22.59291],[-55.71377,-22.5928],[-55.71387,-22.59282],[-55.71391,-22.59275],[-55.71386,-22.59272],[-55.71397,-22.59269],[-55.71394,-22.59252]]]}},{"type":"Feature","properties":{"tipo":"Mata / vegetação","nome":"","pais":"PY"},"geometry":{"type":"Polygon","coordinates":[[[-55.71108,-22.6],[-55.71125,-22.6],[-55.71518,-22.59594],[-55.70032,-22.58378],[-55.69612,-22.58818],[-55.69618,-22.58827],[-55.69632,-22.5883],[-55.70042,-22.58402],[-55.71019,-22.5921],[-55.71491,-22.59588],[-55.71108,-22.6]]]}},{"type":"Feature","properties":{"tipo":"Mata / vegetação","nome":"","pais":"PY"},"geometry":{"type":"Polygon","coordinates":[[[-55.7355,-22.5969],[-55.73551,-22.5968],[-55.73562,-22.5968],[-55.73606,-22.59637],[-55.73598,-22.59618],[-55.73599,-22.59598],[-55.73593,-22.5959],[-55.73553,-22.59608],[-55.73554,-22.59618],[-55.73572,-22.59614],[-55.73583,-22.59616],[-55.73588,-22.59625],[-55.73582,-22.59644],[-55.73558,-22.59643],[-55.7354,-22.5963],[-55.7354,-22.59614],[-55.7352,-22.59601],[-55.73517,-22.59562],[-55.73508,-22.59555],[-55.73497,-22.59559],[-55.73489,-22.59566],[-55.73487,-22.59587],[-55.73457,-22.59598],[-55.7345,-22.59606],[-55.73482,-22.59613],[-55.73511,-22.59629],[-55.7348,-22.59641],[-55.73497,-22.59667],[-55.73527,-22.5968],[-55.7352,-22.59684],[-55.73528,-22.59715],[-55.7355,-22.5969]]]}},{"type":"Feature","properties":{"tipo":"Mata / vegetação","nome":"","pais":"PY"},"geometry":{"type":"Polygon","coordinates":[[[-55.73568,-22.59598],[-55.73558,-22.59566],[-55.73586,-22.59568],[-55.73568,-22.5955],[-55.7358,-22.59543],[-55.73579,-22.59523],[-55.73587,-22.59515],[-55.73568,-22.59489],[-55.73598,-22.59495],[-55.73581,-22.59478],[-55.73597,-22.59466],[-55.73599,-22.59485],[-55.73611,-22.59495],[-55.73621,-22.59494],[-55.73606,-22.59474],[-55.73626,-22.59462],[-55.73601,-22.59457],[-55.73621,-22.59441],[-55.73621,-22.59431],[-55.73612,-22.59424],[-55.73591,-22.59423],[-55.73582,-22.59442],[-55.73572,-22.59436],[-55.73577,-22.59416],[-55.73571,-22.59397],[-55.7359,-22.59386],[-55.73579,-22.59383],[-55.73546,-22.59388],[-55.7356,-22.59374],[-55.7359,-22.5937],[-55.73626,-22.59394],[-55.73629,-22.59421],[-55.73641,-22.59428],[-55.7365,-22.59427],[-55.73647,-22.59415],[-55.73654,-22.59407],[-55.73643,-22.59389],[-55.73594,-22.59359],[-55.73569,-22.59334],[-55.73558,-22.59334],[-55.73527,-22.59348],[-55.73506,-22.59385],[-55.73489,-22.59396],[-55.73488,-22.59406],[-55.73507,-22.59431],[-55.73536,-22.59425],[-55.73544,-22.59431],[-55.73544,-22.59441],[-55.73536,-22.59449],[-55.73526,-22.59444],[-55.7352,-22.59453],[-55.73523,-22.59463],[-55.73542,-22.59471],[-55.73535,-22.59502],[-55.73506,-22.59526],[-55.73525,-22.59533],[-55.73553,-22.59592],[-55.73568,-22.59598]]]}},{"type":"Feature","properties":{"tipo":"Mata / vegetação","nome":"","pais":"PY"},"geometry":{"type":"Polygon","coordinates":[[[-55.73851,-22.59659],[-55.73873,-22.59666],[-55.7388,-22.59657],[-55.73859,-22.59652],[-55.73862,-22.59638],[-55.73898,-22.59621],[-55.73914,-22.59623],[-55.73913,-22.59613],[-55.73891,-22.59604],[-55.7384,-22.59555],[-55.7383,-22.59552],[-55.73816,-22.59561],[-55.73836,-22.59566],[-55.73832,-22.59575],[-55.73848,-22.59581],[-55.73848,-22.59591],[-55.73828,-22.59608],[-55.73829,-22.59585],[-55.73818,-22.596],[-55.73809,-22.59601],[-55.73798,-22.59586],[-55.73787,-22.59588],[-55.73757,-22.59627],[-55.73756,-22.59638],[-55.73741,-22.59643],[-55.73718,-22.59667],[-55.73728,-22.5968],[-55.7373,-22.59665],[-55.73743,-22.59656],[-55.73768,-22.59666],[-55.73775,-22.59682],[-55.73763,-22.5969],[-55.73772,-22.59701],[-55.738,-22.59688],[-55.73796,-22.59681],[-55.73801,-22.59677],[-55.73814,-22.59676],[-55.73818,-22.59659],[-55.73839,-22.59673],[-55.73849,-22.59669],[-55.73851,-22.59659]]]}},{"type":"Feature","properties":{"tipo":"Mata / vegetação","nome":"","pais":"PY"},"geometry":{"type":"Polygon","coordinates":[[[-55.72225,-22.5954],[-55.72259,-22.59511],[-55.72262,-22.59496],[-55.72274,-22.59486],[-55.72275,-22.59471],[-55.72287,-22.59462],[-55.72283,-22.59457],[-55.72264,-22.5947],[-55.7226,-22.59466],[-55.72266,-22.59458],[-55.72256,-22.59461],[-55.72252,-22.59452],[-55.72232,-22.59456],[-55.72244,-22.59429],[-55.72242,-22.59414],[-55.72236,-22.59413],[-55.72226,-22.59418],[-55.72227,-22.59437],[-55.72216,-22.59449],[-55.72233,-22.5947],[-55.72217,-22.59491],[-55.72207,-22.59491],[-55.72213,-22.59476],[-55.72207,-22.59475],[-55.72211,-22.59455],[-55.72206,-22.59446],[-55.72182,-22.59459],[-55.72192,-22.59481],[-55.72182,-22.59504],[-55.72206,-22.59524],[-55.72197,-22.59542],[-55.72199,-22.59557],[-55.72208,-22.59562],[-55.72218,-22.59554],[-55.72226,-22.59565],[-55.72225,-22.5954]]]}},{"type":"Feature","properties":{"tipo":"Mata / vegetação","nome":"","pais":"PY"},"geometry":{"type":"Polygon","coordinates":[[[-55.72009,-22.6],[-55.71929,-22.59929],[-55.71907,-22.59929],[-55.71894,-22.6],[-55.72009,-22.6]]]}},{"type":"Feature","properties":{"tipo":"Mata / vegetação","nome":"","pais":"PY"},"geometry":{"type":"MultiPolygon","coordinates":[[[[-55.72135,-22.59907],[-55.72138,-22.59887],[-55.72131,-22.59847],[-55.72117,-22.59831],[-55.72106,-22.59833],[-55.72022,-22.59909],[-55.71996,-22.59944],[-55.71994,-22.59964],[-55.72015,-22.59961],[-55.72039,-22.59926],[-55.72055,-22.59912],[-55.7207,-22.59943],[-55.7212,-22.5997],[-55.7211,-22.6],[-55.72156,-22.6],[-55.72135,-22.59907]]],[[[-55.72465,-22.6],[-55.72473,-22.59985],[-55.72483,-22.59983],[-55.72479,-22.59973],[-55.72484,-22.59963],[-55.72504,-22.59965],[-55.72495,-22.59951],[-55.72505,-22.59945],[-55.72504,-22.59938],[-55.72475,-22.59928],[-55.72475,-22.59915],[-55.72484,-22.59914],[-55.72483,-22.59893],[-55.72463,-22.5988],[-55.72437,-22.59838],[-55.7241,-22.59824],[-55.72404,-22.59808],[-55.72393,-22.59806],[-55.72386,-22.59824],[-55.72369,-22.59836],[-55.72374,-22.59849],[-55.7239,-22.59841],[-55.72399,-22.59846],[-55.72386,-22.59917],[-55.72394,-22.59951],[-55.72389,-22.59981],[-55.72396,-22.59987],[-55.72388,-22.6],[-55.72465,-22.6]]],[[[-55.72358,-22.59989],[-55.72312,-22.59956],[-55.723,-22.59961],[-55.72311,-22.59989],[-55.72307,-22.6],[-55.72363,-22.6],[-55.72358,-22.59989]]]]}},{"type":"Feature","properties":{"tipo":"Mata / vegetação","nome":"","pais":"PY"},"geometry":{"type":"Polygon","coordinates":[[[-55.73927,-22.59816],[-55.7395,-22.59806],[-55.73971,-22.5978],[-55.74014,-22.59748],[-55.74021,-22.59727],[-55.74031,-22.59718],[-55.74027,-22.59706],[-55.74021,-22.59706],[-55.74006,-22.59718],[-55.73983,-22.59718],[-55.73984,-22.59712],[-55.73999,-22.59711],[-55.7401,-22.59696],[-55.74,-22.59686],[-55.73987,-22.59686],[-55.73978,-22.5967],[-55.7397,-22.59674],[-55.73983,-22.59696],[-55.73954,-22.59695],[-55.7394,-22.59719],[-55.73942,-22.59724],[-55.73966,-22.59721],[-55.73966,-22.5973],[-55.73955,-22.59732],[-55.73948,-22.5974],[-55.73933,-22.59728],[-55.73911,-22.59729],[-55.73918,-22.59743],[-55.73968,-22.59751],[-55.73952,-22.59778],[-55.73937,-22.59777],[-55.73931,-22.59792],[-55.73936,-22.59801],[-55.73915,-22.59805],[-55.73913,-22.59813],[-55.73925,-22.59827],[-55.73927,-22.59816]]]}},{"type":"Feature","properties":{"tipo":"Mata / vegetação","nome":"","pais":"PY"},"geometry":{"type":"Polygon","coordinates":[[[-55.74188,-22.59994],[-55.742,-22.6],[-55.74232,-22.6],[-55.74231,-22.5997],[-55.74252,-22.59993],[-55.74262,-22.59994],[-55.74263,-22.59984],[-55.74248,-22.59955],[-55.74241,-22.59947],[-55.74219,-22.59947],[-55.74223,-22.59938],[-55.74196,-22.59921],[-55.74218,-22.59886],[-55.74218,-22.59866],[-55.74206,-22.59869],[-55.74188,-22.59896],[-55.74163,-22.59918],[-55.74164,-22.59937],[-55.74136,-22.59982],[-55.74141,-22.6],[-55.74188,-22.59994]]]}},{"type":"Feature","properties":{"tipo":"Mata / vegetação","nome":"","pais":"PY"},"geometry":{"type":"Polygon","coordinates":[[[-55.74135,-22.59952],[-55.74191,-22.59875],[-55.74182,-22.59856],[-55.74106,-22.59805],[-55.74087,-22.59818],[-55.74014,-22.59902],[-55.74014,-22.59913],[-55.74024,-22.59917],[-55.74027,-22.59928],[-55.73994,-22.59933],[-55.73906,-22.6],[-55.7408,-22.6],[-55.74135,-22.59952]]]}},{"type":"Feature","properties":{"tipo":"Mata / vegetação","nome":"","pais":"PY"},"geometry":{"type":"Polygon","coordinates":[[[-55.72698,-22.5974],[-55.72719,-22.59757],[-55.72735,-22.59754],[-55.72753,-22.59766],[-55.72763,-22.59756],[-55.72784,-22.59763],[-55.72789,-22.59755],[-55.72775,-22.59742],[-55.7278,-22.5974],[-55.72791,-22.59752],[-55.72809,-22.59742],[-55.72821,-22.59704],[-55.72804,-22.59704],[-55.7278,-22.59725],[-55.72755,-22.59721],[-55.72731,-22.5973],[-55.72711,-22.59722],[-55.72731,-22.59692],[-55.72722,-22.5969],[-55.72655,-22.5975],[-55.72609,-22.59723],[-55.72607,-22.59786],[-55.72601,-22.598],[-55.72615,-22.59809],[-55.72648,-22.59781],[-55.72653,-22.59761],[-55.72663,-22.59766],[-55.72698,-22.5974]]]}},{"type":"Feature","properties":{"tipo":"Mata / vegetação","nome":"","pais":"PY"},"geometry":{"type":"Polygon","coordinates":[[[-55.72985,-22.59911],[-55.73055,-22.59883],[-55.72967,-22.59812],[-55.72947,-22.5981],[-55.72933,-22.59828],[-55.72985,-22.59911]]]}},{"type":"Feature","properties":{"tipo":"Mata / vegetação","nome":"","pais":"PY"},"geometry":{"type":"Polygon","coordinates":[[[-55.72972,-22.59999],[-55.72976,-22.59935],[-55.72972,-22.59915],[-55.72954,-22.59901],[-55.72933,-22.59905],[-55.72914,-22.59916],[-55.72867,-22.6],[-55.72972,-22.59999]]]}},{"type":"Feature","properties":{"tipo":"Mata / vegetação","nome":"","pais":"PY"},"geometry":{"type":"Polygon","coordinates":[[[-55.72101,-22.59459],[-55.72114,-22.59456],[-55.72128,-22.59415],[-55.72137,-22.59412],[-55.72151,-22.59427],[-55.72152,-22.59459],[-55.72166,-22.59474],[-55.72173,-22.59424],[-55.72203,-22.59429],[-55.72213,-22.59378],[-55.72209,-22.59367],[-55.72188,-22.5938],[-55.72178,-22.59375],[-55.72179,-22.59356],[-55.7217,-22.5935],[-55.72169,-22.5934],[-55.72179,-22.59324],[-55.72178,-22.59314],[-55.72146,-22.59287],[-55.72151,-22.59278],[-55.72174,-22.59281],[-55.72181,-22.59274],[-55.72221,-22.59285],[-55.72255,-22.59277],[-55.72265,-22.5926],[-55.72196,-22.59182],[-55.72182,-22.5918],[-55.72175,-22.59235],[-55.72168,-22.59252],[-55.72154,-22.59252],[-55.72148,-22.59214],[-55.72121,-22.59208],[-55.72112,-22.59196],[-55.72114,-22.59147],[-55.72106,-22.5914],[-55.72073,-22.59147],[-55.72022,-22.59124],[-55.72004,-22.5911],[-55.71982,-22.59113],[-55.71956,-22.59159],[-55.7197,-22.59185],[-55.71965,-22.59194],[-55.71953,-22.59197],[-55.71972,-22.59205],[-55.71989,-22.59192],[-55.71999,-22.59195],[-55.72008,-22.5919],[-55.72016,-22.59172],[-55.72037,-22.59177],[-55.72045,-22.59195],[-55.72029,-22.5923],[-55.72033,-22.5925],[-55.72082,-22.59288],[-55.72113,-22.59343],[-55.72103,-22.59361],[-55.72081,-22.59353],[-55.72065,-22.59336],[-55.72042,-22.59333],[-55.72022,-22.59391],[-55.72023,-22.59453],[-55.72054,-22.59491],[-55.7208,-22.59503],[-55.7209,-22.59499],[-55.72096,-22.59471],[-55.72101,-22.59459]]]}},{"type":"Feature","properties":{"tipo":"Mata / vegetação","nome":"","pais":"PY"},"geometry":{"type":"Polygon","coordinates":[[[-55.71003,-22.57651],[-55.71013,-22.57649],[-55.71012,-22.57639],[-55.70972,-22.57606],[-55.70974,-22.57595],[-55.70965,-22.57576],[-55.70971,-22.5751],[-55.70957,-22.57501],[-55.70956,-22.57476],[-55.70946,-22.57457],[-55.7094,-22.57458],[-55.7093,-22.57491],[-55.7094,-22.57501],[-55.70918,-22.57519],[-55.7092,-22.57531],[-55.70926,-22.57522],[-55.70937,-22.57525],[-55.70926,-22.57586],[-55.70942,-22.57598],[-55.70943,-22.57629],[-55.70951,-22.57637],[-55.70972,-22.57635],[-55.71003,-22.57651]]]}},{"type":"Feature","properties":{"tipo":"Mata / vegetação","nome":"","pais":"PY"},"geometry":{"type":"Polygon","coordinates":[[[-55.70853,-22.57736],[-55.70863,-22.57719],[-55.7087,-22.5768],[-55.70847,-22.57687],[-55.70804,-22.57673],[-55.70782,-22.57637],[-55.70736,-22.5765],[-55.70727,-22.57669],[-55.70684,-22.57687],[-55.70677,-22.57706],[-55.70687,-22.57723],[-55.7073,-22.57725],[-55.70771,-22.57742],[-55.70853,-22.57736]]]}},{"type":"Feature","properties":{"tipo":"Mata / vegetação","nome":"","pais":"PY"},"geometry":{"type":"Polygon","coordinates":[[[-55.71434,-22.58463],[-55.71401,-22.58385],[-55.71384,-22.58361],[-55.71366,-22.58359],[-55.71357,-22.58351],[-55.71343,-22.58322],[-55.71317,-22.58299],[-55.71302,-22.58271],[-55.71268,-22.58242],[-55.71236,-22.58233],[-55.7122,-22.58218],[-55.71209,-22.58221],[-55.71216,-22.58252],[-55.7125,-22.58267],[-55.71258,-22.58296],[-55.71267,-22.58303],[-55.71282,-22.5829],[-55.71293,-22.58292],[-55.71294,-22.58313],[-55.71301,-22.58321],[-55.71313,-22.58321],[-55.71306,-22.58339],[-55.71311,-22.58359],[-55.71333,-22.58359],[-55.7135,-22.58373],[-55.71336,-22.58394],[-55.71339,-22.584],[-55.71363,-22.58397],[-55.71387,-22.58416],[-55.71399,-22.58443],[-55.71427,-22.58469],[-55.71434,-22.58463]]]}},{"type":"Feature","properties":{"tipo":"Mata / vegetação","nome":"","pais":"PY"},"geometry":{"type":"Polygon","coordinates":[[[-55.73454,-22.58914],[-55.73438,-22.58942],[-55.73438,-22.58953],[-55.73459,-22.58958],[-55.73442,-22.58984],[-55.73443,-22.58994],[-55.73457,-22.5901],[-55.73436,-22.59055],[-55.73445,-22.5906],[-55.7346,-22.59045],[-55.7346,-22.59024],[-55.7348,-22.59015],[-55.73484,-22.59006],[-55.73514,-22.59016],[-55.73523,-22.59009],[-55.73504,-22.58962],[-55.73488,-22.58947],[-55.7349,-22.58937],[-55.7351,-22.58945],[-55.73515,-22.58937],[-55.73505,-22.58918],[-55.73477,-22.58902],[-55.73454,-22.58914]]]}},{"type":"Feature","properties":{"tipo":"Mata / vegetação","nome":"","pais":"PY"},"geometry":{"type":"Polygon","coordinates":[[[-55.77524,-22.6],[-55.77505,-22.59944],[-55.77524,-22.59907],[-55.77525,-22.59888],[-55.77508,-22.59874],[-55.77492,-22.59835],[-55.77472,-22.59826],[-55.77453,-22.59835],[-55.77387,-22.59831],[-55.77351,-22.59805],[-55.77265,-22.59829],[-55.77233,-22.59858],[-55.77219,-22.59897],[-55.77204,-22.59913],[-55.77202,-22.59935],[-55.77217,-22.6],[-55.77288,-22.6],[-55.77293,-22.59993],[-55.77375,-22.59975],[-55.77428,-22.6],[-55.77524,-22.6]]]}},{"type":"Feature","properties":{"tipo":"Mata / vegetação","nome":"","pais":"PY"},"geometry":{"type":"MultiPolygon","coordinates":[[[[-55.78179,-22.59983],[-55.78134,-22.59981],[-55.78076,-22.6],[-55.78201,-22.6],[-55.78179,-22.59983]]],[[[-55.77935,-22.59981],[-55.77978,-22.59975],[-55.78003,-22.59898],[-55.78087,-22.59913],[-55.78126,-22.599],[-55.78154,-22.59931],[-55.78188,-22.59957],[-55.78173,-22.59919],[-55.78171,-22.59882],[-55.7813,-22.59808],[-55.78089,-22.59793],[-55.78046,-22.59791],[-55.78001,-22.59775],[-55.77958,-22.59771],[-55.77937,-22.59806],[-55.7786,-22.59848],[-55.77815,-22.59846],[-55.7777,-22.59858],[-55.77782,-22.59939],[-55.77801,-22.6],[-55.77942,-22.6],[-55.77935,-22.59981]]],[[[-55.7839,-22.59975],[-55.78347,-22.59967],[-55.78338,-22.6],[-55.78401,-22.6],[-55.7839,-22.59975]]]]}},{"type":"Feature","properties":{"tipo":"Mata / vegetação","nome":"","pais":"PY"},"geometry":{"type":"Polygon","coordinates":[[[-55.75013,-22.48353],[-55.74953,-22.48323],[-55.74905,-22.48323],[-55.74862,-22.48337],[-55.74834,-22.48353],[-55.74828,-22.48364],[-55.74815,-22.48405],[-55.74811,-22.48456],[-55.7482,-22.4846],[-55.7484,-22.48424],[-55.74885,-22.48395],[-55.74926,-22.48343],[-55.74961,-22.48342],[-55.75007,-22.48369],[-55.75026,-22.48394],[-55.75034,-22.48386],[-55.75031,-22.48376],[-55.75013,-22.48353]]]}},{"type":"Feature","properties":{"tipo":"Mata / vegetação","nome":"","pais":"PY"},"geometry":{"type":"Polygon","coordinates":[[[-55.77368,-22.48694],[-55.77518,-22.48774],[-55.77596,-22.48801],[-55.77549,-22.4896],[-55.77613,-22.49016],[-55.77677,-22.4896],[-55.77759,-22.48722],[-55.77819,-22.48663],[-55.7778,-22.48587],[-55.7769,-22.48564],[-55.77694,-22.48488],[-55.7772,-22.48413],[-55.7769,-22.48338],[-55.77617,-22.48274],[-55.77523,-22.48282],[-55.77484,-22.48357],[-55.77549,-22.48413],[-55.7754,-22.48492],[-55.77446,-22.48468],[-55.77261,-22.48492],[-55.77171,-22.48476],[-55.77101,-22.48527],[-55.77021,-22.4877],[-55.77006,-22.48893],[-55.77034,-22.48922],[-55.77072,-22.48907],[-55.77139,-22.48849],[-55.77209,-22.4875],[-55.77291,-22.48716],[-55.77368,-22.48694]]]}},{"type":"Feature","properties":{"tipo":"Mata / vegetação","nome":"","pais":"BR"},"geometry":{"type":"Polygon","coordinates":[[[-55.74246,-22.49763],[-55.74245,-22.49701],[-55.74233,-22.4966],[-55.74231,-22.49629],[-55.7421,-22.49622],[-55.74198,-22.49626],[-55.74189,-22.49644],[-55.74204,-22.49704],[-55.742,-22.49755],[-55.74226,-22.49753],[-55.74233,-22.49778],[-55.74239,-22.49778],[-55.74246,-22.49763]]]}},{"type":"Feature","properties":{"tipo":"Mata / vegetação","nome":"","pais":"BR"},"geometry":{"type":"Polygon","coordinates":[[[-55.74641,-22.49252],[-55.74655,-22.49333],[-55.74664,-22.49339],[-55.74705,-22.49335],[-55.74709,-22.49326],[-55.74697,-22.49242],[-55.74548,-22.4924],[-55.74549,-22.49277],[-55.74554,-22.49297],[-55.7456,-22.49299],[-55.746,-22.49289],[-55.74602,-22.49269],[-55.74613,-22.49264],[-55.74619,-22.49249],[-55.74641,-22.49252]]]}},{"type":"Feature","properties":{"tipo":"Mata / vegetação","nome":"","pais":"BR"},"geometry":{"type":"Polygon","coordinates":[[[-55.74696,-22.49589],[-55.74708,-22.49563],[-55.74651,-22.49551],[-55.74656,-22.4954],[-55.74677,-22.49542],[-55.7468,-22.49522],[-55.74672,-22.49516],[-55.74661,-22.49518],[-55.74659,-22.495],[-55.74666,-22.49482],[-55.74633,-22.49463],[-55.74631,-22.49472],[-55.7465,-22.49491],[-55.74649,-22.49522],[-55.74643,-22.4953],[-55.74621,-22.4953],[-55.74621,-22.49499],[-55.7461,-22.495],[-55.74598,-22.49541],[-55.74601,-22.49562],[-55.74613,-22.49573],[-55.7464,-22.49568],[-55.74696,-22.49589]]]}},{"type":"Feature","properties":{"tipo":"Mata / vegetação","nome":"","pais":"PY"},"geometry":{"type":"Polygon","coordinates":[[[-55.75202,-22.49629],[-55.75204,-22.4954],[-55.7486,-22.49514],[-55.74825,-22.4952],[-55.74834,-22.49538],[-55.74934,-22.49558],[-55.74932,-22.49528],[-55.74996,-22.49533],[-55.74995,-22.4957],[-55.75003,-22.4957],[-55.75004,-22.49532],[-55.75102,-22.49538],[-55.75102,-22.49589],[-55.75181,-22.4959],[-55.75181,-22.49582],[-55.75109,-22.49579],[-55.75111,-22.49541],[-55.75195,-22.49546],[-55.75195,-22.49623],[-55.75104,-22.49618],[-55.75102,-22.49625],[-55.75202,-22.49629]]]}},{"type":"Feature","properties":{"tipo":"Mata / vegetação","nome":"","pais":"PY"},"geometry":{"type":"Polygon","coordinates":[[[-55.75942,-22.49691],[-55.7603,-22.497],[-55.76033,-22.49694],[-55.76225,-22.49715],[-55.76225,-22.49759],[-55.76267,-22.49768],[-55.76266,-22.49699],[-55.75942,-22.49679],[-55.75942,-22.49691]]]}},{"type":"Feature","properties":{"tipo":"Mata / vegetação","nome":"","pais":"PY"},"geometry":{"type":"Polygon","coordinates":[[[-55.75822,-22.49688],[-55.75904,-22.49694],[-55.75904,-22.49675],[-55.75774,-22.49665],[-55.75778,-22.49746],[-55.75829,-22.49751],[-55.75822,-22.49688]]]}},{"type":"Feature","properties":{"tipo":"Mata / vegetação","nome":"","pais":"PY"},"geometry":{"type":"Polygon","coordinates":[[[-55.75786,-22.49878],[-55.76284,-22.49909],[-55.76278,-22.498],[-55.76263,-22.49797],[-55.76267,-22.49896],[-55.75809,-22.49867],[-55.75797,-22.4976],[-55.75778,-22.49759],[-55.75786,-22.49878]]]}},{"type":"Feature","properties":{"tipo":"Mata / vegetação","nome":"","pais":"PY"},"geometry":{"type":"Polygon","coordinates":[[[-55.77604,-22.49622],[-55.77623,-22.49613],[-55.77642,-22.49622],[-55.77664,-22.4962],[-55.77677,-22.49603],[-55.77677,-22.49593],[-55.7767,-22.49584],[-55.77631,-22.49564],[-55.77613,-22.49577],[-55.77591,-22.4957],[-55.77583,-22.49577],[-55.7756,-22.49569],[-55.7755,-22.49575],[-55.77555,-22.49584],[-55.77535,-22.49594],[-55.77537,-22.49604],[-55.77555,-22.49603],[-55.7755,-22.49613],[-55.7754,-22.4962],[-55.77493,-22.49621],[-55.77473,-22.4961],[-55.77469,-22.4959],[-55.7745,-22.4958],[-55.7744,-22.49562],[-55.77429,-22.4956],[-55.77424,-22.49569],[-55.77404,-22.49544],[-55.77352,-22.49549],[-55.77329,-22.49533],[-55.77294,-22.49529],[-55.77273,-22.4952],[-55.77242,-22.4952],[-55.77233,-22.49526],[-55.77242,-22.49581],[-55.77299,-22.49594],[-55.773,-22.49603],[-55.77289,-22.49606],[-55.77291,-22.49611],[-55.77306,-22.49607],[-55.77321,-22.49614],[-55.7733,-22.49609],[-55.77341,-22.49617],[-55.77338,-22.49608],[-55.77352,-22.49604],[-55.774,-22.49631],[-55.7741,-22.49629],[-55.77404,-22.49609],[-55.77413,-22.49614],[-55.77422,-22.49634],[-55.77432,-22.49638],[-55.77536,-22.49654],[-55.77591,-22.49645],[-55.77599,-22.49627],[-55.77585,-22.49609],[-55.77604,-22.49622]]]}},{"type":"Feature","properties":{"tipo":"Mata / vegetação","nome":"","pais":"PY"},"geometry":{"type":"Polygon","coordinates":[[[-55.77487,-22.49891],[-55.77501,-22.49865],[-55.775,-22.49823],[-55.77473,-22.49792],[-55.77428,-22.49787],[-55.77424,-22.49797],[-55.77458,-22.49835],[-55.77451,-22.49887],[-55.77457,-22.49895],[-55.77487,-22.49891]]]}},{"type":"Feature","properties":{"tipo":"Mata / vegetação","nome":"","pais":"PY"},"geometry":{"type":"Polygon","coordinates":[[[-55.77347,-22.49882],[-55.77353,-22.49922],[-55.77373,-22.49934],[-55.77414,-22.49929],[-55.77435,-22.49918],[-55.77441,-22.49853],[-55.77428,-22.49833],[-55.77384,-22.4982],[-55.77367,-22.49836],[-55.77347,-22.49882]]]}},{"type":"Feature","properties":{"tipo":"Mata / vegetação","nome":"","pais":"PY"},"geometry":{"type":"Polygon","coordinates":[[[-55.76929,-22.49984],[-55.76922,-22.49962],[-55.76912,-22.49958],[-55.76852,-22.49955],[-55.76843,-22.49963],[-55.76873,-22.49977],[-55.76852,-22.50014],[-55.76853,-22.50024],[-55.76873,-22.50047],[-55.76878,-22.50067],[-55.76897,-22.50071],[-55.76905,-22.50053],[-55.76927,-22.50052],[-55.76933,-22.50044],[-55.76929,-22.49984]]]}},{"type":"Feature","properties":{"tipo":"Mata / vegetação","nome":"","pais":"PY"},"geometry":{"type":"Polygon","coordinates":[[[-55.77331,-22.48414],[-55.77341,-22.48395],[-55.77341,-22.48374],[-55.77288,-22.48355],[-55.77292,-22.48335],[-55.77285,-22.48326],[-55.77274,-22.48329],[-55.77268,-22.48339],[-55.77235,-22.48344],[-55.77236,-22.48365],[-55.77248,-22.48363],[-55.77251,-22.48373],[-55.77236,-22.48388],[-55.7724,-22.48397],[-55.77273,-22.48396],[-55.7728,-22.48415],[-55.77291,-22.48416],[-55.77301,-22.48415],[-55.77316,-22.48397],[-55.77331,-22.48414]]]}},{"type":"Feature","properties":{"tipo":"Esporte","nome":"Ginásio Poliesportivo","pais":"BR"},"geometry":{"type":"Polygon","coordinates":[[[-55.73611,-22.49918],[-55.73583,-22.49918],[-55.73584,-22.49953],[-55.73612,-22.49952],[-55.73611,-22.49918]]]}},{"type":"Feature","properties":{"tipo":"Mata / vegetação","nome":"","pais":"BR"},"geometry":{"type":"Polygon","coordinates":[[[-55.67239,-22.54962],[-55.67383,-22.54942],[-55.67398,-22.54928],[-55.67397,-22.54892],[-55.67348,-22.54833],[-55.67315,-22.54816],[-55.67293,-22.54759],[-55.67267,-22.54735],[-55.67282,-22.54714],[-55.67257,-22.54659],[-55.67255,-22.54627],[-55.67277,-22.5455],[-55.67322,-22.5444],[-55.67317,-22.54357],[-55.6733,-22.54328],[-55.67337,-22.54263],[-55.67366,-22.54183],[-55.67393,-22.54148],[-55.67397,-22.54113],[-55.6742,-22.54079],[-55.67448,-22.54016],[-55.67473,-22.53902],[-55.67401,-22.53899],[-55.6742,-22.53943],[-55.67405,-22.54045],[-55.67386,-22.54065],[-55.67345,-22.54079],[-55.67359,-22.54116],[-55.67302,-22.54266],[-55.67224,-22.54431],[-55.6721,-22.54516],[-55.6719,-22.54582],[-55.67172,-22.54608],[-55.67116,-22.54644],[-55.67102,-22.54665],[-55.67103,-22.54717],[-55.67121,-22.54807],[-55.67125,-22.5487],[-55.6714,-22.54888],[-55.67157,-22.54882],[-55.67175,-22.5489],[-55.67183,-22.54924],[-55.67228,-22.54939],[-55.67239,-22.54962]]]}},{"type":"Feature","properties":{"tipo":"Mata / vegetação","nome":"","pais":"BR"},"geometry":{"type":"Polygon","coordinates":[[[-55.67191,-22.54944],[-55.6706,-22.54925],[-55.6699,-22.54951],[-55.66997,-22.54995],[-55.67028,-22.55012],[-55.67096,-22.55021],[-55.67168,-22.55023],[-55.67196,-22.55016],[-55.67212,-22.54979],[-55.67211,-22.54955],[-55.67191,-22.54944]]]}},{"type":"Feature","properties":{"tipo":"Mata / vegetação","nome":"","pais":"BR"},"geometry":{"type":"Polygon","coordinates":[[[-55.67354,-22.55131],[-55.67284,-22.55112],[-55.67179,-22.55108],[-55.67145,-22.55119],[-55.67104,-22.55141],[-55.67088,-22.55138],[-55.6707,-22.5512],[-55.67041,-22.55075],[-55.6702,-22.55071],[-55.67032,-22.55124],[-55.67045,-22.55139],[-55.67096,-22.55192],[-55.67139,-22.55202],[-55.67204,-22.55209],[-55.67297,-22.55195],[-55.67326,-22.55182],[-55.67357,-22.55148],[-55.67354,-22.55131]]]}},{"type":"Feature","properties":{"tipo":"Mata / vegetação","nome":"","pais":"BR"},"geometry":{"type":"Polygon","coordinates":[[[-55.67744,-22.54046],[-55.67709,-22.54041],[-55.67694,-22.5405],[-55.67666,-22.54085],[-55.67672,-22.54106],[-55.67699,-22.54132],[-55.67743,-22.54143],[-55.67776,-22.54138],[-55.67807,-22.54113],[-55.67805,-22.54082],[-55.67744,-22.54046]]]}},{"type":"Feature","properties":{"tipo":"Mata / vegetação","nome":"","pais":"BR"},"geometry":{"type":"Polygon","coordinates":[[[-55.6923,-22.55029],[-55.69217,-22.54998],[-55.69174,-22.54968],[-55.69148,-22.54961],[-55.69146,-22.54955],[-55.69163,-22.54946],[-55.69136,-22.54916],[-55.69128,-22.54917],[-55.69129,-22.54928],[-55.69092,-22.54962],[-55.69106,-22.54972],[-55.69116,-22.54993],[-55.69111,-22.55021],[-55.6915,-22.55023],[-55.69187,-22.55006],[-55.69205,-22.55008],[-55.69222,-22.55036],[-55.6923,-22.55029]]]}},{"type":"Feature","properties":{"tipo":"Mata / vegetação","nome":"","pais":"BR"},"geometry":{"type":"Polygon","coordinates":[[[-55.68939,-22.54729],[-55.6879,-22.54644],[-55.68795,-22.54631],[-55.6879,-22.54621],[-55.68758,-22.54596],[-55.68691,-22.54565],[-55.68657,-22.54558],[-55.68658,-22.54535],[-55.68651,-22.54525],[-55.68642,-22.54524],[-55.68634,-22.54503],[-55.68571,-22.54464],[-55.68566,-22.54467],[-55.68572,-22.54479],[-55.68611,-22.54507],[-55.68592,-22.54513],[-55.68597,-22.54524],[-55.68607,-22.54531],[-55.68623,-22.54532],[-55.68739,-22.54635],[-55.68798,-22.54674],[-55.68809,-22.54699],[-55.68878,-22.5475],[-55.68904,-22.54779],[-55.6891,-22.54771],[-55.68937,-22.54776],[-55.68949,-22.54765],[-55.68931,-22.54747],[-55.68939,-22.54729]]]}},{"type":"Feature","properties":{"tipo":"Mata / vegetação","nome":"","pais":"BR"},"geometry":{"type":"Polygon","coordinates":[[[-55.69735,-22.55446],[-55.69556,-22.55295],[-55.69286,-22.55143],[-55.69275,-22.55147],[-55.69285,-22.5518],[-55.69273,-22.55197],[-55.69285,-22.55206],[-55.6932,-22.55225],[-55.69392,-22.55242],[-55.69494,-22.55305],[-55.69536,-22.55318],[-55.69588,-22.55351],[-55.69548,-22.55364],[-55.69555,-22.55386],[-55.69584,-22.55384],[-55.69626,-22.55398],[-55.69702,-22.55463],[-55.69767,-22.55465],[-55.69735,-22.55446]]]}},{"type":"Feature","properties":{"tipo":"Mata / vegetação","nome":"","pais":"BR"},"geometry":{"type":"Polygon","coordinates":[[[-55.66219,-22.59271],[-55.66126,-22.59418],[-55.66071,-22.59484],[-55.6602,-22.59567],[-55.66,-22.59587],[-55.66,-22.59731],[-55.6604,-22.59725],[-55.66088,-22.59727],[-55.66148,-22.59695],[-55.66167,-22.59677],[-55.66186,-22.59637],[-55.66204,-22.59619],[-55.66219,-22.59555],[-55.66253,-22.59488],[-55.66294,-22.59379],[-55.66276,-22.59287],[-55.66262,-22.59253],[-55.66253,-22.59248],[-55.66219,-22.59271]]]}},{"type":"Feature","properties":{"tipo":"Mata / vegetação","nome":"","pais":"PY"},"geometry":{"type":"Polygon","coordinates":[[[-55.76766,-22.56777],[-55.76758,-22.56767],[-55.76764,-22.56745],[-55.76749,-22.56752],[-55.76734,-22.56748],[-55.76707,-22.5678],[-55.76689,-22.56792],[-55.76697,-22.56813],[-55.76682,-22.5684],[-55.76673,-22.56835],[-55.76682,-22.568],[-55.7666,-22.56816],[-55.7665,-22.56812],[-55.76645,-22.5682],[-55.76654,-22.5684],[-55.76645,-22.56838],[-55.76652,-22.56861],[-55.76648,-22.56915],[-55.76663,-22.56959],[-55.76647,-22.56956],[-55.76644,-22.56997],[-55.76681,-22.5699],[-55.76686,-22.56979],[-55.76708,-22.56963],[-55.76704,-22.56952],[-55.7671,-22.56937],[-55.76754,-22.56935],[-55.7676,-22.56961],[-55.76768,-22.56964],[-55.76775,-22.56947],[-55.76797,-22.56952],[-55.76784,-22.56942],[-55.76789,-22.56937],[-55.76775,-22.5691],[-55.76782,-22.56895],[-55.76776,-22.56882],[-55.76776,-22.56867],[-55.76782,-22.56861],[-55.76774,-22.56854],[-55.76782,-22.56845],[-55.76778,-22.56829],[-55.76788,-22.56822],[-55.76773,-22.56805],[-55.76786,-22.56793],[-55.76784,-22.56784],[-55.76775,-22.56776],[-55.76766,-22.56777]]]}},{"type":"Feature","properties":{"tipo":"Mata / vegetação","nome":"","pais":"PY"},"geometry":{"type":"Polygon","coordinates":[[[-55.77002,-22.52276],[-55.76991,-22.52248],[-55.7698,-22.52245],[-55.76968,-22.52274],[-55.76933,-22.52299],[-55.76932,-22.52309],[-55.76957,-22.52332],[-55.76964,-22.5235],[-55.76973,-22.52307],[-55.76979,-22.52362],[-55.76984,-22.52362],[-55.76991,-22.52338],[-55.77004,-22.52346],[-55.77024,-22.52341],[-55.77042,-22.52312],[-55.77042,-22.52307],[-55.77025,-22.52304],[-55.77012,-22.52277],[-55.77002,-22.52276]]]}},{"type":"Feature","properties":{"tipo":"Mata / vegetação","nome":"","pais":"PY"},"geometry":{"type":"Polygon","coordinates":[[[-55.77304,-22.48702],[-55.77355,-22.48706],[-55.77394,-22.4873],[-55.77463,-22.48795],[-55.77508,-22.48799],[-55.77551,-22.48788],[-55.77568,-22.48827],[-55.77572,-22.48871],[-55.77564,-22.4891],[-55.77536,-22.48944],[-55.77553,-22.48984],[-55.77652,-22.48986],[-55.7769,-22.48956],[-55.7769,-22.48871],[-55.77699,-22.48829],[-55.77733,-22.48803],[-55.7781,-22.4869],[-55.77842,-22.48661],[-55.77849,-22.48621],[-55.77808,-22.48593],[-55.77759,-22.48581],[-55.77662,-22.48589],[-55.77621,-22.48571],[-55.77619,-22.4853],[-55.77718,-22.48526],[-55.77757,-22.48548],[-55.77789,-22.48518],[-55.7783,-22.48496],[-55.77877,-22.48496],[-55.77967,-22.48478],[-55.78021,-22.48478],[-55.78068,-22.48464],[-55.78046,-22.48429],[-55.78003,-22.48427],[-55.77967,-22.48449],[-55.77877,-22.48449],[-55.77834,-22.48464],[-55.77748,-22.48468],[-55.77675,-22.48425],[-55.77658,-22.48383],[-55.77617,-22.48375],[-55.77617,-22.48336],[-55.77664,-22.48336],[-55.77707,-22.48349],[-55.77664,-22.48248],[-55.7754,-22.48248],[-55.77512,-22.48217],[-55.77469,-22.48217],[-55.77448,-22.48248],[-55.77443,-22.48288],[-55.77473,-22.4832],[-55.77512,-22.48343],[-55.77542,-22.48379],[-55.77544,-22.48421],[-55.77536,-22.48466],[-55.77495,-22.48484],[-55.7745,-22.48486],[-55.77409,-22.48472],[-55.77375,-22.48447],[-55.7737,-22.48407],[-55.77302,-22.4847],[-55.77091,-22.48504],[-55.77015,-22.48624],[-55.76982,-22.48696],[-55.77036,-22.48766],[-55.77036,-22.48805],[-55.77018,-22.48887],[-55.7704,-22.48926],[-55.77285,-22.4874],[-55.77304,-22.48702]]]}},{"type":"Feature","properties":{"tipo":"Mata / vegetação","nome":"","pais":"PY"},"geometry":{"type":"Polygon","coordinates":[[[-55.78289,-22.48919],[-55.78317,-22.48883],[-55.78341,-22.48876],[-55.78367,-22.4888],[-55.78391,-22.48896],[-55.78421,-22.48928],[-55.78424,-22.4895],[-55.78442,-22.48964],[-55.78467,-22.48964],[-55.7851,-22.48951],[-55.78651,-22.48962],[-55.78666,-22.48923],[-55.78691,-22.4892],[-55.78725,-22.48949],[-55.78747,-22.4895],[-55.7879,-22.48936],[-55.78809,-22.48807],[-55.78786,-22.48774],[-55.78788,-22.48752],[-55.78813,-22.48716],[-55.78854,-22.48703],[-55.78848,-22.48682],[-55.7883,-22.48671],[-55.78807,-22.48669],[-55.78778,-22.48754],[-55.78755,-22.48791],[-55.78654,-22.48748],[-55.78558,-22.48742],[-55.78393,-22.48691],[-55.78308,-22.48684],[-55.78224,-22.48665],[-55.78111,-22.4865],[-55.78102,-22.4869],[-55.78071,-22.48745],[-55.78069,-22.48764],[-55.78048,-22.48766],[-55.78032,-22.48751],[-55.78001,-22.48749],[-55.7798,-22.48751],[-55.77941,-22.48775],[-55.77793,-22.48956],[-55.77763,-22.4904],[-55.77771,-22.4906],[-55.77793,-22.49066],[-55.77808,-22.49082],[-55.77803,-22.49125],[-55.7781,-22.49145],[-55.77846,-22.4912],[-55.77881,-22.49144],[-55.77898,-22.49132],[-55.77895,-22.49112],[-55.77856,-22.49097],[-55.77852,-22.49077],[-55.77875,-22.49076],[-55.77876,-22.49055],[-55.77865,-22.49037],[-55.77867,-22.49018],[-55.77848,-22.49005],[-55.77827,-22.49013],[-55.77824,-22.49033],[-55.77811,-22.49017],[-55.77818,-22.48976],[-55.77831,-22.48958],[-55.77852,-22.48953],[-55.77873,-22.48963],[-55.77895,-22.48999],[-55.77942,-22.49],[-55.77964,-22.48988],[-55.78007,-22.48977],[-55.78024,-22.48963],[-55.78024,-22.48943],[-55.78046,-22.48936],[-55.78077,-22.48903],[-55.78099,-22.48899],[-55.78116,-22.48912],[-55.78115,-22.48933],[-55.78134,-22.48943],[-55.78144,-22.48923],[-55.78139,-22.48904],[-55.78158,-22.48892],[-55.78203,-22.48896],[-55.78187,-22.48909],[-55.78194,-22.4893],[-55.78179,-22.48945],[-55.78183,-22.48965],[-55.78164,-22.4898],[-55.78143,-22.49017],[-55.78139,-22.48976],[-55.78099,-22.48965],[-55.78079,-22.48967],[-55.78077,-22.48988],[-55.78068,-22.49006],[-55.78047,-22.4901],[-55.78025,-22.49023],[-55.78015,-22.49042],[-55.78019,-22.49084],[-55.78062,-22.49104],[-55.78085,-22.49107],[-55.78129,-22.49092],[-55.78163,-22.49034],[-55.78198,-22.49008],[-55.78221,-22.48972],[-55.78254,-22.4894],[-55.78235,-22.48929],[-55.78229,-22.48909],[-55.78272,-22.48914],[-55.78282,-22.48943],[-55.78289,-22.48919]]]}},{"type":"Feature","properties":{"tipo":"Mata / vegetação","nome":"","pais":"PY"},"geometry":{"type":"Polygon","coordinates":[[[-55.78614,-22.48994],[-55.78608,-22.49003],[-55.78636,-22.49076],[-55.78654,-22.4909],[-55.78677,-22.49084],[-55.78713,-22.4902],[-55.78712,-22.48998],[-55.78688,-22.48993],[-55.78679,-22.49001],[-55.78677,-22.49023],[-55.78666,-22.49044],[-55.78654,-22.49045],[-55.78642,-22.49042],[-55.78631,-22.49024],[-55.78636,-22.49],[-55.78646,-22.48989],[-55.78614,-22.48994]]]}},{"type":"Feature","properties":{"tipo":"Mata / vegetação","nome":"","pais":"PY"},"geometry":{"type":"Polygon","coordinates":[[[-55.78427,-22.49123],[-55.78433,-22.49185],[-55.78405,-22.49218],[-55.78384,-22.49227],[-55.7836,-22.49225],[-55.7834,-22.49234],[-55.78332,-22.49257],[-55.78335,-22.49304],[-55.78372,-22.49339],[-55.78375,-22.4936],[-55.78363,-22.49376],[-55.78371,-22.49396],[-55.78415,-22.49393],[-55.78491,-22.49344],[-55.78486,-22.49321],[-55.78472,-22.49305],[-55.7847,-22.49284],[-55.7851,-22.49262],[-55.78511,-22.49243],[-55.78494,-22.49206],[-55.78462,-22.49175],[-55.78448,-22.49136],[-55.78427,-22.49123]]]}},{"type":"Feature","properties":{"tipo":"Mata / vegetação","nome":"","pais":"PY"},"geometry":{"type":"Polygon","coordinates":[[[-55.78283,-22.49551],[-55.78242,-22.49568],[-55.78172,-22.49569],[-55.78151,-22.49579],[-55.78147,-22.49598],[-55.78157,-22.49619],[-55.78224,-22.49644],[-55.78251,-22.4964],[-55.78297,-22.49616],[-55.78339,-22.49568],[-55.78297,-22.49533],[-55.78283,-22.49551]]]}},{"type":"Feature","properties":{"tipo":"Mata / vegetação","nome":"","pais":"PY"},"geometry":{"type":"Polygon","coordinates":[[[-55.78449,-22.49526],[-55.78456,-22.49507],[-55.78443,-22.49489],[-55.78331,-22.49462],[-55.78256,-22.4947],[-55.78246,-22.49488],[-55.78256,-22.49507],[-55.78298,-22.49523],[-55.78449,-22.49526]]]}},{"type":"Feature","properties":{"tipo":"Mata / vegetação","nome":"","pais":"PY"},"geometry":{"type":"Polygon","coordinates":[[[-55.78685,-22.4934],[-55.78668,-22.49355],[-55.78646,-22.49391],[-55.78644,-22.49412],[-55.78654,-22.49432],[-55.78691,-22.49467],[-55.78713,-22.49474],[-55.78735,-22.49468],[-55.78752,-22.49452],[-55.78759,-22.4943],[-55.78759,-22.49406],[-55.78747,-22.49388],[-55.78745,-22.49368],[-55.78766,-22.49358],[-55.78728,-22.49321],[-55.78685,-22.4934]]]}},{"type":"Feature","properties":{"tipo":"Mata / vegetação","nome":"","pais":"PY"},"geometry":{"type":"Polygon","coordinates":[[[-55.77228,-22.49444],[-55.77462,-22.49447],[-55.77481,-22.49439],[-55.77465,-22.49425],[-55.77207,-22.49411],[-55.77209,-22.49431],[-55.77228,-22.49444]]]}},{"type":"Feature","properties":{"tipo":"Mata / vegetação","nome":"","pais":"PY"},"geometry":{"type":"Polygon","coordinates":[[[-55.77612,-22.49396],[-55.77529,-22.49411],[-55.77533,-22.49452],[-55.77577,-22.49454],[-55.77623,-22.49439],[-55.77645,-22.49438],[-55.77686,-22.49452],[-55.77706,-22.4944],[-55.77701,-22.4942],[-55.77659,-22.49402],[-55.77612,-22.49396]]]}},{"type":"Feature","properties":{"tipo":"Mata / vegetação","nome":"","pais":"PY"},"geometry":{"type":"Polygon","coordinates":[[[-55.77243,-22.49588],[-55.77292,-22.49601],[-55.77292,-22.49622],[-55.77314,-22.49629],[-55.77337,-22.49629],[-55.77367,-22.49597],[-55.77391,-22.49597],[-55.77402,-22.49615],[-55.77402,-22.49635],[-55.77476,-22.49637],[-55.77572,-22.49649],[-55.77591,-22.49638],[-55.77592,-22.49618],[-55.77641,-22.49618],[-55.77657,-22.49604],[-55.77647,-22.49585],[-55.77604,-22.49579],[-55.77581,-22.49588],[-55.77558,-22.49621],[-55.7749,-22.4962],[-55.77454,-22.49569],[-55.7739,-22.49556],[-55.77329,-22.4953],[-55.77284,-22.49527],[-55.77241,-22.49537],[-55.77229,-22.49553],[-55.77243,-22.49588]]]}},{"type":"Feature","properties":{"tipo":"Mata / vegetação","nome":"","pais":"PY"},"geometry":{"type":"Polygon","coordinates":[[[-55.77679,-22.5005],[-55.77656,-22.50084],[-55.77613,-22.50098],[-55.77626,-22.5006],[-55.77609,-22.50023],[-55.77523,-22.49991],[-55.77476,-22.49993],[-55.7743,-22.50007],[-55.77405,-22.50042],[-55.77491,-22.50074],[-55.77493,-22.50114],[-55.7748,-22.50177],[-55.77516,-22.50181],[-55.77537,-22.50156],[-55.77593,-22.50155],[-55.77601,-22.50161],[-55.7759,-22.50165],[-55.77589,-22.50175],[-55.77622,-22.50179],[-55.77642,-22.5017],[-55.77653,-22.50173],[-55.7766,-22.50193],[-55.77671,-22.50195],[-55.77682,-22.50193],[-55.77684,-22.50173],[-55.77723,-22.50154],[-55.77731,-22.50134],[-55.77741,-22.50128],[-55.77766,-22.50129],[-55.77777,-22.5018],[-55.77784,-22.50188],[-55.77822,-22.50192],[-55.7781,-22.50234],[-55.77785,-22.5023],[-55.77766,-22.50204],[-55.77754,-22.50201],[-55.77744,-22.50208],[-55.77738,-22.5025],[-55.77715,-22.5025],[-55.77686,-22.50241],[-55.77678,-22.5022],[-55.77657,-22.50222],[-55.77639,-22.50233],[-55.77613,-22.50226],[-55.77589,-22.50188],[-55.77565,-22.50188],[-55.77546,-22.50201],[-55.77535,-22.50222],[-55.77537,-22.50242],[-55.77551,-22.50259],[-55.77556,-22.50302],[-55.77595,-22.50324],[-55.77617,-22.50322],[-55.77624,-22.50302],[-55.77642,-22.50289],[-55.77664,-22.50299],[-55.77678,-22.50314],[-55.777,-22.5031],[-55.77723,-22.50316],[-55.77719,-22.50336],[-55.77728,-22.50354],[-55.7779,-22.50339],[-55.77803,-22.50357],[-55.7779,-22.50375],[-55.7777,-22.50385],[-55.77759,-22.50405],[-55.77759,-22.50427],[-55.77786,-22.50459],[-55.77833,-22.50455],[-55.77876,-22.50441],[-55.77895,-22.50451],[-55.77893,-22.50471],[-55.77864,-22.50504],[-55.77868,-22.50549],[-55.77884,-22.50563],[-55.77974,-22.50558],[-55.77995,-22.5055],[-55.78006,-22.50532],[-55.78004,-22.50513],[-55.78021,-22.50499],[-55.78027,-22.50482],[-55.78027,-22.5046],[-55.78018,-22.5044],[-55.77965,-22.50376],[-55.7796,-22.50355],[-55.77967,-22.50335],[-55.77945,-22.50326],[-55.7793,-22.5031],[-55.7795,-22.50252],[-55.77964,-22.50235],[-55.78033,-22.50231],[-55.78055,-22.50239],[-55.78073,-22.5025],[-55.78114,-22.50297],[-55.7818,-22.50272],[-55.78193,-22.50255],[-55.78185,-22.50236],[-55.78165,-22.50225],[-55.7817,-22.50206],[-55.78216,-22.50211],[-55.78229,-22.50227],[-55.78229,-22.50247],[-55.78216,-22.50264],[-55.78213,-22.50284],[-55.782,-22.50301],[-55.78154,-22.50305],[-55.78139,-22.50322],[-55.78156,-22.50363],[-55.78179,-22.50368],[-55.78198,-22.50357],[-55.78221,-22.50356],[-55.78217,-22.50376],[-55.78227,-22.50395],[-55.78252,-22.50404],[-55.78272,-22.50395],[-55.78276,-22.50375],[-55.78266,-22.50334],[-55.7825,-22.50316],[-55.7825,-22.50273],[-55.78261,-22.50255],[-55.78295,-22.50233],[-55.78368,-22.50237],[-55.78425,-22.50222],[-55.78443,-22.5021],[-55.7845,-22.50191],[-55.78465,-22.50174],[-55.78486,-22.50166],[-55.78499,-22.5015],[-55.78517,-22.50139],[-55.78562,-22.50137],[-55.78585,-22.50125],[-55.7857,-22.50109],[-55.78482,-22.50127],[-55.78464,-22.50113],[-55.78421,-22.50098],[-55.78395,-22.50064],[-55.78352,-22.50055],[-55.78289,-22.50022],[-55.78253,-22.49994],[-55.78269,-22.4998],[-55.78263,-22.4996],[-55.78247,-22.49946],[-55.78244,-22.49923],[-55.78261,-22.49909],[-55.78262,-22.49889],[-55.78277,-22.49876],[-55.78279,-22.49856],[-55.783,-22.49821],[-55.78306,-22.49803],[-55.78304,-22.49762],[-55.78281,-22.4976],[-55.78261,-22.49769],[-55.78234,-22.49803],[-55.78244,-22.4982],[-55.78261,-22.49833],[-55.78263,-22.49854],[-55.78215,-22.49865],[-55.78192,-22.49901],[-55.78169,-22.49895],[-55.78163,-22.49874],[-55.7814,-22.4986],[-55.78133,-22.4984],[-55.78044,-22.49796],[-55.77988,-22.4973],[-55.78017,-22.49703],[-55.77987,-22.49668],[-55.78018,-22.49657],[-55.78021,-22.49647],[-55.78013,-22.49617],[-55.77999,-22.49599],[-55.78007,-22.49592],[-55.78004,-22.49571],[-55.77981,-22.4957],[-55.7796,-22.49578],[-55.7794,-22.49546],[-55.77918,-22.49538],[-55.77907,-22.49543],[-55.77911,-22.49552],[-55.77902,-22.4956],[-55.77903,-22.49583],[-55.77892,-22.49584],[-55.77891,-22.49602],[-55.77882,-22.49609],[-55.7786,-22.49598],[-55.77851,-22.49606],[-55.77861,-22.4961],[-55.7786,-22.49621],[-55.77827,-22.49612],[-55.77817,-22.49593],[-55.77807,-22.49588],[-55.77772,-22.49584],[-55.77752,-22.49573],[-55.77741,-22.49579],[-55.77741,-22.49589],[-55.77718,-22.49595],[-55.77712,-22.49618],[-55.77693,-22.49631],[-55.77714,-22.49642],[-55.77692,-22.49651],[-55.77693,-22.49662],[-55.77716,-22.49664],[-55.77727,-22.49684],[-55.77749,-22.49687],[-55.77767,-22.49677],[-55.77784,-22.4969],[-55.77805,-22.49687],[-55.77862,-22.49713],[-55.7781,-22.49783],[-55.77851,-22.49785],[-55.77892,-22.49769],[-55.77903,-22.49813],[-55.77939,-22.4983],[-55.77956,-22.49797],[-55.77997,-22.49866],[-55.7804,-22.49856],[-55.78076,-22.49882],[-55.78192,-22.49943],[-55.78197,-22.49987],[-55.78154,-22.50007],[-55.78109,-22.50011],[-55.78068,-22.50033],[-55.78046,-22.50068],[-55.7795,-22.50064],[-55.77912,-22.50073],[-55.7791,-22.50053],[-55.77893,-22.50039],[-55.77792,-22.50041],[-55.77795,-22.50021],[-55.77789,-22.50012],[-55.77777,-22.50015],[-55.77781,-22.50035],[-55.77745,-22.5003],[-55.7773,-22.50015],[-55.77717,-22.50014],[-55.77699,-22.50026],[-55.77638,-22.50021],[-55.77679,-22.5005]]]}},{"type":"Feature","properties":{"tipo":"Mata / vegetação","nome":"","pais":"PY"},"geometry":{"type":"Polygon","coordinates":[[[-55.77775,-22.49994],[-55.77793,-22.50003],[-55.77816,-22.49945],[-55.7781,-22.49925],[-55.77764,-22.49916],[-55.77744,-22.49923],[-55.77727,-22.49961],[-55.7773,-22.49981],[-55.77747,-22.49992],[-55.77758,-22.49976],[-55.77777,-22.49963],[-55.77775,-22.49994]]]}},{"type":"Feature","properties":{"tipo":"Mata / vegetação","nome":"","pais":"PY"},"geometry":{"type":"Polygon","coordinates":[[[-55.77407,-22.49915],[-55.77419,-22.49898],[-55.77423,-22.49856],[-55.77417,-22.49834],[-55.77397,-22.49823],[-55.77375,-22.49821],[-55.77345,-22.49878],[-55.77348,-22.49919],[-55.77375,-22.49925],[-55.77407,-22.49915]]]}},{"type":"Feature","properties":{"tipo":"Mata / vegetação","nome":"","pais":"PY"},"geometry":{"type":"Polygon","coordinates":[[[-55.78197,-22.48546],[-55.78179,-22.48575],[-55.78164,-22.48626],[-55.78165,-22.48636],[-55.78185,-22.48647],[-55.78207,-22.48649],[-55.78226,-22.48636],[-55.78234,-22.48581],[-55.78217,-22.48533],[-55.78197,-22.48546]]]}},{"type":"Feature","properties":{"tipo":"Mata / vegetação","nome":"","pais":"PY"},"geometry":{"type":"Polygon","coordinates":[[[-55.7999,-22.50155],[-55.79862,-22.5013],[-55.79844,-22.50167],[-55.79875,-22.50286],[-55.79842,-22.50318],[-55.79787,-22.50487],[-55.79499,-22.50487],[-55.7937,-22.50467],[-55.79297,-22.50508],[-55.7917,-22.50497],[-55.78817,-22.50522],[-55.78808,-22.50653],[-55.78737,-22.5072],[-55.78636,-22.5074],[-55.78499,-22.50732],[-55.78467,-22.50758],[-55.78437,-22.50837],[-55.78428,-22.50962],[-55.78454,-22.51002],[-55.78501,-22.51002],[-55.78563,-22.50885],[-55.78658,-22.50895],[-55.78709,-22.5082],[-55.78894,-22.50786],[-55.78984,-22.50639],[-55.79108,-22.5059],[-55.79156,-22.50584],[-55.79205,-22.50584],[-55.79289,-22.50623],[-55.79325,-22.50653],[-55.79319,-22.50732],[-55.79405,-22.50728],[-55.79546,-22.5076],[-55.79634,-22.50726],[-55.79606,-22.50649],[-55.79727,-22.50561],[-55.79779,-22.50556],[-55.79788,-22.50558],[-55.79808,-22.50582],[-55.79799,-22.50661],[-55.79883,-22.50687],[-55.79896,-22.50766],[-55.8,-22.50768],[-55.8,-22.50167],[-55.7999,-22.50155]]]}},{"type":"Feature","properties":{"tipo":"Mata / vegetação","nome":"","pais":"PY"},"geometry":{"type":"Polygon","coordinates":[[[-55.78189,-22.51307],[-55.7826,-22.51294],[-55.78275,-22.51315],[-55.78286,-22.51382],[-55.78286,-22.51475],[-55.78301,-22.51515],[-55.78318,-22.51528],[-55.7834,-22.51523],[-55.78357,-22.51509],[-55.78372,-22.51486],[-55.78369,-22.5137],[-55.78374,-22.51345],[-55.78412,-22.51314],[-55.78539,-22.51297],[-55.78612,-22.51279],[-55.78618,-22.51236],[-55.78606,-22.51195],[-55.78583,-22.51186],[-55.78484,-22.51177],[-55.78465,-22.51168],[-55.78462,-22.51117],[-55.7845,-22.51098],[-55.78428,-22.51084],[-55.78346,-22.51073],[-55.78236,-22.51073],[-55.78192,-22.51092],[-55.78176,-22.51112],[-55.78171,-22.51133],[-55.78188,-22.51149],[-55.78317,-22.51204],[-55.78317,-22.51226],[-55.78303,-22.51244],[-55.78234,-22.51248],[-55.78218,-22.51266],[-55.78198,-22.51274],[-55.78189,-22.51307]]]}},{"type":"Feature","properties":{"tipo":"Mata / vegetação","nome":"","pais":"PY"},"geometry":{"type":"Polygon","coordinates":[[[-55.78802,-22.51398],[-55.78804,-22.51359],[-55.78742,-22.51293],[-55.78696,-22.51291],[-55.78677,-22.51329],[-55.78636,-22.51343],[-55.78598,-22.51375],[-55.78598,-22.51416],[-55.7863,-22.51448],[-55.78727,-22.51446],[-55.78765,-22.51432],[-55.78802,-22.51398]]]}},{"type":"Feature","properties":{"tipo":"Mata / vegetação","nome":"","pais":"PY"},"geometry":{"type":"Polygon","coordinates":[[[-55.78563,-22.51838],[-55.78578,-22.51803],[-55.78576,-22.51755],[-55.78501,-22.51676],[-55.7845,-22.51668],[-55.78418,-22.517],[-55.78403,-22.51745],[-55.78403,-22.51793],[-55.78424,-22.51831],[-55.78499,-22.51854],[-55.78563,-22.51838]]]}},{"type":"Feature","properties":{"tipo":"Mata / vegetação","nome":"","pais":"PY"},"geometry":{"type":"Polygon","coordinates":[[[-55.8,-22.54149],[-55.8,-22.53726],[-55.7993,-22.53166],[-55.79939,-22.52302],[-55.79896,-22.5212],[-55.79784,-22.51985],[-55.7963,-22.5189],[-55.79441,-22.5189],[-55.79295,-22.52009],[-55.79321,-22.52374],[-55.79166,-22.52278],[-55.78986,-22.52255],[-55.78866,-22.52389],[-55.78815,-22.52223],[-55.78643,-22.5212],[-55.78282,-22.52104],[-55.78119,-22.52175],[-55.78085,-22.52342],[-55.78154,-22.52485],[-55.78411,-22.52683],[-55.78351,-22.52841],[-55.78188,-22.52952],[-55.78291,-22.53087],[-55.78643,-22.53111],[-55.78815,-22.53055],[-55.79106,-22.52889],[-55.79287,-22.52937],[-55.79398,-22.53063],[-55.79493,-22.53381],[-55.79501,-22.53539],[-55.79561,-22.5388],[-55.7963,-22.54023],[-55.7975,-22.54142],[-55.7999,-22.54324],[-55.8,-22.54149]]]}},{"type":"Feature","properties":{"tipo":"Mata / vegetação","nome":"","pais":"PY"},"geometry":{"type":"Polygon","coordinates":[[[-55.77686,-22.49846],[-55.77698,-22.49824],[-55.77694,-22.49803],[-55.77685,-22.49793],[-55.77624,-22.49787],[-55.77597,-22.49793],[-55.77589,-22.49802],[-55.77606,-22.49851],[-55.77617,-22.49857],[-55.77641,-22.49859],[-55.77656,-22.49845],[-55.77686,-22.49846]]]}},{"type":"Feature","properties":{"tipo":"Mata / vegetação","nome":"","pais":"PY"},"geometry":{"type":"Polygon","coordinates":[[[-55.79162,-22.50217],[-55.79188,-22.50183],[-55.79233,-22.50167],[-55.79233,-22.50122],[-55.79248,-22.50086],[-55.79229,-22.5005],[-55.79184,-22.5006],[-55.79102,-22.50106],[-55.79089,-22.50146],[-55.79091,-22.50185],[-55.7907,-22.50221],[-55.79027,-22.50243],[-55.78982,-22.50239],[-55.78937,-22.50245],[-55.78896,-22.50231],[-55.78918,-22.50154],[-55.78883,-22.50122],[-55.78845,-22.5014],[-55.78819,-22.50179],[-55.78812,-22.50219],[-55.78787,-22.50259],[-55.78739,-22.50261],[-55.78699,-22.50241],[-55.78611,-22.50217],[-55.78563,-22.50223],[-55.78486,-22.50272],[-55.7846,-22.50306],[-55.78445,-22.50346],[-55.7842,-22.5038],[-55.78385,-22.50409],[-55.7837,-22.50451],[-55.7837,-22.50494],[-55.78441,-22.50455],[-55.78542,-22.5036],[-55.78574,-22.50326],[-55.78587,-22.5028],[-55.78681,-22.50278],[-55.78686,-22.50318],[-55.78729,-22.50334],[-55.78772,-22.5033],[-55.78808,-22.50308],[-55.78842,-22.5033],[-55.78926,-22.50332],[-55.78969,-22.50344],[-55.79001,-22.50374],[-55.79046,-22.50376],[-55.79046,-22.50334],[-55.79087,-22.50316],[-55.79229,-22.50316],[-55.79362,-22.50324],[-55.794,-22.50306],[-55.79364,-22.5028],[-55.79274,-22.50286],[-55.79229,-22.50272],[-55.79184,-22.5028],[-55.7913,-22.5028],[-55.79162,-22.50217]]]}},{"type":"Feature","properties":{"tipo":"Esporte","nome":"","pais":"BR"},"geometry":{"type":"Polygon","coordinates":[[[-55.73294,-22.52958],[-55.73288,-22.52967],[-55.73313,-22.52982],[-55.73319,-22.52974],[-55.73294,-22.52958]]]}},{"type":"Feature","properties":{"tipo":"Mata / vegetação","nome":"","pais":"PY"},"geometry":{"type":"Polygon","coordinates":[[[-55.74359,-22.57673],[-55.7436,-22.57683],[-55.74378,-22.57675],[-55.7439,-22.57681],[-55.74383,-22.57696],[-55.74391,-22.57705],[-55.74413,-22.57696],[-55.74417,-22.57671],[-55.74459,-22.57681],[-55.74476,-22.57667],[-55.74476,-22.57656],[-55.74492,-22.57635],[-55.74485,-22.57627],[-55.74472,-22.57625],[-55.74462,-22.5763],[-55.74452,-22.57624],[-55.74431,-22.57628],[-55.74422,-22.57608],[-55.74415,-22.57608],[-55.74405,-22.57627],[-55.74396,-22.5762],[-55.74405,-22.57602],[-55.74427,-22.57604],[-55.74454,-22.57586],[-55.74445,-22.57574],[-55.74407,-22.57578],[-55.744,-22.57596],[-55.74383,-22.57612],[-55.74362,-22.57612],[-55.74357,-22.57644],[-55.74379,-22.5765],[-55.74395,-22.57645],[-55.74398,-22.5767],[-55.7438,-22.57666],[-55.74359,-22.57673]]]}},{"type":"Feature","properties":{"tipo":"Mata / vegetação","nome":"","pais":"PY"},"geometry":{"type":"Polygon","coordinates":[[[-55.7464,-22.57337],[-55.74623,-22.57357],[-55.7462,-22.5739],[-55.74638,-22.57386],[-55.74636,-22.57416],[-55.74627,-22.57432],[-55.74643,-22.57437],[-55.74668,-22.57418],[-55.74666,-22.57406],[-55.74688,-22.57424],[-55.74734,-22.57406],[-55.74738,-22.57387],[-55.74699,-22.57373],[-55.74691,-22.57347],[-55.74676,-22.57332],[-55.74665,-22.57327],[-55.7464,-22.57337]]]}},{"type":"Feature","properties":{"tipo":"Mata / vegetação","nome":"","pais":"PY"},"geometry":{"type":"Polygon","coordinates":[[[-55.74322,-22.57503],[-55.74311,-22.57514],[-55.7432,-22.57517],[-55.74311,-22.57525],[-55.74317,-22.57543],[-55.74289,-22.57549],[-55.74284,-22.5756],[-55.74288,-22.57571],[-55.74311,-22.57568],[-55.74335,-22.57511],[-55.74347,-22.57516],[-55.74336,-22.57535],[-55.74343,-22.57544],[-55.74354,-22.57546],[-55.7437,-22.57561],[-55.74381,-22.57556],[-55.74396,-22.57573],[-55.74408,-22.57575],[-55.74415,-22.57566],[-55.74405,-22.57545],[-55.74413,-22.57537],[-55.74436,-22.57533],[-55.74441,-22.57523],[-55.74452,-22.57519],[-55.74463,-22.57523],[-55.74473,-22.57518],[-55.74476,-22.57507],[-55.74439,-22.57504],[-55.74442,-22.57494],[-55.7443,-22.57494],[-55.74424,-22.57504],[-55.74412,-22.57503],[-55.74403,-22.57484],[-55.7438,-22.57477],[-55.74332,-22.57479],[-55.74311,-22.5749],[-55.74322,-22.57503]]]}},{"type":"Feature","properties":{"tipo":"Mata / vegetação","nome":"","pais":"PY"},"geometry":{"type":"Polygon","coordinates":[[[-55.74489,-22.57644],[-55.74475,-22.57687],[-55.7449,-22.57717],[-55.74511,-22.5773],[-55.74533,-22.57756],[-55.74544,-22.57755],[-55.74549,-22.57711],[-55.74573,-22.57709],[-55.74591,-22.57659],[-55.74612,-22.57646],[-55.74621,-22.57625],[-55.74607,-22.57606],[-55.74606,-22.57595],[-55.74584,-22.5759],[-55.74564,-22.57602],[-55.74558,-22.57634],[-55.74547,-22.57634],[-55.74518,-22.57616],[-55.74507,-22.57596],[-55.74508,-22.57573],[-55.74486,-22.57568],[-55.7446,-22.57587],[-55.74451,-22.57619],[-55.74461,-22.57626],[-55.74484,-22.57617],[-55.74496,-22.57621],[-55.74497,-22.57643],[-55.74489,-22.57644]]]}},{"type":"Feature","properties":{"tipo":"Mata / vegetação","nome":"","pais":"PY"},"geometry":{"type":"Polygon","coordinates":[[[-55.74239,-22.57645],[-55.74228,-22.57659],[-55.74222,-22.57657],[-55.74223,-22.57646],[-55.74211,-22.57645],[-55.74207,-22.5765],[-55.74215,-22.57675],[-55.74205,-22.5768],[-55.74193,-22.57668],[-55.7419,-22.57689],[-55.74205,-22.57704],[-55.74223,-22.57705],[-55.74238,-22.57698],[-55.74242,-22.57702],[-55.74233,-22.57717],[-55.74248,-22.57726],[-55.74264,-22.57728],[-55.74283,-22.57718],[-55.74286,-22.57723],[-55.74298,-22.57711],[-55.74296,-22.57701],[-55.74285,-22.57695],[-55.74279,-22.57674],[-55.74255,-22.57649],[-55.74263,-22.57639],[-55.7426,-22.57624],[-55.74276,-22.5761],[-55.74286,-22.57623],[-55.74286,-22.57635],[-55.74276,-22.57633],[-55.74271,-22.57641],[-55.74281,-22.57654],[-55.74298,-22.57651],[-55.74315,-22.57637],[-55.74352,-22.57637],[-55.7436,-22.57613],[-55.74346,-22.57598],[-55.74333,-22.5761],[-55.74328,-22.57606],[-55.74331,-22.57596],[-55.74312,-22.57584],[-55.74305,-22.57597],[-55.74289,-22.57601],[-55.74286,-22.57596],[-55.74305,-22.57577],[-55.74295,-22.57571],[-55.74235,-22.57631],[-55.74239,-22.57645]]]}},{"type":"Feature","properties":{"tipo":"Mata / vegetação","nome":"","pais":"PY"},"geometry":{"type":"Polygon","coordinates":[[[-55.74163,-22.575],[-55.74175,-22.57535],[-55.74186,-22.57537],[-55.7419,-22.57553],[-55.74225,-22.57572],[-55.74236,-22.57571],[-55.74242,-22.5755],[-55.7426,-22.57549],[-55.74256,-22.57519],[-55.74237,-22.57503],[-55.74209,-22.57505],[-55.74186,-22.57488],[-55.74177,-22.57494],[-55.7417,-22.57485],[-55.74163,-22.575]]]}},{"type":"Feature","properties":{"tipo":"Gramado","nome":"","pais":"BR"},"geometry":{"type":"Polygon","coordinates":[[[-55.72381,-22.54337],[-55.72372,-22.5433],[-55.72277,-22.54457],[-55.72279,-22.54463],[-55.72287,-22.54463],[-55.72381,-22.54337]]]}},{"type":"Feature","properties":{"tipo":"Gramado","nome":"","pais":"BR"},"geometry":{"type":"Polygon","coordinates":[[[-55.72149,-22.54641],[-55.72137,-22.54636],[-55.72039,-22.54767],[-55.7205,-22.54772],[-55.72149,-22.54641]]]}},{"type":"Feature","properties":{"tipo":"Gramado","nome":"","pais":"BR"},"geometry":{"type":"Polygon","coordinates":[[[-55.72032,-22.54798],[-55.72023,-22.54792],[-55.71928,-22.54921],[-55.7193,-22.54927],[-55.71938,-22.54926],[-55.72032,-22.54798]]]}},{"type":"Feature","properties":{"tipo":"Gramado","nome":"","pais":"BR"},"geometry":{"type":"Polygon","coordinates":[[[-55.71853,-22.55024],[-55.71703,-22.55226],[-55.71705,-22.55234],[-55.71717,-22.55228],[-55.71861,-22.55035],[-55.71863,-22.55025],[-55.71853,-22.55024]]]}},{"type":"Feature","properties":{"tipo":"Esporte","nome":"","pais":"BR"},"geometry":{"type":"Polygon","coordinates":[[[-55.72044,-22.48781],[-55.71981,-22.48808],[-55.72019,-22.48885],[-55.72082,-22.48858],[-55.72044,-22.48781]]]}},{"type":"Feature","properties":{"tipo":"Mata / vegetação","nome":"","pais":"BR"},"geometry":{"type":"Polygon","coordinates":[[[-55.70745,-22.49559],[-55.70728,-22.49572],[-55.70724,-22.49557],[-55.70715,-22.49556],[-55.70706,-22.49566],[-55.70686,-22.49567],[-55.70656,-22.49532],[-55.70629,-22.49529],[-55.70622,-22.49532],[-55.70623,-22.49544],[-55.70613,-22.4955],[-55.70581,-22.4955],[-55.70572,-22.49556],[-55.7057,-22.49566],[-55.70583,-22.49575],[-55.70636,-22.49572],[-55.70714,-22.49588],[-55.70727,-22.49595],[-55.70755,-22.49591],[-55.70757,-22.49574],[-55.70745,-22.49559]]]}},{"type":"Feature","properties":{"tipo":"Mata / vegetação","nome":"","pais":"BR"},"geometry":{"type":"Polygon","coordinates":[[[-55.66662,-22.52533],[-55.66531,-22.52792],[-55.66544,-22.52857],[-55.66617,-22.52913],[-55.66686,-22.52948],[-55.66693,-22.52963],[-55.66747,-22.53001],[-55.66799,-22.53055],[-55.66904,-22.53109],[-55.66936,-22.53158],[-55.66946,-22.53217],[-55.66943,-22.53233],[-55.67018,-22.53287],[-55.67037,-22.53346],[-55.67077,-22.53397],[-55.67119,-22.53422],[-55.67144,-22.53429],[-55.67159,-22.53432],[-55.67173,-22.53423],[-55.67194,-22.5342],[-55.67242,-22.53434],[-55.67293,-22.5346],[-55.67308,-22.53476],[-55.67381,-22.53515],[-55.67397,-22.53531],[-55.67443,-22.53548],[-55.67474,-22.53587],[-55.67498,-22.53604],[-55.67519,-22.53639],[-55.67526,-22.53653],[-55.6752,-22.53685],[-55.67527,-22.53698],[-55.67562,-22.53657],[-55.67601,-22.53649],[-55.6765,-22.53668],[-55.6768,-22.53701],[-55.67736,-22.53714],[-55.67766,-22.5373],[-55.67792,-22.5373],[-55.67768,-22.53819],[-55.67757,-22.53831],[-55.6768,-22.53852],[-55.67673,-22.53869],[-55.67716,-22.53893],[-55.67761,-22.5393],[-55.67793,-22.53916],[-55.67891,-22.53596],[-55.68176,-22.53694],[-55.68264,-22.53473],[-55.66662,-22.52533]]]}},{"type":"Feature","properties":{"tipo":"Gramado","nome":"","pais":"PY"},"geometry":{"type":"Polygon","coordinates":[[[-55.71341,-22.55763],[-55.71341,-22.55755],[-55.71319,-22.55753],[-55.71129,-22.55824],[-55.71134,-22.55834],[-55.71341,-22.55763]]]}},{"type":"Feature","properties":{"tipo":"Gramado","nome":"","pais":"BR"},"geometry":{"type":"Polygon","coordinates":[[[-55.66096,-22.54868],[-55.6605,-22.54882],[-55.66023,-22.54864],[-55.66005,-22.54919],[-55.66,-22.54918],[-55.66,-22.5497],[-55.66057,-22.5499],[-55.66104,-22.54872],[-55.66096,-22.54868]]]}},{"type":"Feature","properties":{"tipo":"Mata / vegetação","nome":"","pais":"BR"},"geometry":{"type":"Polygon","coordinates":[[[-55.66995,-22.54028],[-55.66994,-22.54046],[-55.67007,-22.54052],[-55.67043,-22.54054],[-55.67125,-22.54039],[-55.67122,-22.53991],[-55.67116,-22.53982],[-55.66995,-22.54028]]]}},{"type":"Feature","properties":{"tipo":"Mata / vegetação","nome":"","pais":"BR"},"geometry":{"type":"Polygon","coordinates":[[[-55.68317,-22.54487],[-55.68355,-22.54464],[-55.68356,-22.5442],[-55.68349,-22.54405],[-55.6832,-22.5439],[-55.683,-22.54367],[-55.68288,-22.54364],[-55.68273,-22.54373],[-55.68257,-22.5441],[-55.68248,-22.54455],[-55.68255,-22.54465],[-55.68317,-22.54487]]]}},{"type":"Feature","properties":{"tipo":"Gramado","nome":"","pais":"BR"},"geometry":{"type":"Polygon","coordinates":[[[-55.70506,-22.56079],[-55.70508,-22.56073],[-55.70482,-22.56054],[-55.70435,-22.56067],[-55.70341,-22.56108],[-55.70329,-22.56121],[-55.70329,-22.56143],[-55.7034,-22.56146],[-55.70506,-22.56079]]]}},{"type":"Feature","properties":{"tipo":"Gramado","nome":"","pais":"BR"},"geometry":{"type":"Polygon","coordinates":[[[-55.70321,-22.56109],[-55.70198,-22.56154],[-55.70198,-22.56155],[-55.70243,-22.56184],[-55.7032,-22.56152],[-55.70321,-22.56109]]]}},{"type":"Feature","properties":{"tipo":"Gramado","nome":"","pais":"BR"},"geometry":{"type":"Polygon","coordinates":[[[-55.69314,-22.57569],[-55.69249,-22.57714],[-55.6921,-22.57774],[-55.69097,-22.57895],[-55.69032,-22.57946],[-55.6864,-22.58208],[-55.68461,-22.58315],[-55.68475,-22.58335],[-55.68569,-22.58261],[-55.69034,-22.5795],[-55.691,-22.57899],[-55.69175,-22.57825],[-55.69235,-22.57748],[-55.6928,-22.57669],[-55.69318,-22.5757],[-55.69314,-22.57569]]]}},{"type":"Feature","properties":{"tipo":"Gramado","nome":"","pais":"BR"},"geometry":{"type":"Polygon","coordinates":[[[-55.69812,-22.56328],[-55.69799,-22.56314],[-55.69455,-22.57113],[-55.69357,-22.57424],[-55.69478,-22.57069],[-55.69771,-22.5639],[-55.69812,-22.56328]]]}},{"type":"Feature","properties":{"tipo":"Gramado","nome":"","pais":"BR"},"geometry":{"type":"Polygon","coordinates":[[[-55.6987,-22.56277],[-55.69942,-22.56232],[-55.70246,-22.56119],[-55.69858,-22.56262],[-55.6987,-22.56277]]]}},{"type":"Feature","properties":{"tipo":"Gramado","nome":"","pais":"BR"},"geometry":{"type":"Polygon","coordinates":[[[-55.70226,-22.56187],[-55.70199,-22.56165],[-55.70134,-22.56178],[-55.6992,-22.56254],[-55.69884,-22.56279],[-55.69882,-22.563],[-55.69891,-22.5631],[-55.69913,-22.56312],[-55.70226,-22.56187]]]}},{"type":"Feature","properties":{"tipo":"Mata / vegetação","nome":"","pais":"BR"},"geometry":{"type":"Polygon","coordinates":[[[-55.72592,-22.52001],[-55.72571,-22.51993],[-55.72566,-22.52006],[-55.72554,-22.52005],[-55.72545,-22.52015],[-55.72536,-22.52006],[-55.72526,-22.52008],[-55.7248,-22.51983],[-55.72471,-22.51988],[-55.72471,-22.52007],[-55.72488,-22.52042],[-55.72502,-22.52041],[-55.72502,-22.52052],[-55.72517,-22.52053],[-55.72527,-22.52073],[-55.72544,-22.52085],[-55.72526,-22.52097],[-55.7261,-22.52071],[-55.72604,-22.52061],[-55.72589,-22.52055],[-55.72579,-22.52033],[-55.72592,-22.52001]]]}},{"type":"Feature","properties":{"tipo":"Praça / parque","nome":"","pais":"BR"},"geometry":{"type":"Polygon","coordinates":[[[-55.72477,-22.52124],[-55.72533,-22.52158],[-55.72587,-22.52083],[-55.72477,-22.52122],[-55.72427,-22.52148],[-55.72449,-22.52162],[-55.72477,-22.52124]]]}},{"type":"Feature","properties":{"tipo":"Esporte","nome":"","pais":"BR"},"geometry":{"type":"Polygon","coordinates":[[[-55.72477,-22.52124],[-55.72449,-22.52162],[-55.72504,-22.52197],[-55.72533,-22.52158],[-55.72477,-22.52124]]]}},{"type":"Feature","properties":{"tipo":"Mata / vegetação","nome":"","pais":"BR"},"geometry":{"type":"Polygon","coordinates":[[[-55.67216,-22.59327],[-55.67147,-22.5924],[-55.67058,-22.59305],[-55.67092,-22.59356],[-55.67216,-22.59327]]]}},{"type":"Feature","properties":{"tipo":"Esporte","nome":"","pais":"BR"},"geometry":{"type":"Polygon","coordinates":[[[-55.7371,-22.48373],[-55.73604,-22.48373],[-55.73604,-22.48421],[-55.7371,-22.48421],[-55.7371,-22.48373]]]}},{"type":"Feature","properties":{"tipo":"Esporte","nome":"","pais":"BR"},"geometry":{"type":"Polygon","coordinates":[[[-55.7367,-22.49597],[-55.73632,-22.49597],[-55.73632,-22.49615],[-55.7367,-22.49615],[-55.7367,-22.49597]]]}},{"type":"Feature","properties":{"tipo":"Esporte","nome":"","pais":"BR"},"geometry":{"type":"Polygon","coordinates":[[[-55.72211,-22.52948],[-55.7219,-22.52973],[-55.72208,-22.52985],[-55.72229,-22.52961],[-55.72211,-22.52948]]]}},{"type":"Feature","properties":{"tipo":"Praça / parque","nome":"","pais":"BR"},"geometry":{"type":"Polygon","coordinates":[[[-55.72358,-22.54079],[-55.72344,-22.54097],[-55.72374,-22.54116],[-55.72388,-22.54098],[-55.72358,-22.54079]]]}},{"type":"Feature","properties":{"tipo":"Mata / vegetação","nome":"","pais":"PY"},"geometry":{"type":"Polygon","coordinates":[[[-55.76195,-22.51871],[-55.76346,-22.51869],[-55.76332,-22.51503],[-55.7618,-22.51578],[-55.76195,-22.51871]]]}},{"type":"Feature","properties":{"tipo":"Mata / vegetação","nome":"","pais":"PY"},"geometry":{"type":"Polygon","coordinates":[[[-55.7533,-22.5049],[-55.75328,-22.505],[-55.75347,-22.50512],[-55.75346,-22.50527],[-55.75415,-22.5052],[-55.75387,-22.50504],[-55.75386,-22.50499],[-55.75398,-22.50488],[-55.75395,-22.50485],[-55.75317,-22.50447],[-55.75272,-22.50417],[-55.75246,-22.50368],[-55.75208,-22.50343],[-55.75181,-22.50311],[-55.75144,-22.50287],[-55.75123,-22.50283],[-55.75087,-22.50293],[-55.7507,-22.50311],[-55.7506,-22.50332],[-55.75067,-22.50361],[-55.7514,-22.50383],[-55.75178,-22.50415],[-55.75245,-22.50438],[-55.75273,-22.50462],[-55.75296,-22.50463],[-55.75322,-22.50473],[-55.7533,-22.5049]]]}},{"type":"Feature","properties":{"tipo":"Mata / vegetação","nome":"","pais":"PY"},"geometry":{"type":"Polygon","coordinates":[[[-55.75418,-22.50288],[-55.75492,-22.50316],[-55.75513,-22.50315],[-55.7553,-22.50306],[-55.75528,-22.50287],[-55.75513,-22.50261],[-55.75463,-22.50239],[-55.7546,-22.50229],[-55.75469,-22.50201],[-55.75486,-22.50178],[-55.75487,-22.50158],[-55.75503,-22.50124],[-55.75556,-22.501],[-55.75556,-22.50079],[-55.75518,-22.50042],[-55.75495,-22.50034],[-55.75483,-22.50016],[-55.75432,-22.49995],[-55.75339,-22.49995],[-55.7525,-22.49975],[-55.75197,-22.50003],[-55.7518,-22.50032],[-55.75177,-22.50082],[-55.75116,-22.50192],[-55.75135,-22.50239],[-55.75161,-22.50257],[-55.75189,-22.50266],[-55.75285,-22.50267],[-55.75366,-22.50287],[-55.75418,-22.50288]]]}},{"type":"Feature","properties":{"tipo":"Esporte","nome":"","pais":"BR"},"geometry":{"type":"Polygon","coordinates":[[[-55.7285,-22.52642],[-55.7281,-22.52697],[-55.72847,-22.52719],[-55.72887,-22.52665],[-55.7285,-22.52642]]]}},{"type":"Feature","properties":{"tipo":"Esporte","nome":"","pais":"BR"},"geometry":{"type":"Polygon","coordinates":[[[-55.71645,-22.50604],[-55.71645,-22.50655],[-55.7168,-22.50655],[-55.7168,-22.50604],[-55.71645,-22.50604]]]}},{"type":"Feature","properties":{"tipo":"Praça / parque","nome":"","pais":"BR"},"geometry":{"type":"Polygon","coordinates":[[[-55.73732,-22.49823],[-55.73732,-22.49835],[-55.73744,-22.49835],[-55.73744,-22.49823],[-55.73732,-22.49823]]]}},{"type":"Feature","properties":{"tipo":"Esporte","nome":"","pais":"BR"},"geometry":{"type":"Polygon","coordinates":[[[-55.73295,-22.49616],[-55.73297,-22.49644],[-55.73346,-22.49641],[-55.73344,-22.49613],[-55.73295,-22.49616]]]}},{"type":"Feature","properties":{"tipo":"Esporte","nome":"","pais":"BR"},"geometry":{"type":"Polygon","coordinates":[[[-55.73544,-22.49702],[-55.73544,-22.49743],[-55.73568,-22.49743],[-55.73568,-22.49702],[-55.73544,-22.49702]]]}},{"type":"Feature","properties":{"tipo":"Mata / vegetação","nome":"","pais":"BR"},"geometry":{"type":"Polygon","coordinates":[[[-55.72712,-22.50012],[-55.72703,-22.50019],[-55.72694,-22.50015],[-55.72682,-22.50028],[-55.72656,-22.50038],[-55.72662,-22.50042],[-55.72683,-22.50034],[-55.7269,-22.50039],[-55.72689,-22.50058],[-55.72703,-22.5005],[-55.7271,-22.50056],[-55.72708,-22.50064],[-55.72691,-22.50063],[-55.72674,-22.50075],[-55.72675,-22.50067],[-55.72662,-22.50055],[-55.72645,-22.50055],[-55.72652,-22.50047],[-55.72647,-22.50043],[-55.7255,-22.50083],[-55.72553,-22.50101],[-55.72582,-22.50132],[-55.72583,-22.50154],[-55.726,-22.50149],[-55.72606,-22.5016],[-55.72612,-22.50159],[-55.72617,-22.50102],[-55.72624,-22.50115],[-55.72634,-22.50103],[-55.72649,-22.50108],[-55.72658,-22.501],[-55.72664,-22.50101],[-55.72677,-22.50137],[-55.72695,-22.50138],[-55.72698,-22.50123],[-55.72714,-22.50109],[-55.72722,-22.5011],[-55.72733,-22.50122],[-55.72727,-22.50127],[-55.72733,-22.50137],[-55.72748,-22.50139],[-55.72768,-22.50156],[-55.72721,-22.50014],[-55.72712,-22.50012]]]}},{"type":"Feature","properties":{"tipo":"Esporte","nome":"","pais":"BR"},"geometry":{"type":"Polygon","coordinates":[[[-55.72747,-22.49761],[-55.72736,-22.49726],[-55.72679,-22.49741],[-55.7269,-22.49777],[-55.72747,-22.49761]]]}},{"type":"Feature","properties":{"tipo":"Mata / vegetação","nome":"","pais":"BR"},"geometry":{"type":"Polygon","coordinates":[[[-55.72493,-22.49424],[-55.72457,-22.49412],[-55.72455,-22.49399],[-55.72439,-22.49415],[-55.72421,-22.49418],[-55.72399,-22.49408],[-55.7231,-22.49437],[-55.72318,-22.49451],[-55.72338,-22.49453],[-55.72349,-22.49444],[-55.72439,-22.49432],[-55.72453,-22.49444],[-55.72502,-22.49456],[-55.72502,-22.4944],[-55.72493,-22.49424]]]}},{"type":"Feature","properties":{"tipo":"Mata / vegetação","nome":"","pais":"BR"},"geometry":{"type":"Polygon","coordinates":[[[-55.7251,-22.49459],[-55.72398,-22.49495],[-55.72383,-22.49464],[-55.72375,-22.49465],[-55.72364,-22.49469],[-55.72349,-22.49505],[-55.72307,-22.49522],[-55.72303,-22.49531],[-55.72342,-22.49541],[-55.72397,-22.49525],[-55.72411,-22.4953],[-55.72417,-22.49527],[-55.7242,-22.4951],[-55.72421,-22.49518],[-55.72443,-22.49518],[-55.72439,-22.49496],[-55.72453,-22.49506],[-55.7252,-22.495],[-55.72522,-22.49488],[-55.7251,-22.49459]]]}},{"type":"Feature","properties":{"tipo":"Esporte","nome":"","pais":"BR"},"geometry":{"type":"Polygon","coordinates":[[[-55.7406,-22.49046],[-55.74005,-22.49044],[-55.74003,-22.49114],[-55.74057,-22.49116],[-55.7406,-22.49046]]]}},{"type":"Feature","properties":{"tipo":"Praça / parque","nome":"Praça Lício Borralho","pais":"BR"},"geometry":{"type":"Polygon","coordinates":[[[-55.73146,-22.53716],[-55.73095,-22.53727],[-55.73035,-22.53807],[-55.73054,-22.53864],[-55.73077,-22.53879],[-55.73159,-22.53724],[-55.73146,-22.53716]]]}},{"type":"Feature","properties":{"tipo":"Mata / vegetação","nome":"","pais":"BR"},"geometry":{"type":"Polygon","coordinates":[[[-55.72589,-22.48725],[-55.72574,-22.48714],[-55.72527,-22.48716],[-55.72492,-22.48752],[-55.72483,-22.48792],[-55.72489,-22.48816],[-55.72514,-22.48831],[-55.72522,-22.48847],[-55.72553,-22.48848],[-55.72597,-22.48793],[-55.72599,-22.48745],[-55.72589,-22.48725]]]}},{"type":"Feature","properties":{"tipo":"Mata / vegetação","nome":"","pais":"BR"},"geometry":{"type":"Polygon","coordinates":[[[-55.71625,-22.51218],[-55.71721,-22.51225],[-55.71736,-22.51187],[-55.71735,-22.51178],[-55.7168,-22.51151],[-55.71651,-22.51159],[-55.71648,-22.51166],[-55.71632,-22.51171],[-55.7163,-22.51189],[-55.71636,-22.51206],[-55.71625,-22.51218]]]}},{"type":"Feature","properties":{"tipo":"Mata / vegetação","nome":"","pais":"PY"},"geometry":{"type":"Polygon","coordinates":[[[-55.7694,-22.57339],[-55.76895,-22.57328],[-55.76876,-22.57309],[-55.76854,-22.57301],[-55.76785,-22.57326],[-55.76728,-22.57326],[-55.76678,-22.57345],[-55.76698,-22.5738],[-55.76692,-22.57406],[-55.76716,-22.57405],[-55.76722,-22.57415],[-55.76721,-22.57429],[-55.7674,-22.57422],[-55.76773,-22.57424],[-55.76827,-22.57404],[-55.76863,-22.57382],[-55.76883,-22.5738],[-55.769,-22.57389],[-55.76916,-22.57388],[-55.76939,-22.57357],[-55.7694,-22.57339]]]}},{"type":"Feature","properties":{"tipo":"Esporte","nome":"","pais":"PY"},"geometry":{"type":"Polygon","coordinates":[[[-55.73624,-22.56354],[-55.7359,-22.56336],[-55.73579,-22.56354],[-55.73613,-22.56372],[-55.73624,-22.56354]]]}},{"type":"Feature","properties":{"tipo":"Esporte","nome":"","pais":"PY"},"geometry":{"type":"Polygon","coordinates":[[[-55.73646,-22.56409],[-55.73633,-22.56427],[-55.7366,-22.56444],[-55.73673,-22.56425],[-55.73646,-22.56409]]]}},{"type":"Feature","properties":{"tipo":"Esporte","nome":"","pais":"PY"},"geometry":{"type":"Polygon","coordinates":[[[-55.73673,-22.56425],[-55.73654,-22.56452],[-55.73671,-22.56462],[-55.7369,-22.56436],[-55.73673,-22.56425]]]}},{"type":"Feature","properties":{"tipo":"Esporte","nome":"","pais":"BR"},"geometry":{"type":"Polygon","coordinates":[[[-55.71108,-22.51643],[-55.71097,-22.51587],[-55.71056,-22.51594],[-55.71067,-22.5165],[-55.71108,-22.51643]]]}},{"type":"Feature","properties":{"tipo":"Mata / vegetação","nome":"","pais":"BR"},"geometry":{"type":"Polygon","coordinates":[[[-55.71196,-22.51109],[-55.71146,-22.51081],[-55.71157,-22.51112],[-55.71171,-22.5111],[-55.7116,-22.51166],[-55.71214,-22.51175],[-55.71242,-22.51197],[-55.71258,-22.51198],[-55.71263,-22.5117],[-55.7123,-22.51153],[-55.71204,-22.51152],[-55.71202,-22.51115],[-55.71215,-22.51121],[-55.71218,-22.5114],[-55.71232,-22.51131],[-55.7122,-22.51122],[-55.71216,-22.51104],[-55.71196,-22.51109]]]}},{"type":"Feature","properties":{"tipo":"Esporte","nome":"","pais":"BR"},"geometry":{"type":"Polygon","coordinates":[[[-55.71132,-22.51254],[-55.71085,-22.51251],[-55.71083,-22.51288],[-55.71129,-22.5129],[-55.71132,-22.51254]]]}},{"type":"Feature","properties":{"tipo":"Mata / vegetação","nome":"","pais":"BR"},"geometry":{"type":"Polygon","coordinates":[[[-55.71344,-22.51828],[-55.71342,-22.51779],[-55.71325,-22.51742],[-55.71325,-22.51688],[-55.71321,-22.51698],[-55.71312,-22.51695],[-55.71303,-22.51675],[-55.71293,-22.5167],[-55.71295,-22.51698],[-55.71282,-22.51691],[-55.71278,-22.51673],[-55.71256,-22.51677],[-55.71239,-22.51661],[-55.71228,-22.5171],[-55.71253,-22.51726],[-55.71245,-22.5174],[-55.71254,-22.51748],[-55.71256,-22.51758],[-55.71251,-22.51761],[-55.71239,-22.5175],[-55.71244,-22.51734],[-55.71232,-22.51721],[-55.71219,-22.51728],[-55.71217,-22.51756],[-55.71291,-22.51836],[-55.71336,-22.51847],[-55.71335,-22.51858],[-55.71344,-22.51828]]]}},{"type":"Feature","properties":{"tipo":"Esporte","nome":"","pais":"BR"},"geometry":{"type":"Polygon","coordinates":[[[-55.71333,-22.52469],[-55.71319,-22.52488],[-55.71333,-22.52498],[-55.71347,-22.52479],[-55.71333,-22.52469]]]}},{"type":"Feature","properties":{"tipo":"Esporte","nome":"","pais":"BR"},"geometry":{"type":"Polygon","coordinates":[[[-55.71577,-22.52631],[-55.71557,-22.52618],[-55.71552,-22.52626],[-55.71572,-22.52639],[-55.71577,-22.52631]]]}},{"type":"Feature","properties":{"tipo":"Esporte","nome":"","pais":"BR"},"geometry":{"type":"Polygon","coordinates":[[[-55.70784,-22.52064],[-55.70761,-22.52095],[-55.70776,-22.52105],[-55.708,-22.52074],[-55.70784,-22.52064]]]}},{"type":"Feature","properties":{"tipo":"Esporte","nome":"","pais":"BR"},"geometry":{"type":"Polygon","coordinates":[[[-55.70907,-22.52177],[-55.70876,-22.52158],[-55.70863,-22.52175],[-55.70894,-22.52194],[-55.70907,-22.52177]]]}},{"type":"Feature","properties":{"tipo":"Gramado","nome":"","pais":"PY"},"geometry":{"type":"Polygon","coordinates":[[[-55.74405,-22.51257],[-55.74411,-22.51242],[-55.74388,-22.51236],[-55.74382,-22.51251],[-55.74366,-22.51246],[-55.74332,-22.5129],[-55.74425,-22.51318],[-55.74442,-22.51269],[-55.74405,-22.51257]]]}},{"type":"Feature","properties":{"tipo":"Mata / vegetação","nome":"","pais":"BR"},"geometry":{"type":"Polygon","coordinates":[[[-55.74166,-22.51305],[-55.73985,-22.51153],[-55.73954,-22.51123],[-55.73961,-22.51114],[-55.73928,-22.51094],[-55.73894,-22.51138],[-55.73924,-22.51161],[-55.73813,-22.51304],[-55.73888,-22.51385],[-55.73897,-22.51381],[-55.73906,-22.51394],[-55.73923,-22.51375],[-55.7395,-22.51387],[-55.73961,-22.51413],[-55.73964,-22.5144],[-55.74016,-22.51485],[-55.74166,-22.51305]]]}},{"type":"Feature","properties":{"tipo":"Gramado","nome":"","pais":"BR"},"geometry":{"type":"Polygon","coordinates":[[[-55.72291,-22.52623],[-55.72215,-22.52573],[-55.72209,-22.52578],[-55.722,-22.52571],[-55.72137,-22.5263],[-55.72148,-22.52655],[-55.72221,-22.52713],[-55.72291,-22.52623]]]}},{"type":"Feature","properties":{"tipo":"Esporte","nome":"","pais":"BR"},"geometry":{"type":"Polygon","coordinates":[[[-55.7144,-22.5317],[-55.71474,-22.53122],[-55.71441,-22.53101],[-55.71406,-22.5315],[-55.7144,-22.5317]]]}},{"type":"Feature","properties":{"tipo":"Esporte","nome":"","pais":"BR"},"geometry":{"type":"Polygon","coordinates":[[[-55.71382,-22.53089],[-55.7135,-22.53069],[-55.7133,-22.53097],[-55.71362,-22.53117],[-55.71382,-22.53089]]]}},{"type":"Feature","properties":{"tipo":"Esporte","nome":"","pais":"BR"},"geometry":{"type":"Polygon","coordinates":[[[-55.71419,-22.53069],[-55.71373,-22.53041],[-55.71352,-22.53068],[-55.71398,-22.53097],[-55.71419,-22.53069]]]}},{"type":"Feature","properties":{"tipo":"Esporte","nome":"","pais":"BR"},"geometry":{"type":"Polygon","coordinates":[[[-55.71382,-22.53089],[-55.71362,-22.53117],[-55.71378,-22.53127],[-55.71398,-22.53099],[-55.71382,-22.53089]]]}},{"type":"Feature","properties":{"tipo":"Esporte","nome":"","pais":"PY"},"geometry":{"type":"Polygon","coordinates":[[[-55.73384,-22.54133],[-55.73366,-22.54166],[-55.73382,-22.54174],[-55.734,-22.54141],[-55.73384,-22.54133]]]}},{"type":"Feature","properties":{"tipo":"Esporte","nome":"","pais":"PY"},"geometry":{"type":"Polygon","coordinates":[[[-55.73356,-22.54057],[-55.73343,-22.54082],[-55.73358,-22.54089],[-55.73371,-22.54064],[-55.73356,-22.54057]]]}},{"type":"Feature","properties":{"tipo":"Mata / vegetação","nome":"","pais":"BR"},"geometry":{"type":"Polygon","coordinates":[[[-55.74605,-22.50361],[-55.74581,-22.50333],[-55.74583,-22.50313],[-55.74564,-22.50279],[-55.74561,-22.50242],[-55.74552,-22.50225],[-55.74532,-22.50249],[-55.74513,-22.5026],[-55.74493,-22.50267],[-55.74432,-22.50268],[-55.74394,-22.50284],[-55.74352,-22.50324],[-55.74296,-22.50354],[-55.74275,-22.50357],[-55.74194,-22.50339],[-55.74038,-22.50348],[-55.74049,-22.50363],[-55.74137,-22.50402],[-55.74156,-22.50404],[-55.74182,-22.50377],[-55.74216,-22.50401],[-55.74205,-22.50366],[-55.74221,-22.50357],[-55.74245,-22.50387],[-55.74296,-22.5042],[-55.74305,-22.50436],[-55.74305,-22.50456],[-55.74292,-22.50471],[-55.74273,-22.50482],[-55.7423,-22.50491],[-55.74194,-22.50514],[-55.7422,-22.50531],[-55.74269,-22.50516],[-55.74353,-22.50528],[-55.7439,-22.50486],[-55.74407,-22.50478],[-55.74473,-22.50469],[-55.74512,-22.50467],[-55.74587,-22.50493],[-55.74601,-22.5048],[-55.74625,-22.5036],[-55.74605,-22.50361]]]}},{"type":"Feature","properties":{"tipo":"Mata / vegetação","nome":"","pais":"BR"},"geometry":{"type":"Polygon","coordinates":[[[-55.74627,-22.50289],[-55.74651,-22.5026],[-55.74652,-22.50205],[-55.74675,-22.50177],[-55.74679,-22.50158],[-55.7466,-22.5015],[-55.74622,-22.50165],[-55.746,-22.50166],[-55.74601,-22.50131],[-55.74621,-22.50099],[-55.74623,-22.5008],[-55.74618,-22.50063],[-55.74577,-22.50064],[-55.74567,-22.5008],[-55.74576,-22.50096],[-55.74569,-22.50154],[-55.74549,-22.50187],[-55.7455,-22.50206],[-55.74564,-22.50279],[-55.74583,-22.50313],[-55.74581,-22.50333],[-55.74605,-22.50361],[-55.74625,-22.5036],[-55.74627,-22.50289]]]}},{"type":"Feature","properties":{"tipo":"Mata / vegetação","nome":"","pais":"BR"},"geometry":{"type":"Polygon","coordinates":[[[-55.74273,-22.50482],[-55.74305,-22.50456],[-55.74305,-22.50436],[-55.7428,-22.50407],[-55.74245,-22.50387],[-55.74221,-22.50357],[-55.74205,-22.50366],[-55.74216,-22.50401],[-55.74182,-22.50377],[-55.74156,-22.50404],[-55.74137,-22.50402],[-55.74049,-22.50363],[-55.74038,-22.50348],[-55.74019,-22.50353],[-55.73989,-22.50399],[-55.73992,-22.50424],[-55.74012,-22.50427],[-55.74048,-22.50447],[-55.74088,-22.5046],[-55.74114,-22.5049],[-55.74172,-22.50513],[-55.74194,-22.50514],[-55.7423,-22.50491],[-55.74273,-22.50482]]]}},{"type":"Feature","properties":{"tipo":"Esporte","nome":"","pais":"BR"},"geometry":{"type":"Polygon","coordinates":[[[-55.72184,-22.52598],[-55.72152,-22.52635],[-55.72177,-22.52653],[-55.72208,-22.52616],[-55.72184,-22.52598]]]}},{"type":"Feature","properties":{"tipo":"Esporte","nome":"","pais":"BR"},"geometry":{"type":"Polygon","coordinates":[[[-55.72231,-22.52632],[-55.722,-22.52669],[-55.72224,-22.52687],[-55.72255,-22.5265],[-55.72231,-22.52632]]]}},{"type":"Feature","properties":{"tipo":"Esporte","nome":"","pais":"BR"},"geometry":{"type":"Polygon","coordinates":[[[-55.72261,-22.52649],[-55.72183,-22.52593],[-55.72147,-22.52635],[-55.72225,-22.52692],[-55.72261,-22.52649]]]}},{"type":"Feature","properties":{"tipo":"Mata / vegetação","nome":"","pais":"BR"},"geometry":{"type":"Polygon","coordinates":[[[-55.7369,-22.51985],[-55.73691,-22.51978],[-55.737,-22.51976],[-55.73749,-22.52009],[-55.73767,-22.52006],[-55.73765,-22.51997],[-55.73746,-22.51997],[-55.73739,-22.5198],[-55.73714,-22.5197],[-55.7371,-22.51962],[-55.73748,-22.51911],[-55.73755,-22.51893],[-55.73775,-22.51873],[-55.73781,-22.51852],[-55.73764,-22.5186],[-55.73744,-22.51896],[-55.73698,-22.51955],[-55.73688,-22.5196],[-55.73674,-22.51989],[-55.73729,-22.52015],[-55.73738,-22.52034],[-55.73809,-22.52081],[-55.73826,-22.52083],[-55.7382,-22.52073],[-55.73803,-22.52065],[-55.73784,-22.52035],[-55.73775,-22.52036],[-55.73758,-22.52014],[-55.7369,-22.51985]]]}},{"type":"Feature","properties":{"tipo":"Esporte","nome":"","pais":"BR"},"geometry":{"type":"Polygon","coordinates":[[[-55.72729,-22.53732],[-55.72709,-22.53758],[-55.72727,-22.5377],[-55.72747,-22.53744],[-55.72729,-22.53732]]]}},{"type":"Feature","properties":{"tipo":"Mata / vegetação","nome":"","pais":"BR"},"geometry":{"type":"Polygon","coordinates":[[[-55.70355,-22.55717],[-55.7031,-22.5562],[-55.70247,-22.55453],[-55.70233,-22.5545],[-55.7023,-22.55464],[-55.70236,-22.5548],[-55.70258,-22.55508],[-55.70256,-22.55522],[-55.70263,-22.55536],[-55.70275,-22.55545],[-55.70271,-22.55559],[-55.70283,-22.55568],[-55.70286,-22.55577],[-55.70282,-22.55583],[-55.70289,-22.55591],[-55.70312,-22.55673],[-55.70333,-22.55708],[-55.7035,-22.55721],[-55.70355,-22.55717]]]}},{"type":"Feature","properties":{"tipo":"Mata / vegetação","nome":"","pais":"BR"},"geometry":{"type":"Polygon","coordinates":[[[-55.66325,-22.59217],[-55.66329,-22.59183],[-55.66287,-22.59154],[-55.66263,-22.59159],[-55.66244,-22.59172],[-55.66231,-22.59192],[-55.6624,-22.59213],[-55.6626,-22.59224],[-55.66325,-22.59217]]]}},{"type":"Feature","properties":{"tipo":"Mata / vegetação","nome":"","pais":"BR"},"geometry":{"type":"Polygon","coordinates":[[[-55.74512,-22.48302],[-55.74574,-22.48294],[-55.7458,-22.48267],[-55.74577,-22.48261],[-55.74525,-22.48257],[-55.74522,-22.48244],[-55.74578,-22.48243],[-55.7458,-22.48229],[-55.74593,-22.4822],[-55.74577,-22.48207],[-55.74545,-22.48205],[-55.74543,-22.48212],[-55.74566,-22.48217],[-55.74544,-22.48222],[-55.74561,-22.48236],[-55.74533,-22.4823],[-55.74511,-22.48212],[-55.74504,-22.48212],[-55.74503,-22.48225],[-55.74485,-22.48216],[-55.74475,-22.48233],[-55.7446,-22.48232],[-55.74462,-22.48188],[-55.74456,-22.48184],[-55.74456,-22.48206],[-55.7445,-22.48209],[-55.74451,-22.48265],[-55.74481,-22.48272],[-55.74476,-22.48291],[-55.74512,-22.48302]]]}},{"type":"Feature","properties":{"tipo":"Esporte","nome":"","pais":"BR"},"geometry":{"type":"Polygon","coordinates":[[[-55.72177,-22.53216],[-55.72151,-22.532],[-55.72142,-22.53212],[-55.72168,-22.53228],[-55.72177,-22.53216]]]}},{"type":"Feature","properties":{"tipo":"Esporte","nome":"","pais":"BR"},"geometry":{"type":"Polygon","coordinates":[[[-55.72479,-22.53735],[-55.72465,-22.53726],[-55.72449,-22.53748],[-55.72463,-22.53756],[-55.72479,-22.53735]]]}},{"type":"Feature","properties":{"tipo":"Mata / vegetação","nome":"","pais":"BR"},"geometry":{"type":"Polygon","coordinates":[[[-55.73879,-22.51376],[-55.73781,-22.51274],[-55.73768,-22.51278],[-55.73753,-22.51263],[-55.73739,-22.51272],[-55.73731,-22.51261],[-55.73701,-22.51257],[-55.73705,-22.51277],[-55.73695,-22.51285],[-55.73706,-22.51294],[-55.73715,-22.51298],[-55.73753,-22.51293],[-55.73772,-22.51297],[-55.73783,-22.51308],[-55.73778,-22.51325],[-55.73737,-22.51378],[-55.73744,-22.51383],[-55.73765,-22.51362],[-55.73808,-22.51356],[-55.73839,-22.51382],[-55.7384,-22.51395],[-55.73802,-22.5143],[-55.73815,-22.51449],[-55.73879,-22.51376]]]}},{"type":"Feature","properties":{"tipo":"Gramado","nome":"","pais":"BR"},"geometry":{"type":"Polygon","coordinates":[[[-55.73984,-22.52033],[-55.73963,-22.52034],[-55.73927,-22.52145],[-55.7393,-22.52152],[-55.7394,-22.52151],[-55.73984,-22.52033]]]}},{"type":"Feature","properties":{"tipo":"Praça / parque","nome":"","pais":"BR"},"geometry":{"type":"Polygon","coordinates":[[[-55.70772,-22.52191],[-55.7082,-22.52292],[-55.70856,-22.52245],[-55.70772,-22.52191]]]}},{"type":"Feature","properties":{"tipo":"Praça / parque","nome":"","pais":"BR"},"geometry":{"type":"Polygon","coordinates":[[[-55.7241,-22.51305],[-55.72402,-22.51323],[-55.72444,-22.51338],[-55.7245,-22.51319],[-55.7241,-22.51305]]]}},{"type":"Feature","properties":{"tipo":"Praça / parque","nome":"","pais":"BR"},"geometry":{"type":"Polygon","coordinates":[[[-55.73259,-22.53299],[-55.73283,-22.53266],[-55.73296,-22.53274],[-55.73323,-22.53238],[-55.73291,-22.53217],[-55.73243,-22.53288],[-55.73259,-22.53299]]]}},{"type":"Feature","properties":{"tipo":"Esporte","nome":"","pais":"BR"},"geometry":{"type":"Polygon","coordinates":[[[-55.7252,-22.52763],[-55.72564,-22.52789],[-55.72612,-22.52721],[-55.72569,-22.52695],[-55.7252,-22.52763]]]}},{"type":"Feature","properties":{"tipo":"Esporte","nome":"","pais":"BR"},"geometry":{"type":"Polygon","coordinates":[[[-55.72196,-22.54043],[-55.72181,-22.54034],[-55.72165,-22.54055],[-55.72179,-22.54065],[-55.72196,-22.54043]]]}},{"type":"Feature","properties":{"tipo":"Esporte","nome":"","pais":"BR"},"geometry":{"type":"Polygon","coordinates":[[[-55.72162,-22.5402],[-55.72144,-22.54043],[-55.7216,-22.54053],[-55.72178,-22.5403],[-55.72162,-22.5402]]]}},{"type":"Feature","properties":{"tipo":"Esporte","nome":"","pais":"BR"},"geometry":{"type":"Polygon","coordinates":[[[-55.72075,-22.54007],[-55.72027,-22.53977],[-55.72017,-22.5399],[-55.72064,-22.54021],[-55.72075,-22.54007]]]}},{"type":"Feature","properties":{"tipo":"Esporte","nome":"","pais":"BR"},"geometry":{"type":"Polygon","coordinates":[[[-55.71934,-22.54098],[-55.71981,-22.54128],[-55.72033,-22.54061],[-55.71986,-22.5403],[-55.71934,-22.54098]]]}},{"type":"Feature","properties":{"tipo":"Esporte","nome":"","pais":"BR"},"geometry":{"type":"Polygon","coordinates":[[[-55.72005,-22.54005],[-55.71986,-22.5403],[-55.72033,-22.54061],[-55.72052,-22.54036],[-55.72005,-22.54005]]]}},{"type":"Feature","properties":{"tipo":"Mata / vegetação","nome":"","pais":"BR"},"geometry":{"type":"Polygon","coordinates":[[[-55.71937,-22.54687],[-55.71923,-22.54706],[-55.71932,-22.54722],[-55.7196,-22.54729],[-55.71964,-22.54755],[-55.71989,-22.54757],[-55.72003,-22.54751],[-55.72018,-22.54712],[-55.72013,-22.54701],[-55.72002,-22.54699],[-55.72015,-22.54653],[-55.72,-22.54646],[-55.71977,-22.54666],[-55.71937,-22.54687]]]}},{"type":"Feature","properties":{"tipo":"Mata / vegetação","nome":"","pais":"BR"},"geometry":{"type":"Polygon","coordinates":[[[-55.70544,-22.52381],[-55.7049,-22.52375],[-55.70476,-22.52377],[-55.70466,-22.52388],[-55.70425,-22.52481],[-55.70412,-22.52543],[-55.70356,-22.52663],[-55.70352,-22.52683],[-55.70358,-22.52695],[-55.70384,-22.52706],[-55.70422,-22.5271],[-55.70414,-22.52659],[-55.70526,-22.52433],[-55.70544,-22.52381]]]}},{"type":"Feature","properties":{"tipo":"Mata / vegetação","nome":"","pais":"BR"},"geometry":{"type":"Polygon","coordinates":[[[-55.68257,-22.51379],[-55.68278,-22.51335],[-55.68273,-22.51315],[-55.68254,-22.51279],[-55.68207,-22.51229],[-55.68185,-22.51153],[-55.68166,-22.51131],[-55.6809,-22.51111],[-55.68042,-22.51111],[-55.67991,-22.51126],[-55.6795,-22.51157],[-55.67911,-22.51169],[-55.67893,-22.5119],[-55.67904,-22.51229],[-55.67893,-22.51284],[-55.67911,-22.51324],[-55.67924,-22.51329],[-55.67953,-22.51327],[-55.68005,-22.51298],[-55.68019,-22.51298],[-55.68041,-22.51315],[-55.68057,-22.51352],[-55.68099,-22.51389],[-55.68138,-22.51406],[-55.6818,-22.51406],[-55.68236,-22.51395],[-55.68257,-22.51379]]]}},{"type":"Feature","properties":{"tipo":"Mata / vegetação","nome":"","pais":"BR"},"geometry":{"type":"Polygon","coordinates":[[[-55.67865,-22.51479],[-55.67946,-22.51444],[-55.67974,-22.51447],[-55.67997,-22.51459],[-55.67983,-22.51494],[-55.67994,-22.51502],[-55.68023,-22.51502],[-55.6802,-22.51468],[-55.68062,-22.51465],[-55.68074,-22.51459],[-55.68074,-22.51446],[-55.68023,-22.51421],[-55.67998,-22.5142],[-55.67961,-22.51431],[-55.6794,-22.51417],[-55.67843,-22.51389],[-55.67815,-22.51349],[-55.67754,-22.51356],[-55.67727,-22.51347],[-55.67707,-22.51304],[-55.6769,-22.51296],[-55.67616,-22.51309],[-55.67596,-22.5133],[-55.67547,-22.51346],[-55.67544,-22.51359],[-55.67556,-22.51366],[-55.67557,-22.51393],[-55.67568,-22.51406],[-55.67622,-22.51406],[-55.67638,-22.5142],[-55.67652,-22.51422],[-55.67677,-22.51415],[-55.67728,-22.51422],[-55.67754,-22.51433],[-55.67775,-22.51455],[-55.67865,-22.51479]]]}},{"type":"Feature","properties":{"tipo":"Esporte","nome":"","pais":"BR"},"geometry":{"type":"Polygon","coordinates":[[[-55.73148,-22.49587],[-55.73128,-22.49589],[-55.73132,-22.49626],[-55.73153,-22.49624],[-55.73148,-22.49587]]]}},{"type":"Feature","properties":{"tipo":"Mata / vegetação","nome":"","pais":"BR"},"geometry":{"type":"Polygon","coordinates":[[[-55.71093,-22.55302],[-55.71108,-22.55295],[-55.71084,-22.55279],[-55.7108,-22.55263],[-55.71074,-22.55273],[-55.7107,-22.55271],[-55.71066,-22.55249],[-55.71044,-22.55232],[-55.71034,-22.55201],[-55.71025,-22.55205],[-55.71021,-22.55183],[-55.71025,-22.55179],[-55.71015,-22.55174],[-55.71009,-22.55148],[-55.71015,-22.5511],[-55.70999,-22.55101],[-55.71,-22.5509],[-55.70987,-22.55081],[-55.70989,-22.5507],[-55.70978,-22.55056],[-55.70967,-22.55072],[-55.70979,-22.55074],[-55.70969,-22.55095],[-55.70988,-22.55109],[-55.70987,-22.5513],[-55.70999,-22.55141],[-55.70985,-22.55152],[-55.70982,-22.55162],[-55.71011,-22.5519],[-55.71005,-22.55199],[-55.71019,-22.55222],[-55.71016,-22.55235],[-55.7104,-22.55261],[-55.71037,-22.55272],[-55.71058,-22.55275],[-55.7105,-22.55284],[-55.71054,-22.55288],[-55.71078,-22.55286],[-55.71083,-22.55299],[-55.71093,-22.55302]]]}},{"type":"Feature","properties":{"tipo":"Gramado","nome":"","pais":"BR"},"geometry":{"type":"Polygon","coordinates":[[[-55.70781,-22.55907],[-55.70792,-22.55926],[-55.70961,-22.55873],[-55.70949,-22.55846],[-55.70922,-22.55851],[-55.70781,-22.55907]]]}},{"type":"Feature","properties":{"tipo":"Praça / parque","nome":"","pais":"PY"},"geometry":{"type":"Polygon","coordinates":[[[-55.79725,-22.58041],[-55.797,-22.58089],[-55.79773,-22.58122],[-55.79798,-22.58074],[-55.79725,-22.58041]]]}},{"type":"Feature","properties":{"tipo":"Praça / parque","nome":"","pais":"PY"},"geometry":{"type":"Polygon","coordinates":[[[-55.79798,-22.58074],[-55.79773,-22.58122],[-55.79802,-22.58136],[-55.79827,-22.58087],[-55.79798,-22.58074]]]}},{"type":"Feature","properties":{"tipo":"Mata / vegetação","nome":"","pais":"PY"},"geometry":{"type":"Polygon","coordinates":[[[-55.75504,-22.53357],[-55.75481,-22.53344],[-55.75483,-22.53331],[-55.75476,-22.53343],[-55.75462,-22.53337],[-55.75469,-22.53332],[-55.75455,-22.53314],[-55.75433,-22.53304],[-55.75418,-22.53285],[-55.75395,-22.53285],[-55.75394,-22.53293],[-55.75378,-22.53293],[-55.75373,-22.53304],[-55.75365,-22.53306],[-55.75368,-22.53312],[-55.75354,-22.53309],[-55.75353,-22.53318],[-55.75359,-22.53322],[-55.75342,-22.5332],[-55.75336,-22.53332],[-55.75344,-22.5334],[-55.7533,-22.53348],[-55.75337,-22.53358],[-55.75343,-22.53356],[-55.75374,-22.53319],[-55.75381,-22.53317],[-55.75373,-22.53322],[-55.75375,-22.53337],[-55.75364,-22.53338],[-55.75348,-22.5336],[-55.75367,-22.53354],[-55.75373,-22.53363],[-55.75379,-22.53356],[-55.75373,-22.53353],[-55.75386,-22.53347],[-55.75389,-22.53339],[-55.75404,-22.53353],[-55.75399,-22.53352],[-55.75391,-22.53368],[-55.75382,-22.53366],[-55.7538,-22.5338],[-55.75371,-22.53387],[-55.7535,-22.53384],[-55.7535,-22.53374],[-55.75342,-22.53386],[-55.75351,-22.53395],[-55.75367,-22.53394],[-55.75364,-22.53401],[-55.75376,-22.53412],[-55.75372,-22.53399],[-55.75392,-22.53377],[-55.754,-22.53392],[-55.75383,-22.53405],[-55.75389,-22.53413],[-55.75394,-22.53407],[-55.75406,-22.53417],[-55.7541,-22.53414],[-55.75404,-22.53407],[-55.75413,-22.53406],[-55.75411,-22.53398],[-55.75428,-22.534],[-55.75417,-22.5339],[-55.75423,-22.53388],[-55.75423,-22.53379],[-55.75428,-22.53387],[-55.75432,-22.53383],[-55.75426,-22.53371],[-55.75429,-22.5336],[-55.75502,-22.53397],[-55.75504,-22.53384],[-55.75518,-22.53365],[-55.7551,-22.53353],[-55.75504,-22.53357]]]}},{"type":"Feature","properties":{"tipo":"Mata / vegetação","nome":"","pais":"PY"},"geometry":{"type":"Polygon","coordinates":[[[-55.77432,-22.548],[-55.77524,-22.54747],[-55.77549,-22.54692],[-55.77584,-22.5467],[-55.77592,-22.54652],[-55.77638,-22.5461],[-55.77639,-22.5459],[-55.77631,-22.54573],[-55.77609,-22.54569],[-55.77613,-22.54548],[-55.77653,-22.54473],[-55.77654,-22.54453],[-55.77643,-22.54435],[-55.77624,-22.54446],[-55.77589,-22.54522],[-55.77568,-22.54527],[-55.77552,-22.54542],[-55.7752,-22.546],[-55.77503,-22.54615],[-55.77508,-22.54635],[-55.77522,-22.5462],[-55.77544,-22.5462],[-55.77542,-22.5464],[-55.77516,-22.54657],[-55.77486,-22.54703],[-55.77385,-22.5476],[-55.77367,-22.54788],[-55.77377,-22.54807],[-55.7736,-22.54808],[-55.7733,-22.54824],[-55.77311,-22.54849],[-55.77274,-22.54874],[-55.77244,-22.54936],[-55.77241,-22.54951],[-55.77246,-22.5496],[-55.77265,-22.54969],[-55.77281,-22.54966],[-55.7727,-22.54943],[-55.7728,-22.54932],[-55.77303,-22.54954],[-55.77327,-22.54957],[-55.77353,-22.5495],[-55.77351,-22.54941],[-55.77333,-22.5493],[-55.77355,-22.54915],[-55.77356,-22.549],[-55.7739,-22.54882],[-55.77398,-22.54857],[-55.77395,-22.54827],[-55.77444,-22.54817],[-55.7745,-22.54809],[-55.77432,-22.548]]]}},{"type":"Feature","properties":{"tipo":"Mata / vegetação","nome":"","pais":"BR"},"geometry":{"type":"Polygon","coordinates":[[[-55.72791,-22.52071],[-55.7278,-22.52055],[-55.72799,-22.52056],[-55.72835,-22.52037],[-55.72852,-22.52039],[-55.72835,-22.52071],[-55.72854,-22.5206],[-55.72887,-22.52012],[-55.72885,-22.52002],[-55.72746,-22.52045],[-55.72756,-22.52079],[-55.7278,-22.52084],[-55.72804,-22.52106],[-55.7281,-22.52103],[-55.72807,-22.52088],[-55.72821,-22.52085],[-55.72826,-22.52075],[-55.72809,-22.52059],[-55.72791,-22.52071]]]}},{"type":"Feature","properties":{"tipo":"Esporte","nome":"","pais":"PY"},"geometry":{"type":"Polygon","coordinates":[[[-55.70153,-22.58206],[-55.70141,-22.58218],[-55.70163,-22.58237],[-55.70176,-22.58225],[-55.70153,-22.58206]]]}},{"type":"Feature","properties":{"tipo":"Mata / vegetação","nome":"","pais":"PY"},"geometry":{"type":"Polygon","coordinates":[[[-55.7775,-22.52388],[-55.77747,-22.52409],[-55.77761,-22.52493],[-55.77792,-22.52518],[-55.77796,-22.52539],[-55.77816,-22.52553],[-55.77859,-22.52545],[-55.77921,-22.52562],[-55.77932,-22.52601],[-55.77947,-22.52616],[-55.77987,-22.52627],[-55.78006,-22.52642],[-55.78026,-22.52639],[-55.78042,-22.52626],[-55.78058,-22.5259],[-55.78038,-22.52553],[-55.78018,-22.5254],[-55.77974,-22.52537],[-55.77959,-22.5252],[-55.77971,-22.52502],[-55.77991,-22.52493],[-55.78003,-22.52477],[-55.78023,-22.52486],[-55.78067,-22.52485],[-55.78073,-22.52466],[-55.78067,-22.52445],[-55.78002,-22.52427],[-55.77987,-22.52445],[-55.77984,-22.52465],[-55.77966,-22.5248],[-55.77942,-22.52473],[-55.77895,-22.52479],[-55.77878,-22.52464],[-55.7787,-22.52443],[-55.77839,-22.52412],[-55.77849,-22.52373],[-55.77838,-22.52355],[-55.77816,-22.5235],[-55.77787,-22.52382],[-55.77767,-22.52372],[-55.7775,-22.52388]]]}},{"type":"Feature","properties":{"tipo":"Mata / vegetação","nome":"","pais":"PY"},"geometry":{"type":"Polygon","coordinates":[[[-55.78103,-22.52273],[-55.78086,-22.52297],[-55.78098,-22.52302],[-55.78131,-22.52306],[-55.7816,-22.52321],[-55.78194,-22.52314],[-55.78224,-22.52328],[-55.78223,-22.52347],[-55.78213,-22.52351],[-55.78184,-22.52342],[-55.7818,-22.52363],[-55.78166,-22.52378],[-55.78153,-22.52429],[-55.78165,-22.52448],[-55.78186,-22.52459],[-55.78235,-22.52467],[-55.78253,-22.5248],[-55.78287,-22.52482],[-55.78297,-22.52474],[-55.78304,-22.52452],[-55.78309,-22.52361],[-55.78303,-22.5233],[-55.7831,-22.5229],[-55.78249,-22.52271],[-55.78103,-22.52273]]]}},{"type":"Feature","properties":{"tipo":"Mata / vegetação","nome":"","pais":"PY"},"geometry":{"type":"Polygon","coordinates":[[[-55.78353,-22.52778],[-55.78309,-22.52779],[-55.78308,-22.52857],[-55.78324,-22.52852],[-55.7841,-22.52858],[-55.78396,-22.5283],[-55.78353,-22.52778]]]}},{"type":"Feature","properties":{"tipo":"Mata / vegetação","nome":"","pais":"PY"},"geometry":{"type":"Polygon","coordinates":[[[-55.78537,-22.53026],[-55.78506,-22.5308],[-55.78509,-22.53095],[-55.78547,-22.53121],[-55.78573,-22.53116],[-55.78591,-22.53101],[-55.78612,-22.531],[-55.78643,-22.53082],[-55.7865,-22.53068],[-55.7866,-22.5307],[-55.78657,-22.53061],[-55.7863,-22.53063],[-55.78609,-22.53053],[-55.78615,-22.53045],[-55.78635,-22.53041],[-55.7864,-22.53027],[-55.78636,-22.53013],[-55.78642,-22.53],[-55.78607,-22.52995],[-55.78583,-22.52979],[-55.78565,-22.52998],[-55.78562,-22.53013],[-55.78537,-22.53026]]]}},{"type":"Feature","properties":{"tipo":"Mata / vegetação","nome":"","pais":"PY"},"geometry":{"type":"Polygon","coordinates":[[[-55.78492,-22.531],[-55.78491,-22.5312],[-55.78521,-22.53161],[-55.78519,-22.53181],[-55.78538,-22.53187],[-55.78524,-22.53226],[-55.78549,-22.53242],[-55.7856,-22.53225],[-55.78549,-22.53219],[-55.78559,-22.53215],[-55.78568,-22.53222],[-55.78588,-22.53215],[-55.78601,-22.53228],[-55.78611,-22.53227],[-55.78612,-22.53217],[-55.78593,-22.53207],[-55.78599,-22.53188],[-55.78595,-22.53178],[-55.78583,-22.5318],[-55.78566,-22.53167],[-55.78551,-22.53139],[-55.78561,-22.53135],[-55.78559,-22.53125],[-55.78526,-22.53125],[-55.78507,-22.53099],[-55.78492,-22.531]]]}},{"type":"Feature","properties":{"tipo":"Mata / vegetação","nome":"","pais":"PY"},"geometry":{"type":"Polygon","coordinates":[[[-55.78307,-22.52948],[-55.78311,-22.53046],[-55.78324,-22.5307],[-55.78341,-22.53079],[-55.78349,-22.53067],[-55.78359,-22.53064],[-55.78351,-22.53059],[-55.78353,-22.53054],[-55.78378,-22.5304],[-55.78371,-22.53032],[-55.78379,-22.5302],[-55.78369,-22.53002],[-55.78371,-22.52988],[-55.78364,-22.52968],[-55.78323,-22.52957],[-55.78321,-22.52948],[-55.78307,-22.52948]]]}},{"type":"Feature","properties":{"tipo":"Mata / vegetação","nome":"","pais":"PY"},"geometry":{"type":"Polygon","coordinates":[[[-55.78857,-22.52946],[-55.78813,-22.52976],[-55.78765,-22.52979],[-55.78737,-22.52995],[-55.78705,-22.52989],[-55.78676,-22.53],[-55.7867,-22.52991],[-55.7865,-22.52991],[-55.78646,-22.52985],[-55.78641,-22.53015],[-55.78663,-22.53013],[-55.78662,-22.53028],[-55.78672,-22.53022],[-55.78675,-22.53031],[-55.78682,-22.53028],[-55.78694,-22.5304],[-55.78704,-22.53035],[-55.78719,-22.53042],[-55.78742,-22.53028],[-55.78747,-22.53018],[-55.7876,-22.53025],[-55.78775,-22.53018],[-55.78786,-22.53022],[-55.78836,-22.53011],[-55.78853,-22.53014],[-55.7886,-22.52995],[-55.78857,-22.52946]]]}},{"type":"Feature","properties":{"tipo":"Mata / vegetação","nome":"","pais":"PY"},"geometry":{"type":"Polygon","coordinates":[[[-55.70389,-22.58373],[-55.70231,-22.58536],[-55.70317,-22.58607],[-55.70475,-22.58445],[-55.70389,-22.58373]]]}},{"type":"Feature","properties":{"tipo":"Mata / vegetação","nome":"","pais":"PY"},"geometry":{"type":"Polygon","coordinates":[[[-55.77216,-22.51876],[-55.77234,-22.51853],[-55.77276,-22.51845],[-55.77298,-22.51811],[-55.77309,-22.51809],[-55.77325,-22.5182],[-55.77333,-22.51813],[-55.77311,-22.51803],[-55.77322,-22.51799],[-55.7734,-22.51808],[-55.77333,-22.5173],[-55.77302,-22.51722],[-55.77305,-22.51712],[-55.773,-22.51703],[-55.77276,-22.517],[-55.77245,-22.5167],[-55.77214,-22.51683],[-55.77229,-22.51732],[-55.77229,-22.51752],[-55.77194,-22.51769],[-55.77173,-22.5177],[-55.77165,-22.51788],[-55.77162,-22.51778],[-55.77151,-22.51778],[-55.77111,-22.51814],[-55.77099,-22.51832],[-55.77102,-22.51841],[-55.77089,-22.51857],[-55.7705,-22.51878],[-55.77028,-22.51881],[-55.77035,-22.51889],[-55.77114,-22.51891],[-55.77167,-22.51888],[-55.77216,-22.51876]]]}},{"type":"Feature","properties":{"tipo":"Mata / vegetação","nome":"","pais":"PY"},"geometry":{"type":"Polygon","coordinates":[[[-55.76832,-22.54565],[-55.7678,-22.54557],[-55.76777,-22.54571],[-55.76794,-22.54569],[-55.76823,-22.54585],[-55.76843,-22.54659],[-55.76859,-22.54657],[-55.76876,-22.54638],[-55.76885,-22.54642],[-55.76896,-22.54663],[-55.76918,-22.54656],[-55.76932,-22.54613],[-55.76918,-22.54561],[-55.76858,-22.54558],[-55.76832,-22.54565]]]}},{"type":"Feature","properties":{"tipo":"Mata / vegetação","nome":"","pais":"PY"},"geometry":{"type":"Polygon","coordinates":[[[-55.76819,-22.54687],[-55.76825,-22.54666],[-55.76838,-22.5466],[-55.7684,-22.54651],[-55.76825,-22.54617],[-55.76825,-22.54602],[-55.76814,-22.54602],[-55.76815,-22.54583],[-55.76789,-22.54575],[-55.76745,-22.54595],[-55.76742,-22.54621],[-55.76732,-22.54627],[-55.76731,-22.54637],[-55.76747,-22.54651],[-55.76757,-22.5465],[-55.76763,-22.5467],[-55.768,-22.54696],[-55.768,-22.54718],[-55.76809,-22.54725],[-55.7682,-22.54726],[-55.76837,-22.54714],[-55.76836,-22.54699],[-55.76819,-22.54687]]]}},{"type":"Feature","properties":{"tipo":"Mata / vegetação","nome":"","pais":"PY"},"geometry":{"type":"Polygon","coordinates":[[[-55.76833,-22.54805],[-55.76829,-22.54786],[-55.76796,-22.54769],[-55.76794,-22.54745],[-55.76758,-22.54737],[-55.76712,-22.54764],[-55.76685,-22.54802],[-55.767,-22.54806],[-55.76746,-22.54797],[-55.76783,-22.54805],[-55.76803,-22.54797],[-55.7681,-22.54805],[-55.76826,-22.54807],[-55.76833,-22.54805]]]}},{"type":"Feature","properties":{"tipo":"Mata / vegetação","nome":"","pais":"PY"},"geometry":{"type":"Polygon","coordinates":[[[-55.77089,-22.54565],[-55.77087,-22.54557],[-55.77066,-22.54553],[-55.76961,-22.54566],[-55.76945,-22.54585],[-55.76943,-22.54666],[-55.76953,-22.54667],[-55.76964,-22.54657],[-55.76971,-22.54673],[-55.76987,-22.54667],[-55.77029,-22.54674],[-55.77041,-22.54654],[-55.77039,-22.54688],[-55.77054,-22.5469],[-55.77067,-22.54706],[-55.77076,-22.54706],[-55.77079,-22.54687],[-55.77091,-22.54691],[-55.77102,-22.54674],[-55.77099,-22.54664],[-55.77078,-22.54656],[-55.77078,-22.54646],[-55.77104,-22.54653],[-55.77114,-22.54636],[-55.77104,-22.54619],[-55.77085,-22.54629],[-55.77053,-22.54617],[-55.77048,-22.54603],[-55.77065,-22.54574],[-55.7705,-22.54575],[-55.77048,-22.5457],[-55.77057,-22.54559],[-55.77089,-22.54565]]]}},{"type":"Feature","properties":{"tipo":"Mata / vegetação","nome":"","pais":"PY"},"geometry":{"type":"Polygon","coordinates":[[[-55.76937,-22.54683],[-55.76942,-22.54697],[-55.76948,-22.54697],[-55.76937,-22.54705],[-55.76945,-22.54718],[-55.76937,-22.54736],[-55.7694,-22.54757],[-55.76968,-22.54781],[-55.76991,-22.54793],[-55.77009,-22.54784],[-55.7701,-22.54776],[-55.76996,-22.54769],[-55.76998,-22.54764],[-55.77014,-22.54764],[-55.77023,-22.54753],[-55.77046,-22.54751],[-55.77054,-22.54745],[-55.77042,-22.54735],[-55.77039,-22.54722],[-55.77056,-22.5473],[-55.77069,-22.54716],[-55.77024,-22.5469],[-55.7701,-22.54693],[-55.77018,-22.5468],[-55.7701,-22.54673],[-55.76988,-22.54678],[-55.76969,-22.54691],[-55.76937,-22.54683]]]}},{"type":"Feature","properties":{"tipo":"Mata / vegetação","nome":"","pais":"PY"},"geometry":{"type":"Polygon","coordinates":[[[-55.78563,-22.54524],[-55.78499,-22.54624],[-55.7852,-22.54646],[-55.78551,-22.54641],[-55.78585,-22.5459],[-55.78588,-22.54571],[-55.78614,-22.54528],[-55.78631,-22.54515],[-55.78632,-22.54505],[-55.78624,-22.54498],[-55.7858,-22.5451],[-55.78563,-22.54524]]]}},{"type":"Feature","properties":{"tipo":"Mata / vegetação","nome":"","pais":"PY"},"geometry":{"type":"Polygon","coordinates":[[[-55.73295,-22.54417],[-55.73291,-22.54424],[-55.73301,-22.54428],[-55.73307,-22.54409],[-55.7329,-22.54405],[-55.73288,-22.54395],[-55.7331,-22.54401],[-55.73323,-22.54389],[-55.7332,-22.5438],[-55.73245,-22.54344],[-55.73227,-22.54342],[-55.73224,-22.5435],[-55.73215,-22.54344],[-55.73222,-22.54336],[-55.73217,-22.5432],[-55.73211,-22.5433],[-55.7319,-22.54317],[-55.7318,-22.54319],[-55.73178,-22.5433],[-55.73167,-22.54325],[-55.73176,-22.5434],[-55.732,-22.54336],[-55.73206,-22.54354],[-55.73244,-22.54361],[-55.73248,-22.54376],[-55.73226,-22.54374],[-55.73248,-22.54386],[-55.73259,-22.54384],[-55.73264,-22.54393],[-55.73236,-22.54392],[-55.73236,-22.544],[-55.7326,-22.54402],[-55.73252,-22.54405],[-55.73267,-22.54417],[-55.73281,-22.54413],[-55.73295,-22.54417]]]}},{"type":"Feature","properties":{"tipo":"Mata / vegetação","nome":"","pais":"PY"},"geometry":{"type":"Polygon","coordinates":[[[-55.77414,-22.52227],[-55.77421,-22.52202],[-55.77414,-22.52192],[-55.77403,-22.5219],[-55.7738,-22.52159],[-55.77357,-22.5215],[-55.77338,-22.52156],[-55.7734,-22.52126],[-55.77352,-22.52119],[-55.77372,-22.5207],[-55.77351,-22.52096],[-55.77334,-22.521],[-55.7734,-22.52117],[-55.77335,-22.52131],[-55.77324,-22.52141],[-55.77322,-22.52154],[-55.77298,-22.52175],[-55.77314,-22.52184],[-55.7734,-22.52175],[-55.77347,-22.5219],[-55.7737,-22.5219],[-55.77392,-22.52202],[-55.77388,-22.52209],[-55.77397,-22.52218],[-55.77414,-22.52227]]]}},{"type":"Feature","properties":{"tipo":"Mata / vegetação","nome":"","pais":"PY"},"geometry":{"type":"Polygon","coordinates":[[[-55.78785,-22.52277],[-55.78753,-22.5229],[-55.78747,-22.52288],[-55.78751,-22.52273],[-55.78738,-22.5227],[-55.78694,-22.5227],[-55.78683,-22.52276],[-55.78665,-22.5227],[-55.78657,-22.52284],[-55.78616,-22.52276],[-55.78572,-22.52282],[-55.78564,-22.52289],[-55.78563,-22.52316],[-55.78592,-22.52316],[-55.78611,-22.52346],[-55.78654,-22.52348],[-55.7868,-22.52361],[-55.78699,-22.52395],[-55.78718,-22.52408],[-55.78724,-22.524],[-55.78717,-22.52391],[-55.78726,-22.52377],[-55.78767,-22.52396],[-55.78778,-22.52392],[-55.78778,-22.52382],[-55.78795,-22.52376],[-55.78794,-22.52367],[-55.78771,-22.52357],[-55.78762,-22.52337],[-55.78766,-22.52326],[-55.78777,-22.52325],[-55.78789,-22.52343],[-55.78806,-22.52347],[-55.78839,-22.52318],[-55.78828,-22.52292],[-55.78811,-22.52277],[-55.78794,-22.52282],[-55.78785,-22.52277]]]}},{"type":"Feature","properties":{"tipo":"Mata / vegetação","nome":"","pais":"PY"},"geometry":{"type":"Polygon","coordinates":[[[-55.77604,-22.52871],[-55.77687,-22.52915],[-55.77727,-22.52953],[-55.77757,-22.52968],[-55.7785,-22.52973],[-55.77906,-22.52999],[-55.77937,-22.52985],[-55.78023,-22.53016],[-55.78052,-22.53015],[-55.78115,-22.52976],[-55.78113,-22.52929],[-55.78091,-22.52908],[-55.78039,-22.52898],[-55.77936,-22.52836],[-55.77839,-22.52854],[-55.77785,-22.52878],[-55.77722,-22.52862],[-55.77692,-22.52874],[-55.77604,-22.52871]]]}},{"type":"Feature","properties":{"tipo":"Mata / vegetação","nome":"","pais":"PY"},"geometry":{"type":"Polygon","coordinates":[[[-55.7762,-22.52939],[-55.7754,-22.52873],[-55.77499,-22.52885],[-55.77446,-22.52858],[-55.77427,-22.52869],[-55.77437,-22.52886],[-55.77487,-22.52918],[-55.77517,-22.52947],[-55.77548,-22.52962],[-55.77568,-22.52988],[-55.77605,-22.53005],[-55.7762,-22.53006],[-55.77633,-22.53],[-55.77639,-22.52984],[-55.7762,-22.52939]]]}},{"type":"Feature","properties":{"tipo":"Mata / vegetação","nome":"","pais":"PY"},"geometry":{"type":"Polygon","coordinates":[[[-55.77452,-22.5309],[-55.77319,-22.53029],[-55.77249,-22.52969],[-55.77185,-22.52948],[-55.7717,-22.52917],[-55.77154,-22.52903],[-55.7711,-22.52885],[-55.77091,-22.5289],[-55.77057,-22.52938],[-55.77029,-22.52942],[-55.76986,-22.53011],[-55.7699,-22.53057],[-55.77012,-22.53074],[-55.77053,-22.53087],[-55.77065,-22.53107],[-55.77093,-22.53128],[-55.77129,-22.53132],[-55.77141,-22.53145],[-55.77142,-22.53166],[-55.77121,-22.53199],[-55.77129,-22.53215],[-55.77163,-22.53221],[-55.77216,-22.53198],[-55.77274,-22.53205],[-55.77317,-22.53226],[-55.77345,-22.53256],[-55.774,-22.53261],[-55.77463,-22.53281],[-55.77473,-22.53301],[-55.77533,-22.53349],[-55.77581,-22.5335],[-55.77617,-22.53286],[-55.77635,-22.53288],[-55.77692,-22.53318],[-55.77715,-22.53313],[-55.77721,-22.5326],[-55.77661,-22.53203],[-55.77672,-22.53176],[-55.77535,-22.53114],[-55.77452,-22.5309]]]}},{"type":"Feature","properties":{"tipo":"Mata / vegetação","nome":"","pais":"PY"},"geometry":{"type":"Polygon","coordinates":[[[-55.74619,-22.54804],[-55.7463,-22.54816],[-55.74639,-22.5484],[-55.74677,-22.54875],[-55.74679,-22.54863],[-55.74684,-22.54869],[-55.7469,-22.5486],[-55.74686,-22.54845],[-55.74703,-22.54842],[-55.74702,-22.54816],[-55.74713,-22.54817],[-55.74725,-22.54806],[-55.74713,-22.54783],[-55.74704,-22.54788],[-55.74714,-22.54802],[-55.74701,-22.54812],[-55.74687,-22.54801],[-55.74677,-22.54803],[-55.74669,-22.54793],[-55.74672,-22.54785],[-55.74658,-22.54801],[-55.74643,-22.5478],[-55.74637,-22.54791],[-55.74625,-22.54787],[-55.74612,-22.54796],[-55.74611,-22.54803],[-55.74619,-22.54804]]]}},{"type":"Feature","properties":{"tipo":"Mata / vegetação","nome":"","pais":"PY"},"geometry":{"type":"Polygon","coordinates":[[[-55.74451,-22.5496],[-55.74408,-22.54964],[-55.74406,-22.54978],[-55.74423,-22.54986],[-55.74427,-22.54982],[-55.74463,-22.54985],[-55.74502,-22.55001],[-55.74504,-22.54995],[-55.74493,-22.54983],[-55.74506,-22.54974],[-55.74495,-22.54969],[-55.74511,-22.54965],[-55.74509,-22.54953],[-55.74519,-22.54948],[-55.7452,-22.54959],[-55.74539,-22.54976],[-55.74556,-22.54981],[-55.74565,-22.54971],[-55.7457,-22.54981],[-55.74588,-22.54984],[-55.74594,-22.54999],[-55.74605,-22.54997],[-55.74608,-22.54987],[-55.74575,-22.54971],[-55.7457,-22.54962],[-55.74558,-22.54957],[-55.74559,-22.5495],[-55.74542,-22.54941],[-55.74558,-22.54926],[-55.74548,-22.5491],[-55.74524,-22.5491],[-55.74515,-22.54902],[-55.74501,-22.5491],[-55.74504,-22.54927],[-55.74513,-22.54932],[-55.74503,-22.54937],[-55.74503,-22.54944],[-55.74451,-22.5496]]]}},{"type":"Feature","properties":{"tipo":"Mata / vegetação","nome":"","pais":"PY"},"geometry":{"type":"Polygon","coordinates":[[[-55.7694,-22.52221],[-55.769,-22.52247],[-55.7689,-22.52287],[-55.76881,-22.52299],[-55.76862,-22.52305],[-55.76854,-22.5232],[-55.76855,-22.5233],[-55.76887,-22.52309],[-55.76933,-22.5234],[-55.76954,-22.52342],[-55.76954,-22.52333],[-55.76933,-22.52317],[-55.76928,-22.52302],[-55.76966,-22.52272],[-55.76975,-22.5225],[-55.76951,-22.52221],[-55.7694,-22.52221]]]}},{"type":"Feature","properties":{"tipo":"Mata / vegetação","nome":"","pais":"PY"},"geometry":{"type":"Polygon","coordinates":[[[-55.762,-22.52072],[-55.76166,-22.52081],[-55.76164,-22.52088],[-55.76136,-22.52088],[-55.76126,-22.52094],[-55.76101,-22.52086],[-55.76102,-22.52115],[-55.76143,-22.52122],[-55.76106,-22.52132],[-55.7609,-22.52126],[-55.76085,-22.52128],[-55.76089,-22.52143],[-55.76097,-22.52148],[-55.76106,-22.52141],[-55.76116,-22.52153],[-55.76126,-22.52153],[-55.76145,-22.52142],[-55.76214,-22.52124],[-55.76221,-22.52112],[-55.76203,-22.5211],[-55.76207,-22.52107],[-55.76201,-22.52098],[-55.76206,-22.5209],[-55.76224,-22.52082],[-55.762,-22.52072]]]}},{"type":"Feature","properties":{"tipo":"Mata / vegetação","nome":"","pais":"PY"},"geometry":{"type":"Polygon","coordinates":[[[-55.78186,-22.52135],[-55.78238,-22.52149],[-55.7824,-22.52159],[-55.78239,-22.52179],[-55.7823,-22.52185],[-55.78175,-22.52152],[-55.78141,-22.52125],[-55.7811,-22.52124],[-55.78111,-22.52144],[-55.78161,-22.52169],[-55.78145,-22.52206],[-55.78125,-22.52201],[-55.78116,-22.52207],[-55.78113,-22.52217],[-55.78125,-22.52233],[-55.7811,-22.5226],[-55.78118,-22.52267],[-55.78293,-22.52268],[-55.783,-22.5226],[-55.78307,-22.5223],[-55.78303,-22.52159],[-55.78309,-22.52088],[-55.78298,-22.52088],[-55.7828,-22.52145],[-55.78269,-22.52143],[-55.78247,-22.52108],[-55.78196,-22.52103],[-55.7816,-22.52078],[-55.7815,-22.5206],[-55.78092,-22.52058],[-55.78047,-22.52027],[-55.78043,-22.52018],[-55.7803,-22.52017],[-55.78033,-22.52004],[-55.78024,-22.51994],[-55.78027,-22.51987],[-55.78003,-22.51981],[-55.77999,-22.51974],[-55.77985,-22.51971],[-55.77987,-22.51963],[-55.77975,-22.51955],[-55.77932,-22.5194],[-55.77917,-22.51925],[-55.77916,-22.51917],[-55.77903,-22.51917],[-55.77896,-22.51924],[-55.77904,-22.51945],[-55.77917,-22.51945],[-55.77929,-22.5196],[-55.77954,-22.51972],[-55.77954,-22.51986],[-55.77984,-22.52013],[-55.78095,-22.52088],[-55.78186,-22.52135]]]}},{"type":"Feature","properties":{"tipo":"Mata / vegetação","nome":"","pais":"PY"},"geometry":{"type":"Polygon","coordinates":[[[-55.77482,-22.51793],[-55.77483,-22.51804],[-55.77532,-22.51819],[-55.77549,-22.51819],[-55.77567,-22.51799],[-55.77571,-22.51773],[-55.77562,-22.5177],[-55.77549,-22.51776],[-55.77552,-22.51759],[-55.77542,-22.5176],[-55.77536,-22.51768],[-55.77506,-22.5176],[-55.77524,-22.51736],[-55.77517,-22.51729],[-55.77517,-22.51708],[-55.77512,-22.51706],[-55.77503,-22.5171],[-55.77503,-22.51725],[-55.77487,-22.51726],[-55.77482,-22.51738],[-55.77489,-22.5175],[-55.77487,-22.51769],[-55.77477,-22.51771],[-55.77476,-22.51781],[-55.77487,-22.51793],[-55.77482,-22.51793]]]}},{"type":"Feature","properties":{"tipo":"Mata / vegetação","nome":"","pais":"PY"},"geometry":{"type":"Polygon","coordinates":[[[-55.77588,-22.5227],[-55.77588,-22.52248],[-55.77605,-22.52237],[-55.77616,-22.52219],[-55.7761,-22.522],[-55.77614,-22.5219],[-55.77625,-22.52189],[-55.77655,-22.52201],[-55.77666,-22.52197],[-55.77665,-22.52187],[-55.77654,-22.5217],[-55.77633,-22.52171],[-55.77593,-22.52157],[-55.7755,-22.52125],[-55.7753,-22.52102],[-55.77513,-22.52113],[-55.77492,-22.52111],[-55.7749,-22.52141],[-55.77532,-22.52156],[-55.77536,-22.52166],[-55.77536,-22.52175],[-55.77518,-22.52186],[-55.77517,-22.52224],[-55.77497,-22.52231],[-55.77448,-22.52214],[-55.7742,-22.52229],[-55.77415,-22.52238],[-55.77441,-22.52258],[-55.77472,-22.52269],[-55.77588,-22.5227]]]}},{"type":"Feature","properties":{"tipo":"Mata / vegetação","nome":"","pais":"PY"},"geometry":{"type":"Polygon","coordinates":[[[-55.78025,-22.52779],[-55.78014,-22.52779],[-55.77984,-22.5281],[-55.77952,-22.52822],[-55.77948,-22.52831],[-55.77969,-22.52852],[-55.78007,-22.52874],[-55.78016,-22.52869],[-55.78066,-22.52892],[-55.78076,-22.52889],[-55.78081,-22.5288],[-55.78077,-22.5286],[-55.78054,-22.52837],[-55.78058,-22.52808],[-55.78038,-22.528],[-55.78025,-22.52779]]]}},{"type":"Feature","properties":{"tipo":"Mata / vegetação","nome":"","pais":"PY"},"geometry":{"type":"Polygon","coordinates":[[[-55.78304,-22.52862],[-55.78303,-22.5278],[-55.78059,-22.52784],[-55.78067,-22.52801],[-55.78083,-22.52802],[-55.78101,-22.52791],[-55.78133,-22.52796],[-55.7818,-22.52814],[-55.78238,-22.52866],[-55.78227,-22.52882],[-55.78229,-22.52905],[-55.78256,-22.52892],[-55.78285,-22.52913],[-55.78295,-22.52912],[-55.78301,-22.5288],[-55.78287,-22.52873],[-55.78304,-22.52862]]]}},{"type":"Feature","properties":{"tipo":"Mata / vegetação","nome":"","pais":"PY"},"geometry":{"type":"Polygon","coordinates":[[[-55.78178,-22.52834],[-55.78153,-22.52826],[-55.78125,-22.5286],[-55.78139,-22.52875],[-55.78132,-22.52884],[-55.78133,-22.52898],[-55.7816,-22.529],[-55.78159,-22.52907],[-55.78143,-22.52909],[-55.7811,-22.52897],[-55.78097,-22.52897],[-55.78089,-22.52904],[-55.7811,-22.52939],[-55.78141,-22.52946],[-55.78157,-22.52967],[-55.78202,-22.52947],[-55.78207,-22.52933],[-55.78204,-22.52919],[-55.78187,-22.52924],[-55.7818,-22.52919],[-55.78211,-22.52901],[-55.78199,-22.52885],[-55.78218,-22.52892],[-55.78221,-22.52888],[-55.78219,-22.52854],[-55.78186,-22.52843],[-55.78178,-22.52834]]]}},{"type":"Feature","properties":{"tipo":"Mata / vegetação","nome":"","pais":"PY"},"geometry":{"type":"Polygon","coordinates":[[[-55.74924,-22.54764],[-55.74912,-22.54787],[-55.74917,-22.54796],[-55.74952,-22.54777],[-55.74975,-22.54734],[-55.75007,-22.54698],[-55.75023,-22.5469],[-55.75022,-22.54673],[-55.7506,-22.54634],[-55.75076,-22.54603],[-55.7509,-22.54595],[-55.7511,-22.54566],[-55.75101,-22.54563],[-55.75078,-22.54584],[-55.75068,-22.54583],[-55.74924,-22.54764]]]}},{"type":"Feature","properties":{"tipo":"Mata / vegetação","nome":"","pais":"PY"},"geometry":{"type":"Polygon","coordinates":[[[-55.78709,-22.53502],[-55.78722,-22.53522],[-55.78749,-22.53526],[-55.7877,-22.5351],[-55.78791,-22.53475],[-55.7879,-22.53425],[-55.78773,-22.53423],[-55.78749,-22.53436],[-55.78726,-22.53423],[-55.78709,-22.5343],[-55.78709,-22.53421],[-55.78703,-22.53421],[-55.78701,-22.53436],[-55.78695,-22.53438],[-55.78638,-22.53431],[-55.78628,-22.53437],[-55.78636,-22.53447],[-55.78676,-22.53443],[-55.78686,-22.53467],[-55.78695,-22.53473],[-55.78699,-22.53487],[-55.78695,-22.53497],[-55.78709,-22.53502]]]}},{"type":"Feature","properties":{"tipo":"Mata / vegetação","nome":"","pais":"PY"},"geometry":{"type":"Polygon","coordinates":[[[-55.75616,-22.53102],[-55.75689,-22.53158],[-55.75683,-22.53167],[-55.7566,-22.53166],[-55.75622,-22.53144],[-55.75589,-22.53153],[-55.75565,-22.53175],[-55.75566,-22.53185],[-55.75589,-22.53206],[-55.75578,-22.53208],[-55.75564,-22.53223],[-55.75542,-22.53219],[-55.75532,-22.53224],[-55.75536,-22.53244],[-55.75526,-22.53248],[-55.75496,-22.5328],[-55.75491,-22.53289],[-55.75497,-22.53298],[-55.75507,-22.53301],[-55.75511,-22.53311],[-55.75522,-22.5331],[-55.75558,-22.5326],[-55.75603,-22.53285],[-55.75614,-22.53284],[-55.75638,-22.5325],[-55.75674,-22.53227],[-55.75675,-22.53208],[-55.75692,-22.53199],[-55.75706,-22.5317],[-55.75695,-22.53132],[-55.75637,-22.531],[-55.75616,-22.53102]]]}},{"type":"Feature","properties":{"tipo":"Mata / vegetação","nome":"","pais":"PY"},"geometry":{"type":"Polygon","coordinates":[[[-55.75314,-22.53718],[-55.75315,-22.53733],[-55.75333,-22.5374],[-55.75349,-22.53711],[-55.75357,-22.53716],[-55.75365,-22.53703],[-55.75342,-22.53694],[-55.75334,-22.5368],[-55.7532,-22.53675],[-55.75322,-22.53669],[-55.75506,-22.5379],[-55.75537,-22.53802],[-55.75546,-22.53799],[-55.75532,-22.53784],[-55.75486,-22.53764],[-55.75337,-22.53654],[-55.75321,-22.53649],[-55.75307,-22.53652],[-55.75314,-22.53663],[-55.75301,-22.53693],[-55.75325,-22.53695],[-55.75316,-22.53697],[-55.75317,-22.53707],[-55.75323,-22.53708],[-55.75314,-22.53718]]]}},{"type":"Feature","properties":{"tipo":"Mata / vegetação","nome":"","pais":"PY"},"geometry":{"type":"Polygon","coordinates":[[[-55.75592,-22.53286],[-55.75556,-22.53323],[-55.75527,-22.53311],[-55.75527,-22.53321],[-55.75551,-22.53341],[-55.75543,-22.53346],[-55.75533,-22.53346],[-55.75493,-22.53318],[-55.75491,-22.53337],[-55.75497,-22.53346],[-55.75527,-22.53358],[-55.75526,-22.53379],[-55.75482,-22.53424],[-55.75456,-22.53467],[-55.75439,-22.5348],[-55.75341,-22.53609],[-55.75308,-22.53638],[-55.75316,-22.53645],[-55.75327,-22.53647],[-55.75336,-22.5364],[-55.75381,-22.5359],[-55.75523,-22.53405],[-55.75581,-22.5334],[-55.75616,-22.53286],[-55.75592,-22.53286]]]}},{"type":"Feature","properties":{"tipo":"Mata / vegetação","nome":"","pais":"PY"},"geometry":{"type":"Polygon","coordinates":[[[-55.7773,-22.52593],[-55.77705,-22.52588],[-55.77682,-22.52563],[-55.77631,-22.5256],[-55.77589,-22.5253],[-55.77541,-22.52515],[-55.77514,-22.52515],[-55.77493,-22.52528],[-55.77477,-22.52575],[-55.77425,-22.52584],[-55.77419,-22.5259],[-55.77426,-22.52608],[-55.77408,-22.52614],[-55.77404,-22.52628],[-55.77412,-22.52644],[-55.77444,-22.52666],[-55.77453,-22.52663],[-55.77488,-22.52674],[-55.7754,-22.5267],[-55.77557,-22.5269],[-55.77582,-22.52693],[-55.7761,-22.52707],[-55.77649,-22.52709],[-55.77676,-22.5272],[-55.7771,-22.52713],[-55.77738,-22.52715],[-55.77785,-22.52732],[-55.77786,-22.52741],[-55.77803,-22.5275],[-55.7781,-22.52765],[-55.77837,-22.52786],[-55.77837,-22.52796],[-55.77844,-22.52799],[-55.77874,-22.52793],[-55.77881,-22.52781],[-55.77908,-22.52776],[-55.77928,-22.52759],[-55.77983,-22.52756],[-55.78004,-22.52741],[-55.78018,-22.52693],[-55.78011,-22.52669],[-55.77992,-22.52651],[-55.7794,-22.52658],[-55.77897,-22.52631],[-55.77845,-22.52627],[-55.77825,-22.52611],[-55.77774,-22.52604],[-55.77751,-22.52607],[-55.7773,-22.52593]]]}},{"type":"Feature","properties":{"tipo":"Mata / vegetação","nome":"","pais":"PY"},"geometry":{"type":"Polygon","coordinates":[[[-55.74597,-22.548],[-55.74628,-22.5478],[-55.7464,-22.54764],[-55.74637,-22.54743],[-55.7462,-22.54743],[-55.74601,-22.54718],[-55.74606,-22.54689],[-55.74621,-22.54716],[-55.74635,-22.54715],[-55.7463,-22.54695],[-55.74635,-22.54687],[-55.7462,-22.54672],[-55.74608,-22.5467],[-55.74597,-22.54685],[-55.74574,-22.54682],[-55.74553,-22.54719],[-55.74556,-22.54734],[-55.74573,-22.54756],[-55.74566,-22.54765],[-55.74567,-22.54795],[-55.74597,-22.548]]]}},{"type":"Feature","properties":{"tipo":"Mata / vegetação","nome":"","pais":"PY"},"geometry":{"type":"Polygon","coordinates":[[[-55.73908,-22.54835],[-55.73886,-22.54817],[-55.73815,-22.54828],[-55.73796,-22.54808],[-55.7376,-22.548],[-55.73738,-22.5474],[-55.73718,-22.54718],[-55.73748,-22.5474],[-55.7375,-22.5472],[-55.7376,-22.54719],[-55.7377,-22.54748],[-55.73781,-22.5473],[-55.73774,-22.54695],[-55.73714,-22.54683],[-55.73705,-22.54674],[-55.73714,-22.54661],[-55.73701,-22.54652],[-55.73654,-22.54645],[-55.73625,-22.54621],[-55.7361,-22.5462],[-55.73596,-22.5464],[-55.73538,-22.54745],[-55.73656,-22.54812],[-55.73648,-22.54822],[-55.73659,-22.54832],[-55.73711,-22.5486],[-55.73737,-22.5487],[-55.73746,-22.54854],[-55.73841,-22.54903],[-55.73857,-22.54901],[-55.73849,-22.54883],[-55.73864,-22.54874],[-55.73869,-22.54876],[-55.73863,-22.54886],[-55.73866,-22.54908],[-55.7388,-22.54903],[-55.73906,-22.54845],[-55.73908,-22.54835]]]}},{"type":"Feature","properties":{"tipo":"Mata / vegetação","nome":"","pais":"PY"},"geometry":{"type":"Polygon","coordinates":[[[-55.74501,-22.54738],[-55.74487,-22.54717],[-55.74473,-22.54726],[-55.74466,-22.54716],[-55.74437,-22.54707],[-55.74437,-22.54692],[-55.74463,-22.54689],[-55.74465,-22.54684],[-55.74462,-22.54675],[-55.74447,-22.5467],[-55.7446,-22.5463],[-55.74444,-22.54625],[-55.7443,-22.54637],[-55.74424,-22.54658],[-55.74408,-22.54665],[-55.74408,-22.54705],[-55.74453,-22.54727],[-55.74453,-22.54742],[-55.74471,-22.54742],[-55.74462,-22.5476],[-55.74496,-22.54761],[-55.74501,-22.54738]]]}},{"type":"Feature","properties":{"tipo":"Mata / vegetação","nome":"","pais":"BR"},"geometry":{"type":"Polygon","coordinates":[[[-55.72562,-22.52669],[-55.72544,-22.5268],[-55.72539,-22.52695],[-55.72525,-22.52705],[-55.72495,-22.52747],[-55.72508,-22.52777],[-55.72548,-22.52798],[-55.72563,-22.52794],[-55.72564,-22.52784],[-55.7252,-22.52763],[-55.72515,-22.52751],[-55.72569,-22.52686],[-55.72612,-22.52716],[-55.72609,-22.52731],[-55.72583,-22.52766],[-55.72582,-22.5278],[-55.72597,-22.52779],[-55.72611,-22.52747],[-55.72626,-22.52741],[-55.7263,-22.52731],[-55.72628,-22.52702],[-55.72587,-22.52676],[-55.72562,-22.52669]]]}},{"type":"Feature","properties":{"tipo":"Mata / vegetação","nome":"","pais":"PY"},"geometry":{"type":"Polygon","coordinates":[[[-55.74188,-22.54807],[-55.74179,-22.54812],[-55.74153,-22.54808],[-55.7415,-22.54813],[-55.74178,-22.54841],[-55.742,-22.54826],[-55.742,-22.54804],[-55.74209,-22.54797],[-55.74215,-22.54772],[-55.74234,-22.54754],[-55.74233,-22.54734],[-55.74219,-22.54723],[-55.74205,-22.54727],[-55.74181,-22.54722],[-55.74166,-22.54736],[-55.74167,-22.54746],[-55.74157,-22.54751],[-55.74156,-22.54766],[-55.74168,-22.54776],[-55.74193,-22.54773],[-55.74196,-22.54759],[-55.74183,-22.54753],[-55.74184,-22.54748],[-55.74196,-22.54748],[-55.74207,-22.54761],[-55.74196,-22.5477],[-55.74188,-22.54807]]]}},{"type":"Feature","properties":{"tipo":"Mata / vegetação","nome":"","pais":"BR"},"geometry":{"type":"Polygon","coordinates":[[[-55.71135,-22.53084],[-55.71126,-22.53105],[-55.71129,-22.53122],[-55.71139,-22.53128],[-55.71163,-22.5313],[-55.71175,-22.53166],[-55.71197,-22.53162],[-55.71209,-22.53174],[-55.71235,-22.53162],[-55.7123,-22.53124],[-55.71198,-22.53088],[-55.71149,-22.53079],[-55.71135,-22.53084]]]}},{"type":"Feature","properties":{"tipo":"Mata / vegetação","nome":"","pais":"BR"},"geometry":{"type":"Polygon","coordinates":[[[-55.72498,-22.51922],[-55.72503,-22.51912],[-55.72482,-22.51866],[-55.72462,-22.51774],[-55.72381,-22.51744],[-55.7236,-22.51796],[-55.7234,-22.51885],[-55.72332,-22.51893],[-55.72338,-22.51948],[-55.7235,-22.51951],[-55.72359,-22.51943],[-55.72361,-22.51902],[-55.72365,-22.51899],[-55.72375,-22.51903],[-55.72377,-22.51943],[-55.72393,-22.51951],[-55.72414,-22.51952],[-55.72498,-22.51922]]]}},{"type":"Feature","properties":{"tipo":"Mata / vegetação","nome":"","pais":"BR"},"geometry":{"type":"Polygon","coordinates":[[[-55.72277,-22.52169],[-55.72356,-22.52147],[-55.72367,-22.52141],[-55.72375,-22.52118],[-55.72371,-22.52107],[-55.72361,-22.52102],[-55.72333,-22.52103],[-55.72348,-22.52077],[-55.72347,-22.52066],[-55.72328,-22.5205],[-55.72304,-22.52052],[-55.72293,-22.52035],[-55.72269,-22.52072],[-55.72249,-22.52135],[-55.72277,-22.52169]]]}},{"type":"Feature","properties":{"tipo":"Mata / vegetação","nome":"","pais":"BR"},"geometry":{"type":"Polygon","coordinates":[[[-55.7227,-22.53],[-55.7229,-22.53001],[-55.72304,-22.53017],[-55.72307,-22.53035],[-55.72298,-22.5304],[-55.72296,-22.5305],[-55.72317,-22.53091],[-55.72338,-22.53053],[-55.72336,-22.53032],[-55.72362,-22.53014],[-55.72337,-22.52996],[-55.72344,-22.52973],[-55.72318,-22.52969],[-55.72304,-22.52955],[-55.72298,-22.52988],[-55.72276,-22.52992],[-55.7227,-22.53]]]}},{"type":"Feature","properties":{"tipo":"Mata / vegetação","nome":"","pais":"BR"},"geometry":{"type":"Polygon","coordinates":[[[-55.73468,-22.51149],[-55.73455,-22.51146],[-55.73451,-22.51151],[-55.73464,-22.51162],[-55.73459,-22.51165],[-55.73443,-22.51155],[-55.73424,-22.51159],[-55.7339,-22.51188],[-55.7339,-22.51201],[-55.7341,-22.51198],[-55.73437,-22.51182],[-55.73465,-22.51195],[-55.73477,-22.51191],[-55.73503,-22.51209],[-55.73523,-22.51208],[-55.73538,-22.51182],[-55.73528,-22.5116],[-55.73514,-22.51157],[-55.73508,-22.51146],[-55.73486,-22.51133],[-55.73468,-22.51149]]]}},{"type":"Feature","properties":{"tipo":"Mata / vegetação","nome":"","pais":"BR"},"geometry":{"type":"Polygon","coordinates":[[[-55.73789,-22.49387],[-55.73794,-22.49377],[-55.73778,-22.49351],[-55.73776,-22.49308],[-55.73782,-22.49289],[-55.73795,-22.49272],[-55.73839,-22.49262],[-55.73848,-22.49232],[-55.73838,-22.49227],[-55.73801,-22.49247],[-55.7376,-22.49249],[-55.73754,-22.49279],[-55.73767,-22.49296],[-55.73763,-22.4935],[-55.73778,-22.4939],[-55.73789,-22.49387]]]}},{"type":"Feature","properties":{"tipo":"Mata / vegetação","nome":"","pais":"PY"},"geometry":{"type":"Polygon","coordinates":[[[-55.78805,-22.54964],[-55.78803,-22.55027],[-55.78809,-22.55047],[-55.78822,-22.55066],[-55.78841,-22.55077],[-55.78889,-22.55091],[-55.7883,-22.55148],[-55.78824,-22.55168],[-55.78835,-22.55186],[-55.78854,-22.55196],[-55.78902,-22.55192],[-55.7892,-22.55175],[-55.78933,-22.55093],[-55.78944,-22.55075],[-55.78979,-22.55043],[-55.79026,-22.55035],[-55.79042,-22.5502],[-55.79047,-22.5498],[-55.79034,-22.54964],[-55.78972,-22.54937],[-55.78913,-22.54903],[-55.78767,-22.54848],[-55.78687,-22.5478],[-55.78662,-22.54743],[-55.78645,-22.5473],[-55.78509,-22.54744],[-55.78439,-22.54725],[-55.78414,-22.54731],[-55.78382,-22.54765],[-55.78342,-22.54821],[-55.78327,-22.5486],[-55.78335,-22.54905],[-55.78359,-22.54967],[-55.7835,-22.54995],[-55.78352,-22.55015],[-55.78326,-22.55046],[-55.78321,-22.55066],[-55.78337,-22.55086],[-55.78378,-22.55047],[-55.78398,-22.55006],[-55.78415,-22.54991],[-55.78509,-22.54944],[-55.78546,-22.54914],[-55.78689,-22.54909],[-55.78776,-22.54942],[-55.78805,-22.54964]]]}},{"type":"Feature","properties":{"tipo":"Gramado","nome":"","pais":"BR"},"geometry":{"type":"Polygon","coordinates":[[[-55.69757,-22.55976],[-55.69726,-22.55974],[-55.69698,-22.55985],[-55.69708,-22.56024],[-55.69738,-22.56013],[-55.69781,-22.56038],[-55.69796,-22.56033],[-55.69777,-22.55985],[-55.69757,-22.55976]]]}},{"type":"Feature","properties":{"tipo":"Gramado","nome":"","pais":"BR"},"geometry":{"type":"Polygon","coordinates":[[[-55.69631,-22.55978],[-55.69628,-22.55986],[-55.69648,-22.55994],[-55.69724,-22.55966],[-55.6977,-22.55968],[-55.6975,-22.55927],[-55.69631,-22.55978]]]}},{"type":"Feature","properties":{"tipo":"Mata / vegetação","nome":"","pais":"BR"},"geometry":{"type":"Polygon","coordinates":[[[-55.72011,-22.49658],[-55.72085,-22.49616],[-55.72085,-22.49607],[-55.72034,-22.49501],[-55.72025,-22.49503],[-55.72035,-22.49529],[-55.7203,-22.49536],[-55.7166,-22.49609],[-55.71651,-22.4962],[-55.72012,-22.49554],[-55.72041,-22.49541],[-55.72067,-22.49592],[-55.72069,-22.4961],[-55.72064,-22.49618],[-55.72006,-22.49649],[-55.72006,-22.49656],[-55.72011,-22.49658]]]}},{"type":"Feature","properties":{"tipo":"Esporte","nome":"","pais":"PY"},"geometry":{"type":"Polygon","coordinates":[[[-55.75662,-22.5855],[-55.75725,-22.58579],[-55.75745,-22.58542],[-55.75681,-22.58513],[-55.75662,-22.5855]]]}},{"type":"Feature","properties":{"tipo":"Esporte","nome":"","pais":"PY"},"geometry":{"type":"Polygon","coordinates":[[[-55.7558,-22.58507],[-55.75561,-22.58542],[-55.75621,-22.5857],[-55.7564,-22.58535],[-55.7558,-22.58507]]]}},{"type":"Feature","properties":{"tipo":"Esporte","nome":"","pais":"PY"},"geometry":{"type":"Polygon","coordinates":[[[-55.75628,-22.58445],[-55.75621,-22.58462],[-55.75631,-22.58465],[-55.75638,-22.58448],[-55.75628,-22.58445]]]}},{"type":"Feature","properties":{"tipo":"Esporte","nome":"","pais":"PY"},"geometry":{"type":"Polygon","coordinates":[[[-55.73103,-22.57182],[-55.73095,-22.57193],[-55.73118,-22.57208],[-55.73126,-22.57197],[-55.73103,-22.57182]]]}},{"type":"Feature","properties":{"tipo":"Esporte","nome":"","pais":"PY"},"geometry":{"type":"Polygon","coordinates":[[[-55.74471,-22.5398],[-55.74445,-22.53967],[-55.74438,-22.53979],[-55.74463,-22.53992],[-55.74471,-22.5398]]]}},{"type":"Feature","properties":{"tipo":"Mata / vegetação","nome":"","pais":"BR"},"geometry":{"type":"Polygon","coordinates":[[[-55.71737,-22.51218],[-55.71726,-22.51265],[-55.71732,-22.51274],[-55.71796,-22.51261],[-55.71814,-22.51272],[-55.71815,-22.51291],[-55.71836,-22.51292],[-55.71878,-22.51311],[-55.71931,-22.51321],[-55.72001,-22.5135],[-55.72054,-22.51344],[-55.72094,-22.51357],[-55.72106,-22.51355],[-55.72114,-22.51373],[-55.72156,-22.51384],[-55.72156,-22.51394],[-55.72173,-22.51406],[-55.72193,-22.51403],[-55.72183,-22.51385],[-55.72205,-22.51387],[-55.72204,-22.51377],[-55.72173,-22.51366],[-55.7214,-22.51341],[-55.72066,-22.51323],[-55.71998,-22.51297],[-55.71955,-22.51295],[-55.71939,-22.51284],[-55.71864,-22.51263],[-55.71847,-22.51251],[-55.71835,-22.51233],[-55.71808,-22.5124],[-55.71766,-22.51236],[-55.71745,-22.51214],[-55.71737,-22.51218]]]}},{"type":"Feature","properties":{"tipo":"Mata / vegetação","nome":"","pais":"BR"},"geometry":{"type":"Polygon","coordinates":[[[-55.72336,-22.51452],[-55.72309,-22.51418],[-55.72241,-22.51391],[-55.72237,-22.514],[-55.72257,-22.51422],[-55.72231,-22.51439],[-55.72229,-22.51449],[-55.72256,-22.51457],[-55.72268,-22.51451],[-55.7227,-22.5146],[-55.72292,-22.51477],[-55.72312,-22.51481],[-55.72318,-22.5149],[-55.72327,-22.51489],[-55.72336,-22.51452]]]}},{"type":"Feature","properties":{"tipo":"Mata / vegetação","nome":"","pais":"BR"},"geometry":{"type":"Polygon","coordinates":[[[-55.72451,-22.51507],[-55.72475,-22.51468],[-55.72471,-22.51459],[-55.72418,-22.51462],[-55.72358,-22.51439],[-55.72342,-22.51467],[-55.72365,-22.51486],[-55.72359,-22.51492],[-55.72365,-22.515],[-55.72447,-22.51528],[-55.72453,-22.51526],[-55.72451,-22.51507]]]}},{"type":"Feature","properties":{"tipo":"Mata / vegetação","nome":"","pais":"BR"},"geometry":{"type":"Polygon","coordinates":[[[-55.72658,-22.51503],[-55.72664,-22.5149],[-55.72633,-22.51493],[-55.72613,-22.51501],[-55.72612,-22.51507],[-55.72596,-22.51509],[-55.72563,-22.5147],[-55.72552,-22.51467],[-55.72556,-22.51498],[-55.72548,-22.51505],[-55.72539,-22.515],[-55.72542,-22.51472],[-55.72557,-22.51457],[-55.72552,-22.5145],[-55.72529,-22.5147],[-55.72518,-22.51469],[-55.72491,-22.51484],[-55.72486,-22.51504],[-55.72493,-22.51521],[-55.72523,-22.51532],[-55.72528,-22.51551],[-55.72522,-22.5156],[-55.72483,-22.51542],[-55.72476,-22.51569],[-55.72539,-22.51611],[-55.72555,-22.51599],[-55.72559,-22.51578],[-55.72568,-22.51573],[-55.72578,-22.51575],[-55.72586,-22.51536],[-55.72601,-22.51524],[-55.7262,-22.5153],[-55.72639,-22.51525],[-55.72644,-22.51516],[-55.72663,-22.51512],[-55.72658,-22.51503]]]}},{"type":"Feature","properties":{"tipo":"Esporte","nome":"","pais":"PY"},"geometry":{"type":"Polygon","coordinates":[[[-55.72183,-22.55359],[-55.72205,-22.55371],[-55.72213,-22.55359],[-55.7219,-22.55347],[-55.72183,-22.55359]]]}},{"type":"Feature","properties":{"tipo":"Esporte","nome":"","pais":"PY"},"geometry":{"type":"Polygon","coordinates":[[[-55.73856,-22.5396],[-55.73873,-22.53983],[-55.73886,-22.53974],[-55.7387,-22.53952],[-55.73856,-22.5396]]]}},{"type":"Feature","properties":{"tipo":"Esporte","nome":"","pais":"PY"},"geometry":{"type":"Polygon","coordinates":[[[-55.73851,-22.54716],[-55.73894,-22.54723],[-55.73911,-22.54635],[-55.73868,-22.54628],[-55.73851,-22.54716]]]}},{"type":"Feature","properties":{"tipo":"Praça / parque","nome":"","pais":"PY"},"geometry":{"type":"Polygon","coordinates":[[[-55.78299,-22.59121],[-55.78298,-22.59115],[-55.78295,-22.59111],[-55.78288,-22.59113],[-55.78289,-22.59123],[-55.78296,-22.59123],[-55.78289,-22.59119],[-55.78291,-22.59113],[-55.78299,-22.59121]]]}},{"type":"Feature","properties":{"tipo":"Esporte","nome":"","pais":"PY"},"geometry":{"type":"Polygon","coordinates":[[[-55.76512,-22.5538],[-55.76535,-22.55396],[-55.76545,-22.55385],[-55.76521,-22.55368],[-55.76512,-22.5538]]]}},{"type":"Feature","properties":{"tipo":"Gramado","nome":"","pais":"PY"},"geometry":{"type":"Polygon","coordinates":[[[-55.69834,-22.56385],[-55.69833,-22.5637],[-55.69819,-22.56362],[-55.69528,-22.57002],[-55.69533,-22.57014],[-55.69834,-22.56385]]]}},{"type":"Feature","properties":{"tipo":"Gramado","nome":"","pais":"BR"},"geometry":{"type":"Polygon","coordinates":[[[-55.69819,-22.56362],[-55.69802,-22.5637],[-55.69763,-22.56431],[-55.69529,-22.56971],[-55.69528,-22.57002],[-55.69819,-22.56362]]]}},{"type":"Feature","properties":{"tipo":"Gramado","nome":"","pais":"BR"},"geometry":{"type":"Polygon","coordinates":[[[-55.6943,-22.57257],[-55.69432,-22.57266],[-55.69479,-22.573],[-55.69478,-22.57216],[-55.69453,-22.5721],[-55.6943,-22.57257]]]}},{"type":"Feature","properties":{"tipo":"Gramado","nome":"","pais":"PY"},"geometry":{"type":"Polygon","coordinates":[[[-55.73754,-22.52725],[-55.73729,-22.52748],[-55.73724,-22.52745],[-55.73727,-22.52726],[-55.73667,-22.52865],[-55.73675,-22.52864],[-55.73754,-22.52725]]]}},{"type":"Feature","properties":{"tipo":"Gramado","nome":"","pais":"PY"},"geometry":{"type":"Polygon","coordinates":[[[-55.73786,-22.52667],[-55.73821,-22.52553],[-55.73811,-22.52554],[-55.73751,-22.52667],[-55.73754,-22.52673],[-55.7377,-22.52674],[-55.73786,-22.52667]]]}},{"type":"Feature","properties":{"tipo":"Gramado","nome":"","pais":"BR"},"geometry":{"type":"Polygon","coordinates":[[[-55.73934,-22.52173],[-55.7393,-22.52166],[-55.73917,-22.52168],[-55.73861,-22.52336],[-55.73872,-22.52335],[-55.73934,-22.52173]]]}},{"type":"Feature","properties":{"tipo":"Gramado","nome":"","pais":"BR"},"geometry":{"type":"Polygon","coordinates":[[[-55.74042,-22.51917],[-55.74074,-22.51559],[-55.74081,-22.51539],[-55.74079,-22.51537],[-55.74067,-22.5155],[-55.7406,-22.51575],[-55.74054,-22.51723],[-55.74035,-22.51897],[-55.74042,-22.51917]]]}},{"type":"Feature","properties":{"tipo":"Gramado","nome":"","pais":"PY"},"geometry":{"type":"Polygon","coordinates":[[[-55.74669,-22.50628],[-55.74623,-22.507],[-55.74528,-22.50849],[-55.74534,-22.5085],[-55.74688,-22.5062],[-55.74669,-22.50628]]]}},{"type":"Feature","properties":{"tipo":"Gramado","nome":"","pais":"PY"},"geometry":{"type":"Polygon","coordinates":[[[-55.74334,-22.51141],[-55.74339,-22.51144],[-55.74523,-22.50864],[-55.74518,-22.50863],[-55.74334,-22.51141]]]}},{"type":"Feature","properties":{"tipo":"Gramado","nome":"","pais":"BR"},"geometry":{"type":"Polygon","coordinates":[[[-55.74726,-22.5045],[-55.74695,-22.50568],[-55.74697,-22.50577],[-55.74709,-22.50583],[-55.7473,-22.50541],[-55.74734,-22.50447],[-55.74726,-22.5045]]]}},{"type":"Feature","properties":{"tipo":"Esporte","nome":"","pais":"PY"},"geometry":{"type":"Polygon","coordinates":[[[-55.75785,-22.58449],[-55.758,-22.58413],[-55.75734,-22.58389],[-55.75719,-22.58425],[-55.75785,-22.58449]]]}},{"type":"Feature","properties":{"tipo":"Esporte","nome":"","pais":"PY"},"geometry":{"type":"Polygon","coordinates":[[[-55.72165,-22.56957],[-55.72143,-22.56984],[-55.72187,-22.57014],[-55.72209,-22.56987],[-55.72165,-22.56957]]]}},{"type":"Feature","properties":{"tipo":"Gramado","nome":"","pais":"PY"},"geometry":{"type":"Polygon","coordinates":[[[-55.74755,-22.49896],[-55.74729,-22.50427],[-55.74735,-22.50431],[-55.74763,-22.49893],[-55.74755,-22.49896]]]}},{"type":"Feature","properties":{"tipo":"Gramado","nome":"","pais":"PY"},"geometry":{"type":"Polygon","coordinates":[[[-55.74782,-22.49677],[-55.74792,-22.49643],[-55.74791,-22.49482],[-55.74784,-22.49472],[-55.74768,-22.49476],[-55.74764,-22.49483],[-55.74767,-22.49559],[-55.74779,-22.49648],[-55.74774,-22.49676],[-55.74782,-22.49677]]]}},{"type":"Feature","properties":{"tipo":"Gramado","nome":"","pais":"PY"},"geometry":{"type":"Polygon","coordinates":[[[-55.7474,-22.49133],[-55.74733,-22.49133],[-55.74761,-22.49457],[-55.74768,-22.49462],[-55.74788,-22.49461],[-55.7474,-22.49133]]]}},{"type":"Feature","properties":{"tipo":"Esporte","nome":"","pais":"PY"},"geometry":{"type":"Polygon","coordinates":[[[-55.7496,-22.50572],[-55.74957,-22.50599],[-55.75005,-22.50604],[-55.75008,-22.50576],[-55.7496,-22.50572]]]}},{"type":"Feature","properties":{"tipo":"Esporte","nome":"","pais":"BR"},"geometry":{"type":"Polygon","coordinates":[[[-55.72338,-22.55156],[-55.72383,-22.5518],[-55.72422,-22.5512],[-55.72377,-22.55095],[-55.72338,-22.55156]]]}},{"type":"Feature","properties":{"tipo":"Gramado","nome":"","pais":"BR"},"geometry":{"type":"Polygon","coordinates":[[[-55.72839,-22.54429],[-55.72808,-22.54382],[-55.72716,-22.54516],[-55.72786,-22.54519],[-55.72839,-22.54429]]]}},{"type":"Feature","properties":{"tipo":"Gramado","nome":"","pais":"BR"},"geometry":{"type":"Polygon","coordinates":[[[-55.72919,-22.5421],[-55.72896,-22.54198],[-55.72847,-22.54299],[-55.72852,-22.54301],[-55.72838,-22.5433],[-55.72833,-22.54328],[-55.7282,-22.54353],[-55.72838,-22.54376],[-55.72919,-22.5421]]]}},{"type":"Feature","properties":{"tipo":"Gramado","nome":"","pais":"PY"},"geometry":{"type":"Polygon","coordinates":[[[-55.72776,-22.54531],[-55.72712,-22.54526],[-55.72734,-22.54595],[-55.72737,-22.54596],[-55.72776,-22.54531]]]}},{"type":"Feature","properties":{"tipo":"Gramado","nome":"","pais":"BR"},"geometry":{"type":"Polygon","coordinates":[[[-55.72703,-22.54534],[-55.72598,-22.54673],[-55.72599,-22.54677],[-55.72667,-22.54699],[-55.72675,-22.54697],[-55.72726,-22.54612],[-55.72703,-22.54534]]]}},{"type":"Feature","properties":{"tipo":"Gramado","nome":"","pais":"PY"},"geometry":{"type":"Polygon","coordinates":[[[-55.72618,-22.5478],[-55.72664,-22.54711],[-55.72592,-22.54686],[-55.7259,-22.54688],[-55.72618,-22.5478]]]}},{"type":"Feature","properties":{"tipo":"Gramado","nome":"","pais":"BR"},"geometry":{"type":"Polygon","coordinates":[[[-55.72582,-22.54696],[-55.72478,-22.54831],[-55.72553,-22.54889],[-55.72559,-22.54888],[-55.7261,-22.548],[-55.72582,-22.54696]]]}},{"type":"Feature","properties":{"tipo":"Gramado","nome":"","pais":null},"geometry":{"type":"Polygon","coordinates":[[[-55.7251,-22.54867],[-55.72425,-22.55003],[-55.72428,-22.55006],[-55.72498,-22.54993],[-55.7255,-22.54904],[-55.7251,-22.54867]]]}},{"type":"Feature","properties":{"tipo":"Gramado","nome":"","pais":"PY"},"geometry":{"type":"Polygon","coordinates":[[[-55.72487,-22.55013],[-55.72416,-22.55021],[-55.72413,-22.55026],[-55.72447,-22.55079],[-55.72487,-22.55013]]]}},{"type":"Feature","properties":{"tipo":"Gramado","nome":"","pais":"BR"},"geometry":{"type":"Polygon","coordinates":[[[-55.7232,-22.5518],[-55.72388,-22.55185],[-55.72438,-22.55098],[-55.72406,-22.55039],[-55.7232,-22.5518]]]}},{"type":"Feature","properties":{"tipo":"Gramado","nome":"","pais":"BR"},"geometry":{"type":"Polygon","coordinates":[[[-55.72284,-22.55234],[-55.72292,-22.55196],[-55.72286,-22.5519],[-55.72161,-22.55243],[-55.72169,-22.55287],[-55.72284,-22.55234]]]}},{"type":"Feature","properties":{"tipo":"Gramado","nome":"","pais":"PY"},"geometry":{"type":"Polygon","coordinates":[[[-55.71874,-22.5538],[-55.71873,-22.55385],[-55.71908,-22.55404],[-55.72098,-22.55318],[-55.72103,-22.55307],[-55.72096,-22.5529],[-55.72075,-22.55278],[-55.71874,-22.5538]]]}},{"type":"Feature","properties":{"tipo":"Mata / vegetação","nome":"","pais":"PY"},"geometry":{"type":"Polygon","coordinates":[[[-55.75082,-22.48473],[-55.75051,-22.48399],[-55.74998,-22.48347],[-55.74928,-22.48312],[-55.74837,-22.48348],[-55.74822,-22.48359],[-55.74812,-22.4838],[-55.74799,-22.48457],[-55.74856,-22.48537],[-55.74909,-22.4859],[-55.74931,-22.48598],[-55.74957,-22.48595],[-55.74989,-22.48577],[-55.75027,-22.48549],[-55.75052,-22.48511],[-55.75069,-22.48503],[-55.75082,-22.48473]]]}},{"type":"Feature","properties":{"tipo":"Mata / vegetação","nome":"","pais":"PY"},"geometry":{"type":"Polygon","coordinates":[[[-55.74778,-22.49018],[-55.7564,-22.49091],[-55.75635,-22.49051],[-55.74771,-22.48972],[-55.74778,-22.49018]]]}},{"type":"Feature","properties":{"tipo":"Gramado","nome":"","pais":"BR"},"geometry":{"type":"Polygon","coordinates":[[[-55.74694,-22.48965],[-55.74703,-22.48974],[-55.74713,-22.48969],[-55.74715,-22.4896],[-55.7469,-22.48772],[-55.7469,-22.4873],[-55.74683,-22.48726],[-55.7467,-22.48732],[-55.74666,-22.48741],[-55.74694,-22.48965]]]}},{"type":"Feature","properties":{"tipo":"Esporte","nome":"","pais":"PY"},"geometry":{"type":"Polygon","coordinates":[[[-55.7564,-22.4947],[-55.75636,-22.49519],[-55.75678,-22.49522],[-55.75683,-22.49473],[-55.7564,-22.4947]]]}},{"type":"Feature","properties":{"tipo":"Esporte","nome":"","pais":"PY"},"geometry":{"type":"Polygon","coordinates":[[[-55.74185,-22.52047],[-55.74225,-22.52072],[-55.74244,-22.52047],[-55.74204,-22.52022],[-55.74185,-22.52047]]]}},{"type":"Feature","properties":{"tipo":"Esporte","nome":"","pais":"PY"},"geometry":{"type":"Polygon","coordinates":[[[-55.74456,-22.51402],[-55.74434,-22.51457],[-55.74479,-22.5146],[-55.74497,-22.51416],[-55.74456,-22.51402]]]}},{"type":"Feature","properties":{"tipo":"Esporte","nome":"","pais":"PY"},"geometry":{"type":"Polygon","coordinates":[[[-55.74462,-22.52484],[-55.7444,-22.52517],[-55.74496,-22.52549],[-55.74518,-22.52516],[-55.74462,-22.52484]]]}},{"type":"Feature","properties":{"tipo":"Esporte","nome":"","pais":"PY"},"geometry":{"type":"Polygon","coordinates":[[[-55.74156,-22.52654],[-55.74142,-22.52679],[-55.74161,-22.52688],[-55.74176,-22.52663],[-55.74156,-22.52654]]]}},{"type":"Feature","properties":{"tipo":"Esporte","nome":"","pais":"PY"},"geometry":{"type":"Polygon","coordinates":[[[-55.74162,-22.52648],[-55.74188,-22.5266],[-55.74195,-22.52647],[-55.7417,-22.52635],[-55.74162,-22.52648]]]}},{"type":"Feature","properties":{"tipo":"Esporte","nome":"","pais":"PY"},"geometry":{"type":"Polygon","coordinates":[[[-55.74187,-22.52676],[-55.74199,-22.52682],[-55.74214,-22.52657],[-55.74202,-22.52651],[-55.74187,-22.52676]]]}},{"type":"Feature","properties":{"tipo":"Esporte","nome":"","pais":"PY"},"geometry":{"type":"Polygon","coordinates":[[[-55.74448,-22.52866],[-55.74465,-22.52875],[-55.74469,-22.52868],[-55.74452,-22.52859],[-55.74448,-22.52866]]]}},{"type":"Feature","properties":{"tipo":"Esporte","nome":"","pais":"PY"},"geometry":{"type":"Polygon","coordinates":[[[-55.74174,-22.52957],[-55.74197,-22.52969],[-55.74203,-22.5296],[-55.7418,-22.52948],[-55.74174,-22.52957]]]}},{"type":"Feature","properties":{"tipo":"Esporte","nome":"","pais":"PY"},"geometry":{"type":"Polygon","coordinates":[[[-55.74308,-22.53405],[-55.74355,-22.53429],[-55.74387,-22.53376],[-55.7434,-22.53352],[-55.74308,-22.53405]]]}},{"type":"Feature","properties":{"tipo":"Esporte","nome":"","pais":"PY"},"geometry":{"type":"Polygon","coordinates":[[[-55.74416,-22.5346],[-55.74456,-22.5348],[-55.74488,-22.53426],[-55.74448,-22.53406],[-55.74416,-22.5346]]]}},{"type":"Feature","properties":{"tipo":"Esporte","nome":"","pais":"PY"},"geometry":{"type":"Polygon","coordinates":[[[-55.745,-22.53502],[-55.74533,-22.53449],[-55.74491,-22.53427],[-55.74458,-22.5348],[-55.745,-22.53502]]]}},{"type":"Feature","properties":{"tipo":"Esporte","nome":"","pais":"PY"},"geometry":{"type":"Polygon","coordinates":[[[-55.74603,-22.53351],[-55.74539,-22.5332],[-55.74519,-22.53356],[-55.74583,-22.53386],[-55.74603,-22.53351]]]}},{"type":"Feature","properties":{"tipo":"Esporte","nome":"","pais":"PY"},"geometry":{"type":"Polygon","coordinates":[[[-55.74501,-22.53387],[-55.74563,-22.53418],[-55.7458,-22.53389],[-55.74518,-22.53358],[-55.74501,-22.53387]]]}},{"type":"Feature","properties":{"tipo":"Esporte","nome":"","pais":"PY"},"geometry":{"type":"Polygon","coordinates":[[[-55.74655,-22.53523],[-55.7464,-22.53549],[-55.74655,-22.53556],[-55.7467,-22.53531],[-55.74655,-22.53523]]]}},{"type":"Feature","properties":{"tipo":"Esporte","nome":"","pais":"PY"},"geometry":{"type":"Polygon","coordinates":[[[-55.74656,-22.53686],[-55.74683,-22.53641],[-55.74647,-22.53622],[-55.7462,-22.53668],[-55.74656,-22.53686]]]}},{"type":"Feature","properties":{"tipo":"Esporte","nome":"","pais":"PY"},"geometry":{"type":"Polygon","coordinates":[[[-55.74765,-22.53554],[-55.74714,-22.53526],[-55.74674,-22.5359],[-55.74726,-22.53617],[-55.74765,-22.53554]]]}},{"type":"Feature","properties":{"tipo":"Praça / parque","nome":"","pais":"PY"},"geometry":{"type":"Polygon","coordinates":[[[-55.74401,-22.52254],[-55.74482,-22.52296],[-55.74551,-22.52183],[-55.7447,-22.5214],[-55.74401,-22.52254]]]}},{"type":"Feature","properties":{"tipo":"Esporte","nome":"","pais":"PY"},"geometry":{"type":"Polygon","coordinates":[[[-55.755,-22.53861],[-55.75519,-22.53874],[-55.75548,-22.53838],[-55.75528,-22.53825],[-55.755,-22.53861]]]}},{"type":"Feature","properties":{"tipo":"Esporte","nome":"","pais":"PY"},"geometry":{"type":"Polygon","coordinates":[[[-55.75636,-22.54856],[-55.75681,-22.54885],[-55.75704,-22.54856],[-55.75659,-22.54826],[-55.75636,-22.54856]]]}},{"type":"Feature","properties":{"tipo":"Esporte","nome":"","pais":"PY"},"geometry":{"type":"Polygon","coordinates":[[[-55.75584,-22.54921],[-55.75617,-22.54945],[-55.75655,-22.54899],[-55.75621,-22.54876],[-55.75584,-22.54921]]]}},{"type":"Feature","properties":{"tipo":"Esporte","nome":"","pais":"PY"},"geometry":{"type":"Polygon","coordinates":[[[-55.74361,-22.55352],[-55.74379,-22.55363],[-55.74396,-22.5534],[-55.74378,-22.55328],[-55.74361,-22.55352]]]}},{"type":"Feature","properties":{"tipo":"Esporte","nome":"","pais":"PY"},"geometry":{"type":"Polygon","coordinates":[[[-55.73839,-22.54966],[-55.73827,-22.54985],[-55.73841,-22.54992],[-55.73853,-22.54973],[-55.73839,-22.54966]]]}},{"type":"Feature","properties":{"tipo":"Mata / vegetação","nome":"","pais":"PY"},"geometry":{"type":"Polygon","coordinates":[[[-55.75024,-22.52677],[-55.75125,-22.5273],[-55.751,-22.52787],[-55.75391,-22.52939],[-55.75601,-22.52668],[-55.75552,-22.5266],[-55.75513,-22.52645],[-55.75457,-22.52574],[-55.75433,-22.5256],[-55.75407,-22.52476],[-55.75343,-22.52433],[-55.75319,-22.52397],[-55.75284,-22.52382],[-55.75274,-22.52337],[-55.7525,-22.52327],[-55.75243,-22.52305],[-55.75175,-22.52204],[-55.74999,-22.52496],[-55.75096,-22.52552],[-55.75024,-22.52677]]]}},{"type":"Feature","properties":{"tipo":"Mata / vegetação","nome":"","pais":"PY"},"geometry":{"type":"Polygon","coordinates":[[[-55.74869,-22.5209],[-55.74843,-22.52157],[-55.74994,-22.52238],[-55.74926,-22.52362],[-55.75037,-22.52423],[-55.75039,-22.52429],[-55.75175,-22.52204],[-55.74869,-22.5209]]]}},{"type":"Feature","properties":{"tipo":"Mata / vegetação","nome":"","pais":"PY"},"geometry":{"type":"Polygon","coordinates":[[[-55.75542,-22.51966],[-55.75245,-22.5198],[-55.75186,-22.51945],[-55.75142,-22.51961],[-55.7491,-22.51968],[-55.74869,-22.5209],[-55.75175,-22.52204],[-55.75561,-22.52018],[-55.75542,-22.51966]]]}},{"type":"Feature","properties":{"tipo":"Gramado","nome":"","pais":"PY"},"geometry":{"type":"Polygon","coordinates":[[[-55.71863,-22.55394],[-55.71709,-22.55466],[-55.71706,-22.55471],[-55.71726,-22.5548],[-55.71764,-22.55472],[-55.71886,-22.55413],[-55.71863,-22.55394]]]}},{"type":"Feature","properties":{"tipo":"Gramado","nome":"","pais":"PY"},"geometry":{"type":"Polygon","coordinates":[[[-55.71632,-22.55524],[-55.71634,-22.55539],[-55.71658,-22.55549],[-55.71712,-22.55508],[-55.71713,-22.55495],[-55.71691,-22.55479],[-55.71632,-22.55524]]]}},{"type":"Feature","properties":{"tipo":"Esporte","nome":"","pais":"PY"},"geometry":{"type":"Polygon","coordinates":[[[-55.7305,-22.55404],[-55.73023,-22.55443],[-55.73078,-22.55475],[-55.73105,-22.55436],[-55.7305,-22.55404]]]}},{"type":"Feature","properties":{"tipo":"Esporte","nome":"","pais":"PY"},"geometry":{"type":"Polygon","coordinates":[[[-55.72998,-22.55347],[-55.72975,-22.55383],[-55.73029,-22.55412],[-55.73052,-22.55376],[-55.72998,-22.55347]]]}},{"type":"Feature","properties":{"tipo":"Esporte","nome":"","pais":"PY"},"geometry":{"type":"Polygon","coordinates":[[[-55.72935,-22.55357],[-55.72967,-22.55374],[-55.72977,-22.55358],[-55.72944,-22.55342],[-55.72935,-22.55357]]]}},{"type":"Feature","properties":{"tipo":"Esporte","nome":"","pais":"PY"},"geometry":{"type":"Polygon","coordinates":[[[-55.74282,-22.52595],[-55.74263,-22.52625],[-55.74281,-22.52635],[-55.743,-22.52604],[-55.74282,-22.52595]]]}},{"type":"Feature","properties":{"tipo":"Esporte","nome":"","pais":"PY"},"geometry":{"type":"Polygon","coordinates":[[[-55.74365,-22.52589],[-55.74325,-22.52569],[-55.74308,-22.52598],[-55.74347,-22.52618],[-55.74365,-22.52589]]]}},{"type":"Feature","properties":{"tipo":"Esporte","nome":"","pais":"PY"},"geometry":{"type":"Polygon","coordinates":[[[-55.75451,-22.53271],[-55.75473,-22.53291],[-55.75484,-22.53281],[-55.75462,-22.53261],[-55.75451,-22.53271]]]}},{"type":"Feature","properties":{"tipo":"Esporte","nome":"","pais":"PY"},"geometry":{"type":"Polygon","coordinates":[[[-55.75475,-22.53249],[-55.75465,-22.53259],[-55.75489,-22.53279],[-55.75499,-22.53268],[-55.75475,-22.53249]]]}},{"type":"Feature","properties":{"tipo":"Esporte","nome":"","pais":"PY"},"geometry":{"type":"Polygon","coordinates":[[[-55.74882,-22.53223],[-55.74893,-22.53228],[-55.74904,-22.5321],[-55.74894,-22.53204],[-55.74882,-22.53223]]]}},{"type":"Feature","properties":{"tipo":"Mata / vegetação","nome":"","pais":"PY"},"geometry":{"type":"Polygon","coordinates":[[[-55.7702,-22.50375],[-55.76958,-22.50312],[-55.76923,-22.50309],[-55.76908,-22.50293],[-55.76909,-22.50201],[-55.76831,-22.50216],[-55.7681,-22.50235],[-55.76787,-22.5034],[-55.77031,-22.50413],[-55.7702,-22.50375]]]}},{"type":"Feature","properties":{"tipo":"Mata / vegetação","nome":"","pais":"PY"},"geometry":{"type":"Polygon","coordinates":[[[-55.75694,-22.50025],[-55.75608,-22.50008],[-55.75613,-22.50043],[-55.75595,-22.50088],[-55.75573,-22.50194],[-55.75679,-22.50196],[-55.75694,-22.50025]]]}},{"type":"Feature","properties":{"tipo":"Mata / vegetação","nome":"","pais":"PY"},"geometry":{"type":"Polygon","coordinates":[[[-55.76979,-22.48591],[-55.76764,-22.48594],[-55.76633,-22.48556],[-55.76607,-22.48565],[-55.76588,-22.48587],[-55.76521,-22.48598],[-55.76436,-22.48627],[-55.76387,-22.4862],[-55.76339,-22.48627],[-55.76299,-22.48613],[-55.76189,-22.48626],[-55.76167,-22.48637],[-55.76151,-22.48657],[-55.7613,-22.48663],[-55.76105,-22.48663],[-55.76033,-22.48632],[-55.76005,-22.48612],[-55.75927,-22.48611],[-55.75888,-22.48594],[-55.75829,-22.48547],[-55.7577,-22.48539],[-55.75684,-22.48547],[-55.75554,-22.48536],[-55.75545,-22.4853],[-55.75545,-22.48475],[-55.75496,-22.48479],[-55.75422,-22.48498],[-55.7541,-22.48505],[-55.75397,-22.48523],[-55.75407,-22.48617],[-55.75417,-22.48637],[-55.75505,-22.4865],[-55.75546,-22.48639],[-55.75556,-22.48614],[-55.75571,-22.48608],[-55.75667,-22.4862],[-55.75716,-22.48636],[-55.75886,-22.48731],[-55.75971,-22.48763],[-55.76061,-22.48779],[-55.76132,-22.48781],[-55.76351,-22.48763],[-55.76388,-22.48716],[-55.76416,-22.48722],[-55.76443,-22.48741],[-55.76479,-22.48745],[-55.76603,-22.48739],[-55.76804,-22.48703],[-55.76903,-22.48697],[-55.76956,-22.4871],[-55.77,-22.48739],[-55.77016,-22.4877],[-55.77082,-22.48535],[-55.7704,-22.48571],[-55.76979,-22.48591]]]}},{"type":"Feature","properties":{"tipo":"Mata / vegetação","nome":"","pais":"PY"},"geometry":{"type":"Polygon","coordinates":[[[-55.75905,-22.50812],[-55.75951,-22.5093],[-55.75962,-22.50934],[-55.7604,-22.50918],[-55.76034,-22.50839],[-55.76118,-22.50816],[-55.75905,-22.50812]]]}},{"type":"Feature","properties":{"tipo":"Gramado","nome":"","pais":"PY"},"geometry":{"type":"Polygon","coordinates":[[[-55.75214,-22.50724],[-55.752,-22.50717],[-55.75143,-22.50765],[-55.7519,-22.50769],[-55.75214,-22.50724]]]}},{"type":"Feature","properties":{"tipo":"Gramado","nome":"","pais":"PY"},"geometry":{"type":"Polygon","coordinates":[[[-55.75876,-22.50522],[-55.76003,-22.50569],[-55.7602,-22.50534],[-55.76019,-22.50531],[-55.75876,-22.50522]]]}},{"type":"Feature","properties":{"tipo":"Gramado","nome":"","pais":"PY"},"geometry":{"type":"Polygon","coordinates":[[[-55.7533,-22.50477],[-55.75325,-22.5049],[-55.75428,-22.50525],[-55.75474,-22.50492],[-55.7533,-22.50477]]]}},{"type":"Feature","properties":{"tipo":"Gramado","nome":"","pais":"PY"},"geometry":{"type":"Polygon","coordinates":[[[-55.75322,-22.50498],[-55.75293,-22.50563],[-55.75343,-22.50584],[-55.75417,-22.50533],[-55.75322,-22.50498]]]}},{"type":"Feature","properties":{"tipo":"Gramado","nome":"","pais":"PY"},"geometry":{"type":"Polygon","coordinates":[[[-55.75248,-22.50483],[-55.75228,-22.50536],[-55.75281,-22.50555],[-55.75309,-22.50486],[-55.75248,-22.50483]]]}},{"type":"Feature","properties":{"tipo":"Gramado","nome":"","pais":"PY"},"geometry":{"type":"Polygon","coordinates":[[[-55.75186,-22.50597],[-55.75232,-22.50481],[-55.75195,-22.5048],[-55.75186,-22.50597]]]}},{"type":"Feature","properties":{"tipo":"Gramado","nome":"","pais":"PY"},"geometry":{"type":"Polygon","coordinates":[[[-55.75195,-22.50612],[-55.75252,-22.50633],[-55.75275,-22.50569],[-55.75219,-22.5055],[-55.75195,-22.50612]]]}},{"type":"Feature","properties":{"tipo":"Gramado","nome":"","pais":"PY"},"geometry":{"type":"Polygon","coordinates":[[[-55.75334,-22.50593],[-55.75288,-22.50576],[-55.7526,-22.50643],[-55.75267,-22.50646],[-55.75334,-22.50593]]]}},{"type":"Feature","properties":{"tipo":"Gramado","nome":"","pais":"PY"},"geometry":{"type":"Polygon","coordinates":[[[-55.75181,-22.5071],[-55.75251,-22.50654],[-55.75243,-22.50646],[-55.75207,-22.50628],[-55.75187,-22.50626],[-55.75181,-22.5071]]]}},{"type":"Feature","properties":{"tipo":"Esporte","nome":"","pais":"PY"},"geometry":{"type":"Polygon","coordinates":[[[-55.76623,-22.4962],[-55.76617,-22.49682],[-55.76653,-22.49685],[-55.7666,-22.49624],[-55.76623,-22.4962]]]}},{"type":"Feature","properties":{"tipo":"Gramado","nome":"","pais":"PY"},"geometry":{"type":"Polygon","coordinates":[[[-55.76611,-22.49611],[-55.76547,-22.49606],[-55.76536,-22.49719],[-55.766,-22.49724],[-55.76611,-22.49611]]]}},{"type":"Feature","properties":{"tipo":"Mata / vegetação","nome":"","pais":"PY"},"geometry":{"type":"Polygon","coordinates":[[[-55.75751,-22.49664],[-55.75756,-22.49583],[-55.75574,-22.49572],[-55.75588,-22.49734],[-55.75775,-22.49746],[-55.75772,-22.49666],[-55.75751,-22.49664]]]}},{"type":"Feature","properties":{"tipo":"Mata / vegetação","nome":"","pais":"PY"},"geometry":{"type":"Polygon","coordinates":[[[-55.75838,-22.49113],[-55.75489,-22.49085],[-55.75489,-22.49114],[-55.75526,-22.49244],[-55.75865,-22.49277],[-55.75838,-22.49113]]]}},{"type":"Feature","properties":{"tipo":"Praça / parque","nome":"plaza Nuestra Señora de La Encarnacion","pais":"PY"},"geometry":{"type":"Polygon","coordinates":[[[-55.75157,-22.48721],[-55.7515,-22.48779],[-55.75245,-22.48789],[-55.75252,-22.48731],[-55.75157,-22.48721]]]}},{"type":"Feature","properties":{"tipo":"Esporte","nome":"","pais":"PY"},"geometry":{"type":"Polygon","coordinates":[[[-55.7517,-22.48837],[-55.75167,-22.48862],[-55.75215,-22.48866],[-55.75217,-22.48841],[-55.7517,-22.48837]]]}},{"type":"Feature","properties":{"tipo":"Esporte","nome":"","pais":"PY"},"geometry":{"type":"Polygon","coordinates":[[[-55.7515,-22.48844],[-55.75148,-22.4887],[-55.75162,-22.48871],[-55.75165,-22.48845],[-55.7515,-22.48844]]]}},{"type":"Feature","properties":{"tipo":"Gramado","nome":"","pais":"PY"},"geometry":{"type":"Polygon","coordinates":[[[-55.75814,-22.50765],[-55.75799,-22.50802],[-55.75908,-22.50803],[-55.75907,-22.50801],[-55.75814,-22.50765]]]}},{"type":"Feature","properties":{"tipo":"Gramado","nome":"","pais":"PY"},"geometry":{"type":"Polygon","coordinates":[[[-55.75636,-22.50616],[-55.75611,-22.5068],[-55.75703,-22.50712],[-55.75727,-22.5065],[-55.75636,-22.50616]]]}},{"type":"Feature","properties":{"tipo":"Gramado","nome":"","pais":"PY"},"geometry":{"type":"Polygon","coordinates":[[[-55.75531,-22.50578],[-55.75504,-22.5064],[-55.75596,-22.50675],[-55.75624,-22.50611],[-55.75531,-22.50578]]]}},{"type":"Feature","properties":{"tipo":"Gramado","nome":"","pais":"PY"},"geometry":{"type":"Polygon","coordinates":[[[-55.75542,-22.50839],[-55.75494,-22.50946],[-55.75587,-22.50983],[-55.75634,-22.50873],[-55.75542,-22.50839]]]}},{"type":"Feature","properties":{"tipo":"Gramado","nome":"","pais":"PY"},"geometry":{"type":"Polygon","coordinates":[[[-55.75133,-22.5078],[-55.75121,-22.50808],[-55.75168,-22.50824],[-55.75185,-22.50782],[-55.75133,-22.5078]]]}},{"type":"Feature","properties":{"tipo":"Gramado","nome":"","pais":"PY"},"geometry":{"type":"Polygon","coordinates":[[[-55.75027,-22.50774],[-55.74952,-22.5077],[-55.74912,-22.50871],[-55.74979,-22.50892],[-55.75027,-22.50774]]]}},{"type":"Feature","properties":{"tipo":"Gramado","nome":"","pais":"PY"},"geometry":{"type":"Polygon","coordinates":[[[-55.74867,-22.50762],[-55.74832,-22.50838],[-55.74899,-22.50866],[-55.74942,-22.50766],[-55.74867,-22.50762]]]}},{"type":"Feature","properties":{"tipo":"Gramado","nome":"","pais":"PY"},"geometry":{"type":"Polygon","coordinates":[[[-55.75115,-22.50946],[-55.75163,-22.50837],[-55.75116,-22.50818],[-55.75066,-22.50926],[-55.75115,-22.50946]]]}},{"type":"Feature","properties":{"tipo":"Gramado","nome":"","pais":"PY"},"geometry":{"type":"Polygon","coordinates":[[[-55.75221,-22.50983],[-55.75267,-22.50874],[-55.75175,-22.5084],[-55.75129,-22.50948],[-55.75221,-22.50983]]]}},{"type":"Feature","properties":{"tipo":"Esporte","nome":"","pais":"PY"},"geometry":{"type":"Polygon","coordinates":[[[-55.75303,-22.51146],[-55.75286,-22.51185],[-55.75356,-22.51212],[-55.75373,-22.51173],[-55.75303,-22.51146]]]}},{"type":"Feature","properties":{"tipo":"Esporte","nome":"","pais":"PY"},"geometry":{"type":"Polygon","coordinates":[[[-55.75286,-22.51186],[-55.75269,-22.51225],[-55.75339,-22.51251],[-55.75356,-22.51212],[-55.75286,-22.51186]]]}},{"type":"Feature","properties":{"tipo":"Gramado","nome":"","pais":"PY"},"geometry":{"type":"Polygon","coordinates":[[[-55.75258,-22.51222],[-55.75346,-22.51257],[-55.7538,-22.5117],[-55.75295,-22.51139],[-55.75258,-22.51222]]]}},{"type":"Feature","properties":{"tipo":"Esporte","nome":"","pais":"PY"},"geometry":{"type":"Polygon","coordinates":[[[-55.75295,-22.51144],[-55.75289,-22.51157],[-55.75296,-22.5116],[-55.75302,-22.51146],[-55.75295,-22.51144]]]}},{"type":"Feature","properties":{"tipo":"Gramado","nome":"","pais":"PY"},"geometry":{"type":"Polygon","coordinates":[[[-55.75024,-22.51479],[-55.75132,-22.51483],[-55.75156,-22.51426],[-55.75065,-22.51392],[-55.75024,-22.51479]]]}},{"type":"Feature","properties":{"tipo":"Gramado","nome":"","pais":"PY"},"geometry":{"type":"Polygon","coordinates":[[[-55.74911,-22.5088],[-55.74871,-22.50962],[-55.74873,-22.50969],[-55.74932,-22.50991],[-55.7494,-22.50989],[-55.74972,-22.50908],[-55.74911,-22.5088]]]}},{"type":"Feature","properties":{"tipo":"Gramado","nome":"","pais":"PY"},"geometry":{"type":"Polygon","coordinates":[[[-55.74699,-22.50919],[-55.74639,-22.50899],[-55.74606,-22.50989],[-55.74663,-22.51007],[-55.74699,-22.50919]]]}},{"type":"Feature","properties":{"tipo":"Gramado","nome":"","pais":"PY"},"geometry":{"type":"Polygon","coordinates":[[[-55.74556,-22.51081],[-55.7459,-22.50995],[-55.74525,-22.50969],[-55.74475,-22.5105],[-55.74556,-22.51081]]]}},{"type":"Feature","properties":{"tipo":"Gramado","nome":"","pais":"PY"},"geometry":{"type":"Polygon","coordinates":[[[-55.74602,-22.50999],[-55.74568,-22.51083],[-55.74622,-22.51104],[-55.74659,-22.5102],[-55.74602,-22.50999]]]}},{"type":"Feature","properties":{"tipo":"Gramado","nome":"","pais":"PY"},"geometry":{"type":"Polygon","coordinates":[[[-55.74635,-22.51107],[-55.74699,-22.51128],[-55.74735,-22.51044],[-55.74669,-22.51024],[-55.74635,-22.51107]]]}},{"type":"Feature","properties":{"tipo":"Gramado","nome":"","pais":"PY"},"geometry":{"type":"Polygon","coordinates":[[[-55.75052,-22.51387],[-55.74958,-22.51352],[-55.74921,-22.51444],[-55.7501,-22.51477],[-55.75052,-22.51387]]]}},{"type":"Feature","properties":{"tipo":"Gramado","nome":"","pais":"PY"},"geometry":{"type":"Polygon","coordinates":[[[-55.74948,-22.51348],[-55.74896,-22.51328],[-55.74859,-22.51419],[-55.7491,-22.51438],[-55.74948,-22.51348]]]}},{"type":"Feature","properties":{"tipo":"Gramado","nome":"","pais":"PY"},"geometry":{"type":"Polygon","coordinates":[[[-55.75001,-22.51253],[-55.74963,-22.51342],[-55.75055,-22.51377],[-55.75093,-22.51288],[-55.75001,-22.51253]]]}},{"type":"Feature","properties":{"tipo":"Gramado","nome":"","pais":"PY"},"geometry":{"type":"Polygon","coordinates":[[[-55.74939,-22.51231],[-55.749,-22.51317],[-55.7495,-22.51337],[-55.74989,-22.51251],[-55.74939,-22.51231]]]}},{"type":"Feature","properties":{"tipo":"Gramado","nome":"","pais":"PY"},"geometry":{"type":"Polygon","coordinates":[[[-55.74693,-22.51143],[-55.7463,-22.5112],[-55.74595,-22.51209],[-55.74656,-22.51229],[-55.74693,-22.51143]]]}},{"type":"Feature","properties":{"tipo":"Gramado","nome":"","pais":"PY"},"geometry":{"type":"Polygon","coordinates":[[[-55.74564,-22.51095],[-55.7453,-22.51183],[-55.74582,-22.51204],[-55.74619,-22.51117],[-55.74564,-22.51095]]]}},{"type":"Feature","properties":{"tipo":"Gramado","nome":"","pais":"PY"},"geometry":{"type":"Polygon","coordinates":[[[-55.74527,-22.51194],[-55.74492,-22.5128],[-55.74544,-22.51301],[-55.74579,-22.51213],[-55.74527,-22.51194]]]}},{"type":"Feature","properties":{"tipo":"Esporte","nome":"","pais":"PY"},"geometry":{"type":"Polygon","coordinates":[[[-55.75196,-22.51872],[-55.75193,-22.51916],[-55.75224,-22.51917],[-55.75226,-22.51873],[-55.75196,-22.51872]]]}},{"type":"Feature","properties":{"tipo":"Esporte","nome":"","pais":"PY"},"geometry":{"type":"Polygon","coordinates":[[[-55.74485,-22.53551],[-55.74435,-22.53523],[-55.74413,-22.53558],[-55.74463,-22.53586],[-55.74485,-22.53551]]]}},{"type":"Feature","properties":{"tipo":"Esporte","nome":"","pais":"PY"},"geometry":{"type":"Polygon","coordinates":[[[-55.73863,-22.53994],[-55.73843,-22.53983],[-55.73821,-22.54016],[-55.73841,-22.54027],[-55.73863,-22.53994]]]}},{"type":"Feature","properties":{"tipo":"Esporte","nome":"","pais":"PY"},"geometry":{"type":"Polygon","coordinates":[[[-55.73755,-22.56049],[-55.73817,-22.56082],[-55.7386,-22.56014],[-55.73798,-22.5598],[-55.73755,-22.56049]]]}},{"type":"Feature","properties":{"tipo":"Esporte","nome":"","pais":"PY"},"geometry":{"type":"Polygon","coordinates":[[[-55.73852,-22.56068],[-55.73863,-22.56048],[-55.73851,-22.56042],[-55.7384,-22.56062],[-55.73852,-22.56068]]]}},{"type":"Feature","properties":{"tipo":"Esporte","nome":"","pais":"PY"},"geometry":{"type":"Polygon","coordinates":[[[-55.73923,-22.56067],[-55.73886,-22.56046],[-55.73848,-22.56106],[-55.73884,-22.56126],[-55.73923,-22.56067]]]}},{"type":"Feature","properties":{"tipo":"Esporte","nome":"","pais":"PY"},"geometry":{"type":"Polygon","coordinates":[[[-55.73776,-22.56093],[-55.73731,-22.5607],[-55.73715,-22.56094],[-55.73761,-22.56118],[-55.73776,-22.56093]]]}},{"type":"Feature","properties":{"tipo":"Esporte","nome":"","pais":"PY"},"geometry":{"type":"Polygon","coordinates":[[[-55.73876,-22.56153],[-55.73851,-22.56138],[-55.73824,-22.56179],[-55.73849,-22.56194],[-55.73876,-22.56153]]]}},{"type":"Feature","properties":{"tipo":"Esporte","nome":"","pais":"PY"},"geometry":{"type":"Polygon","coordinates":[[[-55.7559,-22.53284],[-55.7556,-22.53262],[-55.75523,-22.53305],[-55.75554,-22.53327],[-55.7559,-22.53284]]]}},{"type":"Feature","properties":{"tipo":"Esporte","nome":"","pais":"PY"},"geometry":{"type":"Polygon","coordinates":[[[-55.74825,-22.53937],[-55.74831,-22.53926],[-55.74808,-22.53914],[-55.74801,-22.53925],[-55.74825,-22.53937]]]}},{"type":"Feature","properties":{"tipo":"Esporte","nome":"","pais":"PY"},"geometry":{"type":"Polygon","coordinates":[[[-55.74836,-22.53922],[-55.74849,-22.53899],[-55.74838,-22.53894],[-55.74824,-22.53916],[-55.74836,-22.53922]]]}},{"type":"Feature","properties":{"tipo":"Esporte","nome":"","pais":"PY"},"geometry":{"type":"Polygon","coordinates":[[[-55.74826,-22.53889],[-55.74797,-22.53874],[-55.7479,-22.53886],[-55.7482,-22.53901],[-55.74826,-22.53889]]]}},{"type":"Feature","properties":{"tipo":"Esporte","nome":"","pais":"PY"},"geometry":{"type":"Polygon","coordinates":[[[-55.74177,-22.5516],[-55.74226,-22.55185],[-55.74254,-22.55138],[-55.74205,-22.55113],[-55.74177,-22.5516]]]}},{"type":"Feature","properties":{"tipo":"Esporte","nome":"","pais":"PY"},"geometry":{"type":"Polygon","coordinates":[[[-55.74392,-22.56187],[-55.74376,-22.56189],[-55.74378,-22.56214],[-55.74395,-22.56213],[-55.74392,-22.56187]]]}},{"type":"Feature","properties":{"tipo":"Esporte","nome":"","pais":"PY"},"geometry":{"type":"Polygon","coordinates":[[[-55.7434,-22.56152],[-55.74343,-22.56184],[-55.74362,-22.56183],[-55.74358,-22.5615],[-55.7434,-22.56152]]]}},{"type":"Feature","properties":{"tipo":"Esporte","nome":"","pais":"PY"},"geometry":{"type":"Polygon","coordinates":[[[-55.75027,-22.57604],[-55.75005,-22.57589],[-55.74976,-22.57623],[-55.74998,-22.57639],[-55.75027,-22.57604]]]}},{"type":"Feature","properties":{"tipo":"Esporte","nome":"","pais":"PY"},"geometry":{"type":"Polygon","coordinates":[[[-55.74679,-22.58299],[-55.74607,-22.58242],[-55.74556,-22.58297],[-55.74628,-22.58354],[-55.74679,-22.58299]]]}},{"type":"Feature","properties":{"tipo":"Esporte","nome":"","pais":"PY"},"geometry":{"type":"Polygon","coordinates":[[[-55.74367,-22.58547],[-55.74415,-22.58583],[-55.74438,-22.58557],[-55.74391,-22.58521],[-55.74367,-22.58547]]]}},{"type":"Feature","properties":{"tipo":"Esporte","nome":"","pais":"PY"},"geometry":{"type":"Polygon","coordinates":[[[-55.74353,-22.58517],[-55.74366,-22.58528],[-55.74372,-22.58521],[-55.74359,-22.58511],[-55.74353,-22.58517]]]}},{"type":"Feature","properties":{"tipo":"Esporte","nome":"","pais":"PY"},"geometry":{"type":"Polygon","coordinates":[[[-55.73804,-22.5793],[-55.73757,-22.57891],[-55.73728,-22.57922],[-55.73775,-22.5796],[-55.73804,-22.5793]]]}},{"type":"Feature","properties":{"tipo":"Esporte","nome":"","pais":"PY"},"geometry":{"type":"Polygon","coordinates":[[[-55.73119,-22.57987],[-55.73087,-22.57983],[-55.73084,-22.58003],[-55.73116,-22.58007],[-55.73119,-22.57987]]]}},{"type":"Feature","properties":{"tipo":"Esporte","nome":"","pais":"PY"},"geometry":{"type":"Polygon","coordinates":[[[-55.71911,-22.57071],[-55.71854,-22.57024],[-55.71822,-22.57058],[-55.71878,-22.57105],[-55.71911,-22.57071]]]}},{"type":"Feature","properties":{"tipo":"Esporte","nome":"","pais":"PY"},"geometry":{"type":"Polygon","coordinates":[[[-55.71711,-22.56459],[-55.7175,-22.56416],[-55.71717,-22.5639],[-55.71678,-22.56434],[-55.71711,-22.56459]]]}},{"type":"Feature","properties":{"tipo":"Esporte","nome":"","pais":"PY"},"geometry":{"type":"Polygon","coordinates":[[[-55.71802,-22.56356],[-55.71768,-22.56331],[-55.71728,-22.56377],[-55.71761,-22.56402],[-55.71802,-22.56356]]]}},{"type":"Feature","properties":{"tipo":"Esporte","nome":"","pais":"PY"},"geometry":{"type":"Polygon","coordinates":[[[-55.73364,-22.57104],[-55.73337,-22.57085],[-55.73322,-22.57104],[-55.73349,-22.57123],[-55.73364,-22.57104]]]}},{"type":"Feature","properties":{"tipo":"Esporte","nome":"","pais":"PY"},"geometry":{"type":"Polygon","coordinates":[[[-55.74075,-22.57634],[-55.74106,-22.57656],[-55.74138,-22.57616],[-55.74107,-22.57595],[-55.74075,-22.57634]]]}},{"type":"Feature","properties":{"tipo":"Esporte","nome":"","pais":"PY"},"geometry":{"type":"Polygon","coordinates":[[[-55.75481,-22.58938],[-55.75449,-22.58914],[-55.75413,-22.58957],[-55.75445,-22.5898],[-55.75481,-22.58938]]]}},{"type":"Feature","properties":{"tipo":"Esporte","nome":"","pais":"PY"},"geometry":{"type":"Polygon","coordinates":[[[-55.75552,-22.58966],[-55.75568,-22.58975],[-55.75575,-22.58966],[-55.75559,-22.58956],[-55.75552,-22.58966]]]}},{"type":"Feature","properties":{"tipo":"Esporte","nome":"","pais":"PY"},"geometry":{"type":"Polygon","coordinates":[[[-55.79711,-22.59569],[-55.7965,-22.59534],[-55.79625,-22.59572],[-55.79686,-22.59606],[-55.79711,-22.59569]]]}},{"type":"Feature","properties":{"tipo":"Esporte","nome":"","pais":"PY"},"geometry":{"type":"Polygon","coordinates":[[[-55.79604,-22.59538],[-55.79619,-22.59547],[-55.79633,-22.59526],[-55.79619,-22.59518],[-55.79604,-22.59538]]]}},{"type":"Feature","properties":{"tipo":"Esporte","nome":"","pais":"PY"},"geometry":{"type":"Polygon","coordinates":[[[-55.79478,-22.59498],[-55.7953,-22.59529],[-55.79554,-22.59494],[-55.79502,-22.59464],[-55.79478,-22.59498]]]}},{"type":"Feature","properties":{"tipo":"Esporte","nome":"","pais":"PY"},"geometry":{"type":"Polygon","coordinates":[[[-55.79555,-22.59681],[-55.79605,-22.59704],[-55.79617,-22.59683],[-55.79566,-22.5966],[-55.79555,-22.59681]]]}},{"type":"Feature","properties":{"tipo":"Esporte","nome":"","pais":"PY"},"geometry":{"type":"Polygon","coordinates":[[[-55.79535,-22.59811],[-55.7957,-22.59826],[-55.79584,-22.598],[-55.79549,-22.59785],[-55.79535,-22.59811]]]}},{"type":"Feature","properties":{"tipo":"Esporte","nome":"","pais":"PY"},"geometry":{"type":"Polygon","coordinates":[[[-55.76307,-22.5962],[-55.76334,-22.59637],[-55.76348,-22.59619],[-55.7632,-22.59602],[-55.76307,-22.5962]]]}},{"type":"Feature","properties":{"tipo":"Esporte","nome":"","pais":"PY"},"geometry":{"type":"Polygon","coordinates":[[[-55.76321,-22.59626],[-55.7633,-22.59633],[-55.76342,-22.59617],[-55.76333,-22.59611],[-55.76321,-22.59626]]]}},{"type":"Feature","properties":{"tipo":"Esporte","nome":"","pais":"PY"},"geometry":{"type":"Polygon","coordinates":[[[-55.76339,-22.59694],[-55.76384,-22.59728],[-55.76404,-22.59706],[-55.76359,-22.59672],[-55.76339,-22.59694]]]}},{"type":"Feature","properties":{"tipo":"Esporte","nome":"","pais":"PY"},"geometry":{"type":"Polygon","coordinates":[[[-55.72685,-22.59419],[-55.72724,-22.59452],[-55.7275,-22.59426],[-55.72711,-22.59393],[-55.72685,-22.59419]]]}},{"type":"Feature","properties":{"tipo":"Esporte","nome":"","pais":"PY"},"geometry":{"type":"Polygon","coordinates":[[[-55.7264,-22.59348],[-55.726,-22.59388],[-55.72632,-22.59415],[-55.72672,-22.59375],[-55.7264,-22.59348]]]}},{"type":"Feature","properties":{"tipo":"Esporte","nome":"","pais":"PY"},"geometry":{"type":"Polygon","coordinates":[[[-55.72362,-22.55496],[-55.72385,-22.55508],[-55.72392,-22.55497],[-55.72369,-22.55485],[-55.72362,-22.55496]]]}},{"type":"Feature","properties":{"tipo":"Esporte","nome":"","pais":"PY"},"geometry":{"type":"Polygon","coordinates":[[[-55.74828,-22.56123],[-55.74841,-22.5613],[-55.74856,-22.56107],[-55.74843,-22.561],[-55.74828,-22.56123]]]}},{"type":"Feature","properties":{"tipo":"Esporte","nome":"","pais":"PY"},"geometry":{"type":"Polygon","coordinates":[[[-55.74144,-22.54758],[-55.74128,-22.54785],[-55.74174,-22.54807],[-55.74189,-22.5478],[-55.74144,-22.54758]]]}},{"type":"Feature","properties":{"tipo":"Esporte","nome":"","pais":"PY"},"geometry":{"type":"Polygon","coordinates":[[[-55.7415,-22.5474],[-55.74168,-22.5471],[-55.74151,-22.54701],[-55.74133,-22.54731],[-55.7415,-22.5474]]]}},{"type":"Feature","properties":{"tipo":"Esporte","nome":"","pais":"PY"},"geometry":{"type":"Polygon","coordinates":[[[-55.68469,-22.58894],[-55.68476,-22.58923],[-55.68491,-22.5892],[-55.68483,-22.58891],[-55.68469,-22.58894]]]}},{"type":"Feature","properties":{"tipo":"Esporte","nome":"","pais":"PY"},"geometry":{"type":"Polygon","coordinates":[[[-55.68483,-22.58967],[-55.68497,-22.59013],[-55.68525,-22.59006],[-55.68511,-22.5896],[-55.68483,-22.58967]]]}},{"type":"Feature","properties":{"tipo":"Esporte","nome":"","pais":"PY"},"geometry":{"type":"Polygon","coordinates":[[[-55.7417,-22.57675],[-55.74132,-22.57644],[-55.74105,-22.57673],[-55.74143,-22.57704],[-55.7417,-22.57675]]]}},{"type":"Feature","properties":{"tipo":"Esporte","nome":"","pais":"PY"},"geometry":{"type":"Polygon","coordinates":[[[-55.72718,-22.57216],[-55.72759,-22.5725],[-55.7279,-22.57219],[-55.72748,-22.57185],[-55.72718,-22.57216]]]}},{"type":"Feature","properties":{"tipo":"Praça / parque","nome":"","pais":"PY"},"geometry":{"type":"Polygon","coordinates":[[[-55.68437,-22.58897],[-55.6844,-22.58891],[-55.68436,-22.58893],[-55.68437,-22.58897]]]}},{"type":"Feature","properties":{"tipo":"Gramado","nome":"","pais":"PY"},"geometry":{"type":"Polygon","coordinates":[[[-55.68506,-22.58898],[-55.68522,-22.58871],[-55.68457,-22.5883],[-55.6843,-22.58864],[-55.68445,-22.58868],[-55.68477,-22.58862],[-55.68496,-22.58871],[-55.68497,-22.589],[-55.6851,-22.58944],[-55.68518,-22.58942],[-55.68506,-22.58898]]]}},{"type":"Feature","properties":{"tipo":"Gramado","nome":"","pais":"PY"},"geometry":{"type":"Polygon","coordinates":[[[-55.68641,-22.59039],[-55.68598,-22.58912],[-55.6859,-22.58866],[-55.68593,-22.58831],[-55.68575,-22.58831],[-55.68542,-22.58851],[-55.68528,-22.58884],[-55.68569,-22.59018],[-55.6861,-22.59058],[-55.68637,-22.59047],[-55.68641,-22.59039]]]}},{"type":"Feature","properties":{"tipo":"Gramado","nome":"","pais":"PY"},"geometry":{"type":"Polygon","coordinates":[[[-55.69134,-22.58163],[-55.6914,-22.57975],[-55.69106,-22.58015],[-55.69043,-22.58133],[-55.69041,-22.58146],[-55.69068,-22.58262],[-55.69095,-22.58291],[-55.691,-22.58333],[-55.69149,-22.58328],[-55.69134,-22.58163]]]}},{"type":"Feature","properties":{"tipo":"Esporte","nome":"","pais":"PY"},"geometry":{"type":"Polygon","coordinates":[[[-55.76203,-22.58055],[-55.76236,-22.58068],[-55.76261,-22.58015],[-55.76227,-22.58002],[-55.76203,-22.58055]]]}},{"type":"Feature","properties":{"tipo":"Gramado","nome":"","pais":"PY"},"geometry":{"type":"Polygon","coordinates":[[[-55.69239,-22.59209],[-55.69232,-22.59141],[-55.69233,-22.59078],[-55.69255,-22.59029],[-55.69267,-22.58975],[-55.69269,-22.58894],[-55.69221,-22.58889],[-55.69218,-22.58961],[-55.69203,-22.59038],[-55.69184,-22.59092],[-55.69139,-22.59175],[-55.69107,-22.59285],[-55.69099,-22.59302],[-55.68966,-22.59455],[-55.68994,-22.59477],[-55.69239,-22.59209]]]}},{"type":"Feature","properties":{"tipo":"Gramado","nome":"","pais":"PY"},"geometry":{"type":"Polygon","coordinates":[[[-55.68959,-22.59449],[-55.68951,-22.59422],[-55.68915,-22.59379],[-55.68839,-22.59311],[-55.68763,-22.59259],[-55.68636,-22.59152],[-55.68603,-22.59104],[-55.68599,-22.5908],[-55.68604,-22.59062],[-55.68563,-22.59027],[-55.68535,-22.58946],[-55.68508,-22.58952],[-55.685,-22.58925],[-55.68445,-22.58942],[-55.68499,-22.5892],[-55.68494,-22.58873],[-55.68475,-22.58865],[-55.6845,-22.58869],[-55.68442,-22.58885],[-55.68447,-22.58899],[-55.68437,-22.58903],[-55.6843,-22.58893],[-55.68445,-22.58868],[-55.6843,-22.58864],[-55.68401,-22.58896],[-55.68347,-22.58932],[-55.68346,-22.5894],[-55.68959,-22.59449]]]}},{"type":"Feature","properties":{"tipo":"Gramado","nome":"","pais":"PY"},"geometry":{"type":"Polygon","coordinates":[[[-55.69132,-22.59177],[-55.69013,-22.58968],[-55.68979,-22.58871],[-55.68942,-22.58696],[-55.68939,-22.58563],[-55.68947,-22.58521],[-55.68935,-22.58514],[-55.68871,-22.58518],[-55.68858,-22.58535],[-55.68853,-22.58625],[-55.68863,-22.58744],[-55.68879,-22.58825],[-55.68926,-22.58969],[-55.68979,-22.59076],[-55.69042,-22.59171],[-55.69107,-22.59252],[-55.69132,-22.59177]]]}},{"type":"Feature","properties":{"tipo":"Gramado","nome":"","pais":"PY"},"geometry":{"type":"Polygon","coordinates":[[[-55.68603,-22.58785],[-55.6863,-22.58736],[-55.68792,-22.5855],[-55.68833,-22.58518],[-55.68852,-22.58511],[-55.68908,-22.58504],[-55.68961,-22.58506],[-55.69005,-22.58461],[-55.68868,-22.58356],[-55.68878,-22.58338],[-55.68872,-22.58333],[-55.68457,-22.5883],[-55.68522,-22.58871],[-55.68535,-22.58851],[-55.68554,-22.58835],[-55.68592,-22.58822],[-55.68603,-22.58785]]]}},{"type":"Feature","properties":{"tipo":"Gramado","nome":"","pais":"PY"},"geometry":{"type":"Polygon","coordinates":[[[-55.68704,-22.59103],[-55.6871,-22.59047],[-55.68725,-22.59009],[-55.68764,-22.58958],[-55.68681,-22.58978],[-55.68652,-22.58973],[-55.68617,-22.58948],[-55.68654,-22.59053],[-55.6869,-22.59108],[-55.68704,-22.59103]]]}},{"type":"Feature","properties":{"tipo":"Gramado","nome":"","pais":"PY"},"geometry":{"type":"Polygon","coordinates":[[[-55.68748,-22.5889],[-55.68742,-22.58896],[-55.68687,-22.58909],[-55.68673,-22.58905],[-55.68637,-22.5874],[-55.68613,-22.5878],[-55.686,-22.58825],[-55.68599,-22.58882],[-55.68616,-22.58934],[-55.68644,-22.58961],[-55.68667,-22.58971],[-55.68688,-22.58972],[-55.68737,-22.58962],[-55.6878,-22.58938],[-55.68796,-22.58917],[-55.68748,-22.5889]]]}},{"type":"Feature","properties":{"tipo":"Gramado","nome":"","pais":"PY"},"geometry":{"type":"Polygon","coordinates":[[[-55.6872,-22.58789],[-55.68705,-22.58673],[-55.687,-22.58667],[-55.68645,-22.58733],[-55.68657,-22.58806],[-55.68681,-22.58902],[-55.68741,-22.58887],[-55.6872,-22.58789]]]}},{"type":"Feature","properties":{"tipo":"Gramado","nome":"","pais":"PY"},"geometry":{"type":"Polygon","coordinates":[[[-55.68787,-22.58753],[-55.68774,-22.58595],[-55.68767,-22.58588],[-55.6871,-22.58661],[-55.68724,-22.58772],[-55.68748,-22.5889],[-55.68796,-22.58917],[-55.68807,-22.58884],[-55.68807,-22.58866],[-55.68787,-22.58753]]]}},{"type":"Feature","properties":{"tipo":"Gramado","nome":"","pais":"PY"},"geometry":{"type":"Polygon","coordinates":[[[-55.68678,-22.59184],[-55.68754,-22.59246],[-55.68846,-22.5931],[-55.6892,-22.59376],[-55.68968,-22.59436],[-55.69093,-22.59299],[-55.69109,-22.59259],[-55.69081,-22.59228],[-55.69043,-22.59274],[-55.69002,-22.59296],[-55.68964,-22.59308],[-55.68927,-22.59308],[-55.68885,-22.59291],[-55.68733,-22.59169],[-55.68688,-22.5912],[-55.6865,-22.59059],[-55.6864,-22.59056],[-55.6861,-22.59072],[-55.68604,-22.59088],[-55.68626,-22.59133],[-55.68678,-22.59184]]]}},{"type":"Feature","properties":{"tipo":"Gramado","nome":"","pais":"PY"},"geometry":{"type":"Polygon","coordinates":[[[-55.68997,-22.59224],[-55.68942,-22.59254],[-55.6885,-22.59258],[-55.68887,-22.59285],[-55.68924,-22.59301],[-55.68966,-22.59302],[-55.69001,-22.59292],[-55.69035,-22.59275],[-55.69078,-22.59224],[-55.6904,-22.59177],[-55.68997,-22.59224]]]}},{"type":"Feature","properties":{"tipo":"Gramado","nome":"","pais":"PY"},"geometry":{"type":"Polygon","coordinates":[[[-55.6881,-22.59009],[-55.68864,-22.58942],[-55.68879,-22.58886],[-55.68879,-22.58855],[-55.68859,-22.58763],[-55.68847,-22.5864],[-55.68848,-22.58522],[-55.68803,-22.58551],[-55.68781,-22.58574],[-55.68785,-22.58703],[-55.68813,-22.58878],[-55.68802,-22.58918],[-55.68758,-22.58975],[-55.6881,-22.59009]]]}},{"type":"Feature","properties":{"tipo":"Gramado","nome":"","pais":"PY"},"geometry":{"type":"Polygon","coordinates":[[[-55.68838,-22.59249],[-55.68868,-22.59257],[-55.6894,-22.5925],[-55.68994,-22.59221],[-55.69036,-22.59171],[-55.68999,-22.59121],[-55.68925,-22.59191],[-55.68885,-22.5919],[-55.68861,-22.59179],[-55.68792,-22.59114],[-55.68784,-22.59097],[-55.68783,-22.59067],[-55.6881,-22.59009],[-55.68758,-22.58975],[-55.68724,-22.59029],[-55.6871,-22.59075],[-55.6871,-22.59107],[-55.68693,-22.59116],[-55.68733,-22.59161],[-55.68838,-22.59249]]]}},{"type":"Feature","properties":{"tipo":"Gramado","nome":"","pais":"PY"},"geometry":{"type":"Polygon","coordinates":[[[-55.68911,-22.59112],[-55.68891,-22.59113],[-55.68855,-22.59078],[-55.68859,-22.59065],[-55.68902,-22.59019],[-55.68929,-22.59],[-55.68907,-22.58943],[-55.68842,-22.58986],[-55.68811,-22.5902],[-55.68796,-22.59044],[-55.68788,-22.59078],[-55.68797,-22.5911],[-55.68857,-22.59169],[-55.68884,-22.59184],[-55.6891,-22.59188],[-55.68935,-22.59179],[-55.68995,-22.59118],[-55.68957,-22.59058],[-55.68911,-22.59112]]]}},{"type":"Feature","properties":{"tipo":"Gramado","nome":"","pais":"PY"},"geometry":{"type":"Polygon","coordinates":[[[-55.68903,-22.59026],[-55.6886,-22.59074],[-55.68861,-22.59082],[-55.68898,-22.59109],[-55.68908,-22.59107],[-55.68955,-22.59051],[-55.68932,-22.59007],[-55.68903,-22.59026]]]}},{"type":"Feature","properties":{"tipo":"Gramado","nome":"","pais":"PY"},"geometry":{"type":"Polygon","coordinates":[[[-55.69145,-22.59146],[-55.69189,-22.59057],[-55.69176,-22.59047],[-55.69119,-22.59112],[-55.69145,-22.59146]]]}},{"type":"Feature","properties":{"tipo":"Gramado","nome":"","pais":"PY"},"geometry":{"type":"Polygon","coordinates":[[[-55.69119,-22.59102],[-55.69168,-22.59043],[-55.69193,-22.58989],[-55.69205,-22.58936],[-55.69204,-22.58876],[-55.69192,-22.58822],[-55.69172,-22.58774],[-55.69091,-22.58657],[-55.69081,-22.58623],[-55.6908,-22.58577],[-55.69105,-22.58502],[-55.69105,-22.58472],[-55.69082,-22.58436],[-55.69051,-22.58422],[-55.69041,-22.58426],[-55.69011,-22.58478],[-55.6896,-22.58532],[-55.68953,-22.58595],[-55.68956,-22.58686],[-55.68988,-22.58844],[-55.69037,-22.58978],[-55.69104,-22.59096],[-55.69119,-22.59102]]]}},{"type":"Feature","properties":{"tipo":"Gramado","nome":"","pais":"PY"},"geometry":{"type":"Polygon","coordinates":[[[-55.6927,-22.58888],[-55.69267,-22.58816],[-55.69242,-22.5872],[-55.69216,-22.58698],[-55.69197,-22.58691],[-55.69189,-22.58706],[-55.69171,-22.58708],[-55.69161,-22.58699],[-55.6916,-22.58674],[-55.69132,-22.58693],[-55.69176,-22.58751],[-55.69197,-22.5879],[-55.69215,-22.58846],[-55.69221,-22.58889],[-55.69258,-22.58896],[-55.6927,-22.58888]]]}},{"type":"Feature","properties":{"tipo":"Gramado","nome":"","pais":"PY"},"geometry":{"type":"Polygon","coordinates":[[[-55.69108,-22.58392],[-55.69104,-22.58437],[-55.69116,-22.58458],[-55.69122,-22.58496],[-55.69102,-22.58565],[-55.691,-22.58608],[-55.69113,-22.58661],[-55.69132,-22.58693],[-55.6916,-22.58674],[-55.69147,-22.58646],[-55.69134,-22.58534],[-55.69143,-22.58488],[-55.69149,-22.58328],[-55.691,-22.58333],[-55.69108,-22.58392]]]}},{"type":"Feature","properties":{"tipo":"Gramado","nome":"","pais":"PY"},"geometry":{"type":"Polygon","coordinates":[[[-55.69017,-22.58441],[-55.69023,-22.58405],[-55.69036,-22.58389],[-55.69062,-22.58374],[-55.69068,-22.58355],[-55.69026,-22.58167],[-55.69018,-22.58162],[-55.68908,-22.58291],[-55.69014,-22.58365],[-55.68963,-22.58429],[-55.69005,-22.58461],[-55.69017,-22.58441]]]}},{"type":"Feature","properties":{"tipo":"Gramado","nome":"","pais":"PY"},"geometry":{"type":"Polygon","coordinates":[[[-55.691,-22.58387],[-55.69092,-22.58319],[-55.69092,-22.58318],[-55.69081,-22.58328],[-55.69081,-22.58373],[-55.69064,-22.58395],[-55.69067,-22.58409],[-55.69088,-22.58422],[-55.69097,-22.5842],[-55.691,-22.58387]]]}},{"type":"Feature","properties":{"tipo":"Gramado","nome":"","pais":"PY"},"geometry":{"type":"Polygon","coordinates":[[[-55.69167,-22.58754],[-55.69115,-22.58678],[-55.69096,-22.58627],[-55.69093,-22.58581],[-55.69116,-22.58487],[-55.6911,-22.5846],[-55.69098,-22.58442],[-55.69112,-22.58487],[-55.69085,-22.58576],[-55.69088,-22.58628],[-55.69107,-22.58678],[-55.69167,-22.58754]]]}},{"type":"Feature","properties":{"tipo":"Mata / vegetação","nome":"","pais":"PY"},"geometry":{"type":"Polygon","coordinates":[[[-55.69608,-22.58887],[-55.69495,-22.58817],[-55.69407,-22.58652],[-55.69352,-22.5849],[-55.69345,-22.58438],[-55.69282,-22.58306],[-55.6928,-22.58268],[-55.69301,-22.58257],[-55.6924,-22.58127],[-55.69251,-22.58011],[-55.69206,-22.57933],[-55.69179,-22.57944],[-55.69144,-22.57966],[-55.69141,-22.58164],[-55.69148,-22.58163],[-55.69155,-22.58202],[-55.69166,-22.58352],[-55.69157,-22.58487],[-55.69147,-22.58532],[-55.69161,-22.5864],[-55.69174,-22.58669],[-55.69196,-22.58685],[-55.69221,-22.58689],[-55.69251,-22.58713],[-55.69277,-22.58823],[-55.69277,-22.58972],[-55.69282,-22.59017],[-55.69313,-22.59133],[-55.69347,-22.59178],[-55.69349,-22.59191],[-55.69608,-22.58887]]]}},{"type":"Feature","properties":{"tipo":"Gramado","nome":"","pais":"PY"},"geometry":{"type":"Polygon","coordinates":[[[-55.69702,-22.57955],[-55.69513,-22.57785],[-55.69505,-22.57784],[-55.69451,-22.57825],[-55.69444,-22.57838],[-55.6944,-22.57856],[-55.69454,-22.57877],[-55.69626,-22.58027],[-55.69633,-22.58026],[-55.69702,-22.57955]]]}},{"type":"Feature","properties":{"tipo":"Esporte","nome":"","pais":"PY"},"geometry":{"type":"Polygon","coordinates":[[[-55.70302,-22.57202],[-55.70271,-22.57234],[-55.70324,-22.57277],[-55.70354,-22.57245],[-55.70302,-22.57202]]]}},{"type":"Feature","properties":{"tipo":"Gramado","nome":"","pais":"PY"},"geometry":{"type":"Polygon","coordinates":[[[-55.69999,-22.58225],[-55.69998,-22.58217],[-55.69926,-22.58156],[-55.69861,-22.58225],[-55.69933,-22.5829],[-55.69999,-22.58225]]]}},{"type":"Feature","properties":{"tipo":"Gramado","nome":"","pais":"PY"},"geometry":{"type":"Polygon","coordinates":[[[-55.69711,-22.57962],[-55.69637,-22.58033],[-55.69715,-22.581],[-55.69785,-22.5803],[-55.69711,-22.57962]]]}},{"type":"Feature","properties":{"tipo":"Gramado","nome":"","pais":"PY"},"geometry":{"type":"Polygon","coordinates":[[[-55.69893,-22.57925],[-55.69816,-22.57846],[-55.69719,-22.57954],[-55.69795,-22.58021],[-55.69893,-22.57925]]]}},{"type":"Feature","properties":{"tipo":"Gramado","nome":"","pais":"PY"},"geometry":{"type":"Polygon","coordinates":[[[-55.69733,-22.57759],[-55.69681,-22.57803],[-55.69563,-22.57815],[-55.69707,-22.57944],[-55.69809,-22.57837],[-55.69733,-22.57759]]]}},{"type":"Feature","properties":{"tipo":"Gramado","nome":"","pais":"PY"},"geometry":{"type":"Polygon","coordinates":[[[-55.69775,-22.57717],[-55.69738,-22.5775],[-55.69816,-22.57828],[-55.69854,-22.5779],[-55.69775,-22.57717]]]}},{"type":"Feature","properties":{"tipo":"Esporte","nome":"","pais":"PY"},"geometry":{"type":"Polygon","coordinates":[[[-55.71278,-22.57701],[-55.71227,-22.57663],[-55.71199,-22.57695],[-55.71251,-22.57734],[-55.71278,-22.57701]]]}},{"type":"Feature","properties":{"tipo":"Gramado","nome":"","pais":"PY"},"geometry":{"type":"Polygon","coordinates":[[[-55.69788,-22.57534],[-55.69696,-22.57631],[-55.69772,-22.57701],[-55.6987,-22.57607],[-55.69788,-22.57534]]]}},{"type":"Feature","properties":{"tipo":"Gramado","nome":"","pais":"PY"},"geometry":{"type":"Polygon","coordinates":[[[-55.69842,-22.5748],[-55.69794,-22.57526],[-55.69877,-22.57599],[-55.69921,-22.57551],[-55.69842,-22.5748]]]}},{"type":"Feature","properties":{"tipo":"Mata / vegetação","nome":"","pais":"PY"},"geometry":{"type":"Polygon","coordinates":[[[-55.70324,-22.57394],[-55.70177,-22.57552],[-55.70354,-22.57683],[-55.70361,-22.57683],[-55.7044,-22.57604],[-55.70423,-22.57596],[-55.70402,-22.57595],[-55.70349,-22.57644],[-55.70331,-22.57648],[-55.70322,-22.57638],[-55.70321,-22.57621],[-55.70352,-22.57558],[-55.70357,-22.5752],[-55.70369,-22.57495],[-55.70355,-22.57438],[-55.70324,-22.57394]]]}},{"type":"Feature","properties":{"tipo":"Mata / vegetação","nome":"","pais":"PY"},"geometry":{"type":"Polygon","coordinates":[[[-55.70793,-22.57161],[-55.70774,-22.57155],[-55.7074,-22.57166],[-55.70722,-22.57164],[-55.70608,-22.57087],[-55.70584,-22.57083],[-55.7055,-22.57095],[-55.70513,-22.57078],[-55.70503,-22.57081],[-55.70472,-22.57116],[-55.70472,-22.5714],[-55.70484,-22.57153],[-55.70473,-22.57167],[-55.70501,-22.57195],[-55.70557,-22.57187],[-55.70571,-22.57191],[-55.70635,-22.57229],[-55.7073,-22.57263],[-55.70736,-22.57287],[-55.70752,-22.57283],[-55.70833,-22.57193],[-55.70793,-22.57161]]]}},{"type":"Feature","properties":{"tipo":"Gramado","nome":"","pais":"PY"},"geometry":{"type":"Polygon","coordinates":[[[-55.6998,-22.57551],[-55.69959,-22.57571],[-55.70023,-22.57621],[-55.70041,-22.57603],[-55.6998,-22.57551]]]}},{"type":"Feature","properties":{"tipo":"Gramado","nome":"","pais":"PY"},"geometry":{"type":"Polygon","coordinates":[[[-55.70009,-22.57635],[-55.69987,-22.5761],[-55.69962,-22.57634],[-55.6995,-22.57623],[-55.69973,-22.57599],[-55.69952,-22.57579],[-55.69936,-22.57594],[-55.69916,-22.57576],[-55.69886,-22.57606],[-55.69967,-22.57676],[-55.70009,-22.57635]]]}},{"type":"Feature","properties":{"tipo":"Gramado","nome":"","pais":"PY"},"geometry":{"type":"Polygon","coordinates":[[[-55.6988,-22.57618],[-55.69836,-22.5766],[-55.69915,-22.57728],[-55.69957,-22.57685],[-55.6988,-22.57618]]]}},{"type":"Feature","properties":{"tipo":"Gramado","nome":"","pais":"PY"},"geometry":{"type":"Polygon","coordinates":[[[-55.69826,-22.5767],[-55.69781,-22.5771],[-55.69863,-22.57781],[-55.69906,-22.57737],[-55.69826,-22.5767]]]}},{"type":"Feature","properties":{"tipo":"Gramado","nome":"","pais":"PY"},"geometry":{"type":"Polygon","coordinates":[[[-55.70408,-22.58153],[-55.70432,-22.58172],[-55.70456,-22.58147],[-55.7041,-22.58109],[-55.7037,-22.5815],[-55.70394,-22.58168],[-55.70408,-22.58153]]]}},{"type":"Feature","properties":{"tipo":"Gramado","nome":"","pais":"PY"},"geometry":{"type":"Polygon","coordinates":[[[-55.70543,-22.58052],[-55.70497,-22.58015],[-55.70455,-22.5806],[-55.70501,-22.58097],[-55.70543,-22.58052]]]}},{"type":"Feature","properties":{"tipo":"Gramado","nome":"","pais":"PY"},"geometry":{"type":"Polygon","coordinates":[[[-55.70577,-22.58018],[-55.70553,-22.57999],[-55.70562,-22.5799],[-55.70583,-22.58009],[-55.70598,-22.57993],[-55.70552,-22.57957],[-55.70514,-22.57998],[-55.70561,-22.58035],[-55.70577,-22.58018]]]}},{"type":"Feature","properties":{"tipo":"Gramado","nome":"","pais":"PY"},"geometry":{"type":"Polygon","coordinates":[[[-55.70101,-22.57656],[-55.70068,-22.57627],[-55.70093,-22.57602],[-55.70076,-22.57585],[-55.70031,-22.57629],[-55.70082,-22.57676],[-55.70101,-22.57656]]]}},{"type":"Feature","properties":{"tipo":"Gramado","nome":"","pais":"PY"},"geometry":{"type":"Polygon","coordinates":[[[-55.70087,-22.57725],[-55.70066,-22.57706],[-55.7008,-22.57692],[-55.70068,-22.57682],[-55.70042,-22.57707],[-55.70033,-22.57698],[-55.70014,-22.57716],[-55.70058,-22.57754],[-55.70087,-22.57725]]]}},{"type":"Feature","properties":{"tipo":"Gramado","nome":"","pais":"PY"},"geometry":{"type":"Polygon","coordinates":[[[-55.70022,-22.57643],[-55.6998,-22.57684],[-55.70004,-22.57705],[-55.70025,-22.57685],[-55.70035,-22.57694],[-55.70056,-22.57673],[-55.70022,-22.57643]]]}},{"type":"Feature","properties":{"tipo":"Gramado","nome":"","pais":"PY"},"geometry":{"type":"Polygon","coordinates":[[[-55.69988,-22.57748],[-55.69965,-22.5777],[-55.70007,-22.57807],[-55.70048,-22.57766],[-55.7003,-22.57751],[-55.70006,-22.57774],[-55.69993,-22.57763],[-55.70017,-22.57739],[-55.6997,-22.57698],[-55.69951,-22.57716],[-55.69988,-22.57748]]]}},{"type":"Feature","properties":{"tipo":"Gramado","nome":"","pais":"PY"},"geometry":{"type":"Polygon","coordinates":[[[-55.69902,-22.57838],[-55.69864,-22.57802],[-55.69825,-22.57838],[-55.69839,-22.57851],[-55.69859,-22.57834],[-55.69869,-22.57844],[-55.6985,-22.57862],[-55.69863,-22.57874],[-55.69902,-22.57838]]]}},{"type":"Feature","properties":{"tipo":"Gramado","nome":"","pais":"PY"},"geometry":{"type":"Polygon","coordinates":[[[-55.69996,-22.57819],[-55.69917,-22.57748],[-55.69872,-22.5779],[-55.69888,-22.57804],[-55.69913,-22.57781],[-55.69925,-22.57792],[-55.69901,-22.57814],[-55.69952,-22.5786],[-55.69996,-22.57819]]]}},{"type":"Feature","properties":{"tipo":"Gramado","nome":"","pais":"PY"},"geometry":{"type":"Polygon","coordinates":[[[-55.70234,-22.58275],[-55.70257,-22.58252],[-55.70233,-22.58233],[-55.70243,-22.58223],[-55.70267,-22.58242],[-55.70288,-22.5822],[-55.70265,-22.58202],[-55.70282,-22.58184],[-55.70305,-22.58203],[-55.70315,-22.58193],[-55.70269,-22.58155],[-55.70237,-22.58188],[-55.70262,-22.58208],[-55.70253,-22.58218],[-55.70227,-22.58196],[-55.70204,-22.5822],[-55.70231,-22.58242],[-55.70221,-22.58252],[-55.70194,-22.5823],[-55.70188,-22.58237],[-55.70234,-22.58275]]]}},{"type":"Feature","properties":{"tipo":"Gramado","nome":"","pais":"PY"},"geometry":{"type":"Polygon","coordinates":[[[-55.70364,-22.57699],[-55.70327,-22.57739],[-55.70405,-22.57803],[-55.70446,-22.57754],[-55.70364,-22.57699]]]}},{"type":"Feature","properties":{"tipo":"Gramado","nome":"","pais":"PY"},"geometry":{"type":"Polygon","coordinates":[[[-55.70275,-22.5763],[-55.70241,-22.57667],[-55.70319,-22.57728],[-55.70351,-22.5769],[-55.70275,-22.5763]]]}},{"type":"Feature","properties":{"tipo":"Gramado","nome":"","pais":"PY"},"geometry":{"type":"Polygon","coordinates":[[[-55.70232,-22.57671],[-55.70188,-22.57718],[-55.70268,-22.57782],[-55.70308,-22.57736],[-55.70232,-22.57671]]]}},{"type":"Feature","properties":{"tipo":"Gramado","nome":"","pais":"PY"},"geometry":{"type":"Polygon","coordinates":[[[-55.70353,-22.57776],[-55.70332,-22.57798],[-55.70345,-22.57808],[-55.70325,-22.57828],[-55.70343,-22.57844],[-55.70384,-22.57801],[-55.70353,-22.57776]]]}},{"type":"Feature","properties":{"tipo":"Gramado","nome":"","pais":"PY"},"geometry":{"type":"Polygon","coordinates":[[[-55.70333,-22.5776],[-55.70317,-22.57747],[-55.70277,-22.57788],[-55.70311,-22.57816],[-55.70328,-22.57798],[-55.7031,-22.57783],[-55.70333,-22.5776]]]}},{"type":"Feature","properties":{"tipo":"Gramado","nome":"","pais":"PY"},"geometry":{"type":"Polygon","coordinates":[[[-55.70311,-22.57871],[-55.70299,-22.57861],[-55.70319,-22.57841],[-55.70304,-22.57829],[-55.70288,-22.57846],[-55.70295,-22.57852],[-55.70273,-22.57875],[-55.70308,-22.57904],[-55.70347,-22.57864],[-55.70331,-22.5785],[-55.70311,-22.57871]]]}},{"type":"Feature","properties":{"tipo":"Gramado","nome":"","pais":"PY"},"geometry":{"type":"Polygon","coordinates":[[[-55.70273,-22.57838],[-55.70292,-22.57819],[-55.70269,-22.57799],[-55.70231,-22.57837],[-55.70264,-22.57865],[-55.70283,-22.57846],[-55.70273,-22.57838]]]}},{"type":"Feature","properties":{"tipo":"Gramado","nome":"","pais":"PY"},"geometry":{"type":"Polygon","coordinates":[[[-55.70259,-22.57954],[-55.70299,-22.57913],[-55.70275,-22.57893],[-55.70255,-22.57914],[-55.70243,-22.57904],[-55.70263,-22.57883],[-55.70222,-22.57849],[-55.70182,-22.5789],[-55.70196,-22.57902],[-55.70219,-22.57879],[-55.70232,-22.5789],[-55.70209,-22.57913],[-55.70259,-22.57954]]]}},{"type":"Feature","properties":{"tipo":"Gramado","nome":"","pais":"PY"},"geometry":{"type":"Polygon","coordinates":[[[-55.70245,-22.57963],[-55.70174,-22.57902],[-55.70134,-22.57938],[-55.70205,-22.58003],[-55.70213,-22.58002],[-55.70245,-22.57963]]]}},{"type":"Feature","properties":{"tipo":"Gramado","nome":"","pais":"PY"},"geometry":{"type":"Polygon","coordinates":[[[-55.70124,-22.57953],[-55.70085,-22.57991],[-55.70085,-22.57997],[-55.70147,-22.58051],[-55.70167,-22.58031],[-55.70158,-22.58023],[-55.7018,-22.58001],[-55.70124,-22.57953]]]}},{"type":"Feature","properties":{"tipo":"Gramado","nome":"","pais":"PY"},"geometry":{"type":"Polygon","coordinates":[[[-55.69977,-22.58105],[-55.69937,-22.58146],[-55.69952,-22.58161],[-55.69974,-22.5814],[-55.70001,-22.58164],[-55.69979,-22.58185],[-55.70012,-22.58212],[-55.70052,-22.58166],[-55.69977,-22.58105]]]}},{"type":"Feature","properties":{"tipo":"Gramado","nome":"","pais":"PY"},"geometry":{"type":"Polygon","coordinates":[[[-55.6992,-22.58134],[-55.69927,-22.58133],[-55.69962,-22.58092],[-55.69896,-22.58038],[-55.69874,-22.58061],[-55.69863,-22.58052],[-55.69848,-22.58071],[-55.6992,-22.58134]]]}},{"type":"Feature","properties":{"tipo":"Gramado","nome":"","pais":"PY"},"geometry":{"type":"Polygon","coordinates":[[[-55.69947,-22.57986],[-55.69914,-22.58019],[-55.69922,-22.58026],[-55.69911,-22.58037],[-55.69962,-22.58079],[-55.70005,-22.58034],[-55.69947,-22.57986]]]}},{"type":"Feature","properties":{"tipo":"Gramado","nome":"","pais":"PY"},"geometry":{"type":"Polygon","coordinates":[[[-55.70023,-22.58056],[-55.69986,-22.58095],[-55.70064,-22.58158],[-55.70101,-22.58121],[-55.70023,-22.58056]]]}},{"type":"Feature","properties":{"tipo":"Gramado","nome":"","pais":"PY"},"geometry":{"type":"Polygon","coordinates":[[[-55.7014,-22.58063],[-55.70119,-22.58083],[-55.70106,-22.58072],[-55.70127,-22.58051],[-55.70073,-22.58005],[-55.70034,-22.58045],[-55.7011,-22.58109],[-55.70148,-22.5807],[-55.7014,-22.58063]]]}},{"type":"Feature","properties":{"tipo":"Gramado","nome":"","pais":"PY"},"geometry":{"type":"Polygon","coordinates":[[[-55.70059,-22.5818],[-55.70007,-22.58235],[-55.70026,-22.5825],[-55.70058,-22.58216],[-55.70081,-22.58235],[-55.70101,-22.58214],[-55.70059,-22.5818]]]}},{"type":"Feature","properties":{"tipo":"Gramado","nome":"","pais":"PY"},"geometry":{"type":"Polygon","coordinates":[[[-55.70255,-22.58356],[-55.70232,-22.58338],[-55.70242,-22.58327],[-55.70265,-22.58345],[-55.7027,-22.5834],[-55.70227,-22.58306],[-55.70199,-22.58336],[-55.70242,-22.5837],[-55.70255,-22.58356]]]}},{"type":"Feature","properties":{"tipo":"Gramado","nome":"","pais":"PY"},"geometry":{"type":"Polygon","coordinates":[[[-55.7033,-22.58175],[-55.70306,-22.58156],[-55.70315,-22.58147],[-55.70338,-22.58165],[-55.70367,-22.58135],[-55.70344,-22.58116],[-55.70351,-22.58108],[-55.70328,-22.5809],[-55.70308,-22.58111],[-55.70333,-22.58132],[-55.70324,-22.58141],[-55.70298,-22.58121],[-55.70277,-22.58144],[-55.70324,-22.58181],[-55.7033,-22.58175]]]}},{"type":"Feature","properties":{"tipo":"Gramado","nome":"","pais":"PY"},"geometry":{"type":"Polygon","coordinates":[[[-55.70399,-22.58057],[-55.70411,-22.58045],[-55.70434,-22.58063],[-55.70439,-22.58058],[-55.70394,-22.58022],[-55.70364,-22.58054],[-55.70409,-22.5809],[-55.70422,-22.58076],[-55.70399,-22.58057]]]}},{"type":"Feature","properties":{"tipo":"Gramado","nome":"","pais":"PY"},"geometry":{"type":"Polygon","coordinates":[[[-55.70486,-22.58009],[-55.70441,-22.57972],[-55.70419,-22.57995],[-55.70464,-22.58032],[-55.70486,-22.58009]]]}},{"type":"Feature","properties":{"tipo":"Gramado","nome":"","pais":"PY"},"geometry":{"type":"Polygon","coordinates":[[[-55.69993,-22.57917],[-55.70068,-22.57984],[-55.70109,-22.57943],[-55.70036,-22.57878],[-55.70031,-22.57878],[-55.69993,-22.57917]]]}},{"type":"Feature","properties":{"tipo":"Gramado","nome":"","pais":"PY"},"geometry":{"type":"Polygon","coordinates":[[[-55.70117,-22.5793],[-55.70158,-22.57894],[-55.70158,-22.57888],[-55.7009,-22.57833],[-55.7007,-22.57854],[-55.7006,-22.57846],[-55.70051,-22.57856],[-55.70078,-22.57877],[-55.70067,-22.57889],[-55.70117,-22.5793]]]}},{"type":"Feature","properties":{"tipo":"Gramado","nome":"","pais":"PY"},"geometry":{"type":"Polygon","coordinates":[[[-55.70209,-22.57836],[-55.7015,-22.57788],[-55.70128,-22.57811],[-55.70109,-22.57795],[-55.70091,-22.57814],[-55.70165,-22.57878],[-55.70172,-22.57879],[-55.70209,-22.57836]]]}},{"type":"Feature","properties":{"tipo":"Gramado","nome":"","pais":"PY"},"geometry":{"type":"Polygon","coordinates":[[[-55.70208,-22.5782],[-55.7023,-22.57798],[-55.70242,-22.57808],[-55.70256,-22.57788],[-55.70196,-22.57739],[-55.70158,-22.57779],[-55.70208,-22.5782]]]}},{"type":"Feature","properties":{"tipo":"Gramado","nome":"","pais":"PY"},"geometry":{"type":"Polygon","coordinates":[[[-55.69987,-22.57928],[-55.69946,-22.57966],[-55.69947,-22.57971],[-55.70023,-22.58033],[-55.70059,-22.5799],[-55.69987,-22.57928]]]}},{"type":"Feature","properties":{"tipo":"Gramado","nome":"","pais":"PY"},"geometry":{"type":"Polygon","coordinates":[[[-55.71112,-22.58862],[-55.71055,-22.58813],[-55.71037,-22.58834],[-55.71094,-22.58881],[-55.71112,-22.58862]]]}},{"type":"Feature","properties":{"tipo":"Gramado","nome":"","pais":"PY"},"geometry":{"type":"Polygon","coordinates":[[[-55.70969,-22.58904],[-55.70894,-22.58983],[-55.70952,-22.59031],[-55.70983,-22.58997],[-55.70951,-22.58972],[-55.70982,-22.58938],[-55.70991,-22.58945],[-55.71004,-22.58932],[-55.70969,-22.58904]]]}},{"type":"Feature","properties":{"tipo":"Gramado","nome":"","pais":"PY"},"geometry":{"type":"Polygon","coordinates":[[[-55.70898,-22.59044],[-55.70918,-22.59022],[-55.70884,-22.58993],[-55.70864,-22.59014],[-55.70876,-22.59024],[-55.70856,-22.59045],[-55.70866,-22.59053],[-55.70886,-22.59033],[-55.70898,-22.59043],[-55.70879,-22.59064],[-55.70905,-22.59085],[-55.70945,-22.59043],[-55.70933,-22.59034],[-55.70912,-22.59056],[-55.70898,-22.59044]]]}},{"type":"Feature","properties":{"tipo":"Gramado","nome":"","pais":"PY"},"geometry":{"type":"Polygon","coordinates":[[[-55.70793,-22.5899],[-55.70835,-22.59024],[-55.70872,-22.58986],[-55.7083,-22.58952],[-55.70793,-22.5899]]]}},{"type":"Feature","properties":{"tipo":"Gramado","nome":"","pais":"PY"},"geometry":{"type":"Polygon","coordinates":[[[-55.70977,-22.5883],[-55.71002,-22.5885],[-55.71044,-22.58805],[-55.70975,-22.58794],[-55.70941,-22.58829],[-55.70961,-22.58846],[-55.70977,-22.5883]]]}},{"type":"Feature","properties":{"tipo":"Gramado","nome":"","pais":"PY"},"geometry":{"type":"Polygon","coordinates":[[[-55.71086,-22.59235],[-55.71127,-22.59192],[-55.71097,-22.59168],[-55.71077,-22.5919],[-55.71066,-22.59181],[-55.71087,-22.59159],[-55.71066,-22.59142],[-55.71025,-22.59185],[-55.71066,-22.59218],[-55.71088,-22.59195],[-55.71101,-22.59206],[-55.71079,-22.59229],[-55.71086,-22.59235]]]}},{"type":"Feature","properties":{"tipo":"Gramado","nome":"","pais":"PY"},"geometry":{"type":"Polygon","coordinates":[[[-55.71191,-22.59185],[-55.71214,-22.592],[-55.71266,-22.59145],[-55.71225,-22.59111],[-55.7121,-22.59127],[-55.71232,-22.59144],[-55.71215,-22.59162],[-55.71193,-22.59144],[-55.71187,-22.5915],[-55.71209,-22.59169],[-55.71194,-22.59184],[-55.71171,-22.59168],[-55.71165,-22.59174],[-55.71185,-22.59191],[-55.71191,-22.59185]]]}},{"type":"Feature","properties":{"tipo":"Gramado","nome":"","pais":"PY"},"geometry":{"type":"Polygon","coordinates":[[[-55.71142,-22.59177],[-55.71111,-22.59151],[-55.71119,-22.59143],[-55.7115,-22.59168],[-55.71162,-22.59156],[-55.7113,-22.59131],[-55.71138,-22.59122],[-55.7117,-22.59148],[-55.71174,-22.59143],[-55.71113,-22.59094],[-55.71076,-22.59133],[-55.71136,-22.59182],[-55.71142,-22.59177]]]}},{"type":"Feature","properties":{"tipo":"Gramado","nome":"","pais":"PY"},"geometry":{"type":"Polygon","coordinates":[[[-55.71205,-22.59109],[-55.71174,-22.59084],[-55.7118,-22.59077],[-55.71151,-22.59053],[-55.7112,-22.59085],[-55.71182,-22.59134],[-55.71205,-22.59109]]]}},{"type":"Feature","properties":{"tipo":"Gramado","nome":"","pais":"PY"},"geometry":{"type":"Polygon","coordinates":[[[-55.71139,-22.59041],[-55.71118,-22.59024],[-55.71103,-22.5904],[-55.71081,-22.59022],[-55.71052,-22.59053],[-55.71095,-22.59088],[-55.71139,-22.59041]]]}},{"type":"Feature","properties":{"tipo":"Gramado","nome":"","pais":"PY"},"geometry":{"type":"Polygon","coordinates":[[[-55.7163,-22.58765],[-55.71686,-22.58707],[-55.7167,-22.58685],[-55.71651,-22.58675],[-55.71577,-22.58723],[-55.71601,-22.58743],[-55.71632,-22.58711],[-55.71648,-22.58724],[-55.71618,-22.58755],[-55.7163,-22.58765]]]}},{"type":"Feature","properties":{"tipo":"Gramado","nome":"","pais":"PY"},"geometry":{"type":"Polygon","coordinates":[[[-55.71531,-22.5875],[-55.71505,-22.58757],[-55.71485,-22.58755],[-55.71434,-22.58769],[-55.71485,-22.58813],[-55.71564,-22.5873],[-55.71531,-22.5875]]]}},{"type":"Feature","properties":{"tipo":"Gramado","nome":"","pais":"PY"},"geometry":{"type":"Polygon","coordinates":[[[-55.7141,-22.58918],[-55.71452,-22.58952],[-55.71531,-22.58869],[-55.71489,-22.58834],[-55.7141,-22.58918]]]}},{"type":"Feature","properties":{"tipo":"Gramado","nome":"","pais":"PY"},"geometry":{"type":"Polygon","coordinates":[[[-55.71314,-22.59095],[-55.71293,-22.59078],[-55.71325,-22.59044],[-55.71304,-22.59027],[-55.71266,-22.59067],[-55.71288,-22.59085],[-55.71281,-22.59093],[-55.71301,-22.59109],[-55.71314,-22.59095]]]}},{"type":"Feature","properties":{"tipo":"Gramado","nome":"","pais":"PY"},"geometry":{"type":"Polygon","coordinates":[[[-55.71354,-22.59018],[-55.71373,-22.59033],[-55.71426,-22.58978],[-55.71406,-22.58962],[-55.71382,-22.58986],[-55.71361,-22.58968],[-55.71346,-22.58983],[-55.71368,-22.59001],[-55.7135,-22.59017],[-55.7133,-22.59],[-55.71323,-22.59007],[-55.71344,-22.59024],[-55.71354,-22.59018]]]}},{"type":"Feature","properties":{"tipo":"Gramado","nome":"","pais":"PY"},"geometry":{"type":"Polygon","coordinates":[[[-55.71287,-22.58909],[-55.71277,-22.5892],[-55.71307,-22.58943],[-55.71321,-22.58933],[-55.7135,-22.58957],[-55.71381,-22.58924],[-55.7132,-22.58875],[-55.71303,-22.58893],[-55.71334,-22.58919],[-55.71321,-22.58933],[-55.71287,-22.58909]]]}},{"type":"Feature","properties":{"tipo":"Gramado","nome":"","pais":"PY"},"geometry":{"type":"Polygon","coordinates":[[[-55.71363,-22.58828],[-55.71395,-22.58854],[-55.7138,-22.5887],[-55.71349,-22.58844],[-55.71337,-22.58857],[-55.71366,-22.58881],[-55.71374,-22.58873],[-55.71404,-22.58898],[-55.71448,-22.58853],[-55.71421,-22.58831],[-55.7143,-22.58822],[-55.71457,-22.58844],[-55.71468,-22.58832],[-55.71441,-22.5881],[-55.7145,-22.58801],[-55.71444,-22.58796],[-55.71415,-22.58827],[-55.71399,-22.58813],[-55.71428,-22.58783],[-55.71416,-22.58773],[-55.71363,-22.58828]]]}},{"type":"Feature","properties":{"tipo":"Gramado","nome":"","pais":"PY"},"geometry":{"type":"Polygon","coordinates":[[[-55.71244,-22.58932],[-55.71221,-22.58913],[-55.71233,-22.58905],[-55.71253,-22.58921],[-55.71316,-22.58855],[-55.71272,-22.5882],[-55.71264,-22.58828],[-55.71286,-22.58846],[-55.71259,-22.58874],[-55.71237,-22.58856],[-55.71217,-22.58877],[-55.7124,-22.58895],[-55.71228,-22.58904],[-55.71209,-22.58888],[-55.71194,-22.58903],[-55.71237,-22.58938],[-55.71244,-22.58932]]]}},{"type":"Feature","properties":{"tipo":"Gramado","nome":"","pais":"PY"},"geometry":{"type":"Polygon","coordinates":[[[-55.71195,-22.58798],[-55.71153,-22.58841],[-55.71174,-22.58858],[-55.71166,-22.5887],[-55.71143,-22.58851],[-55.71137,-22.58857],[-55.71182,-22.58893],[-55.71197,-22.58879],[-55.71175,-22.58859],[-55.7119,-22.58843],[-55.71211,-22.58861],[-55.71286,-22.58783],[-55.71195,-22.58798]]]}},{"type":"Feature","properties":{"tipo":"Gramado","nome":"","pais":"PY"},"geometry":{"type":"Polygon","coordinates":[[[-55.71145,-22.58996],[-55.71152,-22.58986],[-55.71175,-22.59004],[-55.71204,-22.58974],[-55.71182,-22.58956],[-55.71167,-22.58972],[-55.71145,-22.58954],[-55.71123,-22.58977],[-55.71144,-22.58994],[-55.71138,-22.59003],[-55.71115,-22.58984],[-55.71105,-22.58995],[-55.7115,-22.59031],[-55.71167,-22.59014],[-55.71145,-22.58996]]]}},{"type":"Feature","properties":{"tipo":"Gramado","nome":"","pais":"PY"},"geometry":{"type":"Polygon","coordinates":[[[-55.71252,-22.59005],[-55.7122,-22.58979],[-55.71202,-22.58998],[-55.71264,-22.59048],[-55.71295,-22.59016],[-55.71265,-22.58991],[-55.7127,-22.58984],[-55.71239,-22.58959],[-55.71233,-22.58965],[-55.71264,-22.5899],[-55.71252,-22.59005]]]}},{"type":"Feature","properties":{"tipo":"Gramado","nome":"","pais":"PY"},"geometry":{"type":"Polygon","coordinates":[[[-55.71489,-22.58744],[-55.71523,-22.58745],[-55.71558,-22.58725],[-55.7154,-22.58711],[-55.71514,-22.58738],[-55.71477,-22.58708],[-55.71424,-22.58763],[-55.71489,-22.58744]]]}},{"type":"Feature","properties":{"tipo":"Gramado","nome":"","pais":"PY"},"geometry":{"type":"Polygon","coordinates":[[[-55.71547,-22.58698],[-55.71577,-22.58666],[-55.71591,-22.58677],[-55.71561,-22.58709],[-55.71573,-22.58719],[-55.71592,-22.58708],[-55.71609,-22.58687],[-55.71645,-22.58666],[-55.7163,-22.5866],[-55.7161,-22.58637],[-55.71596,-22.58606],[-55.71583,-22.58595],[-55.71542,-22.58638],[-55.71553,-22.58647],[-55.71522,-22.58679],[-55.71547,-22.58698]]]}},{"type":"Feature","properties":{"tipo":"Gramado","nome":"","pais":"PY"},"geometry":{"type":"Polygon","coordinates":[[[-55.71569,-22.5859],[-55.71563,-22.58555],[-55.7154,-22.5854],[-55.71489,-22.58593],[-55.71511,-22.58611],[-55.715,-22.58624],[-55.71477,-22.58605],[-55.71469,-22.58614],[-55.71492,-22.58633],[-55.71481,-22.58644],[-55.71502,-22.58661],[-55.71569,-22.5859]]]}},{"type":"Feature","properties":{"tipo":"Gramado","nome":"","pais":"PY"},"geometry":{"type":"Polygon","coordinates":[[[-55.71459,-22.58706],[-55.71438,-22.5869],[-55.71431,-22.58697],[-55.71408,-22.58678],[-55.71386,-22.58702],[-55.7143,-22.58737],[-55.71459,-22.58706]]]}},{"type":"Feature","properties":{"tipo":"Gramado","nome":"","pais":"PY"},"geometry":{"type":"Polygon","coordinates":[[[-55.71183,-22.5879],[-55.71123,-22.5874],[-55.71072,-22.58793],[-55.71125,-22.58805],[-55.71183,-22.5879]]]}},{"type":"Feature","properties":{"tipo":"Gramado","nome":"","pais":"PY"},"geometry":{"type":"Polygon","coordinates":[[[-55.71349,-22.58716],[-55.71303,-22.58679],[-55.71287,-22.58695],[-55.71313,-22.58716],[-55.71302,-22.58726],[-55.71277,-22.58705],[-55.71271,-22.58711],[-55.71318,-22.5875],[-55.71349,-22.58716]]]}},{"type":"Feature","properties":{"tipo":"Gramado","nome":"","pais":"PY"},"geometry":{"type":"Polygon","coordinates":[[[-55.71229,-22.58683],[-55.71259,-22.58708],[-55.71269,-22.58697],[-55.71239,-22.58671],[-55.71248,-22.58662],[-55.7128,-22.58688],[-55.71295,-22.58671],[-55.71259,-22.58641],[-55.71242,-22.58658],[-55.7122,-22.5864],[-55.71193,-22.58667],[-55.71222,-22.5869],[-55.71229,-22.58683]]]}},{"type":"Feature","properties":{"tipo":"Gramado","nome":"","pais":"PY"},"geometry":{"type":"Polygon","coordinates":[[[-55.71434,-22.58626],[-55.71414,-22.58609],[-55.71407,-22.58617],[-55.71382,-22.58596],[-55.71376,-22.58602],[-55.714,-22.58622],[-55.71384,-22.58639],[-55.71359,-22.58619],[-55.71336,-22.58643],[-55.71359,-22.58662],[-55.71376,-22.58645],[-55.71399,-22.58663],[-55.71434,-22.58626]]]}},{"type":"Feature","properties":{"tipo":"Gramado","nome":"","pais":"PY"},"geometry":{"type":"Polygon","coordinates":[[[-55.71522,-22.58534],[-55.71468,-22.58502],[-55.71399,-22.5844],[-55.71392,-22.58419],[-55.71367,-22.58383],[-55.7132,-22.58434],[-55.71485,-22.58572],[-55.71522,-22.58534]]]}},{"type":"Feature","properties":{"tipo":"Mata / vegetação","nome":"","pais":"BR"},"geometry":{"type":"Polygon","coordinates":[[[-55.71563,-22.4984],[-55.71578,-22.49827],[-55.71588,-22.49844],[-55.71589,-22.49839],[-55.71589,-22.49817],[-55.71569,-22.49804],[-55.71561,-22.49811],[-55.71538,-22.49807],[-55.71499,-22.49834],[-55.71487,-22.49858],[-55.71496,-22.49871],[-55.71488,-22.49895],[-55.71527,-22.49896],[-55.71529,-22.49887],[-55.71523,-22.49886],[-55.71526,-22.49875],[-55.71518,-22.49875],[-55.71523,-22.49867],[-55.71536,-22.49875],[-55.71547,-22.49871],[-55.71546,-22.49881],[-55.71554,-22.49886],[-55.71575,-22.49854],[-55.71563,-22.4984]]]}},{"type":"Feature","properties":{"tipo":"Mata / vegetação","nome":"","pais":"BR"},"geometry":{"type":"Polygon","coordinates":[[[-55.71696,-22.49943],[-55.71706,-22.49938],[-55.71715,-22.49945],[-55.7173,-22.49944],[-55.71739,-22.49926],[-55.71736,-22.4991],[-55.71743,-22.49902],[-55.71734,-22.49882],[-55.71722,-22.49883],[-55.71713,-22.49876],[-55.71717,-22.49853],[-55.71711,-22.49844],[-55.71691,-22.49869],[-55.71679,-22.49868],[-55.71673,-22.4986],[-55.71657,-22.4986],[-55.7165,-22.4988],[-55.71635,-22.4989],[-55.71633,-22.49922],[-55.71647,-22.49915],[-55.71651,-22.49932],[-55.71688,-22.49934],[-55.71696,-22.49943]]]}},{"type":"Feature","properties":{"tipo":"Gramado","nome":"","pais":"BR"},"geometry":{"type":"Polygon","coordinates":[[[-55.71218,-22.49867],[-55.7121,-22.49828],[-55.71131,-22.49809],[-55.7108,-22.49789],[-55.71034,-22.4976],[-55.71019,-22.49761],[-55.70994,-22.49787],[-55.7108,-22.49838],[-55.71177,-22.4987],[-55.71212,-22.49871],[-55.71218,-22.49867]]]}},{"type":"Feature","properties":{"tipo":"Gramado","nome":"","pais":"BR"},"geometry":{"type":"Polygon","coordinates":[[[-55.71192,-22.49879],[-55.71075,-22.49844],[-55.71026,-22.4982],[-55.70988,-22.49793],[-55.70954,-22.49828],[-55.70987,-22.49856],[-55.71045,-22.49884],[-55.71114,-22.49909],[-55.71201,-22.4993],[-55.71217,-22.49889],[-55.71211,-22.4988],[-55.71192,-22.49879]]]}},{"type":"Feature","properties":{"tipo":"Gramado","nome":"","pais":"BR"},"geometry":{"type":"Polygon","coordinates":[[[-55.71455,-22.49871],[-55.71447,-22.49861],[-55.71283,-22.49822],[-55.71233,-22.49824],[-55.71224,-22.49831],[-55.71232,-22.49872],[-55.71433,-22.49922],[-55.71445,-22.49919],[-55.71455,-22.49871]]]}},{"type":"Feature","properties":{"tipo":"Gramado","nome":"","pais":"BR"},"geometry":{"type":"Polygon","coordinates":[[[-55.71444,-22.4994],[-55.71436,-22.49932],[-55.7124,-22.49884],[-55.71226,-22.49889],[-55.71215,-22.49927],[-55.71221,-22.49936],[-55.71427,-22.49984],[-55.71436,-22.49979],[-55.71444,-22.4994]]]}},{"type":"Feature","properties":{"tipo":"Gramado","nome":"","pais":"BR"},"geometry":{"type":"Polygon","coordinates":[[[-55.71433,-22.5],[-55.71426,-22.49992],[-55.7122,-22.49943],[-55.7121,-22.49949],[-55.71201,-22.49983],[-55.71207,-22.49991],[-55.71418,-22.50041],[-55.71427,-22.50034],[-55.71433,-22.5]]]}},{"type":"Feature","properties":{"tipo":"Gramado","nome":"","pais":"BR"},"geometry":{"type":"Polygon","coordinates":[[[-55.71032,-22.49958],[-55.70829,-22.49846],[-55.7082,-22.49848],[-55.70798,-22.49881],[-55.71012,-22.49998],[-55.71025,-22.49994],[-55.71032,-22.49958]]]}},{"type":"Feature","properties":{"tipo":"Gramado","nome":"","pais":"BR"},"geometry":{"type":"Polygon","coordinates":[[[-55.71013,-22.50058],[-55.71018,-22.5001],[-55.70792,-22.4989],[-55.70748,-22.49915],[-55.70749,-22.49925],[-55.70999,-22.50058],[-55.71013,-22.50058]]]}},{"type":"Feature","properties":{"tipo":"Gramado","nome":"","pais":"BR"},"geometry":{"type":"Polygon","coordinates":[[[-55.70831,-22.49835],[-55.71043,-22.49949],[-55.71183,-22.49988],[-55.71193,-22.49983],[-55.71203,-22.4995],[-55.712,-22.49939],[-55.71064,-22.49901],[-55.71005,-22.49875],[-55.7091,-22.49811],[-55.70859,-22.49787],[-55.70831,-22.49835]]]}},{"type":"Feature","properties":{"tipo":"Gramado","nome":"","pais":"BR"},"geometry":{"type":"Polygon","coordinates":[[[-55.70726,-22.4969],[-55.70672,-22.49641],[-55.70579,-22.49627],[-55.70563,-22.49626],[-55.70546,-22.49634],[-55.70535,-22.4967],[-55.7054,-22.49679],[-55.70716,-22.4971],[-55.70726,-22.49705],[-55.70726,-22.4969]]]}},{"type":"Feature","properties":{"tipo":"Gramado","nome":"","pais":"BR"},"geometry":{"type":"Polygon","coordinates":[[[-55.70809,-22.4982],[-55.70839,-22.49782],[-55.70834,-22.49772],[-55.7073,-22.49722],[-55.70676,-22.49708],[-55.70536,-22.49685],[-55.70529,-22.49692],[-55.70519,-22.49738],[-55.70524,-22.49744],[-55.70673,-22.49768],[-55.70765,-22.49802],[-55.708,-22.49821],[-55.70809,-22.4982]]]}},{"type":"Feature","properties":{"tipo":"Gramado","nome":"","pais":"BR"},"geometry":{"type":"Polygon","coordinates":[[[-55.70757,-22.49807],[-55.70626,-22.49766],[-55.70522,-22.49752],[-55.70514,-22.49757],[-55.70503,-22.498],[-55.70508,-22.49806],[-55.7065,-22.49826],[-55.70747,-22.49858],[-55.70792,-22.4983],[-55.70757,-22.49807]]]}},{"type":"Feature","properties":{"tipo":"Gramado","nome":"","pais":"BR"},"geometry":{"type":"Polygon","coordinates":[[[-55.70737,-22.49874],[-55.70733,-22.49861],[-55.70675,-22.49841],[-55.7051,-22.49813],[-55.70498,-22.49821],[-55.70491,-22.49863],[-55.70506,-22.49871],[-55.70658,-22.49892],[-55.70712,-22.49907],[-55.70737,-22.49874]]]}},{"type":"Feature","properties":{"tipo":"Gramado","nome":"","pais":"BR"},"geometry":{"type":"Polygon","coordinates":[[[-55.70707,-22.4992],[-55.70705,-22.49914],[-55.70663,-22.49901],[-55.70499,-22.49878],[-55.70492,-22.49883],[-55.70497,-22.49929],[-55.70677,-22.49956],[-55.70707,-22.4992]]]}},{"type":"Feature","properties":{"tipo":"Gramado","nome":"","pais":"BR"},"geometry":{"type":"Polygon","coordinates":[[[-55.70658,-22.49959],[-55.70498,-22.49936],[-55.70491,-22.49943],[-55.70491,-22.49985],[-55.70648,-22.50009],[-55.70673,-22.49971],[-55.70658,-22.49959]]]}},{"type":"Feature","properties":{"tipo":"Gramado","nome":"","pais":"BR"},"geometry":{"type":"Polygon","coordinates":[[[-55.70502,-22.49995],[-55.70491,-22.50001],[-55.70491,-22.50043],[-55.70499,-22.50049],[-55.7055,-22.50054],[-55.70557,-22.50005],[-55.70502,-22.49995]]]}},{"type":"Feature","properties":{"tipo":"Gramado","nome":"","pais":"BR"},"geometry":{"type":"Polygon","coordinates":[[[-55.70813,-22.49839],[-55.70805,-22.49835],[-55.70761,-22.49861],[-55.70724,-22.49911],[-55.70736,-22.49914],[-55.70786,-22.49879],[-55.70813,-22.49839]]]}},{"type":"Feature","properties":{"tipo":"Mata / vegetação","nome":"","pais":"BR"},"geometry":{"type":"Polygon","coordinates":[[[-55.70606,-22.50589],[-55.70591,-22.50572],[-55.70576,-22.50576],[-55.70547,-22.50569],[-55.70541,-22.50614],[-55.70567,-22.50642],[-55.70568,-22.50664],[-55.70595,-22.50668],[-55.70599,-22.50662],[-55.70602,-22.50654],[-55.70591,-22.50635],[-55.70603,-22.50625],[-55.70606,-22.50589]]]}},{"type":"Feature","properties":{"tipo":"Esporte","nome":"","pais":"BR"},"geometry":{"type":"Polygon","coordinates":[[[-55.73247,-22.49735],[-55.73246,-22.49756],[-55.73263,-22.49756],[-55.73263,-22.49736],[-55.73247,-22.49735]]]}},{"type":"Feature","properties":{"tipo":"Esporte","nome":"","pais":"BR"},"geometry":{"type":"Polygon","coordinates":[[[-55.73229,-22.49743],[-55.73228,-22.49761],[-55.73239,-22.49761],[-55.7324,-22.49744],[-55.73229,-22.49743]]]}},{"type":"Feature","properties":{"tipo":"Esporte","nome":"","pais":"PY"},"geometry":{"type":"Polygon","coordinates":[[[-55.70775,-22.5785],[-55.70743,-22.57883],[-55.70789,-22.57922],[-55.70821,-22.5789],[-55.70775,-22.5785]]]}},{"type":"Feature","properties":{"tipo":"Esporte","nome":"","pais":"PY"},"geometry":{"type":"Polygon","coordinates":[[[-55.71116,-22.57527],[-55.71093,-22.5751],[-55.71083,-22.57521],[-55.71106,-22.57539],[-55.71116,-22.57527]]]}},{"type":"Feature","properties":{"tipo":"Esporte","nome":"","pais":"PY"},"geometry":{"type":"Polygon","coordinates":[[[-55.71067,-22.57489],[-55.71057,-22.575],[-55.7108,-22.57519],[-55.71091,-22.57507],[-55.71067,-22.57489]]]}},{"type":"Feature","properties":{"tipo":"Esporte","nome":"","pais":"PY"},"geometry":{"type":"Polygon","coordinates":[[[-55.71196,-22.57509],[-55.71142,-22.57466],[-55.71108,-22.57502],[-55.71162,-22.57545],[-55.71196,-22.57509]]]}},{"type":"Feature","properties":{"tipo":"Esporte","nome":"","pais":"PY"},"geometry":{"type":"Polygon","coordinates":[[[-55.70807,-22.57909],[-55.7079,-22.57926],[-55.708,-22.57935],[-55.70817,-22.57918],[-55.70807,-22.57909]]]}},{"type":"Feature","properties":{"tipo":"Esporte","nome":"","pais":"PY"},"geometry":{"type":"Polygon","coordinates":[[[-55.70834,-22.57898],[-55.70824,-22.5789],[-55.70807,-22.57908],[-55.70817,-22.57916],[-55.70834,-22.57898]]]}},{"type":"Feature","properties":{"tipo":"Esporte","nome":"","pais":"BR"},"geometry":{"type":"Polygon","coordinates":[[[-55.72256,-22.53642],[-55.72246,-22.53656],[-55.72274,-22.53674],[-55.72285,-22.53659],[-55.72256,-22.53642]]]}},{"type":"Feature","properties":{"tipo":"Esporte","nome":"","pais":"BR"},"geometry":{"type":"Polygon","coordinates":[[[-55.72224,-22.52545],[-55.72213,-22.52557],[-55.72223,-22.52564],[-55.72233,-22.52551],[-55.72224,-22.52545]]]}},{"type":"Feature","properties":{"tipo":"Esporte","nome":"","pais":"BR"},"geometry":{"type":"Polygon","coordinates":[[[-55.72203,-22.52592],[-55.72196,-22.526],[-55.72211,-22.52611],[-55.72218,-22.52603],[-55.72203,-22.52592]]]}},{"type":"Feature","properties":{"tipo":"Esporte","nome":"","pais":"BR"},"geometry":{"type":"Polygon","coordinates":[[[-55.7224,-22.52617],[-55.72233,-22.52626],[-55.72249,-22.52638],[-55.72257,-22.52628],[-55.7224,-22.52617]]]}},{"type":"Feature","properties":{"tipo":"Esporte","nome":"","pais":"BR"},"geometry":{"type":"Polygon","coordinates":[[[-55.72245,-22.52712],[-55.72238,-22.52721],[-55.72256,-22.52733],[-55.72263,-22.52723],[-55.72245,-22.52712]]]}},{"type":"Feature","properties":{"tipo":"Esporte","nome":"","pais":"BR"},"geometry":{"type":"Polygon","coordinates":[[[-55.72266,-22.52726],[-55.7226,-22.52735],[-55.72277,-22.52746],[-55.72284,-22.52737],[-55.72266,-22.52726]]]}},{"type":"Feature","properties":{"tipo":"Esporte","nome":"","pais":"BR"},"geometry":{"type":"Polygon","coordinates":[[[-55.72255,-22.527],[-55.72248,-22.52709],[-55.72266,-22.5272],[-55.72273,-22.52711],[-55.72255,-22.527]]]}},{"type":"Feature","properties":{"tipo":"Esporte","nome":"","pais":"BR"},"geometry":{"type":"Polygon","coordinates":[[[-55.72276,-22.52714],[-55.72269,-22.52723],[-55.72286,-22.52734],[-55.72293,-22.52725],[-55.72276,-22.52714]]]}},{"type":"Feature","properties":{"tipo":"Esporte","nome":"","pais":"BR"},"geometry":{"type":"Polygon","coordinates":[[[-55.72316,-22.52746],[-55.72294,-22.52732],[-55.72283,-22.52746],[-55.72305,-22.5276],[-55.72316,-22.52746]]]}},{"type":"Feature","properties":{"tipo":"Esporte","nome":"","pais":"BR"},"geometry":{"type":"Polygon","coordinates":[[[-55.7008,-22.54875],[-55.70042,-22.54887],[-55.70065,-22.54946],[-55.70103,-22.54933],[-55.7008,-22.54875]]]}},{"type":"Feature","properties":{"tipo":"Esporte","nome":"","pais":"BR"},"geometry":{"type":"Polygon","coordinates":[[[-55.71364,-22.55193],[-55.71336,-22.55217],[-55.71382,-22.55261],[-55.7141,-22.55236],[-55.71364,-22.55193]]]}}]}