{"type":"FeatureCollection","features":[{"type":"Feature","properties":{"ano":1985},"geometry":{"type":"MultiPolygon","coordinates":[[[[-55.6436,-22.6148],[-55.6434,-22.6147],[-55.6433,-22.6149],[-55.6436,-22.615],[-55.6436,-22.6148]]],[[[-55.6731,-22.5913],[-55.6734,-22.5917],[-55.6738,-22.5917],[-55.6736,-22.591],[-55.6743,-22.5903],[-55.6758,-22.5897],[-55.6758,-22.5895],[-55.6748,-22.5894],[-55.6746,-22.5897],[-55.6737,-22.59],[-55.6732,-22.5906],[-55.6728,-22.5906],[-55.6725,-22.5909],[-55.6726,-22.5914],[-55.6731,-22.5913]]],[[[-55.6858,-22.5812],[-55.6848,-22.5817],[-55.6847,-22.5824],[-55.6843,-22.5828],[-55.6839,-22.5828],[-55.6826,-22.5842],[-55.6823,-22.5842],[-55.6817,-22.5848],[-55.6815,-22.5853],[-55.6806,-22.5853],[-55.6803,-22.5857],[-55.6798,-22.5856],[-55.6797,-22.5863],[-55.6812,-22.5864],[-55.6814,-22.5869],[-55.6819,-22.5869],[-55.6822,-22.5866],[-55.6823,-22.586],[-55.6831,-22.5861],[-55.6831,-22.5856],[-55.6828,-22.5854],[-55.6829,-22.5847],[-55.6833,-22.5847],[-55.6838,-22.5842],[-55.6847,-22.5839],[-55.6857,-22.5828],[-55.6863,-22.5828],[-55.6868,-22.5819],[-55.6872,-22.5819],[-55.6882,-22.5811],[-55.6886,-22.5811],[-55.6889,-22.5808],[-55.6889,-22.5803],[-55.6867,-22.5806],[-55.6858,-22.5812]]],[[[-55.7541,-22.5382],[-55.7536,-22.5375],[-55.7528,-22.5375],[-55.7526,-22.5383],[-55.7521,-22.5383],[-55.7514,-22.5379],[-55.7514,-22.5374],[-55.7519,-22.5366],[-55.7519,-22.5356],[-55.7513,-22.535],[-55.7501,-22.5347],[-55.7497,-22.5342],[-55.7488,-22.5339],[-55.7474,-22.5325],[-55.7471,-22.5325],[-55.7467,-22.5321],[-55.7468,-22.5317],[-55.7474,-22.5317],[-55.7481,-22.5311],[-55.7481,-22.5303],[-55.7474,-22.5302],[-55.7476,-22.5297],[-55.7481,-22.5297],[-55.7481,-22.5292],[-55.7475,-22.5287],[-55.7475,-22.5281],[-55.7468,-22.5281],[-55.7456,-22.5268],[-55.7456,-22.5259],[-55.7447,-22.5254],[-55.7444,-22.5248],[-55.7436,-22.5239],[-55.7426,-22.5239],[-55.7422,-22.5233],[-55.7417,-22.5232],[-55.7417,-22.5228],[-55.7411,-22.5222],[-55.7406,-22.5222],[-55.7406,-22.5226],[-55.7401,-22.5228],[-55.74,-22.5223],[-55.7394,-22.5218],[-55.7397,-22.5204],[-55.74,-22.5202],[-55.74,-22.5196],[-55.7403,-22.5194],[-55.7406,-22.5171],[-55.7408,-22.5169],[-55.7406,-22.5165],[-55.7406,-22.5151],[-55.7398,-22.515],[-55.7393,-22.5153],[-55.7391,-22.515],[-55.7394,-22.5145],[-55.7391,-22.5142],[-55.7385,-22.5144],[-55.7377,-22.5139],[-55.7375,-22.5139],[-55.7374,-22.5144],[-55.7371,-22.5144],[-55.7369,-22.5137],[-55.7361,-22.5131],[-55.7351,-22.5131],[-55.735,-22.5135],[-55.7344,-22.5139],[-55.7344,-22.5143],[-55.7336,-22.5145],[-55.7336,-22.515],[-55.7329,-22.515],[-55.7325,-22.5146],[-55.7325,-22.5137],[-55.7322,-22.5135],[-55.7319,-22.512],[-55.7317,-22.5118],[-55.7317,-22.5113],[-55.7319,-22.5111],[-55.7318,-22.5104],[-55.7322,-22.5102],[-55.7322,-22.5097],[-55.7328,-22.5099],[-55.7328,-22.5106],[-55.7333,-22.5106],[-55.7342,-22.5099],[-55.7342,-22.509],[-55.7347,-22.5089],[-55.735,-22.5083],[-55.7362,-22.5083],[-55.7369,-22.5089],[-55.7371,-22.5083],[-55.738,-22.5083],[-55.7384,-22.508],[-55.7394,-22.508],[-55.7394,-22.5078],[-55.739,-22.5078],[-55.7383,-22.5072],[-55.7375,-22.5071],[-55.7375,-22.5064],[-55.7372,-22.5062],[-55.7369,-22.5048],[-55.7364,-22.504],[-55.7361,-22.5026],[-55.7353,-22.5021],[-55.7356,-22.5016],[-55.7356,-22.5009],[-55.7347,-22.5007],[-55.7349,-22.5003],[-55.7363,-22.5003],[-55.7369,-22.4997],[-55.7367,-22.499],[-55.7369,-22.4988],[-55.7369,-22.4981],[-55.7376,-22.4986],[-55.7389,-22.499],[-55.7386,-22.4995],[-55.7386,-22.5002],[-55.7389,-22.5006],[-55.7394,-22.5006],[-55.7404,-22.4997],[-55.7414,-22.4994],[-55.7413,-22.4992],[-55.7406,-22.4992],[-55.7404,-22.4994],[-55.74,-22.4993],[-55.74,-22.4981],[-55.7397,-22.4979],[-55.74,-22.4967],[-55.7392,-22.496],[-55.7391,-22.4956],[-55.7387,-22.4956],[-55.7385,-22.4958],[-55.7376,-22.4958],[-55.7374,-22.4956],[-55.737,-22.4956],[-55.7369,-22.496],[-55.7366,-22.4962],[-55.7363,-22.4958],[-55.735,-22.4959],[-55.735,-22.4966],[-55.7353,-22.4968],[-55.7353,-22.4983],[-55.7356,-22.4985],[-55.7356,-22.4999],[-55.7345,-22.5],[-55.7342,-22.5003],[-55.7347,-22.5013],[-55.7347,-22.5024],[-55.7343,-22.5028],[-55.7334,-22.5031],[-55.7329,-22.5036],[-55.7323,-22.5036],[-55.7318,-22.5042],[-55.7304,-22.5044],[-55.7302,-22.504],[-55.7306,-22.5038],[-55.7306,-22.5035],[-55.7308,-22.5033],[-55.7308,-22.5025],[-55.7313,-22.5022],[-55.7324,-22.5022],[-55.7325,-22.5017],[-55.7311,-22.5017],[-55.7311,-22.5012],[-55.7303,-22.5007],[-55.7299,-22.4997],[-55.7284,-22.5],[-55.7286,-22.5018],[-55.7279,-22.5019],[-55.7278,-22.5014],[-55.7276,-22.5014],[-55.7269,-22.5019],[-55.7274,-22.5019],[-55.7278,-22.5024],[-55.7281,-22.5041],[-55.7287,-22.5044],[-55.7289,-22.5044],[-55.7289,-22.5037],[-55.7286,-22.5035],[-55.7286,-22.5028],[-55.7283,-22.5024],[-55.7287,-22.5021],[-55.7297,-22.5022],[-55.73,-22.5026],[-55.7301,-22.5041],[-55.7297,-22.5045],[-55.73,-22.5051],[-55.7287,-22.5058],[-55.7278,-22.5058],[-55.7276,-22.5064],[-55.727,-22.5061],[-55.7267,-22.5065],[-55.7253,-22.5064],[-55.7249,-22.5067],[-55.7247,-22.5064],[-55.7226,-22.5064],[-55.7224,-22.5061],[-55.7198,-22.5059],[-55.7197,-22.5053],[-55.7182,-22.5053],[-55.7175,-22.5046],[-55.7172,-22.5037],[-55.7169,-22.5035],[-55.7169,-22.5028],[-55.7157,-22.5031],[-55.7155,-22.5022],[-55.715,-22.5028],[-55.7153,-22.5032],[-55.7153,-22.5037],[-55.7149,-22.5039],[-55.7147,-22.5034],[-55.7144,-22.5034],[-55.7144,-22.5044],[-55.7149,-22.5044],[-55.7151,-22.5048],[-55.715,-22.5054],[-55.7147,-22.5056],[-55.7148,-22.506],[-55.7137,-22.5061],[-55.7136,-22.5063],[-55.7143,-22.5064],[-55.7151,-22.5069],[-55.7161,-22.5071],[-55.7161,-22.5088],[-55.7176,-22.5098],[-55.7175,-22.5116],[-55.7185,-22.5117],[-55.7192,-22.5125],[-55.7197,-22.5126],[-55.7198,-22.5131],[-55.7204,-22.5131],[-55.7209,-22.5136],[-55.7212,-22.5136],[-55.7214,-22.5139],[-55.7224,-22.5139],[-55.7226,-22.5142],[-55.7247,-22.5142],[-55.7251,-22.5136],[-55.7256,-22.5136],[-55.7256,-22.5144],[-55.7262,-22.5145],[-55.7261,-22.5149],[-55.7267,-22.5151],[-55.7267,-22.5166],[-55.7275,-22.5171],[-55.7272,-22.5177],[-55.7276,-22.5183],[-55.7272,-22.5188],[-55.7278,-22.519],[-55.7278,-22.5196],[-55.7274,-22.5197],[-55.7272,-22.5192],[-55.7266,-22.5186],[-55.7262,-22.5186],[-55.7261,-22.5191],[-55.7265,-22.5192],[-55.7267,-22.5196],[-55.726,-22.5197],[-55.7258,-22.5192],[-55.7253,-22.5192],[-55.7252,-22.5201],[-55.7247,-22.5199],[-55.7247,-22.5194],[-55.7233,-22.5193],[-55.7236,-22.5188],[-55.7236,-22.5176],[-55.7239,-22.5174],[-55.7239,-22.517],[-55.7229,-22.5169],[-55.7231,-22.5164],[-55.7226,-22.5164],[-55.7216,-22.5153],[-55.7208,-22.5162],[-55.7208,-22.5165],[-55.7196,-22.5175],[-55.719,-22.5175],[-55.7186,-22.5169],[-55.7181,-22.5169],[-55.7178,-22.5173],[-55.7182,-22.5178],[-55.7181,-22.5181],[-55.7172,-22.5181],[-55.7172,-22.5186],[-55.7184,-22.5194],[-55.7186,-22.5194],[-55.7188,-22.5189],[-55.7192,-22.5192],[-55.7197,-22.5191],[-55.7195,-22.5182],[-55.7207,-22.5186],[-55.7208,-22.5193],[-55.7197,-22.5201],[-55.7201,-22.5206],[-55.7204,-22.5206],[-55.7209,-22.5211],[-55.7214,-22.5205],[-55.7217,-22.5208],[-55.7221,-22.5208],[-55.7222,-22.5215],[-55.7219,-22.5219],[-55.7226,-22.5225],[-55.7233,-22.5225],[-55.7232,-22.522],[-55.7238,-22.5217],[-55.7243,-22.5217],[-55.7247,-22.5224],[-55.7239,-22.5231],[-55.7236,-22.524],[-55.7226,-22.5244],[-55.7222,-22.5239],[-55.7217,-22.5237],[-55.7216,-22.5233],[-55.7219,-22.5228],[-55.7215,-22.5228],[-55.7211,-22.5224],[-55.7211,-22.5217],[-55.7208,-22.5217],[-55.7208,-22.5225],[-55.7201,-22.5225],[-55.7194,-22.5219],[-55.7188,-22.5219],[-55.7183,-22.5215],[-55.7183,-22.5209],[-55.7181,-22.5208],[-55.7178,-22.5212],[-55.7178,-22.5215],[-55.7172,-22.522],[-55.7172,-22.5224],[-55.7167,-22.5226],[-55.7167,-22.5233],[-55.7175,-22.523],[-55.7175,-22.5236],[-55.7178,-22.5239],[-55.7186,-22.5239],[-55.7186,-22.5235],[-55.719,-22.5231],[-55.7201,-22.5231],[-55.7204,-22.5236],[-55.7201,-22.5239],[-55.7198,-22.5239],[-55.7198,-22.5242],[-55.7208,-22.5242],[-55.7211,-22.5238],[-55.7228,-22.5251],[-55.7228,-22.5262],[-55.7225,-22.5266],[-55.7228,-22.5269],[-55.7244,-22.5269],[-55.7248,-22.5266],[-55.7262,-22.5267],[-55.7267,-22.5274],[-55.7262,-22.5275],[-55.7258,-22.528],[-55.7263,-22.5281],[-55.7268,-22.5278],[-55.7269,-22.5283],[-55.7273,-22.5286],[-55.7267,-22.5292],[-55.7267,-22.5294],[-55.7286,-22.5288],[-55.7292,-22.5293],[-55.729,-22.5297],[-55.7287,-22.5297],[-55.7281,-22.5303],[-55.7281,-22.5311],[-55.7274,-22.5311],[-55.7267,-22.5306],[-55.7264,-22.5311],[-55.7259,-22.5311],[-55.7246,-22.5322],[-55.7237,-22.5322],[-55.7236,-22.5334],[-55.7225,-22.5326],[-55.7224,-22.5319],[-55.7214,-22.5319],[-55.7214,-22.5315],[-55.7219,-22.5311],[-55.7216,-22.5306],[-55.7213,-22.5306],[-55.7205,-22.5297],[-55.7201,-22.5297],[-55.7188,-22.5286],[-55.7185,-22.5286],[-55.7174,-22.5275],[-55.7169,-22.5274],[-55.7172,-22.5265],[-55.7175,-22.5263],[-55.7175,-22.5259],[-55.7166,-22.525],[-55.7161,-22.5249],[-55.7164,-22.5244],[-55.7164,-22.5237],[-55.7157,-22.5236],[-55.7156,-22.5231],[-55.7149,-22.5228],[-55.714,-22.5231],[-55.7138,-22.5225],[-55.7131,-22.5225],[-55.7128,-22.5228],[-55.7127,-22.5225],[-55.7131,-22.5222],[-55.7131,-22.5217],[-55.7119,-22.5215],[-55.7119,-22.5211],[-55.7131,-22.5208],[-55.713,-22.5206],[-55.7125,-22.5204],[-55.7125,-22.5199],[-55.7131,-22.5197],[-55.7128,-22.5181],[-55.7122,-22.5179],[-55.7122,-22.5173],[-55.7114,-22.5168],[-55.7113,-22.5163],[-55.7117,-22.5158],[-55.7117,-22.5149],[-55.7119,-22.5147],[-55.7119,-22.5112],[-55.711,-22.5108],[-55.7105,-22.5103],[-55.7096,-22.5106],[-55.7094,-22.51],[-55.7084,-22.51],[-55.7082,-22.5103],[-55.7074,-22.51],[-55.7067,-22.509],[-55.7066,-22.5081],[-55.7048,-22.5079],[-55.7047,-22.5072],[-55.7034,-22.5072],[-55.7031,-22.5075],[-55.703,-22.5073],[-55.7033,-22.5067],[-55.703,-22.5064],[-55.7026,-22.5064],[-55.7019,-22.5067],[-55.7018,-22.5072],[-55.7014,-22.5073],[-55.7014,-22.5078],[-55.7009,-22.5078],[-55.7008,-22.508],[-55.7011,-22.5082],[-55.7014,-22.5094],[-55.7028,-22.5118],[-55.7028,-22.5127],[-55.7031,-22.5129],[-55.7031,-22.5136],[-55.7039,-22.5149],[-55.7039,-22.5158],[-55.7044,-22.5163],[-55.7045,-22.5167],[-55.7049,-22.5167],[-55.7053,-22.5171],[-55.7056,-22.518],[-55.7058,-22.5182],[-55.7058,-22.5188],[-55.7067,-22.5199],[-55.7067,-22.5207],[-55.7064,-22.5211],[-55.7072,-22.5213],[-55.7072,-22.5219],[-55.7078,-22.5224],[-55.7081,-22.5233],[-55.7089,-22.5246],[-55.7092,-22.5261],[-55.7096,-22.5261],[-55.71,-22.5265],[-55.71,-22.5272],[-55.7106,-22.5276],[-55.7106,-22.5283],[-55.7119,-22.5307],[-55.7119,-22.5316],[-55.7126,-22.5317],[-55.7134,-22.5325],[-55.7137,-22.5325],[-55.7142,-22.5329],[-55.7142,-22.5335],[-55.7137,-22.5339],[-55.7133,-22.5339],[-55.7133,-22.5344],[-55.714,-22.5344],[-55.7142,-22.535],[-55.7149,-22.535],[-55.7152,-22.5346],[-55.716,-22.5347],[-55.7162,-22.535],[-55.7168,-22.535],[-55.7173,-22.5356],[-55.7181,-22.5358],[-55.7181,-22.5362],[-55.7176,-22.5364],[-55.7175,-22.5366],[-55.719,-22.5369],[-55.7195,-22.5375],[-55.7199,-22.5375],[-55.7201,-22.5378],[-55.72,-22.5388],[-55.7207,-22.5389],[-55.7208,-22.5397],[-55.7215,-22.5397],[-55.7218,-22.54],[-55.7214,-22.5403],[-55.7214,-22.541],[-55.7208,-22.5414],[-55.7208,-22.5421],[-55.7206,-22.5423],[-55.7208,-22.5433],[-55.7215,-22.5433],[-55.7217,-22.5436],[-55.7227,-22.5436],[-55.7227,-22.5431],[-55.7233,-22.5425],[-55.7233,-22.5435],[-55.7229,-22.5442],[-55.7225,-22.5442],[-55.7225,-22.5446],[-55.7221,-22.545],[-55.7217,-22.5451],[-55.7217,-22.5454],[-55.7211,-22.5459],[-55.7208,-22.5471],[-55.72,-22.5481],[-55.72,-22.5485],[-55.7193,-22.5492],[-55.7189,-22.5492],[-55.7189,-22.5496],[-55.7183,-22.5501],[-55.7183,-22.5504],[-55.7179,-22.5508],[-55.7176,-22.5508],[-55.7175,-22.5512],[-55.7167,-22.552],[-55.7161,-22.5514],[-55.7148,-22.5514],[-55.7143,-22.5517],[-55.7141,-22.5514],[-55.7135,-22.5514],[-55.7133,-22.5511],[-55.7118,-22.5511],[-55.7111,-22.5506],[-55.7101,-22.5506],[-55.7099,-22.5503],[-55.7096,-22.5503],[-55.7092,-22.5496],[-55.7092,-22.5489],[-55.7089,-22.5487],[-55.7089,-22.5473],[-55.7086,-22.5471],[-55.7086,-22.5467],[-55.7083,-22.5464],[-55.7077,-22.5468],[-55.7075,-22.5467],[-55.7078,-22.5463],[-55.7077,-22.5458],[-55.707,-22.5458],[-55.7068,-22.5464],[-55.7062,-22.5464],[-55.7057,-22.5467],[-55.7052,-22.5461],[-55.7042,-22.5457],[-55.7039,-22.5445],[-55.7031,-22.5439],[-55.7031,-22.5447],[-55.7023,-22.5447],[-55.7022,-22.5455],[-55.7028,-22.5464],[-55.7034,-22.546],[-55.7039,-22.5463],[-55.7039,-22.548],[-55.7042,-22.5482],[-55.7042,-22.5486],[-55.7049,-22.5483],[-55.7055,-22.5477],[-55.7057,-22.548],[-55.7053,-22.5484],[-55.7053,-22.5488],[-55.7066,-22.5488],[-55.7067,-22.549],[-55.7064,-22.5494],[-55.7067,-22.5497],[-55.7072,-22.5496],[-55.7075,-22.5499],[-55.7075,-22.5504],[-55.7068,-22.5508],[-55.7062,-22.5509],[-55.7056,-22.5506],[-55.7054,-22.5514],[-55.7043,-22.5514],[-55.7041,-22.5511],[-55.7037,-22.5512],[-55.7033,-22.551],[-55.7031,-22.5498],[-55.7028,-22.5496],[-55.7028,-22.5484],[-55.7022,-22.5476],[-55.7022,-22.5464],[-55.7014,-22.5454],[-55.7014,-22.5448],[-55.701,-22.5445],[-55.7011,-22.5442],[-55.7007,-22.5442],[-55.7003,-22.5435],[-55.7,-22.5419],[-55.7008,-22.5419],[-55.7008,-22.5414],[-55.7002,-22.5411],[-55.6992,-22.5411],[-55.6992,-22.5422],[-55.6994,-22.5424],[-55.6994,-22.5432],[-55.6989,-22.5434],[-55.6989,-22.5441],[-55.6997,-22.5449],[-55.6997,-22.5451],[-55.699,-22.5453],[-55.6988,-22.545],[-55.6984,-22.545],[-55.698,-22.5454],[-55.6977,-22.545],[-55.6964,-22.5451],[-55.6958,-22.5447],[-55.6954,-22.545],[-55.6948,-22.545],[-55.6942,-22.5456],[-55.6942,-22.5458],[-55.6947,-22.546],[-55.6947,-22.5462],[-55.6942,-22.5464],[-55.6942,-22.5466],[-55.6945,-22.5472],[-55.695,-22.5468],[-55.6951,-22.547],[-55.6947,-22.5477],[-55.6953,-22.5483],[-55.6957,-22.5483],[-55.6958,-22.5487],[-55.6954,-22.5492],[-55.6948,-22.5489],[-55.6944,-22.5499],[-55.6954,-22.55],[-55.6958,-22.5503],[-55.6964,-22.5497],[-55.6969,-22.5482],[-55.6975,-22.548],[-55.6976,-22.5475],[-55.6982,-22.5475],[-55.6986,-22.5479],[-55.6989,-22.5494],[-55.6992,-22.5496],[-55.6994,-22.5511],[-55.6997,-22.5513],[-55.6997,-22.5519],[-55.7002,-22.5519],[-55.7008,-22.5516],[-55.7013,-22.5519],[-55.7014,-22.5509],[-55.7011,-22.5507],[-55.7011,-22.5495],[-55.7006,-22.5493],[-55.7006,-22.5484],[-55.7003,-22.5482],[-55.7006,-22.5477],[-55.7006,-22.5471],[-55.701,-22.5469],[-55.7011,-22.5477],[-55.7015,-22.5478],[-55.7022,-22.5488],[-55.7022,-22.5494],[-55.7025,-22.5496],[-55.7025,-22.5502],[-55.7028,-22.5504],[-55.7028,-22.5516],[-55.7031,-22.5522],[-55.7043,-22.5522],[-55.7048,-22.5528],[-55.7058,-22.5528],[-55.7064,-22.5522],[-55.7061,-22.5511],[-55.7064,-22.551],[-55.7067,-22.5513],[-55.7072,-22.5536],[-55.7076,-22.5539],[-55.7069,-22.5549],[-55.7081,-22.5551],[-55.7081,-22.5557],[-55.7075,-22.5559],[-55.7075,-22.5566],[-55.7078,-22.5568],[-55.7078,-22.5574],[-55.7075,-22.5576],[-55.7075,-22.559],[-55.7071,-22.5594],[-55.7059,-22.5594],[-55.7057,-22.5597],[-55.7051,-22.5597],[-55.7047,-22.5593],[-55.7047,-22.5587],[-55.7044,-22.5585],[-55.7044,-22.5578],[-55.7042,-22.5576],[-55.7039,-22.5562],[-55.7033,-22.5554],[-55.7031,-22.5542],[-55.7028,-22.5542],[-55.7025,-22.5545],[-55.7025,-22.5549],[-55.7033,-22.5563],[-55.7033,-22.5569],[-55.7039,-22.5576],[-55.7039,-22.5581],[-55.7031,-22.5581],[-55.7029,-22.5586],[-55.7017,-22.5586],[-55.7012,-22.559],[-55.7008,-22.5587],[-55.7008,-22.5584],[-55.7003,-22.5576],[-55.7003,-22.557],[-55.7001,-22.5569],[-55.6992,-22.5576],[-55.6992,-22.5578],[-55.6997,-22.5579],[-55.6994,-22.5584],[-55.6994,-22.5591],[-55.7,-22.5592],[-55.7,-22.5596],[-55.6989,-22.5597],[-55.6985,-22.5603],[-55.6976,-22.5603],[-55.6971,-22.5608],[-55.6968,-22.5608],[-55.6958,-22.56],[-55.6954,-22.56],[-55.6947,-22.5593],[-55.6947,-22.559],[-55.6955,-22.5589],[-55.696,-22.5583],[-55.6963,-22.5583],[-55.6967,-22.558],[-55.6967,-22.5576],[-55.6958,-22.5568],[-55.6958,-22.5565],[-55.6968,-22.5561],[-55.6969,-22.5566],[-55.6972,-22.5567],[-55.6975,-22.5563],[-55.6975,-22.5559],[-55.6969,-22.5556],[-55.6964,-22.5556],[-55.6957,-22.5561],[-55.6948,-22.5558],[-55.6948,-22.5566],[-55.6946,-22.5572],[-55.6937,-22.5573],[-55.6939,-22.5564],[-55.6931,-22.5564],[-55.6931,-22.5567],[-55.6926,-22.5567],[-55.6922,-22.557],[-55.6925,-22.5574],[-55.6924,-22.5576],[-55.6912,-22.5575],[-55.6911,-22.5582],[-55.6904,-22.5589],[-55.6899,-22.5586],[-55.6893,-22.5589],[-55.6889,-22.5586],[-55.689,-22.5594],[-55.6887,-22.5597],[-55.6873,-22.5597],[-55.6875,-22.5602],[-55.6881,-22.5606],[-55.6885,-22.5603],[-55.6892,-22.5604],[-55.6887,-22.5611],[-55.6881,-22.5611],[-55.6879,-22.5617],[-55.6869,-22.5618],[-55.6866,-22.5614],[-55.6861,-22.5617],[-55.6861,-22.5612],[-55.6856,-22.5607],[-55.6856,-22.5601],[-55.6858,-22.5598],[-55.6853,-22.5597],[-55.6853,-22.5601],[-55.6847,-22.5603],[-55.6847,-22.5612],[-55.6842,-22.5614],[-55.6842,-22.5621],[-55.6836,-22.5623],[-55.6836,-22.563],[-55.6839,-22.5635],[-55.6836,-22.5637],[-55.6831,-22.5637],[-55.6831,-22.5644],[-55.6836,-22.5644],[-55.6836,-22.5649],[-55.6841,-22.5653],[-55.6847,-22.5649],[-55.6847,-22.564],[-55.6857,-22.5633],[-55.6865,-22.5633],[-55.687,-22.5639],[-55.6875,-22.564],[-55.6872,-22.5645],[-55.6872,-22.5657],[-55.6869,-22.5659],[-55.6869,-22.5665],[-55.6867,-22.5667],[-55.6867,-22.568],[-55.6872,-22.5682],[-55.6872,-22.5686],[-55.6876,-22.5689],[-55.6882,-22.5689],[-55.6886,-22.5693],[-55.6885,-22.5697],[-55.6881,-22.5698],[-55.6881,-22.5702],[-55.6883,-22.5704],[-55.6881,-22.5711],[-55.6883,-22.5715],[-55.6878,-22.5724],[-55.6888,-22.5725],[-55.6893,-22.5722],[-55.6894,-22.573],[-55.6903,-22.5739],[-55.6908,-22.574],[-55.6906,-22.5747],[-55.6911,-22.5751],[-55.6911,-22.5769],[-55.6918,-22.5778],[-55.6917,-22.5785],[-55.6911,-22.5789],[-55.6912,-22.5792],[-55.6933,-22.5792],[-55.6939,-22.5788],[-55.6939,-22.5781],[-55.6935,-22.5778],[-55.6936,-22.5771],[-55.6941,-22.5769],[-55.6947,-22.5761],[-55.6947,-22.5735],[-55.695,-22.5733],[-55.695,-22.5726],[-55.6947,-22.5724],[-55.695,-22.5714],[-55.6947,-22.5711],[-55.6953,-22.5711],[-55.695,-22.5707],[-55.6951,-22.5703],[-55.6958,-22.5703],[-55.6961,-22.5699],[-55.6956,-22.5688],[-55.6969,-22.5666],[-55.6969,-22.566],[-55.6976,-22.5653],[-55.6979,-22.5653],[-55.6981,-22.5661],[-55.6983,-22.5661],[-55.6989,-22.5655],[-55.6989,-22.5649],[-55.6997,-22.5638],[-55.6997,-22.5631],[-55.699,-22.5631],[-55.6989,-22.5626],[-55.6997,-22.5625],[-55.6999,-22.5622],[-55.7007,-22.5623],[-55.7006,-22.563],[-55.7008,-22.5632],[-55.7008,-22.5644],[-55.7012,-22.5647],[-55.7024,-22.5647],[-55.7033,-22.5657],[-55.7031,-22.5663],[-55.7036,-22.5665],[-55.704,-22.5674],[-55.7035,-22.5675],[-55.7028,-22.5669],[-55.7028,-22.5687],[-55.7024,-22.5689],[-55.7022,-22.5686],[-55.7019,-22.5687],[-55.7023,-22.5692],[-55.7033,-22.5694],[-55.7046,-22.5683],[-55.7052,-22.5683],[-55.706,-22.5675],[-55.7066,-22.5675],[-55.7068,-22.5667],[-55.7083,-22.5661],[-55.7083,-22.5659],[-55.7068,-22.5653],[-55.7066,-22.565],[-55.7059,-22.565],[-55.7054,-22.5656],[-55.7049,-22.5656],[-55.7044,-22.565],[-55.7038,-22.565],[-55.7036,-22.5644],[-55.7031,-22.5645],[-55.7025,-22.564],[-55.7025,-22.5631],[-55.7018,-22.5622],[-55.7019,-22.5618],[-55.7027,-22.5617],[-55.704,-22.5608],[-55.7047,-22.5607],[-55.7053,-22.561],[-55.7053,-22.5613],[-55.7056,-22.5617],[-55.706,-22.5617],[-55.7067,-22.5622],[-55.7077,-22.5622],[-55.7085,-22.5617],[-55.7091,-22.5619],[-55.7092,-22.5617],[-55.7086,-22.5612],[-55.7086,-22.561],[-55.7094,-22.5608],[-55.7092,-22.5599],[-55.7096,-22.5594],[-55.7108,-22.5592],[-55.711,-22.5589],[-55.7118,-22.5589],[-55.7123,-22.5595],[-55.7119,-22.5598],[-55.7119,-22.5602],[-55.7126,-22.5603],[-55.7128,-22.5606],[-55.7133,-22.5601],[-55.7125,-22.5599],[-55.7124,-22.5595],[-55.7126,-22.5592],[-55.7132,-22.5592],[-55.7134,-22.5594],[-55.7146,-22.5597],[-55.7153,-22.5604],[-55.7153,-22.561],[-55.715,-22.5612],[-55.715,-22.5622],[-55.7154,-22.5625],[-55.7151,-22.5628],[-55.7139,-22.5631],[-55.7137,-22.5633],[-55.7124,-22.5633],[-55.7119,-22.5629],[-55.7119,-22.5624],[-55.713,-22.5619],[-55.7133,-22.5614],[-55.713,-22.5611],[-55.7123,-22.5611],[-55.7119,-22.5614],[-55.7119,-22.5618],[-55.7114,-22.562],[-55.7114,-22.5627],[-55.7119,-22.5632],[-55.7118,-22.5639],[-55.7109,-22.5639],[-55.7108,-22.5643],[-55.7101,-22.5647],[-55.7097,-22.5643],[-55.71,-22.5634],[-55.7092,-22.5633],[-55.7092,-22.5641],[-55.7101,-22.565],[-55.7111,-22.565],[-55.7114,-22.5646],[-55.7117,-22.5647],[-55.7117,-22.5653],[-55.713,-22.5652],[-55.7137,-22.5658],[-55.7155,-22.5656],[-55.716,-22.565],[-55.7164,-22.565],[-55.7161,-22.5663],[-55.7167,-22.5668],[-55.7167,-22.5672],[-55.717,-22.5675],[-55.7177,-22.5675],[-55.7178,-22.5663],[-55.7181,-22.566],[-55.7185,-22.5661],[-55.7189,-22.5665],[-55.7189,-22.5672],[-55.7192,-22.5676],[-55.7183,-22.5687],[-55.7183,-22.5697],[-55.7186,-22.5699],[-55.7184,-22.5711],[-55.7197,-22.5711],[-55.7201,-22.5708],[-55.7203,-22.5711],[-55.7212,-22.5711],[-55.7217,-22.5717],[-55.7226,-22.5717],[-55.7228,-22.5721],[-55.7223,-22.5722],[-55.7219,-22.5727],[-55.7225,-22.5727],[-55.7228,-22.5731],[-55.7232,-22.5731],[-55.7239,-22.5738],[-55.7239,-22.5741],[-55.7242,-22.5744],[-55.7246,-22.5744],[-55.7253,-22.5753],[-55.7258,-22.5748],[-55.7253,-22.5748],[-55.7253,-22.5743],[-55.7261,-22.5742],[-55.7264,-22.5738],[-55.7264,-22.5732],[-55.7269,-22.5731],[-55.7272,-22.5724],[-55.7272,-22.572],[-55.727,-22.5719],[-55.7254,-22.5736],[-55.7251,-22.5736],[-55.7247,-22.5731],[-55.7244,-22.5731],[-55.7243,-22.5736],[-55.724,-22.5736],[-55.723,-22.5725],[-55.7232,-22.5722],[-55.7237,-22.5728],[-55.7242,-22.5727],[-55.7236,-22.5721],[-55.7236,-22.5714],[-55.7229,-22.5717],[-55.7227,-22.5714],[-55.7232,-22.5708],[-55.7242,-22.5708],[-55.7236,-22.57],[-55.722,-22.5698],[-55.7219,-22.5686],[-55.7209,-22.5686],[-55.7208,-22.5692],[-55.7206,-22.5693],[-55.7201,-22.5689],[-55.7194,-22.5694],[-55.7192,-22.5679],[-55.7203,-22.5666],[-55.7203,-22.5662],[-55.7197,-22.566],[-55.7197,-22.5654],[-55.7201,-22.565],[-55.7207,-22.565],[-55.7212,-22.5654],[-55.7212,-22.5658],[-55.7216,-22.5658],[-55.7219,-22.5655],[-55.7235,-22.5661],[-55.7239,-22.5665],[-55.7239,-22.5672],[-55.7244,-22.5671],[-55.7247,-22.5674],[-55.7244,-22.5678],[-55.7245,-22.5683],[-55.7251,-22.5683],[-55.7255,-22.5686],[-55.7261,-22.5682],[-55.7267,-22.5689],[-55.7276,-22.5692],[-55.7278,-22.5696],[-55.7275,-22.5698],[-55.727,-22.5697],[-55.727,-22.57],[-55.728,-22.5699],[-55.7286,-22.5701],[-55.7285,-22.5706],[-55.7278,-22.5706],[-55.7276,-22.5714],[-55.7272,-22.5714],[-55.7273,-22.5717],[-55.728,-22.5716],[-55.7281,-22.5722],[-55.7291,-22.5722],[-55.7299,-22.5714],[-55.7302,-22.5713],[-55.7304,-22.5716],[-55.73,-22.572],[-55.7301,-22.5725],[-55.7305,-22.5725],[-55.7307,-22.5722],[-55.7315,-22.5719],[-55.7317,-22.5722],[-55.7324,-22.5722],[-55.7334,-22.5733],[-55.7337,-22.5733],[-55.7339,-22.5736],[-55.7342,-22.5734],[-55.7333,-22.5729],[-55.7333,-22.5725],[-55.734,-22.5725],[-55.7345,-22.5733],[-55.7349,-22.5733],[-55.735,-22.5731],[-55.7338,-22.5719],[-55.7326,-22.5719],[-55.7316,-22.5711],[-55.73,-22.5711],[-55.73,-22.5693],[-55.7308,-22.5683],[-55.7311,-22.5674],[-55.7315,-22.5669],[-55.7319,-22.5669],[-55.7322,-22.5659],[-55.7309,-22.5658],[-55.7303,-22.5664],[-55.73,-22.5676],[-55.7293,-22.5683],[-55.729,-22.5683],[-55.7286,-22.5678],[-55.7274,-22.5681],[-55.7272,-22.5678],[-55.7263,-22.5675],[-55.7254,-22.5665],[-55.7257,-22.5664],[-55.7261,-22.5667],[-55.7264,-22.5663],[-55.7269,-22.5664],[-55.7272,-22.5661],[-55.7272,-22.5653],[-55.7267,-22.565],[-55.7263,-22.5654],[-55.7259,-22.5653],[-55.7257,-22.5656],[-55.7249,-22.5656],[-55.7247,-22.5653],[-55.7238,-22.5656],[-55.7233,-22.5651],[-55.7236,-22.5647],[-55.7233,-22.5643],[-55.7233,-22.5635],[-55.725,-22.562],[-55.7247,-22.5618],[-55.7247,-22.5611],[-55.7236,-22.5618],[-55.7229,-22.5617],[-55.7225,-22.5612],[-55.7225,-22.5607],[-55.7229,-22.5603],[-55.7246,-22.5603],[-55.7248,-22.5608],[-55.7261,-22.5608],[-55.7268,-22.56],[-55.7274,-22.56],[-55.7287,-22.5608],[-55.7293,-22.5608],[-55.7303,-22.5622],[-55.7315,-22.5625],[-55.7328,-22.5638],[-55.7325,-22.5642],[-55.7326,-22.565],[-55.733,-22.565],[-55.7338,-22.5642],[-55.7344,-22.5644],[-55.7365,-22.5622],[-55.7374,-22.5622],[-55.7375,-22.5626],[-55.7372,-22.5628],[-55.7372,-22.5633],[-55.7375,-22.5635],[-55.7375,-22.5638],[-55.7387,-22.5642],[-55.7389,-22.5651],[-55.7385,-22.5656],[-55.7375,-22.5659],[-55.7375,-22.5674],[-55.7369,-22.5676],[-55.7372,-22.5679],[-55.7372,-22.5686],[-55.7377,-22.5689],[-55.7385,-22.5681],[-55.739,-22.5681],[-55.7394,-22.5685],[-55.7394,-22.5691],[-55.7402,-22.57],[-55.7403,-22.5696],[-55.7419,-22.568],[-55.7422,-22.5671],[-55.7433,-22.5661],[-55.7436,-22.5649],[-55.7442,-22.5644],[-55.7443,-22.5639],[-55.7447,-22.5638],[-55.745,-22.5629],[-55.7453,-22.5627],[-55.7456,-22.5615],[-55.746,-22.5611],[-55.7463,-22.5611],[-55.7471,-22.5603],[-55.7476,-22.5606],[-55.7478,-22.5603],[-55.7464,-22.5593],[-55.7464,-22.5587],[-55.7461,-22.5583],[-55.7449,-22.5583],[-55.7447,-22.5581],[-55.744,-22.5583],[-55.7437,-22.5581],[-55.7433,-22.5584],[-55.7433,-22.559],[-55.7429,-22.5592],[-55.7427,-22.5589],[-55.7422,-22.5589],[-55.7422,-22.5586],[-55.7418,-22.5587],[-55.7417,-22.5585],[-55.7419,-22.5581],[-55.7417,-22.5581],[-55.7415,-22.5583],[-55.7406,-22.5583],[-55.7403,-22.5587],[-55.7403,-22.5594],[-55.7397,-22.5595],[-55.7397,-22.5605],[-55.7403,-22.5611],[-55.7413,-22.5603],[-55.7417,-22.5604],[-55.7412,-22.5611],[-55.7408,-22.5612],[-55.7409,-22.5616],[-55.7407,-22.5619],[-55.74,-22.5615],[-55.74,-22.5612],[-55.7389,-22.5601],[-55.7389,-22.5595],[-55.7386,-22.5593],[-55.7389,-22.5588],[-55.7389,-22.5579],[-55.7392,-22.5577],[-55.74,-22.5577],[-55.7399,-22.5575],[-55.7394,-22.5574],[-55.7397,-22.5564],[-55.739,-22.5567],[-55.7389,-22.5563],[-55.7396,-22.5556],[-55.7408,-22.5561],[-55.7408,-22.5556],[-55.7397,-22.5549],[-55.7397,-22.554],[-55.74,-22.5538],[-55.74,-22.5534],[-55.7386,-22.5522],[-55.7378,-22.5521],[-55.7378,-22.5515],[-55.7381,-22.5513],[-55.7381,-22.5504],[-55.7388,-22.5499],[-55.7393,-22.55],[-55.7406,-22.5511],[-55.741,-22.5508],[-55.7414,-22.5511],[-55.7422,-22.5511],[-55.7429,-22.5503],[-55.7433,-22.5502],[-55.7433,-22.5498],[-55.7429,-22.5497],[-55.7427,-22.5494],[-55.7429,-22.5489],[-55.7433,-22.5489],[-55.7435,-22.5486],[-55.744,-22.5486],[-55.7442,-22.5489],[-55.7455,-22.5486],[-55.7458,-22.5481],[-55.7456,-22.5479],[-55.7453,-22.547],[-55.7447,-22.5465],[-55.7447,-22.5453],[-55.745,-22.5452],[-55.7456,-22.5457],[-55.7456,-22.5466],[-55.7458,-22.5467],[-55.7471,-22.545],[-55.7478,-22.5449],[-55.7474,-22.5442],[-55.7482,-22.5428],[-55.7485,-22.5428],[-55.7492,-22.5436],[-55.7508,-22.5442],[-55.7508,-22.5439],[-55.7505,-22.5436],[-55.7496,-22.5433],[-55.7489,-22.5425],[-55.7491,-22.5424],[-55.7495,-22.5428],[-55.7511,-22.5428],[-55.7511,-22.5423],[-55.7507,-22.5419],[-55.7511,-22.5416],[-55.7513,-22.5411],[-55.7524,-22.5411],[-55.7527,-22.5414],[-55.7544,-22.5397],[-55.7544,-22.5381],[-55.7541,-22.5382]],[[-55.6955,-22.5472],[-55.6956,-22.5469],[-55.6958,-22.5471],[-55.6957,-22.5473],[-55.6955,-22.5472]],[[-55.6978,-22.5455],[-55.6983,-22.5457],[-55.6982,-22.5461],[-55.6978,-22.546],[-55.6978,-22.5455]],[[-55.7076,-22.56],[-55.7075,-22.5603],[-55.7071,-22.56],[-55.7073,-22.5599],[-55.7076,-22.56]],[[-55.7112,-22.5161],[-55.7111,-22.5164],[-55.7107,-22.5164],[-55.7106,-22.516],[-55.711,-22.5158],[-55.7112,-22.5161]],[[-55.7156,-22.5589],[-55.7164,-22.56],[-55.7171,-22.56],[-55.7178,-22.5607],[-55.7178,-22.561],[-55.7163,-22.5614],[-55.7156,-22.5607],[-55.7158,-22.5601],[-55.7154,-22.56],[-55.715,-22.5593],[-55.7153,-22.5588],[-55.7152,-22.5583],[-55.7145,-22.5581],[-55.7143,-22.5589],[-55.7132,-22.5589],[-55.7128,-22.5582],[-55.7132,-22.5578],[-55.7136,-22.5578],[-55.7136,-22.5574],[-55.714,-22.5569],[-55.7146,-22.5569],[-55.7156,-22.5581],[-55.7161,-22.5582],[-55.7161,-22.5585],[-55.7156,-22.5589]],[[-55.7153,-22.5051],[-55.7153,-22.5047],[-55.7157,-22.505],[-55.7153,-22.5051]],[[-55.7167,-22.5653],[-55.7167,-22.5645],[-55.7164,-22.5643],[-55.7164,-22.5637],[-55.7158,-22.5632],[-55.7157,-22.5623],[-55.7163,-22.5622],[-55.7168,-22.5617],[-55.7174,-22.5617],[-55.7179,-22.5623],[-55.7178,-22.5632],[-55.7175,-22.5636],[-55.7182,-22.5636],[-55.7186,-22.5643],[-55.7179,-22.5653],[-55.7167,-22.5653]],[[-55.7162,-22.505],[-55.7164,-22.5054],[-55.716,-22.5056],[-55.7158,-22.5051],[-55.7162,-22.505]],[[-55.7175,-22.5599],[-55.7179,-22.5594],[-55.7183,-22.5596],[-55.7182,-22.5603],[-55.7176,-22.5603],[-55.7175,-22.5599]],[[-55.7185,-22.5361],[-55.7186,-22.5357],[-55.7189,-22.5358],[-55.7188,-22.5362],[-55.7185,-22.5361]],[[-55.7185,-22.518],[-55.7186,-22.5178],[-55.7189,-22.5179],[-55.7188,-22.5182],[-55.7185,-22.518]],[[-55.7189,-22.5574],[-55.7192,-22.5575],[-55.7192,-22.5579],[-55.7188,-22.5581],[-55.7186,-22.5576],[-55.7189,-22.5574]],[[-55.7206,-22.5599],[-55.7208,-22.56],[-55.7208,-22.5604],[-55.7204,-22.5606],[-55.7203,-22.5601],[-55.7206,-22.5599]],[[-55.7211,-22.5317],[-55.7212,-22.5319],[-55.7209,-22.5321],[-55.7208,-22.5318],[-55.7211,-22.5317]],[[-55.7215,-22.5694],[-55.7218,-22.5697],[-55.7214,-22.5697],[-55.7215,-22.5694]],[[-55.722,-22.5623],[-55.7219,-22.5626],[-55.7216,-22.5625],[-55.7217,-22.5621],[-55.722,-22.5623]],[[-55.7219,-22.5403],[-55.7219,-22.5396],[-55.7223,-22.5393],[-55.7226,-22.5394],[-55.7234,-22.5402],[-55.7232,-22.5406],[-55.7224,-22.5406],[-55.7219,-22.5403]],[[-55.7236,-22.5428],[-55.7235,-22.5425],[-55.7238,-22.5424],[-55.7239,-22.5426],[-55.7236,-22.5428]],[[-55.7262,-22.5317],[-55.7258,-22.5317],[-55.7261,-22.5313],[-55.7264,-22.5314],[-55.7262,-22.5317]],[[-55.7362,-22.5187],[-55.7356,-22.5195],[-55.7356,-22.5201],[-55.7347,-22.5209],[-55.7347,-22.5217],[-55.734,-22.5217],[-55.7338,-22.5211],[-55.7333,-22.5212],[-55.7333,-22.5219],[-55.7336,-22.5224],[-55.7331,-22.5231],[-55.7331,-22.5235],[-55.7325,-22.5239],[-55.7325,-22.5246],[-55.7315,-22.5261],[-55.7302,-22.5265],[-55.73,-22.5264],[-55.7299,-22.5258],[-55.7287,-22.5258],[-55.7286,-22.5261],[-55.729,-22.5262],[-55.7289,-22.5268],[-55.7282,-22.5275],[-55.7277,-22.5272],[-55.7271,-22.5272],[-55.7267,-22.5268],[-55.7271,-22.5261],[-55.7274,-22.5261],[-55.7281,-22.5255],[-55.7272,-22.5246],[-55.7272,-22.5242],[-55.7267,-22.524],[-55.7267,-22.5235],[-55.7272,-22.5233],[-55.7277,-22.5228],[-55.7279,-22.5222],[-55.7286,-22.5222],[-55.7286,-22.5217],[-55.7282,-22.5214],[-55.7284,-22.5213],[-55.7288,-22.5214],[-55.7293,-22.5208],[-55.7308,-22.5206],[-55.7308,-22.5201],[-55.7304,-22.5199],[-55.7307,-22.5194],[-55.7324,-22.5197],[-55.7328,-22.5194],[-55.7329,-22.5186],[-55.7337,-22.5186],[-55.734,-22.5191],[-55.7337,-22.5194],[-55.7331,-22.5194],[-55.7328,-22.5198],[-55.7328,-22.52],[-55.7341,-22.52],[-55.7349,-22.5192],[-55.7355,-22.5192],[-55.736,-22.5186],[-55.7362,-22.5187]],[[-55.7281,-22.5181],[-55.7278,-22.5183],[-55.7277,-22.5181],[-55.7279,-22.5175],[-55.7289,-22.5176],[-55.7287,-22.5183],[-55.7281,-22.5181]],[[-55.7297,-22.502],[-55.7292,-22.5018],[-55.7292,-22.5008],[-55.7297,-22.501],[-55.7297,-22.502]],[[-55.73,-22.5054],[-55.7312,-22.5049],[-55.7325,-22.505],[-55.7325,-22.5055],[-55.7329,-22.5062],[-55.7328,-22.5069],[-55.7331,-22.5071],[-55.7331,-22.508],[-55.7333,-22.5082],[-55.7333,-22.5085],[-55.7326,-22.5092],[-55.7317,-22.5092],[-55.7314,-22.5095],[-55.7308,-22.5093],[-55.7308,-22.5087],[-55.7306,-22.5085],[-55.7308,-22.5073],[-55.73,-22.5071],[-55.73,-22.5054]],[[-55.7321,-22.5447],[-55.7316,-22.5442],[-55.7311,-22.544],[-55.7313,-22.5433],[-55.7328,-22.544],[-55.7325,-22.5446],[-55.7321,-22.5447]],[[-55.7314,-22.5103],[-55.7316,-22.5102],[-55.7318,-22.5105],[-55.7315,-22.5106],[-55.7314,-22.5103]],[[-55.7369,-22.5556],[-55.736,-22.5553],[-55.7349,-22.5544],[-55.7346,-22.5544],[-55.7342,-22.554],[-55.7342,-22.5534],[-55.7338,-22.5531],[-55.7331,-22.5531],[-55.7328,-22.5534],[-55.7331,-22.5541],[-55.7342,-22.5551],[-55.7337,-22.5558],[-55.7332,-22.5558],[-55.7328,-22.5554],[-55.7327,-22.5547],[-55.7317,-22.5543],[-55.7316,-22.5537],[-55.7321,-22.5531],[-55.7328,-22.553],[-55.7329,-22.5522],[-55.7343,-22.5522],[-55.7347,-22.5526],[-55.7348,-22.5531],[-55.7351,-22.5531],[-55.7353,-22.5533],[-55.7362,-22.5533],[-55.7369,-22.554],[-55.7367,-22.5547],[-55.737,-22.5553],[-55.7377,-22.5553],[-55.7379,-22.555],[-55.7383,-22.5551],[-55.7379,-22.5558],[-55.7371,-22.5558],[-55.7369,-22.5556]],[[-55.7339,-22.5431],[-55.7335,-22.5431],[-55.7332,-22.5425],[-55.7337,-22.5425],[-55.7339,-22.5431]],[[-55.7387,-22.5461],[-55.7394,-22.5471],[-55.7394,-22.5476],[-55.7389,-22.5484],[-55.7387,-22.5492],[-55.7382,-22.5492],[-55.7374,-22.5486],[-55.7368,-22.5486],[-55.7364,-22.5483],[-55.7364,-22.5487],[-55.7358,-22.5489],[-55.7358,-22.5493],[-55.7353,-22.5495],[-55.7353,-22.5501],[-55.735,-22.5503],[-55.7351,-22.5507],[-55.7349,-22.5508],[-55.7344,-22.5504],[-55.7344,-22.5496],[-55.7347,-22.5494],[-55.735,-22.5485],[-55.7356,-22.548],[-55.7356,-22.5471],[-55.7361,-22.5463],[-55.7361,-22.546],[-55.7371,-22.545],[-55.7376,-22.545],[-55.7381,-22.5454],[-55.7381,-22.5461],[-55.7387,-22.5461]],[[-55.7362,-22.5362],[-55.7357,-22.5369],[-55.7347,-22.5368],[-55.7349,-22.5356],[-55.7357,-22.5356],[-55.7362,-22.5362]],[[-55.7373,-22.5592],[-55.7371,-22.5597],[-55.7363,-22.5597],[-55.7358,-22.5593],[-55.7361,-22.5581],[-55.7365,-22.5581],[-55.7373,-22.5592]],[[-55.7365,-22.5183],[-55.7365,-22.5189],[-55.7363,-22.5188],[-55.7365,-22.5183]],[[-55.7375,-22.4969],[-55.7376,-22.4972],[-55.7374,-22.4975],[-55.7367,-22.4975],[-55.7368,-22.4969],[-55.7375,-22.4969]],[[-55.739,-22.5622],[-55.7386,-22.5614],[-55.7376,-22.5614],[-55.7372,-22.561],[-55.7372,-22.5604],[-55.7375,-22.5602],[-55.7378,-22.5606],[-55.7389,-22.5606],[-55.7389,-22.5613],[-55.7394,-22.5615],[-55.7394,-22.5621],[-55.739,-22.5622]],[[-55.7388,-22.5255],[-55.739,-22.5247],[-55.7397,-22.5251],[-55.7396,-22.5258],[-55.739,-22.5258],[-55.7388,-22.5255]],[[-55.74,-22.524],[-55.7396,-22.5237],[-55.7401,-22.5233],[-55.7403,-22.5237],[-55.74,-22.524]],[[-55.7423,-22.5594],[-55.7422,-22.5599],[-55.7418,-22.56],[-55.7416,-22.5597],[-55.7413,-22.5597],[-55.7406,-22.559],[-55.7406,-22.5588],[-55.7409,-22.5585],[-55.7412,-22.5589],[-55.7417,-22.5588],[-55.742,-22.5592],[-55.7425,-22.5591],[-55.7426,-22.5594],[-55.7423,-22.5594]],[[-55.7451,-22.5348],[-55.7449,-22.5356],[-55.7445,-22.5357],[-55.7442,-22.5354],[-55.7443,-22.5344],[-55.7447,-22.5343],[-55.7451,-22.5348]],[[-55.7458,-22.5398],[-55.7454,-22.5397],[-55.7453,-22.5393],[-55.746,-22.5389],[-55.7461,-22.5396],[-55.7458,-22.5398]],[[-55.7468,-22.5358],[-55.746,-22.5352],[-55.7463,-22.5347],[-55.7472,-22.5351],[-55.7468,-22.5358]],[[-55.748,-22.5388],[-55.7481,-22.5382],[-55.7485,-22.5381],[-55.7489,-22.5385],[-55.7489,-22.5393],[-55.7482,-22.5394],[-55.748,-22.5388]],[[-55.7504,-22.5397],[-55.7504,-22.5403],[-55.7497,-22.5401],[-55.7499,-22.5394],[-55.7504,-22.5397]],[[-55.7509,-22.5385],[-55.7514,-22.5388],[-55.7512,-22.5392],[-55.7506,-22.539],[-55.7509,-22.5385]]],[[[-55.7428,-22.5508],[-55.7428,-22.5511],[-55.743,-22.5511],[-55.7431,-22.5509],[-55.7428,-22.5508]]],[[[-55.7448,-22.5642],[-55.745,-22.5649],[-55.7453,-22.5651],[-55.7453,-22.5658],[-55.746,-22.5658],[-55.7464,-22.5663],[-55.7464,-22.5667],[-55.7471,-22.5667],[-55.7472,-22.5672],[-55.748,-22.5678],[-55.7483,-22.5673],[-55.7479,-22.5672],[-55.7475,-22.5668],[-55.7474,-22.5664],[-55.7469,-22.5662],[-55.7469,-22.5656],[-55.7464,-22.5649],[-55.7464,-22.5642],[-55.7457,-22.5644],[-55.7452,-22.5639],[-55.7448,-22.5642]]],[[[-55.7452,-22.5661],[-55.745,-22.5662],[-55.7451,-22.5664],[-55.7453,-22.5663],[-55.7452,-22.5661]]],[[[-55.7078,-22.5625],[-55.7075,-22.5628],[-55.7075,-22.5638],[-55.7083,-22.5639],[-55.7086,-22.5633],[-55.7086,-22.5626],[-55.7078,-22.5625]]],[[[-55.7022,-22.5694],[-55.7019,-22.5695],[-55.7018,-22.5703],[-55.7015,-22.5703],[-55.7005,-22.5692],[-55.6994,-22.5692],[-55.6996,-22.5701],[-55.6983,-22.5701],[-55.6983,-22.5708],[-55.6987,-22.5711],[-55.6996,-22.5711],[-55.7003,-22.5718],[-55.7003,-22.5721],[-55.6989,-22.5734],[-55.6989,-22.5737],[-55.6982,-22.5742],[-55.6964,-22.5734],[-55.6967,-22.5744],[-55.6972,-22.5746],[-55.6976,-22.5753],[-55.6983,-22.575],[-55.6989,-22.5744],[-55.6989,-22.574],[-55.7004,-22.5725],[-55.7012,-22.5722],[-55.7017,-22.5728],[-55.7025,-22.5727],[-55.7025,-22.572],[-55.7019,-22.5715],[-55.7019,-22.5707],[-55.7022,-22.5705],[-55.7022,-22.5694]]],[[[-55.7017,-22.5686],[-55.7014,-22.5683],[-55.7011,-22.5688],[-55.7013,-22.5689],[-55.7017,-22.5686]]],[[[-55.6836,-22.5653],[-55.6833,-22.5653],[-55.6831,-22.5664],[-55.6825,-22.5667],[-55.6825,-22.5671],[-55.6819,-22.5673],[-55.6819,-22.569],[-55.6817,-22.5692],[-55.6817,-22.5705],[-55.682,-22.5709],[-55.6819,-22.5711],[-55.6814,-22.5712],[-55.6814,-22.5719],[-55.6831,-22.5719],[-55.6822,-22.5712],[-55.6822,-22.5708],[-55.6825,-22.5708],[-55.6826,-22.5703],[-55.6829,-22.5703],[-55.6831,-22.5708],[-55.6836,-22.5711],[-55.6835,-22.5703],[-55.6838,-22.57],[-55.6842,-22.5699],[-55.6842,-22.569],[-55.6844,-22.5688],[-55.6844,-22.5685],[-55.685,-22.5683],[-55.6846,-22.5677],[-55.6847,-22.5673],[-55.6839,-22.5668],[-55.6836,-22.5653]]],[[[-55.6986,-22.5433],[-55.6989,-22.543],[-55.6989,-22.5426],[-55.6983,-22.5421],[-55.6986,-22.5416],[-55.6986,-22.5408],[-55.6981,-22.5409],[-55.6979,-22.5417],[-55.6964,-22.5417],[-55.6967,-22.5427],[-55.6973,-22.5433],[-55.6986,-22.5433]]],[[[-55.7267,-22.5739],[-55.7267,-22.5742],[-55.7269,-22.5741],[-55.7269,-22.5739],[-55.7267,-22.5739]]],[[[-55.7266,-22.5744],[-55.7264,-22.5745],[-55.7264,-22.5749],[-55.7269,-22.575],[-55.7269,-22.5748],[-55.7266,-22.5744]]],[[[-55.7263,-22.5753],[-55.7261,-22.5753],[-55.7262,-22.5756],[-55.7264,-22.5755],[-55.7263,-22.5753]]],[[[-55.7272,-22.5747],[-55.7276,-22.575],[-55.7269,-22.5756],[-55.727,-22.5761],[-55.7274,-22.5761],[-55.7278,-22.5758],[-55.7278,-22.575],[-55.7288,-22.5742],[-55.7291,-22.5742],[-55.7297,-22.5731],[-55.7295,-22.5731],[-55.7285,-22.5739],[-55.7276,-22.5739],[-55.7272,-22.5742],[-55.7272,-22.5747]]],[[[-55.7275,-22.5726],[-55.7276,-22.5728],[-55.7278,-22.5727],[-55.7277,-22.5725],[-55.7275,-22.5726]]],[[[-55.7467,-22.5586],[-55.7469,-22.5586],[-55.7469,-22.5584],[-55.7467,-22.5583],[-55.7467,-22.5586]]],[[[-55.7416,-22.5578],[-55.7416,-22.5572],[-55.7406,-22.557],[-55.7409,-22.5578],[-55.7416,-22.5578]]],[[[-55.7392,-22.5589],[-55.7392,-22.5592],[-55.7394,-22.5591],[-55.7394,-22.5589],[-55.7392,-22.5589]]],[[[-55.6864,-22.5854],[-55.6857,-22.5861],[-55.6842,-22.5867],[-55.6844,-22.5871],[-55.6844,-22.5876],[-55.6837,-22.5886],[-55.6831,-22.5887],[-55.6831,-22.5894],[-55.6842,-22.5894],[-55.6842,-22.589],[-55.6847,-22.5886],[-55.6847,-22.5882],[-55.6867,-22.5861],[-55.6869,-22.5851],[-55.6883,-22.5838],[-55.6883,-22.5833],[-55.6879,-22.5833],[-55.6877,-22.5831],[-55.687,-22.5831],[-55.6864,-22.5834],[-55.6864,-22.5837],[-55.6861,-22.5839],[-55.6864,-22.5854]]],[[[-55.6856,-22.5911],[-55.6852,-22.5903],[-55.685,-22.5903],[-55.685,-22.5908],[-55.6853,-22.5911],[-55.6856,-22.5911]]],[[[-55.6886,-22.587],[-55.6884,-22.5869],[-55.6883,-22.5872],[-55.6886,-22.5872],[-55.6886,-22.587]]],[[[-55.6894,-22.5834],[-55.6894,-22.5828],[-55.6889,-22.5828],[-55.6889,-22.5833],[-55.6892,-22.5836],[-55.6894,-22.5834]]],[[[-55.6908,-22.5452],[-55.6919,-22.5453],[-55.6919,-22.5451],[-55.6913,-22.545],[-55.6908,-22.5446],[-55.6908,-22.5442],[-55.6892,-22.5442],[-55.6901,-22.545],[-55.6907,-22.545],[-55.6908,-22.5452]]],[[[-55.6908,-22.5464],[-55.6899,-22.5461],[-55.6897,-22.5456],[-55.6894,-22.5453],[-55.6892,-22.5453],[-55.6892,-22.5467],[-55.6911,-22.5469],[-55.6908,-22.5464]]],[[[-55.6911,-22.5903],[-55.6909,-22.5903],[-55.6906,-22.5906],[-55.6906,-22.5911],[-55.6908,-22.5911],[-55.6911,-22.5903]]],[[[-55.6919,-22.5867],[-55.6914,-22.5867],[-55.6914,-22.5872],[-55.6919,-22.5872],[-55.6919,-22.5867]]],[[[-55.6922,-22.5892],[-55.692,-22.5892],[-55.6914,-22.5899],[-55.6922,-22.5897],[-55.6922,-22.5892]]],[[[-55.6934,-22.5822],[-55.6944,-22.5819],[-55.6944,-22.5812],[-55.6942,-22.581],[-55.6942,-22.5806],[-55.6938,-22.5803],[-55.6928,-22.5803],[-55.6928,-22.5813],[-55.6931,-22.5815],[-55.6931,-22.5819],[-55.6934,-22.5822]]],[[[-55.6939,-22.487],[-55.6936,-22.487],[-55.6937,-22.4881],[-55.6939,-22.488],[-55.6939,-22.487]]],[[[-55.6958,-22.5734],[-55.6956,-22.5733],[-55.6956,-22.5736],[-55.6958,-22.5736],[-55.6958,-22.5734]]],[[[-55.6969,-22.5689],[-55.6964,-22.5689],[-55.6964,-22.5691],[-55.6969,-22.5692],[-55.6969,-22.5689]]],[[[-55.6969,-22.5759],[-55.6967,-22.5758],[-55.6967,-22.5761],[-55.6969,-22.5761],[-55.6969,-22.5759]]],[[[-55.6975,-22.5809],[-55.6973,-22.5808],[-55.6972,-22.5811],[-55.6974,-22.5811],[-55.6975,-22.5809]]],[[[-55.6986,-22.568],[-55.6995,-22.5686],[-55.7002,-22.5686],[-55.7006,-22.5683],[-55.7006,-22.5679],[-55.7013,-22.5672],[-55.7017,-22.5672],[-55.7017,-22.5667],[-55.7003,-22.5667],[-55.6999,-22.5672],[-55.6987,-22.5672],[-55.6986,-22.568]]],[[[-55.7006,-22.5836],[-55.6999,-22.5828],[-55.6997,-22.5828],[-55.6997,-22.5833],[-55.7001,-22.5836],[-55.7006,-22.5836]]],[[[-55.7023,-22.5539],[-55.7028,-22.5536],[-55.7025,-22.5526],[-55.7014,-22.5525],[-55.7014,-22.553],[-55.7017,-22.5532],[-55.7017,-22.5536],[-55.7023,-22.5539]]],[[[-55.7022,-22.5656],[-55.7022,-22.5653],[-55.702,-22.5653],[-55.7019,-22.5655],[-55.7022,-22.5656]]],[[[-55.7092,-22.5061],[-55.7085,-22.5048],[-55.7094,-22.505],[-55.7094,-22.5048],[-55.7091,-22.5044],[-55.7088,-22.5044],[-55.7083,-22.5039],[-55.7074,-22.5036],[-55.7072,-22.5033],[-55.7065,-22.5033],[-55.7063,-22.5031],[-55.7054,-22.5028],[-55.7049,-22.5022],[-55.7043,-22.5022],[-55.7036,-22.5017],[-55.7028,-22.502],[-55.7028,-22.5033],[-55.7032,-22.5036],[-55.7031,-22.5041],[-55.7039,-22.5043],[-55.7039,-22.505],[-55.7049,-22.505],[-55.7052,-22.5046],[-55.7058,-22.5047],[-55.7058,-22.5052],[-55.7064,-22.5054],[-55.7064,-22.5061],[-55.7067,-22.5064],[-55.7074,-22.5064],[-55.7078,-22.5069],[-55.7081,-22.5069],[-55.7082,-22.5064],[-55.7092,-22.5061]]],[[[-55.7064,-22.5689],[-55.7061,-22.5689],[-55.7062,-22.5694],[-55.7064,-22.5694],[-55.7064,-22.5689]]],[[[-55.7088,-22.5689],[-55.7089,-22.5681],[-55.7087,-22.5681],[-55.7087,-22.5685],[-55.7083,-22.5688],[-55.7088,-22.5689]]],[[[-55.7103,-22.5606],[-55.7101,-22.5606],[-55.71,-22.5608],[-55.7102,-22.5608],[-55.7103,-22.5606]]],[[[-55.7103,-22.5669],[-55.7106,-22.5672],[-55.7111,-22.5672],[-55.7119,-22.5662],[-55.7112,-22.5656],[-55.7103,-22.5664],[-55.7103,-22.5669]]],[[[-55.7217,-22.5817],[-55.7208,-22.581],[-55.7208,-22.5806],[-55.7195,-22.58],[-55.7194,-22.5805],[-55.72,-22.5807],[-55.7201,-22.5812],[-55.7196,-22.5819],[-55.7192,-22.5819],[-55.7187,-22.5825],[-55.7184,-22.5826],[-55.718,-22.5822],[-55.7171,-22.5822],[-55.7167,-22.5818],[-55.7167,-22.5812],[-55.7164,-22.5811],[-55.7156,-22.582],[-55.7156,-22.583],[-55.717,-22.5847],[-55.7194,-22.585],[-55.7194,-22.5846],[-55.72,-22.5844],[-55.7203,-22.5835],[-55.7208,-22.583],[-55.7208,-22.5817],[-55.7211,-22.5816],[-55.7214,-22.5819],[-55.7217,-22.5817]]],[[[-55.7164,-22.5792],[-55.7161,-22.5792],[-55.7162,-22.5797],[-55.7164,-22.5797],[-55.7164,-22.5792]]],[[[-55.7189,-22.5798],[-55.7174,-22.5783],[-55.7172,-22.5784],[-55.7187,-22.58],[-55.7189,-22.5798]]],[[[-55.7236,-22.4942],[-55.7236,-22.4926],[-55.7231,-22.4924],[-55.7228,-22.4912],[-55.7225,-22.4912],[-55.7225,-22.4918],[-55.7219,-22.492],[-55.7221,-22.4924],[-55.7213,-22.4928],[-55.7208,-22.4924],[-55.7208,-22.4914],[-55.7203,-22.4907],[-55.7202,-22.4902],[-55.7206,-22.4899],[-55.7206,-22.4889],[-55.72,-22.4882],[-55.7197,-22.4873],[-55.7189,-22.4872],[-55.7187,-22.4875],[-55.7184,-22.4875],[-55.7183,-22.4883],[-55.7189,-22.489],[-55.7189,-22.4897],[-55.7194,-22.4901],[-55.7195,-22.4906],[-55.7199,-22.4906],[-55.7203,-22.491],[-55.7203,-22.4919],[-55.7208,-22.4926],[-55.7208,-22.4944],[-55.7214,-22.4946],[-55.7214,-22.4952],[-55.7218,-22.4956],[-55.7217,-22.4961],[-55.7219,-22.4963],[-55.722,-22.4972],[-55.7228,-22.4972],[-55.7228,-22.4965],[-55.7233,-22.4961],[-55.7231,-22.4957],[-55.7232,-22.4953],[-55.7238,-22.4953],[-55.7244,-22.4949],[-55.7244,-22.4942],[-55.7236,-22.4942]],[[-55.7232,-22.4939],[-55.7232,-22.4944],[-55.7229,-22.4944],[-55.7232,-22.4939]]],[[[-55.7225,-22.4901],[-55.7212,-22.49],[-55.7211,-22.4905],[-55.7216,-22.4908],[-55.7218,-22.4906],[-55.7224,-22.4906],[-55.7225,-22.4901]]],[[[-55.7225,-22.5667],[-55.7214,-22.5667],[-55.7211,-22.5672],[-55.7219,-22.5672],[-55.7219,-22.5669],[-55.7224,-22.5669],[-55.7225,-22.5667]]],[[[-55.7237,-22.4992],[-55.7236,-22.5004],[-55.7228,-22.5003],[-55.7222,-22.5006],[-55.7225,-22.5016],[-55.7232,-22.5017],[-55.7239,-22.5025],[-55.7251,-22.5028],[-55.7258,-22.5036],[-55.7258,-22.5028],[-55.7253,-22.5021],[-55.7253,-22.5012],[-55.7247,-22.5004],[-55.7244,-22.4995],[-55.7237,-22.4992]]],[[[-55.7236,-22.5686],[-55.7236,-22.5681],[-55.723,-22.5675],[-55.7225,-22.5676],[-55.7226,-22.5692],[-55.7236,-22.5692],[-55.7239,-22.5688],[-55.7236,-22.5686]]],[[[-55.725,-22.5639],[-55.7245,-22.5639],[-55.7244,-22.5641],[-55.7249,-22.5642],[-55.725,-22.5639]]],[[[-55.7275,-22.5864],[-55.7269,-22.5858],[-55.7261,-22.5856],[-55.7273,-22.5867],[-55.7275,-22.5864]]],[[[-55.7319,-22.5653],[-55.7319,-22.5651],[-55.7317,-22.565],[-55.7317,-22.5652],[-55.7319,-22.5653]]],[[[-55.7353,-22.5739],[-55.7351,-22.5739],[-55.735,-22.5741],[-55.7352,-22.5742],[-55.7353,-22.5739]]],[[[-55.7353,-22.5748],[-55.7351,-22.5747],[-55.735,-22.5749],[-55.7352,-22.575],[-55.7353,-22.5748]]],[[[-55.7361,-22.5539],[-55.7359,-22.5539],[-55.7358,-22.5541],[-55.7361,-22.5542],[-55.7361,-22.5539]]],[[[-55.7394,-22.5767],[-55.7392,-22.5767],[-55.7392,-22.5769],[-55.7394,-22.5769],[-55.7394,-22.5767]]],[[[-55.7395,-22.5519],[-55.7394,-22.5522],[-55.7398,-22.5525],[-55.7403,-22.5524],[-55.7402,-22.5519],[-55.7395,-22.5519]]],[[[-55.7401,-22.5861],[-55.7406,-22.5858],[-55.7405,-22.5856],[-55.74,-22.5859],[-55.7401,-22.5861]]],[[[-55.7399,-22.5864],[-55.7394,-22.5864],[-55.7395,-22.5869],[-55.74,-22.5869],[-55.7399,-22.5864]]],[[[-55.7478,-22.4924],[-55.7475,-22.4901],[-55.7478,-22.4898],[-55.7475,-22.4896],[-55.7475,-22.4876],[-55.7481,-22.4872],[-55.7481,-22.4864],[-55.7474,-22.4864],[-55.7469,-22.486],[-55.7469,-22.4851],[-55.7478,-22.4841],[-55.7478,-22.4834],[-55.7473,-22.4833],[-55.7471,-22.4836],[-55.7464,-22.4836],[-55.7458,-22.4845],[-55.7458,-22.4861],[-55.7464,-22.4863],[-55.7464,-22.4871],[-55.7458,-22.4877],[-55.7462,-22.4878],[-55.7467,-22.4882],[-55.7465,-22.49],[-55.7458,-22.4896],[-55.7461,-22.4891],[-55.7461,-22.4884],[-55.7459,-22.4883],[-55.7451,-22.4894],[-55.7439,-22.4895],[-55.7439,-22.4908],[-55.7442,-22.491],[-55.744,-22.4914],[-55.7435,-22.4913],[-55.7436,-22.4909],[-55.7432,-22.4908],[-55.7427,-22.4903],[-55.7413,-22.4903],[-55.7411,-22.49],[-55.7406,-22.49],[-55.7404,-22.4903],[-55.7398,-22.4903],[-55.7397,-22.4905],[-55.7406,-22.4907],[-55.7406,-22.4925],[-55.7424,-22.4925],[-55.7426,-22.4922],[-55.7443,-22.4922],[-55.7445,-22.4925],[-55.7452,-22.4925],[-55.7454,-22.4919],[-55.746,-22.4919],[-55.7461,-22.4926],[-55.7456,-22.4928],[-55.7456,-22.4944],[-55.7459,-22.495],[-55.7465,-22.495],[-55.7469,-22.4954],[-55.7464,-22.4956],[-55.7467,-22.496],[-55.7467,-22.4967],[-55.7483,-22.4969],[-55.7483,-22.4964],[-55.7481,-22.496],[-55.7483,-22.4956],[-55.7481,-22.4954],[-55.7481,-22.4946],[-55.7491,-22.4942],[-55.7492,-22.4939],[-55.7485,-22.4939],[-55.7481,-22.4935],[-55.748,-22.4931],[-55.7475,-22.4929],[-55.7478,-22.4924]]],[[[-55.7417,-22.5847],[-55.7419,-22.5847],[-55.7419,-22.5842],[-55.7414,-22.5842],[-55.7417,-22.5847]]],[[[-55.7414,-22.5848],[-55.7403,-22.5847],[-55.7403,-22.5849],[-55.7409,-22.5849],[-55.7413,-22.5853],[-55.7414,-22.5848]]],[[[-55.7408,-22.5773],[-55.7406,-22.5772],[-55.7406,-22.5774],[-55.7408,-22.5775],[-55.7408,-22.5773]]],[[[-55.7408,-22.5894],[-55.7416,-22.5894],[-55.7419,-22.5891],[-55.7419,-22.5884],[-55.7411,-22.5875],[-55.7406,-22.5875],[-55.7406,-22.588],[-55.7411,-22.5885],[-55.7408,-22.5894]]],[[[-55.7411,-22.5192],[-55.7409,-22.5192],[-55.7408,-22.5194],[-55.7411,-22.5194],[-55.7411,-22.5192]]],[[[-55.7411,-22.5206],[-55.7409,-22.5206],[-55.7408,-22.5208],[-55.7411,-22.5208],[-55.7411,-22.5206]]],[[[-55.7417,-22.5781],[-55.7414,-22.5781],[-55.7414,-22.5783],[-55.7416,-22.5783],[-55.7417,-22.5781]]],[[[-55.7428,-22.557],[-55.7425,-22.5568],[-55.7427,-22.5561],[-55.7414,-22.5562],[-55.742,-22.5569],[-55.7424,-22.5569],[-55.7426,-22.5572],[-55.7428,-22.557]]],[[[-55.7431,-22.5787],[-55.7427,-22.5783],[-55.7422,-22.5784],[-55.7428,-22.5789],[-55.7431,-22.5787]]],[[[-55.7428,-22.5712],[-55.7426,-22.5711],[-55.7425,-22.5713],[-55.7427,-22.5714],[-55.7428,-22.5712]]],[[[-55.7444,-22.5106],[-55.7437,-22.5106],[-55.7436,-22.5111],[-55.7444,-22.5111],[-55.7444,-22.5106]]],[[[-55.7447,-22.5701],[-55.7439,-22.5703],[-55.7439,-22.5705],[-55.7444,-22.5706],[-55.7447,-22.5701]]],[[[-55.7474,-22.5064],[-55.7482,-22.5058],[-55.7484,-22.5061],[-55.7508,-22.5061],[-55.7508,-22.5056],[-55.7505,-22.5053],[-55.7501,-22.5056],[-55.7497,-22.5053],[-55.7482,-22.5053],[-55.7478,-22.5049],[-55.7478,-22.5039],[-55.7473,-22.5039],[-55.7472,-22.5057],[-55.7469,-22.5059],[-55.7469,-22.5062],[-55.7462,-22.5064],[-55.7454,-22.5072],[-55.7451,-22.5072],[-55.745,-22.5076],[-55.7442,-22.5087],[-55.7442,-22.5091],[-55.7448,-22.5097],[-55.7452,-22.5097],[-55.7456,-22.5094],[-55.7456,-22.509],[-55.7461,-22.5086],[-55.7461,-22.5082],[-55.7469,-22.5074],[-55.7469,-22.5065],[-55.7474,-22.5064]]],[[[-55.7447,-22.5809],[-55.7445,-22.5808],[-55.7444,-22.5811],[-55.7447,-22.5811],[-55.7447,-22.5809]]],[[[-55.7458,-22.6014],[-55.7455,-22.6011],[-55.7453,-22.6012],[-55.7456,-22.6017],[-55.7458,-22.6014]]],[[[-55.7489,-22.4766],[-55.7483,-22.4758],[-55.7478,-22.4758],[-55.7478,-22.4763],[-55.7482,-22.4767],[-55.7481,-22.4769],[-55.7464,-22.4769],[-55.7462,-22.4772],[-55.7456,-22.4773],[-55.7459,-22.4792],[-55.7472,-22.4792],[-55.7479,-22.4786],[-55.7497,-22.4789],[-55.7501,-22.4783],[-55.7512,-22.4783],[-55.7514,-22.4786],[-55.7517,-22.4786],[-55.7516,-22.4781],[-55.7485,-22.4781],[-55.7482,-22.4777],[-55.7482,-22.4769],[-55.7483,-22.4767],[-55.7489,-22.4766]]],[[[-55.7461,-22.5492],[-55.7459,-22.5492],[-55.7458,-22.5494],[-55.7461,-22.5494],[-55.7461,-22.5492]]],[[[-55.7475,-22.5562],[-55.7467,-22.5564],[-55.7468,-22.5569],[-55.7461,-22.5573],[-55.7462,-22.5578],[-55.7472,-22.5577],[-55.7468,-22.5567],[-55.7474,-22.5567],[-55.7475,-22.5562]]],[[[-55.7481,-22.5592],[-55.7478,-22.5592],[-55.7478,-22.5594],[-55.748,-22.5594],[-55.7481,-22.5592]]],[[[-55.7483,-22.5551],[-55.7481,-22.555],[-55.7478,-22.5555],[-55.748,-22.5556],[-55.7483,-22.5551]]],[[[-55.7483,-22.5478],[-55.7481,-22.5478],[-55.7481,-22.548],[-55.7483,-22.5481],[-55.7483,-22.5478]]],[[[-55.7489,-22.5612],[-55.7483,-22.5608],[-55.7481,-22.5609],[-55.7484,-22.5614],[-55.7488,-22.5614],[-55.7489,-22.5612]]],[[[-55.75,-22.5579],[-55.7503,-22.5576],[-55.7499,-22.5572],[-55.7492,-22.5569],[-55.7489,-22.5573],[-55.7489,-22.5577],[-55.7494,-22.5579],[-55.7495,-22.5586],[-55.75,-22.5586],[-55.75,-22.5579]]],[[[-55.7488,-22.5581],[-55.7481,-22.5583],[-55.7481,-22.5586],[-55.7486,-22.5586],[-55.7489,-22.5583],[-55.7488,-22.5581]]],[[[-55.7486,-22.5492],[-55.7486,-22.5489],[-55.7484,-22.5489],[-55.7483,-22.5491],[-55.7486,-22.5492]]],[[[-55.7486,-22.5139],[-55.7484,-22.5139],[-55.7483,-22.5141],[-55.7486,-22.5142],[-55.7486,-22.5139]]],[[[-55.7486,-22.5559],[-55.7483,-22.5559],[-55.7484,-22.5564],[-55.7486,-22.5563],[-55.7486,-22.5559]]],[[[-55.7492,-22.5467],[-55.7489,-22.5467],[-55.7489,-22.5469],[-55.7491,-22.5469],[-55.7492,-22.5467]]],[[[-55.7497,-22.5187],[-55.7495,-22.5186],[-55.7492,-22.5189],[-55.7492,-22.5194],[-55.7494,-22.5194],[-55.7497,-22.5187]]],[[[-55.7506,-22.497],[-55.7495,-22.4969],[-55.7494,-22.4977],[-55.7508,-22.4981],[-55.7508,-22.4973],[-55.7506,-22.497]]],[[[-55.7503,-22.5459],[-55.7501,-22.5458],[-55.75,-22.5461],[-55.7502,-22.5461],[-55.7503,-22.5459]]],[[[-55.7497,-22.5462],[-55.7495,-22.5461],[-55.7494,-22.5463],[-55.7497,-22.5464],[-55.7497,-22.5462]]],[[[-55.7497,-22.5483],[-55.7499,-22.5483],[-55.7503,-22.5478],[-55.7498,-22.5478],[-55.7497,-22.5483]]],[[[-55.7503,-22.5087],[-55.7498,-22.5086],[-55.7497,-22.5088],[-55.7502,-22.5089],[-55.7503,-22.5087]]],[[[-55.7542,-22.4746],[-55.7544,-22.4744],[-55.7544,-22.4742],[-55.7521,-22.4742],[-55.7519,-22.4739],[-55.7513,-22.4739],[-55.7508,-22.4733],[-55.75,-22.4734],[-55.7506,-22.474],[-55.7506,-22.4747],[-55.7542,-22.4746]]],[[[-55.7595,-22.5442],[-55.7578,-22.5462],[-55.7578,-22.5465],[-55.7572,-22.5467],[-55.7571,-22.5475],[-55.7561,-22.5476],[-55.7564,-22.5486],[-55.757,-22.5492],[-55.7575,-22.5491],[-55.7575,-22.5485],[-55.7586,-22.5474],[-55.7586,-22.5471],[-55.7592,-22.5466],[-55.7592,-22.5463],[-55.7606,-22.5447],[-55.7606,-22.5442],[-55.7595,-22.5442]]],[[[-55.7558,-22.5474],[-55.7549,-22.5464],[-55.7546,-22.5464],[-55.7533,-22.5453],[-55.7529,-22.5453],[-55.7527,-22.545],[-55.752,-22.545],[-55.752,-22.5456],[-55.7525,-22.5452],[-55.7539,-22.5463],[-55.7539,-22.5466],[-55.7542,-22.5468],[-55.7539,-22.5477],[-55.7544,-22.5477],[-55.7544,-22.5479],[-55.7538,-22.5483],[-55.7536,-22.5478],[-55.7528,-22.5469],[-55.7525,-22.5473],[-55.7525,-22.5476],[-55.7506,-22.5497],[-55.751,-22.5497],[-55.7514,-22.5503],[-55.7524,-22.5503],[-55.7524,-22.5495],[-55.7526,-22.5492],[-55.7531,-22.5491],[-55.7532,-22.5486],[-55.7537,-22.5489],[-55.7547,-22.5489],[-55.755,-22.5479],[-55.7554,-22.5475],[-55.7558,-22.5474]]],[[[-55.7531,-22.5494],[-55.7531,-22.5497],[-55.7533,-22.5497],[-55.7533,-22.5495],[-55.7531,-22.5494]]],[[[-55.7536,-22.5467],[-55.7534,-22.5467],[-55.7533,-22.5469],[-55.7536,-22.5469],[-55.7536,-22.5467]]],[[[-55.7514,-22.4948],[-55.7512,-22.4947],[-55.7511,-22.4949],[-55.7513,-22.495],[-55.7514,-22.4948]]],[[[-55.7521,-22.5769],[-55.7516,-22.5764],[-55.7511,-22.5764],[-55.7522,-22.5774],[-55.7523,-22.5778],[-55.7527,-22.5778],[-55.7528,-22.577],[-55.7521,-22.5769]]],[[[-55.7511,-22.4755],[-55.7514,-22.4758],[-55.7517,-22.4758],[-55.7516,-22.4753],[-55.7512,-22.4753],[-55.7511,-22.4755]]],[[[-55.7525,-22.5792],[-55.7522,-22.5789],[-55.7517,-22.5789],[-55.7514,-22.5797],[-55.7517,-22.58],[-55.7524,-22.58],[-55.7525,-22.5792]]],[[[-55.7539,-22.5056],[-55.752,-22.5064],[-55.7519,-22.5068],[-55.7514,-22.5073],[-55.7514,-22.5077],[-55.7516,-22.5078],[-55.7526,-22.5067],[-55.7536,-22.5064],[-55.7539,-22.5056]]],[[[-55.7517,-22.5442],[-55.7514,-22.5442],[-55.7514,-22.5444],[-55.7516,-22.5444],[-55.7517,-22.5442]]],[[[-55.7524,-22.4972],[-55.7524,-22.4969],[-55.7514,-22.497],[-55.7514,-22.4972],[-55.7524,-22.4972]]],[[[-55.7525,-22.4798],[-55.7522,-22.4794],[-55.7517,-22.4795],[-55.7517,-22.4801],[-55.7514,-22.4803],[-55.7514,-22.4817],[-55.7522,-22.4816],[-55.7525,-22.4798]]],[[[-55.7519,-22.5717],[-55.7517,-22.5717],[-55.7517,-22.5722],[-55.7519,-22.5722],[-55.7519,-22.5717]]],[[[-55.755,-22.5747],[-55.7549,-22.5739],[-55.7534,-22.5739],[-55.7533,-22.5743],[-55.7528,-22.5748],[-55.7528,-22.5758],[-55.7536,-22.5758],[-55.7549,-22.575],[-55.7552,-22.575],[-55.7553,-22.5748],[-55.755,-22.5747]]],[[[-55.7542,-22.5817],[-55.7534,-22.5819],[-55.7533,-22.5822],[-55.7541,-22.5822],[-55.7542,-22.5817]]],[[[-55.7547,-22.4945],[-55.7544,-22.4942],[-55.7536,-22.4942],[-55.7537,-22.4944],[-55.7543,-22.4944],[-55.7545,-22.4947],[-55.7547,-22.4945]]],[[[-55.7536,-22.4974],[-55.7551,-22.4975],[-55.7556,-22.4981],[-55.7564,-22.498],[-55.7564,-22.4973],[-55.7557,-22.4972],[-55.7555,-22.4969],[-55.7551,-22.4972],[-55.7547,-22.4969],[-55.7539,-22.4969],[-55.7536,-22.4974]]],[[[-55.7539,-22.4951],[-55.7536,-22.4951],[-55.7537,-22.4956],[-55.7539,-22.4955],[-55.7539,-22.4951]]],[[[-55.7594,-22.5839],[-55.7594,-22.5837],[-55.7592,-22.5836],[-55.7592,-22.5838],[-55.7594,-22.5839]]],[[[-55.7589,-22.5836],[-55.7588,-22.5833],[-55.7586,-22.5834],[-55.7587,-22.5836],[-55.7589,-22.5836]]],[[[-55.7583,-22.5833],[-55.7577,-22.5828],[-55.7575,-22.5831],[-55.7569,-22.5831],[-55.757,-22.5833],[-55.7583,-22.5833]]],[[[-55.7567,-22.583],[-55.7561,-22.5822],[-55.755,-22.582],[-55.7556,-22.5831],[-55.7567,-22.583]]],[[[-55.7556,-22.5503],[-55.7561,-22.5499],[-55.7561,-22.5497],[-55.7556,-22.5501],[-55.7556,-22.5503]]],[[[-55.7561,-22.4951],[-55.7556,-22.4951],[-55.7556,-22.4958],[-55.7561,-22.4958],[-55.7561,-22.4951]]],[[[-55.7561,-22.5453],[-55.7559,-22.5453],[-55.7558,-22.5455],[-55.7561,-22.5456],[-55.7561,-22.5453]]],[[[-55.7558,-22.5077],[-55.7562,-22.5081],[-55.7572,-22.5081],[-55.7572,-22.5073],[-55.7565,-22.5075],[-55.7562,-22.5072],[-55.7558,-22.5077]]],[[[-55.7569,-22.5817],[-55.7567,-22.5817],[-55.7567,-22.5819],[-55.7569,-22.5819],[-55.7569,-22.5817]]],[[[-55.7575,-22.5801],[-55.7573,-22.58],[-55.7569,-22.5805],[-55.7572,-22.5806],[-55.7575,-22.5801]]],[[[-55.7583,-22.5819],[-55.7583,-22.5817],[-55.7581,-22.5817],[-55.7581,-22.5819],[-55.7583,-22.5819]]],[[[-55.7583,-22.5801],[-55.7581,-22.58],[-55.7581,-22.5802],[-55.7583,-22.5803],[-55.7583,-22.5801]]],[[[-55.7603,-22.5539],[-55.7601,-22.5539],[-55.76,-22.5541],[-55.7602,-22.5542],[-55.7603,-22.5539]]],[[[-55.7619,-22.5586],[-55.7622,-22.5567],[-55.7617,-22.5567],[-55.7617,-22.5571],[-55.7606,-22.5581],[-55.7606,-22.5586],[-55.7611,-22.5586],[-55.7615,-22.5583],[-55.7619,-22.5586]]],[[[-55.7617,-22.5517],[-55.7614,-22.5517],[-55.7614,-22.5519],[-55.7616,-22.5519],[-55.7617,-22.5517]]],[[[-55.7644,-22.5848],[-55.7639,-22.5847],[-55.7639,-22.5849],[-55.7644,-22.585],[-55.7644,-22.5848]]],[[[-55.7656,-22.5594],[-55.7663,-22.5592],[-55.7667,-22.5587],[-55.7656,-22.5586],[-55.7653,-22.5591],[-55.7656,-22.5594]]],[[[-55.7681,-22.5864],[-55.7669,-22.5856],[-55.7658,-22.5853],[-55.7662,-22.5864],[-55.7672,-22.5863],[-55.7678,-22.5867],[-55.7681,-22.5864]]],[[[-55.7706,-22.5874],[-55.7702,-22.5869],[-55.77,-22.587],[-55.7703,-22.5875],[-55.7706,-22.5874]]],[[[-55.7719,-22.5878],[-55.7719,-22.5876],[-55.7717,-22.5875],[-55.7717,-22.5877],[-55.7719,-22.5878]]],[[[-55.7722,-22.5862],[-55.772,-22.5861],[-55.7719,-22.5863],[-55.7722,-22.5864],[-55.7722,-22.5862]]]]}},{"type":"Feature","properties":{"ano":1986},"geometry":{"type":"MultiPolygon","coordinates":[[[[-55.6805,-22.5858],[-55.6806,-22.5856],[-55.6803,-22.5856],[-55.6803,-22.5858],[-55.6805,-22.5858]]],[[[-55.6816,-22.5853],[-55.6817,-22.5851],[-55.6814,-22.585],[-55.6814,-22.5852],[-55.6816,-22.5853]]],[[[-55.6819,-22.5706],[-55.6817,-22.5706],[-55.6817,-22.5708],[-55.6819,-22.5708],[-55.6819,-22.5706]]],[[[-55.6819,-22.57],[-55.6819,-22.5698],[-55.6817,-22.5697],[-55.6817,-22.5699],[-55.6819,-22.57]]],[[[-55.6819,-22.5692],[-55.6819,-22.5689],[-55.6817,-22.5689],[-55.6817,-22.5691],[-55.6819,-22.5692]]],[[[-55.6827,-22.5842],[-55.6828,-22.5839],[-55.6826,-22.5839],[-55.6825,-22.5841],[-55.6827,-22.5842]]],[[[-55.6833,-22.5662],[-55.6831,-22.5661],[-55.6831,-22.5663],[-55.6833,-22.5664],[-55.6833,-22.5662]]],[[[-55.6828,-22.5664],[-55.6826,-22.5664],[-55.6825,-22.5666],[-55.6827,-22.5667],[-55.6828,-22.5664]]],[[[-55.6836,-22.5644],[-55.6836,-22.5642],[-55.6834,-22.5642],[-55.6833,-22.5644],[-55.6836,-22.5644]]],[[[-55.6842,-22.5617],[-55.6839,-22.5617],[-55.6839,-22.5619],[-55.6841,-22.5619],[-55.6842,-22.5617]]],[[[-55.6847,-22.5672],[-55.6847,-22.567],[-55.6845,-22.5669],[-55.6844,-22.5672],[-55.6847,-22.5672]]],[[[-55.6866,-22.5636],[-55.6866,-22.5633],[-55.6858,-22.5634],[-55.6859,-22.5636],[-55.6866,-22.5636]]],[[[-55.6875,-22.5614],[-55.687,-22.5614],[-55.6869,-22.5616],[-55.6874,-22.5617],[-55.6875,-22.5614]]],[[[-55.688,-22.5606],[-55.6881,-22.5603],[-55.6878,-22.5603],[-55.6878,-22.5605],[-55.688,-22.5606]]],[[[-55.6891,-22.5456],[-55.6892,-22.5453],[-55.6889,-22.5453],[-55.6889,-22.5455],[-55.6891,-22.5456]]],[[[-55.6892,-22.5462],[-55.6889,-22.5461],[-55.6889,-22.5463],[-55.6891,-22.5464],[-55.6892,-22.5462]]],[[[-55.6894,-22.5723],[-55.6892,-22.5722],[-55.6892,-22.5724],[-55.6894,-22.5725],[-55.6894,-22.5723]]],[[[-55.6903,-22.5587],[-55.6901,-22.5586],[-55.69,-22.5588],[-55.6902,-22.5589],[-55.6903,-22.5587]]],[[[-55.6911,-22.5581],[-55.6911,-22.5578],[-55.6909,-22.5578],[-55.6908,-22.558],[-55.6911,-22.5581]]],[[[-55.6919,-22.5903],[-55.6919,-22.5901],[-55.6917,-22.59],[-55.6917,-22.5902],[-55.6919,-22.5903]]],[[[-55.6947,-22.5451],[-55.6952,-22.545],[-55.6953,-22.5448],[-55.6948,-22.5447],[-55.6942,-22.5451],[-55.6933,-22.5448],[-55.6933,-22.5452],[-55.6939,-22.5456],[-55.6944,-22.5456],[-55.6947,-22.5451]]],[[[-55.6945,-22.5458],[-55.6944,-22.5461],[-55.6947,-22.5461],[-55.6947,-22.5459],[-55.6945,-22.5458]]],[[[-55.6953,-22.5564],[-55.6948,-22.5564],[-55.6947,-22.5566],[-55.6952,-22.5567],[-55.6953,-22.5564]]],[[[-55.6947,-22.5569],[-55.6944,-22.557],[-55.6945,-22.5572],[-55.6947,-22.5572],[-55.6947,-22.5569]]],[[[-55.695,-22.5478],[-55.6948,-22.5478],[-55.6947,-22.548],[-55.6949,-22.5481],[-55.695,-22.5478]]],[[[-55.6958,-22.5486],[-55.6958,-22.5484],[-55.6956,-22.5483],[-55.6956,-22.5486],[-55.6958,-22.5486]]],[[[-55.6961,-22.5503],[-55.6961,-22.5501],[-55.6959,-22.55],[-55.6958,-22.5502],[-55.6961,-22.5503]]],[[[-55.6963,-22.5606],[-55.6964,-22.5603],[-55.6959,-22.56],[-55.6958,-22.5602],[-55.6963,-22.5606]]],[[[-55.6964,-22.5564],[-55.6962,-22.5564],[-55.6961,-22.5566],[-55.6963,-22.5567],[-55.6964,-22.5564]]],[[[-55.6972,-22.5578],[-55.6974,-22.5575],[-55.698,-22.5575],[-55.6981,-22.5573],[-55.6977,-22.5569],[-55.6973,-22.5569],[-55.6967,-22.5576],[-55.6967,-22.5578],[-55.6972,-22.5578]]],[[[-55.6972,-22.5608],[-55.6972,-22.5606],[-55.697,-22.5606],[-55.6969,-22.5608],[-55.6972,-22.5608]]],[[[-55.6974,-22.575],[-55.6975,-22.5748],[-55.697,-22.5744],[-55.6969,-22.5747],[-55.6974,-22.575]]],[[[-55.6977,-22.5561],[-55.6978,-22.5559],[-55.697,-22.5553],[-55.6969,-22.5558],[-55.6977,-22.5561]]],[[[-55.7016,-22.5675],[-55.7017,-22.5673],[-55.7014,-22.5672],[-55.7014,-22.5674],[-55.7016,-22.5675]]],[[[-55.7022,-22.5586],[-55.7022,-22.5583],[-55.7017,-22.5584],[-55.7017,-22.5586],[-55.7022,-22.5586]]],[[[-55.7027,-22.5119],[-55.7028,-22.5117],[-55.7026,-22.5117],[-55.7025,-22.5119],[-55.7027,-22.5119]]],[[[-55.7027,-22.5553],[-55.7028,-22.5551],[-55.7026,-22.555],[-55.7025,-22.5552],[-55.7027,-22.5553]]],[[[-55.7033,-22.5034],[-55.7028,-22.5033],[-55.7028,-22.5036],[-55.7033,-22.5036],[-55.7033,-22.5034]]],[[[-55.7031,-22.5559],[-55.7028,-22.5558],[-55.7028,-22.5561],[-55.703,-22.5561],[-55.7031,-22.5559]]],[[[-55.7038,-22.5161],[-55.7039,-22.5156],[-55.7037,-22.5156],[-55.7036,-22.5161],[-55.7038,-22.5161]]],[[[-55.7058,-22.5459],[-55.7056,-22.5458],[-55.7053,-22.5462],[-55.7056,-22.5467],[-55.7058,-22.5466],[-55.7058,-22.5459]]],[[[-55.7058,-22.5492],[-55.7058,-22.5489],[-55.7056,-22.5489],[-55.7056,-22.5491],[-55.7058,-22.5492]]],[[[-55.7061,-22.5678],[-55.7061,-22.5676],[-55.7059,-22.5675],[-55.7058,-22.5677],[-55.7061,-22.5678]]],[[[-55.7066,-22.5497],[-55.7067,-22.5495],[-55.7064,-22.5494],[-55.7064,-22.5497],[-55.7066,-22.5497]]],[[[-55.7069,-22.5462],[-55.7064,-22.5461],[-55.7064,-22.5463],[-55.7069,-22.5464],[-55.7069,-22.5462]]],[[[-55.7069,-22.5067],[-55.7069,-22.5064],[-55.7067,-22.5064],[-55.7067,-22.5066],[-55.7069,-22.5067]]],[[[-55.7077,-22.5542],[-55.7077,-22.5539],[-55.707,-22.5542],[-55.7069,-22.5547],[-55.7072,-22.5547],[-55.7077,-22.5542]]],[[[-55.7074,-22.5583],[-55.7075,-22.5578],[-55.7073,-22.5578],[-55.7072,-22.5583],[-55.7074,-22.5583]]],[[[-55.7077,-22.5467],[-55.7078,-22.5464],[-55.7076,-22.5464],[-55.7075,-22.5466],[-55.7077,-22.5467]]],[[[-55.7081,-22.5556],[-55.7078,-22.5556],[-55.7078,-22.5558],[-55.708,-22.5558],[-55.7081,-22.5556]]],[[[-55.7117,-22.5159],[-55.7114,-22.5158],[-55.7114,-22.5161],[-55.7116,-22.5161],[-55.7117,-22.5159]]],[[[-55.7119,-22.5509],[-55.7117,-22.5508],[-55.7117,-22.5511],[-55.7119,-22.5511],[-55.7119,-22.5509]]],[[[-55.7131,-22.5211],[-55.7131,-22.5203],[-55.7126,-22.52],[-55.7125,-22.5205],[-55.7128,-22.5206],[-55.7128,-22.5211],[-55.7131,-22.5211]]],[[[-55.7125,-22.5212],[-55.7122,-22.5208],[-55.7119,-22.5209],[-55.712,-22.5214],[-55.7124,-22.5214],[-55.7125,-22.5212]]],[[[-55.7144,-22.5228],[-55.7138,-22.5222],[-55.7133,-22.5223],[-55.7134,-22.5225],[-55.7139,-22.5226],[-55.7139,-22.5231],[-55.7144,-22.5231],[-55.7144,-22.5228]]],[[[-55.7131,-22.5226],[-55.7126,-22.5225],[-55.7125,-22.5227],[-55.713,-22.5228],[-55.7131,-22.5226]]],[[[-55.713,-22.5189],[-55.7131,-22.5184],[-55.7128,-22.5183],[-55.7128,-22.5188],[-55.713,-22.5189]]],[[[-55.7152,-22.5347],[-55.7153,-22.5345],[-55.7151,-22.5344],[-55.715,-22.5347],[-55.7152,-22.5347]]],[[[-55.7153,-22.5228],[-55.7151,-22.5228],[-55.715,-22.523],[-55.7152,-22.5231],[-55.7153,-22.5228]]],[[[-55.7158,-22.5803],[-55.7161,-22.5799],[-55.7161,-22.5794],[-55.7156,-22.5794],[-55.7153,-22.5798],[-55.7158,-22.5803]]],[[[-55.7164,-22.5051],[-55.7159,-22.505],[-55.7158,-22.5055],[-55.7163,-22.5056],[-55.7164,-22.5051]]],[[[-55.7167,-22.5239],[-55.7164,-22.5239],[-55.7164,-22.5241],[-55.7166,-22.5242],[-55.7167,-22.5239]]],[[[-55.7236,-22.5042],[-55.7249,-22.5042],[-55.7251,-22.5039],[-55.7255,-22.5039],[-55.7256,-22.5031],[-55.7247,-22.5025],[-55.724,-22.5025],[-55.7233,-22.5017],[-55.7226,-22.5017],[-55.7222,-22.5008],[-55.7219,-22.5009],[-55.7219,-22.5016],[-55.7222,-22.5018],[-55.7223,-22.5025],[-55.7218,-22.5028],[-55.7211,-22.5021],[-55.7208,-22.5006],[-55.7203,-22.5006],[-55.7201,-22.5008],[-55.7196,-22.5008],[-55.7194,-22.5006],[-55.7169,-22.5006],[-55.7167,-22.5019],[-55.7174,-22.5017],[-55.7181,-22.5022],[-55.7189,-22.5024],[-55.7189,-22.5032],[-55.7186,-22.5034],[-55.7178,-22.5029],[-55.7177,-22.5025],[-55.7173,-22.5025],[-55.7169,-22.5028],[-55.7169,-22.5036],[-55.7172,-22.5038],[-55.7175,-22.5047],[-55.7181,-22.5053],[-55.7194,-22.5053],[-55.7194,-22.5058],[-55.7198,-22.5061],[-55.7244,-22.5064],[-55.7253,-22.5055],[-55.7252,-22.5053],[-55.7228,-22.5053],[-55.7227,-22.505],[-55.7232,-22.5044],[-55.7236,-22.5044],[-55.7236,-22.5042]],[[-55.7239,-22.5039],[-55.7233,-22.5039],[-55.7233,-22.5033],[-55.7237,-22.5033],[-55.7239,-22.5039]]],[[[-55.7181,-22.5367],[-55.7181,-22.5362],[-55.7176,-22.5361],[-55.7172,-22.5364],[-55.7172,-22.5372],[-55.7192,-22.5372],[-55.7191,-22.5369],[-55.7185,-22.5369],[-55.7181,-22.5367]]],[[[-55.7178,-22.5214],[-55.7176,-22.5214],[-55.7175,-22.5216],[-55.7177,-22.5217],[-55.7178,-22.5214]]],[[[-55.7183,-22.5167],[-55.7181,-22.5167],[-55.7181,-22.5169],[-55.7183,-22.5169],[-55.7183,-22.5167]]],[[[-55.7183,-22.5503],[-55.7181,-22.5503],[-55.7181,-22.5505],[-55.7183,-22.5506],[-55.7183,-22.5503]]],[[[-55.7189,-22.5362],[-55.7187,-22.5361],[-55.7186,-22.5363],[-55.7188,-22.5364],[-55.7189,-22.5362]]],[[[-55.7188,-22.4892],[-55.7189,-22.4889],[-55.7187,-22.4889],[-55.7186,-22.4891],[-55.7188,-22.4892]]],[[[-55.7186,-22.5197],[-55.7189,-22.52],[-55.7199,-22.52],[-55.7208,-22.5194],[-55.7208,-22.5187],[-55.7195,-22.5181],[-55.7194,-22.5186],[-55.7197,-22.519],[-55.7193,-22.5192],[-55.7191,-22.5189],[-55.7187,-22.5189],[-55.7186,-22.5197]]],[[[-55.7197,-22.5126],[-55.7191,-22.5122],[-55.7189,-22.5123],[-55.7192,-22.5128],[-55.7197,-22.5128],[-55.7197,-22.5126]]],[[[-55.72,-22.5689],[-55.7192,-22.5686],[-55.7192,-22.5694],[-55.7197,-22.5694],[-55.72,-22.5689]]],[[[-55.72,-22.5384],[-55.7198,-22.5383],[-55.7197,-22.5386],[-55.7199,-22.5386],[-55.72,-22.5384]]],[[[-55.7199,-22.5172],[-55.72,-22.517],[-55.7198,-22.5169],[-55.7197,-22.5172],[-55.7199,-22.5172]]],[[[-55.72,-22.4911],[-55.7206,-22.4906],[-55.7203,-22.4906],[-55.72,-22.4911]]],[[[-55.7208,-22.5431],[-55.7208,-22.5428],[-55.7206,-22.5428],[-55.7206,-22.543],[-55.7208,-22.5431]]],[[[-55.7208,-22.5164],[-55.7206,-22.5164],[-55.7206,-22.5166],[-55.7208,-22.5167],[-55.7208,-22.5164]]],[[[-55.7208,-22.5692],[-55.7206,-22.5692],[-55.7206,-22.5694],[-55.7208,-22.5694],[-55.7208,-22.5692]]],[[[-55.7211,-22.5322],[-55.7213,-22.5319],[-55.7219,-22.5322],[-55.7222,-22.5319],[-55.7222,-22.5314],[-55.7217,-22.5311],[-55.7212,-22.5317],[-55.7208,-22.5317],[-55.7208,-22.5322],[-55.7211,-22.5322]]],[[[-55.7211,-22.4923],[-55.7209,-22.4922],[-55.7208,-22.4924],[-55.7211,-22.4925],[-55.7211,-22.4923]]],[[[-55.7214,-22.5203],[-55.7212,-22.5203],[-55.7211,-22.5205],[-55.7213,-22.5206],[-55.7214,-22.5203]]],[[[-55.7219,-22.5239],[-55.7219,-22.5237],[-55.7217,-22.5236],[-55.7217,-22.5238],[-55.7219,-22.5239]]],[[[-55.7233,-22.5717],[-55.723,-22.5711],[-55.7225,-22.5712],[-55.7228,-22.5717],[-55.7233,-22.5717]]],[[[-55.7231,-22.5167],[-55.7228,-22.5167],[-55.7228,-22.5169],[-55.723,-22.5169],[-55.7231,-22.5167]]],[[[-55.7233,-22.5833],[-55.7233,-22.5831],[-55.7231,-22.5831],[-55.7231,-22.5833],[-55.7233,-22.5833]]],[[[-55.7264,-22.5145],[-55.7256,-22.5143],[-55.7255,-22.5133],[-55.7246,-22.5142],[-55.724,-22.5142],[-55.7239,-22.5137],[-55.7237,-22.5136],[-55.7236,-22.514],[-55.7231,-22.5142],[-55.7234,-22.5147],[-55.7249,-22.5147],[-55.7252,-22.5143],[-55.7256,-22.5147],[-55.7263,-22.5147],[-55.7264,-22.5145]]],[[[-55.7236,-22.5006],[-55.7236,-22.5003],[-55.7234,-22.5003],[-55.7233,-22.5005],[-55.7236,-22.5006]]],[[[-55.724,-22.4925],[-55.7244,-22.4936],[-55.7247,-22.4936],[-55.7247,-22.4928],[-55.7244,-22.4926],[-55.7244,-22.492],[-55.7239,-22.4919],[-55.7236,-22.4924],[-55.724,-22.4925]]],[[[-55.7253,-22.5316],[-55.7258,-22.5312],[-55.7256,-22.5311],[-55.7253,-22.5316]]],[[[-55.7276,-22.5183],[-55.7288,-22.5183],[-55.7289,-22.5176],[-55.7278,-22.5175],[-55.7275,-22.5179],[-55.7274,-22.5172],[-55.7271,-22.5175],[-55.7258,-22.5176],[-55.7258,-22.5186],[-55.7265,-22.5186],[-55.7272,-22.5193],[-55.7273,-22.5197],[-55.7277,-22.5197],[-55.7281,-22.5194],[-55.7277,-22.5189],[-55.7274,-22.5188],[-55.7276,-22.5183]]],[[[-55.7263,-22.5647],[-55.7264,-22.5645],[-55.7262,-22.5644],[-55.7261,-22.5647],[-55.7263,-22.5647]]],[[[-55.7269,-22.5295],[-55.7267,-22.5294],[-55.7264,-22.5298],[-55.7264,-22.5303],[-55.7269,-22.5299],[-55.7269,-22.5295]]],[[[-55.7269,-22.5281],[-55.7269,-22.5278],[-55.7267,-22.5278],[-55.7267,-22.528],[-55.7269,-22.5281]]],[[[-55.7277,-22.5286],[-55.7277,-22.5283],[-55.7272,-22.5284],[-55.7273,-22.5286],[-55.7277,-22.5286]]],[[[-55.7283,-22.5719],[-55.7283,-22.5717],[-55.7276,-22.5711],[-55.7275,-22.5713],[-55.7283,-22.5719]]],[[[-55.7281,-22.5034],[-55.7278,-22.5033],[-55.7278,-22.5036],[-55.728,-22.5036],[-55.7281,-22.5034]]],[[[-55.7289,-22.5295],[-55.7287,-22.5294],[-55.7286,-22.5297],[-55.7288,-22.5297],[-55.7289,-22.5295]]],[[[-55.7291,-22.5736],[-55.7292,-22.5734],[-55.7289,-22.5733],[-55.7289,-22.5736],[-55.7291,-22.5736]]],[[[-55.7297,-22.5719],[-55.7297,-22.5717],[-55.7295,-22.5717],[-55.7294,-22.5719],[-55.7297,-22.5719]]],[[[-55.7313,-22.5047],[-55.73,-22.5053],[-55.73,-22.5072],[-55.7308,-22.5074],[-55.7306,-22.5078],[-55.7308,-22.5094],[-55.7314,-22.5096],[-55.7314,-22.5105],[-55.7322,-22.5108],[-55.7322,-22.5103],[-55.7317,-22.5101],[-55.7317,-22.5093],[-55.7327,-22.5092],[-55.7333,-22.5086],[-55.7333,-22.5081],[-55.7331,-22.5079],[-55.7331,-22.507],[-55.7328,-22.5068],[-55.7331,-22.5062],[-55.7325,-22.5054],[-55.7324,-22.5047],[-55.7321,-22.505],[-55.7315,-22.505],[-55.7313,-22.5047]]],[[[-55.7322,-22.5128],[-55.7322,-22.5126],[-55.732,-22.5125],[-55.7319,-22.5127],[-55.7322,-22.5128]]],[[[-55.733,-22.5236],[-55.7331,-22.5234],[-55.7328,-22.5233],[-55.7328,-22.5236],[-55.733,-22.5236]]],[[[-55.7336,-22.5223],[-55.7334,-22.5222],[-55.7333,-22.5224],[-55.7336,-22.5225],[-55.7336,-22.5223]]],[[[-55.7347,-22.5195],[-55.7345,-22.5194],[-55.7344,-22.5197],[-55.7347,-22.5197],[-55.7347,-22.5195]]],[[[-55.7375,-22.5139],[-55.7369,-22.5133],[-55.7367,-22.5134],[-55.7369,-22.5138],[-55.7369,-22.5144],[-55.7374,-22.5144],[-55.7375,-22.5139]]],[[[-55.7364,-22.5133],[-55.7361,-22.5128],[-55.7353,-22.5128],[-55.7353,-22.5131],[-55.7364,-22.5133]]],[[[-55.7381,-22.497],[-55.7367,-22.4969],[-55.7367,-22.4977],[-55.738,-22.4972],[-55.7381,-22.497]]],[[[-55.7367,-22.5],[-55.7372,-22.4997],[-55.7372,-22.4994],[-55.7367,-22.4998],[-55.7367,-22.5]]],[[[-55.7378,-22.507],[-55.7376,-22.5069],[-55.7375,-22.5072],[-55.7377,-22.5072],[-55.7378,-22.507]]],[[[-55.7386,-22.4989],[-55.738,-22.4986],[-55.7375,-22.4987],[-55.7379,-22.4991],[-55.7378,-22.5011],[-55.7389,-22.5008],[-55.7388,-22.5006],[-55.7383,-22.5004],[-55.7383,-22.4993],[-55.7386,-22.4989]]],[[[-55.738,-22.5522],[-55.7381,-22.5514],[-55.7378,-22.5514],[-55.7378,-22.5522],[-55.738,-22.5522]]],[[[-55.7391,-22.4956],[-55.7392,-22.4953],[-55.7389,-22.4953],[-55.7389,-22.4955],[-55.7391,-22.4956]]],[[[-55.7394,-22.5501],[-55.7392,-22.55],[-55.7392,-22.5502],[-55.7394,-22.5503],[-55.7394,-22.5501]]],[[[-55.7397,-22.4903],[-55.7395,-22.4903],[-55.7394,-22.4905],[-55.7397,-22.4906],[-55.7397,-22.4903]]],[[[-55.7399,-22.4992],[-55.74,-22.4989],[-55.7398,-22.4989],[-55.7397,-22.4991],[-55.7399,-22.4992]]],[[[-55.7406,-22.4909],[-55.7403,-22.4908],[-55.7403,-22.4911],[-55.7405,-22.4911],[-55.7406,-22.4909]]],[[[-55.7413,-22.5511],[-55.7413,-22.5508],[-55.7408,-22.5509],[-55.7409,-22.5511],[-55.7413,-22.5511]]],[[[-55.7437,-22.4908],[-55.7433,-22.4913],[-55.7441,-22.4914],[-55.7442,-22.4909],[-55.7437,-22.4908]]],[[[-55.7441,-22.4925],[-55.7442,-22.4923],[-55.7439,-22.4922],[-55.7439,-22.4924],[-55.7441,-22.4925]]],[[[-55.7444,-22.5094],[-55.7444,-22.5092],[-55.7442,-22.5092],[-55.7442,-22.5094],[-55.7444,-22.5094]]],[[[-55.7452,-22.5631],[-55.7453,-22.5628],[-55.7451,-22.5628],[-55.745,-22.563],[-55.7452,-22.5631]]],[[[-55.7461,-22.5578],[-55.7461,-22.5576],[-55.7459,-22.5575],[-55.7458,-22.5577],[-55.7461,-22.5578]]],[[[-55.7463,-22.4864],[-55.7464,-22.4862],[-55.7462,-22.4861],[-55.7461,-22.4863],[-55.7463,-22.4864]]],[[[-55.7477,-22.5306],[-55.7481,-22.5302],[-55.748,-22.5297],[-55.7476,-22.5297],[-55.7472,-22.5301],[-55.7477,-22.5306]]],[[[-55.7477,-22.5669],[-55.7478,-22.5667],[-55.7476,-22.5667],[-55.7475,-22.5669],[-55.7477,-22.5669]]],[[[-55.748,-22.5653],[-55.7481,-22.5651],[-55.7478,-22.565],[-55.7478,-22.5652],[-55.748,-22.5653]]],[[[-55.7492,-22.5592],[-55.7488,-22.5589],[-55.7486,-22.5589],[-55.7489,-22.5594],[-55.7492,-22.5592]]],[[[-55.7483,-22.5588],[-55.7483,-22.5583],[-55.7487,-22.5582],[-55.7494,-22.5586],[-55.7494,-22.5578],[-55.7487,-22.5578],[-55.7485,-22.5581],[-55.7481,-22.5581],[-55.7481,-22.5588],[-55.7483,-22.5588]]],[[[-55.7522,-22.5497],[-55.7528,-22.5492],[-55.7526,-22.5492],[-55.7522,-22.5497]]]]}},{"type":"Feature","properties":{"ano":1987},"geometry":{"type":"MultiPolygon","coordinates":[[[[-55.6569,-22.6067],[-55.6567,-22.6067],[-55.6567,-22.6069],[-55.6569,-22.6069],[-55.6569,-22.6067]]],[[[-55.6739,-22.5909],[-55.6737,-22.5908],[-55.6736,-22.5911],[-55.6738,-22.5911],[-55.6739,-22.5909]]],[[[-55.6733,-22.5912],[-55.6731,-22.5911],[-55.6731,-22.5913],[-55.6733,-22.5914],[-55.6733,-22.5912]]],[[[-55.6756,-22.5905],[-55.6758,-22.5906],[-55.6758,-22.5901],[-55.6763,-22.59],[-55.6764,-22.5898],[-55.6756,-22.5897],[-55.6756,-22.5905]]],[[[-55.6816,-22.585],[-55.6825,-22.5841],[-55.6824,-22.5839],[-55.6814,-22.5849],[-55.6816,-22.585]]],[[[-55.6825,-22.5867],[-55.683,-22.5867],[-55.6831,-22.5862],[-55.6823,-22.5858],[-55.6819,-22.5862],[-55.6819,-22.5869],[-55.6824,-22.5869],[-55.6825,-22.5867]]],[[[-55.6825,-22.5709],[-55.6823,-22.5708],[-55.6822,-22.5711],[-55.6824,-22.5711],[-55.6825,-22.5709]]],[[[-55.6834,-22.5706],[-55.6839,-22.5705],[-55.6838,-22.57],[-55.6833,-22.5703],[-55.6834,-22.5706]]],[[[-55.6833,-22.5708],[-55.6831,-22.5709],[-55.6831,-22.5711],[-55.6833,-22.5711],[-55.6833,-22.5708]]],[[[-55.6839,-22.5651],[-55.6837,-22.565],[-55.6836,-22.5652],[-55.6838,-22.5653],[-55.6839,-22.5651]]],[[[-55.6833,-22.5653],[-55.6831,-22.5653],[-55.6831,-22.5658],[-55.6833,-22.5658],[-55.6833,-22.5653]]],[[[-55.6842,-22.562],[-55.6839,-22.5619],[-55.6839,-22.5622],[-55.6841,-22.5622],[-55.6842,-22.562]]],[[[-55.6844,-22.569],[-55.6847,-22.5688],[-55.6847,-22.5683],[-55.6842,-22.5689],[-55.6842,-22.5694],[-55.6844,-22.5694],[-55.6844,-22.569]]],[[[-55.6864,-22.5616],[-55.6867,-22.5619],[-55.6869,-22.5619],[-55.6871,-22.5614],[-55.688,-22.5617],[-55.6882,-22.5611],[-55.6888,-22.5611],[-55.6892,-22.5608],[-55.6892,-22.5603],[-55.6884,-22.5603],[-55.6879,-22.5606],[-55.6872,-22.5599],[-55.6872,-22.5594],[-55.6865,-22.5594],[-55.6863,-22.5589],[-55.6856,-22.5586],[-55.6856,-22.5591],[-55.6862,-22.5598],[-55.6861,-22.5612],[-55.6858,-22.5616],[-55.6864,-22.5616]]],[[[-55.6872,-22.5648],[-55.6869,-22.5648],[-55.687,-22.5658],[-55.6872,-22.5658],[-55.6872,-22.5648]]],[[[-55.6872,-22.5681],[-55.687,-22.5681],[-55.6869,-22.5683],[-55.6872,-22.5683],[-55.6872,-22.5681]]],[[[-55.6889,-22.5836],[-55.6894,-22.5833],[-55.6894,-22.5831],[-55.6889,-22.5834],[-55.6889,-22.5836]]],[[[-55.6903,-22.5859],[-55.6901,-22.5858],[-55.69,-22.5861],[-55.6902,-22.5861],[-55.6903,-22.5859]]],[[[-55.6897,-22.5862],[-55.6895,-22.5861],[-55.6894,-22.5863],[-55.6897,-22.5864],[-55.6897,-22.5862]]],[[[-55.6903,-22.5845],[-55.6901,-22.5844],[-55.69,-22.5847],[-55.6902,-22.5847],[-55.6903,-22.5845]]],[[[-55.6905,-22.5589],[-55.6911,-22.5583],[-55.6911,-22.5581],[-55.6906,-22.5581],[-55.6903,-22.5588],[-55.6905,-22.5589]]],[[[-55.6939,-22.5453],[-55.6937,-22.5453],[-55.6936,-22.5455],[-55.6938,-22.5456],[-55.6939,-22.5453]]],[[[-55.6936,-22.5574],[-55.6947,-22.5569],[-55.6947,-22.5564],[-55.6939,-22.5564],[-55.6936,-22.5574]]],[[[-55.6942,-22.5781],[-55.6939,-22.5781],[-55.6939,-22.5783],[-55.6941,-22.5783],[-55.6942,-22.5781]]],[[[-55.6947,-22.5448],[-55.6945,-22.5447],[-55.6944,-22.5449],[-55.6947,-22.545],[-55.6947,-22.5448]]],[[[-55.6951,-22.5469],[-55.6947,-22.5467],[-55.6948,-22.5472],[-55.6958,-22.5474],[-55.6958,-22.5469],[-55.6951,-22.5469]]],[[[-55.6956,-22.5484],[-55.695,-22.5484],[-55.6951,-22.5492],[-55.6955,-22.5492],[-55.6958,-22.5488],[-55.6956,-22.5484]]],[[[-55.6967,-22.5451],[-55.6964,-22.545],[-55.6964,-22.5452],[-55.6966,-22.5453],[-55.6967,-22.5451]]],[[[-55.6961,-22.5449],[-55.6961,-22.5444],[-55.6953,-22.5445],[-55.6953,-22.545],[-55.6961,-22.5449]]],[[[-55.6964,-22.5556],[-55.6959,-22.5556],[-55.6958,-22.5558],[-55.6963,-22.5558],[-55.6964,-22.5556]]],[[[-55.6967,-22.5567],[-55.6961,-22.5564],[-55.6958,-22.5564],[-55.6958,-22.5569],[-55.6962,-22.5572],[-55.6967,-22.5567]]],[[[-55.6986,-22.5601],[-55.6979,-22.56],[-55.6974,-22.5592],[-55.6968,-22.5597],[-55.6961,-22.5598],[-55.6961,-22.5602],[-55.6967,-22.5608],[-55.6976,-22.5603],[-55.6986,-22.5603],[-55.6986,-22.5601]]],[[[-55.6969,-22.5487],[-55.6967,-22.5486],[-55.6967,-22.5488],[-55.6969,-22.5489],[-55.6969,-22.5487]]],[[[-55.6983,-22.5476],[-55.6976,-22.5475],[-55.6975,-22.5477],[-55.6983,-22.5478],[-55.6983,-22.5476]]],[[[-55.6983,-22.5456],[-55.6978,-22.5459],[-55.6978,-22.5461],[-55.6983,-22.5461],[-55.6983,-22.5456]]],[[[-55.7014,-22.5526],[-55.7012,-22.5525],[-55.7011,-22.5527],[-55.7013,-22.5528],[-55.7014,-22.5526]]],[[[-55.7019,-22.5547],[-55.7028,-22.5544],[-55.7028,-22.5537],[-55.7017,-22.5536],[-55.7017,-22.5538],[-55.702,-22.5541],[-55.7019,-22.5547]]],[[[-55.7022,-22.5617],[-55.702,-22.5617],[-55.7019,-22.5619],[-55.7022,-22.5619],[-55.7022,-22.5617]]],[[[-55.7028,-22.5684],[-55.7025,-22.5684],[-55.7026,-22.5689],[-55.7028,-22.5688],[-55.7028,-22.5684]]],[[[-55.7033,-22.5562],[-55.7031,-22.5561],[-55.7031,-22.5563],[-55.7033,-22.5564],[-55.7033,-22.5562]]],[[[-55.703,-22.5558],[-55.7031,-22.5556],[-55.7028,-22.5556],[-55.7028,-22.5558],[-55.703,-22.5558]]],[[[-55.7039,-22.5462],[-55.7036,-22.5458],[-55.7033,-22.5459],[-55.7037,-22.5464],[-55.7039,-22.5462]]],[[[-55.7039,-22.5576],[-55.7037,-22.5575],[-55.7036,-22.5577],[-55.7038,-22.5578],[-55.7039,-22.5576]]],[[[-55.7042,-22.5648],[-55.7037,-22.5647],[-55.7036,-22.5649],[-55.7041,-22.565],[-55.7042,-22.5648]]],[[[-55.7042,-22.547],[-55.7039,-22.5469],[-55.7039,-22.5472],[-55.7041,-22.5472],[-55.7042,-22.547]]],[[[-55.7064,-22.5453],[-55.7061,-22.5453],[-55.7059,-22.5467],[-55.7064,-22.5463],[-55.7064,-22.5453]]],[[[-55.7056,-22.5461],[-55.7049,-22.5456],[-55.7042,-22.5456],[-55.7048,-22.5461],[-55.7056,-22.5461]]],[[[-55.7056,-22.5476],[-55.7053,-22.5476],[-55.7053,-22.5483],[-55.7058,-22.548],[-55.7056,-22.5476]]],[[[-55.705,-22.5484],[-55.7045,-22.5483],[-55.7044,-22.5486],[-55.7049,-22.5486],[-55.705,-22.5484]]],[[[-55.7064,-22.5053],[-55.7062,-22.5053],[-55.7061,-22.5055],[-55.7063,-22.5056],[-55.7064,-22.5053]]],[[[-55.7061,-22.505],[-55.7061,-22.5048],[-55.7059,-22.5047],[-55.7058,-22.5049],[-55.7061,-22.505]]],[[[-55.7072,-22.5495],[-55.707,-22.5494],[-55.7069,-22.5497],[-55.7072,-22.5497],[-55.7072,-22.5495]]],[[[-55.7072,-22.5592],[-55.707,-22.5592],[-55.7069,-22.5594],[-55.7072,-22.5594],[-55.7072,-22.5592]]],[[[-55.7075,-22.5469],[-55.7083,-22.5463],[-55.7083,-22.5461],[-55.7078,-22.5462],[-55.7075,-22.5469]]],[[[-55.7081,-22.5101],[-55.7078,-22.51],[-55.7078,-22.5102],[-55.708,-22.5103],[-55.7081,-22.5101]]],[[[-55.7106,-22.5503],[-55.7101,-22.5503],[-55.71,-22.5505],[-55.7105,-22.5506],[-55.7106,-22.5503]]],[[[-55.7117,-22.5637],[-55.7114,-22.5636],[-55.7114,-22.5638],[-55.7116,-22.5639],[-55.7117,-22.5637]]],[[[-55.7128,-22.5214],[-55.712,-22.5214],[-55.7119,-22.5216],[-55.7127,-22.5217],[-55.7128,-22.5214]]],[[[-55.7128,-22.5198],[-55.7126,-22.5197],[-55.7125,-22.5199],[-55.7127,-22.52],[-55.7128,-22.5198]]],[[[-55.7133,-22.5206],[-55.7131,-22.5206],[-55.7131,-22.5208],[-55.7133,-22.5208],[-55.7133,-22.5206]]],[[[-55.7136,-22.6053],[-55.7134,-22.6053],[-55.7133,-22.6055],[-55.7136,-22.6056],[-55.7136,-22.6053]]],[[[-55.7144,-22.5581],[-55.7142,-22.5581],[-55.7142,-22.5583],[-55.7144,-22.5583],[-55.7144,-22.5581]]],[[[-55.7139,-22.558],[-55.7138,-22.5578],[-55.7136,-22.5578],[-55.7137,-22.5581],[-55.7139,-22.558]]],[[[-55.7156,-22.5348],[-55.7151,-22.5347],[-55.715,-22.5349],[-55.7155,-22.535],[-55.7156,-22.5348]]],[[[-55.7156,-22.5581],[-55.7153,-22.5581],[-55.7153,-22.5583],[-55.7155,-22.5583],[-55.7156,-22.5581]]],[[[-55.7156,-22.5801],[-55.7153,-22.58],[-55.7153,-22.5802],[-55.7155,-22.5803],[-55.7156,-22.5801]]],[[[-55.7167,-22.5242],[-55.7164,-22.5242],[-55.7164,-22.5244],[-55.7166,-22.5244],[-55.7167,-22.5242]]],[[[-55.7169,-22.5814],[-55.7167,-22.5814],[-55.7167,-22.5819],[-55.7169,-22.5819],[-55.7169,-22.5814]]],[[[-55.7178,-22.5231],[-55.7174,-22.5228],[-55.7172,-22.5228],[-55.7176,-22.5233],[-55.7178,-22.5231]]],[[[-55.7172,-22.5225],[-55.7172,-22.5223],[-55.717,-22.5222],[-55.7169,-22.5224],[-55.7172,-22.5225]]],[[[-55.7181,-22.5506],[-55.7178,-22.5506],[-55.7178,-22.5508],[-55.718,-22.5508],[-55.7181,-22.5506]]],[[[-55.7183,-22.5239],[-55.7181,-22.5239],[-55.7181,-22.5241],[-55.7183,-22.5242],[-55.7183,-22.5239]]],[[[-55.7186,-22.5701],[-55.7183,-22.5701],[-55.7184,-22.5706],[-55.7186,-22.5705],[-55.7186,-22.5701]]],[[[-55.7189,-22.4873],[-55.7187,-22.4872],[-55.7186,-22.4874],[-55.7188,-22.4875],[-55.7189,-22.4873]]],[[[-55.7189,-22.5234],[-55.7187,-22.5233],[-55.7186,-22.5236],[-55.7188,-22.5236],[-55.7189,-22.5234]]],[[[-55.7194,-22.5688],[-55.7208,-22.5692],[-55.7208,-22.5678],[-55.7198,-22.5672],[-55.7192,-22.5678],[-55.7192,-22.5686],[-55.7194,-22.5688]]],[[[-55.7222,-22.5214],[-55.7217,-22.5214],[-55.7216,-22.5206],[-55.7211,-22.5206],[-55.7211,-22.5213],[-55.7214,-22.5217],[-55.7222,-22.5217],[-55.7222,-22.5214]]],[[[-55.7208,-22.5214],[-55.7201,-22.5214],[-55.7199,-22.5217],[-55.7195,-22.5217],[-55.7194,-22.5222],[-55.7208,-22.5228],[-55.7208,-22.5214]]],[[[-55.7203,-22.5812],[-55.7201,-22.5811],[-55.72,-22.5813],[-55.7202,-22.5814],[-55.7203,-22.5812]]],[[[-55.7199,-22.5808],[-55.72,-22.5806],[-55.7198,-22.5806],[-55.7197,-22.5808],[-55.7199,-22.5808]]],[[[-55.7203,-22.4901],[-55.7201,-22.49],[-55.72,-22.4902],[-55.7202,-22.4903],[-55.7203,-22.4901]]],[[[-55.7203,-22.5839],[-55.7201,-22.5839],[-55.72,-22.5841],[-55.7202,-22.5842],[-55.7203,-22.5839]]],[[[-55.7208,-22.4912],[-55.7206,-22.4911],[-55.7206,-22.4913],[-55.7208,-22.4914],[-55.7208,-22.4912]]],[[[-55.7211,-22.4901],[-55.7209,-22.49],[-55.7208,-22.4902],[-55.7211,-22.4903],[-55.7211,-22.4901]]],[[[-55.7208,-22.4897],[-55.7208,-22.4895],[-55.7206,-22.4894],[-55.7206,-22.4897],[-55.7208,-22.4897]]],[[[-55.7214,-22.5153],[-55.7212,-22.5153],[-55.7211,-22.5155],[-55.7213,-22.5156],[-55.7214,-22.5153]]],[[[-55.7211,-22.5158],[-55.7206,-22.5162],[-55.7206,-22.5164],[-55.7211,-22.5161],[-55.7211,-22.5158]]],[[[-55.7289,-22.5746],[-55.73,-22.5734],[-55.7296,-22.5731],[-55.7294,-22.572],[-55.7288,-22.5722],[-55.7284,-22.5719],[-55.7279,-22.5725],[-55.7275,-22.5725],[-55.7274,-22.5711],[-55.7267,-22.5714],[-55.7267,-22.5718],[-55.7257,-22.5728],[-55.7251,-22.5728],[-55.7247,-22.5721],[-55.7258,-22.5719],[-55.7261,-22.5716],[-55.7261,-22.5711],[-55.7253,-22.5711],[-55.7251,-22.5717],[-55.7247,-22.5715],[-55.7247,-22.5711],[-55.7234,-22.5711],[-55.7236,-22.5722],[-55.724,-22.5725],[-55.7239,-22.5728],[-55.7233,-22.5722],[-55.7229,-22.5722],[-55.7224,-22.5714],[-55.7219,-22.5717],[-55.7239,-22.5736],[-55.7244,-22.5736],[-55.7247,-22.5732],[-55.7251,-22.5736],[-55.7255,-22.5736],[-55.7272,-22.5719],[-55.7273,-22.5722],[-55.7269,-22.5726],[-55.7269,-22.5729],[-55.7264,-22.5731],[-55.7264,-22.5733],[-55.7268,-22.5733],[-55.727,-22.5736],[-55.728,-22.5736],[-55.7285,-22.5731],[-55.7287,-22.5731],[-55.7294,-22.5735],[-55.729,-22.5742],[-55.7287,-22.5742],[-55.7281,-22.5748],[-55.7281,-22.575],[-55.7288,-22.575],[-55.7289,-22.5746]]],[[[-55.7225,-22.5664],[-55.7223,-22.5664],[-55.7222,-22.5666],[-55.7224,-22.5667],[-55.7225,-22.5664]]],[[[-55.7228,-22.5259],[-55.7225,-22.5259],[-55.7226,-22.5264],[-55.7228,-22.5263],[-55.7228,-22.5259]]],[[[-55.7233,-22.523],[-55.7238,-22.5233],[-55.7247,-22.5224],[-55.7247,-22.522],[-55.7244,-22.5217],[-55.7228,-22.522],[-55.7228,-22.5222],[-55.7233,-22.5224],[-55.7233,-22.523]]],[[[-55.7236,-22.5239],[-55.7231,-22.5239],[-55.7231,-22.5241],[-55.7236,-22.5242],[-55.7236,-22.5239]]],[[[-55.7236,-22.5617],[-55.7234,-22.5617],[-55.7233,-22.5619],[-55.7236,-22.5619],[-55.7236,-22.5617]]],[[[-55.7246,-22.5639],[-55.7253,-22.5641],[-55.7253,-22.5637],[-55.7246,-22.563],[-55.7247,-22.5623],[-55.7245,-22.5622],[-55.7239,-22.5628],[-55.7239,-22.5631],[-55.7244,-22.5632],[-55.7243,-22.5636],[-55.7239,-22.5637],[-55.7239,-22.5641],[-55.7244,-22.5642],[-55.7246,-22.5639]]],[[[-55.7253,-22.5201],[-55.7251,-22.52],[-55.725,-22.5202],[-55.7252,-22.5203],[-55.7253,-22.5201]]],[[[-55.7269,-22.5756],[-55.7267,-22.5756],[-55.7267,-22.5751],[-55.7264,-22.5749],[-55.7267,-22.5742],[-55.7263,-22.5739],[-55.726,-22.5742],[-55.7253,-22.5742],[-55.725,-22.5745],[-55.7253,-22.575],[-55.7258,-22.5749],[-55.7264,-22.5753],[-55.7264,-22.5758],[-55.7269,-22.5758],[-55.7269,-22.5756]]],[[[-55.7261,-22.585],[-55.7253,-22.5853],[-55.7253,-22.5856],[-55.7261,-22.5855],[-55.7261,-22.585]]],[[[-55.7269,-22.5288],[-55.7272,-22.5288],[-55.7272,-22.5283],[-55.7267,-22.5284],[-55.7269,-22.5288]]],[[[-55.7267,-22.5289],[-55.7258,-22.5283],[-55.7253,-22.5284],[-55.7258,-22.529],[-55.7259,-22.5294],[-55.7266,-22.5292],[-55.7267,-22.5289]]],[[[-55.7264,-22.5606],[-55.7262,-22.5606],[-55.7261,-22.5608],[-55.7263,-22.5608],[-55.7264,-22.5606]]],[[[-55.7272,-22.5295],[-55.727,-22.5294],[-55.7269,-22.5297],[-55.7272,-22.5297],[-55.7272,-22.5295]]],[[[-55.7278,-22.5866],[-55.7274,-22.5861],[-55.7272,-22.5862],[-55.7276,-22.5867],[-55.7278,-22.5866]]],[[[-55.7275,-22.5601],[-55.7273,-22.56],[-55.7272,-22.5602],[-55.7274,-22.5603],[-55.7275,-22.5601]]],[[[-55.7283,-22.5059],[-55.7281,-22.5058],[-55.7281,-22.5061],[-55.7283,-22.5061],[-55.7283,-22.5059]]],[[[-55.7286,-22.5298],[-55.7284,-22.5297],[-55.7283,-22.5299],[-55.7286,-22.53],[-55.7286,-22.5298]]],[[[-55.7293,-22.502],[-55.7289,-22.5023],[-55.7289,-22.5027],[-55.7292,-22.5029],[-55.7292,-22.5036],[-55.7294,-22.5038],[-55.7294,-22.5044],[-55.7299,-22.5044],[-55.7306,-22.5039],[-55.73,-22.5037],[-55.73,-22.5026],[-55.7297,-22.5024],[-55.73,-22.5017],[-55.7297,-22.5015],[-55.7297,-22.5008],[-55.7289,-22.5009],[-55.7293,-22.502]]],[[[-55.73,-22.5051],[-55.7298,-22.505],[-55.7297,-22.5052],[-55.7299,-22.5053],[-55.73,-22.5051]]],[[[-55.7294,-22.5053],[-55.7292,-22.5053],[-55.7292,-22.5055],[-55.7294,-22.5056],[-55.7294,-22.5053]]],[[[-55.7301,-22.4844],[-55.7306,-22.4841],[-55.7306,-22.4831],[-55.7301,-22.4831],[-55.7294,-22.4836],[-55.73,-22.4838],[-55.7301,-22.4844]]],[[[-55.7301,-22.5719],[-55.7306,-22.5714],[-55.7301,-22.5711],[-55.7297,-22.5716],[-55.7301,-22.5719]]],[[[-55.7303,-22.4872],[-55.7311,-22.4864],[-55.7307,-22.4864],[-55.7302,-22.4858],[-55.7298,-22.4858],[-55.73,-22.4869],[-55.7303,-22.4872]]],[[[-55.7308,-22.5659],[-55.7306,-22.5658],[-55.7303,-22.5663],[-55.7305,-22.5664],[-55.7308,-22.5659]]],[[[-55.7311,-22.5009],[-55.7309,-22.5008],[-55.7308,-22.5011],[-55.7311,-22.5011],[-55.7311,-22.5009]]],[[[-55.7314,-22.5037],[-55.7311,-22.5037],[-55.7312,-22.5042],[-55.7314,-22.5041],[-55.7314,-22.5037]]],[[[-55.7319,-22.5099],[-55.7322,-22.5101],[-55.7322,-22.5108],[-55.7327,-22.5108],[-55.7328,-22.5098],[-55.732,-22.5097],[-55.7319,-22.5099]]],[[[-55.7339,-22.5193],[-55.7342,-22.5189],[-55.7338,-22.5186],[-55.7328,-22.5186],[-55.7328,-22.5193],[-55.7325,-22.5197],[-55.733,-22.5197],[-55.7332,-22.5194],[-55.7339,-22.5193]]],[[[-55.7333,-22.5764],[-55.7331,-22.5764],[-55.7331,-22.5766],[-55.7333,-22.5767],[-55.7333,-22.5764]]],[[[-55.7347,-22.5527],[-55.7344,-22.5522],[-55.7336,-22.5523],[-55.7337,-22.5525],[-55.7343,-22.5525],[-55.7345,-22.5528],[-55.7347,-22.5527]]],[[[-55.7344,-22.5142],[-55.7342,-22.5142],[-55.7342,-22.5144],[-55.7344,-22.5144],[-55.7344,-22.5142]]],[[[-55.7381,-22.4981],[-55.7367,-22.4981],[-55.7369,-22.4985],[-55.7367,-22.4994],[-55.737,-22.4997],[-55.7368,-22.5],[-55.7364,-22.5],[-55.7362,-22.5003],[-55.7347,-22.5003],[-55.7348,-22.5008],[-55.7356,-22.501],[-55.7353,-22.5022],[-55.7363,-22.5022],[-55.7374,-22.5014],[-55.7378,-22.5013],[-55.7378,-22.5004],[-55.7381,-22.5002],[-55.7378,-22.4999],[-55.7378,-22.4993],[-55.7381,-22.4989],[-55.7376,-22.4989],[-55.7375,-22.4985],[-55.738,-22.4983],[-55.7381,-22.4981]]],[[[-55.7364,-22.5544],[-55.7369,-22.5544],[-55.7369,-22.5539],[-55.7362,-22.5533],[-55.7358,-22.5538],[-55.7364,-22.5544]]],[[[-55.7372,-22.5596],[-55.7375,-22.5592],[-55.7369,-22.5587],[-55.7369,-22.5584],[-55.7362,-22.5578],[-55.7358,-22.5594],[-55.7362,-22.5597],[-55.7372,-22.5596]]],[[[-55.7367,-22.5039],[-55.7364,-22.5039],[-55.7364,-22.5041],[-55.7366,-22.5042],[-55.7367,-22.5039]]],[[[-55.7369,-22.5134],[-55.7373,-22.5139],[-55.7375,-22.5138],[-55.7374,-22.5133],[-55.7369,-22.5134]]],[[[-55.7367,-22.5133],[-55.7366,-22.5131],[-55.7364,-22.5131],[-55.7364,-22.5133],[-55.7367,-22.5133]]],[[[-55.7375,-22.5623],[-55.7373,-22.5622],[-55.7372,-22.5624],[-55.7374,-22.5625],[-55.7375,-22.5623]]],[[[-55.7375,-22.5634],[-55.7373,-22.5633],[-55.7372,-22.5636],[-55.7374,-22.5636],[-55.7375,-22.5634]]],[[[-55.7375,-22.4953],[-55.7373,-22.4953],[-55.7372,-22.4955],[-55.7374,-22.4956],[-55.7375,-22.4953]]],[[[-55.7386,-22.5653],[-55.7381,-22.5653],[-55.7378,-22.5658],[-55.7386,-22.5656],[-55.7386,-22.5653]]],[[[-55.7383,-22.552],[-55.7381,-22.5519],[-55.7381,-22.5522],[-55.7383,-22.5522],[-55.7383,-22.552]]],[[[-55.7437,-22.5582],[-55.7444,-22.5583],[-55.7444,-22.5581],[-55.7436,-22.5576],[-55.7433,-22.5564],[-55.743,-22.5561],[-55.7425,-22.5564],[-55.7424,-22.5569],[-55.7421,-22.5569],[-55.7411,-22.5558],[-55.7401,-22.5558],[-55.7399,-22.5556],[-55.7395,-22.5556],[-55.7389,-22.5562],[-55.7389,-22.5567],[-55.7395,-22.5566],[-55.7397,-22.5568],[-55.7389,-22.5578],[-55.7389,-22.5587],[-55.7386,-22.5589],[-55.7386,-22.5594],[-55.7389,-22.5596],[-55.7389,-22.5602],[-55.74,-22.5613],[-55.74,-22.5616],[-55.7403,-22.5619],[-55.7408,-22.5619],[-55.7411,-22.5616],[-55.741,-22.5612],[-55.7417,-22.5608],[-55.7417,-22.5603],[-55.7412,-22.5603],[-55.7407,-22.5608],[-55.7403,-22.5609],[-55.7397,-22.5604],[-55.7397,-22.5596],[-55.7408,-22.5593],[-55.7417,-22.56],[-55.7422,-22.56],[-55.7424,-22.5594],[-55.7433,-22.5591],[-55.7432,-22.5586],[-55.7437,-22.5582]],[[-55.7415,-22.5572],[-55.7415,-22.5578],[-55.7408,-22.5576],[-55.741,-22.5572],[-55.7415,-22.5572]],[[-55.7417,-22.5587],[-55.7413,-22.5589],[-55.7411,-22.5585],[-55.7415,-22.5583],[-55.7417,-22.5587]],[[-55.743,-22.5587],[-55.7425,-22.5585],[-55.7425,-22.5581],[-55.7431,-22.5583],[-55.743,-22.5587]]],[[[-55.7394,-22.5614],[-55.7389,-22.5614],[-55.7389,-22.5622],[-55.7394,-22.5622],[-55.7394,-22.5614]]],[[[-55.7397,-22.5151],[-55.7395,-22.515],[-55.7394,-22.5152],[-55.7397,-22.5153],[-55.7397,-22.5151]]],[[[-55.7392,-22.5149],[-55.7391,-22.5147],[-55.7389,-22.5148],[-55.7389,-22.515],[-55.7392,-22.5149]]],[[[-55.7397,-22.4962],[-55.7395,-22.4961],[-55.7394,-22.4963],[-55.7397,-22.4964],[-55.7397,-22.4962]]],[[[-55.74,-22.5759],[-55.7395,-22.5758],[-55.7394,-22.5761],[-55.7399,-22.5761],[-55.74,-22.5759]]],[[[-55.74,-22.577],[-55.7395,-22.5769],[-55.7394,-22.5772],[-55.7399,-22.5772],[-55.74,-22.577]]],[[[-55.7422,-22.5842],[-55.742,-22.5842],[-55.7419,-22.5844],[-55.7422,-22.5844],[-55.7422,-22.5842]]],[[[-55.7417,-22.5845],[-55.7412,-22.5844],[-55.7407,-22.585],[-55.7401,-22.585],[-55.7397,-22.5853],[-55.7397,-22.5858],[-55.7402,-22.5858],[-55.7404,-22.5856],[-55.7411,-22.5856],[-55.7414,-22.5852],[-55.7416,-22.5853],[-55.7417,-22.5845]]],[[[-55.7403,-22.4992],[-55.7401,-22.4992],[-55.74,-22.4994],[-55.7402,-22.4994],[-55.7403,-22.4992]]],[[[-55.7405,-22.4908],[-55.7406,-22.4906],[-55.7403,-22.4906],[-55.7403,-22.4908],[-55.7405,-22.4908]]],[[[-55.7419,-22.5784],[-55.7414,-22.5782],[-55.7413,-22.5778],[-55.7406,-22.5776],[-55.7409,-22.5783],[-55.7412,-22.5783],[-55.7414,-22.5786],[-55.7419,-22.5786],[-55.7419,-22.5784]]],[[[-55.7411,-22.5539],[-55.7406,-22.5539],[-55.7406,-22.5541],[-55.7411,-22.5542],[-55.7411,-22.5539]]],[[[-55.7422,-22.5511],[-55.7426,-22.5514],[-55.7428,-22.5513],[-55.7427,-22.5508],[-55.7423,-22.5508],[-55.7422,-22.5511]]],[[[-55.7436,-22.5703],[-55.7433,-22.5697],[-55.7428,-22.5697],[-55.7422,-22.5702],[-55.7427,-22.5703],[-55.7432,-22.57],[-55.7436,-22.5703]]],[[[-55.7433,-22.4906],[-55.7431,-22.4906],[-55.7431,-22.4908],[-55.7433,-22.4908],[-55.7433,-22.4906]]],[[[-55.7436,-22.5652],[-55.7438,-22.5653],[-55.7442,-22.5648],[-55.7437,-22.5647],[-55.7436,-22.5652]]],[[[-55.7453,-22.6012],[-55.7451,-22.6011],[-55.7447,-22.6014],[-55.7448,-22.6019],[-55.7453,-22.6016],[-55.7453,-22.6012]]],[[[-55.7453,-22.5656],[-55.7451,-22.5656],[-55.745,-22.5658],[-55.7452,-22.5658],[-55.7453,-22.5656]]],[[[-55.7458,-22.5618],[-55.7464,-22.5613],[-55.7463,-22.5611],[-55.7459,-22.5611],[-55.7456,-22.5614],[-55.7453,-22.5622],[-55.7458,-22.5622],[-55.7458,-22.5618]]],[[[-55.7472,-22.5579],[-55.7483,-22.5566],[-55.7483,-22.556],[-55.7489,-22.5558],[-55.7489,-22.5554],[-55.7494,-22.5549],[-55.7494,-22.5546],[-55.75,-22.5541],[-55.7499,-22.5539],[-55.7495,-22.5539],[-55.7487,-22.5547],[-55.7478,-22.5547],[-55.7472,-22.5553],[-55.7472,-22.556],[-55.7467,-22.5567],[-55.7469,-22.5571],[-55.7469,-22.5578],[-55.7459,-22.5578],[-55.7453,-22.5583],[-55.746,-22.5583],[-55.7466,-22.5589],[-55.7467,-22.5585],[-55.7472,-22.5583],[-55.7472,-22.5579]]],[[[-55.7458,-22.4856],[-55.7456,-22.4856],[-55.7456,-22.4858],[-55.7458,-22.4858],[-55.7458,-22.4856]]],[[[-55.7458,-22.5184],[-55.7456,-22.5183],[-55.7456,-22.5186],[-55.7458,-22.5186],[-55.7458,-22.5184]]],[[[-55.7458,-22.5262],[-55.7456,-22.5261],[-55.7456,-22.5263],[-55.7458,-22.5264],[-55.7458,-22.5262]]],[[[-55.7464,-22.477],[-55.7459,-22.4769],[-55.7458,-22.4772],[-55.7463,-22.4772],[-55.7464,-22.477]]],[[[-55.7475,-22.5276],[-55.7472,-22.5274],[-55.7472,-22.5264],[-55.7467,-22.5261],[-55.7469,-22.5268],[-55.7464,-22.5277],[-55.7469,-22.5281],[-55.7469,-22.5275],[-55.7473,-22.5278],[-55.7475,-22.5276]]],[[[-55.7475,-22.477],[-55.7473,-22.4769],[-55.7472,-22.4772],[-55.7474,-22.4772],[-55.7475,-22.477]]],[[[-55.7481,-22.5289],[-55.7477,-22.5286],[-55.7475,-22.5287],[-55.7478,-22.5292],[-55.7481,-22.5289]]],[[[-55.7483,-22.5612],[-55.7481,-22.5611],[-55.7478,-22.5617],[-55.7478,-22.5622],[-55.7483,-22.5622],[-55.7483,-22.5612]]],[[[-55.7494,-22.5462],[-55.7492,-22.5461],[-55.7492,-22.5463],[-55.7494,-22.5464],[-55.7494,-22.5462]]],[[[-55.7497,-22.5481],[-55.7492,-22.5486],[-55.7497,-22.5486],[-55.7497,-22.5481]]],[[[-55.75,-22.4939],[-55.7495,-22.4939],[-55.7494,-22.4941],[-55.7499,-22.4942],[-55.75,-22.4939]]],[[[-55.7544,-22.5476],[-55.7539,-22.5475],[-55.7542,-22.5472],[-55.7539,-22.5462],[-55.7531,-22.5457],[-55.7531,-22.5451],[-55.7528,-22.545],[-55.7525,-22.5453],[-55.7528,-22.5457],[-55.7528,-22.5462],[-55.7525,-22.5464],[-55.7519,-22.5479],[-55.7512,-22.5486],[-55.7506,-22.5486],[-55.75,-22.5491],[-55.7503,-22.5494],[-55.7508,-22.5494],[-55.7525,-22.5477],[-55.7525,-22.5474],[-55.7528,-22.5471],[-55.7536,-22.5479],[-55.7537,-22.5483],[-55.7541,-22.5483],[-55.7544,-22.548],[-55.7544,-22.5476]]],[[[-55.7536,-22.5486],[-55.7531,-22.5486],[-55.7528,-22.5492],[-55.7528,-22.5497],[-55.7531,-22.55],[-55.7533,-22.5499],[-55.7532,-22.5495],[-55.7542,-22.5491],[-55.7536,-22.5486]]],[[[-55.7506,-22.5417],[-55.7512,-22.5425],[-55.7515,-22.5422],[-55.7522,-22.5422],[-55.7525,-22.5412],[-55.7518,-22.5411],[-55.7514,-22.5408],[-55.7511,-22.5412],[-55.7511,-22.5415],[-55.7506,-22.5417]]],[[[-55.7517,-22.5434],[-55.7506,-22.5436],[-55.7506,-22.5438],[-55.7509,-22.5442],[-55.7516,-22.5442],[-55.7517,-22.5434]]],[[[-55.7514,-22.497],[-55.7506,-22.4969],[-55.7506,-22.4972],[-55.7511,-22.4975],[-55.7514,-22.497]]],[[[-55.7536,-22.4956],[-55.7536,-22.4942],[-55.7523,-22.4942],[-55.7522,-22.4946],[-55.7518,-22.495],[-55.7512,-22.495],[-55.7511,-22.4952],[-55.7527,-22.4953],[-55.7532,-22.495],[-55.7533,-22.4955],[-55.7536,-22.4956]]],[[[-55.7514,-22.5076],[-55.7512,-22.5075],[-55.7511,-22.5077],[-55.7513,-22.5078],[-55.7514,-22.5076]]],[[[-55.7531,-22.5059],[-55.7528,-22.5058],[-55.7528,-22.5061],[-55.753,-22.5061],[-55.7531,-22.5059]]],[[[-55.7525,-22.5062],[-55.752,-22.5061],[-55.7519,-22.5063],[-55.7524,-22.5064],[-55.7525,-22.5062]]],[[[-55.7528,-22.497],[-55.7526,-22.4969],[-55.7525,-22.4972],[-55.7527,-22.4972],[-55.7528,-22.497]]],[[[-55.755,-22.582],[-55.7544,-22.5817],[-55.7539,-22.5818],[-55.7533,-22.5814],[-55.7528,-22.5814],[-55.7528,-22.5819],[-55.7539,-22.5818],[-55.7545,-22.5825],[-55.7552,-22.5825],[-55.755,-22.582]]],[[[-55.7539,-22.5377],[-55.7536,-22.5372],[-55.7533,-22.5373],[-55.7537,-22.5378],[-55.7539,-22.5377]]],[[[-55.7544,-22.5512],[-55.7542,-22.5511],[-55.7542,-22.5513],[-55.7544,-22.5514],[-55.7544,-22.5512]]],[[[-55.755,-22.5751],[-55.7548,-22.575],[-55.7547,-22.5752],[-55.7549,-22.5753],[-55.755,-22.5751]]],[[[-55.7544,-22.5753],[-55.7542,-22.5753],[-55.7542,-22.5755],[-55.7544,-22.5756],[-55.7544,-22.5753]]],[[[-55.7561,-22.497],[-55.7556,-22.4969],[-55.7556,-22.4972],[-55.7561,-22.4972],[-55.7561,-22.497]]],[[[-55.7628,-22.5849],[-55.7635,-22.585],[-55.7637,-22.5853],[-55.7646,-22.5853],[-55.7648,-22.5856],[-55.7658,-22.5855],[-55.7658,-22.5853],[-55.7651,-22.5853],[-55.7649,-22.585],[-55.764,-22.585],[-55.7638,-22.5847],[-55.7615,-22.5842],[-55.7613,-22.5839],[-55.7603,-22.5839],[-55.7606,-22.5844],[-55.7615,-22.5844],[-55.7617,-22.5847],[-55.7626,-22.5847],[-55.7628,-22.5849]]],[[[-55.76,-22.5838],[-55.7599,-22.5836],[-55.7594,-22.5837],[-55.7595,-22.5839],[-55.76,-22.5838]]],[[[-55.7592,-22.5836],[-55.7591,-22.5833],[-55.7578,-22.5834],[-55.7578,-22.5836],[-55.7592,-22.5836]]],[[[-55.7575,-22.5833],[-55.7575,-22.5828],[-55.7569,-22.5824],[-55.7569,-22.5819],[-55.7564,-22.5819],[-55.7561,-22.5823],[-55.7567,-22.5831],[-55.7575,-22.5833]]],[[[-55.7567,-22.4976],[-55.7564,-22.4975],[-55.7564,-22.4977],[-55.7566,-22.4978],[-55.7567,-22.4976]]],[[[-55.7572,-22.5473],[-55.7564,-22.5472],[-55.7564,-22.5474],[-55.7569,-22.5478],[-55.7572,-22.5473]]],[[[-55.7608,-22.5534],[-55.7606,-22.5533],[-55.7606,-22.5536],[-55.7608,-22.5536],[-55.7608,-22.5534]]],[[[-55.7603,-22.5537],[-55.7601,-22.5536],[-55.7597,-22.5541],[-55.7599,-22.5542],[-55.7603,-22.5537]]],[[[-55.7597,-22.5544],[-55.7594,-22.5545],[-55.7595,-22.5547],[-55.7597,-22.5547],[-55.7597,-22.5544]]],[[[-55.7606,-22.5584],[-55.7603,-22.5583],[-55.7603,-22.5586],[-55.7605,-22.5586],[-55.7606,-22.5584]]],[[[-55.7617,-22.552],[-55.7612,-22.5519],[-55.7608,-22.5524],[-55.7612,-22.5528],[-55.7616,-22.5528],[-55.7617,-22.552]]],[[[-55.7617,-22.557],[-55.7614,-22.5569],[-55.7614,-22.5572],[-55.7616,-22.5572],[-55.7617,-22.557]]],[[[-55.7628,-22.5573],[-55.7626,-22.5572],[-55.7625,-22.5574],[-55.7627,-22.5575],[-55.7628,-22.5573]]],[[[-55.7622,-22.5576],[-55.7619,-22.5576],[-55.762,-22.5581],[-55.7622,-22.558],[-55.7622,-22.5576]]],[[[-55.7681,-22.5862],[-55.7677,-22.5858],[-55.7675,-22.5859],[-55.7678,-22.5864],[-55.7681,-22.5862]]],[[[-55.7722,-22.5876],[-55.7719,-22.5872],[-55.7713,-22.5872],[-55.7711,-22.5869],[-55.7703,-22.587],[-55.7706,-22.5875],[-55.7712,-22.5875],[-55.7714,-22.5878],[-55.7722,-22.5878],[-55.7722,-22.5876]]],[[[-55.77,-22.5869],[-55.7699,-22.5867],[-55.7697,-22.5867],[-55.7698,-22.5869],[-55.77,-22.5869]]],[[[-55.7808,-22.5901],[-55.7806,-22.59],[-55.7806,-22.5902],[-55.7808,-22.5903],[-55.7808,-22.5901]]],[[[-55.7828,-22.5906],[-55.7823,-22.5906],[-55.7822,-22.5908],[-55.7827,-22.5908],[-55.7828,-22.5906]]],[[[-55.7819,-22.5905],[-55.7819,-22.5901],[-55.7817,-22.59],[-55.7817,-22.5905],[-55.7819,-22.5905]]],[[[-55.7941,-22.5953],[-55.7942,-22.5951],[-55.7939,-22.595],[-55.7939,-22.5952],[-55.7941,-22.5953]]]]}},{"type":"Feature","properties":{"ano":1988},"geometry":{"type":"MultiPolygon","coordinates":[[[[-55.6442,-22.5452],[-55.6452,-22.5453],[-55.6453,-22.5445],[-55.6447,-22.5442],[-55.6439,-22.5442],[-55.6439,-22.5444],[-55.6443,-22.5447],[-55.6442,-22.5452]]],[[[-55.6761,-22.5897],[-55.6761,-22.5895],[-55.6759,-22.5894],[-55.6758,-22.5897],[-55.6761,-22.5897]]],[[[-55.6756,-22.5898],[-55.6753,-22.5898],[-55.6753,-22.5906],[-55.6756,-22.5905],[-55.6756,-22.5898]]],[[[-55.6806,-22.5853],[-55.6803,-22.5853],[-55.6803,-22.5855],[-55.6805,-22.5856],[-55.6806,-22.5853]]],[[[-55.6816,-22.5717],[-55.6817,-22.5714],[-55.6814,-22.5714],[-55.6814,-22.5716],[-55.6816,-22.5717]]],[[[-55.6816,-22.5847],[-55.6817,-22.5845],[-55.6814,-22.5844],[-55.6814,-22.5847],[-55.6816,-22.5847]]],[[[-55.6817,-22.5703],[-55.6814,-22.5703],[-55.6814,-22.5705],[-55.6816,-22.5706],[-55.6817,-22.5703]]],[[[-55.6825,-22.587],[-55.6823,-22.5869],[-55.6822,-22.5872],[-55.6824,-22.5872],[-55.6825,-22.587]]],[[[-55.6831,-22.5703],[-55.6826,-22.5703],[-55.6825,-22.5705],[-55.683,-22.5706],[-55.6831,-22.5703]]],[[[-55.6839,-22.5653],[-55.6836,-22.565],[-55.6831,-22.565],[-55.6828,-22.5653],[-55.6828,-22.5663],[-55.6831,-22.5663],[-55.683,-22.5656],[-55.6832,-22.5653],[-55.6836,-22.5654],[-55.6836,-22.5661],[-55.6838,-22.5661],[-55.6839,-22.5653]]],[[[-55.6839,-22.5631],[-55.6836,-22.5631],[-55.6837,-22.5636],[-55.6839,-22.5636],[-55.6839,-22.5631]]],[[[-55.6847,-22.5667],[-55.6839,-22.5667],[-55.6839,-22.5669],[-55.6847,-22.5669],[-55.6847,-22.5667]]],[[[-55.6852,-22.5683],[-55.6853,-22.5681],[-55.6845,-22.5675],[-55.6844,-22.5677],[-55.6852,-22.5683]]],[[[-55.6875,-22.5639],[-55.6872,-22.5639],[-55.6873,-22.5644],[-55.6875,-22.5644],[-55.6875,-22.5639]]],[[[-55.6869,-22.5638],[-55.6869,-22.5636],[-55.6867,-22.5637],[-55.6867,-22.5639],[-55.6869,-22.5638]]],[[[-55.6864,-22.5636],[-55.6863,-22.5633],[-55.6856,-22.5633],[-55.6854,-22.5636],[-55.6851,-22.5636],[-55.6847,-22.5641],[-55.6856,-22.5638],[-55.6861,-22.5639],[-55.6864,-22.5636]]],[[[-55.6858,-22.5592],[-55.6856,-22.5592],[-55.6856,-22.5594],[-55.6858,-22.5594],[-55.6858,-22.5592]]],[[[-55.6866,-22.5594],[-55.6867,-22.5589],[-55.6864,-22.5589],[-55.6864,-22.5594],[-55.6866,-22.5594]]],[[[-55.6863,-22.5597],[-55.6861,-22.5598],[-55.6862,-22.56],[-55.6864,-22.5599],[-55.6863,-22.5597]]],[[[-55.6869,-22.5683],[-55.6869,-22.5681],[-55.6867,-22.5681],[-55.6867,-22.5683],[-55.6869,-22.5683]]],[[[-55.6881,-22.5803],[-55.6878,-22.5803],[-55.6878,-22.5805],[-55.688,-22.5806],[-55.6881,-22.5803]]],[[[-55.6892,-22.5456],[-55.6891,-22.545],[-55.6881,-22.545],[-55.6878,-22.5453],[-55.6878,-22.5461],[-55.688,-22.5461],[-55.6885,-22.5456],[-55.6889,-22.5458],[-55.6892,-22.5456]]],[[[-55.6892,-22.5723],[-55.6881,-22.5725],[-55.6881,-22.5727],[-55.6894,-22.5728],[-55.6892,-22.5723]]],[[[-55.6892,-22.5592],[-55.6889,-22.5592],[-55.6889,-22.5594],[-55.6891,-22.5594],[-55.6892,-22.5592]]],[[[-55.6908,-22.5744],[-55.6908,-22.5739],[-55.6902,-22.5736],[-55.6892,-22.5737],[-55.6901,-22.5744],[-55.6908,-22.5744]]],[[[-55.6899,-22.5461],[-55.69,-22.5459],[-55.6898,-22.5458],[-55.6897,-22.5461],[-55.6899,-22.5461]]],[[[-55.6911,-22.5753],[-55.6911,-22.5751],[-55.6909,-22.575],[-55.6908,-22.5752],[-55.6911,-22.5753]]],[[[-55.6958,-22.5445],[-55.6931,-22.5444],[-55.6931,-22.5447],[-55.6944,-22.5453],[-55.6946,-22.5447],[-55.6958,-22.5447],[-55.6958,-22.5445]]],[[[-55.6941,-22.5456],[-55.6938,-22.5456],[-55.6936,-22.5453],[-55.6929,-22.5456],[-55.6927,-22.5453],[-55.6919,-22.5451],[-55.6919,-22.5455],[-55.6923,-22.5458],[-55.6932,-22.5458],[-55.6934,-22.5461],[-55.6937,-22.5461],[-55.6939,-22.5466],[-55.6944,-22.5469],[-55.6944,-22.5464],[-55.6947,-22.5462],[-55.6941,-22.5456]]],[[[-55.695,-22.5473],[-55.6931,-22.5472],[-55.6931,-22.5478],[-55.6928,-22.548],[-55.6933,-22.5483],[-55.6939,-22.548],[-55.6939,-22.5476],[-55.6942,-22.5474],[-55.6947,-22.5478],[-55.695,-22.5473]]],[[[-55.6948,-22.5481],[-55.6948,-22.5483],[-55.6953,-22.5483],[-55.6952,-22.5481],[-55.6948,-22.5481]]],[[[-55.6956,-22.5506],[-55.695,-22.5507],[-55.6947,-22.5503],[-55.6939,-22.5503],[-55.6939,-22.5508],[-55.6942,-22.5511],[-55.6955,-22.5511],[-55.6956,-22.5506]]],[[[-55.6953,-22.5595],[-55.6951,-22.5594],[-55.695,-22.5597],[-55.6952,-22.5597],[-55.6953,-22.5595]]],[[[-55.6956,-22.5559],[-55.6953,-22.5558],[-55.6953,-22.5561],[-55.6955,-22.5561],[-55.6956,-22.5559]]],[[[-55.6958,-22.5739],[-55.6958,-22.5737],[-55.6956,-22.5736],[-55.6956,-22.5738],[-55.6958,-22.5739]]],[[[-55.6961,-22.5551],[-55.6958,-22.5551],[-55.6959,-22.5556],[-55.6961,-22.5555],[-55.6961,-22.5551]]],[[[-55.6961,-22.5584],[-55.6959,-22.5583],[-55.6958,-22.5586],[-55.6961,-22.5586],[-55.6961,-22.5584]]],[[[-55.6967,-22.5492],[-55.6964,-22.5492],[-55.6964,-22.5494],[-55.6966,-22.5494],[-55.6967,-22.5492]]],[[[-55.6967,-22.577],[-55.6964,-22.5769],[-55.6964,-22.5772],[-55.6966,-22.5772],[-55.6967,-22.577]]],[[[-55.6969,-22.5574],[-55.6975,-22.5569],[-55.6975,-22.5564],[-55.6964,-22.5561],[-55.6964,-22.5574],[-55.6969,-22.5574]]],[[[-55.6969,-22.5597],[-55.6969,-22.5595],[-55.6967,-22.5594],[-55.6967,-22.5597],[-55.6969,-22.5597]]],[[[-55.6972,-22.5659],[-55.697,-22.5658],[-55.6969,-22.5661],[-55.6972,-22.5661],[-55.6972,-22.5659]]],[[[-55.6978,-22.5453],[-55.6976,-22.5456],[-55.6973,-22.5456],[-55.6972,-22.5458],[-55.698,-22.5458],[-55.6981,-22.5453],[-55.6978,-22.5453]]],[[[-55.6974,-22.5556],[-55.6975,-22.5553],[-55.6973,-22.5553],[-55.6972,-22.5555],[-55.6974,-22.5556]]],[[[-55.6981,-22.5478],[-55.6976,-22.5478],[-55.6975,-22.548],[-55.698,-22.5481],[-55.6981,-22.5478]]],[[[-55.6983,-22.5549],[-55.6992,-22.5547],[-55.6991,-22.5533],[-55.6987,-22.5536],[-55.6981,-22.5537],[-55.6981,-22.5544],[-55.6983,-22.5546],[-55.6983,-22.5549]]],[[[-55.6988,-22.5489],[-55.6989,-22.5487],[-55.6987,-22.5486],[-55.6986,-22.5488],[-55.6988,-22.5489]]],[[[-55.6992,-22.5495],[-55.6989,-22.5494],[-55.6989,-22.5497],[-55.6991,-22.5497],[-55.6992,-22.5495]]],[[[-55.7008,-22.5522],[-55.7008,-22.5514],[-55.7006,-22.5514],[-55.7,-22.5522],[-55.7008,-22.5522]]],[[[-55.7014,-22.568],[-55.7019,-22.5681],[-55.7019,-22.5678],[-55.7014,-22.5675],[-55.7014,-22.568]]],[[[-55.7016,-22.5533],[-55.7017,-22.5531],[-55.7014,-22.5531],[-55.7014,-22.5533],[-55.7016,-22.5533]]],[[[-55.7019,-22.5072],[-55.7019,-22.507],[-55.7017,-22.5069],[-55.7017,-22.5072],[-55.7019,-22.5072]]],[[[-55.7025,-22.5064],[-55.7023,-22.5064],[-55.7022,-22.5066],[-55.7024,-22.5067],[-55.7025,-22.5064]]],[[[-55.7039,-22.5578],[-55.7031,-22.5578],[-55.7031,-22.558],[-55.7036,-22.5581],[-55.7038,-22.5583],[-55.7039,-22.5578]]],[[[-55.7039,-22.5464],[-55.7037,-22.5464],[-55.7036,-22.5466],[-55.7038,-22.5467],[-55.7039,-22.5464]]],[[[-55.7047,-22.5439],[-55.7037,-22.5439],[-55.7036,-22.5441],[-55.7047,-22.5442],[-55.7047,-22.5439]]],[[[-55.7061,-22.5453],[-55.7053,-22.5454],[-55.705,-22.5451],[-55.7049,-22.5447],[-55.7042,-22.5447],[-55.7039,-22.5451],[-55.7042,-22.5456],[-55.7061,-22.5456],[-55.7061,-22.5453]]],[[[-55.7044,-22.5489],[-55.7044,-22.5487],[-55.7042,-22.5486],[-55.7042,-22.5488],[-55.7044,-22.5489]]],[[[-55.7061,-22.5489],[-55.7053,-22.5489],[-55.7053,-22.5494],[-55.7061,-22.5494],[-55.7061,-22.5489]]],[[[-55.7067,-22.5459],[-55.7064,-22.5458],[-55.7064,-22.5461],[-55.7066,-22.5461],[-55.7067,-22.5459]]],[[[-55.7074,-22.55],[-55.7075,-22.5498],[-55.7073,-22.5497],[-55.7072,-22.5499],[-55.7074,-22.55]]],[[[-55.7078,-22.5067],[-55.7076,-22.5067],[-55.7075,-22.5069],[-55.7077,-22.5069],[-55.7078,-22.5067]]],[[[-55.7083,-22.5103],[-55.7083,-22.5101],[-55.7081,-22.51],[-55.7081,-22.5102],[-55.7083,-22.5103]]],[[[-55.7116,-22.5111],[-55.7117,-22.5109],[-55.7114,-22.5108],[-55.7114,-22.5111],[-55.7116,-22.5111]]],[[[-55.7125,-22.5213],[-55.713,-22.5214],[-55.7131,-22.5212],[-55.7126,-22.5208],[-55.7125,-22.5213]]],[[[-55.7137,-22.558],[-55.7144,-22.5581],[-55.7147,-22.557],[-55.7142,-22.5569],[-55.7128,-22.5583],[-55.7137,-22.558]]],[[[-55.7133,-22.5206],[-55.7133,-22.5201],[-55.7131,-22.52],[-55.7131,-22.5205],[-55.7133,-22.5206]]],[[[-55.7146,-22.5067],[-55.7144,-22.5064],[-55.7139,-22.5064],[-55.7139,-22.5067],[-55.7144,-22.5068],[-55.7145,-22.5072],[-55.715,-22.5069],[-55.7149,-22.5067],[-55.7146,-22.5067]]],[[[-55.7147,-22.4889],[-55.7142,-22.4886],[-55.7139,-22.4889],[-55.7139,-22.4894],[-55.7147,-22.4892],[-55.7147,-22.4889]]],[[[-55.7164,-22.5514],[-55.7162,-22.5514],[-55.7161,-22.5516],[-55.7163,-22.5517],[-55.7164,-22.5514]]],[[[-55.7181,-22.5167],[-55.7178,-22.5167],[-55.7178,-22.5169],[-55.718,-22.5169],[-55.7181,-22.5167]]],[[[-55.7188,-22.5172],[-55.7189,-22.517],[-55.7187,-22.5169],[-55.7186,-22.5172],[-55.7188,-22.5172]]],[[[-55.7189,-22.5198],[-55.7187,-22.5197],[-55.7186,-22.5199],[-55.7188,-22.52],[-55.7189,-22.5198]]],[[[-55.7206,-22.5167],[-55.7197,-22.5157],[-55.7197,-22.5151],[-55.7195,-22.515],[-55.7194,-22.5166],[-55.7201,-22.5167],[-55.7203,-22.5169],[-55.7206,-22.5167]]],[[[-55.7217,-22.5214],[-55.7213,-22.5214],[-55.7208,-22.5208],[-55.72,-22.5212],[-55.7201,-22.5214],[-55.7207,-22.5214],[-55.7211,-22.5218],[-55.7211,-22.5224],[-55.7215,-22.523],[-55.7211,-22.5233],[-55.7215,-22.5233],[-55.7226,-22.5244],[-55.723,-22.5244],[-55.7231,-22.524],[-55.7236,-22.5239],[-55.7239,-22.5234],[-55.7233,-22.5229],[-55.7233,-22.5225],[-55.7226,-22.5225],[-55.7219,-22.5218],[-55.7222,-22.5213],[-55.7222,-22.5208],[-55.7217,-22.5209],[-55.7217,-22.5214]]],[[[-55.7211,-22.4906],[-55.7208,-22.4897],[-55.7203,-22.4901],[-55.7203,-22.4906],[-55.7211,-22.4906]]],[[[-55.7219,-22.4906],[-55.7217,-22.4906],[-55.7217,-22.4908],[-55.7219,-22.4908],[-55.7219,-22.4906]]],[[[-55.7224,-22.5261],[-55.7222,-22.5256],[-55.7217,-22.5256],[-55.722,-22.5261],[-55.7224,-22.5261]]],[[[-55.7225,-22.5317],[-55.7223,-22.5317],[-55.7222,-22.5319],[-55.7224,-22.5319],[-55.7225,-22.5317]]],[[[-55.7222,-22.5314],[-55.7222,-22.5312],[-55.722,-22.5311],[-55.7219,-22.5313],[-55.7222,-22.5314]]],[[[-55.7228,-22.4909],[-55.7226,-22.4908],[-55.7225,-22.4911],[-55.7227,-22.4911],[-55.7228,-22.4909]]],[[[-55.7233,-22.5714],[-55.7233,-22.5712],[-55.7231,-22.5711],[-55.7231,-22.5713],[-55.7233,-22.5714]]],[[[-55.725,-22.5727],[-55.7258,-22.5728],[-55.7267,-22.5717],[-55.7262,-22.5714],[-55.7257,-22.5719],[-55.7248,-22.5719],[-55.7247,-22.5724],[-55.725,-22.5727]]],[[[-55.7253,-22.5198],[-55.7251,-22.5197],[-55.725,-22.5199],[-55.7252,-22.52],[-55.7253,-22.5198]]],[[[-55.7255,-22.5283],[-55.7256,-22.5281],[-55.7253,-22.5281],[-55.7253,-22.5283],[-55.7255,-22.5283]]],[[[-55.7261,-22.5195],[-55.7259,-22.5194],[-55.7258,-22.5197],[-55.7261,-22.5197],[-55.7261,-22.5195]]],[[[-55.7261,-22.532],[-55.7259,-22.5319],[-55.7258,-22.5322],[-55.7261,-22.5322],[-55.7261,-22.532]]],[[[-55.7266,-22.5175],[-55.7266,-22.5169],[-55.7258,-22.517],[-55.7259,-22.5175],[-55.7266,-22.5175]]],[[[-55.7266,-22.5297],[-55.7269,-22.5291],[-55.7269,-22.5286],[-55.7264,-22.5287],[-55.7265,-22.5289],[-55.7261,-22.5292],[-55.7261,-22.5297],[-55.7266,-22.5297]]],[[[-55.7266,-22.5161],[-55.7267,-22.5151],[-55.7264,-22.515],[-55.7264,-22.5161],[-55.7266,-22.5161]]],[[[-55.7269,-22.5753],[-55.7264,-22.5753],[-55.7264,-22.5755],[-55.7269,-22.5756],[-55.7269,-22.5753]]],[[[-55.7286,-22.4989],[-55.7286,-22.4984],[-55.7283,-22.4982],[-55.7283,-22.4978],[-55.7278,-22.4978],[-55.7275,-22.4986],[-55.7278,-22.4989],[-55.7286,-22.4989]]],[[[-55.7281,-22.5603],[-55.7278,-22.5603],[-55.7278,-22.5605],[-55.728,-22.5606],[-55.7281,-22.5603]]],[[[-55.7283,-22.5292],[-55.7283,-22.5289],[-55.7281,-22.5289],[-55.7281,-22.5291],[-55.7283,-22.5292]]],[[[-55.7289,-22.5052],[-55.7297,-22.5053],[-55.73,-22.5048],[-55.7294,-22.5043],[-55.7294,-22.5037],[-55.7292,-22.5035],[-55.7289,-22.502],[-55.7287,-22.5019],[-55.7283,-22.5023],[-55.7283,-22.5027],[-55.7286,-22.5029],[-55.7286,-22.5036],[-55.7289,-22.5038],[-55.7289,-22.5052]]],[[[-55.7298,-22.5734],[-55.7286,-22.5751],[-55.7289,-22.5756],[-55.7294,-22.5755],[-55.7297,-22.5743],[-55.7306,-22.5736],[-55.7302,-22.5731],[-55.7298,-22.5731],[-55.7298,-22.5734]]],[[[-55.7302,-22.5672],[-55.7303,-22.5667],[-55.7301,-22.5667],[-55.73,-22.5672],[-55.7302,-22.5672]]],[[[-55.7305,-22.5044],[-55.7306,-22.5042],[-55.7303,-22.5042],[-55.7303,-22.5044],[-55.7305,-22.5044]]],[[[-55.7311,-22.5026],[-55.7306,-22.5025],[-55.7306,-22.5027],[-55.7309,-22.5031],[-55.7313,-22.5031],[-55.7311,-22.5026]]],[[[-55.7308,-22.4839],[-55.7306,-22.4839],[-55.7306,-22.4841],[-55.7308,-22.4842],[-55.7308,-22.4839]]],[[[-55.7311,-22.5006],[-55.7309,-22.5006],[-55.7308,-22.5008],[-55.7311,-22.5008],[-55.7311,-22.5006]]],[[[-55.7322,-22.5198],[-55.7317,-22.5197],[-55.7317,-22.5199],[-55.7322,-22.52],[-55.7322,-22.5198]]],[[[-55.732,-22.5022],[-55.7319,-22.5027],[-55.7324,-22.5031],[-55.7325,-22.5023],[-55.732,-22.5022]]],[[[-55.7322,-22.5109],[-55.732,-22.5108],[-55.7319,-22.5111],[-55.7322,-22.5111],[-55.7322,-22.5109]]],[[[-55.7325,-22.5014],[-55.732,-22.5014],[-55.7319,-22.5016],[-55.7324,-22.5017],[-55.7325,-22.5014]]],[[[-55.7327,-22.5239],[-55.7328,-22.5237],[-55.7326,-22.5236],[-55.7325,-22.5238],[-55.7327,-22.5239]]],[[[-55.7331,-22.5106],[-55.7328,-22.5106],[-55.7328,-22.5108],[-55.733,-22.5108],[-55.7331,-22.5106]]],[[[-55.7344,-22.5006],[-55.7341,-22.5003],[-55.7339,-22.5003],[-55.7342,-22.5008],[-55.7344,-22.5006]]],[[[-55.7353,-22.4867],[-55.7356,-22.4882],[-55.735,-22.4888],[-55.7355,-22.4892],[-55.7358,-22.4888],[-55.7361,-22.4867],[-55.7353,-22.4867]]],[[[-55.7356,-22.4984],[-55.7353,-22.4983],[-55.7353,-22.4986],[-55.7355,-22.4986],[-55.7356,-22.4984]]],[[[-55.7363,-22.4958],[-55.7364,-22.4956],[-55.7362,-22.4956],[-55.7361,-22.4958],[-55.7363,-22.4958]]],[[[-55.7369,-22.5133],[-55.7369,-22.5131],[-55.7367,-22.5131],[-55.7367,-22.5133],[-55.7369,-22.5133]]],[[[-55.7374,-22.5064],[-55.7375,-22.5062],[-55.7373,-22.5061],[-55.7372,-22.5063],[-55.7374,-22.5064]]],[[[-55.7378,-22.4953],[-55.7376,-22.4953],[-55.7375,-22.4955],[-55.7377,-22.4956],[-55.7378,-22.4953]]],[[[-55.7383,-22.5503],[-55.7381,-22.5503],[-55.7381,-22.5519],[-55.7386,-22.5513],[-55.7383,-22.5503]]],[[[-55.7394,-22.5083],[-55.7394,-22.5081],[-55.7389,-22.5081],[-55.7389,-22.5083],[-55.7394,-22.5083]]],[[[-55.74,-22.4901],[-55.7392,-22.49],[-55.7392,-22.4902],[-55.7399,-22.4903],[-55.74,-22.4901]]],[[[-55.7399,-22.4967],[-55.74,-22.4964],[-55.7398,-22.4964],[-55.7397,-22.4966],[-55.7399,-22.4967]]],[[[-55.7399,-22.5508],[-55.74,-22.5506],[-55.7398,-22.5506],[-55.7397,-22.5508],[-55.7399,-22.5508]]],[[[-55.7402,-22.4992],[-55.7403,-22.4989],[-55.7401,-22.4989],[-55.74,-22.4991],[-55.7402,-22.4992]]],[[[-55.743,-22.5589],[-55.7433,-22.5584],[-55.7423,-22.5581],[-55.7422,-22.5583],[-55.743,-22.5589]]],[[[-55.7442,-22.5561],[-55.7442,-22.5553],[-55.7449,-22.5553],[-55.745,-22.5548],[-55.7436,-22.5548],[-55.744,-22.5553],[-55.7439,-22.5556],[-55.7434,-22.5556],[-55.7431,-22.5562],[-55.7433,-22.5565],[-55.7434,-22.5572],[-55.7436,-22.5572],[-55.7436,-22.5565],[-55.7442,-22.5561]]],[[[-55.7428,-22.5561],[-55.7424,-22.5556],[-55.7422,-22.5556],[-55.7426,-22.5561],[-55.7428,-22.5561]]],[[[-55.7439,-22.5702],[-55.7436,-22.5697],[-55.7433,-22.5698],[-55.7437,-22.5703],[-55.7439,-22.5702]]],[[[-55.7441,-22.5692],[-55.7442,-22.5689],[-55.7439,-22.5689],[-55.7439,-22.5691],[-55.7441,-22.5692]]],[[[-55.7444,-22.4925],[-55.7444,-22.4923],[-55.7442,-22.4922],[-55.7442,-22.4924],[-55.7444,-22.4925]]],[[[-55.7444,-22.5086],[-55.7444,-22.5084],[-55.7442,-22.5083],[-55.7442,-22.5086],[-55.7444,-22.5086]]],[[[-55.745,-22.4895],[-55.7448,-22.4894],[-55.7447,-22.4897],[-55.7449,-22.4897],[-55.745,-22.4895]]],[[[-55.7456,-22.507],[-55.7453,-22.5069],[-55.7453,-22.5072],[-55.7455,-22.5072],[-55.7456,-22.507]]],[[[-55.7456,-22.5542],[-55.7453,-22.5542],[-55.7453,-22.5544],[-55.7455,-22.5544],[-55.7456,-22.5542]]],[[[-55.7458,-22.5578],[-55.7456,-22.5578],[-55.7456,-22.558],[-55.7458,-22.5581],[-55.7458,-22.5578]]],[[[-55.748,-22.5272],[-55.7481,-22.5267],[-55.7474,-22.5261],[-55.7459,-22.5261],[-55.7456,-22.5264],[-55.7456,-22.5269],[-55.747,-22.5281],[-55.7474,-22.5281],[-55.7475,-22.5286],[-55.7483,-22.5294],[-55.7489,-22.5288],[-55.7489,-22.5278],[-55.7475,-22.5278],[-55.7475,-22.5274],[-55.748,-22.5272]],[[-55.747,-22.5268],[-55.7472,-22.5269],[-55.7472,-22.5274],[-55.7468,-22.5275],[-55.7467,-22.5271],[-55.747,-22.5268]]],[[[-55.7463,-22.4769],[-55.7464,-22.4767],[-55.7462,-22.4767],[-55.7461,-22.4769],[-55.7463,-22.4769]]],[[[-55.7458,-22.477],[-55.7456,-22.4769],[-55.7456,-22.4772],[-55.7458,-22.4772],[-55.7458,-22.477]]],[[[-55.7461,-22.4963],[-55.7467,-22.4963],[-55.7467,-22.4959],[-55.7463,-22.4956],[-55.7461,-22.4956],[-55.7461,-22.4963]]],[[[-55.7469,-22.5059],[-55.7467,-22.5058],[-55.7467,-22.5061],[-55.7469,-22.5061],[-55.7469,-22.5059]]],[[[-55.7488,-22.5591],[-55.7492,-22.5588],[-55.7491,-22.5583],[-55.7487,-22.5583],[-55.7482,-22.5589],[-55.7478,-22.5589],[-55.7478,-22.5594],[-55.7472,-22.5599],[-55.748,-22.5606],[-55.7481,-22.5599],[-55.7486,-22.5597],[-55.7489,-22.5594],[-55.7488,-22.5591]]],[[[-55.7483,-22.5623],[-55.7481,-22.5622],[-55.7481,-22.5624],[-55.7483,-22.5625],[-55.7483,-22.5623]]],[[[-55.7497,-22.5545],[-55.7495,-22.5544],[-55.7494,-22.5547],[-55.7497,-22.5547],[-55.7497,-22.5545]]],[[[-55.7488,-22.5547],[-55.7494,-22.5541],[-55.7494,-22.5536],[-55.7489,-22.5536],[-55.7486,-22.5539],[-55.7486,-22.5543],[-55.7481,-22.5544],[-55.7481,-22.5547],[-55.7488,-22.5547]]],[[[-55.7514,-22.4942],[-55.7512,-22.4942],[-55.7511,-22.4944],[-55.7513,-22.4944],[-55.7514,-22.4942]]],[[[-55.7522,-22.5471],[-55.7525,-22.5469],[-55.7524,-22.5467],[-55.7519,-22.547],[-55.752,-22.5475],[-55.7522,-22.5474],[-55.7522,-22.5471]]],[[[-55.7564,-22.5176],[-55.7562,-22.5175],[-55.7561,-22.5177],[-55.7563,-22.5178],[-55.7564,-22.5176]]],[[[-55.7569,-22.5184],[-55.7567,-22.5184],[-55.7567,-22.5192],[-55.7569,-22.5191],[-55.7569,-22.5184]]],[[[-55.7586,-22.5803],[-55.7586,-22.5797],[-55.7575,-22.5798],[-55.7576,-22.5803],[-55.7586,-22.5803]]],[[[-55.7603,-22.5539],[-55.7608,-22.5538],[-55.7605,-22.5533],[-55.7603,-22.5534],[-55.7603,-22.5539]]],[[[-55.7602,-22.5542],[-55.76,-22.5542],[-55.7601,-22.5544],[-55.7603,-22.5544],[-55.7602,-22.5542]]],[[[-55.7625,-22.5576],[-55.7623,-22.5575],[-55.7622,-22.5577],[-55.7624,-22.5578],[-55.7625,-22.5576]]],[[[-55.7633,-22.5847],[-55.7633,-22.5845],[-55.7631,-22.5844],[-55.7631,-22.5847],[-55.7633,-22.5847]]],[[[-55.7949,-22.5956],[-55.7947,-22.595],[-55.7942,-22.5951],[-55.7945,-22.5956],[-55.7949,-22.5956]]]]}},{"type":"Feature","properties":{"ano":1989},"geometry":{"type":"MultiPolygon","coordinates":[[[[-55.6722,-22.5919],[-55.6717,-22.592],[-55.6717,-22.5927],[-55.672,-22.5931],[-55.6724,-22.5931],[-55.6728,-22.5924],[-55.6724,-22.5917],[-55.6722,-22.5919]]],[[[-55.675,-22.5901],[-55.6748,-22.59],[-55.6747,-22.5902],[-55.6749,-22.5903],[-55.675,-22.5901]]],[[[-55.6761,-22.5903],[-55.6761,-22.5901],[-55.6759,-22.59],[-55.6758,-22.5902],[-55.6761,-22.5903]]],[[[-55.6814,-22.5717],[-55.6812,-22.5717],[-55.6811,-22.5719],[-55.6813,-22.5719],[-55.6814,-22.5717]]],[[[-55.6831,-22.5715],[-55.6833,-22.5712],[-55.683,-22.5706],[-55.6826,-22.5706],[-55.6823,-22.5709],[-55.6814,-22.5706],[-55.6826,-22.5717],[-55.6831,-22.5715]]],[[[-55.6828,-22.5864],[-55.6825,-22.5864],[-55.6826,-22.5869],[-55.6828,-22.5869],[-55.6828,-22.5864]]],[[[-55.6822,-22.587],[-55.682,-22.5869],[-55.6819,-22.5872],[-55.6822,-22.5872],[-55.6822,-22.587]]],[[[-55.6831,-22.5656],[-55.6828,-22.5656],[-55.6828,-22.5658],[-55.683,-22.5658],[-55.6831,-22.5656]]],[[[-55.6836,-22.5645],[-55.6831,-22.5644],[-55.6831,-22.5649],[-55.6836,-22.565],[-55.6836,-22.5645]]],[[[-55.6836,-22.5873],[-55.6834,-22.5872],[-55.6833,-22.5874],[-55.6836,-22.5875],[-55.6836,-22.5873]]],[[[-55.6842,-22.5694],[-55.6839,-22.5701],[-55.6839,-22.5703],[-55.6844,-22.5702],[-55.6844,-22.5695],[-55.6842,-22.5694]]],[[[-55.6838,-22.5706],[-55.6836,-22.5706],[-55.6837,-22.5708],[-55.6839,-22.5708],[-55.6838,-22.5706]]],[[[-55.6845,-22.5592],[-55.6853,-22.5584],[-55.6847,-22.5581],[-55.6839,-22.5581],[-55.6842,-22.5588],[-55.6845,-22.5592]]],[[[-55.6844,-22.5594],[-55.6839,-22.5599],[-55.6842,-22.5601],[-55.6844,-22.561],[-55.684,-22.5614],[-55.6837,-22.5614],[-55.6837,-22.5617],[-55.6847,-22.5613],[-55.6847,-22.5598],[-55.6844,-22.5594]]],[[[-55.6867,-22.5651],[-55.6864,-22.5653],[-55.6864,-22.5667],[-55.6869,-22.5666],[-55.6869,-22.5649],[-55.6872,-22.5647],[-55.6872,-22.5639],[-55.6866,-22.5636],[-55.6856,-22.5636],[-55.6857,-22.5643],[-55.6848,-22.5642],[-55.6844,-22.5645],[-55.6844,-22.565],[-55.6839,-22.5653],[-55.6845,-22.5658],[-55.6844,-22.5662],[-55.6839,-22.5664],[-55.6839,-22.5666],[-55.6847,-22.5666],[-55.6846,-22.5656],[-55.685,-22.5652],[-55.6849,-22.5648],[-55.6851,-22.5644],[-55.6862,-22.5644],[-55.6867,-22.5651]]],[[[-55.6852,-22.5686],[-55.6852,-22.5683],[-55.6847,-22.5684],[-55.6848,-22.5686],[-55.6852,-22.5686]]],[[[-55.6856,-22.5608],[-55.6861,-22.5611],[-55.6861,-22.5595],[-55.6856,-22.5594],[-55.6856,-22.5608]]],[[[-55.6869,-22.5684],[-55.6867,-22.5683],[-55.6867,-22.5686],[-55.6869,-22.5686],[-55.6869,-22.5684]]],[[[-55.6883,-22.5801],[-55.687,-22.58],[-55.6869,-22.5802],[-55.6883,-22.5803],[-55.6883,-22.5801]]],[[[-55.6881,-22.5726],[-55.6875,-22.573],[-55.688,-22.5731],[-55.6881,-22.5726]]],[[[-55.6881,-22.5595],[-55.6876,-22.5594],[-55.6875,-22.5597],[-55.688,-22.5597],[-55.6881,-22.5595]]],[[[-55.6881,-22.5712],[-55.6878,-22.5712],[-55.6878,-22.5719],[-55.6881,-22.5719],[-55.6881,-22.5712]]],[[[-55.6884,-22.5464],[-55.6891,-22.5461],[-55.6892,-22.5459],[-55.6888,-22.5456],[-55.6884,-22.5456],[-55.6881,-22.5461],[-55.6884,-22.5464]]],[[[-55.6886,-22.5448],[-55.6884,-22.5447],[-55.6883,-22.5449],[-55.6886,-22.545],[-55.6886,-22.5448]]],[[[-55.6886,-22.5692],[-55.6883,-22.5692],[-55.6884,-22.5697],[-55.6886,-22.5697],[-55.6886,-22.5692]]],[[[-55.6892,-22.5803],[-55.6889,-22.5803],[-55.6889,-22.5805],[-55.6891,-22.5806],[-55.6892,-22.5803]]],[[[-55.6894,-22.5587],[-55.6892,-22.5586],[-55.6892,-22.5588],[-55.6894,-22.5589],[-55.6894,-22.5587]]],[[[-55.6905,-22.5586],[-55.6906,-22.5584],[-55.6903,-22.5583],[-55.6903,-22.5586],[-55.6905,-22.5586]]],[[[-55.6913,-22.5797],[-55.6913,-22.5792],[-55.6906,-22.5792],[-55.6906,-22.5797],[-55.6913,-22.5797]]],[[[-55.6911,-22.5764],[-55.6911,-22.5756],[-55.6909,-22.5756],[-55.6908,-22.5763],[-55.6911,-22.5764]]],[[[-55.6911,-22.5472],[-55.6916,-22.5472],[-55.6917,-22.547],[-55.6912,-22.5467],[-55.6911,-22.5472]]],[[[-55.6919,-22.5448],[-55.6914,-22.5447],[-55.6914,-22.5449],[-55.6919,-22.545],[-55.6919,-22.5448]]],[[[-55.6922,-22.5456],[-55.692,-22.5456],[-55.6919,-22.5458],[-55.6922,-22.5458],[-55.6922,-22.5456]]],[[[-55.6931,-22.5442],[-55.6928,-22.5442],[-55.6928,-22.5447],[-55.6931,-22.5447],[-55.6931,-22.5442]]],[[[-55.6931,-22.5567],[-55.6928,-22.5567],[-55.6928,-22.5569],[-55.693,-22.5569],[-55.6931,-22.5567]]],[[[-55.6939,-22.548],[-55.6944,-22.548],[-55.6944,-22.5469],[-55.6942,-22.5472],[-55.6936,-22.5473],[-55.6939,-22.548]]],[[[-55.6936,-22.5481],[-55.6934,-22.5481],[-55.6931,-22.5486],[-55.6936,-22.5486],[-55.6936,-22.5481]]],[[[-55.6933,-22.5472],[-55.6933,-22.5469],[-55.6931,-22.547],[-55.6931,-22.5472],[-55.6933,-22.5472]]],[[[-55.6949,-22.5594],[-55.695,-22.5589],[-55.6948,-22.5589],[-55.6947,-22.5594],[-55.6949,-22.5594]]],[[[-55.6967,-22.5595],[-55.6964,-22.5594],[-55.6964,-22.5597],[-55.6966,-22.5597],[-55.6967,-22.5595]]],[[[-55.6961,-22.5598],[-55.6953,-22.5597],[-55.6953,-22.5599],[-55.6961,-22.56],[-55.6961,-22.5598]]],[[[-55.6972,-22.5481],[-55.697,-22.5481],[-55.6969,-22.5483],[-55.6972,-22.5483],[-55.6972,-22.5481]]],[[[-55.6978,-22.5576],[-55.6976,-22.5575],[-55.6975,-22.5577],[-55.6977,-22.5578],[-55.6978,-22.5576]]],[[[-55.6981,-22.5409],[-55.6978,-22.5408],[-55.6978,-22.5411],[-55.698,-22.5411],[-55.6981,-22.5409]]],[[[-55.6986,-22.5598],[-55.6978,-22.5597],[-55.6978,-22.5599],[-55.6983,-22.5603],[-55.6986,-22.5598]]],[[[-55.6986,-22.5478],[-55.6981,-22.5478],[-55.6981,-22.548],[-55.6986,-22.5481],[-55.6986,-22.5478]]],[[[-55.7,-22.552],[-55.6998,-22.5519],[-55.6997,-22.5522],[-55.6999,-22.5522],[-55.7,-22.552]]],[[[-55.7006,-22.5687],[-55.7003,-22.5686],[-55.7003,-22.5688],[-55.7005,-22.5689],[-55.7006,-22.5687]]],[[[-55.7008,-22.5517],[-55.7006,-22.5517],[-55.7006,-22.5525],[-55.7008,-22.5524],[-55.7008,-22.5517]]],[[[-55.7011,-22.5681],[-55.7014,-22.5677],[-55.7013,-22.5672],[-55.7006,-22.5678],[-55.7006,-22.5681],[-55.7011,-22.5681]]],[[[-55.7014,-22.5528],[-55.7012,-22.5528],[-55.7011,-22.553],[-55.7013,-22.5531],[-55.7014,-22.5528]]],[[[-55.7022,-22.5539],[-55.7017,-22.5539],[-55.7017,-22.5541],[-55.7022,-22.5542],[-55.7022,-22.5539]]],[[[-55.7025,-22.5687],[-55.7023,-22.5686],[-55.7022,-22.5688],[-55.7024,-22.5689],[-55.7025,-22.5687]]],[[[-55.7028,-22.5023],[-55.7026,-22.5022],[-55.7025,-22.5024],[-55.7027,-22.5025],[-55.7028,-22.5023]]],[[[-55.7036,-22.5581],[-55.7036,-22.5572],[-55.7033,-22.5573],[-55.7033,-22.5579],[-55.703,-22.5575],[-55.7028,-22.5576],[-55.7028,-22.5581],[-55.7036,-22.5581]]],[[[-55.7033,-22.5064],[-55.7031,-22.5064],[-55.7031,-22.5066],[-55.7033,-22.5067],[-55.7033,-22.5064]]],[[[-55.7036,-22.5464],[-55.7036,-22.5462],[-55.7034,-22.5461],[-55.7033,-22.5463],[-55.7036,-22.5464]]],[[[-55.7069,-22.5459],[-55.7068,-22.5456],[-55.7072,-22.5452],[-55.7072,-22.5444],[-55.7062,-22.5444],[-55.706,-22.5447],[-55.7056,-22.5447],[-55.7056,-22.545],[-55.705,-22.5451],[-55.7051,-22.5458],[-55.7057,-22.5458],[-55.7059,-22.5461],[-55.7064,-22.5457],[-55.7067,-22.5461],[-55.7069,-22.5459]],[[-55.7064,-22.5454],[-55.7061,-22.5457],[-55.7061,-22.5453],[-55.7064,-22.5454]]],[[[-55.7049,-22.5447],[-55.7053,-22.5444],[-55.7052,-22.5436],[-55.7036,-22.5437],[-55.7036,-22.5444],[-55.7039,-22.545],[-55.7043,-22.5447],[-55.7049,-22.5447]],[[-55.7043,-22.5439],[-55.7047,-22.5439],[-55.7046,-22.5442],[-55.7043,-22.5439]]],[[[-55.7042,-22.5481],[-55.7039,-22.5481],[-55.7039,-22.5483],[-55.7041,-22.5483],[-55.7042,-22.5481]]],[[[-55.7053,-22.5492],[-55.7048,-22.5492],[-55.7047,-22.5494],[-55.7052,-22.5494],[-55.7053,-22.5492]]],[[[-55.7053,-22.5481],[-55.705,-22.5481],[-55.7051,-22.5486],[-55.7053,-22.5486],[-55.7053,-22.5481]]],[[[-55.7053,-22.5683],[-55.7058,-22.568],[-55.7058,-22.5678],[-55.7053,-22.5681],[-55.7053,-22.5683]]],[[[-55.7067,-22.5487],[-55.7064,-22.5486],[-55.7061,-22.5489],[-55.7062,-22.5497],[-55.7067,-22.5491],[-55.7067,-22.5487]]],[[[-55.7067,-22.5512],[-55.7064,-22.5511],[-55.7064,-22.5513],[-55.7066,-22.5514],[-55.7067,-22.5512]]],[[[-55.7069,-22.5089],[-55.7067,-22.5089],[-55.7067,-22.5091],[-55.7069,-22.5092],[-55.7069,-22.5089]]],[[[-55.7074,-22.5578],[-55.7075,-22.5576],[-55.7073,-22.5575],[-55.7072,-22.5577],[-55.7074,-22.5578]]],[[[-55.7078,-22.507],[-55.7076,-22.5069],[-55.7075,-22.5072],[-55.7077,-22.5072],[-55.7078,-22.507]]],[[[-55.7083,-22.5459],[-55.7078,-22.5458],[-55.7078,-22.5461],[-55.7083,-22.5461],[-55.7083,-22.5459]]],[[[-55.71,-22.5098],[-55.7094,-22.5098],[-55.7095,-22.5106],[-55.7099,-22.5106],[-55.7103,-22.5102],[-55.71,-22.5098]]],[[[-55.7122,-22.5131],[-55.7122,-22.5126],[-55.712,-22.5125],[-55.7119,-22.513],[-55.7122,-22.5131]]],[[[-55.7128,-22.5142],[-55.7123,-22.5139],[-55.7119,-22.5142],[-55.712,-22.5147],[-55.7128,-22.5147],[-55.7128,-22.5142]]],[[[-55.7131,-22.5181],[-55.7128,-22.5181],[-55.7128,-22.5183],[-55.713,-22.5183],[-55.7131,-22.5181]]],[[[-55.7131,-22.5223],[-55.7128,-22.5222],[-55.7128,-22.5224],[-55.713,-22.5225],[-55.7131,-22.5223]]],[[[-55.7139,-22.5203],[-55.7136,-22.5203],[-55.7136,-22.5198],[-55.7132,-22.5195],[-55.7133,-22.5189],[-55.7131,-22.5189],[-55.7132,-22.5195],[-55.7128,-22.5198],[-55.7128,-22.5202],[-55.7133,-22.52],[-55.7134,-22.5202],[-55.7131,-22.5211],[-55.7138,-22.5208],[-55.7139,-22.5203]]],[[[-55.715,-22.507],[-55.7148,-22.5069],[-55.7144,-22.5074],[-55.7147,-22.5075],[-55.715,-22.507]]],[[[-55.7153,-22.5576],[-55.7148,-22.5572],[-55.7144,-22.5576],[-55.7144,-22.558],[-55.7148,-22.5583],[-55.7152,-22.5583],[-55.7153,-22.5576]]],[[[-55.7158,-22.5598],[-55.7153,-22.5597],[-55.7153,-22.5599],[-55.7158,-22.56],[-55.7158,-22.5598]]],[[[-55.7166,-22.5792],[-55.7167,-22.5789],[-55.7164,-22.5789],[-55.7164,-22.5791],[-55.7166,-22.5792]]],[[[-55.7185,-22.5181],[-55.7187,-22.5183],[-55.7189,-22.5183],[-55.7189,-22.5178],[-55.7182,-22.5178],[-55.718,-22.5175],[-55.7181,-22.517],[-55.7176,-22.5167],[-55.7175,-22.5174],[-55.717,-22.5175],[-55.7169,-22.5177],[-55.7173,-22.5181],[-55.7185,-22.5181]]],[[[-55.7175,-22.5231],[-55.717,-22.5231],[-55.7169,-22.5233],[-55.7174,-22.5233],[-55.7175,-22.5231]]],[[[-55.7172,-22.5122],[-55.7174,-22.5122],[-55.7178,-22.5117],[-55.7173,-22.5117],[-55.7172,-22.5122]]],[[[-55.7194,-22.5217],[-55.7189,-22.5218],[-55.7186,-22.5214],[-55.7183,-22.5214],[-55.7187,-22.5219],[-55.7194,-22.5219],[-55.7194,-22.5217]]],[[[-55.7189,-22.5356],[-55.7187,-22.5356],[-55.7186,-22.5358],[-55.7188,-22.5358],[-55.7189,-22.5356]]],[[[-55.7186,-22.5205],[-55.7188,-22.5206],[-55.7192,-22.5201],[-55.7187,-22.52],[-55.7186,-22.5205]]],[[[-55.7203,-22.5167],[-55.7198,-22.5168],[-55.7194,-22.5164],[-55.7189,-22.5164],[-55.7195,-22.5169],[-55.7202,-22.5169],[-55.7203,-22.5167]]],[[[-55.7194,-22.5156],[-55.7192,-22.5156],[-55.7192,-22.5158],[-55.7194,-22.5158],[-55.7194,-22.5156]]],[[[-55.7197,-22.5383],[-55.7203,-22.5378],[-55.7198,-22.5375],[-55.7197,-22.5383]]],[[[-55.72,-22.5484],[-55.7198,-22.5483],[-55.7197,-22.5486],[-55.7199,-22.5486],[-55.72,-22.5484]]],[[[-55.7208,-22.567],[-55.7203,-22.5669],[-55.7201,-22.5667],[-55.72,-22.5674],[-55.7202,-22.5675],[-55.7205,-22.5671],[-55.7208,-22.5672],[-55.7208,-22.567]]],[[[-55.7211,-22.5237],[-55.7209,-22.5236],[-55.7208,-22.5238],[-55.7211,-22.5239],[-55.7211,-22.5237]]],[[[-55.7214,-22.5152],[-55.7216,-22.5153],[-55.7219,-22.5148],[-55.7214,-22.5147],[-55.7214,-22.5152]]],[[[-55.7227,-22.5258],[-55.7231,-22.5253],[-55.7223,-22.5247],[-55.7219,-22.5255],[-55.7223,-22.5258],[-55.7227,-22.5258]]],[[[-55.7225,-22.4912],[-55.7223,-22.4911],[-55.7222,-22.4913],[-55.7224,-22.4914],[-55.7225,-22.4912]]],[[[-55.7244,-22.5631],[-55.7233,-22.5634],[-55.7234,-22.5636],[-55.7244,-22.5636],[-55.7244,-22.5631]]],[[[-55.7247,-22.4926],[-55.7239,-22.4925],[-55.7239,-22.4927],[-55.7247,-22.4928],[-55.7247,-22.4926]]],[[[-55.7247,-22.5642],[-55.7239,-22.5642],[-55.7239,-22.5644],[-55.7247,-22.5644],[-55.7247,-22.5642]]],[[[-55.725,-22.5623],[-55.7248,-22.5622],[-55.7247,-22.5624],[-55.7249,-22.5625],[-55.725,-22.5623]]],[[[-55.7256,-22.5653],[-55.7253,-22.5653],[-55.7253,-22.5655],[-55.7255,-22.5656],[-55.7256,-22.5653]]],[[[-55.7255,-22.5147],[-55.7256,-22.5145],[-55.7253,-22.5144],[-55.7253,-22.5147],[-55.7255,-22.5147]]],[[[-55.7267,-22.5285],[-55.7269,-22.5281],[-55.7266,-22.5278],[-55.7262,-22.5281],[-55.7256,-22.5281],[-55.7259,-22.5286],[-55.7267,-22.5285]]],[[[-55.7261,-22.5295],[-55.7259,-22.5294],[-55.7258,-22.5297],[-55.7261,-22.5297],[-55.7261,-22.5295]]],[[[-55.7261,-22.5314],[-55.7258,-22.5314],[-55.7259,-22.5319],[-55.7261,-22.5319],[-55.7261,-22.5314]]],[[[-55.7267,-22.5269],[-55.727,-22.5272],[-55.7283,-22.5275],[-55.7289,-22.5269],[-55.7292,-22.5262],[-55.7288,-22.5261],[-55.7283,-22.5256],[-55.7278,-22.5256],[-55.7274,-22.5261],[-55.727,-22.5261],[-55.7267,-22.5264],[-55.7267,-22.5269]]],[[[-55.7269,-22.5173],[-55.7267,-22.5172],[-55.7267,-22.5174],[-55.7269,-22.5175],[-55.7269,-22.5173]]],[[[-55.7281,-22.5751],[-55.7278,-22.5751],[-55.7278,-22.5756],[-55.7281,-22.5755],[-55.7281,-22.5751]]],[[[-55.7287,-22.5296],[-55.7292,-22.5297],[-55.7288,-22.5286],[-55.7282,-22.5292],[-55.7278,-22.5292],[-55.7278,-22.5299],[-55.7281,-22.5303],[-55.7287,-22.5296]]],[[[-55.7291,-22.5],[-55.7292,-22.4998],[-55.7289,-22.4997],[-55.7289,-22.4999],[-55.7291,-22.5]]],[[[-55.7286,-22.4997],[-55.7286,-22.4992],[-55.7281,-22.4989],[-55.7281,-22.5003],[-55.7283,-22.5002],[-55.7282,-22.4998],[-55.7286,-22.4997]]],[[[-55.7292,-22.4838],[-55.7294,-22.4836],[-55.7294,-22.4833],[-55.7287,-22.4833],[-55.7281,-22.4837],[-55.7281,-22.4841],[-55.7286,-22.4844],[-55.7292,-22.4841],[-55.7292,-22.4838]]],[[[-55.7286,-22.5014],[-55.7284,-22.5014],[-55.7283,-22.5016],[-55.7286,-22.5017],[-55.7286,-22.5014]]],[[[-55.7286,-22.5606],[-55.7284,-22.5606],[-55.7283,-22.5608],[-55.7286,-22.5608],[-55.7286,-22.5606]]],[[[-55.7289,-22.5753],[-55.7287,-22.5753],[-55.7286,-22.5755],[-55.7288,-22.5756],[-55.7289,-22.5753]]],[[[-55.7289,-22.488],[-55.7294,-22.4881],[-55.73,-22.4876],[-55.7289,-22.4875],[-55.7289,-22.488]]],[[[-55.7292,-22.5053],[-55.7289,-22.5053],[-55.7289,-22.5055],[-55.7291,-22.5056],[-55.7292,-22.5053]]],[[[-55.7299,-22.5747],[-55.73,-22.5742],[-55.7298,-22.5742],[-55.7294,-22.5748],[-55.7295,-22.5753],[-55.7299,-22.5747]]],[[[-55.7306,-22.5001],[-55.731,-22.4997],[-55.7313,-22.4997],[-55.7314,-22.4995],[-55.7301,-22.4994],[-55.73,-22.5002],[-55.7303,-22.5004],[-55.7303,-22.5008],[-55.7308,-22.5008],[-55.7306,-22.5001]]],[[[-55.7308,-22.5039],[-55.7306,-22.5039],[-55.7306,-22.5041],[-55.7308,-22.5042],[-55.7308,-22.5039]]],[[[-55.7311,-22.4867],[-55.7309,-22.4867],[-55.7308,-22.4869],[-55.7311,-22.4869],[-55.7311,-22.4867]]],[[[-55.7308,-22.4864],[-55.7308,-22.4862],[-55.7306,-22.4861],[-55.7306,-22.4863],[-55.7308,-22.4864]]],[[[-55.7311,-22.5027],[-55.7313,-22.5028],[-55.7317,-22.5023],[-55.7312,-22.5022],[-55.7311,-22.5027]]],[[[-55.7316,-22.5197],[-55.7317,-22.5195],[-55.7314,-22.5194],[-55.7314,-22.5197],[-55.7316,-22.5197]]],[[[-55.7329,-22.5108],[-55.7317,-22.5112],[-55.7317,-22.5119],[-55.7327,-22.5119],[-55.7329,-22.5114],[-55.7336,-22.5114],[-55.734,-22.5108],[-55.7344,-22.5108],[-55.7344,-22.5101],[-55.7339,-22.51],[-55.7329,-22.5108]]],[[[-55.7328,-22.5014],[-55.7326,-22.5014],[-55.7325,-22.5016],[-55.7327,-22.5017],[-55.7328,-22.5014]]],[[[-55.7342,-22.5011],[-55.7338,-22.4997],[-55.7334,-22.4997],[-55.7331,-22.5001],[-55.7331,-22.5005],[-55.7337,-22.5006],[-55.7339,-22.5011],[-55.7342,-22.5011]]],[[[-55.7353,-22.4867],[-55.7348,-22.4867],[-55.7347,-22.4869],[-55.7352,-22.4869],[-55.7353,-22.4867]]],[[[-55.7353,-22.4884],[-55.7351,-22.4883],[-55.735,-22.4886],[-55.7352,-22.4886],[-55.7353,-22.4884]]],[[[-55.7353,-22.5081],[-55.7351,-22.5081],[-55.735,-22.5083],[-55.7352,-22.5083],[-55.7353,-22.5081]]],[[[-55.7358,-22.4889],[-55.7356,-22.4889],[-55.7356,-22.4891],[-55.7358,-22.4892],[-55.7358,-22.4889]]],[[[-55.7361,-22.5025],[-55.7361,-22.5023],[-55.7359,-22.5022],[-55.7358,-22.5024],[-55.7361,-22.5025]]],[[[-55.7361,-22.4956],[-55.7359,-22.4956],[-55.7358,-22.4958],[-55.7361,-22.4958],[-55.7361,-22.4956]]],[[[-55.7364,-22.5362],[-55.7362,-22.5361],[-55.7361,-22.5363],[-55.7363,-22.5364],[-55.7364,-22.5362]]],[[[-55.7369,-22.4881],[-55.7367,-22.4874],[-55.7372,-22.4872],[-55.7372,-22.487],[-55.7362,-22.4869],[-55.7364,-22.488],[-55.7369,-22.4881]]],[[[-55.7372,-22.5184],[-55.7364,-22.5183],[-55.7364,-22.5186],[-55.7372,-22.5186],[-55.7372,-22.5184]]],[[[-55.7367,-22.4962],[-55.7364,-22.4961],[-55.7364,-22.4963],[-55.7366,-22.4964],[-55.7367,-22.4962]]],[[[-55.7377,-22.5059],[-55.738,-22.505],[-55.7369,-22.5051],[-55.7369,-22.5055],[-55.7372,-22.5056],[-55.7372,-22.5061],[-55.7375,-22.5063],[-55.7376,-22.5069],[-55.7378,-22.5069],[-55.7377,-22.5059]]],[[[-55.7369,-22.5047],[-55.7369,-22.5045],[-55.7367,-22.5044],[-55.7367,-22.5047],[-55.7369,-22.5047]]],[[[-55.7369,-22.5128],[-55.7367,-22.5128],[-55.7367,-22.513],[-55.7369,-22.5131],[-55.7369,-22.5128]]],[[[-55.737,-22.5558],[-55.7383,-22.5555],[-55.7383,-22.555],[-55.7378,-22.555],[-55.7369,-22.5556],[-55.737,-22.5558]]],[[[-55.7391,-22.4897],[-55.7392,-22.4881],[-55.7389,-22.4881],[-55.7389,-22.4886],[-55.7375,-22.4887],[-55.7375,-22.4896],[-55.7372,-22.4899],[-55.738,-22.49],[-55.7381,-22.4896],[-55.7385,-22.4892],[-55.7387,-22.4892],[-55.7389,-22.4897],[-55.7391,-22.4897]]],[[[-55.738,-22.5014],[-55.7381,-22.5012],[-55.7378,-22.5011],[-55.7378,-22.5013],[-55.738,-22.5014]]],[[[-55.7375,-22.5014],[-55.7373,-22.5014],[-55.7372,-22.5016],[-55.7374,-22.5017],[-55.7375,-22.5014]]],[[[-55.7386,-22.5078],[-55.7384,-22.5078],[-55.7381,-22.5083],[-55.7383,-22.5083],[-55.7386,-22.5078]]],[[[-55.7386,-22.4996],[-55.7389,-22.4994],[-55.7388,-22.4989],[-55.7383,-22.4992],[-55.7384,-22.5006],[-55.7389,-22.5005],[-55.7386,-22.5001],[-55.7386,-22.4996]]],[[[-55.7389,-22.5512],[-55.7387,-22.5511],[-55.7383,-22.5514],[-55.7384,-22.5522],[-55.7386,-22.5522],[-55.7386,-22.5515],[-55.7389,-22.5512]]],[[[-55.7388,-22.55],[-55.7389,-22.5498],[-55.7387,-22.5497],[-55.7386,-22.5499],[-55.7388,-22.55]]],[[[-55.7403,-22.5524],[-55.7408,-22.5525],[-55.7411,-22.5522],[-55.7411,-22.5515],[-55.7416,-22.5514],[-55.7417,-22.5512],[-55.7399,-22.5508],[-55.7397,-22.5503],[-55.7395,-22.5503],[-55.7394,-22.5513],[-55.7403,-22.5521],[-55.7403,-22.5524]]],[[[-55.7405,-22.4989],[-55.7408,-22.4981],[-55.7403,-22.4981],[-55.74,-22.4988],[-55.7405,-22.4989]]],[[[-55.74,-22.498],[-55.74,-22.4973],[-55.7398,-22.4972],[-55.7397,-22.498],[-55.74,-22.498]]],[[[-55.74,-22.4962],[-55.7398,-22.4961],[-55.7397,-22.4963],[-55.7399,-22.4964],[-55.74,-22.4962]]],[[[-55.7406,-22.4998],[-55.7403,-22.4997],[-55.7403,-22.4999],[-55.7405,-22.5],[-55.7406,-22.4998]]],[[[-55.7447,-22.5547],[-55.7451,-22.555],[-55.7453,-22.5549],[-55.7452,-22.5544],[-55.7448,-22.5544],[-55.7447,-22.5547]]],[[[-55.745,-22.5076],[-55.7448,-22.5075],[-55.7447,-22.5077],[-55.7449,-22.5078],[-55.745,-22.5076]]],[[[-55.7467,-22.4881],[-55.7464,-22.4881],[-55.7464,-22.4883],[-55.7466,-22.4883],[-55.7467,-22.4881]]],[[[-55.7467,-22.5648],[-55.7464,-22.5647],[-55.7464,-22.5649],[-55.7466,-22.565],[-55.7467,-22.5648]]],[[[-55.748,-22.5622],[-55.7472,-22.5626],[-55.7473,-22.5628],[-55.7481,-22.5627],[-55.748,-22.5622]]],[[[-55.7489,-22.5273],[-55.7483,-22.5269],[-55.7476,-22.5272],[-55.7475,-22.5277],[-55.7488,-22.5278],[-55.7489,-22.5273]]],[[[-55.7483,-22.5295],[-55.7481,-22.5294],[-55.7481,-22.5297],[-55.7483,-22.5297],[-55.7483,-22.5295]]],[[[-55.7497,-22.5539],[-55.7497,-22.5537],[-55.7495,-22.5536],[-55.7494,-22.5538],[-55.7497,-22.5539]]],[[[-55.7511,-22.4939],[-55.7509,-22.4939],[-55.7508,-22.4941],[-55.7511,-22.4942],[-55.7511,-22.4939]]],[[[-55.7517,-22.4953],[-55.7512,-22.4953],[-55.7511,-22.4955],[-55.7516,-22.4956],[-55.7517,-22.4953]]],[[[-55.7519,-22.5442],[-55.7519,-22.5434],[-55.7517,-22.5433],[-55.7517,-22.5441],[-55.7519,-22.5442]]],[[[-55.7519,-22.5469],[-55.7528,-22.5463],[-55.7527,-22.5456],[-55.7519,-22.5464],[-55.7519,-22.5469]]],[[[-55.7519,-22.5472],[-55.7517,-22.5473],[-55.7517,-22.5481],[-55.7519,-22.548],[-55.7519,-22.5472]]],[[[-55.7522,-22.4942],[-55.752,-22.4942],[-55.7519,-22.4944],[-55.7522,-22.4944],[-55.7522,-22.4942]]],[[[-55.7531,-22.4951],[-55.7528,-22.495],[-55.7528,-22.4952],[-55.753,-22.4953],[-55.7531,-22.4951]]],[[[-55.7539,-22.5373],[-55.7537,-22.5372],[-55.7536,-22.5374],[-55.7538,-22.5375],[-55.7539,-22.5373]]],[[[-55.7549,-22.5817],[-55.755,-22.5814],[-55.7548,-22.5814],[-55.7547,-22.5816],[-55.7549,-22.5817]]],[[[-55.7558,-22.5195],[-55.7556,-22.5194],[-55.7556,-22.5197],[-55.7558,-22.5197],[-55.7558,-22.5195]]],[[[-55.7605,-22.5583],[-55.7606,-22.5581],[-55.7603,-22.5581],[-55.7603,-22.5583],[-55.7605,-22.5583]]],[[[-55.7614,-22.553],[-55.7611,-22.5525],[-55.7608,-22.5526],[-55.7612,-22.5531],[-55.7614,-22.553]]],[[[-55.7614,-22.5517],[-55.7612,-22.5517],[-55.7611,-22.5519],[-55.7613,-22.5519],[-55.7614,-22.5517]]]]}},{"type":"Feature","properties":{"ano":1990},"geometry":{"type":"MultiPolygon","coordinates":[[[[-55.6439,-22.5449],[-55.6441,-22.545],[-55.6444,-22.5445],[-55.6439,-22.5444],[-55.6439,-22.5449]]],[[[-55.6727,-22.5928],[-55.6728,-22.592],[-55.6726,-22.5919],[-55.6725,-22.5927],[-55.6727,-22.5928]]],[[[-55.6814,-22.5708],[-55.6814,-22.5711],[-55.6816,-22.5711],[-55.6817,-22.5709],[-55.6814,-22.5708]]],[[[-55.6831,-22.5837],[-55.6828,-22.5836],[-55.6828,-22.5838],[-55.683,-22.5839],[-55.6831,-22.5837]]],[[[-55.6831,-22.5642],[-55.6828,-22.5642],[-55.6828,-22.5653],[-55.6831,-22.5652],[-55.6831,-22.5642]]],[[[-55.6856,-22.5589],[-55.6864,-22.5588],[-55.6864,-22.5582],[-55.6867,-22.5578],[-55.6863,-22.5575],[-55.6857,-22.5583],[-55.6853,-22.5583],[-55.6847,-22.559],[-55.6839,-22.5586],[-55.6839,-22.5581],[-55.6836,-22.5581],[-55.6837,-22.5586],[-55.6831,-22.5592],[-55.6828,-22.5599],[-55.6831,-22.5603],[-55.6835,-22.56],[-55.6839,-22.5601],[-55.6839,-22.5614],[-55.6844,-22.5611],[-55.6844,-22.5606],[-55.6841,-22.5603],[-55.6841,-22.5598],[-55.6844,-22.5596],[-55.6847,-22.5599],[-55.6848,-22.5603],[-55.6852,-22.5603],[-55.6856,-22.5597],[-55.6856,-22.5589]]],[[[-55.6838,-22.5617],[-55.6836,-22.5617],[-55.6837,-22.5622],[-55.6839,-22.5622],[-55.6838,-22.5617]]],[[[-55.6847,-22.569],[-55.685,-22.5688],[-55.6849,-22.5686],[-55.6844,-22.5689],[-55.6844,-22.5701],[-55.6839,-22.5703],[-55.6839,-22.5711],[-55.6842,-22.5711],[-55.6843,-22.5706],[-55.6847,-22.5705],[-55.6847,-22.569]]],[[[-55.687,-22.5683],[-55.6869,-22.5686],[-55.6872,-22.5686],[-55.6872,-22.5684],[-55.687,-22.5683]]],[[[-55.6867,-22.5683],[-55.6867,-22.5667],[-55.6864,-22.5665],[-55.6864,-22.5654],[-55.6867,-22.5652],[-55.6867,-22.5648],[-55.6858,-22.5643],[-55.6858,-22.5639],[-55.6851,-22.5639],[-55.6851,-22.5644],[-55.6847,-22.5648],[-55.6848,-22.5652],[-55.6846,-22.5656],[-55.6839,-22.5656],[-55.6839,-22.5663],[-55.6847,-22.5664],[-55.6847,-22.5677],[-55.6853,-22.5683],[-55.6867,-22.5683]]],[[[-55.6875,-22.5595],[-55.6873,-22.5594],[-55.6872,-22.5597],[-55.6874,-22.5597],[-55.6875,-22.5595]]],[[[-55.6878,-22.5722],[-55.6881,-22.5722],[-55.688,-22.5719],[-55.6878,-22.572],[-55.6878,-22.5722]]],[[[-55.6877,-22.5725],[-55.6875,-22.5726],[-55.6876,-22.5728],[-55.6878,-22.5727],[-55.6877,-22.5725]]],[[[-55.6878,-22.5803],[-55.6876,-22.5803],[-55.6875,-22.5805],[-55.6877,-22.5806],[-55.6878,-22.5803]]],[[[-55.6883,-22.5692],[-55.6881,-22.5692],[-55.6881,-22.5697],[-55.6883,-22.5697],[-55.6883,-22.5692]]],[[[-55.6883,-22.5703],[-55.6881,-22.5703],[-55.6881,-22.5705],[-55.6883,-22.5706],[-55.6883,-22.5703]]],[[[-55.6889,-22.5462],[-55.6881,-22.5461],[-55.6881,-22.5463],[-55.6888,-22.5464],[-55.6889,-22.5462]]],[[[-55.6889,-22.5595],[-55.6881,-22.5594],[-55.6881,-22.5597],[-55.6888,-22.5597],[-55.6889,-22.5595]]],[[[-55.6884,-22.58],[-55.6883,-22.5802],[-55.6886,-22.5803],[-55.6886,-22.5801],[-55.6884,-22.58]]],[[[-55.6892,-22.5806],[-55.6889,-22.5806],[-55.6889,-22.5808],[-55.6891,-22.5808],[-55.6892,-22.5806]]],[[[-55.6903,-22.5583],[-55.6911,-22.5577],[-55.6908,-22.5574],[-55.6911,-22.5567],[-55.6904,-22.5567],[-55.69,-22.5562],[-55.6897,-22.5551],[-55.6895,-22.555],[-55.6892,-22.5553],[-55.6894,-22.5557],[-55.6892,-22.5563],[-55.6896,-22.5564],[-55.69,-22.5568],[-55.69,-22.5574],[-55.6906,-22.5576],[-55.6903,-22.5583]]],[[[-55.6894,-22.5474],[-55.69,-22.5474],[-55.6897,-22.5467],[-55.6894,-22.5467],[-55.6894,-22.5474]]],[[[-55.6894,-22.5736],[-55.6899,-22.5736],[-55.69,-22.5734],[-55.6895,-22.5731],[-55.6894,-22.5736]]],[[[-55.6919,-22.5492],[-55.6922,-22.5485],[-55.6928,-22.5483],[-55.6927,-22.5478],[-55.6924,-22.5481],[-55.6911,-22.5481],[-55.6914,-22.5485],[-55.6914,-22.5492],[-55.6919,-22.5492]]],[[[-55.692,-22.5869],[-55.6919,-22.5872],[-55.6922,-22.5872],[-55.6922,-22.587],[-55.692,-22.5869]]],[[[-55.692,-22.59],[-55.6919,-22.5902],[-55.6922,-22.5903],[-55.6922,-22.5901],[-55.692,-22.59]]],[[[-55.6939,-22.5462],[-55.6936,-22.5462],[-55.6937,-22.5467],[-55.6939,-22.5466],[-55.6939,-22.5462]]],[[[-55.6933,-22.5461],[-55.6933,-22.5448],[-55.6931,-22.5447],[-55.6928,-22.5458],[-55.6925,-22.5461],[-55.6933,-22.5461]]],[[[-55.6925,-22.5452],[-55.6924,-22.545],[-55.6922,-22.5451],[-55.6923,-22.5453],[-55.6925,-22.5452]]],[[[-55.6926,-22.5442],[-55.6925,-22.5444],[-55.6927,-22.5444],[-55.6928,-22.5442],[-55.6926,-22.5442]]],[[[-55.6939,-22.5481],[-55.6939,-22.5483],[-55.6947,-22.5483],[-55.6947,-22.5478],[-55.6939,-22.5481]]],[[[-55.6939,-22.5783],[-55.6939,-22.5786],[-55.6941,-22.5786],[-55.6942,-22.5784],[-55.6939,-22.5783]]],[[[-55.6963,-22.5597],[-55.6963,-22.5592],[-55.695,-22.5592],[-55.6953,-22.5597],[-55.6963,-22.5597]]],[[[-55.6956,-22.5589],[-55.6958,-22.5588],[-55.6958,-22.5586],[-55.6956,-22.5587],[-55.6956,-22.5589]]],[[[-55.6964,-22.5553],[-55.6962,-22.5553],[-55.6961,-22.5555],[-55.6963,-22.5556],[-55.6964,-22.5553]]],[[[-55.6975,-22.5484],[-55.697,-22.5483],[-55.6969,-22.5486],[-55.6974,-22.5486],[-55.6975,-22.5484]]],[[[-55.6969,-22.5489],[-55.6967,-22.5489],[-55.6967,-22.5492],[-55.6969,-22.5491],[-55.6969,-22.5489]]],[[[-55.6966,-22.5494],[-55.6961,-22.5498],[-55.6962,-22.55],[-55.6967,-22.5497],[-55.6966,-22.5494]]],[[[-55.6964,-22.5414],[-55.6964,-22.5416],[-55.6966,-22.5417],[-55.6967,-22.5414],[-55.6964,-22.5414]]],[[[-55.6967,-22.5767],[-55.6964,-22.5767],[-55.6964,-22.5769],[-55.6966,-22.5769],[-55.6967,-22.5767]]],[[[-55.6981,-22.5581],[-55.6973,-22.5575],[-55.6971,-22.5578],[-55.6967,-22.5578],[-55.6964,-22.5583],[-55.6971,-22.5581],[-55.6973,-22.5583],[-55.698,-22.5583],[-55.6981,-22.5581]]],[[[-55.6975,-22.5551],[-55.6973,-22.555],[-55.6972,-22.5552],[-55.6974,-22.5553],[-55.6975,-22.5551]]],[[[-55.6981,-22.5751],[-55.6973,-22.575],[-55.6972,-22.5752],[-55.698,-22.5753],[-55.6981,-22.5751]]],[[[-55.6976,-22.5803],[-55.6976,-22.5806],[-55.6981,-22.5805],[-55.698,-22.5803],[-55.6976,-22.5803]]],[[[-55.6978,-22.5569],[-55.6978,-22.5572],[-55.698,-22.5572],[-55.6981,-22.557],[-55.6978,-22.5569]]],[[[-55.6988,-22.56],[-55.6986,-22.5592],[-55.6981,-22.5592],[-55.6981,-22.56],[-55.6988,-22.56]]],[[[-55.7024,-22.5553],[-55.7025,-22.5548],[-55.7019,-22.5546],[-55.7017,-22.5534],[-55.7011,-22.5529],[-55.7011,-22.5517],[-55.7008,-22.5517],[-55.7008,-22.5522],[-55.6998,-22.5522],[-55.6994,-22.5529],[-55.6989,-22.5531],[-55.6992,-22.5535],[-55.6992,-22.5546],[-55.6987,-22.555],[-55.6984,-22.555],[-55.6984,-22.5553],[-55.6995,-22.5555],[-55.6998,-22.5558],[-55.7,-22.5558],[-55.7001,-22.5553],[-55.7004,-22.5553],[-55.7011,-22.5557],[-55.7012,-22.5561],[-55.7024,-22.5561],[-55.7024,-22.5558],[-55.7019,-22.5557],[-55.7021,-22.5553],[-55.7024,-22.5553]]],[[[-55.6995,-22.5581],[-55.6994,-22.5583],[-55.6997,-22.5583],[-55.6997,-22.5581],[-55.6995,-22.5581]]],[[[-55.6997,-22.5734],[-55.6995,-22.5733],[-55.6994,-22.5736],[-55.6997,-22.5736],[-55.6997,-22.5734]]],[[[-55.7014,-22.5685],[-55.7024,-22.5686],[-55.7025,-22.5681],[-55.7015,-22.5681],[-55.7012,-22.5678],[-55.7003,-22.5684],[-55.7006,-22.5689],[-55.7011,-22.5689],[-55.7014,-22.5685]]],[[[-55.7028,-22.5656],[-55.7024,-22.5653],[-55.7022,-22.5653],[-55.7026,-22.5658],[-55.7028,-22.5656]]],[[[-55.7028,-22.5583],[-55.7028,-22.5586],[-55.703,-22.5586],[-55.7031,-22.5584],[-55.7028,-22.5583]]],[[[-55.7031,-22.5448],[-55.7028,-22.5447],[-55.7028,-22.5449],[-55.703,-22.545],[-55.7031,-22.5448]]],[[[-55.7036,-22.5576],[-55.7031,-22.5575],[-55.7031,-22.5577],[-55.7036,-22.5578],[-55.7036,-22.5576]]],[[[-55.7039,-22.5467],[-55.7036,-22.5467],[-55.7037,-22.5472],[-55.7039,-22.5472],[-55.7039,-22.5467]]],[[[-55.7044,-22.5494],[-55.7053,-22.5491],[-55.7052,-22.5486],[-55.7044,-22.5487],[-55.7044,-22.5494]]],[[[-55.7051,-22.5447],[-55.705,-22.5449],[-55.7052,-22.545],[-55.7053,-22.5448],[-55.7051,-22.5447]]],[[[-55.7059,-22.5678],[-55.7056,-22.5683],[-55.7064,-22.5683],[-55.7063,-22.5678],[-55.7059,-22.5678]]],[[[-55.7064,-22.5442],[-55.7064,-22.5444],[-55.7066,-22.5444],[-55.7067,-22.5442],[-55.7064,-22.5442]]],[[[-55.7061,-22.5445],[-55.7059,-22.5444],[-55.7058,-22.5447],[-55.7061,-22.5447],[-55.7061,-22.5445]]],[[[-55.7062,-22.5497],[-55.7061,-22.5499],[-55.7063,-22.55],[-55.7064,-22.5498],[-55.7062,-22.5497]]],[[[-55.7062,-22.5056],[-55.7061,-22.5058],[-55.7063,-22.5058],[-55.7064,-22.5056],[-55.7062,-22.5056]]],[[[-55.7067,-22.5695],[-55.7064,-22.5694],[-55.7064,-22.5697],[-55.7066,-22.5697],[-55.7067,-22.5695]]],[[[-55.7067,-22.5086],[-55.707,-22.5092],[-55.7072,-22.5091],[-55.7072,-22.5086],[-55.7067,-22.5086]]],[[[-55.7072,-22.5498],[-55.707,-22.5497],[-55.7069,-22.5499],[-55.7072,-22.55],[-55.7072,-22.5498]]],[[[-55.7078,-22.5448],[-55.7073,-22.5447],[-55.7072,-22.5449],[-55.7077,-22.545],[-55.7078,-22.5448]]],[[[-55.7076,-22.5556],[-55.7075,-22.5558],[-55.7077,-22.5558],[-55.7078,-22.5556],[-55.7076,-22.5556]]],[[[-55.7078,-22.5097],[-55.7078,-22.51],[-55.7083,-22.5099],[-55.7083,-22.5097],[-55.7078,-22.5097]]],[[[-55.7084,-22.5461],[-55.7083,-22.5466],[-55.7088,-22.5472],[-55.7089,-22.5464],[-55.7084,-22.5461]]],[[[-55.7094,-22.5059],[-55.7092,-22.5058],[-55.7092,-22.5061],[-55.7094,-22.5061],[-55.7094,-22.5059]]],[[[-55.7105,-22.5647],[-55.7108,-22.5639],[-55.7105,-22.5636],[-55.7101,-22.5636],[-55.7097,-22.5639],[-55.7097,-22.5644],[-55.7101,-22.5647],[-55.7105,-22.5647]]],[[[-55.7119,-22.5639],[-55.7119,-22.5631],[-55.7114,-22.5628],[-55.7111,-22.5633],[-55.7119,-22.5639]]],[[[-55.7114,-22.53],[-55.7114,-22.5302],[-55.7116,-22.5303],[-55.7117,-22.5301],[-55.7114,-22.53]]],[[[-55.7128,-22.5139],[-55.7125,-22.514],[-55.7122,-22.5136],[-55.7119,-22.5137],[-55.712,-22.5142],[-55.7127,-22.5142],[-55.7128,-22.5139]]],[[[-55.7132,-22.5061],[-55.7136,-22.5063],[-55.7136,-22.5058],[-55.7124,-22.5058],[-55.7122,-22.5056],[-55.7119,-22.5056],[-55.712,-22.5061],[-55.7124,-22.5061],[-55.7126,-22.5064],[-55.7132,-22.5061]]],[[[-55.7125,-22.5128],[-55.7123,-22.5128],[-55.7122,-22.513],[-55.7124,-22.5131],[-55.7125,-22.5128]]],[[[-55.7133,-22.5181],[-55.7131,-22.5181],[-55.7131,-22.5189],[-55.7136,-22.5186],[-55.7133,-22.5181]]],[[[-55.7128,-22.518],[-55.7128,-22.5176],[-55.7123,-22.5169],[-55.7122,-22.518],[-55.7128,-22.518]]],[[[-55.7126,-22.5147],[-55.7125,-22.5149],[-55.7127,-22.515],[-55.7128,-22.5148],[-55.7126,-22.5147]]],[[[-55.7136,-22.5201],[-55.7134,-22.52],[-55.7133,-22.5202],[-55.7136,-22.5203],[-55.7136,-22.5201]]],[[[-55.7144,-22.5658],[-55.7151,-22.5661],[-55.7153,-22.5661],[-55.7152,-22.5656],[-55.7145,-22.5656],[-55.7144,-22.5658]]],[[[-55.715,-22.4891],[-55.7147,-22.4886],[-55.7144,-22.4887],[-55.7148,-22.4892],[-55.715,-22.4891]]],[[[-55.7153,-22.5626],[-55.7151,-22.5625],[-55.715,-22.5627],[-55.7152,-22.5628],[-55.7153,-22.5626]]],[[[-55.7156,-22.5578],[-55.7153,-22.5578],[-55.7153,-22.558],[-55.7155,-22.5581],[-55.7156,-22.5578]]],[[[-55.7159,-22.5817],[-55.7164,-22.5813],[-55.7163,-22.5808],[-55.7159,-22.5808],[-55.7156,-22.5812],[-55.7159,-22.5817]]],[[[-55.7161,-22.5081],[-55.7158,-22.5081],[-55.7159,-22.5086],[-55.7161,-22.5086],[-55.7161,-22.5081]]],[[[-55.7167,-22.535],[-55.7167,-22.5352],[-55.7169,-22.5353],[-55.7169,-22.5351],[-55.7167,-22.535]]],[[[-55.7169,-22.5223],[-55.7167,-22.5222],[-55.7167,-22.5224],[-55.7169,-22.5225],[-55.7169,-22.5223]]],[[[-55.7175,-22.5173],[-55.717,-22.5172],[-55.7169,-22.5174],[-55.7174,-22.5175],[-55.7175,-22.5173]]],[[[-55.7179,-22.5822],[-55.7186,-22.5828],[-55.7193,-22.5819],[-55.7197,-22.5819],[-55.72,-22.5816],[-55.72,-22.5809],[-55.7194,-22.5804],[-55.7194,-22.58],[-55.7189,-22.5801],[-55.7189,-22.581],[-55.7185,-22.5814],[-55.7181,-22.5814],[-55.7179,-22.5817],[-55.7169,-22.5817],[-55.717,-22.5822],[-55.7179,-22.5822]]],[[[-55.7181,-22.5114],[-55.7178,-22.5114],[-55.7178,-22.5116],[-55.718,-22.5117],[-55.7181,-22.5114]]],[[[-55.7181,-22.5192],[-55.7181,-22.5194],[-55.7183,-22.5194],[-55.7183,-22.5192],[-55.7181,-22.5192]]],[[[-55.7186,-22.5203],[-55.7184,-22.5203],[-55.7183,-22.5205],[-55.7186,-22.5206],[-55.7186,-22.5203]]],[[[-55.72,-22.5139],[-55.7184,-22.5139],[-55.7183,-22.5144],[-55.7187,-22.5147],[-55.7191,-22.5147],[-55.7193,-22.5144],[-55.7199,-22.5144],[-55.72,-22.5139]]],[[[-55.7198,-22.5239],[-55.7206,-22.5236],[-55.7205,-22.5233],[-55.7197,-22.5237],[-55.7198,-22.5239]]],[[[-55.7194,-22.5236],[-55.7189,-22.5231],[-55.7189,-22.5235],[-55.7183,-22.5241],[-55.7186,-22.5242],[-55.719,-22.5236],[-55.7194,-22.5236]]],[[[-55.72,-22.5167],[-55.7189,-22.5167],[-55.7189,-22.5174],[-55.7194,-22.5175],[-55.7193,-22.517],[-55.7199,-22.5169],[-55.72,-22.5167]]],[[[-55.7192,-22.5153],[-55.7192,-22.5155],[-55.7194,-22.5156],[-55.7194,-22.5153],[-55.7192,-22.5153]]],[[[-55.7194,-22.4901],[-55.7192,-22.49],[-55.7192,-22.4902],[-55.7194,-22.4903],[-55.7194,-22.4901]]],[[[-55.7194,-22.5489],[-55.7192,-22.5489],[-55.7192,-22.5491],[-55.7194,-22.5492],[-55.7194,-22.5489]]],[[[-55.7203,-22.5478],[-55.7201,-22.5478],[-55.72,-22.548],[-55.7202,-22.5481],[-55.7203,-22.5478]]],[[[-55.7211,-22.4892],[-55.7212,-22.49],[-55.7225,-22.4899],[-55.7222,-22.4892],[-55.7211,-22.4892]]],[[[-55.7208,-22.4891],[-55.7205,-22.4886],[-55.7203,-22.4887],[-55.7206,-22.4892],[-55.7208,-22.4891]]],[[[-55.7202,-22.4883],[-55.7203,-22.4881],[-55.7201,-22.4881],[-55.72,-22.4883],[-55.7202,-22.4883]]],[[[-55.7206,-22.5206],[-55.7203,-22.5206],[-55.7203,-22.5208],[-55.7205,-22.5208],[-55.7206,-22.5206]]],[[[-55.7208,-22.5598],[-55.7203,-22.5601],[-55.7203,-22.5606],[-55.7208,-22.5605],[-55.7208,-22.5598]]],[[[-55.7211,-22.5686],[-55.7214,-22.5678],[-55.7208,-22.5676],[-55.7206,-22.5667],[-55.7203,-22.5667],[-55.7203,-22.5674],[-55.7208,-22.5679],[-55.7208,-22.5686],[-55.7211,-22.5686]]],[[[-55.723,-22.5831],[-55.7231,-22.5828],[-55.7226,-22.5828],[-55.7219,-22.5819],[-55.7215,-22.5819],[-55.7211,-22.5814],[-55.7208,-22.5814],[-55.7209,-22.5828],[-55.7218,-22.5822],[-55.7222,-22.5826],[-55.7223,-22.5831],[-55.723,-22.5831]]],[[[-55.7208,-22.5831],[-55.7203,-22.5834],[-55.7203,-22.5839],[-55.7208,-22.5836],[-55.7208,-22.5831]]],[[[-55.7211,-22.4909],[-55.7208,-22.4909],[-55.7209,-22.4914],[-55.7211,-22.4913],[-55.7211,-22.4909]]],[[[-55.722,-22.525],[-55.7219,-22.5252],[-55.7222,-22.5253],[-55.7222,-22.5251],[-55.722,-22.525]]],[[[-55.7228,-22.4917],[-55.7228,-22.4919],[-55.723,-22.4919],[-55.7231,-22.4917],[-55.7228,-22.4917]]],[[[-55.7228,-22.5603],[-55.7228,-22.5606],[-55.7233,-22.5605],[-55.7233,-22.5603],[-55.7228,-22.5603]]],[[[-55.7247,-22.5706],[-55.7237,-22.5706],[-55.7231,-22.5711],[-55.7246,-22.5711],[-55.7248,-22.5717],[-55.7253,-22.5716],[-55.7253,-22.5712],[-55.7247,-22.5706]]],[[[-55.7234,-22.5833],[-55.7233,-22.5836],[-55.7236,-22.5836],[-55.7236,-22.5834],[-55.7234,-22.5833]]],[[[-55.7239,-22.5681],[-55.7233,-22.5684],[-55.7234,-22.5686],[-55.7239,-22.5686],[-55.7239,-22.5681]]],[[[-55.7237,-22.4925],[-55.7236,-22.4927],[-55.7238,-22.4928],[-55.7239,-22.4926],[-55.7237,-22.4925]]],[[[-55.7239,-22.5637],[-55.7237,-22.5636],[-55.7236,-22.5638],[-55.7238,-22.5639],[-55.7239,-22.5637]]],[[[-55.7239,-22.565],[-55.7239,-22.5652],[-55.7241,-22.5653],[-55.7242,-22.5651],[-55.7239,-22.565]]],[[[-55.7247,-22.5864],[-55.7258,-22.5849],[-55.7258,-22.5844],[-55.7247,-22.5845],[-55.725,-22.5849],[-55.725,-22.5854],[-55.7244,-22.5863],[-55.7247,-22.5864]]],[[[-55.7273,-22.4846],[-55.7277,-22.4847],[-55.7281,-22.4839],[-55.7276,-22.4839],[-55.7268,-22.4844],[-55.7259,-22.4844],[-55.7257,-22.4847],[-55.7249,-22.4847],[-55.7245,-22.4844],[-55.7244,-22.4855],[-55.7249,-22.4856],[-55.7257,-22.485],[-55.7273,-22.4846]]],[[[-55.7253,-22.5642],[-55.7248,-22.5642],[-55.7247,-22.5644],[-55.7252,-22.5644],[-55.7253,-22.5642]]],[[[-55.725,-22.5609],[-55.7248,-22.5608],[-55.7247,-22.5611],[-55.7249,-22.5611],[-55.725,-22.5609]]],[[[-55.7253,-22.5142],[-55.7251,-22.5142],[-55.725,-22.5144],[-55.7252,-22.5144],[-55.7253,-22.5142]]],[[[-55.7256,-22.5608],[-55.7256,-22.5611],[-55.7258,-22.5611],[-55.7258,-22.5609],[-55.7256,-22.5608]]],[[[-55.7259,-22.5186],[-55.7258,-22.5188],[-55.7261,-22.5189],[-55.7261,-22.5187],[-55.7259,-22.5186]]],[[[-55.7259,-22.5869],[-55.7258,-22.5872],[-55.7261,-22.5872],[-55.7261,-22.587],[-55.7259,-22.5869]]],[[[-55.7262,-22.5711],[-55.7261,-22.5713],[-55.7264,-22.5717],[-55.7272,-22.5713],[-55.7272,-22.5711],[-55.7262,-22.5711]]],[[[-55.7267,-22.5195],[-55.7262,-22.5194],[-55.7261,-22.5197],[-55.7266,-22.5197],[-55.7267,-22.5195]]],[[[-55.7267,-22.4993],[-55.7272,-22.4997],[-55.7272,-22.499],[-55.7277,-22.4989],[-55.7278,-22.4987],[-55.7273,-22.4983],[-55.7268,-22.4989],[-55.7264,-22.4989],[-55.7264,-22.4994],[-55.7267,-22.4993]]],[[[-55.7272,-22.5859],[-55.7269,-22.5856],[-55.7264,-22.5856],[-55.7267,-22.5858],[-55.7267,-22.5864],[-55.7272,-22.5859]]],[[[-55.7283,-22.5751],[-55.7276,-22.575],[-55.7272,-22.5743],[-55.7276,-22.5739],[-55.7286,-22.5739],[-55.7289,-22.5736],[-55.7288,-22.5731],[-55.7284,-22.5731],[-55.7279,-22.5736],[-55.7264,-22.5734],[-55.7264,-22.5741],[-55.7268,-22.5748],[-55.7267,-22.5752],[-55.727,-22.5756],[-55.7274,-22.5753],[-55.7283,-22.5753],[-55.7283,-22.5751]]],[[[-55.7279,-22.5606],[-55.7277,-22.5603],[-55.7275,-22.5603],[-55.7278,-22.5608],[-55.7283,-22.5608],[-55.7283,-22.5606],[-55.7279,-22.5606]]],[[[-55.7272,-22.5602],[-55.7272,-22.56],[-55.7267,-22.5601],[-55.7267,-22.5603],[-55.7272,-22.5602]]],[[[-55.7281,-22.5717],[-55.7276,-22.5717],[-55.7272,-22.5722],[-55.7276,-22.5725],[-55.728,-22.5725],[-55.7281,-22.5717]]],[[[-55.7276,-22.5008],[-55.7275,-22.5013],[-55.7277,-22.5014],[-55.7278,-22.5009],[-55.7276,-22.5008]]],[[[-55.7276,-22.5758],[-55.7275,-22.5761],[-55.7277,-22.5761],[-55.7278,-22.5759],[-55.7276,-22.5758]]],[[[-55.7278,-22.57],[-55.7281,-22.5706],[-55.7286,-22.5705],[-55.7286,-22.57],[-55.7278,-22.57]]],[[[-55.7289,-22.4842],[-55.7287,-22.4842],[-55.7286,-22.4844],[-55.7288,-22.4844],[-55.7289,-22.4842]]],[[[-55.7289,-22.4992],[-55.7287,-22.4992],[-55.7286,-22.4994],[-55.7288,-22.4994],[-55.7289,-22.4992]]],[[[-55.7289,-22.5045],[-55.7287,-22.5044],[-55.7286,-22.5047],[-55.7288,-22.5047],[-55.7289,-22.5045]]],[[[-55.7294,-22.4986],[-55.7292,-22.4979],[-55.7294,-22.4977],[-55.7294,-22.4973],[-55.7291,-22.4969],[-55.7287,-22.4969],[-55.7289,-22.4976],[-55.7286,-22.498],[-55.7289,-22.4986],[-55.7294,-22.4986]]],[[[-55.7297,-22.5778],[-55.7293,-22.5778],[-55.7288,-22.5772],[-55.7286,-22.5773],[-55.7286,-22.5777],[-55.7292,-22.5783],[-55.7297,-22.5783],[-55.7297,-22.5778]]],[[[-55.7294,-22.4831],[-55.7292,-22.4831],[-55.7289,-22.4836],[-55.7291,-22.4836],[-55.7294,-22.4831]]],[[[-55.7294,-22.5681],[-55.7292,-22.5681],[-55.7292,-22.5683],[-55.7294,-22.5683],[-55.7294,-22.5681]]],[[[-55.7306,-22.5726],[-55.7316,-22.5722],[-55.7317,-22.572],[-55.7312,-22.5719],[-55.7304,-22.5725],[-55.73,-22.5724],[-55.7299,-22.5717],[-55.7294,-22.572],[-55.7294,-22.5727],[-55.7303,-22.5733],[-55.7306,-22.5733],[-55.7306,-22.5726]]],[[[-55.73,-22.5746],[-55.7297,-22.5749],[-55.7302,-22.575],[-55.7302,-22.5739],[-55.73,-22.5739],[-55.73,-22.5746]]],[[[-55.73,-22.5756],[-55.7298,-22.5756],[-55.7297,-22.5758],[-55.7299,-22.5758],[-55.73,-22.5756]]],[[[-55.7311,-22.4864],[-55.7308,-22.4856],[-55.7306,-22.4856],[-55.7306,-22.4861],[-55.7311,-22.4864]]],[[[-55.7308,-22.5001],[-55.7306,-22.5],[-55.7306,-22.5002],[-55.7308,-22.5003],[-55.7308,-22.5001]]],[[[-55.7342,-22.5001],[-55.7339,-22.5],[-55.7339,-22.5002],[-55.7341,-22.5003],[-55.7342,-22.5001]]],[[[-55.7339,-22.5008],[-55.7336,-22.5003],[-55.7331,-22.5004],[-55.7331,-22.5001],[-55.7333,-22.4998],[-55.7328,-22.4997],[-55.7322,-22.5003],[-55.7321,-22.5008],[-55.7312,-22.5008],[-55.7311,-22.5014],[-55.7306,-22.5014],[-55.7306,-22.5017],[-55.7316,-22.5017],[-55.7317,-22.501],[-55.7326,-22.5016],[-55.7325,-22.5028],[-55.7321,-22.5028],[-55.7319,-22.5023],[-55.7317,-22.5022],[-55.7314,-22.5026],[-55.7314,-22.5029],[-55.7306,-22.5034],[-55.7306,-22.5044],[-55.7311,-22.5044],[-55.7314,-22.5041],[-55.7319,-22.5042],[-55.7324,-22.5036],[-55.733,-22.5036],[-55.7335,-22.5031],[-55.7338,-22.5031],[-55.7347,-22.5024],[-55.7347,-22.5012],[-55.7344,-22.5008],[-55.7339,-22.5008]]],[[[-55.7311,-22.5623],[-55.7309,-22.5622],[-55.7308,-22.5624],[-55.7311,-22.5625],[-55.7311,-22.5623]]],[[[-55.7314,-22.5202],[-55.7317,-22.5206],[-55.7319,-22.5205],[-55.7319,-22.52],[-55.7314,-22.52],[-55.7314,-22.5202]]],[[[-55.735,-22.5734],[-55.7344,-22.5732],[-55.7341,-22.5725],[-55.7328,-22.5726],[-55.7324,-22.5722],[-55.7322,-22.5723],[-55.7331,-22.5733],[-55.7337,-22.5731],[-55.7345,-22.5739],[-55.7349,-22.5739],[-55.735,-22.5734]]],[[[-55.7328,-22.5767],[-55.7326,-22.5767],[-55.7325,-22.5769],[-55.7327,-22.5769],[-55.7328,-22.5767]]],[[[-55.7336,-22.5113],[-55.7344,-22.5111],[-55.7344,-22.5109],[-55.7339,-22.5108],[-55.7336,-22.5113]]],[[[-55.7333,-22.5114],[-55.7328,-22.5114],[-55.7328,-22.5116],[-55.7333,-22.5117],[-55.7333,-22.5114]]],[[[-55.7334,-22.5761],[-55.7333,-22.5763],[-55.7336,-22.5764],[-55.7336,-22.5762],[-55.7334,-22.5761]]],[[[-55.7336,-22.5551],[-55.7334,-22.555],[-55.7333,-22.5552],[-55.7336,-22.5553],[-55.7336,-22.5551]]],[[[-55.7342,-22.5089],[-55.7342,-22.5091],[-55.7344,-22.5092],[-55.7344,-22.5089],[-55.7342,-22.5089]]],[[[-55.7348,-22.5206],[-55.7347,-22.5208],[-55.7349,-22.5208],[-55.735,-22.5206],[-55.7348,-22.5206]]],[[[-55.7353,-22.4967],[-55.7351,-22.4967],[-55.735,-22.4969],[-55.7352,-22.4969],[-55.7353,-22.4967]]],[[[-55.7356,-22.5533],[-55.7356,-22.5536],[-55.7361,-22.5536],[-55.7361,-22.5533],[-55.7356,-22.5533]]],[[[-55.7358,-22.4892],[-55.7356,-22.4892],[-55.7356,-22.4897],[-55.7358,-22.4897],[-55.7358,-22.4892]]],[[[-55.7365,-22.5553],[-55.7363,-22.555],[-55.7356,-22.5548],[-55.7359,-22.5553],[-55.7362,-22.5553],[-55.7364,-22.5556],[-55.7372,-22.5555],[-55.7372,-22.5553],[-55.7365,-22.5553]]],[[[-55.7359,-22.5544],[-55.7363,-22.5544],[-55.7364,-22.5542],[-55.7359,-22.5542],[-55.7359,-22.5544]]],[[[-55.7372,-22.5751],[-55.7366,-22.5744],[-55.7356,-22.5742],[-55.7367,-22.5753],[-55.7372,-22.5753],[-55.7372,-22.5751]]],[[[-55.7369,-22.4884],[-55.7364,-22.4879],[-55.7364,-22.4873],[-55.7359,-22.4872],[-55.7358,-22.4877],[-55.7364,-22.4882],[-55.7362,-22.4889],[-55.7369,-22.4888],[-55.7369,-22.4884]]],[[[-55.7389,-22.5078],[-55.7392,-22.5076],[-55.7389,-22.5074],[-55.7389,-22.5067],[-55.7383,-22.5067],[-55.7386,-22.5059],[-55.7383,-22.5057],[-55.7383,-22.5051],[-55.7381,-22.5049],[-55.7381,-22.5042],[-55.7367,-22.5042],[-55.737,-22.505],[-55.7378,-22.505],[-55.7379,-22.5052],[-55.7378,-22.5056],[-55.7372,-22.5056],[-55.7378,-22.5063],[-55.7378,-22.5072],[-55.7387,-22.5075],[-55.7389,-22.5078]]],[[[-55.7388,-22.5081],[-55.7386,-22.5081],[-55.7387,-22.5083],[-55.7389,-22.5083],[-55.7388,-22.5081]]],[[[-55.7383,-22.5084],[-55.7378,-22.5083],[-55.7375,-22.5088],[-55.7383,-22.5086],[-55.7383,-22.5084]]],[[[-55.7366,-22.5039],[-55.7367,-22.5037],[-55.7364,-22.5036],[-55.7364,-22.5038],[-55.7366,-22.5039]]],[[[-55.7363,-22.5033],[-55.7364,-22.5031],[-55.7362,-22.5031],[-55.7361,-22.5033],[-55.7363,-22.5033]]],[[[-55.7386,-22.4636],[-55.7383,-22.4628],[-55.7372,-22.4628],[-55.7375,-22.4631],[-55.7376,-22.4636],[-55.7386,-22.4636]]],[[[-55.7378,-22.487],[-55.7373,-22.4869],[-55.7372,-22.4872],[-55.7377,-22.4872],[-55.7378,-22.487]]],[[[-55.7376,-22.5014],[-55.7375,-22.5016],[-55.7377,-22.5017],[-55.7378,-22.5014],[-55.7376,-22.5014]]],[[[-55.7378,-22.5601],[-55.7376,-22.56],[-55.7375,-22.5602],[-55.7377,-22.5603],[-55.7378,-22.5601]]],[[[-55.7389,-22.4955],[-55.7395,-22.4958],[-55.7397,-22.4958],[-55.7397,-22.4953],[-55.7386,-22.4953],[-55.7387,-22.4956],[-55.7389,-22.4955]]],[[[-55.7383,-22.4956],[-55.7376,-22.4956],[-55.7375,-22.4958],[-55.7383,-22.4958],[-55.7383,-22.4956]]],[[[-55.74,-22.4888],[-55.7397,-22.4883],[-55.7392,-22.4883],[-55.7389,-22.4887],[-55.7386,-22.4885],[-55.7386,-22.4881],[-55.7383,-22.4881],[-55.7383,-22.4886],[-55.7387,-22.4889],[-55.7387,-22.4894],[-55.7389,-22.4894],[-55.7389,-22.4888],[-55.7397,-22.4892],[-55.74,-22.4888]]],[[[-55.7383,-22.4895],[-55.7381,-22.4894],[-55.7381,-22.4897],[-55.7383,-22.4897],[-55.7383,-22.4895]]],[[[-55.7389,-22.5762],[-55.7387,-22.5761],[-55.7386,-22.5763],[-55.7388,-22.5764],[-55.7389,-22.5762]]],[[[-55.7383,-22.5761],[-55.7383,-22.5758],[-55.7381,-22.5759],[-55.7381,-22.5761],[-55.7383,-22.5761]]],[[[-55.7398,-22.5533],[-55.7406,-22.5526],[-55.7397,-22.5524],[-55.7397,-22.5519],[-55.74,-22.5517],[-55.7394,-22.5512],[-55.7394,-22.5506],[-55.7392,-22.5506],[-55.7386,-22.5514],[-55.7386,-22.5524],[-55.7389,-22.5528],[-55.7393,-22.5528],[-55.7398,-22.5533]],[[-55.7391,-22.5523],[-55.7389,-22.5522],[-55.739,-22.5518],[-55.7393,-22.552],[-55.7391,-22.5523]]],[[[-55.7386,-22.5508],[-55.7386,-22.5506],[-55.7383,-22.5506],[-55.7384,-22.5508],[-55.7386,-22.5508]]],[[[-55.7389,-22.5009],[-55.7384,-22.5008],[-55.7383,-22.5011],[-55.7388,-22.5011],[-55.7389,-22.5009]]],[[[-55.7394,-22.4905],[-55.7391,-22.49],[-55.7389,-22.4901],[-55.7392,-22.4906],[-55.7394,-22.4905]]],[[[-55.7392,-22.5867],[-55.74,-22.5863],[-55.74,-22.5859],[-55.7397,-22.5856],[-55.7394,-22.5856],[-55.7393,-22.5861],[-55.7389,-22.5862],[-55.7392,-22.5867]]],[[[-55.7403,-22.5781],[-55.7411,-22.5777],[-55.7411,-22.5775],[-55.7406,-22.5775],[-55.7405,-22.5772],[-55.7397,-22.5773],[-55.7403,-22.5781]]],[[[-55.7394,-22.5772],[-55.7394,-22.5769],[-55.7392,-22.577],[-55.7392,-22.5772],[-55.7394,-22.5772]]],[[[-55.7401,-22.4961],[-55.74,-22.4966],[-55.7405,-22.4967],[-55.7406,-22.4962],[-55.7401,-22.4961]]],[[[-55.7403,-22.4899],[-55.74,-22.4901],[-55.7401,-22.4903],[-55.7406,-22.4902],[-55.7405,-22.4894],[-55.7403,-22.4895],[-55.7403,-22.4899]]],[[[-55.7403,-22.4976],[-55.7401,-22.4975],[-55.74,-22.4977],[-55.7402,-22.4978],[-55.7403,-22.4976]]],[[[-55.7403,-22.4984],[-55.7401,-22.4983],[-55.74,-22.4986],[-55.7402,-22.4986],[-55.7403,-22.4984]]],[[[-55.7406,-22.4912],[-55.7403,-22.4912],[-55.7403,-22.4922],[-55.7406,-22.4922],[-55.7406,-22.4912]]],[[[-55.7406,-22.5544],[-55.7414,-22.5541],[-55.7413,-22.5536],[-55.7411,-22.5537],[-55.741,-22.5542],[-55.7406,-22.5542],[-55.7406,-22.5544]]],[[[-55.7414,-22.5559],[-55.7412,-22.5558],[-55.7411,-22.5561],[-55.7413,-22.5561],[-55.7414,-22.5559]]],[[[-55.7417,-22.5839],[-55.7417,-22.5842],[-55.7422,-22.5841],[-55.7422,-22.5839],[-55.7417,-22.5839]]],[[[-55.7431,-22.5784],[-55.7425,-22.5786],[-55.7425,-22.5781],[-55.7423,-22.5781],[-55.7417,-22.5788],[-55.742,-22.5792],[-55.7424,-22.5792],[-55.7431,-22.5784]]],[[[-55.7428,-22.5945],[-55.7426,-22.5944],[-55.7425,-22.5947],[-55.7427,-22.5947],[-55.7428,-22.5945]]],[[[-55.7444,-22.5706],[-55.7442,-22.5706],[-55.7442,-22.5708],[-55.7444,-22.5708],[-55.7444,-22.5706]]],[[[-55.7439,-22.5705],[-55.7433,-22.57],[-55.7428,-22.5701],[-55.7434,-22.5706],[-55.7439,-22.5705]]],[[[-55.7433,-22.5939],[-55.7431,-22.5939],[-55.7431,-22.5941],[-55.7433,-22.5942],[-55.7433,-22.5939]]],[[[-55.7453,-22.5795],[-55.7449,-22.5792],[-55.7433,-22.5792],[-55.7434,-22.5794],[-55.7446,-22.5797],[-55.7448,-22.58],[-55.7452,-22.58],[-55.7453,-22.5795]]],[[[-55.7436,-22.5694],[-55.7444,-22.5694],[-55.7444,-22.5687],[-55.7439,-22.5686],[-55.7436,-22.5689],[-55.7436,-22.5694]]],[[[-55.7439,-22.5576],[-55.7437,-22.5575],[-55.7436,-22.5577],[-55.7438,-22.5578],[-55.7439,-22.5576]]],[[[-55.745,-22.5537],[-55.7447,-22.5537],[-55.7448,-22.5542],[-55.745,-22.5541],[-55.745,-22.5537]]],[[[-55.7447,-22.5544],[-55.7439,-22.5544],[-55.7439,-22.5547],[-55.7447,-22.5547],[-55.7447,-22.5544]]],[[[-55.7438,-22.555],[-55.7436,-22.5551],[-55.7437,-22.5556],[-55.7444,-22.5555],[-55.7438,-22.555]]],[[[-55.7444,-22.602],[-55.7442,-22.6019],[-55.7442,-22.6022],[-55.7444,-22.6022],[-55.7444,-22.602]]],[[[-55.7453,-22.6009],[-55.7451,-22.6008],[-55.745,-22.6011],[-55.7452,-22.6011],[-55.7453,-22.6009]]],[[[-55.7456,-22.5706],[-55.7451,-22.5706],[-55.745,-22.5708],[-55.7455,-22.5708],[-55.7456,-22.5706]]],[[[-55.7456,-22.5489],[-55.7453,-22.5489],[-55.7453,-22.5491],[-55.7455,-22.5492],[-55.7456,-22.5489]]],[[[-55.7462,-22.5181],[-55.7464,-22.518],[-55.7463,-22.5178],[-55.7461,-22.5178],[-55.7462,-22.5181]]],[[[-55.7461,-22.5183],[-55.7458,-22.5184],[-55.7459,-22.5186],[-55.7461,-22.5186],[-55.7461,-22.5183]]],[[[-55.7462,-22.5572],[-55.7467,-22.5569],[-55.7466,-22.5567],[-55.7461,-22.557],[-55.7462,-22.5572]]],[[[-55.7464,-22.5644],[-55.7467,-22.565],[-55.7469,-22.5649],[-55.7469,-22.5644],[-55.7464,-22.5644]]],[[[-55.7467,-22.5169],[-55.7467,-22.5172],[-55.7469,-22.5172],[-55.7469,-22.517],[-55.7467,-22.5169]]],[[[-55.7478,-22.5548],[-55.7476,-22.5547],[-55.7472,-22.5552],[-55.7474,-22.5553],[-55.7478,-22.5548]]],[[[-55.7478,-22.5264],[-55.7478,-22.5266],[-55.748,-22.5267],[-55.7481,-22.5264],[-55.7478,-22.5264]]],[[[-55.7481,-22.5628],[-55.7478,-22.5628],[-55.7478,-22.563],[-55.748,-22.5631],[-55.7481,-22.5628]]],[[[-55.7481,-22.4944],[-55.7481,-22.4947],[-55.7483,-22.4947],[-55.7483,-22.4945],[-55.7481,-22.4944]]],[[[-55.7481,-22.5392],[-55.7481,-22.5394],[-55.7486,-22.5394],[-55.7486,-22.5392],[-55.7481,-22.5392]]],[[[-55.7486,-22.5428],[-55.7481,-22.5428],[-55.7481,-22.543],[-55.7486,-22.5431],[-55.7486,-22.5428]]],[[[-55.7494,-22.5187],[-55.7486,-22.5187],[-55.7483,-22.5183],[-55.7481,-22.5184],[-55.7481,-22.5188],[-55.7487,-22.5189],[-55.7489,-22.5194],[-55.7492,-22.5194],[-55.7494,-22.5187]]],[[[-55.7484,-22.5542],[-55.7483,-22.5544],[-55.7486,-22.5544],[-55.7486,-22.5542],[-55.7484,-22.5542]]],[[[-55.7497,-22.5178],[-55.749,-22.5178],[-55.7488,-22.5175],[-55.7486,-22.5176],[-55.7489,-22.5181],[-55.7497,-22.5181],[-55.7497,-22.5178]]],[[[-55.7489,-22.5553],[-55.7489,-22.5555],[-55.7491,-22.5556],[-55.7492,-22.5553],[-55.7489,-22.5553]]],[[[-55.7494,-22.5534],[-55.7492,-22.5533],[-55.7492,-22.5536],[-55.7494,-22.5536],[-55.7494,-22.5534]]],[[[-55.7497,-22.5806],[-55.7495,-22.5806],[-55.7494,-22.5808],[-55.7497,-22.5808],[-55.7497,-22.5806]]],[[[-55.7508,-22.5636],[-55.7508,-22.5634],[-55.7505,-22.5631],[-55.75,-22.5631],[-55.7501,-22.5636],[-55.7508,-22.5636]]],[[[-55.7511,-22.5764],[-55.7511,-22.5762],[-55.7506,-22.5758],[-55.7506,-22.5763],[-55.7511,-22.5764]]],[[[-55.7525,-22.5417],[-55.7523,-22.5417],[-55.7522,-22.5419],[-55.7524,-22.5419],[-55.7525,-22.5417]]],[[[-55.7522,-22.5422],[-55.7514,-22.5422],[-55.7508,-22.5428],[-55.7509,-22.5436],[-55.7522,-22.5433],[-55.7525,-22.543],[-55.7525,-22.5426],[-55.7522,-22.5422]]],[[[-55.7514,-22.5478],[-55.7514,-22.5483],[-55.7516,-22.5483],[-55.7517,-22.5478],[-55.7514,-22.5478]]],[[[-55.7517,-22.5442],[-55.7517,-22.5444],[-55.7519,-22.5444],[-55.7519,-22.5442],[-55.7517,-22.5442]]],[[[-55.7525,-22.5456],[-55.7523,-22.5456],[-55.7519,-22.5459],[-55.752,-22.5464],[-55.7525,-22.5461],[-55.7525,-22.5456]]],[[[-55.7519,-22.5467],[-55.7517,-22.5467],[-55.7517,-22.5472],[-55.7519,-22.5472],[-55.7519,-22.5467]]],[[[-55.7542,-22.5176],[-55.7539,-22.5175],[-55.7537,-22.5178],[-55.7523,-22.5178],[-55.7522,-22.5186],[-55.7526,-22.5189],[-55.7536,-22.5189],[-55.7542,-22.5176]]],[[[-55.7534,-22.5497],[-55.7539,-22.5494],[-55.7538,-22.5492],[-55.7533,-22.5495],[-55.7534,-22.5497]]],[[[-55.7551,-22.575],[-55.755,-22.5752],[-55.7552,-22.5753],[-55.7553,-22.5751],[-55.7551,-22.575]]],[[[-55.7559,-22.55],[-55.7558,-22.5505],[-55.7561,-22.5506],[-55.7561,-22.5501],[-55.7559,-22.55]]],[[[-55.7562,-22.545],[-55.7561,-22.5452],[-55.7563,-22.5453],[-55.7564,-22.5451],[-55.7562,-22.545]]],[[[-55.7572,-22.5468],[-55.7577,-22.5467],[-55.7578,-22.5464],[-55.7573,-22.5464],[-55.7569,-22.5467],[-55.757,-22.5472],[-55.7572,-22.5472],[-55.7572,-22.5468]]],[[[-55.7611,-22.5534],[-55.7609,-22.5533],[-55.7608,-22.5536],[-55.7611,-22.5536],[-55.7611,-22.5534]]],[[[-55.7614,-22.5528],[-55.7614,-22.553],[-55.7616,-22.5531],[-55.7617,-22.5528],[-55.7614,-22.5528]]],[[[-55.7642,-22.5587],[-55.7636,-22.5591],[-55.7641,-22.5592],[-55.7642,-22.5587]]],[[[-55.7842,-22.5913],[-55.7852,-22.5914],[-55.7853,-22.5909],[-55.7832,-22.5906],[-55.783,-22.5903],[-55.7824,-22.5903],[-55.7822,-22.59],[-55.7808,-22.5901],[-55.7809,-22.5903],[-55.7817,-22.5902],[-55.782,-22.5906],[-55.7826,-22.5906],[-55.7828,-22.5908],[-55.784,-22.5911],[-55.7842,-22.5913]]],[[[-55.7956,-22.5956],[-55.7953,-22.5956],[-55.7953,-22.5958],[-55.7955,-22.5958],[-55.7956,-22.5956]]]]}},{"type":"Feature","properties":{"ano":1991},"geometry":{"type":"MultiPolygon","coordinates":[[[[-55.6439,-22.5442],[-55.6437,-22.5442],[-55.6436,-22.5444],[-55.6438,-22.5444],[-55.6439,-22.5442]]],[[[-55.6447,-22.5451],[-55.6445,-22.545],[-55.6444,-22.5452],[-55.6447,-22.5453],[-55.6447,-22.5451]]],[[[-55.6731,-22.5928],[-55.6726,-22.5928],[-55.6725,-22.593],[-55.673,-22.5931],[-55.6731,-22.5928]]],[[[-55.6752,-22.5903],[-55.6753,-22.5901],[-55.6751,-22.59],[-55.675,-22.5902],[-55.6752,-22.5903]]],[[[-55.6814,-22.5714],[-55.6812,-22.5714],[-55.6811,-22.5716],[-55.6813,-22.5717],[-55.6814,-22.5714]]],[[[-55.6817,-22.5695],[-55.6814,-22.5695],[-55.6814,-22.5703],[-55.6817,-22.5702],[-55.6817,-22.5695]]],[[[-55.6819,-22.5687],[-55.6817,-22.5686],[-55.6817,-22.5688],[-55.6819,-22.5689],[-55.6819,-22.5687]]],[[[-55.6827,-22.5664],[-55.6828,-22.5662],[-55.6826,-22.5661],[-55.6825,-22.5663],[-55.6827,-22.5664]]],[[[-55.6839,-22.5709],[-55.6837,-22.5708],[-55.6831,-22.5716],[-55.6836,-22.5717],[-55.6839,-22.5709]]],[[[-55.6836,-22.562],[-55.6834,-22.5619],[-55.6833,-22.5622],[-55.6836,-22.5622],[-55.6836,-22.562]]],[[[-55.6839,-22.5601],[-55.6837,-22.56],[-55.6836,-22.5602],[-55.6838,-22.5603],[-55.6839,-22.5601]]],[[[-55.6839,-22.5828],[-55.6837,-22.5828],[-55.6836,-22.583],[-55.6838,-22.5831],[-55.6839,-22.5828]]],[[[-55.6836,-22.5613],[-55.6842,-22.5609],[-55.6839,-22.5608],[-55.6836,-22.5613]]],[[[-55.6842,-22.5584],[-55.6839,-22.5583],[-55.6839,-22.5586],[-55.6841,-22.5586],[-55.6842,-22.5584]]],[[[-55.6856,-22.5581],[-55.6848,-22.5581],[-55.6847,-22.5583],[-55.6855,-22.5583],[-55.6856,-22.5581]]],[[[-55.6861,-22.5684],[-55.6856,-22.5683],[-55.6856,-22.5686],[-55.6861,-22.5686],[-55.6861,-22.5684]]],[[[-55.6878,-22.5723],[-55.6876,-22.5722],[-55.6875,-22.5724],[-55.6877,-22.5725],[-55.6878,-22.5723]]],[[[-55.6883,-22.5689],[-55.6881,-22.5689],[-55.6881,-22.5691],[-55.6883,-22.5692],[-55.6883,-22.5689]]],[[[-55.6883,-22.5706],[-55.6881,-22.5706],[-55.6881,-22.5708],[-55.6883,-22.5708],[-55.6883,-22.5706]]],[[[-55.6897,-22.5739],[-55.6892,-22.5739],[-55.6894,-22.5736],[-55.6894,-22.5728],[-55.6883,-22.5728],[-55.6887,-22.5738],[-55.6881,-22.5739],[-55.6881,-22.5741],[-55.6883,-22.5743],[-55.6883,-22.5755],[-55.6889,-22.5761],[-55.6884,-22.5761],[-55.6881,-22.5764],[-55.6881,-22.5775],[-55.6883,-22.5774],[-55.6883,-22.5768],[-55.6891,-22.5767],[-55.6894,-22.5761],[-55.6894,-22.5751],[-55.6892,-22.5749],[-55.6891,-22.5742],[-55.6897,-22.5742],[-55.6897,-22.5739]]],[[[-55.6889,-22.5587],[-55.6887,-22.5586],[-55.6886,-22.5588],[-55.6888,-22.5589],[-55.6889,-22.5587]]],[[[-55.6911,-22.5556],[-55.6903,-22.5553],[-55.69,-22.5557],[-55.6892,-22.5556],[-55.6892,-22.5558],[-55.6903,-22.5558],[-55.6903,-22.5566],[-55.6905,-22.5567],[-55.6911,-22.5563],[-55.6911,-22.5556]]],[[[-55.6902,-22.5569],[-55.6897,-22.5564],[-55.6894,-22.5564],[-55.6901,-22.5573],[-55.6897,-22.5576],[-55.6898,-22.5581],[-55.6906,-22.5577],[-55.6903,-22.5575],[-55.6902,-22.5569]]],[[[-55.6901,-22.5583],[-55.69,-22.5586],[-55.6902,-22.5586],[-55.6903,-22.5584],[-55.6901,-22.5583]]],[[[-55.6897,-22.5587],[-55.6895,-22.5586],[-55.6894,-22.5588],[-55.6897,-22.5589],[-55.6897,-22.5587]]],[[[-55.6922,-22.5489],[-55.692,-22.5489],[-55.6919,-22.5491],[-55.6922,-22.5492],[-55.6922,-22.5489]]],[[[-55.6928,-22.5445],[-55.6926,-22.5444],[-55.6925,-22.5447],[-55.6927,-22.5447],[-55.6928,-22.5445]]],[[[-55.6942,-22.547],[-55.6937,-22.547],[-55.6936,-22.5464],[-55.6933,-22.5464],[-55.6934,-22.5472],[-55.6941,-22.5472],[-55.6942,-22.547]]],[[[-55.6973,-22.5593],[-55.698,-22.5597],[-55.6983,-22.5589],[-55.698,-22.5583],[-55.6974,-22.5583],[-55.6972,-22.5581],[-55.6962,-22.5583],[-55.6957,-22.5589],[-55.695,-22.5589],[-55.6956,-22.5594],[-55.696,-22.5592],[-55.6964,-22.5594],[-55.6973,-22.5593]]],[[[-55.6953,-22.5731],[-55.6951,-22.5731],[-55.695,-22.5733],[-55.6952,-22.5733],[-55.6953,-22.5731]]],[[[-55.6964,-22.5448],[-55.6962,-22.5447],[-55.6961,-22.5449],[-55.6963,-22.545],[-55.6964,-22.5448]]],[[[-55.6975,-22.5481],[-55.6973,-22.5481],[-55.6972,-22.5483],[-55.6974,-22.5483],[-55.6975,-22.5481]]],[[[-55.6972,-22.5486],[-55.6969,-22.5487],[-55.697,-22.5489],[-55.6972,-22.5488],[-55.6972,-22.5486]]],[[[-55.6989,-22.5423],[-55.6987,-22.5422],[-55.6986,-22.5424],[-55.6988,-22.5425],[-55.6989,-22.5423]]],[[[-55.6997,-22.5451],[-55.6995,-22.545],[-55.6994,-22.5452],[-55.6997,-22.5453],[-55.6997,-22.5451]]],[[[-55.7009,-22.5578],[-55.7006,-22.5583],[-55.7013,-22.5583],[-55.7014,-22.5578],[-55.7009,-22.5578]]],[[[-55.702,-22.5559],[-55.7017,-22.5569],[-55.7022,-22.5574],[-55.7022,-22.558],[-55.7027,-22.5581],[-55.7028,-22.5576],[-55.7033,-22.5575],[-55.7036,-22.557],[-55.7028,-22.556],[-55.7027,-22.5553],[-55.702,-22.5553],[-55.702,-22.5559]]],[[[-55.7028,-22.502],[-55.7023,-22.5019],[-55.7022,-22.5022],[-55.7027,-22.5022],[-55.7028,-22.502]]],[[[-55.7047,-22.5431],[-55.704,-22.5431],[-55.7038,-22.5428],[-55.7036,-22.5428],[-55.7036,-22.5433],[-55.7039,-22.5436],[-55.7044,-22.5436],[-55.7047,-22.5431]]],[[[-55.7064,-22.5694],[-55.7071,-22.5689],[-55.7075,-22.5688],[-55.7075,-22.5684],[-55.7068,-22.5683],[-55.7064,-22.5681],[-55.7058,-22.5684],[-55.7058,-22.5688],[-55.7064,-22.569],[-55.7064,-22.5694]]],[[[-55.7064,-22.5523],[-55.7062,-22.5522],[-55.7061,-22.5524],[-55.7063,-22.5525],[-55.7064,-22.5523]]],[[[-55.7075,-22.5445],[-55.7073,-22.5444],[-55.7072,-22.5447],[-55.7074,-22.5447],[-55.7075,-22.5445]]],[[[-55.7069,-22.5444],[-55.7069,-22.5442],[-55.7061,-22.5442],[-55.7062,-22.5444],[-55.7069,-22.5444]]],[[[-55.707,-22.5453],[-55.7067,-22.5458],[-55.7074,-22.5458],[-55.7075,-22.5453],[-55.707,-22.5453]]],[[[-55.7072,-22.5086],[-55.7072,-22.5083],[-55.7067,-22.5084],[-55.7067,-22.5086],[-55.7072,-22.5086]]],[[[-55.7075,-22.5551],[-55.7073,-22.555],[-55.7072,-22.5552],[-55.7074,-22.5553],[-55.7075,-22.5551]]],[[[-55.7075,-22.5501],[-55.7073,-22.55],[-55.7072,-22.5502],[-55.7074,-22.5503],[-55.7075,-22.5501]]],[[[-55.7092,-22.5253],[-55.7089,-22.5253],[-55.7089,-22.5255],[-55.7091,-22.5256],[-55.7092,-22.5253]]],[[[-55.7094,-22.5056],[-55.7092,-22.5056],[-55.7092,-22.5058],[-55.7094,-22.5058],[-55.7094,-22.5056]]],[[[-55.7119,-22.5151],[-55.7117,-22.515],[-55.7117,-22.5152],[-55.7119,-22.5153],[-55.7119,-22.5151]]],[[[-55.7128,-22.562],[-55.7126,-22.5619],[-55.7125,-22.5622],[-55.7127,-22.5622],[-55.7128,-22.562]]],[[[-55.713,-22.5181],[-55.7131,-22.5178],[-55.7128,-22.5178],[-55.7128,-22.518],[-55.713,-22.5181]]],[[[-55.7139,-22.5189],[-55.7133,-22.5187],[-55.7131,-22.5197],[-55.7139,-22.5197],[-55.7139,-22.5189]]],[[[-55.7144,-22.4874],[-55.7148,-22.4878],[-55.7155,-22.4878],[-55.7164,-22.4872],[-55.7164,-22.4867],[-55.7159,-22.4864],[-55.7144,-22.4874]]],[[[-55.7147,-22.5628],[-55.7145,-22.5628],[-55.7144,-22.563],[-55.7147,-22.5631],[-55.7147,-22.5628]]],[[[-55.7161,-22.507],[-55.7159,-22.5069],[-55.7158,-22.5072],[-55.7161,-22.5072],[-55.7161,-22.507]]],[[[-55.7172,-22.5178],[-55.717,-22.5178],[-55.7169,-22.518],[-55.7172,-22.5181],[-55.7172,-22.5178]]],[[[-55.7186,-22.4873],[-55.7184,-22.4872],[-55.7183,-22.4874],[-55.7186,-22.4875],[-55.7186,-22.4873]]],[[[-55.7183,-22.5213],[-55.7189,-22.5219],[-55.7193,-22.5217],[-55.7199,-22.5217],[-55.72,-22.5213],[-55.7205,-22.5211],[-55.7206,-22.5209],[-55.7197,-22.52],[-55.7192,-22.52],[-55.7187,-22.5206],[-55.7183,-22.5206],[-55.7183,-22.5213]]],[[[-55.7189,-22.5359],[-55.7187,-22.5358],[-55.7186,-22.5361],[-55.7188,-22.5361],[-55.7189,-22.5359]]],[[[-55.7189,-22.5169],[-55.7189,-22.5172],[-55.7197,-22.5174],[-55.7197,-22.5169],[-55.7189,-22.5169]]],[[[-55.7188,-22.5167],[-55.7192,-22.5163],[-55.7191,-22.5161],[-55.7186,-22.5162],[-55.7186,-22.5166],[-55.7188,-22.5167]]],[[[-55.7199,-22.5381],[-55.72,-22.5378],[-55.7198,-22.5378],[-55.7197,-22.538],[-55.7199,-22.5381]]],[[[-55.7203,-22.5231],[-55.7201,-22.5231],[-55.72,-22.5233],[-55.7202,-22.5233],[-55.7203,-22.5231]]],[[[-55.7211,-22.5239],[-55.7209,-22.5239],[-55.7208,-22.5241],[-55.7211,-22.5242],[-55.7211,-22.5239]]],[[[-55.7214,-22.5156],[-55.7212,-22.5156],[-55.7211,-22.5158],[-55.7213,-22.5158],[-55.7214,-22.5156]]],[[[-55.7217,-22.5664],[-55.7214,-22.5664],[-55.7211,-22.5669],[-55.7213,-22.5669],[-55.7217,-22.5664]]],[[[-55.7213,-22.5661],[-55.7214,-22.5659],[-55.7212,-22.5658],[-55.7211,-22.5661],[-55.7213,-22.5661]]],[[[-55.7214,-22.5681],[-55.7211,-22.5681],[-55.7212,-22.5686],[-55.7214,-22.5686],[-55.7214,-22.5681]]],[[[-55.7217,-22.5826],[-55.7214,-22.5825],[-55.7214,-22.5827],[-55.7216,-22.5828],[-55.7217,-22.5826]]],[[[-55.7235,-22.5325],[-55.7228,-22.5321],[-55.7227,-22.5314],[-55.7222,-22.5314],[-55.7225,-22.5318],[-55.7226,-22.5325],[-55.7232,-22.5325],[-55.7236,-22.5328],[-55.7235,-22.5325]]],[[[-55.7236,-22.567],[-55.7228,-22.5669],[-55.7228,-22.5674],[-55.7233,-22.5678],[-55.7236,-22.5674],[-55.7236,-22.567]]],[[[-55.7227,-22.5667],[-55.7228,-22.5664],[-55.7223,-22.5661],[-55.7222,-22.5663],[-55.7227,-22.5667]]],[[[-55.7231,-22.5614],[-55.7227,-22.5611],[-55.7225,-22.5612],[-55.7228,-22.5617],[-55.7231,-22.5614]]],[[[-55.7233,-22.5836],[-55.723,-22.5831],[-55.7228,-22.5831],[-55.7231,-22.5836],[-55.7233,-22.5836]]],[[[-55.7236,-22.5908],[-55.7236,-22.5906],[-55.7234,-22.5906],[-55.7233,-22.5908],[-55.7236,-22.5908]]],[[[-55.7239,-22.4928],[-55.7237,-22.4928],[-55.7236,-22.493],[-55.7238,-22.4931],[-55.7239,-22.4928]]],[[[-55.7242,-22.5644],[-55.7242,-22.5652],[-55.7249,-22.5656],[-55.725,-22.5645],[-55.7242,-22.5644]]],[[[-55.7276,-22.5614],[-55.7278,-22.5617],[-55.7283,-22.5617],[-55.7286,-22.5613],[-55.7286,-22.5609],[-55.7279,-22.5608],[-55.7274,-22.5603],[-55.7264,-22.5603],[-55.7264,-22.5607],[-55.7256,-22.5612],[-55.7256,-22.5614],[-55.7261,-22.5614],[-55.7265,-22.5608],[-55.7268,-22.5608],[-55.7273,-22.5614],[-55.7276,-22.5614]]],[[[-55.7256,-22.5621],[-55.7249,-22.5611],[-55.7247,-22.5612],[-55.7247,-22.5619],[-55.7257,-22.5628],[-55.7256,-22.5635],[-55.7253,-22.5637],[-55.7255,-22.5639],[-55.7261,-22.5636],[-55.7257,-22.563],[-55.7261,-22.5627],[-55.7261,-22.5623],[-55.7256,-22.5621]]],[[[-55.725,-22.5626],[-55.7248,-22.5625],[-55.7247,-22.5627],[-55.7249,-22.5628],[-55.725,-22.5626]]],[[[-55.725,-22.5198],[-55.7248,-22.5197],[-55.7247,-22.5199],[-55.7249,-22.52],[-55.725,-22.5198]]],[[[-55.7252,-22.4856],[-55.7253,-22.4853],[-55.7251,-22.4853],[-55.725,-22.4855],[-55.7252,-22.4856]]],[[[-55.7253,-22.5684],[-55.7251,-22.5683],[-55.725,-22.5686],[-55.7252,-22.5686],[-55.7253,-22.5684]]],[[[-55.7261,-22.5856],[-55.7253,-22.5856],[-55.7253,-22.5858],[-55.7261,-22.5858],[-55.7261,-22.5856]]],[[[-55.7256,-22.565],[-55.7261,-22.5647],[-55.7261,-22.5644],[-55.7256,-22.5648],[-55.7256,-22.565]]],[[[-55.7264,-22.5867],[-55.7259,-22.5864],[-55.7256,-22.5869],[-55.726,-22.5869],[-55.7261,-22.5874],[-55.7263,-22.5875],[-55.7264,-22.5867]]],[[[-55.7269,-22.4978],[-55.7277,-22.4981],[-55.7278,-22.4976],[-55.7267,-22.4975],[-55.7267,-22.4981],[-55.7256,-22.4981],[-55.7256,-22.4986],[-55.7265,-22.4986],[-55.7269,-22.4989],[-55.7269,-22.4978]]],[[[-55.7263,-22.5317],[-55.7264,-22.5314],[-55.7262,-22.5314],[-55.7261,-22.5316],[-55.7263,-22.5317]]],[[[-55.7264,-22.5703],[-55.7262,-22.5703],[-55.7261,-22.5705],[-55.7263,-22.5706],[-55.7264,-22.5703]]],[[[-55.7278,-22.5709],[-55.7276,-22.5708],[-55.7275,-22.5711],[-55.7277,-22.5711],[-55.7278,-22.5709]]],[[[-55.7314,-22.5728],[-55.7306,-22.5726],[-55.7312,-22.5734],[-55.731,-22.5736],[-55.7306,-22.5733],[-55.7303,-22.5737],[-55.7301,-22.575],[-55.7298,-22.575],[-55.7293,-22.5756],[-55.7288,-22.5756],[-55.7286,-22.5751],[-55.7284,-22.575],[-55.7275,-22.5762],[-55.7276,-22.5764],[-55.7285,-22.5764],[-55.7287,-22.5767],[-55.7286,-22.5772],[-55.7292,-22.5778],[-55.7297,-22.5778],[-55.7298,-22.5783],[-55.7302,-22.5783],[-55.7303,-22.5778],[-55.7299,-22.5775],[-55.7293,-22.5775],[-55.7292,-22.577],[-55.7288,-22.5767],[-55.7293,-22.5761],[-55.7297,-22.5761],[-55.7297,-22.5758],[-55.7305,-22.5758],[-55.7306,-22.5754],[-55.731,-22.575],[-55.7314,-22.5749],[-55.7313,-22.5736],[-55.7317,-22.5733],[-55.7314,-22.5728]]],[[[-55.7281,-22.4989],[-55.7276,-22.4989],[-55.7275,-22.4991],[-55.728,-22.4992],[-55.7281,-22.4989]]],[[[-55.7286,-22.4998],[-55.7281,-22.4997],[-55.7281,-22.4999],[-55.7286,-22.5],[-55.7286,-22.4998]]],[[[-55.7286,-22.4834],[-55.7284,-22.4833],[-55.7283,-22.4836],[-55.7286,-22.4836],[-55.7286,-22.4834]]],[[[-55.7289,-22.4987],[-55.7287,-22.4986],[-55.7286,-22.4988],[-55.7288,-22.4989],[-55.7289,-22.4987]]],[[[-55.7292,-22.4842],[-55.7289,-22.4842],[-55.7289,-22.4844],[-55.7291,-22.4844],[-55.7292,-22.4842]]],[[[-55.7294,-22.4972],[-55.7294,-22.497],[-55.7292,-22.4969],[-55.7292,-22.4972],[-55.7294,-22.4972]]],[[[-55.7294,-22.4978],[-55.7292,-22.4978],[-55.7292,-22.4983],[-55.7294,-22.4983],[-55.7294,-22.4978]]],[[[-55.7294,-22.4995],[-55.7292,-22.4994],[-55.7292,-22.4997],[-55.7294,-22.4997],[-55.7294,-22.4995]]],[[[-55.7308,-22.5003],[-55.7306,-22.5003],[-55.7306,-22.5005],[-55.7308,-22.5006],[-55.7308,-22.5003]]],[[[-55.7316,-22.4872],[-55.7312,-22.4867],[-55.7308,-22.4872],[-55.7316,-22.4872]]],[[[-55.7314,-22.5709],[-55.7312,-22.5708],[-55.7311,-22.5711],[-55.7313,-22.5711],[-55.7314,-22.5709]]],[[[-55.7322,-22.5006],[-55.732,-22.5006],[-55.7311,-22.5013],[-55.7319,-22.5017],[-55.7319,-22.501],[-55.7322,-22.5006]]],[[[-55.7325,-22.5726],[-55.7323,-22.5725],[-55.7322,-22.5727],[-55.7324,-22.5728],[-55.7325,-22.5726]]],[[[-55.7336,-22.5114],[-55.7334,-22.5114],[-55.7333,-22.5116],[-55.7336,-22.5117],[-55.7336,-22.5114]]],[[[-55.7344,-22.5001],[-55.7341,-22.4997],[-55.7339,-22.4998],[-55.7342,-22.5003],[-55.7344,-22.5001]]],[[[-55.7345,-22.5494],[-55.7344,-22.5502],[-55.7352,-22.5503],[-55.7353,-22.5498],[-55.7349,-22.5494],[-55.7345,-22.5494]]],[[[-55.7358,-22.4898],[-55.7353,-22.4901],[-55.7353,-22.4903],[-55.7358,-22.4902],[-55.7358,-22.4898]]],[[[-55.7367,-22.5545],[-55.736,-22.5544],[-55.7358,-22.5542],[-55.7356,-22.5542],[-55.7356,-22.5547],[-55.7359,-22.555],[-55.7363,-22.555],[-55.7367,-22.5545]]],[[[-55.7364,-22.5487],[-55.7362,-22.5486],[-55.7361,-22.5488],[-55.7363,-22.5489],[-55.7364,-22.5487]]],[[[-55.7367,-22.5128],[-55.7362,-22.5128],[-55.7361,-22.513],[-55.7366,-22.5131],[-55.7367,-22.5128]]],[[[-55.7373,-22.5036],[-55.7371,-22.5039],[-55.7367,-22.5039],[-55.7367,-22.5041],[-55.7374,-22.5042],[-55.7375,-22.5037],[-55.7373,-22.5036]]],[[[-55.7366,-22.5036],[-55.7367,-22.5031],[-55.7364,-22.5029],[-55.7364,-22.5023],[-55.7362,-22.5022],[-55.7361,-22.503],[-55.7366,-22.5036]]],[[[-55.7367,-22.5187],[-55.7364,-22.5186],[-55.7364,-22.5188],[-55.7366,-22.5189],[-55.7367,-22.5187]]],[[[-55.7375,-22.4867],[-55.7367,-22.4867],[-55.7367,-22.4869],[-55.7374,-22.4869],[-55.7375,-22.4867]]],[[[-55.7372,-22.4953],[-55.737,-22.4953],[-55.7369,-22.4955],[-55.7372,-22.4956],[-55.7372,-22.4953]]],[[[-55.7389,-22.4631],[-55.7386,-22.4631],[-55.7385,-22.4636],[-55.7378,-22.4636],[-55.7378,-22.4631],[-55.7376,-22.4631],[-55.7372,-22.4636],[-55.7376,-22.4639],[-55.7386,-22.4639],[-55.7389,-22.4636],[-55.7389,-22.4631]]],[[[-55.7375,-22.5637],[-55.7373,-22.5636],[-55.7372,-22.5638],[-55.7374,-22.5639],[-55.7375,-22.5637]]],[[[-55.7378,-22.5084],[-55.7376,-22.5083],[-55.7375,-22.5086],[-55.7377,-22.5086],[-55.7378,-22.5084]]],[[[-55.7385,-22.4903],[-55.7381,-22.49],[-55.7378,-22.4905],[-55.7392,-22.4905],[-55.7391,-22.4903],[-55.7385,-22.4903]]],[[[-55.7383,-22.5684],[-55.7381,-22.5683],[-55.7381,-22.5686],[-55.7383,-22.5686],[-55.7383,-22.5684]]],[[[-55.7386,-22.5064],[-55.7384,-22.5064],[-55.7383,-22.5066],[-55.7386,-22.5067],[-55.7386,-22.5064]]],[[[-55.7389,-22.5012],[-55.7384,-22.5011],[-55.7383,-22.5013],[-55.7388,-22.5014],[-55.7389,-22.5012]]],[[[-55.7388,-22.4897],[-55.7389,-22.4895],[-55.7387,-22.4894],[-55.7386,-22.4897],[-55.7388,-22.4897]]],[[[-55.7389,-22.5509],[-55.7387,-22.5508],[-55.7386,-22.5511],[-55.7388,-22.5511],[-55.7389,-22.5509]]],[[[-55.7389,-22.5603],[-55.7387,-22.5603],[-55.7386,-22.5605],[-55.7388,-22.5606],[-55.7389,-22.5603]]],[[[-55.7394,-22.552],[-55.7392,-22.5519],[-55.7389,-22.5524],[-55.7391,-22.5525],[-55.7394,-22.552]]],[[[-55.7394,-22.5859],[-55.7392,-22.5858],[-55.7392,-22.5861],[-55.7394,-22.5861],[-55.7394,-22.5859]]],[[[-55.7397,-22.5775],[-55.7397,-22.5773],[-55.7395,-22.5772],[-55.7394,-22.5774],[-55.7397,-22.5775]]],[[[-55.74,-22.4956],[-55.7398,-22.4956],[-55.7397,-22.4958],[-55.7399,-22.4958],[-55.74,-22.4956]]],[[[-55.7408,-22.4978],[-55.7408,-22.4973],[-55.7403,-22.4972],[-55.7403,-22.4967],[-55.7401,-22.4967],[-55.74,-22.4983],[-55.7402,-22.4983],[-55.7408,-22.4978]]],[[[-55.7408,-22.5856],[-55.7406,-22.5856],[-55.7406,-22.5858],[-55.7408,-22.5858],[-55.7408,-22.5856]]],[[[-55.7422,-22.5887],[-55.742,-22.5886],[-55.7419,-22.5888],[-55.7422,-22.5889],[-55.7422,-22.5887]]],[[[-55.7424,-22.5561],[-55.7424,-22.5558],[-55.7419,-22.5559],[-55.742,-22.5561],[-55.7424,-22.5561]]],[[[-55.7433,-22.5787],[-55.7431,-22.5786],[-55.7431,-22.5788],[-55.7433,-22.5789],[-55.7433,-22.5787]]],[[[-55.7436,-22.5553],[-55.7433,-22.555],[-55.7431,-22.5551],[-55.7434,-22.5556],[-55.7436,-22.5553]]],[[[-55.745,-22.5703],[-55.7446,-22.5703],[-55.7443,-22.57],[-55.745,-22.5694],[-55.745,-22.5687],[-55.7447,-22.5683],[-55.7442,-22.5683],[-55.7444,-22.5693],[-55.7439,-22.5702],[-55.7445,-22.5706],[-55.7449,-22.5706],[-55.745,-22.5703]]],[[[-55.7442,-22.5542],[-55.7439,-22.5542],[-55.7439,-22.5544],[-55.7441,-22.5544],[-55.7442,-22.5542]]],[[[-55.7444,-22.5792],[-55.7444,-22.5789],[-55.7442,-22.5789],[-55.7442,-22.5791],[-55.7444,-22.5792]]],[[[-55.745,-22.5253],[-55.7448,-22.5253],[-55.7447,-22.5255],[-55.7449,-22.5256],[-55.745,-22.5253]]],[[[-55.7452,-22.5539],[-55.7453,-22.5537],[-55.7451,-22.5536],[-55.745,-22.5538],[-55.7452,-22.5539]]],[[[-55.7461,-22.5659],[-55.7456,-22.5658],[-55.7456,-22.5661],[-55.7461,-22.5661],[-55.7461,-22.5659]]],[[[-55.7464,-22.5492],[-55.7462,-22.5492],[-55.7461,-22.5494],[-55.7463,-22.5494],[-55.7464,-22.5492]]],[[[-55.7467,-22.5176],[-55.7464,-22.5175],[-55.7464,-22.5177],[-55.7466,-22.5178],[-55.7467,-22.5176]]],[[[-55.7472,-22.5186],[-55.7472,-22.5183],[-55.7464,-22.5184],[-55.7464,-22.5186],[-55.7472,-22.5186]]],[[[-55.7475,-22.5639],[-55.7467,-22.5639],[-55.7464,-22.5644],[-55.7472,-22.5644],[-55.7475,-22.5639]]],[[[-55.7469,-22.5062],[-55.7467,-22.5061],[-55.7467,-22.5063],[-55.7469,-22.5064],[-55.7469,-22.5062]]],[[[-55.7469,-22.5259],[-55.7467,-22.5258],[-55.7467,-22.5261],[-55.7469,-22.5261],[-55.7469,-22.5259]]],[[[-55.7477,-22.5264],[-55.7478,-22.5262],[-55.7476,-22.5261],[-55.7475,-22.5263],[-55.7477,-22.5264]]],[[[-55.7481,-22.5387],[-55.7478,-22.5386],[-55.7478,-22.5388],[-55.748,-22.5389],[-55.7481,-22.5387]]],[[[-55.7483,-22.5441],[-55.7491,-22.5442],[-55.7494,-22.5437],[-55.7488,-22.5431],[-55.7481,-22.5431],[-55.7478,-22.5436],[-55.7483,-22.5441]]],[[[-55.7483,-22.5306],[-55.7481,-22.5306],[-55.7481,-22.5308],[-55.7483,-22.5308],[-55.7483,-22.5306]]],[[[-55.7492,-22.5614],[-55.7483,-22.5614],[-55.7481,-22.5631],[-55.7488,-22.5622],[-55.7491,-22.5622],[-55.7494,-22.5619],[-55.7492,-22.5614]]],[[[-55.7488,-22.5567],[-55.7489,-22.5559],[-55.7487,-22.5558],[-55.7486,-22.5566],[-55.7488,-22.5567]]],[[[-55.7494,-22.4939],[-55.7492,-22.4939],[-55.7492,-22.4941],[-55.7494,-22.4942],[-55.7494,-22.4939]]],[[[-55.7494,-22.5184],[-55.7492,-22.5183],[-55.7492,-22.5186],[-55.7494,-22.5186],[-55.7494,-22.5184]]],[[[-55.75,-22.5632],[-55.7506,-22.563],[-55.7502,-22.5625],[-55.7497,-22.5626],[-55.7495,-22.5639],[-55.7503,-22.5638],[-55.75,-22.5632]]],[[[-55.7503,-22.5451],[-55.7501,-22.545],[-55.75,-22.5452],[-55.7502,-22.5453],[-55.7503,-22.5451]]],[[[-55.7506,-22.5345],[-55.7503,-22.5344],[-55.7503,-22.5347],[-55.7505,-22.5347],[-55.7506,-22.5345]]],[[[-55.7508,-22.4939],[-55.7503,-22.4939],[-55.7503,-22.4941],[-55.7508,-22.4942],[-55.7508,-22.4939]]],[[[-55.7513,-22.5386],[-55.7509,-22.5383],[-55.7506,-22.5387],[-55.7506,-22.5391],[-55.7513,-22.5392],[-55.7513,-22.5386]]],[[[-55.7517,-22.5503],[-55.7514,-22.5503],[-55.7514,-22.5505],[-55.7516,-22.5506],[-55.7517,-22.5503]]],[[[-55.7517,-22.5792],[-55.7514,-22.5792],[-55.7514,-22.5794],[-55.7516,-22.5794],[-55.7517,-22.5792]]],[[[-55.7525,-22.5431],[-55.7523,-22.5431],[-55.7519,-22.5434],[-55.752,-22.5442],[-55.7522,-22.5441],[-55.7522,-22.5435],[-55.7525,-22.5431]]],[[[-55.7531,-22.5412],[-55.7528,-22.5411],[-55.7528,-22.5413],[-55.753,-22.5414],[-55.7531,-22.5412]]],[[[-55.755,-22.4942],[-55.7545,-22.4942],[-55.7544,-22.4944],[-55.7549,-22.4944],[-55.755,-22.4942]]],[[[-55.7558,-22.5073],[-55.7556,-22.5072],[-55.7556,-22.5074],[-55.7558,-22.5075],[-55.7558,-22.5073]]],[[[-55.7553,-22.5076],[-55.7545,-22.5075],[-55.7544,-22.5077],[-55.7552,-22.5078],[-55.7553,-22.5076]]],[[[-55.7566,-22.4981],[-55.7567,-22.4978],[-55.7564,-22.4978],[-55.7564,-22.498],[-55.7566,-22.4981]]],[[[-55.7569,-22.5472],[-55.7569,-22.547],[-55.7567,-22.5469],[-55.7567,-22.5472],[-55.7569,-22.5472]]],[[[-55.7569,-22.5814],[-55.7567,-22.5814],[-55.7567,-22.5816],[-55.7569,-22.5817],[-55.7569,-22.5814]]],[[[-55.7638,-22.5847],[-55.7638,-22.5844],[-55.7633,-22.5845],[-55.7634,-22.5847],[-55.7638,-22.5847]]]]}},{"type":"Feature","properties":{"ano":1992},"geometry":{"type":"MultiPolygon","coordinates":[[[[-55.6442,-22.5451],[-55.6439,-22.545],[-55.6439,-22.5452],[-55.6441,-22.5453],[-55.6442,-22.5451]]],[[[-55.6819,-22.5872],[-55.6819,-22.587],[-55.6817,-22.5869],[-55.6817,-22.5872],[-55.6819,-22.5872]]],[[[-55.6836,-22.5638],[-55.6836,-22.5617],[-55.6834,-22.5617],[-55.6835,-22.5632],[-55.6831,-22.5634],[-55.6834,-22.5639],[-55.6836,-22.5638]]],[[[-55.6837,-22.5603],[-55.6836,-22.5608],[-55.6838,-22.5608],[-55.6842,-22.5603],[-55.6837,-22.5603]]],[[[-55.6853,-22.5688],[-55.6861,-22.5689],[-55.6861,-22.5687],[-55.6853,-22.5683],[-55.6853,-22.5688]]],[[[-55.685,-22.5689],[-55.6848,-22.5689],[-55.6847,-22.5691],[-55.6849,-22.5692],[-55.685,-22.5689]]],[[[-55.6855,-22.5581],[-55.6856,-22.5576],[-55.6853,-22.5575],[-55.6853,-22.558],[-55.6855,-22.5581]]],[[[-55.6883,-22.5714],[-55.6876,-22.5714],[-55.6875,-22.5716],[-55.6883,-22.5717],[-55.6883,-22.5714]]],[[[-55.688,-22.5692],[-55.6881,-22.5689],[-55.6878,-22.5689],[-55.6878,-22.5691],[-55.688,-22.5692]]],[[[-55.6889,-22.5762],[-55.6881,-22.5761],[-55.6878,-22.5766],[-55.688,-22.5767],[-55.6884,-22.5763],[-55.6888,-22.5764],[-55.6889,-22.5762]]],[[[-55.6886,-22.5758],[-55.6886,-22.5756],[-55.6884,-22.5756],[-55.6883,-22.5758],[-55.6886,-22.5758]]],[[[-55.6892,-22.5464],[-55.6884,-22.5464],[-55.6883,-22.5466],[-55.6891,-22.5467],[-55.6892,-22.5464]]],[[[-55.6889,-22.5737],[-55.6887,-22.5736],[-55.6886,-22.5738],[-55.6888,-22.5739],[-55.6889,-22.5737]]],[[[-55.6894,-22.5748],[-55.6892,-22.5747],[-55.6892,-22.5749],[-55.6894,-22.575],[-55.6894,-22.5748]]],[[[-55.69,-22.5583],[-55.6902,-22.5583],[-55.6906,-22.5578],[-55.6901,-22.5578],[-55.69,-22.5583]]],[[[-55.6902,-22.5564],[-55.6903,-22.5562],[-55.6901,-22.5561],[-55.69,-22.5563],[-55.6902,-22.5564]]],[[[-55.6911,-22.5551],[-55.6908,-22.5551],[-55.6909,-22.5556],[-55.6911,-22.5555],[-55.6911,-22.5551]]],[[[-55.6931,-22.5506],[-55.6925,-22.5499],[-55.6925,-22.5496],[-55.6931,-22.5491],[-55.6931,-22.5481],[-55.6928,-22.5481],[-55.6922,-22.5484],[-55.6923,-22.5494],[-55.6919,-22.5498],[-55.6919,-22.5502],[-55.6923,-22.5508],[-55.693,-22.5508],[-55.6931,-22.5506]]],[[[-55.6936,-22.5462],[-55.6934,-22.5461],[-55.6933,-22.5463],[-55.6936,-22.5464],[-55.6936,-22.5462]]],[[[-55.6939,-22.5483],[-55.6936,-22.5491],[-55.6944,-22.5492],[-55.6944,-22.5484],[-55.6939,-22.5483]]],[[[-55.6962,-22.555],[-55.6961,-22.5552],[-55.6966,-22.5556],[-55.6967,-22.5551],[-55.6962,-22.555]]],[[[-55.698,-22.5742],[-55.6981,-22.5739],[-55.6978,-22.5739],[-55.6978,-22.5741],[-55.698,-22.5742]]],[[[-55.6999,-22.5597],[-55.6999,-22.5589],[-55.6986,-22.5589],[-55.6987,-22.5597],[-55.6999,-22.5597]]],[[[-55.6983,-22.5588],[-55.6983,-22.5586],[-55.6981,-22.5587],[-55.6981,-22.5589],[-55.6983,-22.5588]]],[[[-55.6986,-22.5419],[-55.6986,-22.5417],[-55.6984,-22.5417],[-55.6983,-22.5419],[-55.6986,-22.5419]]],[[[-55.7005,-22.5556],[-55.7008,-22.5548],[-55.7006,-22.5547],[-55.7006,-22.5551],[-55.7001,-22.5553],[-55.7,-22.5555],[-55.7005,-22.5556]]],[[[-55.7006,-22.5567],[-55.7003,-22.5567],[-55.7003,-22.5572],[-55.7006,-22.5572],[-55.7006,-22.5567]]],[[[-55.7023,-22.565],[-55.7022,-22.5652],[-55.7027,-22.5656],[-55.7028,-22.5651],[-55.7023,-22.565]]],[[[-55.7031,-22.5442],[-55.7028,-22.5442],[-55.7028,-22.5447],[-55.7031,-22.5447],[-55.7031,-22.5442]]],[[[-55.7038,-22.5436],[-55.7039,-22.5434],[-55.7037,-22.5433],[-55.7036,-22.5436],[-55.7038,-22.5436]]],[[[-55.7044,-22.5162],[-55.7041,-22.5158],[-55.7039,-22.5159],[-55.7042,-22.5164],[-55.7044,-22.5162]]],[[[-55.7062,-22.5425],[-55.7067,-22.5433],[-55.7069,-22.5433],[-55.7067,-22.5423],[-55.7063,-22.5422],[-55.7053,-22.5414],[-55.7053,-22.5419],[-55.7056,-22.5421],[-55.7056,-22.5424],[-55.7062,-22.5425]]],[[[-55.7074,-22.5072],[-55.7074,-22.5069],[-55.7069,-22.507],[-55.707,-22.5072],[-55.7074,-22.5072]]],[[[-55.7086,-22.5459],[-55.7084,-22.5458],[-55.7083,-22.5461],[-55.7086,-22.5461],[-55.7086,-22.5459]]],[[[-55.7094,-22.51],[-55.7094,-22.5098],[-55.7092,-22.5097],[-55.7092,-22.5099],[-55.7094,-22.51]]],[[[-55.7136,-22.5608],[-55.7136,-22.5603],[-55.7125,-22.5603],[-55.7125,-22.5611],[-55.7131,-22.5614],[-55.7136,-22.5608]]],[[[-55.7122,-22.5612],[-55.712,-22.5611],[-55.7119,-22.5613],[-55.7122,-22.5614],[-55.7122,-22.5612]]],[[[-55.7128,-22.517],[-55.712,-22.5169],[-55.7119,-22.5172],[-55.7125,-22.5172],[-55.7127,-22.5175],[-55.7128,-22.517]]],[[[-55.7124,-22.515],[-55.7125,-22.5148],[-55.7123,-22.5147],[-55.7122,-22.5149],[-55.7124,-22.515]]],[[[-55.7142,-22.5345],[-55.7137,-22.5344],[-55.7136,-22.5347],[-55.7141,-22.5347],[-55.7142,-22.5345]]],[[[-55.7141,-22.5672],[-55.7141,-22.5669],[-55.7136,-22.567],[-55.7137,-22.5672],[-55.7141,-22.5672]]],[[[-55.7153,-22.4892],[-55.7148,-22.4892],[-55.7147,-22.4894],[-55.7152,-22.4894],[-55.7153,-22.4892]]],[[[-55.7156,-22.5051],[-55.7153,-22.505],[-55.7153,-22.5052],[-55.7155,-22.5053],[-55.7156,-22.5051]]],[[[-55.7156,-22.5812],[-55.7153,-22.5811],[-55.7153,-22.5813],[-55.7155,-22.5814],[-55.7156,-22.5812]]],[[[-55.7177,-22.4867],[-55.7177,-22.4861],[-55.7167,-22.4861],[-55.7164,-22.4871],[-55.7156,-22.4877],[-55.7161,-22.4878],[-55.7174,-22.4867],[-55.7177,-22.4867]]],[[[-55.72,-22.5137],[-55.7189,-22.5132],[-55.7189,-22.5128],[-55.7192,-22.5126],[-55.7186,-22.5117],[-55.7178,-22.5117],[-55.7175,-22.512],[-55.7184,-22.5128],[-55.7178,-22.5134],[-55.7178,-22.5136],[-55.7182,-22.5136],[-55.7184,-22.5139],[-55.7199,-22.5139],[-55.72,-22.5137]]],[[[-55.7195,-22.5131],[-55.7197,-22.513],[-55.7197,-22.5128],[-55.7194,-22.5128],[-55.7195,-22.5131]]],[[[-55.7186,-22.5162],[-55.7181,-22.5161],[-55.7181,-22.5166],[-55.7184,-22.5169],[-55.7188,-22.5169],[-55.7186,-22.5162]]],[[[-55.7186,-22.5201],[-55.7184,-22.52],[-55.7181,-22.5205],[-55.7183,-22.5206],[-55.7186,-22.5201]]],[[[-55.7191,-22.515],[-55.7191,-22.5147],[-55.7186,-22.5148],[-55.7187,-22.515],[-55.7191,-22.515]]],[[[-55.7208,-22.5389],[-55.7206,-22.5389],[-55.7206,-22.5391],[-55.7208,-22.5392],[-55.7208,-22.5389]]],[[[-55.7211,-22.4939],[-55.7209,-22.4939],[-55.7208,-22.4941],[-55.7211,-22.4942],[-55.7211,-22.4939]]],[[[-55.7214,-22.5653],[-55.7212,-22.5653],[-55.7211,-22.5655],[-55.7213,-22.5656],[-55.7214,-22.5653]]],[[[-55.7214,-22.4924],[-55.7227,-22.4925],[-55.7228,-22.4923],[-55.7214,-22.4919],[-55.7214,-22.4924]]],[[[-55.7216,-22.5147],[-55.7217,-22.5145],[-55.7214,-22.5144],[-55.7214,-22.5147],[-55.7216,-22.5147]]],[[[-55.7225,-22.5159],[-55.7222,-22.5156],[-55.7219,-22.5156],[-55.7223,-22.5161],[-55.7225,-22.5159]]],[[[-55.7227,-22.5608],[-55.7228,-22.5606],[-55.7226,-22.5606],[-55.7225,-22.5608],[-55.7227,-22.5608]]],[[[-55.7236,-22.5603],[-55.7234,-22.5603],[-55.7233,-22.5605],[-55.7236,-22.5606],[-55.7236,-22.5603]]],[[[-55.7239,-22.5614],[-55.7237,-22.5614],[-55.7236,-22.5616],[-55.7238,-22.5617],[-55.7239,-22.5614]]],[[[-55.725,-22.5628],[-55.7245,-22.5628],[-55.7244,-22.563],[-55.7249,-22.5631],[-55.725,-22.5628]]],[[[-55.7249,-22.5686],[-55.725,-22.5684],[-55.7248,-22.5683],[-55.7247,-22.5686],[-55.7249,-22.5686]]],[[[-55.7247,-22.5149],[-55.7253,-22.5145],[-55.7251,-22.5144],[-55.7247,-22.5149]]],[[[-55.7258,-22.5656],[-55.7264,-22.5648],[-55.7256,-22.5648],[-55.7251,-22.5644],[-55.725,-22.5655],[-55.7258,-22.5656]]],[[[-55.7256,-22.5198],[-55.7253,-22.5197],[-55.7253,-22.5199],[-55.7255,-22.52],[-55.7256,-22.5198]]],[[[-55.7258,-22.4981],[-55.7258,-22.4978],[-55.7256,-22.4978],[-55.7256,-22.498],[-55.7258,-22.4981]]],[[[-55.7259,-22.5189],[-55.7259,-22.5194],[-55.7267,-22.5194],[-55.7266,-22.5192],[-55.7259,-22.5189]]],[[[-55.7264,-22.5931],[-55.7261,-22.5928],[-55.7258,-22.5928],[-55.7262,-22.5936],[-55.7264,-22.5936],[-55.7264,-22.5931]]],[[[-55.7272,-22.5866],[-55.7263,-22.5858],[-55.7261,-22.5859],[-55.7262,-22.5867],[-55.7272,-22.5866]]],[[[-55.7292,-22.4996],[-55.7299,-22.4997],[-55.73,-22.4995],[-55.7297,-22.4993],[-55.7297,-22.4983],[-55.7293,-22.4986],[-55.7289,-22.4985],[-55.7289,-22.4973],[-55.7287,-22.4972],[-55.7283,-22.4976],[-55.7283,-22.4983],[-55.7287,-22.4988],[-55.7283,-22.4991],[-55.7287,-22.4994],[-55.7287,-22.5],[-55.7292,-22.4996]]],[[[-55.7281,-22.4992],[-55.7272,-22.4989],[-55.7273,-22.5006],[-55.7275,-22.5005],[-55.7275,-22.4999],[-55.7281,-22.4997],[-55.7281,-22.4992]]],[[[-55.7272,-22.4986],[-55.7278,-22.4981],[-55.7264,-22.4975],[-55.7264,-22.498],[-55.7268,-22.4981],[-55.7269,-22.4986],[-55.7272,-22.4986]]],[[[-55.7281,-22.4842],[-55.7278,-22.4842],[-55.7278,-22.4844],[-55.728,-22.4844],[-55.7281,-22.4842]]],[[[-55.7275,-22.4841],[-55.7274,-22.4839],[-55.7272,-22.4839],[-55.7273,-22.4842],[-55.7275,-22.4841]]],[[[-55.7269,-22.4842],[-55.7267,-22.4842],[-55.7267,-22.4844],[-55.7269,-22.4844],[-55.7269,-22.4842]]],[[[-55.7272,-22.5175],[-55.7272,-22.5173],[-55.727,-22.5172],[-55.7269,-22.5174],[-55.7272,-22.5175]]],[[[-55.7278,-22.5014],[-55.7278,-22.5019],[-55.7286,-22.5019],[-55.7283,-22.5014],[-55.7278,-22.5014]]],[[[-55.7292,-22.5681],[-55.7288,-22.5678],[-55.7286,-22.5678],[-55.7289,-22.5683],[-55.7292,-22.5681]]],[[[-55.73,-22.4828],[-55.7294,-22.4831],[-55.7295,-22.4833],[-55.73,-22.4833],[-55.73,-22.4828]]],[[[-55.7311,-22.4859],[-55.7303,-22.4858],[-55.7303,-22.4861],[-55.7311,-22.4861],[-55.7311,-22.4859]]],[[[-55.73,-22.4862],[-55.7298,-22.4861],[-55.7297,-22.4863],[-55.7299,-22.4864],[-55.73,-22.4862]]],[[[-55.7302,-22.5764],[-55.7303,-22.5762],[-55.7301,-22.5761],[-55.73,-22.5763],[-55.7302,-22.5764]]],[[[-55.7303,-22.5784],[-55.7301,-22.5783],[-55.73,-22.5786],[-55.7302,-22.5786],[-55.7303,-22.5784]]],[[[-55.7308,-22.4839],[-55.7308,-22.4837],[-55.7306,-22.4836],[-55.7306,-22.4838],[-55.7308,-22.4839]]],[[[-55.7308,-22.5769],[-55.7308,-22.5767],[-55.7306,-22.5767],[-55.7306,-22.5769],[-55.7308,-22.5769]]],[[[-55.7311,-22.5003],[-55.7309,-22.5003],[-55.7308,-22.5005],[-55.7311,-22.5006],[-55.7311,-22.5003]]],[[[-55.7317,-22.5537],[-55.7314,-22.5536],[-55.7314,-22.5538],[-55.7316,-22.5539],[-55.7317,-22.5537]]],[[[-55.7322,-22.5531],[-55.732,-22.5531],[-55.7319,-22.5533],[-55.7322,-22.5533],[-55.7322,-22.5531]]],[[[-55.7327,-22.5547],[-55.7328,-22.5545],[-55.7326,-22.5544],[-55.7325,-22.5547],[-55.7327,-22.5547]]],[[[-55.7356,-22.4987],[-55.7349,-22.4978],[-55.7342,-22.4978],[-55.7339,-22.4981],[-55.7339,-22.4997],[-55.7342,-22.5],[-55.7355,-22.5],[-55.7356,-22.4987]]],[[[-55.7347,-22.5209],[-55.7345,-22.5208],[-55.7344,-22.5211],[-55.7347,-22.5211],[-55.7347,-22.5209]]],[[[-55.7349,-22.5194],[-55.735,-22.5192],[-55.7348,-22.5192],[-55.7347,-22.5194],[-55.7349,-22.5194]]],[[[-55.7353,-22.5495],[-55.7349,-22.5492],[-55.7347,-22.5492],[-55.7351,-22.5497],[-55.7353,-22.5495]]],[[[-55.7356,-22.5545],[-55.7351,-22.5544],[-55.735,-22.5547],[-55.7355,-22.5547],[-55.7356,-22.5545]]],[[[-55.7361,-22.4878],[-55.7356,-22.4878],[-55.7353,-22.4875],[-55.735,-22.4878],[-55.735,-22.4883],[-55.7358,-22.4883],[-55.7358,-22.4888],[-55.7361,-22.4889],[-55.7364,-22.4886],[-55.7364,-22.4881],[-55.7361,-22.4878]]],[[[-55.7355,-22.4867],[-55.7356,-22.4864],[-55.7353,-22.4864],[-55.7353,-22.4866],[-55.7355,-22.4867]]],[[[-55.7358,-22.4958],[-55.7358,-22.4956],[-55.7353,-22.4956],[-55.7353,-22.4958],[-55.7358,-22.4958]]],[[[-55.7361,-22.4895],[-55.7359,-22.4894],[-55.7358,-22.4897],[-55.7361,-22.4897],[-55.7361,-22.4895]]],[[[-55.7369,-22.5548],[-55.7364,-22.5547],[-55.7364,-22.5552],[-55.7369,-22.5553],[-55.7369,-22.5548]]],[[[-55.7374,-22.5025],[-55.7374,-22.5022],[-55.7364,-22.5022],[-55.7364,-22.503],[-55.7374,-22.5025]]],[[[-55.7367,-22.5033],[-55.7367,-22.5039],[-55.7373,-22.5038],[-55.7376,-22.5042],[-55.7378,-22.5041],[-55.7377,-22.5031],[-55.7367,-22.5033]]],[[[-55.7374,-22.4892],[-55.7374,-22.4889],[-55.7369,-22.4889],[-55.737,-22.4892],[-55.7374,-22.4892]]],[[[-55.7381,-22.4644],[-55.7381,-22.465],[-55.7388,-22.465],[-55.7389,-22.4646],[-55.7397,-22.4638],[-55.7397,-22.4634],[-55.7389,-22.4631],[-55.7389,-22.4635],[-55.7385,-22.4639],[-55.7376,-22.4639],[-55.7373,-22.4636],[-55.7372,-22.4644],[-55.7381,-22.4644]]],[[[-55.7381,-22.4869],[-55.7381,-22.4872],[-55.7408,-22.4872],[-55.7402,-22.4867],[-55.7395,-22.4867],[-55.7393,-22.4869],[-55.7387,-22.4867],[-55.7385,-22.4869],[-55.7381,-22.4869]]],[[[-55.7378,-22.4869],[-55.7377,-22.4867],[-55.7375,-22.4867],[-55.7376,-22.4869],[-55.7378,-22.4869]]],[[[-55.7383,-22.5014],[-55.7383,-22.5012],[-55.7381,-22.5011],[-55.7381,-22.5013],[-55.7383,-22.5014]]],[[[-55.7389,-22.5059],[-55.7384,-22.5053],[-55.7386,-22.5065],[-55.7383,-22.5067],[-55.7384,-22.5069],[-55.7389,-22.5066],[-55.7389,-22.5059]]],[[[-55.7383,-22.505],[-55.7383,-22.5048],[-55.7381,-22.5047],[-55.7381,-22.5049],[-55.7383,-22.505]]],[[[-55.74,-22.4894],[-55.7399,-22.4889],[-55.7389,-22.4889],[-55.7392,-22.4896],[-55.7388,-22.4897],[-55.7386,-22.4892],[-55.7384,-22.4892],[-55.7381,-22.4899],[-55.7384,-22.4903],[-55.7388,-22.4903],[-55.739,-22.49],[-55.7402,-22.49],[-55.7403,-22.4895],[-55.74,-22.4894]]],[[[-55.7389,-22.5508],[-55.7394,-22.5505],[-55.7394,-22.5503],[-55.7389,-22.5506],[-55.7389,-22.5508]]],[[[-55.7392,-22.4956],[-55.7392,-22.4961],[-55.7406,-22.4961],[-55.7405,-22.4958],[-55.7396,-22.4958],[-55.7392,-22.4956]]],[[[-55.7402,-22.4914],[-55.7403,-22.4912],[-55.7401,-22.4911],[-55.74,-22.4913],[-55.7402,-22.4914]]],[[[-55.7408,-22.4978],[-55.7406,-22.4978],[-55.7406,-22.498],[-55.7408,-22.4981],[-55.7408,-22.4978]]],[[[-55.7405,-22.4975],[-55.7406,-22.4973],[-55.7403,-22.4972],[-55.7403,-22.4974],[-55.7405,-22.4975]]],[[[-55.7411,-22.5858],[-55.7411,-22.5856],[-55.7409,-22.5856],[-55.7408,-22.5858],[-55.7411,-22.5858]]],[[[-55.7419,-22.5514],[-55.7419,-22.5512],[-55.7417,-22.5511],[-55.7417,-22.5513],[-55.7419,-22.5514]]],[[[-55.7422,-22.5783],[-55.7422,-22.5781],[-55.742,-22.5781],[-55.7419,-22.5783],[-55.7422,-22.5783]]],[[[-55.7449,-22.5708],[-55.7449,-22.5706],[-55.7444,-22.5706],[-55.7445,-22.5708],[-55.7449,-22.5708]]],[[[-55.7464,-22.5698],[-55.7459,-22.5697],[-55.7458,-22.5699],[-55.7463,-22.57],[-55.7464,-22.5698]]],[[[-55.7464,-22.4898],[-55.7462,-22.4897],[-55.7461,-22.4899],[-55.7463,-22.49],[-55.7464,-22.4898]]],[[[-55.7466,-22.4886],[-55.7467,-22.4884],[-55.7464,-22.4883],[-55.7464,-22.4886],[-55.7466,-22.4886]]],[[[-55.7463,-22.4889],[-55.7461,-22.4889],[-55.7462,-22.4892],[-55.7464,-22.4891],[-55.7463,-22.4889]]],[[[-55.7467,-22.5639],[-55.7464,-22.5639],[-55.7464,-22.5641],[-55.7466,-22.5642],[-55.7467,-22.5639]]],[[[-55.7472,-22.5561],[-55.7472,-22.5559],[-55.747,-22.5558],[-55.7469,-22.5561],[-55.7472,-22.5561]]],[[[-55.7472,-22.5259],[-55.747,-22.5258],[-55.7469,-22.5261],[-55.7472,-22.5261],[-55.7472,-22.5259]]],[[[-55.7473,-22.5642],[-55.7469,-22.5645],[-55.747,-22.5647],[-55.7475,-22.5647],[-55.7475,-22.5642],[-55.7473,-22.5642]]],[[[-55.7481,-22.4756],[-55.7478,-22.4756],[-55.7478,-22.4758],[-55.748,-22.4758],[-55.7481,-22.4756]]],[[[-55.7486,-22.5647],[-55.7486,-22.5645],[-55.7484,-22.5644],[-55.7483,-22.5647],[-55.7486,-22.5647]]],[[[-55.7488,-22.4764],[-55.7489,-22.4762],[-55.7487,-22.4761],[-55.7486,-22.4763],[-55.7488,-22.4764]]],[[[-55.7492,-22.5487],[-55.7489,-22.5486],[-55.7489,-22.5488],[-55.7491,-22.5489],[-55.7492,-22.5487]]],[[[-55.7494,-22.5644],[-55.7494,-22.5642],[-55.7492,-22.5642],[-55.7492,-22.5644],[-55.7494,-22.5644]]],[[[-55.7497,-22.5631],[-55.7494,-22.5631],[-55.7495,-22.5636],[-55.7497,-22.5636],[-55.7497,-22.5631]]],[[[-55.7497,-22.5651],[-55.7495,-22.565],[-55.7494,-22.5652],[-55.7497,-22.5653],[-55.7497,-22.5651]]],[[[-55.7514,-22.5478],[-55.7503,-22.5478],[-55.75,-22.5481],[-55.75,-22.5488],[-55.7513,-22.5486],[-55.7514,-22.5478]]],[[[-55.7503,-22.5625],[-55.7503,-22.5627],[-55.7508,-22.5631],[-55.7508,-22.5626],[-55.7503,-22.5625]]],[[[-55.7516,-22.5469],[-55.7517,-22.5467],[-55.7514,-22.5467],[-55.7514,-22.5469],[-55.7516,-22.5469]]],[[[-55.7527,-22.5431],[-55.7528,-22.5428],[-55.7526,-22.5428],[-55.7525,-22.543],[-55.7527,-22.5431]]],[[[-55.7538,-22.5194],[-55.7539,-22.5192],[-55.7537,-22.5192],[-55.7536,-22.5194],[-55.7538,-22.5194]]],[[[-55.7552,-22.5181],[-55.7555,-22.5175],[-55.7545,-22.5175],[-55.7539,-22.518],[-55.7552,-22.5181]]],[[[-55.755,-22.5439],[-55.7548,-22.5439],[-55.7547,-22.5441],[-55.7549,-22.5442],[-55.755,-22.5439]]],[[[-55.7558,-22.5428],[-55.7556,-22.5428],[-55.7556,-22.5433],[-55.7558,-22.5433],[-55.7558,-22.5428]]],[[[-55.7569,-22.5183],[-55.7569,-22.5176],[-55.7564,-22.5175],[-55.7561,-22.5178],[-55.7561,-22.519],[-55.7558,-22.5192],[-55.7559,-22.5194],[-55.7567,-22.5191],[-55.7567,-22.5185],[-55.7569,-22.5183]]],[[[-55.7572,-22.508],[-55.7577,-22.5081],[-55.7578,-22.5078],[-55.7573,-22.5075],[-55.7572,-22.508]]]]}},{"type":"Feature","properties":{"ano":1993},"geometry":{"type":"MultiPolygon","coordinates":[[[[-55.6752,-22.5906],[-55.6753,-22.5903],[-55.6751,-22.5903],[-55.675,-22.5905],[-55.6752,-22.5906]]],[[[-55.6813,-22.5714],[-55.6814,-22.5712],[-55.6812,-22.5711],[-55.6811,-22.5713],[-55.6813,-22.5714]]],[[[-55.6816,-22.5694],[-55.6817,-22.5692],[-55.6814,-22.5692],[-55.6814,-22.5694],[-55.6816,-22.5694]]],[[[-55.6827,-22.5661],[-55.6828,-22.5659],[-55.6826,-22.5658],[-55.6825,-22.5661],[-55.6827,-22.5661]]],[[[-55.683,-22.5642],[-55.6831,-22.5639],[-55.6828,-22.5639],[-55.6828,-22.5641],[-55.683,-22.5642]]],[[[-55.6836,-22.5626],[-55.6834,-22.5625],[-55.6831,-22.563],[-55.6833,-22.5631],[-55.6836,-22.5626]]],[[[-55.6834,-22.5617],[-55.6839,-22.5609],[-55.6837,-22.5608],[-55.6833,-22.5612],[-55.6834,-22.5617]]],[[[-55.6838,-22.5828],[-55.6839,-22.5826],[-55.6837,-22.5825],[-55.6836,-22.5827],[-55.6838,-22.5828]]],[[[-55.6858,-22.5583],[-55.6858,-22.5581],[-55.6856,-22.5581],[-55.6856,-22.5583],[-55.6858,-22.5583]]],[[[-55.6888,-22.5594],[-55.6889,-22.5586],[-55.69,-22.5586],[-55.69,-22.5581],[-55.6897,-22.5579],[-55.69,-22.557],[-55.6894,-22.5564],[-55.6873,-22.5569],[-55.6864,-22.5581],[-55.6864,-22.5588],[-55.6867,-22.5594],[-55.6888,-22.5594]]],[[[-55.6877,-22.5722],[-55.6878,-22.572],[-55.6876,-22.5719],[-55.6875,-22.5722],[-55.6877,-22.5722]]],[[[-55.6885,-22.5758],[-55.6883,-22.5756],[-55.6878,-22.5756],[-55.6884,-22.5761],[-55.6889,-22.5761],[-55.6888,-22.5758],[-55.6885,-22.5758]]],[[[-55.6883,-22.5739],[-55.6883,-22.5737],[-55.6881,-22.5736],[-55.6881,-22.5738],[-55.6883,-22.5739]]],[[[-55.6883,-22.5467],[-55.6883,-22.5464],[-55.6881,-22.5464],[-55.6881,-22.5466],[-55.6883,-22.5467]]],[[[-55.6894,-22.5469],[-55.6894,-22.5467],[-55.6892,-22.5467],[-55.6892,-22.5469],[-55.6894,-22.5469]]],[[[-55.6908,-22.5553],[-55.6908,-22.5551],[-55.6906,-22.555],[-55.6906,-22.5552],[-55.6908,-22.5553]]],[[[-55.6903,-22.5549],[-55.6905,-22.5544],[-55.6894,-22.5542],[-55.6894,-22.5549],[-55.6898,-22.5553],[-55.6903,-22.5549]]],[[[-55.6901,-22.5556],[-55.69,-22.5561],[-55.6902,-22.5561],[-55.6903,-22.5556],[-55.6901,-22.5556]]],[[[-55.6905,-22.5456],[-55.6906,-22.5451],[-55.6901,-22.545],[-55.69,-22.5455],[-55.6905,-22.5456]]],[[[-55.6908,-22.5567],[-55.6908,-22.5564],[-55.6906,-22.5564],[-55.6906,-22.5566],[-55.6908,-22.5567]]],[[[-55.6913,-22.545],[-55.6914,-22.5448],[-55.6912,-22.5447],[-55.6911,-22.5449],[-55.6913,-22.545]]],[[[-55.6917,-22.5461],[-55.6926,-22.5469],[-55.6935,-22.5469],[-55.6937,-22.5472],[-55.6942,-22.5469],[-55.6941,-22.5467],[-55.6935,-22.5467],[-55.6933,-22.5461],[-55.6917,-22.5458],[-55.6917,-22.5461]]],[[[-55.6924,-22.5481],[-55.6922,-22.5472],[-55.6917,-22.5472],[-55.6917,-22.5477],[-55.6924,-22.5481]]],[[[-55.6925,-22.5492],[-55.6923,-22.5492],[-55.6922,-22.5494],[-55.6924,-22.5494],[-55.6925,-22.5492]]],[[[-55.693,-22.5453],[-55.6931,-22.5448],[-55.6926,-22.5447],[-55.6925,-22.5452],[-55.693,-22.5453]]],[[[-55.6924,-22.5444],[-55.6925,-22.5442],[-55.6923,-22.5442],[-55.6922,-22.5444],[-55.6924,-22.5444]]],[[[-55.693,-22.5817],[-55.6931,-22.5814],[-55.6928,-22.5814],[-55.6928,-22.5816],[-55.693,-22.5817]]],[[[-55.6939,-22.5481],[-55.6936,-22.5481],[-55.6937,-22.5489],[-55.6939,-22.5488],[-55.6939,-22.5481]]],[[[-55.6972,-22.5758],[-55.6972,-22.5756],[-55.6967,-22.5756],[-55.6964,-22.5761],[-55.6972,-22.5758]]],[[[-55.6963,-22.5764],[-55.6961,-22.5764],[-55.6962,-22.5767],[-55.6964,-22.5766],[-55.6963,-22.5764]]],[[[-55.6967,-22.5448],[-55.6964,-22.5447],[-55.6964,-22.5449],[-55.6966,-22.545],[-55.6967,-22.5448]]],[[[-55.6972,-22.5417],[-55.6972,-22.5414],[-55.6967,-22.5414],[-55.6967,-22.5417],[-55.6972,-22.5417]]],[[[-55.6969,-22.5556],[-55.6969,-22.5551],[-55.6967,-22.555],[-55.6967,-22.5555],[-55.6969,-22.5556]]],[[[-55.6981,-22.5481],[-55.6976,-22.5481],[-55.6975,-22.5483],[-55.698,-22.5483],[-55.6981,-22.5481]]],[[[-55.6986,-22.5422],[-55.6986,-22.542],[-55.6984,-22.5419],[-55.6983,-22.5422],[-55.6986,-22.5422]]],[[[-55.7008,-22.5581],[-55.7008,-22.5578],[-55.7006,-22.5578],[-55.7006,-22.558],[-55.7008,-22.5581]]],[[[-55.7014,-22.5523],[-55.7012,-22.5522],[-55.7011,-22.5524],[-55.7013,-22.5525],[-55.7014,-22.5523]]],[[[-55.7036,-22.5439],[-55.7033,-22.5433],[-55.7028,-22.5434],[-55.7034,-22.5442],[-55.7036,-22.5439]]],[[[-55.7052,-22.5419],[-55.7053,-22.5414],[-55.7051,-22.5414],[-55.705,-22.5419],[-55.7052,-22.5419]]],[[[-55.7133,-22.5589],[-55.7133,-22.5587],[-55.7131,-22.5586],[-55.7131,-22.5588],[-55.7133,-22.5589]]],[[[-55.7152,-22.5228],[-55.7153,-22.5226],[-55.7151,-22.5225],[-55.715,-22.5227],[-55.7152,-22.5228]]],[[[-55.7178,-22.503],[-55.7186,-22.5036],[-55.7189,-22.5033],[-55.7189,-22.5028],[-55.7181,-22.5025],[-55.7178,-22.503]]],[[[-55.7194,-22.5233],[-55.7194,-22.5231],[-55.7192,-22.5231],[-55.7192,-22.5233],[-55.7194,-22.5233]]],[[[-55.7197,-22.5381],[-55.7197,-22.5378],[-55.7195,-22.5378],[-55.7194,-22.538],[-55.7197,-22.5381]]],[[[-55.7227,-22.515],[-55.7227,-22.5147],[-55.722,-22.5144],[-55.7217,-22.5152],[-55.7227,-22.515]]],[[[-55.7233,-22.57],[-55.7233,-22.5698],[-55.7231,-22.5697],[-55.7231,-22.5699],[-55.7233,-22.57]]],[[[-55.7238,-22.5672],[-55.7239,-22.5664],[-55.7237,-22.5664],[-55.7236,-22.5672],[-55.7238,-22.5672]]],[[[-55.7251,-22.5608],[-55.725,-22.5613],[-55.7256,-22.5618],[-55.7256,-22.5622],[-55.7265,-22.5614],[-55.7272,-22.5613],[-55.7269,-22.5608],[-55.7264,-22.5608],[-55.726,-22.5614],[-55.7256,-22.5612],[-55.7255,-22.5608],[-55.7251,-22.5608]]],[[[-55.7257,-22.5289],[-55.7253,-22.5285],[-55.7253,-22.5281],[-55.7251,-22.5281],[-55.725,-22.5286],[-55.7254,-22.5289],[-55.7253,-22.5294],[-55.7256,-22.5297],[-55.7258,-22.5297],[-55.7257,-22.5289]]],[[[-55.7255,-22.4847],[-55.7256,-22.4845],[-55.7253,-22.4844],[-55.7253,-22.4847],[-55.7255,-22.4847]]],[[[-55.7261,-22.5308],[-55.7261,-22.5306],[-55.7259,-22.5306],[-55.7258,-22.5308],[-55.7261,-22.5308]]],[[[-55.7266,-22.4844],[-55.7267,-22.4842],[-55.7264,-22.4842],[-55.7264,-22.4844],[-55.7266,-22.4844]]],[[[-55.7274,-22.5711],[-55.7275,-22.5709],[-55.727,-22.5706],[-55.7269,-22.5708],[-55.7274,-22.5711]]],[[[-55.7277,-22.595],[-55.7278,-22.5948],[-55.7276,-22.5947],[-55.7275,-22.5949],[-55.7277,-22.595]]],[[[-55.7286,-22.5258],[-55.7286,-22.5256],[-55.7284,-22.5256],[-55.7283,-22.5258],[-55.7286,-22.5258]]],[[[-55.7286,-22.4833],[-55.7286,-22.4828],[-55.7284,-22.4828],[-55.7283,-22.4833],[-55.7286,-22.4833]]],[[[-55.7289,-22.5681],[-55.73,-22.5677],[-55.7299,-22.5675],[-55.7296,-22.5678],[-55.7289,-22.5678],[-55.7289,-22.5681]]],[[[-55.7297,-22.4978],[-55.7294,-22.4978],[-55.7295,-22.4983],[-55.7297,-22.4983],[-55.7297,-22.4978]]],[[[-55.7314,-22.4998],[-55.7309,-22.4997],[-55.7308,-22.4999],[-55.7313,-22.5],[-55.7314,-22.4998]]],[[[-55.7322,-22.4864],[-55.7314,-22.4867],[-55.7314,-22.4869],[-55.7322,-22.4869],[-55.7322,-22.4864]]],[[[-55.7333,-22.5119],[-55.7333,-22.5117],[-55.7331,-22.5117],[-55.7331,-22.5119],[-55.7333,-22.5119]]],[[[-55.7355,-22.4872],[-55.7355,-22.4869],[-55.735,-22.487],[-55.7351,-22.4872],[-55.7355,-22.4872]]],[[[-55.7347,-22.4869],[-55.7347,-22.4867],[-55.7344,-22.4867],[-55.7345,-22.4869],[-55.7347,-22.4869]]],[[[-55.7352,-22.4972],[-55.7353,-22.497],[-55.7351,-22.4969],[-55.735,-22.4972],[-55.7352,-22.4972]]],[[[-55.7355,-22.4897],[-55.7356,-22.4895],[-55.7353,-22.4894],[-55.7353,-22.4897],[-55.7355,-22.4897]]],[[[-55.7364,-22.5484],[-55.7362,-22.5483],[-55.7361,-22.5486],[-55.7363,-22.5486],[-55.7364,-22.5484]]],[[[-55.7372,-22.4642],[-55.7372,-22.4637],[-55.737,-22.4636],[-55.7369,-22.4641],[-55.7372,-22.4642]]],[[[-55.7374,-22.4894],[-55.7375,-22.4887],[-55.737,-22.4886],[-55.7369,-22.4894],[-55.7374,-22.4894]]],[[[-55.7378,-22.4645],[-55.7376,-22.4644],[-55.7375,-22.4647],[-55.7377,-22.4647],[-55.7378,-22.4645]]],[[[-55.738,-22.4903],[-55.7381,-22.4901],[-55.7378,-22.49],[-55.7378,-22.4902],[-55.738,-22.4903]]],[[[-55.7391,-22.5506],[-55.7392,-22.5501],[-55.7389,-22.55],[-55.7389,-22.5505],[-55.7391,-22.5506]]],[[[-55.7389,-22.4628],[-55.7389,-22.463],[-55.7394,-22.4633],[-55.7394,-22.4628],[-55.7389,-22.4628]]],[[[-55.7397,-22.4875],[-55.7397,-22.4873],[-55.7395,-22.4872],[-55.7394,-22.4874],[-55.7397,-22.4875]]],[[[-55.7399,-22.5783],[-55.7403,-22.5778],[-55.7398,-22.5775],[-55.7394,-22.5783],[-55.7399,-22.5783]]],[[[-55.7401,-22.5772],[-55.7403,-22.5772],[-55.7402,-22.5769],[-55.74,-22.577],[-55.7401,-22.5772]]],[[[-55.7403,-22.4914],[-55.7395,-22.4914],[-55.7394,-22.4916],[-55.7402,-22.4917],[-55.7403,-22.4914]]],[[[-55.7408,-22.4959],[-55.7405,-22.4956],[-55.74,-22.4956],[-55.7401,-22.4958],[-55.7406,-22.496],[-55.7406,-22.4964],[-55.7408,-22.4963],[-55.7408,-22.4959]]],[[[-55.7405,-22.4925],[-55.7406,-22.4923],[-55.7403,-22.4922],[-55.7403,-22.4924],[-55.7405,-22.4925]]],[[[-55.7405,-22.4972],[-55.7406,-22.497],[-55.7403,-22.4969],[-55.7403,-22.4972],[-55.7405,-22.4972]]],[[[-55.7411,-22.5525],[-55.7411,-22.5523],[-55.7409,-22.5522],[-55.7408,-22.5524],[-55.7411,-22.5525]]],[[[-55.7411,-22.5847],[-55.7417,-22.5839],[-55.7414,-22.5839],[-55.7408,-22.5847],[-55.7411,-22.5847]]],[[[-55.7413,-22.5856],[-55.7414,-22.5853],[-55.7412,-22.5853],[-55.7411,-22.5855],[-55.7413,-22.5856]]],[[[-55.7414,-22.4901],[-55.7412,-22.49],[-55.7411,-22.4902],[-55.7413,-22.4903],[-55.7414,-22.4901]]],[[[-55.7411,-22.5877],[-55.7417,-22.5873],[-55.7414,-22.5872],[-55.7411,-22.5877]]],[[[-55.7461,-22.5708],[-55.7461,-22.5706],[-55.7451,-22.5703],[-55.7441,-22.5694],[-55.7433,-22.5695],[-55.7437,-22.57],[-55.7446,-22.57],[-55.7451,-22.5706],[-55.7461,-22.5708]]],[[[-55.7453,-22.5253],[-55.7451,-22.5253],[-55.745,-22.5255],[-55.7452,-22.5256],[-55.7453,-22.5253]]],[[[-55.7447,-22.5252],[-55.7447,-22.525],[-55.7444,-22.5251],[-55.7445,-22.5253],[-55.7447,-22.5252]]],[[[-55.7472,-22.5639],[-55.7472,-22.5636],[-55.7464,-22.5636],[-55.7462,-22.5639],[-55.7448,-22.5639],[-55.7447,-22.5641],[-55.7452,-22.5641],[-55.7456,-22.5644],[-55.7461,-22.5644],[-55.7465,-22.5639],[-55.7472,-22.5639]]],[[[-55.7455,-22.5661],[-55.7455,-22.5658],[-55.745,-22.5659],[-55.7451,-22.5661],[-55.7455,-22.5661]]],[[[-55.7461,-22.4842],[-55.7459,-22.4842],[-55.7458,-22.4844],[-55.7461,-22.4844],[-55.7461,-22.4842]]],[[[-55.7463,-22.5525],[-55.7464,-22.5523],[-55.7462,-22.5522],[-55.7461,-22.5524],[-55.7463,-22.5525]]],[[[-55.7463,-22.5664],[-55.7464,-22.5662],[-55.7462,-22.5661],[-55.7461,-22.5663],[-55.7463,-22.5664]]],[[[-55.7466,-22.5672],[-55.7467,-22.567],[-55.7464,-22.5669],[-55.7464,-22.5672],[-55.7466,-22.5672]]],[[[-55.7466,-22.5694],[-55.7467,-22.5692],[-55.7464,-22.5692],[-55.7464,-22.5694],[-55.7466,-22.5694]]],[[[-55.7469,-22.5322],[-55.7469,-22.5317],[-55.7467,-22.5317],[-55.7467,-22.5322],[-55.7469,-22.5322]]],[[[-55.7472,-22.565],[-55.7472,-22.5648],[-55.747,-22.5647],[-55.7469,-22.5649],[-55.7472,-22.565]]],[[[-55.7472,-22.4834],[-55.747,-22.4833],[-55.7469,-22.4836],[-55.7472,-22.4836],[-55.7472,-22.4834]]],[[[-55.7477,-22.4889],[-55.7478,-22.4887],[-55.7476,-22.4886],[-55.7475,-22.4888],[-55.7477,-22.4889]]],[[[-55.7483,-22.5681],[-55.7483,-22.5678],[-55.7481,-22.5678],[-55.7481,-22.568],[-55.7483,-22.5681]]],[[[-55.7488,-22.5597],[-55.7488,-22.5594],[-55.7481,-22.5597],[-55.7481,-22.5602],[-55.7483,-22.5603],[-55.7488,-22.5597]]],[[[-55.7489,-22.5189],[-55.7486,-22.5186],[-55.7483,-22.5187],[-55.7487,-22.5192],[-55.7489,-22.5189]]],[[[-55.7508,-22.5631],[-55.7506,-22.5631],[-55.7506,-22.5633],[-55.7508,-22.5633],[-55.7508,-22.5631]]],[[[-55.7505,-22.5636],[-55.7499,-22.5642],[-55.7494,-22.5642],[-55.7495,-22.565],[-55.7506,-22.5638],[-55.7505,-22.5636]]],[[[-55.7492,-22.5651],[-55.7489,-22.565],[-55.7489,-22.5652],[-55.7491,-22.5653],[-55.7492,-22.5651]]],[[[-55.7511,-22.4756],[-55.7511,-22.4753],[-55.7503,-22.4753],[-55.7503,-22.4761],[-55.7505,-22.4761],[-55.7511,-22.4756]]],[[[-55.7508,-22.5478],[-55.7508,-22.5476],[-55.7506,-22.5475],[-55.7506,-22.5477],[-55.7508,-22.5478]]],[[[-55.7519,-22.5717],[-55.7519,-22.5714],[-55.7517,-22.5714],[-55.7517,-22.5716],[-55.7519,-22.5717]]],[[[-55.7519,-22.5451],[-55.7517,-22.545],[-55.7517,-22.5452],[-55.7519,-22.5453],[-55.7519,-22.5451]]],[[[-55.7527,-22.5417],[-55.7528,-22.5414],[-55.7526,-22.5414],[-55.7525,-22.5416],[-55.7527,-22.5417]]],[[[-55.7553,-22.5173],[-55.7561,-22.5181],[-55.7564,-22.5174],[-55.7561,-22.5169],[-55.7553,-22.5173]]],[[[-55.7561,-22.5456],[-55.7559,-22.5456],[-55.7558,-22.5458],[-55.7561,-22.5458],[-55.7561,-22.5456]]],[[[-55.7563,-22.4972],[-55.7564,-22.497],[-55.7562,-22.4969],[-55.7561,-22.4972],[-55.7563,-22.4972]]],[[[-55.7597,-22.5536],[-55.7603,-22.5531],[-55.7601,-22.5531],[-55.7597,-22.5536]]],[[[-55.7644,-22.5589],[-55.7644,-22.5587],[-55.7642,-22.5586],[-55.7642,-22.5588],[-55.7644,-22.5589]]],[[[-55.7666,-22.5867],[-55.7666,-22.5864],[-55.7661,-22.5864],[-55.7662,-22.5867],[-55.7666,-22.5867]]],[[[-55.7663,-22.5586],[-55.7664,-22.5584],[-55.7662,-22.5583],[-55.7661,-22.5586],[-55.7663,-22.5586]]]]}},{"type":"Feature","properties":{"ano":1994},"geometry":{"type":"MultiPolygon","coordinates":[[[[-55.6758,-22.5908],[-55.6758,-22.5906],[-55.6753,-22.5906],[-55.6753,-22.5908],[-55.6758,-22.5908]]],[[[-55.6816,-22.5692],[-55.6817,-22.5689],[-55.6814,-22.5689],[-55.6814,-22.5691],[-55.6816,-22.5692]]],[[[-55.6825,-22.5667],[-55.6823,-22.5667],[-55.6822,-22.5669],[-55.6824,-22.5669],[-55.6825,-22.5667]]],[[[-55.6827,-22.5658],[-55.6828,-22.5656],[-55.6826,-22.5656],[-55.6825,-22.5658],[-55.6827,-22.5658]]],[[[-55.6831,-22.5597],[-55.6827,-22.5592],[-55.6825,-22.5592],[-55.6826,-22.56],[-55.6831,-22.5597]]],[[[-55.6831,-22.5635],[-55.6836,-22.5633],[-55.6836,-22.5631],[-55.6831,-22.5631],[-55.6828,-22.5634],[-55.6828,-22.5639],[-55.6831,-22.5638],[-55.6831,-22.5635]]],[[[-55.6836,-22.5589],[-55.6836,-22.5578],[-55.6828,-22.5578],[-55.6828,-22.5581],[-55.6832,-22.5581],[-55.6834,-22.5584],[-55.6833,-22.5588],[-55.6836,-22.5589]]],[[[-55.6836,-22.5828],[-55.6836,-22.5823],[-55.6834,-22.5822],[-55.6833,-22.5827],[-55.6836,-22.5828]]],[[[-55.6866,-22.5578],[-55.6867,-22.5576],[-55.6864,-22.5575],[-55.6864,-22.5577],[-55.6866,-22.5578]]],[[[-55.6877,-22.5569],[-55.6878,-22.5567],[-55.6876,-22.5567],[-55.6875,-22.5569],[-55.6877,-22.5569]]],[[[-55.6872,-22.557],[-55.687,-22.5569],[-55.6869,-22.5572],[-55.6872,-22.5572],[-55.6872,-22.557]]],[[[-55.6877,-22.5719],[-55.6878,-22.5717],[-55.6876,-22.5717],[-55.6875,-22.5719],[-55.6877,-22.5719]]],[[[-55.6894,-22.5542],[-55.6892,-22.5542],[-55.6892,-22.5547],[-55.6894,-22.5547],[-55.6894,-22.5542]]],[[[-55.6908,-22.5545],[-55.6906,-22.5544],[-55.6906,-22.5547],[-55.6908,-22.5547],[-55.6908,-22.5545]]],[[[-55.6905,-22.555],[-55.6901,-22.555],[-55.6897,-22.5555],[-55.6902,-22.5556],[-55.6906,-22.5552],[-55.6905,-22.555]]],[[[-55.6902,-22.5461],[-55.6903,-22.5459],[-55.6901,-22.5458],[-55.69,-22.5461],[-55.6902,-22.5461]]],[[[-55.6906,-22.545],[-55.6906,-22.5455],[-55.6911,-22.5456],[-55.6911,-22.5453],[-55.6906,-22.545]]],[[[-55.6927,-22.5567],[-55.692,-22.5558],[-55.6918,-22.5564],[-55.6909,-22.5564],[-55.6908,-22.5566],[-55.6927,-22.5567]]],[[[-55.6923,-22.5444],[-55.6919,-22.5448],[-55.692,-22.545],[-55.6925,-22.5449],[-55.6925,-22.5445],[-55.6923,-22.5444]]],[[[-55.6933,-22.5489],[-55.6933,-22.5487],[-55.6931,-22.5486],[-55.6931,-22.5488],[-55.6933,-22.5489]]],[[[-55.6936,-22.5444],[-55.6936,-22.5442],[-55.6931,-22.5442],[-55.6931,-22.5444],[-55.6936,-22.5444]]],[[[-55.7018,-22.5569],[-55.7019,-22.5562],[-55.7013,-22.5561],[-55.7011,-22.5556],[-55.7,-22.5557],[-55.6997,-22.5553],[-55.6985,-22.5553],[-55.6983,-22.5544],[-55.6978,-22.5544],[-55.6975,-22.5548],[-55.6975,-22.5569],[-55.6981,-22.5571],[-55.6978,-22.558],[-55.6981,-22.5582],[-55.6984,-22.5592],[-55.6988,-22.5589],[-55.6994,-22.5588],[-55.6994,-22.5582],[-55.6997,-22.5578],[-55.6993,-22.5575],[-55.7005,-22.5568],[-55.7003,-22.5577],[-55.7014,-22.5579],[-55.7012,-22.5583],[-55.7008,-22.5584],[-55.7008,-22.5588],[-55.7012,-22.5592],[-55.7017,-22.5588],[-55.7018,-22.5583],[-55.7027,-22.5586],[-55.7031,-22.5581],[-55.7022,-22.5579],[-55.7022,-22.5573],[-55.7018,-22.5569]]],[[[-55.6986,-22.5483],[-55.6986,-22.5481],[-55.6984,-22.5481],[-55.6983,-22.5483],[-55.6986,-22.5483]]],[[[-55.6994,-22.5647],[-55.6994,-22.5645],[-55.6992,-22.5644],[-55.6992,-22.5647],[-55.6994,-22.5647]]],[[[-55.7041,-22.5431],[-55.7041,-22.5428],[-55.7036,-22.5428],[-55.7036,-22.5423],[-55.7033,-22.5421],[-55.7036,-22.5414],[-55.7031,-22.5414],[-55.7028,-22.5417],[-55.7028,-22.5425],[-55.7017,-22.5426],[-55.702,-22.5431],[-55.7032,-22.5433],[-55.7034,-22.5439],[-55.7036,-22.5438],[-55.7036,-22.5431],[-55.7041,-22.5431]]],[[[-55.7038,-22.5647],[-55.7039,-22.5645],[-55.7037,-22.5644],[-55.7036,-22.5647],[-55.7038,-22.5647]]],[[[-55.7038,-22.5692],[-55.7039,-22.5689],[-55.7037,-22.5689],[-55.7036,-22.5691],[-55.7038,-22.5692]]],[[[-55.705,-22.5422],[-55.7053,-22.5425],[-55.7056,-22.5424],[-55.7055,-22.5419],[-55.7051,-22.5419],[-55.705,-22.5422]]],[[[-55.7064,-22.5676],[-55.7062,-22.5675],[-55.7061,-22.5677],[-55.7063,-22.5678],[-55.7064,-22.5676]]],[[[-55.7074,-22.5669],[-55.7075,-22.5664],[-55.7073,-22.5664],[-55.7072,-22.5669],[-55.7074,-22.5669]]],[[[-55.7089,-22.5681],[-55.7094,-22.5677],[-55.7094,-22.5675],[-55.7089,-22.5678],[-55.7089,-22.5681]]],[[[-55.7142,-22.5583],[-55.714,-22.5586],[-55.7134,-22.5586],[-55.7133,-22.5588],[-55.7144,-22.5589],[-55.7144,-22.5584],[-55.7142,-22.5583]]],[[[-55.7149,-22.5228],[-55.715,-22.5226],[-55.7148,-22.5225],[-55.7147,-22.5227],[-55.7149,-22.5228]]],[[[-55.7166,-22.525],[-55.7167,-22.5245],[-55.7162,-22.5244],[-55.7161,-22.5249],[-55.7166,-22.525]]],[[[-55.7183,-22.5139],[-55.7183,-22.5137],[-55.7179,-22.5135],[-55.7181,-22.5126],[-55.7178,-22.5125],[-55.7178,-22.5138],[-55.7183,-22.5139]]],[[[-55.7189,-22.5572],[-55.7186,-22.5576],[-55.7187,-22.5581],[-55.7192,-22.558],[-55.7192,-22.5573],[-55.7189,-22.5572]]],[[[-55.7197,-22.5378],[-55.7197,-22.5376],[-55.7195,-22.5375],[-55.7194,-22.5377],[-55.7197,-22.5378]]],[[[-55.7202,-22.4881],[-55.7203,-22.4878],[-55.7201,-22.4878],[-55.72,-22.488],[-55.7202,-22.4881]]],[[[-55.7211,-22.49],[-55.7211,-22.4895],[-55.7209,-22.4894],[-55.7208,-22.4899],[-55.7211,-22.49]]],[[[-55.7222,-22.57],[-55.7222,-22.5694],[-55.7214,-22.5695],[-55.7214,-22.57],[-55.7222,-22.57]]],[[[-55.7241,-22.515],[-55.7241,-22.5147],[-55.7235,-22.5147],[-55.7233,-22.5144],[-55.7217,-22.5145],[-55.7217,-22.5147],[-55.7223,-22.5148],[-55.7219,-22.5151],[-55.722,-22.5153],[-55.723,-22.5153],[-55.7231,-22.5151],[-55.7227,-22.5148],[-55.7228,-22.5146],[-55.7234,-22.515],[-55.7241,-22.515]]],[[[-55.7236,-22.5617],[-55.7236,-22.5614],[-55.7231,-22.5614],[-55.7231,-22.5617],[-55.7236,-22.5617]]],[[[-55.7241,-22.4931],[-55.7242,-22.4928],[-55.7239,-22.4928],[-55.7239,-22.493],[-55.7241,-22.4931]]],[[[-55.7244,-22.5614],[-55.7244,-22.5612],[-55.7242,-22.5611],[-55.7242,-22.5613],[-55.7244,-22.5614]]],[[[-55.7244,-22.5197],[-55.7244,-22.5195],[-55.7242,-22.5194],[-55.7242,-22.5197],[-55.7244,-22.5197]]],[[[-55.7244,-22.532],[-55.7242,-22.5319],[-55.7242,-22.5322],[-55.7244,-22.5322],[-55.7244,-22.532]]],[[[-55.7256,-22.5306],[-55.7253,-22.5306],[-55.7253,-22.5314],[-55.7258,-22.5311],[-55.7256,-22.5306]]],[[[-55.7261,-22.4981],[-55.7261,-22.4978],[-55.7259,-22.4978],[-55.7258,-22.498],[-55.7261,-22.4981]]],[[[-55.7263,-22.5303],[-55.7264,-22.5301],[-55.7262,-22.53],[-55.7261,-22.5302],[-55.7263,-22.5303]]],[[[-55.7266,-22.5617],[-55.7267,-22.5614],[-55.7264,-22.5614],[-55.7264,-22.5616],[-55.7266,-22.5617]]],[[[-55.728,-22.4827],[-55.7286,-22.4822],[-55.7286,-22.4819],[-55.7275,-22.482],[-55.7275,-22.483],[-55.7278,-22.4833],[-55.7281,-22.4833],[-55.728,-22.4827]]],[[[-55.7297,-22.5614],[-55.7297,-22.5612],[-55.7295,-22.5611],[-55.7294,-22.5613],[-55.7297,-22.5614]]],[[[-55.7292,-22.5614],[-55.7287,-22.5608],[-55.7283,-22.5616],[-55.7291,-22.5617],[-55.7292,-22.5614]]],[[[-55.73,-22.4864],[-55.7298,-22.4864],[-55.7297,-22.4866],[-55.7299,-22.4867],[-55.73,-22.4864]]],[[[-55.7297,-22.4861],[-55.73,-22.4853],[-55.7294,-22.4851],[-55.7294,-22.4845],[-55.7292,-22.4844],[-55.7292,-22.4855],[-55.7297,-22.4861]]],[[[-55.7313,-22.5789],[-55.7314,-22.5787],[-55.7312,-22.5786],[-55.7311,-22.5788],[-55.7313,-22.5789]]],[[[-55.7314,-22.4864],[-55.7312,-22.4864],[-55.7311,-22.4866],[-55.7313,-22.4867],[-55.7314,-22.4864]]],[[[-55.7322,-22.5536],[-55.7322,-22.5533],[-55.7317,-22.5534],[-55.7317,-22.5536],[-55.7322,-22.5536]]],[[[-55.733,-22.5769],[-55.7331,-22.5767],[-55.7328,-22.5767],[-55.7328,-22.5769],[-55.733,-22.5769]]],[[[-55.7344,-22.4978],[-55.7344,-22.4976],[-55.7342,-22.4975],[-55.7342,-22.4977],[-55.7344,-22.4978]]],[[[-55.7344,-22.4869],[-55.7344,-22.4867],[-55.7342,-22.4867],[-55.7342,-22.4869],[-55.7344,-22.4869]]],[[[-55.7349,-22.5492],[-55.735,-22.5489],[-55.7348,-22.5489],[-55.7347,-22.5491],[-55.7349,-22.5492]]],[[[-55.7352,-22.4981],[-55.7353,-22.4978],[-55.7351,-22.4978],[-55.735,-22.498],[-55.7352,-22.4981]]],[[[-55.7355,-22.5639],[-55.7356,-22.5634],[-55.7353,-22.5633],[-55.7353,-22.5638],[-55.7355,-22.5639]]],[[[-55.7399,-22.4872],[-55.7393,-22.4872],[-55.7394,-22.4867],[-55.7384,-22.4867],[-55.7383,-22.4872],[-55.738,-22.4869],[-55.7376,-22.4872],[-55.7367,-22.4872],[-55.7367,-22.4883],[-55.737,-22.4886],[-55.7376,-22.4886],[-55.7378,-22.4891],[-55.738,-22.4892],[-55.7382,-22.4886],[-55.7388,-22.4886],[-55.7391,-22.4882],[-55.7397,-22.4883],[-55.7403,-22.4877],[-55.7399,-22.4872]],[[-55.7386,-22.4872],[-55.7385,-22.487],[-55.7388,-22.4868],[-55.739,-22.4871],[-55.7386,-22.4872]]],[[[-55.7366,-22.4869],[-55.7367,-22.4867],[-55.7364,-22.4867],[-55.7364,-22.4869],[-55.7366,-22.4869]]],[[[-55.7372,-22.4636],[-55.7372,-22.4634],[-55.737,-22.4633],[-55.7369,-22.4636],[-55.7372,-22.4636]]],[[[-55.7372,-22.5086],[-55.7372,-22.5084],[-55.737,-22.5083],[-55.7369,-22.5086],[-55.7372,-22.5086]]],[[[-55.7375,-22.4647],[-55.7372,-22.4642],[-55.7369,-22.4642],[-55.7373,-22.4647],[-55.7375,-22.4647]]],[[[-55.7384,-22.55],[-55.7383,-22.5505],[-55.7388,-22.5508],[-55.7389,-22.5501],[-55.7384,-22.55]]],[[[-55.7403,-22.4891],[-55.7408,-22.4892],[-55.7408,-22.4887],[-55.7401,-22.4886],[-55.7403,-22.4891]]],[[[-55.74,-22.4892],[-55.7398,-22.4892],[-55.7397,-22.4894],[-55.7399,-22.4894],[-55.74,-22.4892]]],[[[-55.7408,-22.4972],[-55.7408,-22.497],[-55.7403,-22.4967],[-55.7403,-22.4969],[-55.7408,-22.4972]]],[[[-55.7416,-22.4903],[-55.7417,-22.4901],[-55.7414,-22.49],[-55.7414,-22.4902],[-55.7416,-22.4903]]],[[[-55.7427,-22.5122],[-55.7428,-22.5114],[-55.7426,-22.5114],[-55.7425,-22.5122],[-55.7427,-22.5122]]],[[[-55.743,-22.5497],[-55.7431,-22.5495],[-55.7428,-22.5494],[-55.7428,-22.5497],[-55.743,-22.5497]]],[[[-55.7458,-22.5261],[-55.7456,-22.5253],[-55.7453,-22.5253],[-55.7453,-22.5258],[-55.7458,-22.5261]]],[[[-55.7463,-22.5706],[-55.7459,-22.57],[-55.7456,-22.5705],[-55.7463,-22.5706]]],[[[-55.7463,-22.5497],[-55.7464,-22.5495],[-55.7462,-22.5494],[-55.7461,-22.5497],[-55.7463,-22.5497]]],[[[-55.7467,-22.5609],[-55.7464,-22.5608],[-55.7464,-22.5611],[-55.7466,-22.5611],[-55.7467,-22.5609]]],[[[-55.7469,-22.5514],[-55.7469,-22.5512],[-55.7467,-22.5511],[-55.7467,-22.5513],[-55.7469,-22.5514]]],[[[-55.7494,-22.5631],[-55.7491,-22.5628],[-55.7487,-22.5628],[-55.7487,-22.5631],[-55.7492,-22.5632],[-55.7489,-22.5637],[-55.7475,-22.5639],[-55.7475,-22.5646],[-55.7472,-22.5648],[-55.7475,-22.5651],[-55.7475,-22.5666],[-55.7481,-22.5669],[-55.7483,-22.5667],[-55.7478,-22.566],[-55.7478,-22.5651],[-55.7481,-22.5649],[-55.7486,-22.5649],[-55.7486,-22.5644],[-55.7492,-22.5641],[-55.7494,-22.5631]],[[-55.7478,-22.5642],[-55.7482,-22.5642],[-55.7484,-22.5647],[-55.7479,-22.5647],[-55.7478,-22.5642]]],[[[-55.7489,-22.5192],[-55.748,-22.5186],[-55.7475,-22.5189],[-55.7476,-22.5192],[-55.7485,-22.5192],[-55.7487,-22.5194],[-55.7489,-22.5192]]],[[[-55.7483,-22.4951],[-55.7481,-22.4951],[-55.7481,-22.4956],[-55.7483,-22.4955],[-55.7483,-22.4951]]],[[[-55.7481,-22.5544],[-55.7486,-22.5539],[-55.7484,-22.5539],[-55.7481,-22.5544]]],[[[-55.7486,-22.4761],[-55.7486,-22.4759],[-55.7484,-22.4758],[-55.7483,-22.4761],[-55.7486,-22.4761]]],[[[-55.7486,-22.5272],[-55.7486,-22.527],[-55.7484,-22.5269],[-55.7483,-22.5272],[-55.7486,-22.5272]]],[[[-55.7486,-22.5681],[-55.7486,-22.5676],[-55.7484,-22.5675],[-55.7483,-22.568],[-55.7486,-22.5681]]],[[[-55.7486,-22.4964],[-55.7484,-22.4964],[-55.7483,-22.4966],[-55.7486,-22.4967],[-55.7486,-22.4964]]],[[[-55.7494,-22.5658],[-55.7497,-22.5653],[-55.7492,-22.565],[-55.7486,-22.5658],[-55.7494,-22.5658]]],[[[-55.7488,-22.5394],[-55.7489,-22.5392],[-55.7487,-22.5392],[-55.7486,-22.5394],[-55.7488,-22.5394]]],[[[-55.7488,-22.5339],[-55.7489,-22.5337],[-55.7487,-22.5336],[-55.7486,-22.5338],[-55.7488,-22.5339]]],[[[-55.7491,-22.5472],[-55.7492,-22.547],[-55.7489,-22.5469],[-55.7489,-22.5472],[-55.7491,-22.5472]]],[[[-55.7505,-22.5442],[-55.7505,-22.5439],[-55.75,-22.5439],[-55.7501,-22.5442],[-55.7505,-22.5442]]],[[[-55.7497,-22.5438],[-55.7497,-22.5436],[-55.7494,-22.5437],[-55.7495,-22.5439],[-55.7497,-22.5438]]],[[[-55.75,-22.5319],[-55.7502,-22.5319],[-55.7506,-22.5314],[-55.7501,-22.5314],[-55.75,-22.5319]]],[[[-55.7503,-22.4939],[-55.7501,-22.4939],[-55.75,-22.4941],[-55.7502,-22.4942],[-55.7503,-22.4939]]],[[[-55.7505,-22.5547],[-55.7506,-22.5545],[-55.7503,-22.5544],[-55.7503,-22.5547],[-55.7505,-22.5547]]],[[[-55.7506,-22.4762],[-55.7503,-22.4761],[-55.7503,-22.4763],[-55.7505,-22.4764],[-55.7506,-22.4762]]],[[[-55.7511,-22.4956],[-55.7511,-22.4953],[-55.7509,-22.4953],[-55.7508,-22.4955],[-55.7511,-22.4956]]],[[[-55.7513,-22.4969],[-55.7514,-22.4967],[-55.7512,-22.4967],[-55.7511,-22.4969],[-55.7513,-22.4969]]],[[[-55.7522,-22.4947],[-55.7519,-22.4942],[-55.7514,-22.4942],[-55.7514,-22.4949],[-55.7519,-22.495],[-55.7522,-22.4947]]],[[[-55.7519,-22.5369],[-55.7519,-22.5367],[-55.7517,-22.5367],[-55.7517,-22.5369],[-55.7519,-22.5369]]],[[[-55.753,-22.4944],[-55.7531,-22.4942],[-55.7528,-22.4942],[-55.7528,-22.4944],[-55.753,-22.4944]]],[[[-55.7544,-22.5178],[-55.7544,-22.5176],[-55.7542,-22.5175],[-55.7542,-22.5177],[-55.7544,-22.5178]]],[[[-55.7553,-22.5439],[-55.7545,-22.5439],[-55.7544,-22.5441],[-55.7552,-22.5442],[-55.7553,-22.5439]]],[[[-55.7556,-22.5425],[-55.7556,-22.5427],[-55.7561,-22.5431],[-55.7561,-22.5426],[-55.7556,-22.5425]]],[[[-55.7561,-22.5833],[-55.7561,-22.5831],[-55.7556,-22.5831],[-55.7556,-22.5833],[-55.7561,-22.5833]]],[[[-55.7563,-22.4983],[-55.7563,-22.4981],[-55.7558,-22.4981],[-55.7559,-22.4983],[-55.7563,-22.4983]]],[[[-55.7563,-22.5483],[-55.7564,-22.5481],[-55.7562,-22.5481],[-55.7561,-22.5483],[-55.7563,-22.5483]]],[[[-55.7567,-22.5451],[-55.7563,-22.5447],[-55.7561,-22.5448],[-55.7564,-22.5453],[-55.7567,-22.5451]]],[[[-55.7566,-22.4975],[-55.7567,-22.4973],[-55.7564,-22.4972],[-55.7564,-22.4974],[-55.7566,-22.4975]]],[[[-55.7572,-22.5458],[-55.7572,-22.5456],[-55.757,-22.5456],[-55.7569,-22.5458],[-55.7572,-22.5458]]],[[[-55.7578,-22.5461],[-55.7583,-22.5456],[-55.7581,-22.5456],[-55.7578,-22.5461]]],[[[-55.7608,-22.5528],[-55.7608,-22.5526],[-55.7606,-22.5525],[-55.7606,-22.5527],[-55.7608,-22.5528]]],[[[-55.7608,-22.5581],[-55.7608,-22.5578],[-55.7606,-22.5578],[-55.7606,-22.558],[-55.7608,-22.5581]]],[[[-55.7702,-22.5875],[-55.7703,-22.5873],[-55.7701,-22.5872],[-55.77,-22.5874],[-55.7702,-22.5875]]]]}},{"type":"Feature","properties":{"ano":1995},"geometry":{"type":"MultiPolygon","coordinates":[[[[-55.6758,-22.5909],[-55.6752,-22.5906],[-55.675,-22.5906],[-55.6753,-22.5911],[-55.6758,-22.5911],[-55.6758,-22.5909]]],[[[-55.6825,-22.5672],[-55.6824,-22.5664],[-55.682,-22.5664],[-55.6819,-22.5669],[-55.6816,-22.567],[-55.6812,-22.5667],[-55.6811,-22.5674],[-55.6819,-22.5675],[-55.6825,-22.5672]]],[[[-55.6833,-22.5825],[-55.6833,-22.582],[-55.6831,-22.5819],[-55.6831,-22.5824],[-55.6833,-22.5825]]],[[[-55.6859,-22.5745],[-55.6854,-22.575],[-55.6847,-22.5751],[-55.6847,-22.5758],[-55.6856,-22.5772],[-55.6863,-22.5772],[-55.6864,-22.5765],[-55.6869,-22.5763],[-55.6869,-22.5749],[-55.6872,-22.5747],[-55.6872,-22.5737],[-55.6859,-22.5739],[-55.6859,-22.5745]]],[[[-55.6856,-22.5572],[-55.6856,-22.558],[-55.6861,-22.5581],[-55.6861,-22.5576],[-55.6856,-22.5572]]],[[[-55.688,-22.5464],[-55.6881,-22.5462],[-55.6878,-22.5461],[-55.6878,-22.5463],[-55.688,-22.5464]]],[[[-55.688,-22.5708],[-55.6881,-22.5706],[-55.6878,-22.5706],[-55.6878,-22.5708],[-55.688,-22.5708]]],[[[-55.688,-22.5742],[-55.6881,-22.5737],[-55.6878,-22.5736],[-55.6878,-22.5741],[-55.688,-22.5742]]],[[[-55.6883,-22.5761],[-55.6883,-22.5759],[-55.6881,-22.5758],[-55.6881,-22.5761],[-55.6883,-22.5761]]],[[[-55.6897,-22.5542],[-55.6897,-22.5539],[-55.6892,-22.5539],[-55.6892,-22.5542],[-55.6897,-22.5542]]],[[[-55.6891,-22.5544],[-55.6887,-22.5544],[-55.6886,-22.5547],[-55.6894,-22.5553],[-55.6894,-22.5548],[-55.6891,-22.5544]]],[[[-55.6894,-22.5472],[-55.6894,-22.547],[-55.6892,-22.5469],[-55.6892,-22.5472],[-55.6894,-22.5472]]],[[[-55.6899,-22.545],[-55.69,-22.5448],[-55.6898,-22.5447],[-55.6897,-22.5449],[-55.6899,-22.545]]],[[[-55.6911,-22.555],[-55.6911,-22.5547],[-55.6903,-22.5548],[-55.6903,-22.555],[-55.6911,-22.555]]],[[[-55.6918,-22.5461],[-55.6919,-22.5453],[-55.6903,-22.5456],[-55.6903,-22.5464],[-55.6912,-22.5467],[-55.6926,-22.5478],[-55.6933,-22.5478],[-55.6931,-22.547],[-55.6926,-22.5469],[-55.6918,-22.5461]]],[[[-55.6917,-22.5786],[-55.6913,-22.5778],[-55.6908,-22.5778],[-55.6908,-22.5783],[-55.6914,-22.5786],[-55.6917,-22.5786]]],[[[-55.6924,-22.5578],[-55.6925,-22.5567],[-55.6919,-22.5567],[-55.6918,-22.5564],[-55.6919,-22.5556],[-55.6914,-22.5556],[-55.6911,-22.5559],[-55.6911,-22.5568],[-55.6908,-22.557],[-55.6908,-22.5574],[-55.6921,-22.5575],[-55.6924,-22.5578]]],[[[-55.6983,-22.5483],[-55.6983,-22.5481],[-55.6981,-22.5481],[-55.6981,-22.5483],[-55.6983,-22.5483]]],[[[-55.6991,-22.565],[-55.6992,-22.5648],[-55.6989,-22.5647],[-55.6989,-22.5649],[-55.6991,-22.565]]],[[[-55.6994,-22.5453],[-55.6994,-22.5451],[-55.6992,-22.545],[-55.6992,-22.5452],[-55.6994,-22.5453]]],[[[-55.7019,-22.5425],[-55.7016,-22.5419],[-55.7008,-22.542],[-55.7014,-22.5425],[-55.7019,-22.5425]]],[[[-55.7022,-22.5681],[-55.7022,-22.5678],[-55.702,-22.5678],[-55.7019,-22.568],[-55.7022,-22.5681]]],[[[-55.7027,-22.5428],[-55.7028,-22.5426],[-55.7026,-22.5425],[-55.7025,-22.5427],[-55.7027,-22.5428]]],[[[-55.703,-22.5467],[-55.7031,-22.5464],[-55.7028,-22.5464],[-55.7028,-22.5466],[-55.703,-22.5467]]],[[[-55.7042,-22.5412],[-55.7042,-22.5419],[-55.7038,-22.5419],[-55.7034,-22.5417],[-55.7033,-22.5422],[-55.7043,-22.5422],[-55.7047,-22.5425],[-55.7047,-22.5415],[-55.705,-22.5413],[-55.7047,-22.5408],[-55.7042,-22.5412]]],[[[-55.7066,-22.5678],[-55.7067,-22.5676],[-55.7064,-22.5675],[-55.7064,-22.5677],[-55.7066,-22.5678]]],[[[-55.7074,-22.5442],[-55.7075,-22.5437],[-55.7072,-22.5433],[-55.7067,-22.5433],[-55.7067,-22.5436],[-55.7074,-22.5442]]],[[[-55.7074,-22.5694],[-55.7074,-22.5692],[-55.7069,-22.5692],[-55.707,-22.5694],[-55.7074,-22.5694]]],[[[-55.708,-22.5683],[-55.7081,-22.5681],[-55.7078,-22.5681],[-55.7078,-22.5683],[-55.708,-22.5683]]],[[[-55.7087,-22.5681],[-55.7092,-22.5677],[-55.7091,-22.5675],[-55.7086,-22.5678],[-55.7087,-22.5681]]],[[[-55.712,-22.5131],[-55.7119,-22.5136],[-55.7122,-22.5136],[-55.7125,-22.5131],[-55.712,-22.5131]]],[[[-55.7124,-22.5633],[-55.7125,-22.5631],[-55.7123,-22.5631],[-55.7122,-22.5633],[-55.7124,-22.5633]]],[[[-55.7144,-22.5072],[-55.7144,-22.507],[-55.7142,-22.5069],[-55.7142,-22.5072],[-55.7144,-22.5072]]],[[[-55.7174,-22.4869],[-55.7175,-22.4867],[-55.7173,-22.4867],[-55.7172,-22.4869],[-55.7174,-22.4869]]],[[[-55.7188,-22.5497],[-55.7189,-22.5495],[-55.7187,-22.5494],[-55.7186,-22.5497],[-55.7188,-22.5497]]],[[[-55.7199,-22.5233],[-55.7199,-22.5231],[-55.7194,-22.5231],[-55.7195,-22.5233],[-55.7199,-22.5233]]],[[[-55.7214,-22.5839],[-55.7208,-22.5836],[-55.7206,-22.5837],[-55.7209,-22.5842],[-55.7213,-22.5842],[-55.7214,-22.5839]]],[[[-55.7217,-22.4852],[-55.723,-22.4853],[-55.7231,-22.4842],[-55.7223,-22.4842],[-55.7217,-22.4848],[-55.7217,-22.4852]]],[[[-55.7219,-22.5156],[-55.7219,-22.5153],[-55.7217,-22.5153],[-55.7217,-22.5155],[-55.7219,-22.5156]]],[[[-55.7222,-22.4919],[-55.7222,-22.4917],[-55.722,-22.4917],[-55.7219,-22.4919],[-55.7222,-22.4919]]],[[[-55.723,-22.5836],[-55.7231,-22.5834],[-55.7227,-22.5831],[-55.7223,-22.5831],[-55.7219,-22.5834],[-55.7219,-22.5838],[-55.7224,-22.5839],[-55.7226,-22.5836],[-55.723,-22.5836]]],[[[-55.7244,-22.5156],[-55.7244,-22.5153],[-55.724,-22.5153],[-55.7233,-22.5147],[-55.7228,-22.5148],[-55.7231,-22.5153],[-55.7235,-22.5153],[-55.7237,-22.5156],[-55.7244,-22.5156]]],[[[-55.7238,-22.5178],[-55.7239,-22.5176],[-55.7237,-22.5175],[-55.7236,-22.5177],[-55.7238,-22.5178]]],[[[-55.7247,-22.5611],[-55.7247,-22.5609],[-55.7245,-22.5608],[-55.7244,-22.5611],[-55.7247,-22.5611]]],[[[-55.7249,-22.5267],[-55.725,-22.5264],[-55.7248,-22.5264],[-55.7247,-22.5266],[-55.7249,-22.5267]]],[[[-55.7263,-22.5928],[-55.7264,-22.5926],[-55.7262,-22.5925],[-55.7261,-22.5927],[-55.7263,-22.5928]]],[[[-55.7261,-22.5931],[-55.7258,-22.5931],[-55.7259,-22.5933],[-55.7261,-22.5933],[-55.7261,-22.5931]]],[[[-55.7266,-22.4989],[-55.7267,-22.4987],[-55.7264,-22.4986],[-55.7264,-22.4988],[-55.7266,-22.4989]]],[[[-55.7266,-22.5639],[-55.7267,-22.5637],[-55.7264,-22.5636],[-55.7264,-22.5638],[-55.7266,-22.5639]]],[[[-55.7269,-22.5617],[-55.7269,-22.5614],[-55.7267,-22.5614],[-55.7267,-22.5616],[-55.7269,-22.5617]]],[[[-55.7272,-22.5631],[-55.7272,-22.5628],[-55.727,-22.5628],[-55.7269,-22.563],[-55.7272,-22.5631]]],[[[-55.7274,-22.5172],[-55.7275,-22.517],[-55.7273,-22.5169],[-55.7272,-22.5172],[-55.7274,-22.5172]]],[[[-55.7277,-22.5617],[-55.7278,-22.5614],[-55.7276,-22.5614],[-55.7275,-22.5616],[-55.7277,-22.5617]]],[[[-55.7286,-22.577],[-55.728,-22.5767],[-55.7278,-22.5767],[-55.7286,-22.5775],[-55.7286,-22.577]]],[[[-55.7286,-22.5014],[-55.7286,-22.5009],[-55.7284,-22.5008],[-55.7283,-22.5013],[-55.7286,-22.5014]]],[[[-55.729,-22.4867],[-55.7292,-22.4869],[-55.7294,-22.4869],[-55.7294,-22.4856],[-55.7289,-22.4856],[-55.7292,-22.4862],[-55.7286,-22.4864],[-55.7287,-22.4867],[-55.729,-22.4867]]],[[[-55.7297,-22.4978],[-55.7297,-22.4976],[-55.7295,-22.4975],[-55.7294,-22.4977],[-55.7297,-22.4978]]],[[[-55.7302,-22.4847],[-55.7303,-22.4845],[-55.7301,-22.4844],[-55.73,-22.4847],[-55.7302,-22.4847]]],[[[-55.7305,-22.4858],[-55.7306,-22.4853],[-55.7303,-22.4853],[-55.7303,-22.4858],[-55.7305,-22.4858]]],[[[-55.7316,-22.5767],[-55.7317,-22.5764],[-55.7314,-22.5764],[-55.7314,-22.5766],[-55.7316,-22.5767]]],[[[-55.7338,-22.4992],[-55.7339,-22.4984],[-55.7337,-22.4983],[-55.7336,-22.4991],[-55.7338,-22.4992]]],[[[-55.7347,-22.4975],[-55.7347,-22.497],[-55.7342,-22.4969],[-55.7342,-22.4974],[-55.7347,-22.4975]]],[[[-55.7356,-22.4864],[-55.7356,-22.4867],[-55.7364,-22.4869],[-55.7363,-22.4864],[-55.7356,-22.4864]]],[[[-55.7363,-22.4892],[-55.7364,-22.4889],[-55.7362,-22.4889],[-55.7361,-22.4891],[-55.7363,-22.4892]]],[[[-55.7394,-22.5078],[-55.7394,-22.5076],[-55.7392,-22.5075],[-55.7392,-22.5077],[-55.7394,-22.5078]]],[[[-55.7395,-22.5094],[-55.7406,-22.5106],[-55.7411,-22.5102],[-55.7408,-22.5094],[-55.7404,-22.5097],[-55.7395,-22.5094]]],[[[-55.7399,-22.4886],[-55.74,-22.4884],[-55.7398,-22.4883],[-55.7397,-22.4886],[-55.7399,-22.4886]]],[[[-55.7399,-22.4914],[-55.74,-22.4912],[-55.7398,-22.4911],[-55.7397,-22.4913],[-55.7399,-22.4914]]],[[[-55.7408,-22.4958],[-55.7408,-22.4956],[-55.7406,-22.4956],[-55.7406,-22.4958],[-55.7408,-22.4958]]],[[[-55.7433,-22.5706],[-55.7433,-22.5703],[-55.7431,-22.5703],[-55.7431,-22.5705],[-55.7433,-22.5706]]],[[[-55.7449,-22.5489],[-55.745,-22.5487],[-55.7448,-22.5486],[-55.7447,-22.5488],[-55.7449,-22.5489]]],[[[-55.7455,-22.5528],[-55.7456,-22.5526],[-55.7453,-22.5525],[-55.7453,-22.5527],[-55.7455,-22.5528]]],[[[-55.745,-22.5524],[-55.7449,-22.5522],[-55.7447,-22.5523],[-55.7448,-22.5525],[-55.745,-22.5524]]],[[[-55.7464,-22.5702],[-55.7464,-22.5692],[-55.7459,-22.5692],[-55.7458,-22.5697],[-55.7461,-22.5697],[-55.7462,-22.5703],[-55.7464,-22.5702]]],[[[-55.7456,-22.5691],[-55.7455,-22.5689],[-55.745,-22.5689],[-55.7451,-22.5692],[-55.7456,-22.5691]]],[[[-55.7449,-22.5694],[-55.7447,-22.5695],[-55.7448,-22.5697],[-55.745,-22.5697],[-55.7449,-22.5694]]],[[[-55.7455,-22.5683],[-55.7456,-22.5678],[-55.7453,-22.5678],[-55.7453,-22.5683],[-55.7455,-22.5683]]],[[[-55.7461,-22.5664],[-55.7461,-22.5661],[-55.7453,-22.5662],[-55.7453,-22.5664],[-55.7461,-22.5664]]],[[[-55.7478,-22.4872],[-55.7475,-22.4876],[-55.7476,-22.4878],[-55.7481,-22.4877],[-55.7481,-22.4873],[-55.7478,-22.4872]]],[[[-55.7477,-22.4897],[-55.7478,-22.4895],[-55.7476,-22.4894],[-55.7475,-22.4897],[-55.7477,-22.4897]]],[[[-55.748,-22.5264],[-55.7481,-22.5262],[-55.7478,-22.5261],[-55.7478,-22.5263],[-55.748,-22.5264]]],[[[-55.7483,-22.5661],[-55.7483,-22.5659],[-55.7481,-22.5658],[-55.7481,-22.5661],[-55.7483,-22.5661]]],[[[-55.7491,-22.4767],[-55.7492,-22.4764],[-55.7489,-22.4764],[-55.7489,-22.4766],[-55.7491,-22.4767]]],[[[-55.7497,-22.5433],[-55.7497,-22.5428],[-55.7489,-22.5422],[-55.7489,-22.5427],[-55.7497,-22.5433]]],[[[-55.7498,-22.5489],[-55.7497,-22.5494],[-55.7502,-22.5494],[-55.7503,-22.5492],[-55.7498,-22.5489]]],[[[-55.7508,-22.4769],[-55.7508,-22.4758],[-55.7506,-22.4759],[-55.7506,-22.4764],[-55.7502,-22.4761],[-55.7497,-22.4762],[-55.7498,-22.4764],[-55.7503,-22.4765],[-55.7503,-22.4769],[-55.7508,-22.4769]]],[[[-55.7505,-22.5544],[-55.7506,-22.5542],[-55.7501,-22.5539],[-55.75,-22.5541],[-55.7505,-22.5544]]],[[[-55.7503,-22.4889],[-55.7503,-22.4894],[-55.7507,-22.4892],[-55.7517,-22.4891],[-55.7516,-22.4889],[-55.7503,-22.4889]]],[[[-55.7514,-22.5453],[-55.7514,-22.5458],[-55.7522,-22.5458],[-55.7519,-22.5453],[-55.7514,-22.5453]]],[[[-55.7511,-22.5459],[-55.7509,-22.5458],[-55.7508,-22.5461],[-55.7511,-22.5461],[-55.7511,-22.5459]]],[[[-55.7519,-22.4975],[-55.7519,-22.4972],[-55.7514,-22.4973],[-55.7514,-22.4975],[-55.7519,-22.4975]]],[[[-55.7519,-22.5186],[-55.7519,-22.5178],[-55.7517,-22.5178],[-55.7517,-22.5186],[-55.7519,-22.5186]]],[[[-55.752,-22.5442],[-55.7517,-22.5445],[-55.7517,-22.5447],[-55.7522,-22.5447],[-55.7522,-22.5442],[-55.752,-22.5442]]],[[[-55.7519,-22.4741],[-55.7522,-22.4742],[-55.7522,-22.4739],[-55.752,-22.4739],[-55.7519,-22.4741]]],[[[-55.7527,-22.4975],[-55.7528,-22.4973],[-55.7526,-22.4972],[-55.7525,-22.4974],[-55.7527,-22.4975]]],[[[-55.7561,-22.5181],[-55.7556,-22.5178],[-55.7556,-22.5186],[-55.7558,-22.5186],[-55.7561,-22.5181]]],[[[-55.7559,-22.5189],[-55.7554,-22.5192],[-55.7553,-22.5187],[-55.7551,-22.5186],[-55.755,-22.5191],[-55.7553,-22.5194],[-55.7558,-22.5194],[-55.7561,-22.5191],[-55.7559,-22.5189]]],[[[-55.7555,-22.5428],[-55.7556,-22.5426],[-55.7553,-22.5425],[-55.7553,-22.5427],[-55.7555,-22.5428]]],[[[-55.7555,-22.5822],[-55.7556,-22.582],[-55.7553,-22.5819],[-55.7553,-22.5822],[-55.7555,-22.5822]]],[[[-55.7558,-22.4983],[-55.7558,-22.4981],[-55.7556,-22.4981],[-55.7556,-22.4983],[-55.7558,-22.4983]]],[[[-55.7569,-22.5175],[-55.7569,-22.5172],[-55.7564,-22.5173],[-55.7564,-22.5175],[-55.7569,-22.5175]]],[[[-55.7574,-22.5808],[-55.7575,-22.5803],[-55.7573,-22.5803],[-55.7572,-22.5808],[-55.7574,-22.5808]]],[[[-55.7594,-22.5836],[-55.7594,-22.5834],[-55.7592,-22.5833],[-55.7592,-22.5836],[-55.7594,-22.5836]]],[[[-55.7599,-22.5533],[-55.7599,-22.5531],[-55.7594,-22.5531],[-55.7595,-22.5533],[-55.7599,-22.5533]]],[[[-55.7602,-22.5839],[-55.7603,-22.5837],[-55.7601,-22.5836],[-55.76,-22.5838],[-55.7602,-22.5839]]],[[[-55.7619,-22.5833],[-55.7619,-22.5831],[-55.7617,-22.5831],[-55.7617,-22.5833],[-55.7619,-22.5833]]],[[[-55.7624,-22.5828],[-55.7625,-22.5826],[-55.7623,-22.5825],[-55.7622,-22.5827],[-55.7624,-22.5828]]],[[[-55.7638,-22.5589],[-55.7639,-22.5587],[-55.7637,-22.5586],[-55.7636,-22.5588],[-55.7638,-22.5589]]],[[[-55.7733,-22.5847],[-55.7736,-22.5847],[-55.7736,-22.5842],[-55.7733,-22.5842],[-55.7733,-22.5847]]]]}},{"type":"Feature","properties":{"ano":1996},"geometry":{"type":"MultiPolygon","coordinates":[[[[-55.6431,-22.5452],[-55.6439,-22.5452],[-55.6439,-22.5445],[-55.6436,-22.5442],[-55.6431,-22.5442],[-55.6431,-22.5452]]],[[[-55.6444,-22.6142],[-55.6442,-22.6142],[-55.6442,-22.6144],[-55.6444,-22.6144],[-55.6444,-22.6142]]],[[[-55.6461,-22.6136],[-55.6461,-22.6133],[-55.6456,-22.6134],[-55.6456,-22.6136],[-55.6461,-22.6136]]],[[[-55.6453,-22.6137],[-55.6451,-22.6136],[-55.645,-22.6138],[-55.6452,-22.6139],[-55.6453,-22.6137]]],[[[-55.6822,-22.5667],[-55.682,-22.5667],[-55.6819,-22.5669],[-55.6822,-22.5669],[-55.6822,-22.5667]]],[[[-55.683,-22.5869],[-55.6831,-22.5867],[-55.6828,-22.5867],[-55.6828,-22.5869],[-55.683,-22.5869]]],[[[-55.6844,-22.5826],[-55.684,-22.5825],[-55.6836,-22.5819],[-55.6833,-22.582],[-55.6839,-22.5828],[-55.6844,-22.5828],[-55.6844,-22.5826]]],[[[-55.6853,-22.5764],[-55.685,-22.5764],[-55.6851,-22.5769],[-55.6853,-22.5769],[-55.6853,-22.5764]]],[[[-55.6849,-22.5761],[-55.685,-22.5759],[-55.6848,-22.5758],[-55.6847,-22.5761],[-55.6849,-22.5761]]],[[[-55.6869,-22.5575],[-55.6869,-22.5572],[-55.6861,-22.5573],[-55.6862,-22.5575],[-55.6869,-22.5575]]],[[[-55.6869,-22.5737],[-55.6867,-22.5736],[-55.6867,-22.5738],[-55.6869,-22.5739],[-55.6869,-22.5737]]],[[[-55.6872,-22.5748],[-55.6869,-22.5748],[-55.687,-22.5753],[-55.6872,-22.5752],[-55.6872,-22.5748]]],[[[-55.6874,-22.5569],[-55.6875,-22.5567],[-55.6873,-22.5567],[-55.6872,-22.5569],[-55.6874,-22.5569]]],[[[-55.6878,-22.5731],[-55.6874,-22.5728],[-55.6872,-22.5728],[-55.6876,-22.5733],[-55.6878,-22.5731]]],[[[-55.688,-22.5764],[-55.6881,-22.5759],[-55.6878,-22.5758],[-55.6878,-22.5763],[-55.688,-22.5764]]],[[[-55.6881,-22.5703],[-55.6878,-22.5703],[-55.6878,-22.5705],[-55.688,-22.5706],[-55.6881,-22.5703]]],[[[-55.6883,-22.575],[-55.6883,-22.5748],[-55.6881,-22.5747],[-55.6881,-22.5749],[-55.6883,-22.575]]],[[[-55.6891,-22.5556],[-55.6892,-22.5551],[-55.6889,-22.555],[-55.6889,-22.5555],[-55.6891,-22.5556]]],[[[-55.6886,-22.5549],[-55.6886,-22.5544],[-55.6881,-22.5545],[-55.6884,-22.555],[-55.6886,-22.5549]]],[[[-55.689,-22.545],[-55.6898,-22.5458],[-55.6903,-22.5458],[-55.6897,-22.5445],[-55.6887,-22.5442],[-55.6886,-22.5449],[-55.689,-22.545]]],[[[-55.6889,-22.5564],[-55.6887,-22.5564],[-55.6886,-22.5566],[-55.6888,-22.5567],[-55.6889,-22.5564]]],[[[-55.6892,-22.5467],[-55.6889,-22.5467],[-55.6889,-22.5469],[-55.6891,-22.5469],[-55.6892,-22.5467]]],[[[-55.6919,-22.5778],[-55.6914,-22.5778],[-55.6914,-22.578],[-55.6919,-22.5781],[-55.6919,-22.5778]]],[[[-55.6922,-22.5556],[-55.692,-22.5556],[-55.6919,-22.5558],[-55.6922,-22.5558],[-55.6922,-22.5556]]],[[[-55.7011,-22.578],[-55.7011,-22.5774],[-55.7022,-22.5763],[-55.7022,-22.5753],[-55.7018,-22.5753],[-55.7011,-22.5744],[-55.7001,-22.5742],[-55.6997,-22.5736],[-55.6987,-22.5736],[-55.6989,-22.5743],[-55.6986,-22.5747],[-55.699,-22.5747],[-55.6993,-22.5752],[-55.6986,-22.5759],[-55.6986,-22.5762],[-55.6981,-22.5764],[-55.6978,-22.5769],[-55.6986,-22.5769],[-55.6988,-22.5767],[-55.6991,-22.5767],[-55.6992,-22.576],[-55.6996,-22.5756],[-55.7006,-22.5757],[-55.7003,-22.5763],[-55.7008,-22.5768],[-55.7008,-22.5771],[-55.7001,-22.5778],[-55.6997,-22.5778],[-55.6998,-22.5788],[-55.6994,-22.5792],[-55.6995,-22.5794],[-55.7011,-22.578]]],[[[-55.6983,-22.5772],[-55.6979,-22.5775],[-55.6973,-22.5775],[-55.6972,-22.5777],[-55.6983,-22.5781],[-55.6983,-22.5772]]],[[[-55.6998,-22.5733],[-55.7,-22.5733],[-55.6999,-22.5731],[-55.6997,-22.5731],[-55.6998,-22.5733]]],[[[-55.6972,-22.5772],[-55.6969,-22.5763],[-55.6972,-22.5759],[-55.6962,-22.5761],[-55.6961,-22.5763],[-55.6972,-22.5772]]],[[[-55.6983,-22.5451],[-55.6978,-22.545],[-55.6978,-22.5452],[-55.6983,-22.5453],[-55.6983,-22.5451]]],[[[-55.6975,-22.5449],[-55.6974,-22.5447],[-55.6967,-22.5448],[-55.6967,-22.545],[-55.6975,-22.5449]]],[[[-55.6992,-22.5798],[-55.6984,-22.5797],[-55.6982,-22.58],[-55.6976,-22.58],[-55.6975,-22.5806],[-55.6972,-22.5808],[-55.6977,-22.5811],[-55.6986,-22.58],[-55.6991,-22.58],[-55.6992,-22.5798]]],[[[-55.6991,-22.5453],[-55.6992,-22.5451],[-55.6989,-22.545],[-55.6989,-22.5452],[-55.6991,-22.5453]]],[[[-55.7064,-22.5498],[-55.7058,-22.5492],[-55.7054,-22.5494],[-55.7044,-22.5493],[-55.7044,-22.5489],[-55.7039,-22.5482],[-55.7036,-22.5464],[-55.7033,-22.5461],[-55.7026,-22.5461],[-55.7022,-22.5454],[-55.7022,-22.5449],[-55.7028,-22.5447],[-55.7031,-22.5437],[-55.7024,-22.5431],[-55.7021,-22.5431],[-55.7013,-22.5422],[-55.7001,-22.5417],[-55.7,-22.5427],[-55.7003,-22.5429],[-55.7003,-22.5436],[-55.7006,-22.5438],[-55.7006,-22.5441],[-55.701,-22.5443],[-55.7008,-22.5447],[-55.7014,-22.5449],[-55.7014,-22.5455],[-55.7022,-22.5465],[-55.7022,-22.5477],[-55.7028,-22.5485],[-55.7028,-22.5497],[-55.7031,-22.5499],[-55.7031,-22.5505],[-55.7033,-22.5507],[-55.7036,-22.5516],[-55.7038,-22.5517],[-55.7041,-22.5513],[-55.7055,-22.5514],[-55.7056,-22.5508],[-55.7058,-22.5507],[-55.7063,-22.5511],[-55.7065,-22.5508],[-55.7075,-22.5505],[-55.7069,-22.5497],[-55.7064,-22.5498]]],[[[-55.7017,-22.5422],[-55.7019,-22.5422],[-55.7019,-22.5419],[-55.7017,-22.542],[-55.7017,-22.5422]]],[[[-55.7005,-22.5728],[-55.7006,-22.5726],[-55.7003,-22.5725],[-55.7003,-22.5727],[-55.7005,-22.5728]]],[[[-55.7006,-22.5837],[-55.7003,-22.5836],[-55.7003,-22.5838],[-55.7005,-22.5839],[-55.7006,-22.5837]]],[[[-55.7022,-22.5706],[-55.702,-22.5706],[-55.7019,-22.5708],[-55.7022,-22.5708],[-55.7022,-22.5706]]],[[[-55.7022,-22.5714],[-55.702,-22.5714],[-55.7019,-22.5716],[-55.7022,-22.5717],[-55.7022,-22.5714]]],[[[-55.7033,-22.5645],[-55.7031,-22.5644],[-55.7031,-22.5647],[-55.7033,-22.5647],[-55.7033,-22.5645]]],[[[-55.7053,-22.5412],[-55.7051,-22.5411],[-55.7045,-22.5418],[-55.7041,-22.5414],[-55.7037,-22.5414],[-55.7036,-22.5427],[-55.7046,-22.5431],[-55.7045,-22.5439],[-55.705,-22.5436],[-55.705,-22.5447],[-55.7055,-22.5453],[-55.7056,-22.5449],[-55.7063,-22.5442],[-55.7068,-22.5442],[-55.707,-22.5444],[-55.7074,-22.5444],[-55.7075,-22.5442],[-55.7067,-22.5435],[-55.7063,-22.5425],[-55.7054,-22.5425],[-55.705,-22.5421],[-55.705,-22.5415],[-55.7053,-22.5412]],[[-55.7043,-22.5422],[-55.7045,-22.5418],[-55.7047,-22.5419],[-55.7047,-22.5422],[-55.7043,-22.5422]]],[[[-55.7042,-22.5411],[-55.7044,-22.5411],[-55.7044,-22.5408],[-55.7042,-22.5409],[-55.7042,-22.5411]]],[[[-55.7049,-22.5686],[-55.705,-22.5684],[-55.7048,-22.5683],[-55.7047,-22.5686],[-55.7049,-22.5686]]],[[[-55.7092,-22.5681],[-55.7089,-22.5681],[-55.7089,-22.5683],[-55.7091,-22.5683],[-55.7092,-22.5681]]],[[[-55.7144,-22.5074],[-55.7144,-22.5067],[-55.7136,-22.5067],[-55.7142,-22.5075],[-55.7144,-22.5074]]],[[[-55.7147,-22.5664],[-55.7147,-22.5662],[-55.7145,-22.5661],[-55.7144,-22.5663],[-55.7147,-22.5664]]],[[[-55.7142,-22.5664],[-55.7137,-22.5664],[-55.7136,-22.5666],[-55.7141,-22.5669],[-55.7142,-22.5664]]],[[[-55.7161,-22.5089],[-55.7161,-22.5087],[-55.7159,-22.5086],[-55.7158,-22.5088],[-55.7161,-22.5089]]],[[[-55.7172,-22.5786],[-55.7172,-22.5784],[-55.717,-22.5783],[-55.7169,-22.5786],[-55.7172,-22.5786]]],[[[-55.7175,-22.5114],[-55.7173,-22.5114],[-55.7172,-22.5116],[-55.7174,-22.5117],[-55.7175,-22.5114]]],[[[-55.7178,-22.5128],[-55.7176,-22.5128],[-55.7175,-22.513],[-55.7177,-22.5131],[-55.7178,-22.5128]]],[[[-55.7197,-22.5383],[-55.7197,-22.5381],[-55.7195,-22.5381],[-55.7194,-22.5383],[-55.7197,-22.5383]]],[[[-55.7202,-22.5142],[-55.7203,-22.5137],[-55.7201,-22.5136],[-55.72,-22.5141],[-55.7202,-22.5142]]],[[[-55.7211,-22.4894],[-55.7211,-22.4892],[-55.7209,-22.4892],[-55.7208,-22.4894],[-55.7211,-22.4894]]],[[[-55.7211,-22.5667],[-55.7211,-22.5664],[-55.7209,-22.5664],[-55.7208,-22.5666],[-55.7211,-22.5667]]],[[[-55.7225,-22.5676],[-55.7228,-22.5674],[-55.7228,-22.567],[-55.722,-22.5667],[-55.7219,-22.5672],[-55.7223,-22.5673],[-55.7222,-22.5679],[-55.7217,-22.5684],[-55.7219,-22.5688],[-55.722,-22.5694],[-55.7225,-22.5688],[-55.7225,-22.5676]]],[[[-55.7227,-22.5164],[-55.7228,-22.5162],[-55.7226,-22.5161],[-55.7225,-22.5163],[-55.7227,-22.5164]]],[[[-55.7236,-22.5153],[-55.7226,-22.5153],[-55.7225,-22.5155],[-55.7236,-22.5156],[-55.7236,-22.5153]]],[[[-55.7233,-22.5641],[-55.7238,-22.5642],[-55.7239,-22.5639],[-55.7234,-22.5636],[-55.7233,-22.5641]]],[[[-55.7241,-22.5175],[-55.7242,-22.5173],[-55.7239,-22.5172],[-55.7239,-22.5174],[-55.7241,-22.5175]]],[[[-55.7258,-22.5189],[-55.7256,-22.5189],[-55.7256,-22.5191],[-55.7258,-22.5192],[-55.7258,-22.5189]]],[[[-55.7264,-22.5933],[-55.7258,-22.5934],[-55.7262,-22.5939],[-55.7267,-22.5938],[-55.7269,-22.5919],[-55.7264,-22.5923],[-55.7264,-22.5926],[-55.7261,-22.5928],[-55.7264,-22.5933]]],[[[-55.7266,-22.5164],[-55.7267,-22.5162],[-55.7264,-22.5161],[-55.7264,-22.5163],[-55.7266,-22.5164]]],[[[-55.7281,-22.5703],[-55.727,-22.5703],[-55.7269,-22.5705],[-55.7273,-22.5708],[-55.7277,-22.5708],[-55.7281,-22.5703]]],[[[-55.7275,-22.4845],[-55.7273,-22.4844],[-55.7272,-22.4847],[-55.7274,-22.4847],[-55.7275,-22.4845]]],[[[-55.7283,-22.4833],[-55.7283,-22.4828],[-55.7281,-22.4828],[-55.7281,-22.4833],[-55.7283,-22.4833]]],[[[-55.7288,-22.4864],[-55.7289,-22.4862],[-55.7287,-22.4861],[-55.7286,-22.4863],[-55.7288,-22.4864]]],[[[-55.73,-22.4981],[-55.7297,-22.4981],[-55.7298,-22.4994],[-55.73,-22.4994],[-55.73,-22.4988],[-55.7303,-22.4986],[-55.73,-22.4981]]],[[[-55.7308,-22.4989],[-55.7306,-22.4989],[-55.7306,-22.4994],[-55.7308,-22.4994],[-55.7308,-22.4989]]],[[[-55.7316,-22.5731],[-55.7322,-22.5724],[-55.7322,-22.5722],[-55.7312,-22.5722],[-55.7308,-22.5726],[-55.7309,-22.5728],[-55.7316,-22.5731]]],[[[-55.7314,-22.5789],[-55.7312,-22.5789],[-55.7311,-22.5791],[-55.7313,-22.5792],[-55.7314,-22.5789]]],[[[-55.7317,-22.5758],[-55.732,-22.5761],[-55.7322,-22.5761],[-55.7322,-22.5756],[-55.7317,-22.5756],[-55.7317,-22.5758]]],[[[-55.7328,-22.5717],[-55.7324,-22.5714],[-55.7322,-22.5714],[-55.7326,-22.5719],[-55.7328,-22.5717]]],[[[-55.7327,-22.5742],[-55.7327,-22.5739],[-55.7322,-22.5739],[-55.7323,-22.5742],[-55.7327,-22.5742]]],[[[-55.7341,-22.4981],[-55.7342,-22.4978],[-55.7339,-22.4978],[-55.7339,-22.498],[-55.7341,-22.4981]]],[[[-55.7352,-22.4878],[-55.7353,-22.4873],[-55.7351,-22.4872],[-55.735,-22.4877],[-55.7352,-22.4878]]],[[[-55.7358,-22.5494],[-55.7358,-22.5492],[-55.735,-22.5492],[-55.7351,-22.5494],[-55.7358,-22.5494]]],[[[-55.7367,-22.4862],[-55.736,-22.4861],[-55.7358,-22.4856],[-55.7356,-22.4856],[-55.7356,-22.4864],[-55.7369,-22.4867],[-55.7367,-22.4862]]],[[[-55.7375,-22.4895],[-55.7369,-22.4895],[-55.7366,-22.4892],[-55.7358,-22.4889],[-55.7362,-22.4903],[-55.7367,-22.4902],[-55.7367,-22.4897],[-55.7374,-22.4897],[-55.7375,-22.4895]]],[[[-55.7364,-22.5648],[-55.7362,-22.5647],[-55.7361,-22.5649],[-55.7363,-22.565],[-55.7364,-22.5648]]],[[[-55.7386,-22.5759],[-55.7384,-22.5758],[-55.7383,-22.5761],[-55.7386,-22.5761],[-55.7386,-22.5759]]],[[[-55.7391,-22.5064],[-55.7392,-22.5062],[-55.7389,-22.5061],[-55.7389,-22.5063],[-55.7391,-22.5064]]],[[[-55.7391,-22.5769],[-55.7392,-22.5767],[-55.7389,-22.5767],[-55.7389,-22.5769],[-55.7391,-22.5769]]],[[[-55.7389,-22.4647],[-55.7397,-22.4644],[-55.7397,-22.4639],[-55.7389,-22.4645],[-55.7389,-22.4647]]],[[[-55.7397,-22.5217],[-55.7395,-22.5217],[-55.7394,-22.5219],[-55.7397,-22.5219],[-55.7397,-22.5217]]],[[[-55.7405,-22.4869],[-55.7406,-22.4867],[-55.7403,-22.4867],[-55.7403,-22.4869],[-55.7405,-22.4869]]],[[[-55.7408,-22.4967],[-55.7408,-22.4964],[-55.7406,-22.4964],[-55.7406,-22.4966],[-55.7408,-22.4967]]],[[[-55.7417,-22.5514],[-55.7412,-22.5514],[-55.7411,-22.5516],[-55.7416,-22.5517],[-55.7417,-22.5514]]],[[[-55.7417,-22.5684],[-55.7414,-22.5683],[-55.7414,-22.5686],[-55.7416,-22.5686],[-55.7417,-22.5684]]],[[[-55.7417,-22.5128],[-55.7425,-22.5124],[-55.7424,-22.5117],[-55.7422,-22.5117],[-55.7421,-22.5122],[-55.7414,-22.5123],[-55.7417,-22.5128]]],[[[-55.7425,-22.5494],[-55.7431,-22.5489],[-55.7428,-22.5489],[-55.7425,-22.5494]]],[[[-55.7433,-22.5695],[-55.743,-22.5692],[-55.7428,-22.5692],[-55.7431,-22.5697],[-55.7433,-22.5695]]],[[[-55.7444,-22.5798],[-55.7442,-22.5797],[-55.7442,-22.5799],[-55.7444,-22.58],[-55.7444,-22.5798]]],[[[-55.7444,-22.5814],[-55.7442,-22.5814],[-55.7442,-22.5816],[-55.7444,-22.5817],[-55.7444,-22.5814]]],[[[-55.745,-22.5251],[-55.7448,-22.525],[-55.7447,-22.5252],[-55.7449,-22.5253],[-55.745,-22.5251]]],[[[-55.7453,-22.5176],[-55.7448,-22.5175],[-55.7447,-22.5177],[-55.7452,-22.5178],[-55.7453,-22.5176]]],[[[-55.7456,-22.5534],[-55.7452,-22.5531],[-55.745,-22.5531],[-55.7453,-22.5536],[-55.7456,-22.5534]]],[[[-55.7452,-22.5539],[-55.7447,-22.5542],[-55.7448,-22.5544],[-55.7453,-22.5541],[-55.7452,-22.5539]]],[[[-55.7456,-22.5184],[-55.7451,-22.5183],[-55.745,-22.5186],[-55.7455,-22.5186],[-55.7456,-22.5184]]],[[[-55.7458,-22.4897],[-55.7464,-22.49],[-55.7467,-22.4899],[-55.7467,-22.4887],[-55.7463,-22.4883],[-55.7461,-22.4884],[-55.7462,-22.4891],[-55.7458,-22.4892],[-55.7458,-22.4897]]],[[[-55.7472,-22.5167],[-55.747,-22.5167],[-55.7469,-22.5171],[-55.7464,-22.5172],[-55.7458,-22.518],[-55.7461,-22.5181],[-55.7465,-22.5175],[-55.7469,-22.5175],[-55.7472,-22.5172],[-55.7472,-22.5167]]],[[[-55.7464,-22.5526],[-55.7462,-22.5525],[-55.7461,-22.5527],[-55.7463,-22.5528],[-55.7464,-22.5526]]],[[[-55.7467,-22.5655],[-55.7469,-22.5657],[-55.7469,-22.5663],[-55.7474,-22.5664],[-55.7475,-22.5651],[-55.7467,-22.565],[-55.7467,-22.5655]]],[[[-55.7469,-22.4836],[-55.7469,-22.4834],[-55.7467,-22.4833],[-55.7467,-22.4836],[-55.7469,-22.4836]]],[[[-55.7481,-22.5512],[-55.747,-22.5511],[-55.7467,-22.5514],[-55.7467,-22.5519],[-55.7469,-22.5519],[-55.7469,-22.5515],[-55.7473,-22.5513],[-55.748,-22.5514],[-55.7481,-22.5512]]],[[[-55.748,-22.5636],[-55.7481,-22.5634],[-55.7478,-22.5633],[-55.7478,-22.5636],[-55.748,-22.5636]]],[[[-55.7489,-22.5662],[-55.7487,-22.5661],[-55.7486,-22.5663],[-55.7488,-22.5664],[-55.7489,-22.5662]]],[[[-55.7483,-22.5664],[-55.7481,-22.5664],[-55.7481,-22.5666],[-55.7483,-22.5667],[-55.7483,-22.5664]]],[[[-55.7503,-22.4767],[-55.7481,-22.4767],[-55.7483,-22.4774],[-55.7481,-22.4777],[-55.7484,-22.4781],[-55.7517,-22.478],[-55.7517,-22.4759],[-55.7513,-22.4756],[-55.7509,-22.4756],[-55.7506,-22.4762],[-55.7508,-22.4768],[-55.7504,-22.4769],[-55.7503,-22.4767]]],[[[-55.7489,-22.4756],[-55.7484,-22.4756],[-55.7483,-22.4758],[-55.7487,-22.4761],[-55.7494,-22.4761],[-55.7489,-22.4756]]],[[[-55.7497,-22.5561],[-55.7497,-22.5559],[-55.7495,-22.5558],[-55.7494,-22.5561],[-55.7497,-22.5561]]],[[[-55.75,-22.5537],[-55.7498,-22.5536],[-55.7497,-22.5538],[-55.7499,-22.5539],[-55.75,-22.5537]]],[[[-55.7506,-22.5328],[-55.7501,-22.5328],[-55.75,-22.533],[-55.7505,-22.5331],[-55.7506,-22.5328]]],[[[-55.7499,-22.5325],[-55.7506,-22.5319],[-55.7505,-22.5317],[-55.7497,-22.5317],[-55.7497,-22.5324],[-55.7499,-22.5325]]],[[[-55.7516,-22.545],[-55.7517,-22.5445],[-55.7513,-22.5442],[-55.7509,-22.5442],[-55.7508,-22.5444],[-55.7516,-22.545]]],[[[-55.7522,-22.4884],[-55.7514,-22.4883],[-55.7511,-22.4888],[-55.7522,-22.4892],[-55.7522,-22.4884]]],[[[-55.7538,-22.4742],[-55.7538,-22.4739],[-55.7522,-22.4739],[-55.7523,-22.4742],[-55.7538,-22.4742]]],[[[-55.7528,-22.5189],[-55.7526,-22.5189],[-55.7525,-22.5191],[-55.7527,-22.5192],[-55.7528,-22.5189]]],[[[-55.7528,-22.5376],[-55.7526,-22.5375],[-55.7525,-22.5377],[-55.7527,-22.5378],[-55.7528,-22.5376]]],[[[-55.7533,-22.5505],[-55.7528,-22.5499],[-55.7528,-22.5495],[-55.7526,-22.5494],[-55.7525,-22.5499],[-55.7531,-22.5506],[-55.7533,-22.5505]]],[[[-55.7533,-22.5173],[-55.7528,-22.5172],[-55.7528,-22.5177],[-55.7533,-22.5178],[-55.7533,-22.5173]]],[[[-55.7533,-22.5822],[-55.7533,-22.582],[-55.7531,-22.5819],[-55.7531,-22.5822],[-55.7533,-22.5822]]],[[[-55.7539,-22.5456],[-55.7537,-22.5456],[-55.7536,-22.5458],[-55.7538,-22.5458],[-55.7539,-22.5456]]],[[[-55.7539,-22.5756],[-55.7537,-22.5756],[-55.7536,-22.5758],[-55.7538,-22.5758],[-55.7539,-22.5756]]],[[[-55.7548,-22.5192],[-55.7558,-22.5192],[-55.7561,-22.5188],[-55.7561,-22.5184],[-55.7555,-22.5178],[-55.7551,-22.5181],[-55.7539,-22.5181],[-55.7536,-22.5184],[-55.7537,-22.5186],[-55.7543,-22.5186],[-55.7548,-22.5192]]],[[[-55.7547,-22.5817],[-55.7545,-22.5817],[-55.7544,-22.5819],[-55.7547,-22.5819],[-55.7547,-22.5817]]],[[[-55.7549,-22.5517],[-55.7549,-22.5514],[-55.7544,-22.5514],[-55.7545,-22.5517],[-55.7549,-22.5517]]],[[[-55.7547,-22.5389],[-55.7547,-22.5387],[-55.7545,-22.5386],[-55.7544,-22.5388],[-55.7547,-22.5389]]],[[[-55.755,-22.5484],[-55.7548,-22.5483],[-55.7547,-22.5486],[-55.7549,-22.5486],[-55.755,-22.5484]]],[[[-55.7556,-22.543],[-55.7556,-22.5423],[-55.7553,-22.5422],[-55.755,-22.5427],[-55.7553,-22.5431],[-55.7556,-22.543]]],[[[-55.7558,-22.55],[-55.7561,-22.5495],[-55.7559,-22.5494],[-55.7553,-22.5499],[-55.7558,-22.55]]],[[[-55.7564,-22.5453],[-55.7562,-22.5453],[-55.7561,-22.5455],[-55.7563,-22.5456],[-55.7564,-22.5453]]],[[[-55.7569,-22.5491],[-55.7563,-22.5483],[-55.7561,-22.5484],[-55.7561,-22.5488],[-55.7564,-22.5492],[-55.7569,-22.5491]]],[[[-55.7563,-22.5414],[-55.7564,-22.5409],[-55.7562,-22.5408],[-55.7561,-22.5413],[-55.7563,-22.5414]]],[[[-55.7572,-22.5467],[-55.7572,-22.5464],[-55.757,-22.5464],[-55.7569,-22.5466],[-55.7572,-22.5467]]],[[[-55.7599,-22.5544],[-55.76,-22.5542],[-55.7598,-22.5542],[-55.7597,-22.5544],[-55.7599,-22.5544]]],[[[-55.7619,-22.5517],[-55.7619,-22.5514],[-55.7617,-22.5514],[-55.7617,-22.5516],[-55.7619,-22.5517]]],[[[-55.7624,-22.5844],[-55.7625,-22.5842],[-55.7623,-22.5842],[-55.7622,-22.5844],[-55.7624,-22.5844]]],[[[-55.7824,-22.5903],[-55.7825,-22.5901],[-55.7823,-22.59],[-55.7822,-22.5902],[-55.7824,-22.5903]]]]}},{"type":"Feature","properties":{"ano":1997},"geometry":{"type":"MultiPolygon","coordinates":[[[[-55.6827,-22.5822],[-55.683,-22.5814],[-55.6817,-22.5814],[-55.6814,-22.5817],[-55.682,-22.5822],[-55.6827,-22.5822]]],[[[-55.6817,-22.567],[-55.6814,-22.5669],[-55.6814,-22.5672],[-55.6816,-22.5672],[-55.6817,-22.567]]],[[[-55.6814,-22.5686],[-55.6814,-22.5688],[-55.6816,-22.5689],[-55.6817,-22.5687],[-55.6814,-22.5686]]],[[[-55.6825,-22.5662],[-55.682,-22.5661],[-55.6819,-22.5663],[-55.6824,-22.5664],[-55.6825,-22.5662]]],[[[-55.6847,-22.5751],[-55.6844,-22.5751],[-55.6845,-22.5756],[-55.6847,-22.5755],[-55.6847,-22.5751]]],[[[-55.685,-22.5693],[-55.6853,-22.5691],[-55.6852,-22.5689],[-55.6847,-22.5692],[-55.6848,-22.5697],[-55.685,-22.5697],[-55.685,-22.5693]]],[[[-55.6851,-22.5808],[-55.6847,-22.5812],[-55.6848,-22.5814],[-55.6858,-22.5813],[-55.6855,-22.5808],[-55.6851,-22.5808]]],[[[-55.6867,-22.6046],[-55.6869,-22.6042],[-55.6862,-22.6042],[-55.6858,-22.6045],[-55.6859,-22.6056],[-55.6863,-22.6056],[-55.6867,-22.6052],[-55.6867,-22.6046]]],[[[-55.6876,-22.5758],[-55.6873,-22.5756],[-55.6869,-22.5761],[-55.6877,-22.5764],[-55.6876,-22.5758]]],[[[-55.6869,-22.5764],[-55.6864,-22.5764],[-55.6864,-22.5766],[-55.6869,-22.5767],[-55.6869,-22.5764]]],[[[-55.6873,-22.5731],[-55.6872,-22.5733],[-55.6874,-22.5733],[-55.6875,-22.5731],[-55.6873,-22.5731]]],[[[-55.6873,-22.5739],[-55.6872,-22.5741],[-55.6874,-22.5742],[-55.6875,-22.5739],[-55.6873,-22.5739]]],[[[-55.6883,-22.6034],[-55.6876,-22.6028],[-55.6875,-22.6041],[-55.6877,-22.6042],[-55.6883,-22.6034]]],[[[-55.6878,-22.57],[-55.6878,-22.5702],[-55.688,-22.5703],[-55.6881,-22.5701],[-55.6878,-22.57]]],[[[-55.6878,-22.575],[-55.6883,-22.5747],[-55.6883,-22.5744],[-55.6878,-22.5748],[-55.6878,-22.575]]],[[[-55.6889,-22.5544],[-55.6892,-22.5544],[-55.6891,-22.5542],[-55.6889,-22.5542],[-55.6889,-22.5544]]],[[[-55.6888,-22.5547],[-55.6886,-22.5548],[-55.6887,-22.555],[-55.6889,-22.5549],[-55.6888,-22.5547]]],[[[-55.6892,-22.5761],[-55.6892,-22.5763],[-55.6894,-22.5764],[-55.6894,-22.5762],[-55.6892,-22.5761]]],[[[-55.6912,-22.5783],[-55.6911,-22.5786],[-55.6913,-22.5786],[-55.6914,-22.5784],[-55.6912,-22.5783]]],[[[-55.6953,-22.5714],[-55.6949,-22.5711],[-55.6947,-22.5712],[-55.6951,-22.5717],[-55.6953,-22.5714]]],[[[-55.6949,-22.5719],[-55.6947,-22.572],[-55.6948,-22.5725],[-55.695,-22.5724],[-55.6949,-22.5719]]],[[[-55.6964,-22.5422],[-55.6964,-22.5424],[-55.6966,-22.5425],[-55.6967,-22.5423],[-55.6964,-22.5422]]],[[[-55.6972,-22.5551],[-55.697,-22.555],[-55.6969,-22.5552],[-55.6972,-22.5553],[-55.6972,-22.5551]]],[[[-55.6978,-22.5737],[-55.6973,-22.5736],[-55.6972,-22.5738],[-55.6977,-22.5739],[-55.6978,-22.5737]]],[[[-55.6976,-22.5811],[-55.6975,-22.5813],[-55.6977,-22.5814],[-55.6978,-22.5812],[-55.6976,-22.5811]]],[[[-55.6986,-22.5748],[-55.6984,-22.5747],[-55.6983,-22.5749],[-55.6986,-22.575],[-55.6986,-22.5748]]],[[[-55.6986,-22.5817],[-55.6984,-22.5817],[-55.6983,-22.5819],[-55.6986,-22.5819],[-55.6986,-22.5817]]],[[[-55.6992,-22.5802],[-55.6988,-22.5797],[-55.6986,-22.5798],[-55.6989,-22.5803],[-55.6992,-22.5802]]],[[[-55.7003,-22.5739],[-55.7,-22.5737],[-55.7,-22.5734],[-55.6998,-22.5733],[-55.6997,-22.5738],[-55.7001,-22.5742],[-55.7003,-22.5739]]],[[[-55.7001,-22.5731],[-55.7003,-22.573],[-55.7002,-22.5728],[-55.7,-22.5728],[-55.7001,-22.5731]]],[[[-55.7011,-22.5689],[-55.7006,-22.5689],[-55.7006,-22.5691],[-55.7011,-22.5692],[-55.7011,-22.5689]]],[[[-55.7006,-22.5631],[-55.7006,-22.5633],[-55.7008,-22.5633],[-55.7008,-22.5631],[-55.7006,-22.5631]]],[[[-55.7019,-22.5676],[-55.7017,-22.5675],[-55.7017,-22.5677],[-55.7019,-22.5678],[-55.7019,-22.5676]]],[[[-55.7033,-22.5614],[-55.7023,-22.5617],[-55.7022,-22.5619],[-55.7017,-22.5619],[-55.7017,-22.5622],[-55.7027,-22.5622],[-55.7033,-22.5619],[-55.7033,-22.5614]]],[[[-55.7025,-22.5062],[-55.7023,-22.5061],[-55.7022,-22.5063],[-55.7024,-22.5064],[-55.7025,-22.5062]]],[[[-55.7025,-22.5423],[-55.7023,-22.5422],[-55.7022,-22.5424],[-55.7024,-22.5425],[-55.7025,-22.5423]]],[[[-55.7023,-22.5647],[-55.7022,-22.5649],[-55.7024,-22.565],[-55.7025,-22.5648],[-55.7023,-22.5647]]],[[[-55.7026,-22.5017],[-55.7025,-22.5019],[-55.7027,-22.5019],[-55.7028,-22.5017],[-55.7026,-22.5017]]],[[[-55.7028,-22.5036],[-55.7028,-22.5038],[-55.703,-22.5039],[-55.7031,-22.5037],[-55.7028,-22.5036]]],[[[-55.7034,-22.5411],[-55.7034,-22.5414],[-55.7042,-22.5413],[-55.7041,-22.5411],[-55.7034,-22.5411]]],[[[-55.7051,-22.5608],[-55.705,-22.5611],[-55.7052,-22.5611],[-55.7053,-22.5609],[-55.7051,-22.5608]]],[[[-55.7061,-22.5692],[-55.7058,-22.5683],[-55.705,-22.5684],[-55.7056,-22.5692],[-55.7061,-22.5692]]],[[[-55.7067,-22.562],[-55.7061,-22.5617],[-55.7058,-22.5617],[-55.7062,-22.5622],[-55.7066,-22.5622],[-55.7067,-22.562]]],[[[-55.7072,-22.57],[-55.7085,-22.5686],[-55.7089,-22.5686],[-55.7086,-22.5679],[-55.7092,-22.5674],[-55.7092,-22.5662],[-55.7088,-22.5658],[-55.7078,-22.5661],[-55.7075,-22.5664],[-55.7075,-22.5668],[-55.7071,-22.5672],[-55.7067,-22.5672],[-55.7064,-22.5678],[-55.7067,-22.5683],[-55.7075,-22.5685],[-55.7074,-22.5689],[-55.707,-22.5689],[-55.7067,-22.5692],[-55.7067,-22.5699],[-55.7072,-22.57]]],[[[-55.7075,-22.5598],[-55.7067,-22.56],[-55.7067,-22.5602],[-55.7077,-22.5603],[-55.7075,-22.5598]]],[[[-55.7076,-22.5442],[-55.7075,-22.5444],[-55.7077,-22.5444],[-55.7078,-22.5442],[-55.7076,-22.5442]]],[[[-55.7078,-22.5623],[-55.7075,-22.5623],[-55.7076,-22.5628],[-55.7078,-22.5627],[-55.7078,-22.5623]]],[[[-55.7094,-22.6105],[-55.7091,-22.61],[-55.7089,-22.6101],[-55.7092,-22.6106],[-55.7094,-22.6105]]],[[[-55.7106,-22.5606],[-55.7103,-22.5606],[-55.7103,-22.5608],[-55.7105,-22.5608],[-55.7106,-22.5606]]],[[[-55.7138,-22.5069],[-55.7138,-22.5064],[-55.7135,-22.5064],[-55.7133,-22.5061],[-55.7121,-22.5061],[-55.7119,-22.5056],[-55.7114,-22.5056],[-55.7117,-22.506],[-55.7115,-22.5064],[-55.7106,-22.5062],[-55.7106,-22.5066],[-55.7111,-22.5068],[-55.7112,-22.5072],[-55.712,-22.5068],[-55.7123,-22.507],[-55.7114,-22.5081],[-55.7114,-22.5086],[-55.712,-22.5094],[-55.713,-22.5094],[-55.7137,-22.5091],[-55.7141,-22.5092],[-55.7143,-22.5086],[-55.7147,-22.5088],[-55.7148,-22.5092],[-55.7152,-22.5092],[-55.7156,-22.5082],[-55.7161,-22.508],[-55.7161,-22.5073],[-55.7158,-22.5069],[-55.7151,-22.5069],[-55.7146,-22.5075],[-55.7143,-22.5075],[-55.7138,-22.5069]]],[[[-55.7119,-22.5152],[-55.7122,-22.5152],[-55.7122,-22.5148],[-55.7117,-22.5147],[-55.7119,-22.5152]]],[[[-55.7117,-22.5153],[-55.7114,-22.5153],[-55.7114,-22.5155],[-55.7116,-22.5156],[-55.7117,-22.5153]]],[[[-55.7114,-22.5644],[-55.7114,-22.5647],[-55.7116,-22.5647],[-55.7117,-22.5645],[-55.7114,-22.5644]]],[[[-55.7128,-22.5583],[-55.7128,-22.5586],[-55.713,-22.5586],[-55.7131,-22.5584],[-55.7128,-22.5583]]],[[[-55.7139,-22.5668],[-55.7144,-22.5669],[-55.715,-22.5663],[-55.715,-22.5659],[-55.7139,-22.5658],[-55.7133,-22.5664],[-55.7133,-22.5671],[-55.7128,-22.5673],[-55.7128,-22.5677],[-55.7133,-22.5678],[-55.7133,-22.5674],[-55.7139,-22.5668]],[[-55.7139,-22.5668],[-55.7139,-22.5664],[-55.7142,-22.5665],[-55.7139,-22.5668]]],[[[-55.7131,-22.5222],[-55.7131,-22.5224],[-55.7133,-22.5225],[-55.7133,-22.5223],[-55.7131,-22.5222]]],[[[-55.7133,-22.6048],[-55.7131,-22.6048],[-55.7131,-22.6056],[-55.7136,-22.6052],[-55.7133,-22.6048]]],[[[-55.7147,-22.5226],[-55.7145,-22.5225],[-55.7144,-22.5227],[-55.7147,-22.5228],[-55.7147,-22.5226]]],[[[-55.7156,-22.5595],[-55.7152,-22.5592],[-55.715,-22.5592],[-55.7153,-22.5597],[-55.7156,-22.5595]]],[[[-55.7156,-22.5581],[-55.7159,-22.5586],[-55.7161,-22.5586],[-55.7161,-22.5581],[-55.7156,-22.5581]]],[[[-55.7167,-22.5613],[-55.7161,-22.5603],[-55.7156,-22.5603],[-55.7156,-22.5608],[-55.7162,-22.5614],[-55.7167,-22.5613]]],[[[-55.7174,-22.4869],[-55.7167,-22.4873],[-55.7167,-22.4875],[-55.7175,-22.4874],[-55.7174,-22.4869]]],[[[-55.7164,-22.4876],[-55.7162,-22.4875],[-55.7161,-22.4877],[-55.7163,-22.4878],[-55.7164,-22.4876]]],[[[-55.7164,-22.4864],[-55.7164,-22.4866],[-55.7166,-22.4867],[-55.7167,-22.4864],[-55.7164,-22.4864]]],[[[-55.7178,-22.5606],[-55.7172,-22.5609],[-55.7173,-22.5611],[-55.7178,-22.5611],[-55.7178,-22.5606]]],[[[-55.7176,-22.5628],[-55.7175,-22.5633],[-55.7177,-22.5633],[-55.7178,-22.5628],[-55.7176,-22.5628]]],[[[-55.7178,-22.5719],[-55.7189,-22.5716],[-55.7189,-22.5712],[-55.7186,-22.5711],[-55.7186,-22.5706],[-55.7179,-22.5711],[-55.7175,-22.5712],[-55.7175,-22.5716],[-55.7178,-22.5719]]],[[[-55.7178,-22.5208],[-55.7178,-22.5211],[-55.718,-22.5211],[-55.7181,-22.5209],[-55.7178,-22.5208]]],[[[-55.7181,-22.5658],[-55.7181,-22.5661],[-55.7183,-22.5661],[-55.7183,-22.5659],[-55.7181,-22.5658]]],[[[-55.7186,-22.5159],[-55.7184,-22.5158],[-55.7183,-22.5161],[-55.7186,-22.5161],[-55.7186,-22.5159]]],[[[-55.7192,-22.5237],[-55.7189,-22.5236],[-55.7189,-22.5238],[-55.7191,-22.5239],[-55.7192,-22.5237]]],[[[-55.7203,-22.5142],[-55.7201,-22.5142],[-55.72,-22.5144],[-55.7202,-22.5144],[-55.7203,-22.5142]]],[[[-55.7234,-22.5661],[-55.7233,-22.5663],[-55.7236,-22.5664],[-55.7236,-22.5662],[-55.7234,-22.5661]]],[[[-55.7231,-22.5661],[-55.723,-22.5658],[-55.7226,-22.5658],[-55.7225,-22.5661],[-55.722,-22.5661],[-55.7216,-22.5665],[-55.7209,-22.5656],[-55.7203,-22.5662],[-55.7203,-22.5666],[-55.7208,-22.5671],[-55.7208,-22.5677],[-55.7214,-22.5679],[-55.7214,-22.5686],[-55.7222,-22.568],[-55.7225,-22.5673],[-55.7213,-22.5672],[-55.7211,-22.5668],[-55.7214,-22.5666],[-55.7222,-22.5667],[-55.7225,-22.5663],[-55.7225,-22.5669],[-55.7227,-22.5669],[-55.7227,-22.5664],[-55.7231,-22.5661]]],[[[-55.7217,-22.5628],[-55.7222,-22.5623],[-55.7217,-22.5619],[-55.7214,-22.5624],[-55.7217,-22.5628]]],[[[-55.7217,-22.5653],[-55.7217,-22.5655],[-55.7219,-22.5656],[-55.7219,-22.5653],[-55.7217,-22.5653]]],[[[-55.7219,-22.4917],[-55.7217,-22.4917],[-55.7217,-22.4919],[-55.7219,-22.4919],[-55.7219,-22.4917]]],[[[-55.7223,-22.5689],[-55.7222,-22.5691],[-55.7224,-22.5692],[-55.7225,-22.5689],[-55.7223,-22.5689]]],[[[-55.7225,-22.5884],[-55.7223,-22.5883],[-55.7222,-22.5886],[-55.7224,-22.5886],[-55.7225,-22.5884]]],[[[-55.7233,-22.5153],[-55.7231,-22.5153],[-55.7231,-22.5155],[-55.7233,-22.5156],[-55.7233,-22.5153]]],[[[-55.723,-22.5158],[-55.7228,-22.5159],[-55.7228,-22.5164],[-55.7231,-22.5163],[-55.723,-22.5158]]],[[[-55.7231,-22.5906],[-55.7231,-22.5908],[-55.7233,-22.5908],[-55.7233,-22.5906],[-55.7231,-22.5906]]],[[[-55.7236,-22.5873],[-55.7231,-22.5872],[-55.7231,-22.5874],[-55.7236,-22.5875],[-55.7236,-22.5873]]],[[[-55.7234,-22.5606],[-55.7233,-22.5608],[-55.7236,-22.5608],[-55.7236,-22.5606],[-55.7234,-22.5606]]],[[[-55.7241,-22.5656],[-55.7242,-22.5645],[-55.7238,-22.5642],[-55.7234,-22.5642],[-55.7233,-22.5652],[-55.7237,-22.5656],[-55.7241,-22.5656]]],[[[-55.7237,-22.4931],[-55.7236,-22.4933],[-55.7238,-22.4933],[-55.7239,-22.4931],[-55.7237,-22.4931]]],[[[-55.7239,-22.5156],[-55.7239,-22.5158],[-55.7247,-22.5158],[-55.7247,-22.5156],[-55.7239,-22.5156]]],[[[-55.7239,-22.5906],[-55.7239,-22.5908],[-55.7241,-22.5908],[-55.7242,-22.5906],[-55.7239,-22.5906]]],[[[-55.7242,-22.517],[-55.7239,-22.5169],[-55.7239,-22.5172],[-55.7241,-22.5172],[-55.7242,-22.517]]],[[[-55.7247,-22.5673],[-55.7242,-22.567],[-55.7242,-22.5674],[-55.7247,-22.5678],[-55.7247,-22.5673]]],[[[-55.7247,-22.532],[-55.7245,-22.5319],[-55.7244,-22.5322],[-55.7247,-22.5322],[-55.7247,-22.532]]],[[[-55.7263,-22.5622],[-55.7261,-22.5619],[-55.7258,-22.562],[-55.7261,-22.5624],[-55.726,-22.5628],[-55.7257,-22.5628],[-55.7252,-22.5622],[-55.725,-22.5623],[-55.725,-22.5629],[-55.7247,-22.5633],[-55.7253,-22.5636],[-55.7253,-22.5647],[-55.7269,-22.5642],[-55.7275,-22.5636],[-55.7275,-22.5628],[-55.7269,-22.5622],[-55.7263,-22.5622]],[[-55.7259,-22.5634],[-55.7258,-22.5636],[-55.7256,-22.5635],[-55.7256,-22.5632],[-55.7259,-22.5634]]],[[[-55.7272,-22.5711],[-55.7269,-22.5704],[-55.7272,-22.5702],[-55.7272,-22.57],[-55.7264,-22.57],[-55.7262,-22.5706],[-55.7247,-22.5706],[-55.7251,-22.5711],[-55.7272,-22.5711]]],[[[-55.7253,-22.5666],[-55.7256,-22.5669],[-55.7258,-22.5669],[-55.7258,-22.5664],[-55.7253,-22.5664],[-55.7253,-22.5666]]],[[[-55.7258,-22.5278],[-55.7256,-22.5278],[-55.7256,-22.528],[-55.7258,-22.5281],[-55.7258,-22.5278]]],[[[-55.7264,-22.5684],[-55.7259,-22.5681],[-55.7256,-22.5684],[-55.7256,-22.5688],[-55.7261,-22.5689],[-55.7264,-22.5684]]],[[[-55.7261,-22.5937],[-55.7259,-22.5936],[-55.7258,-22.5938],[-55.7261,-22.5939],[-55.7261,-22.5937]]],[[[-55.7266,-22.5875],[-55.7268,-22.5869],[-55.7277,-22.5869],[-55.7278,-22.5867],[-55.7264,-22.5867],[-55.7264,-22.5874],[-55.7261,-22.5877],[-55.7266,-22.5875]]],[[[-55.7346,-22.5725],[-55.7344,-22.5722],[-55.7342,-22.5723],[-55.735,-22.5732],[-55.7349,-22.5739],[-55.734,-22.5736],[-55.7338,-22.5733],[-55.7332,-22.5733],[-55.7322,-22.5725],[-55.7317,-22.5728],[-55.7315,-22.5733],[-55.7306,-22.5728],[-55.7306,-22.5733],[-55.7314,-22.5738],[-55.7314,-22.5749],[-55.7306,-22.5753],[-55.7304,-22.5758],[-55.7298,-22.5758],[-55.7288,-22.5765],[-55.7276,-22.5764],[-55.7274,-22.5761],[-55.7272,-22.5763],[-55.7281,-22.5769],[-55.729,-22.5769],[-55.7295,-22.5778],[-55.73,-22.5777],[-55.7303,-22.5779],[-55.7303,-22.5783],[-55.7308,-22.5783],[-55.7308,-22.5778],[-55.7316,-22.5781],[-55.7325,-22.5772],[-55.7325,-22.5768],[-55.7333,-22.5763],[-55.7331,-22.5754],[-55.7336,-22.5749],[-55.7333,-22.5746],[-55.7335,-22.5742],[-55.7342,-22.5746],[-55.7342,-22.575],[-55.7347,-22.575],[-55.7356,-22.5744],[-55.7356,-22.5737],[-55.7353,-22.5735],[-55.7353,-22.5729],[-55.7356,-22.5726],[-55.7346,-22.5725]],[[-55.7322,-22.5757],[-55.732,-22.5759],[-55.7319,-22.5756],[-55.7322,-22.5757]]],[[[-55.7269,-22.5761],[-55.7269,-22.5758],[-55.7267,-22.5759],[-55.7267,-22.5761],[-55.7269,-22.5761]]],[[[-55.7306,-22.5651],[-55.7303,-22.5651],[-55.7303,-22.5656],[-55.7295,-22.5656],[-55.7292,-22.5659],[-55.7292,-22.5675],[-55.7289,-22.5676],[-55.7284,-22.5672],[-55.7282,-22.5675],[-55.7276,-22.5675],[-55.7272,-22.568],[-55.728,-22.5681],[-55.7282,-22.5678],[-55.7289,-22.5677],[-55.7297,-22.5678],[-55.73,-22.5674],[-55.7303,-22.5663],[-55.7306,-22.5661],[-55.7306,-22.5651]]],[[[-55.7276,-22.4847],[-55.7275,-22.4849],[-55.7277,-22.485],[-55.7278,-22.4848],[-55.7276,-22.4847]]],[[[-55.7283,-22.5255],[-55.728,-22.525],[-55.7278,-22.5251],[-55.7281,-22.5256],[-55.7283,-22.5255]]],[[[-55.73,-22.5614],[-55.7298,-22.5614],[-55.7297,-22.5616],[-55.7299,-22.5617],[-55.73,-22.5614]]],[[[-55.7294,-22.5613],[-55.7294,-22.5608],[-55.7289,-22.5609],[-55.7289,-22.5614],[-55.7294,-22.5613]]],[[[-55.7313,-22.4992],[-55.7306,-22.4992],[-55.7302,-22.4986],[-55.73,-22.4987],[-55.7301,-22.4994],[-55.7314,-22.4994],[-55.7313,-22.4992]]],[[[-55.7308,-22.5241],[-55.7317,-22.5236],[-55.7317,-22.5231],[-55.731,-22.5231],[-55.7305,-22.5225],[-55.7301,-22.5225],[-55.73,-22.523],[-55.7304,-22.5231],[-55.7308,-22.5235],[-55.7308,-22.5241]]],[[[-55.7319,-22.5714],[-55.7313,-22.5703],[-55.73,-22.5698],[-55.7301,-22.5711],[-55.7313,-22.571],[-55.7319,-22.5714]]],[[[-55.7303,-22.485],[-55.7303,-22.4852],[-55.7305,-22.4853],[-55.7306,-22.4851],[-55.7303,-22.485]]],[[[-55.7314,-22.5638],[-55.7321,-22.5639],[-55.7323,-22.5644],[-55.7328,-22.5641],[-55.7328,-22.5637],[-55.7319,-22.5628],[-55.7312,-22.5633],[-55.7308,-22.5634],[-55.7314,-22.5638]]],[[[-55.7331,-22.5647],[-55.7331,-22.5649],[-55.7333,-22.565],[-55.7333,-22.5648],[-55.7331,-22.5647]]],[[[-55.7328,-22.5651],[-55.7326,-22.565],[-55.7325,-22.5652],[-55.7327,-22.5653],[-55.7328,-22.5651]]],[[[-55.7331,-22.5523],[-55.7328,-22.5522],[-55.7328,-22.5524],[-55.733,-22.5525],[-55.7331,-22.5523]]],[[[-55.7331,-22.5717],[-55.7328,-22.5717],[-55.7328,-22.5719],[-55.733,-22.5719],[-55.7331,-22.5717]]],[[[-55.7342,-22.5555],[-55.7338,-22.5547],[-55.7334,-22.5547],[-55.7328,-22.5551],[-55.7328,-22.5555],[-55.7331,-22.5558],[-55.7338,-22.5558],[-55.7342,-22.5555]]],[[[-55.7339,-22.5525],[-55.7339,-22.5533],[-55.7344,-22.5533],[-55.7347,-22.5528],[-55.7344,-22.5525],[-55.7339,-22.5525]]],[[[-55.7347,-22.5544],[-55.7344,-22.5539],[-55.7342,-22.5539],[-55.7345,-22.5544],[-55.7347,-22.5544]]],[[[-55.7345,-22.5503],[-55.7344,-22.5505],[-55.7348,-22.5508],[-55.7353,-22.5508],[-55.7349,-22.5503],[-55.7345,-22.5503]]],[[[-55.7353,-22.4973],[-55.7347,-22.497],[-55.7345,-22.4978],[-55.7353,-22.4977],[-55.7353,-22.4973]]],[[[-55.735,-22.5131],[-55.7347,-22.5131],[-55.7348,-22.5136],[-55.735,-22.5136],[-55.735,-22.5131]]],[[[-55.7353,-22.5637],[-55.7347,-22.5639],[-55.7348,-22.5642],[-55.7353,-22.5641],[-55.7353,-22.5637]]],[[[-55.7351,-22.5489],[-55.735,-22.5491],[-55.7352,-22.5492],[-55.7353,-22.5489],[-55.7351,-22.5489]]],[[[-55.7356,-22.4898],[-55.7353,-22.4897],[-55.7353,-22.4899],[-55.7355,-22.49],[-55.7356,-22.4898]]],[[[-55.7356,-22.5536],[-55.7356,-22.5541],[-55.7358,-22.5542],[-55.7358,-22.5537],[-55.7356,-22.5536]]],[[[-55.7358,-22.5478],[-55.7356,-22.5478],[-55.7356,-22.548],[-55.7358,-22.5481],[-55.7358,-22.5478]]],[[[-55.7361,-22.4859],[-55.7359,-22.4858],[-55.7358,-22.4861],[-55.7361,-22.4861],[-55.7361,-22.4859]]],[[[-55.7375,-22.5627],[-55.7372,-22.5622],[-55.7364,-22.5622],[-55.7364,-22.5627],[-55.7372,-22.5631],[-55.7375,-22.5627]]],[[[-55.7397,-22.5769],[-55.7394,-22.5764],[-55.7389,-22.5764],[-55.7395,-22.5769],[-55.7397,-22.5769]]],[[[-55.7388,-22.5761],[-55.7389,-22.5759],[-55.7386,-22.5756],[-55.7382,-22.5756],[-55.7377,-22.575],[-55.7374,-22.575],[-55.7369,-22.5744],[-55.7367,-22.5745],[-55.7372,-22.5751],[-55.7373,-22.5756],[-55.7388,-22.5761]]],[[[-55.7381,-22.5087],[-55.7375,-22.5086],[-55.7373,-22.5083],[-55.7369,-22.5088],[-55.7373,-22.5092],[-55.7377,-22.5092],[-55.7381,-22.5087]]],[[[-55.7373,-22.5672],[-55.7372,-22.5674],[-55.7374,-22.5675],[-55.7375,-22.5673],[-55.7373,-22.5672]]],[[[-55.7375,-22.5664],[-55.7373,-22.5664],[-55.7372,-22.5666],[-55.7374,-22.5667],[-55.7375,-22.5664]]],[[[-55.7389,-22.5606],[-55.7373,-22.5603],[-55.7372,-22.5611],[-55.7376,-22.5614],[-55.7385,-22.5614],[-55.7388,-22.5617],[-55.7389,-22.5606]]],[[[-55.7381,-22.5649],[-55.7387,-22.5653],[-55.7389,-22.5652],[-55.7389,-22.5642],[-55.7378,-22.5639],[-55.7378,-22.5641],[-55.7382,-22.5645],[-55.7381,-22.5649]]],[[[-55.7394,-22.5688],[-55.7391,-22.5681],[-55.7383,-22.5681],[-55.7384,-22.5683],[-55.739,-22.5684],[-55.7389,-22.5689],[-55.7394,-22.5688]]],[[[-55.7386,-22.5689],[-55.7383,-22.5686],[-55.7378,-22.5687],[-55.7378,-22.5691],[-55.7381,-22.5694],[-55.7386,-22.5694],[-55.7386,-22.5689]]],[[[-55.7389,-22.5517],[-55.7389,-22.5522],[-55.7391,-22.5522],[-55.7392,-22.5517],[-55.7389,-22.5517]]],[[[-55.7397,-22.5214],[-55.7395,-22.5214],[-55.7394,-22.5216],[-55.7397,-22.5217],[-55.7397,-22.5214]]],[[[-55.7398,-22.5242],[-55.7403,-22.5238],[-55.7403,-22.5234],[-55.7398,-22.5233],[-55.7394,-22.5238],[-55.7398,-22.5242]]],[[[-55.741,-22.553],[-55.7414,-22.5524],[-55.7413,-22.5517],[-55.7411,-22.5517],[-55.7411,-22.5524],[-55.7406,-22.5525],[-55.74,-22.5531],[-55.7397,-22.5549],[-55.7401,-22.5553],[-55.7405,-22.5553],[-55.7406,-22.5551],[-55.74,-22.5549],[-55.74,-22.5543],[-55.7414,-22.5536],[-55.741,-22.553]]],[[[-55.7401,-22.5225],[-55.74,-22.5227],[-55.7402,-22.5228],[-55.7403,-22.5226],[-55.7401,-22.5225]]],[[[-55.7403,-22.5192],[-55.7403,-22.5197],[-55.7408,-22.5197],[-55.7408,-22.5189],[-55.7403,-22.5192]]],[[[-55.7423,-22.5125],[-55.7422,-22.5127],[-55.7424,-22.5128],[-55.7425,-22.5126],[-55.7423,-22.5125]]],[[[-55.7422,-22.5122],[-55.7422,-22.5119],[-55.7414,-22.512],[-55.7414,-22.5122],[-55.7422,-22.5122]]],[[[-55.7417,-22.5231],[-55.7417,-22.5233],[-55.7419,-22.5233],[-55.7419,-22.5231],[-55.7417,-22.5231]]],[[[-55.742,-22.5836],[-55.7423,-22.5842],[-55.7425,-22.5841],[-55.7424,-22.5836],[-55.742,-22.5836]]],[[[-55.7431,-22.5503],[-55.7428,-22.5503],[-55.7425,-22.5508],[-55.7427,-22.5508],[-55.7431,-22.5503]]],[[[-55.7424,-22.5511],[-55.742,-22.5511],[-55.7419,-22.5513],[-55.7424,-22.5514],[-55.7424,-22.5511]]],[[[-55.7438,-22.5794],[-55.7442,-22.5791],[-55.7441,-22.5786],[-55.7437,-22.5786],[-55.7435,-22.5789],[-55.7426,-22.5789],[-55.7422,-22.5792],[-55.7422,-22.5799],[-55.7419,-22.5802],[-55.7427,-22.5803],[-55.7429,-22.5794],[-55.7436,-22.5792],[-55.7436,-22.5797],[-55.7438,-22.5797],[-55.7438,-22.5794]]],[[[-55.7425,-22.567],[-55.7423,-22.5669],[-55.7422,-22.5672],[-55.7424,-22.5672],[-55.7425,-22.567]]],[[[-55.7436,-22.569],[-55.7442,-22.5686],[-55.7438,-22.5681],[-55.7436,-22.5681],[-55.7433,-22.569],[-55.7429,-22.5694],[-55.7422,-22.5695],[-55.7423,-22.5706],[-55.7426,-22.5706],[-55.7428,-22.5708],[-55.7436,-22.5708],[-55.7427,-22.57],[-55.7432,-22.5694],[-55.7436,-22.5694],[-55.7436,-22.569]]],[[[-55.7426,-22.5236],[-55.7425,-22.5238],[-55.7427,-22.5239],[-55.7428,-22.5237],[-55.7426,-22.5236]]],[[[-55.7436,-22.5548],[-55.7433,-22.5548],[-55.7434,-22.5553],[-55.7436,-22.5552],[-55.7436,-22.5548]]],[[[-55.7433,-22.5556],[-55.7428,-22.5556],[-55.7428,-22.5561],[-55.7433,-22.5561],[-55.7433,-22.5556]]],[[[-55.7436,-22.5656],[-55.7434,-22.5656],[-55.7433,-22.5658],[-55.7436,-22.5658],[-55.7436,-22.5656]]],[[[-55.745,-22.5806],[-55.7448,-22.5806],[-55.7447,-22.5808],[-55.7449,-22.5808],[-55.745,-22.5806]]],[[[-55.7447,-22.5811],[-55.7437,-22.5814],[-55.7436,-22.5819],[-55.7441,-22.5819],[-55.7442,-22.5815],[-55.7447,-22.5814],[-55.7447,-22.5811]]],[[[-55.7458,-22.5538],[-55.7469,-22.5527],[-55.7469,-22.5524],[-55.7478,-22.5516],[-55.7474,-22.5511],[-55.7469,-22.5514],[-55.7468,-22.5519],[-55.7464,-22.5519],[-55.7461,-22.5523],[-55.7451,-22.5522],[-55.7449,-22.5519],[-55.7445,-22.5519],[-55.7442,-22.5523],[-55.7447,-22.5529],[-55.7447,-22.5536],[-55.7453,-22.5538],[-55.7451,-22.5542],[-55.7445,-22.5542],[-55.7445,-22.5544],[-55.7452,-22.5544],[-55.7454,-22.5542],[-55.7458,-22.5542],[-55.7458,-22.5538]]],[[[-55.7439,-22.5522],[-55.7438,-22.5519],[-55.7436,-22.552],[-55.7437,-22.5522],[-55.7439,-22.5522]]],[[[-55.7449,-22.5647],[-55.7447,-22.5639],[-55.7442,-22.5639],[-55.7439,-22.5647],[-55.7446,-22.5644],[-55.7449,-22.5647]]],[[[-55.7464,-22.5697],[-55.7467,-22.5692],[-55.7472,-22.5692],[-55.7472,-22.5689],[-55.7468,-22.5689],[-55.7458,-22.5676],[-55.7458,-22.5674],[-55.7464,-22.5669],[-55.7464,-22.5664],[-55.7451,-22.5664],[-55.7448,-22.5661],[-55.7447,-22.5665],[-55.7442,-22.567],[-55.7442,-22.5677],[-55.7445,-22.5681],[-55.7451,-22.5681],[-55.7451,-22.5691],[-55.7447,-22.5699],[-55.7451,-22.5703],[-55.7458,-22.5703],[-55.746,-22.5692],[-55.7464,-22.5692],[-55.7464,-22.5697]],[[-55.7453,-22.5683],[-55.7452,-22.5681],[-55.7455,-22.5679],[-55.7456,-22.5682],[-55.7453,-22.5683]]],[[[-55.7447,-22.5553],[-55.7445,-22.5553],[-55.7442,-22.5556],[-55.7442,-22.5561],[-55.7444,-22.5561],[-55.7447,-22.5553]]],[[[-55.7445,-22.5797],[-55.7444,-22.5799],[-55.7447,-22.58],[-55.7447,-22.5798],[-55.7445,-22.5797]]],[[[-55.7456,-22.5456],[-55.7449,-22.545],[-55.7447,-22.5451],[-55.7447,-22.5466],[-55.7451,-22.5469],[-55.7453,-22.5467],[-55.7449,-22.5462],[-55.7455,-22.5461],[-55.7456,-22.5456]]],[[[-55.7453,-22.5472],[-55.7453,-22.5474],[-55.7455,-22.5475],[-55.7456,-22.5473],[-55.7453,-22.5472]]],[[[-55.7453,-22.5631],[-55.7451,-22.5631],[-55.745,-22.5633],[-55.7452,-22.5633],[-55.7453,-22.5631]]],[[[-55.7456,-22.5623],[-55.7453,-22.5622],[-55.7453,-22.5624],[-55.7455,-22.5625],[-55.7456,-22.5623]]],[[[-55.7497,-22.5186],[-55.7497,-22.5176],[-55.749,-22.5175],[-55.7488,-22.5172],[-55.7484,-22.5172],[-55.7482,-22.5175],[-55.747,-22.5172],[-55.7462,-22.5181],[-55.7453,-22.5181],[-55.7453,-22.5183],[-55.746,-22.5183],[-55.7462,-22.5186],[-55.7472,-22.5185],[-55.7477,-22.5189],[-55.7481,-22.5185],[-55.7497,-22.5186]]],[[[-55.7453,-22.6014],[-55.7453,-22.6016],[-55.7455,-22.6017],[-55.7456,-22.6014],[-55.7453,-22.6014]]],[[[-55.7469,-22.5358],[-55.7472,-22.5355],[-55.7472,-22.535],[-55.7462,-22.5347],[-55.7456,-22.5351],[-55.7464,-22.5358],[-55.7469,-22.5358]]],[[[-55.7467,-22.5456],[-55.7464,-22.5456],[-55.7464,-22.5458],[-55.7466,-22.5458],[-55.7467,-22.5456]]],[[[-55.7467,-22.5495],[-55.7464,-22.5495],[-55.7464,-22.5502],[-55.7472,-22.5503],[-55.7472,-22.5501],[-55.7467,-22.5495]]],[[[-55.7496,-22.5561],[-55.7499,-22.5556],[-55.7503,-22.5555],[-55.7502,-22.5542],[-55.7497,-22.5542],[-55.7497,-22.5546],[-55.7489,-22.5556],[-55.7489,-22.5564],[-55.7484,-22.5564],[-55.7475,-22.5573],[-55.7472,-22.5582],[-55.7464,-22.5589],[-55.7464,-22.5594],[-55.7467,-22.5597],[-55.7474,-22.5597],[-55.7481,-22.5588],[-55.7481,-22.5582],[-55.7488,-22.5578],[-55.749,-22.5572],[-55.7497,-22.5572],[-55.7496,-22.5561]]],[[[-55.7508,-22.5648],[-55.7499,-22.5639],[-55.7494,-22.5637],[-55.7491,-22.5631],[-55.7486,-22.5629],[-55.7488,-22.5625],[-55.7493,-22.5625],[-55.7495,-22.5631],[-55.7497,-22.563],[-55.7499,-22.5625],[-55.7507,-22.5625],[-55.7508,-22.563],[-55.7511,-22.563],[-55.7511,-22.5626],[-55.7508,-22.5622],[-55.7499,-22.5622],[-55.7494,-22.5619],[-55.7494,-22.5614],[-55.7492,-22.5614],[-55.7492,-22.5621],[-55.7487,-22.5622],[-55.7482,-22.5631],[-55.7475,-22.5628],[-55.7474,-22.5625],[-55.7478,-22.5622],[-55.7476,-22.5619],[-55.7472,-22.5623],[-55.7472,-22.5629],[-55.7467,-22.5631],[-55.7467,-22.5636],[-55.7478,-22.564],[-55.7478,-22.5647],[-55.7481,-22.5649],[-55.7478,-22.5653],[-55.7478,-22.5661],[-55.7483,-22.5667],[-55.7478,-22.5667],[-55.7478,-22.5672],[-55.7486,-22.5672],[-55.7486,-22.5668],[-55.7497,-22.5658],[-55.7495,-22.5656],[-55.7493,-22.5658],[-55.7489,-22.5658],[-55.749,-22.565],[-55.7495,-22.5649],[-55.7499,-22.5653],[-55.7503,-22.5649],[-55.7508,-22.565],[-55.7508,-22.5648]],[[-55.749,-22.5636],[-55.7493,-22.5644],[-55.7483,-22.5644],[-55.7483,-22.5639],[-55.749,-22.5636]],[[-55.7493,-22.5644],[-55.7494,-22.5642],[-55.7498,-22.5643],[-55.7497,-22.5645],[-55.7493,-22.5644]]],[[[-55.7478,-22.5614],[-55.7483,-22.5619],[-55.7483,-22.5617],[-55.7478,-22.5614]]],[[[-55.7487,-22.5536],[-55.7486,-22.5538],[-55.7488,-22.5539],[-55.7489,-22.5537],[-55.7487,-22.5536]]],[[[-55.7483,-22.5539],[-55.7481,-22.5539],[-55.7481,-22.5541],[-55.7483,-22.5542],[-55.7483,-22.5539]]],[[[-55.748,-22.5544],[-55.7478,-22.5545],[-55.7478,-22.5547],[-55.7481,-22.5547],[-55.748,-22.5544]]],[[[-55.7475,-22.5548],[-55.7473,-22.5547],[-55.7472,-22.5549],[-55.7474,-22.555],[-55.7475,-22.5548]]],[[[-55.7478,-22.5439],[-55.7476,-22.5439],[-55.7472,-22.5444],[-55.7474,-22.5444],[-55.7478,-22.5439]]],[[[-55.7476,-22.4861],[-55.7475,-22.4863],[-55.7477,-22.4864],[-55.7478,-22.4862],[-55.7476,-22.4861]]],[[[-55.7481,-22.4963],[-55.7483,-22.4964],[-55.7486,-22.4959],[-55.7481,-22.4958],[-55.7481,-22.4963]]],[[[-55.7486,-22.5192],[-55.7481,-22.5192],[-55.7481,-22.5194],[-55.7486,-22.5194],[-55.7486,-22.5192]]],[[[-55.7486,-22.5609],[-55.7484,-22.5608],[-55.7483,-22.5611],[-55.7486,-22.5611],[-55.7486,-22.5609]]],[[[-55.7516,-22.5469],[-55.7519,-22.5466],[-55.7519,-22.5459],[-55.7512,-22.5456],[-55.7511,-22.5461],[-55.7515,-22.5467],[-55.7508,-22.5473],[-55.7509,-22.5478],[-55.7517,-22.5477],[-55.7516,-22.5469]]],[[[-55.7508,-22.5455],[-55.7508,-22.5453],[-55.7498,-22.5453],[-55.7494,-22.5456],[-55.7496,-22.5463],[-55.7489,-22.5464],[-55.7483,-22.5472],[-55.7494,-22.5472],[-55.7494,-22.5468],[-55.75,-22.5463],[-55.75,-22.546],[-55.7508,-22.5455]]],[[[-55.7492,-22.5277],[-55.7488,-22.5269],[-55.7486,-22.527],[-55.7489,-22.5278],[-55.7492,-22.5277]]],[[[-55.7498,-22.5483],[-55.7496,-22.5486],[-55.7493,-22.5485],[-55.7497,-22.548],[-55.7495,-22.5478],[-55.7489,-22.5486],[-55.7497,-22.5492],[-55.75,-22.5488],[-55.75,-22.5484],[-55.7498,-22.5483]]],[[[-55.7488,-22.5489],[-55.7486,-22.5489],[-55.7487,-22.5492],[-55.7489,-22.5491],[-55.7488,-22.5489]]],[[[-55.7494,-22.4766],[-55.7491,-22.4761],[-55.7489,-22.4762],[-55.7492,-22.4767],[-55.7494,-22.4766]]],[[[-55.7489,-22.5592],[-55.7494,-22.5588],[-55.7494,-22.5586],[-55.7489,-22.5589],[-55.7489,-22.5592]]],[[[-55.7492,-22.5439],[-55.7492,-22.5442],[-55.75,-22.5441],[-55.7499,-22.5439],[-55.7492,-22.5439]]],[[[-55.7517,-22.5323],[-55.7503,-22.5308],[-55.7503,-22.5313],[-55.7506,-22.5318],[-55.75,-22.5323],[-55.7495,-22.5322],[-55.7492,-22.5327],[-55.7501,-22.5333],[-55.751,-22.5333],[-55.7513,-22.5336],[-55.7517,-22.533],[-55.7517,-22.5323]]],[[[-55.7497,-22.5402],[-55.7505,-22.5403],[-55.7506,-22.5398],[-55.7502,-22.5394],[-55.7498,-22.5394],[-55.7497,-22.5402]]],[[[-55.75,-22.5428],[-55.7497,-22.5428],[-55.7498,-22.5433],[-55.75,-22.5433],[-55.75,-22.5428]]],[[[-55.7503,-22.4753],[-55.7498,-22.4753],[-55.7497,-22.4755],[-55.7502,-22.4756],[-55.7503,-22.4753]]],[[[-55.7514,-22.5505],[-55.7511,-22.5497],[-55.7508,-22.5498],[-55.7512,-22.5506],[-55.7514,-22.5505]]],[[[-55.7506,-22.5497],[-55.7505,-22.5494],[-55.75,-22.5495],[-55.7501,-22.5497],[-55.7506,-22.5497]]],[[[-55.7511,-22.5445],[-55.7509,-22.5444],[-55.7508,-22.5447],[-55.7511,-22.5447],[-55.7511,-22.5445]]],[[[-55.7518,-22.5183],[-55.7523,-22.5192],[-55.7525,-22.5191],[-55.7522,-22.5179],[-55.7527,-22.5178],[-55.7528,-22.5176],[-55.7512,-22.5172],[-55.7508,-22.5176],[-55.7508,-22.518],[-55.7518,-22.5183]]],[[[-55.7512,-22.4869],[-55.7511,-22.4874],[-55.7513,-22.4875],[-55.7514,-22.487],[-55.7512,-22.4869]]],[[[-55.7514,-22.4945],[-55.7512,-22.4944],[-55.7511,-22.4947],[-55.7513,-22.4947],[-55.7514,-22.4945]]],[[[-55.7514,-22.4973],[-55.7512,-22.4972],[-55.7511,-22.4974],[-55.7513,-22.4975],[-55.7514,-22.4973]]],[[[-55.7514,-22.5378],[-55.7514,-22.538],[-55.7516,-22.5381],[-55.7517,-22.5378],[-55.7514,-22.5378]]],[[[-55.7521,-22.545],[-55.7522,-22.5455],[-55.7524,-22.5456],[-55.7525,-22.5448],[-55.7517,-22.5448],[-55.7517,-22.545],[-55.7521,-22.545]]],[[[-55.7525,-22.572],[-55.7523,-22.5719],[-55.7522,-22.5722],[-55.7524,-22.5722],[-55.7525,-22.572]]],[[[-55.7532,-22.5419],[-55.7526,-22.5417],[-55.7522,-22.542],[-55.7522,-22.5424],[-55.7526,-22.5428],[-55.7522,-22.5434],[-55.7523,-22.5439],[-55.7528,-22.5436],[-55.7528,-22.5432],[-55.7535,-22.5425],[-55.7539,-22.5424],[-55.7538,-22.5419],[-55.7532,-22.5419]]],[[[-55.7533,-22.4739],[-55.7526,-22.4739],[-55.7525,-22.4741],[-55.7533,-22.4742],[-55.7533,-22.4739]]],[[[-55.7526,-22.5378],[-55.7525,-22.538],[-55.7527,-22.5381],[-55.7528,-22.5378],[-55.7526,-22.5378]]],[[[-55.7564,-22.5501],[-55.7562,-22.55],[-55.7561,-22.5502],[-55.7563,-22.5503],[-55.7564,-22.5501]]],[[[-55.7558,-22.5503],[-55.7555,-22.55],[-55.7558,-22.5497],[-55.7558,-22.5492],[-55.7553,-22.5495],[-55.7553,-22.55],[-55.7543,-22.55],[-55.7541,-22.5497],[-55.7542,-22.5492],[-55.7539,-22.5492],[-55.7531,-22.5501],[-55.7545,-22.5514],[-55.7552,-22.5514],[-55.7553,-22.551],[-55.7558,-22.5503]]],[[[-55.7561,-22.5491],[-55.7563,-22.5492],[-55.7564,-22.5489],[-55.7562,-22.5489],[-55.7561,-22.5491]]],[[[-55.7533,-22.5442],[-55.7537,-22.5447],[-55.7547,-22.5447],[-55.7544,-22.544],[-55.7552,-22.5439],[-55.7553,-22.5437],[-55.7549,-22.5433],[-55.7545,-22.5433],[-55.7537,-22.5442],[-55.7533,-22.5442]]],[[[-55.7534,-22.5192],[-55.7539,-22.5188],[-55.7538,-22.5186],[-55.7533,-22.5189],[-55.7534,-22.5192]]],[[[-55.7538,-22.5178],[-55.754,-22.5175],[-55.7549,-22.5175],[-55.755,-22.5173],[-55.7534,-22.5172],[-55.7533,-22.5177],[-55.7538,-22.5178]]],[[[-55.7546,-22.5817],[-55.7548,-22.5819],[-55.7552,-22.5819],[-55.7556,-22.5809],[-55.7548,-22.5811],[-55.7546,-22.5814],[-55.7533,-22.5814],[-55.7534,-22.5817],[-55.7546,-22.5817]]],[[[-55.7551,-22.5192],[-55.755,-22.5194],[-55.7552,-22.5194],[-55.7553,-22.5192],[-55.7551,-22.5192]]],[[[-55.7578,-22.5459],[-55.7564,-22.5447],[-55.7565,-22.5452],[-55.7558,-22.5459],[-55.7561,-22.5465],[-55.7556,-22.5472],[-55.7559,-22.5475],[-55.7563,-22.5475],[-55.7569,-22.5469],[-55.7571,-22.5464],[-55.7578,-22.5463],[-55.7578,-22.5459]]],[[[-55.7572,-22.5176],[-55.7569,-22.5176],[-55.757,-22.5192],[-55.7572,-22.5191],[-55.7572,-22.5176]]],[[[-55.7569,-22.5172],[-55.7569,-22.5169],[-55.7564,-22.517],[-55.7564,-22.5172],[-55.7569,-22.5172]]],[[[-55.7569,-22.5403],[-55.7567,-22.5403],[-55.7564,-22.5406],[-55.7564,-22.5411],[-55.7569,-22.5408],[-55.7569,-22.5403]]],[[[-55.7584,-22.5808],[-55.7592,-22.5808],[-55.7592,-22.5804],[-55.7594,-22.5802],[-55.7594,-22.5797],[-55.7589,-22.5797],[-55.7585,-22.5803],[-55.7575,-22.5803],[-55.7576,-22.5806],[-55.7582,-22.5806],[-55.7584,-22.5808]]],[[[-55.7583,-22.5811],[-55.7581,-22.5812],[-55.7581,-22.5814],[-55.7583,-22.5813],[-55.7583,-22.5811]]],[[[-55.7572,-22.5806],[-55.757,-22.5806],[-55.7567,-22.5809],[-55.7567,-22.5814],[-55.7572,-22.5811],[-55.7572,-22.5806]]],[[[-55.7581,-22.5053],[-55.7578,-22.5053],[-55.7578,-22.5055],[-55.758,-22.5056],[-55.7581,-22.5053]]],[[[-55.7586,-22.5831],[-55.7584,-22.5831],[-55.7583,-22.5833],[-55.7586,-22.5833],[-55.7586,-22.5831]]],[[[-55.7589,-22.5492],[-55.7587,-22.5492],[-55.7586,-22.5494],[-55.7588,-22.5494],[-55.7589,-22.5492]]],[[[-55.7594,-22.5462],[-55.7592,-22.5461],[-55.7592,-22.5463],[-55.7594,-22.5464],[-55.7594,-22.5462]]],[[[-55.7606,-22.5539],[-55.7603,-22.5539],[-55.7603,-22.5541],[-55.7605,-22.5542],[-55.7606,-22.5539]]],[[[-55.7597,-22.554],[-55.7604,-22.5533],[-55.7613,-22.5533],[-55.7614,-22.5531],[-55.7603,-22.5525],[-55.7603,-22.5532],[-55.76,-22.5534],[-55.7594,-22.5534],[-55.7594,-22.5544],[-55.7598,-22.5547],[-55.76,-22.5545],[-55.7597,-22.554]]],[[[-55.7598,-22.5508],[-55.7597,-22.5511],[-55.7599,-22.5511],[-55.76,-22.5509],[-55.7598,-22.5508]]],[[[-55.7608,-22.5773],[-55.7598,-22.5769],[-55.7597,-22.5774],[-55.7608,-22.5778],[-55.7608,-22.5773]]],[[[-55.7601,-22.5436],[-55.7597,-22.5441],[-55.7605,-22.5442],[-55.7606,-22.5439],[-55.7601,-22.5436]]],[[[-55.7616,-22.5842],[-55.7619,-22.5833],[-55.7614,-22.5833],[-55.7608,-22.5838],[-55.7616,-22.5842]]],[[[-55.7614,-22.5575],[-55.7614,-22.5577],[-55.7616,-22.5578],[-55.7617,-22.5576],[-55.7614,-22.5575]]],[[[-55.7619,-22.5517],[-55.7617,-22.5517],[-55.7617,-22.5528],[-55.7622,-22.5524],[-55.7618,-22.552],[-55.7619,-22.5517]]],[[[-55.7627,-22.558],[-55.7628,-22.5567],[-55.7623,-22.5567],[-55.7619,-22.557],[-55.7623,-22.5575],[-55.7619,-22.5581],[-55.7619,-22.5586],[-55.7623,-22.5589],[-55.7631,-22.5586],[-55.7627,-22.558]]],[[[-55.7644,-22.5584],[-55.7642,-22.5584],[-55.7642,-22.5592],[-55.7644,-22.5591],[-55.7644,-22.5584]]],[[[-55.7667,-22.5584],[-55.7659,-22.5583],[-55.7658,-22.5586],[-55.7666,-22.5586],[-55.7667,-22.5584]]],[[[-55.77,-22.587],[-55.7698,-22.5869],[-55.7697,-22.5872],[-55.7699,-22.5872],[-55.77,-22.587]]],[[[-55.7734,-22.5842],[-55.7736,-22.5841],[-55.7736,-22.5839],[-55.7733,-22.5839],[-55.7734,-22.5842]]],[[[-55.7733,-22.5844],[-55.7731,-22.5845],[-55.7728,-22.5857],[-55.7722,-22.5859],[-55.7723,-22.5864],[-55.7733,-22.5855],[-55.7733,-22.5844]]]]}},{"type":"Feature","properties":{"ano":1998},"geometry":{"type":"MultiPolygon","coordinates":[[[[-55.6861,-22.5803],[-55.6853,-22.5806],[-55.6853,-22.5808],[-55.6856,-22.5811],[-55.6861,-22.5811],[-55.6861,-22.5803]]],[[[-55.685,-22.5809],[-55.6847,-22.5809],[-55.6848,-22.5813],[-55.6846,-22.5814],[-55.6843,-22.5811],[-55.6844,-22.5806],[-55.6834,-22.5806],[-55.6832,-22.5811],[-55.6826,-22.5811],[-55.6825,-22.5813],[-55.6831,-22.5814],[-55.6831,-22.5819],[-55.6835,-22.5819],[-55.6839,-22.5825],[-55.6847,-22.5825],[-55.6847,-22.5818],[-55.6853,-22.5816],[-55.6849,-22.5813],[-55.685,-22.5809]]],[[[-55.6889,-22.5564],[-55.6894,-22.5559],[-55.6891,-22.5556],[-55.6883,-22.5553],[-55.6883,-22.5548],[-55.6881,-22.5547],[-55.6878,-22.5558],[-55.6885,-22.5558],[-55.6889,-22.5564]]],[[[-55.6884,-22.5544],[-55.6886,-22.5544],[-55.6886,-22.5542],[-55.6883,-22.5542],[-55.6884,-22.5544]]],[[[-55.6875,-22.5559],[-55.6872,-22.5559],[-55.6872,-22.5565],[-55.6864,-22.5573],[-55.6864,-22.5575],[-55.6874,-22.5567],[-55.6878,-22.5566],[-55.6875,-22.5559]]],[[[-55.6867,-22.58],[-55.6867,-22.5802],[-55.6869,-22.5803],[-55.6869,-22.5801],[-55.6867,-22.58]]],[[[-55.687,-22.6039],[-55.687,-22.6042],[-55.6875,-22.6041],[-55.6874,-22.6036],[-55.687,-22.6039]]],[[[-55.6875,-22.5723],[-55.6872,-22.5723],[-55.6873,-22.5728],[-55.6875,-22.5727],[-55.6875,-22.5723]]],[[[-55.6875,-22.5734],[-55.6872,-22.5734],[-55.6873,-22.5739],[-55.6875,-22.5738],[-55.6875,-22.5734]]],[[[-55.6881,-22.5742],[-55.6881,-22.5744],[-55.6883,-22.5744],[-55.6883,-22.5742],[-55.6881,-22.5742]]],[[[-55.6886,-22.5445],[-55.6884,-22.5444],[-55.6883,-22.5447],[-55.6886,-22.5447],[-55.6886,-22.5445]]],[[[-55.6911,-22.5759],[-55.6909,-22.5758],[-55.6908,-22.5761],[-55.6911,-22.5761],[-55.6911,-22.5759]]],[[[-55.6922,-22.5897],[-55.6912,-22.5897],[-55.6911,-22.5899],[-55.6922,-22.5899],[-55.6922,-22.5897]]],[[[-55.6928,-22.5498],[-55.6926,-22.5497],[-55.6925,-22.5499],[-55.6927,-22.55],[-55.6928,-22.5498]]],[[[-55.6949,-22.5739],[-55.6953,-22.5736],[-55.6952,-22.5733],[-55.6947,-22.5734],[-55.6947,-22.5738],[-55.6949,-22.5739]]],[[[-55.6961,-22.5695],[-55.6959,-22.5694],[-55.6958,-22.5697],[-55.6961,-22.5697],[-55.6961,-22.5695]]],[[[-55.6964,-22.5681],[-55.6962,-22.5681],[-55.6961,-22.5683],[-55.6963,-22.5683],[-55.6964,-22.5681]]],[[[-55.6981,-22.5783],[-55.6989,-22.579],[-55.6986,-22.5797],[-55.6994,-22.5797],[-55.6994,-22.5793],[-55.7,-22.5788],[-55.6997,-22.5785],[-55.6997,-22.5778],[-55.6992,-22.5778],[-55.6992,-22.5782],[-55.6988,-22.5783],[-55.6986,-22.5776],[-55.6984,-22.5775],[-55.6981,-22.5783]]],[[[-55.6981,-22.5774],[-55.6983,-22.5772],[-55.6983,-22.5767],[-55.697,-22.5772],[-55.6969,-22.5777],[-55.6981,-22.5774]]],[[[-55.6975,-22.5803],[-55.6973,-22.5803],[-55.6972,-22.5805],[-55.6974,-22.5806],[-55.6975,-22.5803]]],[[[-55.6978,-22.5657],[-55.6975,-22.5659],[-55.6976,-22.5661],[-55.6981,-22.5661],[-55.698,-22.5653],[-55.6978,-22.5653],[-55.6978,-22.5657]]],[[[-55.6978,-22.5816],[-55.6983,-22.5817],[-55.6983,-22.5814],[-55.6978,-22.5811],[-55.6978,-22.5816]]],[[[-55.7008,-22.5692],[-55.7002,-22.5686],[-55.6992,-22.5684],[-55.6998,-22.5692],[-55.7004,-22.5692],[-55.7006,-22.5694],[-55.7008,-22.5692]]],[[[-55.7022,-22.5764],[-55.702,-22.5764],[-55.7008,-22.5777],[-55.7013,-22.5778],[-55.7014,-22.5774],[-55.7019,-22.5772],[-55.7022,-22.5764]]],[[[-55.7019,-22.5695],[-55.7014,-22.5698],[-55.7014,-22.5703],[-55.7019,-22.5702],[-55.7019,-22.5695]]],[[[-55.7019,-22.5751],[-55.7017,-22.575],[-55.7017,-22.5752],[-55.7019,-22.5753],[-55.7019,-22.5751]]],[[[-55.7022,-22.542],[-55.7019,-22.542],[-55.702,-22.5425],[-55.7022,-22.5424],[-55.7022,-22.542]]],[[[-55.7023,-22.5022],[-55.7022,-22.5024],[-55.7024,-22.5025],[-55.7025,-22.5023],[-55.7023,-22.5022]]],[[[-55.7028,-22.5681],[-55.7026,-22.5681],[-55.7025,-22.5683],[-55.7027,-22.5683],[-55.7028,-22.5681]]],[[[-55.7026,-22.5803],[-55.7025,-22.5805],[-55.7027,-22.5806],[-55.7028,-22.5803],[-55.7026,-22.5803]]],[[[-55.7031,-22.5631],[-55.7028,-22.5631],[-55.7028,-22.5633],[-55.703,-22.5633],[-55.7031,-22.5631]]],[[[-55.7033,-22.5412],[-55.7031,-22.5411],[-55.7031,-22.5413],[-55.7033,-22.5414],[-55.7033,-22.5412]]],[[[-55.7036,-22.5692],[-55.7034,-22.5692],[-55.7033,-22.5694],[-55.7036,-22.5694],[-55.7036,-22.5692]]],[[[-55.7061,-22.5526],[-55.7059,-22.5525],[-55.7058,-22.5527],[-55.7061,-22.5528],[-55.7061,-22.5526]]],[[[-55.7089,-22.5097],[-55.7089,-22.5099],[-55.7091,-22.51],[-55.7092,-22.5098],[-55.7089,-22.5097]]],[[[-55.7089,-22.5686],[-55.7089,-22.5688],[-55.7091,-22.5689],[-55.7092,-22.5687],[-55.7089,-22.5686]]],[[[-55.7097,-22.6105],[-55.7094,-22.61],[-55.7092,-22.6101],[-55.7095,-22.6106],[-55.7097,-22.6105]]],[[[-55.7128,-22.507],[-55.7126,-22.5069],[-55.7125,-22.5072],[-55.7127,-22.5072],[-55.7128,-22.507]]],[[[-55.7131,-22.6051],[-55.7128,-22.605],[-55.7128,-22.6052],[-55.713,-22.6053],[-55.7131,-22.6051]]],[[[-55.7135,-22.5672],[-55.7133,-22.5667],[-55.7128,-22.567],[-55.7128,-22.5672],[-55.7133,-22.5674],[-55.7134,-22.5678],[-55.7139,-22.5674],[-55.7138,-22.5672],[-55.7135,-22.5672]]],[[[-55.7133,-22.522],[-55.7131,-22.5219],[-55.7131,-22.5222],[-55.7133,-22.5222],[-55.7133,-22.522]]],[[[-55.7142,-22.5595],[-55.7139,-22.5594],[-55.7139,-22.5597],[-55.7141,-22.5597],[-55.7142,-22.5595]]],[[[-55.7157,-22.5591],[-55.7158,-22.5584],[-55.7153,-22.5583],[-55.715,-22.5591],[-55.7167,-22.5611],[-55.7172,-22.5611],[-55.7175,-22.5608],[-55.7175,-22.5603],[-55.7172,-22.56],[-55.7165,-22.56],[-55.7157,-22.5591]]],[[[-55.7158,-22.5081],[-55.7156,-22.5081],[-55.7156,-22.5086],[-55.7158,-22.5086],[-55.7158,-22.5081]]],[[[-55.7164,-22.4864],[-55.7162,-22.4864],[-55.7161,-22.4866],[-55.7163,-22.4867],[-55.7164,-22.4864]]],[[[-55.7178,-22.4877],[-55.7178,-22.4867],[-55.7176,-22.4867],[-55.7176,-22.4872],[-55.7174,-22.4875],[-55.7169,-22.4876],[-55.7169,-22.488],[-55.7174,-22.4881],[-55.7178,-22.4877]]],[[[-55.7188,-22.5131],[-55.7189,-22.5128],[-55.7185,-22.5128],[-55.718,-22.5122],[-55.7175,-22.5123],[-55.7176,-22.5128],[-55.7181,-22.5128],[-55.7181,-22.5131],[-55.7188,-22.5131]]],[[[-55.7183,-22.5139],[-55.7178,-22.5139],[-55.7178,-22.5141],[-55.7183,-22.5142],[-55.7183,-22.5139]]],[[[-55.7181,-22.5164],[-55.7178,-22.5164],[-55.7178,-22.5166],[-55.718,-22.5167],[-55.7181,-22.5164]]],[[[-55.7201,-22.5133],[-55.72,-22.5136],[-55.7202,-22.5136],[-55.7203,-22.5134],[-55.7201,-22.5133]]],[[[-55.7208,-22.4892],[-55.7206,-22.4892],[-55.7206,-22.4894],[-55.7208,-22.4894],[-55.7208,-22.4892]]],[[[-55.7214,-22.5661],[-55.7214,-22.5663],[-55.7216,-22.5664],[-55.7217,-22.5662],[-55.7214,-22.5661]]],[[[-55.7233,-22.5162],[-55.7231,-22.5161],[-55.7231,-22.5163],[-55.7233,-22.5164],[-55.7233,-22.5162]]],[[[-55.7226,-22.5161],[-55.723,-22.5156],[-55.7226,-22.5156],[-55.7224,-22.5153],[-55.7219,-22.5153],[-55.7226,-22.5161]]],[[[-55.7233,-22.5692],[-55.7223,-22.5692],[-55.7222,-22.5697],[-55.7227,-22.57],[-55.7227,-22.5695],[-55.7233,-22.5694],[-55.7233,-22.5692]]],[[[-55.7244,-22.5686],[-55.7244,-22.5676],[-55.7241,-22.5672],[-55.7237,-22.5672],[-55.7233,-22.5676],[-55.7233,-22.568],[-55.724,-22.5678],[-55.7243,-22.5681],[-55.7242,-22.5686],[-55.7244,-22.5686]]],[[[-55.7236,-22.5669],[-55.7236,-22.5664],[-55.7233,-22.5661],[-55.7228,-22.5661],[-55.7228,-22.5669],[-55.7236,-22.5669]]],[[[-55.7244,-22.5151],[-55.7239,-22.515],[-55.7239,-22.5152],[-55.7244,-22.5153],[-55.7244,-22.5151]]],[[[-55.7247,-22.5603],[-55.7244,-22.5603],[-55.7245,-22.5608],[-55.7247,-22.5608],[-55.7247,-22.5603]]],[[[-55.7247,-22.5319],[-55.7249,-22.5319],[-55.7253,-22.5314],[-55.7248,-22.5314],[-55.7247,-22.5319]]],[[[-55.7281,-22.5698],[-55.7277,-22.5692],[-55.7264,-22.5687],[-55.7267,-22.569],[-55.7264,-22.57],[-55.727,-22.5699],[-55.7273,-22.5703],[-55.7277,-22.5703],[-55.7281,-22.5698]]],[[[-55.7261,-22.5689],[-55.7255,-22.5686],[-55.725,-22.5687],[-55.725,-22.5691],[-55.7253,-22.5694],[-55.7258,-22.5694],[-55.7261,-22.5689]]],[[[-55.7258,-22.5672],[-55.7267,-22.5678],[-55.7275,-22.5677],[-55.7274,-22.5675],[-55.7269,-22.5674],[-55.7266,-22.5661],[-55.7258,-22.5667],[-55.7258,-22.5672]]],[[[-55.7272,-22.5298],[-55.727,-22.5297],[-55.7269,-22.5299],[-55.7272,-22.53],[-55.7272,-22.5298]]],[[[-55.7281,-22.5223],[-55.7278,-22.5222],[-55.7278,-22.5224],[-55.728,-22.5225],[-55.7281,-22.5223]]],[[[-55.7292,-22.5664],[-55.7289,-22.5664],[-55.7289,-22.5671],[-55.7286,-22.5673],[-55.7289,-22.5678],[-55.7292,-22.5677],[-55.7292,-22.5664]]],[[[-55.7303,-22.5648],[-55.73,-22.5648],[-55.73,-22.5655],[-55.7311,-22.5658],[-55.7311,-22.5656],[-55.7308,-22.5653],[-55.7303,-22.5653],[-55.7303,-22.5648]]],[[[-55.7309,-22.57],[-55.7308,-22.5702],[-55.7311,-22.5703],[-55.7311,-22.5701],[-55.7309,-22.57]]],[[[-55.7306,-22.5699],[-55.7303,-22.5692],[-55.7301,-22.5692],[-55.73,-22.5697],[-55.7303,-22.57],[-55.7306,-22.5699]]],[[[-55.7313,-22.5636],[-55.7317,-22.563],[-55.7317,-22.5626],[-55.731,-22.5625],[-55.7301,-22.5619],[-55.73,-22.5627],[-55.7306,-22.5635],[-55.7306,-22.5641],[-55.7309,-22.5644],[-55.7315,-22.5644],[-55.7324,-22.5653],[-55.7325,-22.5645],[-55.7322,-22.5643],[-55.7322,-22.5639],[-55.7315,-22.5639],[-55.7313,-22.5636]]],[[[-55.7303,-22.5783],[-55.7303,-22.5789],[-55.7311,-22.5788],[-55.7311,-22.5783],[-55.7303,-22.5783]]],[[[-55.7311,-22.5195],[-55.7309,-22.5194],[-55.7308,-22.5197],[-55.7311,-22.5197],[-55.7311,-22.5195]]],[[[-55.7319,-22.4859],[-55.7313,-22.4856],[-55.7308,-22.4856],[-55.7314,-22.4867],[-55.7319,-22.4866],[-55.7319,-22.4859]]],[[[-55.7333,-22.5549],[-55.7336,-22.5545],[-55.7331,-22.554],[-55.7331,-22.5537],[-55.7323,-22.5536],[-55.7325,-22.5543],[-55.7322,-22.5547],[-55.7328,-22.5547],[-55.7328,-22.555],[-55.7333,-22.5549]]],[[[-55.7319,-22.5544],[-55.7319,-22.5542],[-55.7317,-22.5542],[-55.7317,-22.5544],[-55.7319,-22.5544]]],[[[-55.7333,-22.5767],[-55.7326,-22.5769],[-55.7319,-22.5777],[-55.7322,-22.5778],[-55.7326,-22.5772],[-55.733,-22.5772],[-55.7333,-22.5767]]],[[[-55.7333,-22.5717],[-55.7331,-22.5717],[-55.7331,-22.5719],[-55.7333,-22.5719],[-55.7333,-22.5717]]],[[[-55.735,-22.5748],[-55.7348,-22.5747],[-55.7345,-22.5751],[-55.7338,-22.5742],[-55.7334,-22.5742],[-55.7334,-22.575],[-55.7331,-22.5753],[-55.7331,-22.5758],[-55.7336,-22.5761],[-55.7338,-22.5756],[-55.7341,-22.5756],[-55.7345,-22.5752],[-55.7349,-22.5753],[-55.735,-22.5748]]],[[[-55.7339,-22.5528],[-55.7337,-22.5528],[-55.7336,-22.553],[-55.7338,-22.5531],[-55.7339,-22.5528]]],[[[-55.7347,-22.5723],[-55.7345,-22.5722],[-55.7344,-22.5724],[-55.7347,-22.5725],[-55.7347,-22.5723]]],[[[-55.7342,-22.5722],[-55.7341,-22.5719],[-55.7339,-22.572],[-55.7339,-22.5722],[-55.7342,-22.5722]]],[[[-55.7355,-22.5544],[-55.7356,-22.5534],[-55.7352,-22.5531],[-55.7345,-22.5531],[-55.7342,-22.5534],[-55.7342,-22.5538],[-55.7345,-22.5542],[-55.7352,-22.5538],[-55.7353,-22.5544],[-55.7355,-22.5544]]],[[[-55.7345,-22.5642],[-55.7345,-22.5647],[-55.7353,-22.5647],[-55.7352,-22.5642],[-55.7345,-22.5642]]],[[[-55.7353,-22.5728],[-55.7353,-22.5736],[-55.7355,-22.5736],[-55.7356,-22.5728],[-55.7353,-22.5728]]],[[[-55.7364,-22.5481],[-55.7362,-22.5481],[-55.7361,-22.5483],[-55.7363,-22.5483],[-55.7364,-22.5481]]],[[[-55.7373,-22.5747],[-55.7372,-22.5749],[-55.7374,-22.575],[-55.7375,-22.5748],[-55.7373,-22.5747]]],[[[-55.7375,-22.5659],[-55.7373,-22.5658],[-55.7372,-22.5661],[-55.7374,-22.5661],[-55.7375,-22.5659]]],[[[-55.7381,-22.5489],[-55.7381,-22.5492],[-55.7389,-22.5491],[-55.7388,-22.5489],[-55.7381,-22.5489]]],[[[-55.7378,-22.5488],[-55.7377,-22.5486],[-55.7375,-22.5487],[-55.7376,-22.5489],[-55.7378,-22.5488]]],[[[-55.7383,-22.5753],[-55.7381,-22.5753],[-55.7381,-22.5755],[-55.7383,-22.5756],[-55.7383,-22.5753]]],[[[-55.7392,-22.5691],[-55.7392,-22.5684],[-55.7387,-22.5681],[-55.7383,-22.5684],[-55.7387,-22.5694],[-55.7392,-22.5691]]],[[[-55.7392,-22.5859],[-55.7389,-22.5858],[-55.7389,-22.5861],[-55.7391,-22.5861],[-55.7392,-22.5859]]],[[[-55.7397,-22.5762],[-55.7389,-22.5758],[-55.7389,-22.5763],[-55.7397,-22.5767],[-55.7397,-22.5762]]],[[[-55.74,-22.5851],[-55.7398,-22.585],[-55.7397,-22.5852],[-55.7399,-22.5853],[-55.74,-22.5851]]],[[[-55.74,-22.5209],[-55.7398,-22.5208],[-55.7397,-22.5211],[-55.7399,-22.5211],[-55.74,-22.5209]]],[[[-55.7417,-22.5195],[-55.7406,-22.5186],[-55.7409,-22.5194],[-55.7407,-22.5197],[-55.7403,-22.5197],[-55.74,-22.5202],[-55.7408,-22.52],[-55.741,-22.5197],[-55.7416,-22.5197],[-55.7417,-22.5195]]],[[[-55.7406,-22.577],[-55.7403,-22.5769],[-55.7403,-22.5772],[-55.7405,-22.5772],[-55.7406,-22.577]]],[[[-55.7414,-22.5114],[-55.7414,-22.5119],[-55.7422,-22.5119],[-55.7425,-22.5116],[-55.7422,-22.5112],[-55.7422,-22.5106],[-55.7409,-22.5097],[-55.7409,-22.5102],[-55.7403,-22.5103],[-55.7403,-22.5105],[-55.7406,-22.5108],[-55.741,-22.5108],[-55.7411,-22.5113],[-55.7414,-22.5114]]],[[[-55.7408,-22.4967],[-55.7406,-22.4967],[-55.7406,-22.4969],[-55.7408,-22.4969],[-55.7408,-22.4967]]],[[[-55.7411,-22.4895],[-55.7406,-22.4894],[-55.7406,-22.4897],[-55.7411,-22.4897],[-55.7411,-22.4895]]],[[[-55.7419,-22.5839],[-55.7428,-22.583],[-55.7427,-22.5828],[-55.7417,-22.5838],[-55.7419,-22.5839]]],[[[-55.7414,-22.5839],[-55.7412,-22.5839],[-55.7406,-22.5847],[-55.7408,-22.5847],[-55.7414,-22.5839]]],[[[-55.7414,-22.5531],[-55.7411,-22.5528],[-55.7408,-22.5528],[-55.7412,-22.5533],[-55.7414,-22.5531]]],[[[-55.7414,-22.5687],[-55.7412,-22.5686],[-55.7408,-22.5691],[-55.7411,-22.5692],[-55.7414,-22.5687]]],[[[-55.7417,-22.5876],[-55.7414,-22.5876],[-55.7414,-22.5881],[-55.7417,-22.588],[-55.7417,-22.5876]]],[[[-55.7425,-22.5234],[-55.7423,-22.5233],[-55.7422,-22.5236],[-55.7424,-22.5236],[-55.7425,-22.5234]]],[[[-55.7426,-22.5706],[-55.7425,-22.5708],[-55.7427,-22.5708],[-55.7428,-22.5706],[-55.7426,-22.5706]]],[[[-55.7453,-22.5517],[-55.7448,-22.5517],[-55.7447,-22.5519],[-55.7451,-22.5522],[-55.7455,-22.5522],[-55.7453,-22.5517]]],[[[-55.7444,-22.552],[-55.7439,-22.552],[-55.7439,-22.553],[-55.7443,-22.5531],[-55.7444,-22.5535],[-55.7438,-22.5536],[-55.7436,-22.5531],[-55.7433,-22.5531],[-55.7433,-22.5536],[-55.7442,-22.5544],[-55.7447,-22.5541],[-55.7447,-22.5528],[-55.7443,-22.5525],[-55.7444,-22.552]]],[[[-55.7439,-22.5545],[-55.7437,-22.5544],[-55.7436,-22.5547],[-55.7438,-22.5547],[-55.7439,-22.5545]]],[[[-55.7433,-22.5548],[-55.7428,-22.5548],[-55.7426,-22.5558],[-55.7433,-22.5555],[-55.7433,-22.5548]]],[[[-55.7436,-22.5501],[-55.7434,-22.55],[-55.7428,-22.5508],[-55.7433,-22.5508],[-55.7436,-22.5501]]],[[[-55.7436,-22.5817],[-55.7434,-22.5817],[-55.7433,-22.5819],[-55.7436,-22.5819],[-55.7436,-22.5817]]],[[[-55.7439,-22.5653],[-55.7436,-22.5653],[-55.7434,-22.5661],[-55.7439,-22.5658],[-55.7439,-22.5653]]],[[[-55.7436,-22.5122],[-55.7444,-22.5112],[-55.7437,-22.5111],[-55.7433,-22.5114],[-55.7433,-22.5122],[-55.7436,-22.5122]]],[[[-55.7442,-22.5487],[-55.7434,-22.5486],[-55.7433,-22.5488],[-55.7441,-22.5489],[-55.7442,-22.5487]]],[[[-55.7453,-22.5167],[-55.7442,-22.5161],[-55.7442,-22.5168],[-55.7433,-22.517],[-55.7433,-22.5174],[-55.7437,-22.5178],[-55.7447,-22.5178],[-55.745,-22.5174],[-55.7453,-22.5167]]],[[[-55.7439,-22.5564],[-55.7437,-22.5564],[-55.7436,-22.5566],[-55.7438,-22.5567],[-55.7439,-22.5564]]],[[[-55.7439,-22.5797],[-55.7439,-22.5799],[-55.7441,-22.58],[-55.7442,-22.5798],[-55.7439,-22.5797]]],[[[-55.7447,-22.5664],[-55.7445,-22.5664],[-55.7442,-22.5669],[-55.7444,-22.5669],[-55.7447,-22.5664]]],[[[-55.7451,-22.6017],[-55.7442,-22.6017],[-55.7442,-22.6019],[-55.7447,-22.6022],[-55.7447,-22.6019],[-55.7453,-22.6019],[-55.7451,-22.6017]]],[[[-55.7448,-22.6014],[-55.745,-22.6013],[-55.7449,-22.6011],[-55.7447,-22.6012],[-55.7448,-22.6014]]],[[[-55.7448,-22.5636],[-55.7447,-22.5638],[-55.7449,-22.5639],[-55.745,-22.5637],[-55.7448,-22.5636]]],[[[-55.7451,-22.565],[-55.745,-22.5655],[-55.7452,-22.5656],[-55.7453,-22.5651],[-55.7451,-22.565]]],[[[-55.7456,-22.5463],[-55.7452,-22.5458],[-55.745,-22.5459],[-55.7453,-22.5464],[-55.7456,-22.5463]]],[[[-55.7458,-22.5509],[-55.7456,-22.5508],[-55.7456,-22.5511],[-55.7458,-22.5511],[-55.7458,-22.5509]]],[[[-55.7467,-22.517],[-55.7464,-22.5169],[-55.7456,-22.518],[-55.7458,-22.5181],[-55.7467,-22.517]]],[[[-55.7461,-22.5545],[-55.7459,-22.5544],[-55.7458,-22.5547],[-55.7461,-22.5547],[-55.7461,-22.5545]]],[[[-55.7472,-22.5694],[-55.7472,-22.5687],[-55.7468,-22.5686],[-55.7464,-22.5682],[-55.7461,-22.5673],[-55.7459,-22.5672],[-55.7458,-22.5677],[-55.7461,-22.5679],[-55.7461,-22.5683],[-55.7468,-22.5689],[-55.7467,-22.5696],[-55.7464,-22.5698],[-55.7464,-22.5704],[-55.7461,-22.5706],[-55.7464,-22.5711],[-55.7467,-22.5711],[-55.7467,-22.5699],[-55.7472,-22.5694]]],[[[-55.7472,-22.6024],[-55.7463,-22.6014],[-55.7458,-22.6014],[-55.7459,-22.6019],[-55.7465,-22.6019],[-55.747,-22.6025],[-55.7472,-22.6024]]],[[[-55.7462,-22.5258],[-55.7462,-22.5261],[-55.7467,-22.5261],[-55.7466,-22.5258],[-55.7462,-22.5258]]],[[[-55.7467,-22.5511],[-55.7472,-22.5511],[-55.7472,-22.5509],[-55.7467,-22.5508],[-55.7467,-22.5511]]],[[[-55.7466,-22.5514],[-55.7464,-22.5514],[-55.7462,-22.5522],[-55.7467,-22.5519],[-55.7466,-22.5514]]],[[[-55.7467,-22.5634],[-55.7464,-22.5633],[-55.7464,-22.5636],[-55.7466,-22.5636],[-55.7467,-22.5634]]],[[[-55.7472,-22.5498],[-55.747,-22.5497],[-55.7469,-22.5499],[-55.7472,-22.55],[-55.7472,-22.5498]]],[[[-55.747,-22.5522],[-55.7469,-22.5524],[-55.7472,-22.5525],[-55.7472,-22.5523],[-55.747,-22.5522]]],[[[-55.7517,-22.5329],[-55.7514,-22.5333],[-55.7509,-22.5333],[-55.7508,-22.5336],[-55.7516,-22.5336],[-55.7519,-22.5333],[-55.7519,-22.5324],[-55.7522,-22.5322],[-55.7522,-22.5317],[-55.7515,-22.5317],[-55.7505,-22.5306],[-55.7501,-22.5306],[-55.7499,-22.5303],[-55.7495,-22.5303],[-55.749,-22.5308],[-55.7481,-22.5308],[-55.7474,-22.5317],[-55.7469,-22.5317],[-55.7469,-22.5324],[-55.7474,-22.5325],[-55.7484,-22.5336],[-55.7488,-22.5336],[-55.7494,-22.533],[-55.7493,-22.5325],[-55.7497,-22.5322],[-55.7497,-22.5318],[-55.7505,-22.531],[-55.7517,-22.5324],[-55.7517,-22.5329]],[[-55.7489,-22.5324],[-55.7481,-22.5326],[-55.7478,-22.5322],[-55.7487,-22.5319],[-55.7489,-22.5324]]],[[[-55.7478,-22.5164],[-55.7472,-22.5167],[-55.7473,-22.5169],[-55.7478,-22.5169],[-55.7478,-22.5164]]],[[[-55.7481,-22.5612],[-55.7476,-22.5611],[-55.7475,-22.5613],[-55.748,-22.5614],[-55.7481,-22.5612]]],[[[-55.7481,-22.5437],[-55.7478,-22.5436],[-55.7478,-22.5438],[-55.748,-22.5439],[-55.7481,-22.5437]]],[[[-55.7483,-22.5481],[-55.7481,-22.5481],[-55.7481,-22.5483],[-55.7483,-22.5483],[-55.7483,-22.5481]]],[[[-55.7483,-22.5489],[-55.7481,-22.5489],[-55.7481,-22.5491],[-55.7483,-22.5492],[-55.7483,-22.5489]]],[[[-55.7486,-22.5611],[-55.7489,-22.5614],[-55.7494,-22.5613],[-55.7494,-22.5608],[-55.7487,-22.5608],[-55.7486,-22.5611]]],[[[-55.7487,-22.5133],[-55.7486,-22.5136],[-55.7488,-22.5136],[-55.7489,-22.5134],[-55.7487,-22.5133]]],[[[-55.7487,-22.5383],[-55.7486,-22.5386],[-55.7488,-22.5386],[-55.7489,-22.5384],[-55.7487,-22.5383]]],[[[-55.7489,-22.4942],[-55.7487,-22.4942],[-55.7486,-22.4944],[-55.7488,-22.4944],[-55.7489,-22.4942]]],[[[-55.7489,-22.5686],[-55.7489,-22.5688],[-55.7491,-22.5689],[-55.7492,-22.5687],[-55.7489,-22.5686]]],[[[-55.7489,-22.5536],[-55.7497,-22.5536],[-55.7497,-22.5531],[-55.7492,-22.5531],[-55.7489,-22.5534],[-55.7489,-22.5536]]],[[[-55.7494,-22.5173],[-55.7489,-22.5172],[-55.7489,-22.5174],[-55.7494,-22.5175],[-55.7494,-22.5173]]],[[[-55.7492,-22.5278],[-55.7489,-22.5278],[-55.7489,-22.5283],[-55.7492,-22.5283],[-55.7492,-22.5278]]],[[[-55.7499,-22.5497],[-55.7494,-22.5489],[-55.7489,-22.5489],[-55.7489,-22.5494],[-55.7499,-22.5497]]],[[[-55.7492,-22.5117],[-55.7492,-22.5122],[-55.7494,-22.5122],[-55.7494,-22.5117],[-55.7492,-22.5117]]],[[[-55.7494,-22.5589],[-55.7492,-22.5589],[-55.7492,-22.5591],[-55.7494,-22.5592],[-55.7494,-22.5589]]],[[[-55.7497,-22.5662],[-55.7495,-22.5661],[-55.7494,-22.5663],[-55.7497,-22.5664],[-55.7497,-22.5662]]],[[[-55.75,-22.5292],[-55.7498,-22.5292],[-55.7497,-22.5294],[-55.7499,-22.5294],[-55.75,-22.5292]]],[[[-55.7508,-22.5084],[-55.7503,-22.5081],[-55.7497,-22.5086],[-55.7508,-22.5089],[-55.7508,-22.5084]]],[[[-55.7503,-22.5345],[-55.7501,-22.5344],[-55.75,-22.5347],[-55.7502,-22.5347],[-55.7503,-22.5345]]],[[[-55.7511,-22.4945],[-55.7509,-22.4944],[-55.7508,-22.4947],[-55.7511,-22.4947],[-55.7511,-22.4945]]],[[[-55.7506,-22.4944],[-55.7505,-22.4942],[-55.75,-22.4942],[-55.7501,-22.4944],[-55.7506,-22.4944]]],[[[-55.75,-22.5436],[-55.7505,-22.5436],[-55.7506,-22.5434],[-55.7501,-22.5431],[-55.75,-22.5436]]],[[[-55.7506,-22.5164],[-55.7503,-22.5164],[-55.7503,-22.5169],[-55.7506,-22.5169],[-55.7506,-22.5164]]],[[[-55.7508,-22.5292],[-55.7506,-22.5292],[-55.7506,-22.5294],[-55.7508,-22.5294],[-55.7508,-22.5292]]],[[[-55.7505,-22.5289],[-55.7506,-22.5287],[-55.7503,-22.5286],[-55.7503,-22.5288],[-55.7505,-22.5289]]],[[[-55.7519,-22.4964],[-55.7513,-22.4968],[-55.7506,-22.4967],[-55.7506,-22.4969],[-55.7519,-22.4969],[-55.7519,-22.4964]]],[[[-55.7522,-22.5159],[-55.7518,-22.5157],[-55.7519,-22.5153],[-55.7508,-22.5153],[-55.7509,-22.5156],[-55.7518,-22.5156],[-55.7517,-22.5167],[-55.7522,-22.5166],[-55.7522,-22.5159]]],[[[-55.7509,-22.5347],[-55.7508,-22.5349],[-55.7511,-22.535],[-55.7511,-22.5348],[-55.7509,-22.5347]]],[[[-55.7519,-22.4881],[-55.7514,-22.4881],[-55.7514,-22.4883],[-55.7519,-22.4883],[-55.7519,-22.4881]]],[[[-55.7525,-22.4809],[-55.7523,-22.4808],[-55.7522,-22.4811],[-55.7524,-22.4811],[-55.7525,-22.4809]]],[[[-55.7525,-22.4973],[-55.7523,-22.4972],[-55.7522,-22.4974],[-55.7524,-22.4975],[-55.7525,-22.4973]]],[[[-55.7528,-22.5448],[-55.7524,-22.5444],[-55.7522,-22.5445],[-55.7526,-22.545],[-55.7528,-22.5448]]],[[[-55.7526,-22.5614],[-55.7525,-22.5616],[-55.7527,-22.5617],[-55.7528,-22.5614],[-55.7526,-22.5614]]],[[[-55.7536,-22.519],[-55.7528,-22.5189],[-55.7525,-22.5194],[-55.7532,-22.5194],[-55.7534,-22.5197],[-55.7547,-22.5197],[-55.755,-22.5194],[-55.7544,-22.5186],[-55.7539,-22.5186],[-55.7536,-22.519]]],[[[-55.7538,-22.5442],[-55.7547,-22.5433],[-55.7547,-22.5431],[-55.7542,-22.5431],[-55.7542,-22.5435],[-55.7537,-22.5439],[-55.7525,-22.5437],[-55.7528,-22.5442],[-55.7538,-22.5442]]],[[[-55.7539,-22.5422],[-55.7542,-22.5422],[-55.7541,-22.5417],[-55.7533,-22.5417],[-55.7539,-22.5422]]],[[[-55.7538,-22.5425],[-55.7534,-22.5425],[-55.7533,-22.5427],[-55.7538,-22.5428],[-55.7538,-22.5425]]],[[[-55.7556,-22.5806],[-55.7551,-22.5806],[-55.7547,-22.5811],[-55.7552,-22.5811],[-55.7556,-22.5806]]],[[[-55.7551,-22.5494],[-55.755,-22.5497],[-55.7552,-22.5497],[-55.7553,-22.5495],[-55.7551,-22.5494]]],[[[-55.7553,-22.4945],[-55.7551,-22.4944],[-55.755,-22.4947],[-55.7552,-22.4947],[-55.7553,-22.4945]]],[[[-55.7556,-22.5467],[-55.7553,-22.5467],[-55.7553,-22.5469],[-55.7555,-22.5469],[-55.7556,-22.5467]]],[[[-55.7558,-22.5506],[-55.7556,-22.5506],[-55.7553,-22.5511],[-55.7555,-22.5511],[-55.7558,-22.5506]]],[[[-55.7564,-22.517],[-55.7556,-22.5169],[-55.7556,-22.5172],[-55.7563,-22.5172],[-55.7564,-22.517]]],[[[-55.7564,-22.5492],[-55.7561,-22.549],[-55.7561,-22.5481],[-55.7559,-22.5481],[-55.7556,-22.5484],[-55.7556,-22.5488],[-55.7559,-22.5494],[-55.7563,-22.5494],[-55.7564,-22.5492]]],[[[-55.7558,-22.5416],[-55.7563,-22.5417],[-55.7564,-22.5414],[-55.7559,-22.5411],[-55.7558,-22.5416]]],[[[-55.7572,-22.5448],[-55.757,-22.5447],[-55.7569,-22.5449],[-55.7572,-22.545],[-55.7572,-22.5448]]],[[[-55.7603,-22.5689],[-55.7593,-22.5686],[-55.7591,-22.5683],[-55.7589,-22.5684],[-55.7592,-22.5689],[-55.7596,-22.5689],[-55.7598,-22.5692],[-55.7602,-22.5692],[-55.7603,-22.5689]]],[[[-55.7586,-22.5683],[-55.758,-22.5675],[-55.7573,-22.5675],[-55.7575,-22.5683],[-55.7578,-22.5685],[-55.7578,-22.569],[-55.7574,-22.5692],[-55.757,-22.5689],[-55.7569,-22.5697],[-55.7576,-22.57],[-55.7586,-22.57],[-55.7586,-22.5689],[-55.7583,-22.5685],[-55.7586,-22.5683]]],[[[-55.7572,-22.5173],[-55.757,-22.5172],[-55.7569,-22.5174],[-55.7572,-22.5175],[-55.7572,-22.5173]]],[[[-55.7586,-22.5078],[-55.7584,-22.5078],[-55.7583,-22.508],[-55.7586,-22.5081],[-55.7586,-22.5078]]],[[[-55.7602,-22.5508],[-55.7589,-22.5508],[-55.7586,-22.5512],[-55.7586,-22.553],[-55.7592,-22.5532],[-55.7592,-22.5536],[-55.7594,-22.5536],[-55.7596,-22.5531],[-55.7602,-22.5531],[-55.7603,-22.5526],[-55.7611,-22.5522],[-55.7613,-22.5517],[-55.7617,-22.5516],[-55.7616,-22.5514],[-55.7604,-22.5514],[-55.7602,-22.5508]]],[[[-55.7592,-22.5444],[-55.7597,-22.5441],[-55.7597,-22.5439],[-55.7592,-22.5442],[-55.7592,-22.5444]]],[[[-55.7595,-22.55],[-55.7594,-22.5502],[-55.7597,-22.5503],[-55.7597,-22.5501],[-55.7595,-22.55]]],[[[-55.7606,-22.5578],[-55.7603,-22.5578],[-55.7603,-22.558],[-55.7605,-22.5581],[-55.7606,-22.5578]]],[[[-55.761,-22.5772],[-55.7608,-22.5769],[-55.7603,-22.577],[-55.7603,-22.5772],[-55.7608,-22.5774],[-55.7606,-22.578],[-55.7616,-22.5781],[-55.7617,-22.5776],[-55.7613,-22.5772],[-55.761,-22.5772]]],[[[-55.7614,-22.5698],[-55.7612,-22.5697],[-55.7611,-22.5699],[-55.7613,-22.57],[-55.7614,-22.5698]]],[[[-55.7619,-22.5833],[-55.7617,-22.5842],[-55.7644,-22.5847],[-55.7644,-22.5842],[-55.764,-22.5842],[-55.7622,-22.5825],[-55.7611,-22.5834],[-55.7613,-22.5836],[-55.7617,-22.5832],[-55.7619,-22.5833]]],[[[-55.7628,-22.5578],[-55.7626,-22.5578],[-55.7625,-22.558],[-55.7627,-22.5581],[-55.7628,-22.5578]]],[[[-55.7656,-22.5587],[-55.7653,-22.5586],[-55.7653,-22.5588],[-55.7655,-22.5589],[-55.7656,-22.5587]]],[[[-55.7672,-22.5862],[-55.767,-22.5861],[-55.7669,-22.5863],[-55.7672,-22.5864],[-55.7672,-22.5862]]],[[[-55.7706,-22.5564],[-55.7703,-22.5564],[-55.7703,-22.5569],[-55.7706,-22.5569],[-55.7706,-22.5564]]],[[[-55.7744,-22.5752],[-55.7749,-22.5753],[-55.7753,-22.5748],[-55.7745,-22.5747],[-55.7744,-22.5752]]],[[[-55.7828,-22.5901],[-55.7826,-22.59],[-55.7825,-22.5902],[-55.7827,-22.5903],[-55.7828,-22.5901]]],[[[-55.7845,-22.5903],[-55.7842,-22.5906],[-55.7842,-22.5908],[-55.7853,-22.5908],[-55.785,-22.5904],[-55.7849,-22.5894],[-55.7842,-22.5895],[-55.7842,-22.5899],[-55.7845,-22.5903]]],[[[-55.7942,-22.5953],[-55.7939,-22.5953],[-55.7939,-22.5955],[-55.7941,-22.5956],[-55.7942,-22.5953]]]]}},{"type":"Feature","properties":{"ano":1999},"geometry":{"type":"MultiPolygon","coordinates":[[[[-55.6823,-22.5814],[-55.683,-22.5814],[-55.6835,-22.5806],[-55.6841,-22.5806],[-55.6842,-22.5803],[-55.6832,-22.5803],[-55.683,-22.58],[-55.6821,-22.5803],[-55.6819,-22.58],[-55.6814,-22.58],[-55.6814,-22.5796],[-55.6817,-22.5794],[-55.6816,-22.5789],[-55.6813,-22.5789],[-55.6811,-22.5786],[-55.6803,-22.5789],[-55.6806,-22.5797],[-55.6811,-22.5799],[-55.6812,-22.5803],[-55.6817,-22.5803],[-55.6822,-22.581],[-55.6823,-22.5814]]],[[[-55.6819,-22.5667],[-55.6817,-22.5667],[-55.6817,-22.5669],[-55.6819,-22.5669],[-55.6819,-22.5667]]],[[[-55.6833,-22.5881],[-55.6831,-22.5881],[-55.6831,-22.5886],[-55.6833,-22.5886],[-55.6833,-22.5881]]],[[[-55.6844,-22.587],[-55.6842,-22.5869],[-55.6842,-22.5872],[-55.6844,-22.5872],[-55.6844,-22.587]]],[[[-55.6847,-22.5756],[-55.6844,-22.5756],[-55.6845,-22.5761],[-55.6847,-22.5761],[-55.6847,-22.5756]]],[[[-55.6853,-22.5879],[-55.6858,-22.5877],[-55.6858,-22.5872],[-55.6847,-22.5883],[-55.6849,-22.5883],[-55.6853,-22.5879]]],[[[-55.6864,-22.5806],[-55.6862,-22.5806],[-55.6861,-22.5808],[-55.6863,-22.5808],[-55.6864,-22.5806]]],[[[-55.6858,-22.5805],[-55.6858,-22.5803],[-55.6856,-22.5803],[-55.6856,-22.5806],[-55.6858,-22.5805]]],[[[-55.6853,-22.5806],[-55.6851,-22.5806],[-55.685,-22.5808],[-55.6852,-22.5808],[-55.6853,-22.5806]]],[[[-55.6881,-22.575],[-55.6881,-22.5742],[-55.6878,-22.5738],[-55.6882,-22.5736],[-55.6884,-22.5739],[-55.6886,-22.5738],[-55.6886,-22.5731],[-55.6883,-22.5728],[-55.6875,-22.5734],[-55.6872,-22.5751],[-55.6869,-22.5753],[-55.687,-22.5764],[-55.6875,-22.5763],[-55.6871,-22.576],[-55.6873,-22.5757],[-55.6877,-22.5758],[-55.6883,-22.5755],[-55.6883,-22.5751],[-55.6881,-22.575]]],[[[-55.6875,-22.5687],[-55.6873,-22.5686],[-55.6872,-22.5688],[-55.6874,-22.5689],[-55.6875,-22.5687]]],[[[-55.6881,-22.5569],[-55.6889,-22.5562],[-55.6886,-22.5558],[-55.6876,-22.5558],[-55.6875,-22.5563],[-55.6881,-22.5569]]],[[[-55.6881,-22.5842],[-55.6878,-22.5842],[-55.6878,-22.5844],[-55.688,-22.5844],[-55.6881,-22.5842]]],[[[-55.6903,-22.5537],[-55.6887,-22.5536],[-55.6886,-22.5544],[-55.6888,-22.5544],[-55.6894,-22.5538],[-55.6897,-22.554],[-55.6898,-22.5544],[-55.6905,-22.5544],[-55.6903,-22.5537]]],[[[-55.6906,-22.5792],[-55.6914,-22.5788],[-55.6913,-22.5786],[-55.6906,-22.5789],[-55.6906,-22.5792]]],[[[-55.6911,-22.5753],[-55.6909,-22.5753],[-55.6908,-22.5755],[-55.6911,-22.5756],[-55.6911,-22.5753]]],[[[-55.6911,-22.5776],[-55.6909,-22.5775],[-55.6908,-22.5777],[-55.6911,-22.5778],[-55.6911,-22.5776]]],[[[-55.6922,-22.5478],[-55.6912,-22.5478],[-55.6911,-22.548],[-55.6922,-22.5481],[-55.6922,-22.5478]]],[[[-55.6922,-22.5445],[-55.692,-22.5444],[-55.6919,-22.5447],[-55.6922,-22.5447],[-55.6922,-22.5445]]],[[[-55.6956,-22.5734],[-55.6953,-22.5734],[-55.6953,-22.5739],[-55.6956,-22.5738],[-55.6956,-22.5734]]],[[[-55.6958,-22.5687],[-55.6956,-22.5687],[-55.6956,-22.5692],[-55.6958,-22.5691],[-55.6958,-22.5687]]],[[[-55.7017,-22.5748],[-55.7014,-22.5747],[-55.7014,-22.5749],[-55.7016,-22.575],[-55.7017,-22.5748]]],[[[-55.7028,-22.5676],[-55.7019,-22.5672],[-55.7017,-22.5673],[-55.7023,-22.5681],[-55.7027,-22.5681],[-55.7028,-22.5676]]],[[[-55.7028,-22.542],[-55.7022,-22.5417],[-55.7017,-22.5417],[-55.7027,-22.5425],[-55.7028,-22.542]]],[[[-55.7022,-22.5648],[-55.702,-22.5647],[-55.7019,-22.5649],[-55.7022,-22.565],[-55.7022,-22.5648]]],[[[-55.7028,-22.5624],[-55.7031,-22.5622],[-55.703,-22.5619],[-55.7022,-22.5626],[-55.7022,-22.563],[-55.7026,-22.5633],[-55.7028,-22.5633],[-55.7028,-22.5624]]],[[[-55.7031,-22.5653],[-55.7028,-22.5653],[-55.7028,-22.5658],[-55.7031,-22.5658],[-55.7031,-22.5653]]],[[[-55.7047,-22.5637],[-55.7045,-22.5636],[-55.7044,-22.5638],[-55.7047,-22.5639],[-55.7047,-22.5637]]],[[[-55.705,-22.5609],[-55.7048,-22.5608],[-55.7047,-22.5611],[-55.7049,-22.5611],[-55.705,-22.5609]]],[[[-55.7058,-22.5181],[-55.7056,-22.5181],[-55.7056,-22.5186],[-55.7058,-22.5186],[-55.7058,-22.5181]]],[[[-55.7055,-22.5178],[-55.7056,-22.5176],[-55.7053,-22.5175],[-55.7053,-22.5177],[-55.7055,-22.5178]]],[[[-55.7052,-22.5172],[-55.7053,-22.517],[-55.7048,-22.5167],[-55.7047,-22.5169],[-55.7052,-22.5172]]],[[[-55.7069,-22.5651],[-55.7067,-22.565],[-55.7067,-22.5652],[-55.7069,-22.5653],[-55.7069,-22.5651]]],[[[-55.7086,-22.6099],[-55.7091,-22.61],[-55.71,-22.6091],[-55.71,-22.6087],[-55.7095,-22.6086],[-55.7086,-22.6095],[-55.7086,-22.6099]]],[[[-55.7089,-22.5608],[-55.7089,-22.5611],[-55.7091,-22.5611],[-55.7092,-22.5609],[-55.7089,-22.5608]]],[[[-55.7092,-22.5684],[-55.7089,-22.5683],[-55.7089,-22.5686],[-55.7091,-22.5686],[-55.7092,-22.5684]]],[[[-55.7094,-22.5062],[-55.7092,-22.5061],[-55.7092,-22.5063],[-55.7094,-22.5064],[-55.7094,-22.5062]]],[[[-55.7106,-22.5062],[-55.7103,-22.5061],[-55.7103,-22.5063],[-55.7105,-22.5064],[-55.7106,-22.5062]]],[[[-55.7114,-22.5623],[-55.7112,-22.5622],[-55.7111,-22.5624],[-55.7113,-22.5625],[-55.7114,-22.5623]]],[[[-55.7108,-22.5622],[-55.7108,-22.5617],[-55.7103,-22.5617],[-55.7106,-22.5622],[-55.7108,-22.5622]]],[[[-55.7119,-22.5656],[-55.7116,-22.5647],[-55.7112,-22.5647],[-55.7108,-22.5651],[-55.7112,-22.5656],[-55.7119,-22.5656]]],[[[-55.7117,-22.5062],[-55.7112,-22.5061],[-55.7111,-22.5063],[-55.7116,-22.5064],[-55.7117,-22.5062]]],[[[-55.7119,-22.5159],[-55.7117,-22.5158],[-55.7117,-22.5161],[-55.7119,-22.5161],[-55.7119,-22.5159]]],[[[-55.7139,-22.5595],[-55.7137,-22.5594],[-55.7136,-22.5597],[-55.7138,-22.5597],[-55.7139,-22.5595]]],[[[-55.7136,-22.56],[-55.7133,-22.5601],[-55.7134,-22.5603],[-55.7136,-22.5602],[-55.7136,-22.56]]],[[[-55.7142,-22.6045],[-55.7134,-22.6044],[-55.7133,-22.6049],[-55.7137,-22.6053],[-55.7144,-22.6053],[-55.7142,-22.6045]]],[[[-55.7156,-22.502],[-55.7153,-22.5019],[-55.7153,-22.5022],[-55.7155,-22.5022],[-55.7156,-22.502]]],[[[-55.7152,-22.5025],[-55.7147,-22.5028],[-55.7148,-22.5031],[-55.7153,-22.5027],[-55.7152,-22.5025]]],[[[-55.7153,-22.4878],[-55.7151,-22.4878],[-55.715,-22.488],[-55.7152,-22.4881],[-55.7153,-22.4878]]],[[[-55.7156,-22.6034],[-55.7153,-22.6034],[-55.7153,-22.6039],[-55.7156,-22.6038],[-55.7156,-22.6034]]],[[[-55.7167,-22.5639],[-55.7164,-22.5639],[-55.7164,-22.5644],[-55.7167,-22.5644],[-55.7167,-22.5639]]],[[[-55.7163,-22.5636],[-55.7164,-22.5634],[-55.7162,-22.5633],[-55.7161,-22.5636],[-55.7163,-22.5636]]],[[[-55.7169,-22.4876],[-55.7164,-22.4875],[-55.7164,-22.4877],[-55.7169,-22.4878],[-55.7169,-22.4876]]],[[[-55.7178,-22.5131],[-55.7175,-22.5131],[-55.7175,-22.5135],[-55.7171,-22.5139],[-55.7167,-22.5139],[-55.7167,-22.5146],[-55.7164,-22.5148],[-55.7164,-22.5158],[-55.7167,-22.5158],[-55.7169,-22.515],[-55.7175,-22.5149],[-55.7172,-22.5142],[-55.7178,-22.5141],[-55.7178,-22.5131]]],[[[-55.7175,-22.5634],[-55.7172,-22.5631],[-55.7169,-22.5631],[-55.7173,-22.5636],[-55.7175,-22.5634]]],[[[-55.7192,-22.5239],[-55.7187,-22.5239],[-55.7186,-22.5241],[-55.7191,-22.5242],[-55.7192,-22.5239]]],[[[-55.7217,-22.5664],[-55.7225,-22.5661],[-55.7224,-22.5656],[-55.7217,-22.5656],[-55.7214,-22.5659],[-55.7217,-22.5664]]],[[[-55.7233,-22.5606],[-55.7228,-22.5606],[-55.7225,-22.5611],[-55.7228,-22.5614],[-55.7233,-22.5614],[-55.7233,-22.5606]]],[[[-55.7239,-22.5156],[-55.7231,-22.5156],[-55.7231,-22.5158],[-55.7236,-22.5158],[-55.7236,-22.5163],[-55.7238,-22.5164],[-55.7239,-22.5156]]],[[[-55.7244,-22.5681],[-55.7241,-22.5678],[-55.7236,-22.5678],[-55.7239,-22.5686],[-55.7244,-22.5681]]],[[[-55.7253,-22.5845],[-55.7251,-22.5844],[-55.725,-22.5847],[-55.7252,-22.5847],[-55.7253,-22.5845]]],[[[-55.7247,-22.5844],[-55.7247,-22.5842],[-55.7244,-22.5842],[-55.7245,-22.5844],[-55.7247,-22.5844]]],[[[-55.7264,-22.5298],[-55.7257,-22.5297],[-55.7255,-22.5294],[-55.7256,-22.5289],[-55.7252,-22.5286],[-55.7247,-22.5287],[-55.7247,-22.5291],[-55.7256,-22.53],[-55.7263,-22.53],[-55.7264,-22.5298]]],[[[-55.7256,-22.5189],[-55.7248,-22.5192],[-55.7247,-22.5197],[-55.7252,-22.5197],[-55.7256,-22.5189]]],[[[-55.7256,-22.5695],[-55.7263,-22.57],[-55.7267,-22.5697],[-55.7267,-22.5689],[-55.7263,-22.5686],[-55.7256,-22.5695]]],[[[-55.7261,-22.5655],[-55.7263,-22.5656],[-55.7267,-22.5651],[-55.7262,-22.565],[-55.7261,-22.5655]]],[[[-55.7269,-22.5664],[-55.7267,-22.5664],[-55.7267,-22.5666],[-55.7269,-22.5667],[-55.7269,-22.5664]]],[[[-55.7283,-22.5309],[-55.7274,-22.5308],[-55.7272,-22.5306],[-55.7269,-22.5306],[-55.7273,-22.5311],[-55.7283,-22.5311],[-55.7283,-22.5309]]],[[[-55.727,-22.5675],[-55.7289,-22.5672],[-55.7288,-22.5667],[-55.7282,-22.5672],[-55.7269,-22.5673],[-55.727,-22.5675]]],[[[-55.7278,-22.5292],[-55.7272,-22.5292],[-55.7273,-22.53],[-55.7278,-22.5299],[-55.7278,-22.5292]]],[[[-55.7281,-22.4845],[-55.7278,-22.4844],[-55.7278,-22.4847],[-55.728,-22.4847],[-55.7281,-22.4845]]],[[[-55.7281,-22.5948],[-55.7278,-22.5947],[-55.7278,-22.5949],[-55.728,-22.595],[-55.7281,-22.5948]]],[[[-55.7281,-22.5962],[-55.7278,-22.5961],[-55.7278,-22.5963],[-55.728,-22.5964],[-55.7281,-22.5962]]],[[[-55.7283,-22.5028],[-55.7278,-22.5028],[-55.7278,-22.503],[-55.7283,-22.5031],[-55.7283,-22.5028]]],[[[-55.7286,-22.5617],[-55.7284,-22.5617],[-55.7283,-22.5619],[-55.7286,-22.5619],[-55.7286,-22.5617]]],[[[-55.7298,-22.5656],[-55.7303,-22.5652],[-55.73,-22.5649],[-55.73,-22.5642],[-55.7297,-22.5639],[-55.7289,-22.5639],[-55.7289,-22.5647],[-55.7294,-22.5649],[-55.7298,-22.5656]]],[[[-55.7297,-22.5614],[-55.7292,-22.5614],[-55.7292,-22.5616],[-55.7297,-22.5617],[-55.7297,-22.5614]]],[[[-55.7303,-22.5628],[-55.73,-22.5628],[-55.73,-22.5636],[-55.7305,-22.5639],[-55.7306,-22.5634],[-55.7303,-22.5632],[-55.7303,-22.5628]]],[[[-55.7308,-22.5234],[-55.7306,-22.5233],[-55.7306,-22.5236],[-55.7308,-22.5236],[-55.7308,-22.5234]]],[[[-55.7317,-22.567],[-55.7314,-22.5669],[-55.7311,-22.5674],[-55.7313,-22.5675],[-55.7317,-22.567]]],[[[-55.7311,-22.5678],[-55.7308,-22.5678],[-55.7309,-22.5681],[-55.7311,-22.568],[-55.7311,-22.5678]]],[[[-55.7331,-22.5784],[-55.7326,-22.5783],[-55.7325,-22.5786],[-55.733,-22.5786],[-55.7331,-22.5784]]],[[[-55.7322,-22.5787],[-55.732,-22.5786],[-55.7319,-22.5788],[-55.7322,-22.5789],[-55.7322,-22.5787]]],[[[-55.7323,-22.5792],[-55.732,-22.5793],[-55.7316,-22.5789],[-55.7308,-22.5789],[-55.7314,-22.5797],[-55.7319,-22.5797],[-55.7322,-22.5793],[-55.7327,-22.5797],[-55.7328,-22.5795],[-55.7323,-22.5792]]],[[[-55.7311,-22.5199],[-55.7316,-22.52],[-55.7317,-22.5198],[-55.7312,-22.5194],[-55.7311,-22.5199]]],[[[-55.7317,-22.4858],[-55.7319,-22.486],[-55.7319,-22.4863],[-55.7322,-22.4864],[-55.7322,-22.4856],[-55.7317,-22.4856],[-55.7317,-22.4858]]],[[[-55.7321,-22.5711],[-55.7319,-22.5708],[-55.7317,-22.5709],[-55.732,-22.5714],[-55.7324,-22.5714],[-55.7326,-22.5717],[-55.7331,-22.5716],[-55.7327,-22.5711],[-55.7321,-22.5711]]],[[[-55.7333,-22.5776],[-55.7331,-22.5775],[-55.7331,-22.5777],[-55.7333,-22.5778],[-55.7333,-22.5776]]],[[[-55.7353,-22.5758],[-55.736,-22.5753],[-55.7364,-22.5752],[-55.7364,-22.5748],[-55.7353,-22.5744],[-55.7351,-22.575],[-55.7345,-22.575],[-55.734,-22.5756],[-55.7336,-22.5756],[-55.7333,-22.5769],[-55.7337,-22.5772],[-55.7339,-22.5772],[-55.7342,-22.5757],[-55.7348,-22.5752],[-55.7353,-22.5758]]],[[[-55.7336,-22.5789],[-55.7334,-22.5789],[-55.7333,-22.5791],[-55.7336,-22.5792],[-55.7336,-22.5789]]],[[[-55.7347,-22.5137],[-55.7345,-22.5136],[-55.7344,-22.5138],[-55.7347,-22.5139],[-55.7347,-22.5137]]],[[[-55.7347,-22.5724],[-55.7363,-22.5728],[-55.7367,-22.5724],[-55.7367,-22.5717],[-55.7363,-22.5714],[-55.7356,-22.5714],[-55.7347,-22.5724]]],[[[-55.7355,-22.5644],[-55.7361,-22.5637],[-55.7356,-22.5631],[-55.7353,-22.5644],[-55.7355,-22.5644]]],[[[-55.7364,-22.5626],[-55.7362,-22.5625],[-55.7361,-22.5627],[-55.7363,-22.5628],[-55.7364,-22.5626]]],[[[-55.7364,-22.5649],[-55.7361,-22.5651],[-55.7362,-22.5653],[-55.7367,-22.5652],[-55.7366,-22.5644],[-55.7364,-22.5645],[-55.7364,-22.5649]]],[[[-55.7372,-22.5484],[-55.7367,-22.5483],[-55.7367,-22.5486],[-55.7372,-22.5486],[-55.7372,-22.5484]]],[[[-55.7386,-22.5695],[-55.7381,-22.5694],[-55.7381,-22.5697],[-55.7386,-22.5697],[-55.7386,-22.5695]]],[[[-55.7392,-22.5248],[-55.7389,-22.5247],[-55.7389,-22.5249],[-55.7391,-22.525],[-55.7392,-22.5248]]],[[[-55.7388,-22.5253],[-55.7386,-22.5253],[-55.7387,-22.5256],[-55.7389,-22.5255],[-55.7388,-22.5253]]],[[[-55.7411,-22.5109],[-55.7409,-22.5108],[-55.7408,-22.5111],[-55.7411,-22.5111],[-55.7411,-22.5109]]],[[[-55.7406,-22.5108],[-55.7401,-22.5103],[-55.7397,-22.5106],[-55.7397,-22.5111],[-55.7402,-22.5111],[-55.7406,-22.5108]]],[[[-55.7403,-22.5848],[-55.7398,-22.5847],[-55.7397,-22.5849],[-55.7402,-22.585],[-55.7403,-22.5848]]],[[[-55.7403,-22.5767],[-55.7398,-22.5767],[-55.7397,-22.5769],[-55.7402,-22.5769],[-55.7403,-22.5767]]],[[[-55.74,-22.5224],[-55.7403,-22.5228],[-55.7406,-22.5227],[-55.7405,-22.5222],[-55.7401,-22.5222],[-55.74,-22.5224]]],[[[-55.7406,-22.5781],[-55.7401,-22.5781],[-55.74,-22.5783],[-55.7405,-22.5783],[-55.7406,-22.5781]]],[[[-55.7406,-22.5201],[-55.7403,-22.52],[-55.74,-22.5203],[-55.7401,-22.5208],[-55.7403,-22.5208],[-55.7406,-22.5201]]],[[[-55.7408,-22.5751],[-55.7406,-22.575],[-55.7406,-22.5752],[-55.7408,-22.5753],[-55.7408,-22.5751]]],[[[-55.7422,-22.5106],[-55.7411,-22.5094],[-55.7408,-22.5095],[-55.7414,-22.5103],[-55.7422,-22.5106]]],[[[-55.7408,-22.5774],[-55.7419,-22.5783],[-55.7422,-22.578],[-55.7422,-22.5776],[-55.7419,-22.5772],[-55.7409,-22.5772],[-55.7408,-22.5774]]],[[[-55.7411,-22.5839],[-55.7409,-22.5839],[-55.7408,-22.5841],[-55.7411,-22.5842],[-55.7411,-22.5839]]],[[[-55.7421,-22.5517],[-55.743,-22.5517],[-55.7433,-22.5512],[-55.7428,-22.5511],[-55.7425,-22.5515],[-55.7417,-22.5514],[-55.7414,-22.5517],[-55.7414,-22.5522],[-55.7416,-22.5522],[-55.7421,-22.5517]]],[[[-55.7413,-22.5525],[-55.7411,-22.5526],[-55.7411,-22.553],[-55.7414,-22.5532],[-55.7414,-22.5536],[-55.7422,-22.5536],[-55.7422,-22.5533],[-55.7417,-22.5533],[-55.7413,-22.5525]]],[[[-55.7414,-22.5223],[-55.7412,-22.5222],[-55.7411,-22.5224],[-55.7413,-22.5225],[-55.7414,-22.5223]]],[[[-55.7417,-22.5114],[-55.7414,-22.5114],[-55.7414,-22.5116],[-55.7416,-22.5117],[-55.7417,-22.5114]]],[[[-55.7419,-22.5201],[-55.7417,-22.52],[-55.7417,-22.5202],[-55.7419,-22.5203],[-55.7419,-22.5201]]],[[[-55.7417,-22.5683],[-55.7425,-22.568],[-55.7422,-22.5675],[-55.7417,-22.5681],[-55.7417,-22.5683]]],[[[-55.7428,-22.5123],[-55.7426,-22.5122],[-55.7425,-22.5124],[-55.7427,-22.5125],[-55.7428,-22.5123]]],[[[-55.7428,-22.5667],[-55.7426,-22.5667],[-55.7425,-22.5669],[-55.7427,-22.5669],[-55.7428,-22.5667]]],[[[-55.7428,-22.5551],[-55.7425,-22.5551],[-55.7426,-22.5556],[-55.7428,-22.5555],[-55.7428,-22.5551]]],[[[-55.7431,-22.5826],[-55.7428,-22.5825],[-55.7428,-22.5827],[-55.743,-22.5828],[-55.7431,-22.5826]]],[[[-55.7436,-22.5812],[-55.7431,-22.5811],[-55.7428,-22.5814],[-55.7428,-22.5819],[-55.7433,-22.5819],[-55.7436,-22.5816],[-55.7436,-22.5812]]],[[[-55.7436,-22.5536],[-55.7444,-22.5536],[-55.7444,-22.5531],[-55.7437,-22.5528],[-55.7436,-22.5536]]],[[[-55.7439,-22.5503],[-55.7437,-22.5503],[-55.7436,-22.5505],[-55.7438,-22.5506],[-55.7439,-22.5503]]],[[[-55.7449,-22.5678],[-55.7439,-22.5678],[-55.7439,-22.5683],[-55.7446,-22.5683],[-55.7449,-22.5686],[-55.7453,-22.5681],[-55.7449,-22.5678]]],[[[-55.7442,-22.5811],[-55.7453,-22.5808],[-55.7452,-22.58],[-55.7439,-22.5801],[-55.7442,-22.5804],[-55.7442,-22.5811]]],[[[-55.7439,-22.5122],[-55.7444,-22.5122],[-55.7444,-22.512],[-55.7439,-22.5117],[-55.7439,-22.5122]]],[[[-55.7453,-22.5251],[-55.7451,-22.525],[-55.745,-22.5252],[-55.7452,-22.5253],[-55.7453,-22.5251]]],[[[-55.7456,-22.5517],[-55.7453,-22.5517],[-55.7453,-22.5519],[-55.7455,-22.5519],[-55.7456,-22.5517]]],[[[-55.7458,-22.5542],[-55.7456,-22.5542],[-55.7453,-22.5547],[-55.7455,-22.5547],[-55.7458,-22.5542]]],[[[-55.7458,-22.5478],[-55.7456,-22.5478],[-55.7456,-22.548],[-55.7458,-22.5481],[-55.7458,-22.5478]]],[[[-55.7461,-22.5617],[-55.7459,-22.5617],[-55.7458,-22.5619],[-55.7461,-22.5619],[-55.7461,-22.5617]]],[[[-55.7461,-22.5259],[-55.7459,-22.5258],[-55.7458,-22.5261],[-55.7461,-22.5261],[-55.7461,-22.5259]]],[[[-55.7469,-22.5684],[-55.7467,-22.5682],[-55.7467,-22.5667],[-55.7464,-22.5667],[-55.7461,-22.567],[-55.7461,-22.5677],[-55.7467,-22.5686],[-55.7469,-22.5684]]],[[[-55.7464,-22.5484],[-55.7462,-22.5483],[-55.7461,-22.5486],[-55.7463,-22.5486],[-55.7464,-22.5484]]],[[[-55.7464,-22.5625],[-55.7467,-22.5631],[-55.7472,-22.563],[-55.7472,-22.5625],[-55.7464,-22.5625]]],[[[-55.7467,-22.5708],[-55.7472,-22.5705],[-55.7472,-22.5699],[-55.7475,-22.5697],[-55.7474,-22.5689],[-55.7467,-22.5698],[-55.7467,-22.5708]]],[[[-55.7486,-22.5459],[-55.7484,-22.5458],[-55.7481,-22.5462],[-55.7481,-22.5472],[-55.7486,-22.5469],[-55.7482,-22.5464],[-55.7486,-22.5459]]],[[[-55.7478,-22.5466],[-55.7477,-22.5464],[-55.7472,-22.5464],[-55.7472,-22.5461],[-55.7467,-22.5462],[-55.747,-22.5467],[-55.7478,-22.5466]]],[[[-55.7467,-22.5503],[-55.7467,-22.5505],[-55.7469,-22.5506],[-55.7469,-22.5503],[-55.7467,-22.5503]]],[[[-55.7473,-22.5508],[-55.7472,-22.5511],[-55.7474,-22.5511],[-55.7475,-22.5509],[-55.7473,-22.5508]]],[[[-55.7478,-22.5517],[-55.7476,-22.5517],[-55.7472,-22.5522],[-55.7474,-22.5522],[-55.7478,-22.5517]]],[[[-55.7481,-22.5453],[-55.7478,-22.5453],[-55.7478,-22.5455],[-55.748,-22.5456],[-55.7481,-22.5453]]],[[[-55.7483,-22.5439],[-55.7478,-22.5439],[-55.7478,-22.5441],[-55.7483,-22.5442],[-55.7483,-22.5439]]],[[[-55.75,-22.5689],[-55.7497,-22.5686],[-55.7489,-22.5686],[-55.7486,-22.5681],[-55.7481,-22.5684],[-55.7495,-22.5694],[-55.7499,-22.5694],[-55.75,-22.5689]]],[[[-55.7483,-22.5678],[-55.7489,-22.5674],[-55.749,-22.5669],[-55.7494,-22.5669],[-55.7497,-22.5666],[-55.7494,-22.5661],[-55.7486,-22.5667],[-55.7486,-22.5671],[-55.7481,-22.5676],[-55.7483,-22.5678]]],[[[-55.7486,-22.4945],[-55.7484,-22.4944],[-55.7481,-22.4949],[-55.7483,-22.495],[-55.7486,-22.4945]]],[[[-55.7494,-22.5303],[-55.7492,-22.5303],[-55.7488,-22.5307],[-55.7484,-22.5306],[-55.7483,-22.5308],[-55.7491,-22.5308],[-55.7494,-22.5303]]],[[[-55.7486,-22.5381],[-55.7484,-22.5381],[-55.7483,-22.5383],[-55.7486,-22.5383],[-55.7486,-22.5381]]],[[[-55.7489,-22.5389],[-55.7487,-22.5389],[-55.7486,-22.5391],[-55.7488,-22.5392],[-55.7489,-22.5389]]],[[[-55.7489,-22.4956],[-55.7487,-22.4956],[-55.7486,-22.4958],[-55.7488,-22.4958],[-55.7489,-22.4956]]],[[[-55.7492,-22.5642],[-55.7489,-22.5642],[-55.7489,-22.5644],[-55.7491,-22.5644],[-55.7492,-22.5642]]],[[[-55.7488,-22.5639],[-55.7489,-22.5637],[-55.7487,-22.5636],[-55.7486,-22.5638],[-55.7488,-22.5639]]],[[[-55.7497,-22.5442],[-55.7489,-22.5442],[-55.7489,-22.5444],[-55.7497,-22.5444],[-55.7497,-22.5442]]],[[[-55.7494,-22.5276],[-55.7492,-22.5275],[-55.7492,-22.5277],[-55.7494,-22.5278],[-55.7494,-22.5276]]],[[[-55.7511,-22.5584],[-55.7509,-22.5583],[-55.7506,-22.5588],[-55.7508,-22.5589],[-55.7511,-22.5584]]],[[[-55.7503,-22.5586],[-55.7503,-22.5581],[-55.7501,-22.5581],[-55.75,-22.5585],[-55.7495,-22.5586],[-55.7494,-22.5588],[-55.7499,-22.5589],[-55.7503,-22.5586]]],[[[-55.7503,-22.5081],[-55.7498,-22.5081],[-55.7497,-22.5083],[-55.7502,-22.5083],[-55.7503,-22.5081]]],[[[-55.7503,-22.5342],[-55.7498,-22.5342],[-55.7497,-22.5344],[-55.7502,-22.5344],[-55.7503,-22.5342]]],[[[-55.7503,-22.5651],[-55.7501,-22.565],[-55.7497,-22.5655],[-55.7499,-22.5656],[-55.7503,-22.5651]]],[[[-55.7505,-22.5287],[-55.7499,-22.5281],[-55.7497,-22.5281],[-55.75,-22.5285],[-55.75,-22.5294],[-55.7511,-22.5297],[-55.7511,-22.5289],[-55.7508,-22.5286],[-55.7505,-22.5287]]],[[[-55.75,-22.5176],[-55.7497,-22.5176],[-55.7498,-22.5183],[-55.75,-22.5183],[-55.75,-22.5176]]],[[[-55.7503,-22.5303],[-55.7501,-22.5303],[-55.75,-22.5305],[-55.7502,-22.5306],[-55.7503,-22.5303]]],[[[-55.7506,-22.5676],[-55.7503,-22.5675],[-55.7503,-22.5677],[-55.7505,-22.5678],[-55.7506,-22.5676]]],[[[-55.7508,-22.5178],[-55.7506,-22.5178],[-55.7506,-22.518],[-55.7508,-22.5181],[-55.7508,-22.5178]]],[[[-55.7522,-22.4973],[-55.752,-22.4972],[-55.7519,-22.4974],[-55.7522,-22.4975],[-55.7522,-22.4973]]],[[[-55.7517,-22.4976],[-55.7509,-22.4975],[-55.7508,-22.498],[-55.7513,-22.4981],[-55.7517,-22.4976]]],[[[-55.7508,-22.5466],[-55.7513,-22.5469],[-55.7514,-22.5462],[-55.7509,-22.5461],[-55.7508,-22.5466]]],[[[-55.7527,-22.5619],[-55.7531,-22.5606],[-55.7527,-22.5603],[-55.7518,-22.5603],[-55.7516,-22.56],[-55.7512,-22.56],[-55.7511,-22.5605],[-55.7514,-22.5607],[-55.7517,-22.5616],[-55.7524,-22.5617],[-55.7527,-22.5619]]],[[[-55.7514,-22.5762],[-55.7512,-22.5761],[-55.7511,-22.5763],[-55.7513,-22.5764],[-55.7514,-22.5762]]],[[[-55.7522,-22.5773],[-55.752,-22.5772],[-55.7519,-22.5774],[-55.7522,-22.5775],[-55.7522,-22.5773]]],[[[-55.7517,-22.5772],[-55.7516,-22.5769],[-55.7514,-22.577],[-55.7514,-22.5772],[-55.7517,-22.5772]]],[[[-55.7519,-22.5368],[-55.7517,-22.537],[-55.7517,-22.5372],[-55.7522,-22.5372],[-55.7522,-22.5364],[-55.7519,-22.5364],[-55.7519,-22.5368]]],[[[-55.7525,-22.4812],[-55.7523,-22.4811],[-55.7522,-22.4813],[-55.7524,-22.4814],[-55.7525,-22.4812]]],[[[-55.7531,-22.5503],[-55.7526,-22.55],[-55.7522,-22.5505],[-55.753,-22.5508],[-55.7531,-22.5503]]],[[[-55.7553,-22.543],[-55.7552,-22.5422],[-55.7546,-22.5428],[-55.7543,-22.5428],[-55.7542,-22.5423],[-55.7539,-22.5422],[-55.7536,-22.5428],[-55.7536,-22.5435],[-55.7532,-22.5436],[-55.753,-22.5433],[-55.7528,-22.5434],[-55.7529,-22.5439],[-55.7525,-22.5442],[-55.7525,-22.5447],[-55.7532,-22.5444],[-55.7536,-22.5447],[-55.7536,-22.5445],[-55.7532,-22.5441],[-55.7533,-22.5439],[-55.7538,-22.5439],[-55.7543,-22.5431],[-55.7549,-22.5433],[-55.7553,-22.543]]],[[[-55.7533,-22.5362],[-55.7528,-22.5361],[-55.7528,-22.5363],[-55.7533,-22.5364],[-55.7533,-22.5362]]],[[[-55.7531,-22.5419],[-55.7536,-22.5414],[-55.7531,-22.5408],[-55.7528,-22.5416],[-55.7531,-22.5419]]],[[[-55.7542,-22.5598],[-55.7536,-22.5602],[-55.7541,-22.5603],[-55.7542,-22.5598]]],[[[-55.7547,-22.5389],[-55.7544,-22.5389],[-55.7545,-22.5394],[-55.7547,-22.5394],[-55.7547,-22.5389]]],[[[-55.7556,-22.4945],[-55.7548,-22.4944],[-55.7547,-22.4947],[-55.7555,-22.4947],[-55.7556,-22.4945]]],[[[-55.755,-22.5806],[-55.7548,-22.5806],[-55.7547,-22.5808],[-55.7549,-22.5808],[-55.755,-22.5806]]],[[[-55.7561,-22.5506],[-55.7559,-22.5506],[-55.7556,-22.5511],[-55.7558,-22.5511],[-55.7561,-22.5506]]],[[[-55.7575,-22.5682],[-55.7578,-22.5673],[-55.7574,-22.567],[-55.7578,-22.5664],[-55.757,-22.5664],[-55.7569,-22.5688],[-55.7573,-22.5692],[-55.7578,-22.5691],[-55.7578,-22.5684],[-55.7575,-22.5682]]],[[[-55.7578,-22.5451],[-55.757,-22.545],[-55.7569,-22.5452],[-55.7574,-22.5456],[-55.7578,-22.5451]]],[[[-55.7586,-22.5517],[-55.7583,-22.5517],[-55.7584,-22.5522],[-55.7586,-22.5522],[-55.7586,-22.5517]]],[[[-55.7587,-22.545],[-55.7592,-22.5447],[-55.7592,-22.5442],[-55.7587,-22.5442],[-55.7583,-22.5447],[-55.7587,-22.545]]],[[[-55.7594,-22.5684],[-55.7592,-22.5683],[-55.7592,-22.5686],[-55.7594,-22.5686],[-55.7594,-22.5684]]],[[[-55.7589,-22.5683],[-55.7586,-22.5678],[-55.7583,-22.5678],[-55.7587,-22.5683],[-55.7589,-22.5683]]],[[[-55.7589,-22.5495],[-55.7587,-22.5494],[-55.7586,-22.5497],[-55.7588,-22.5497],[-55.7589,-22.5495]]],[[[-55.7592,-22.5531],[-55.7589,-22.5531],[-55.7589,-22.5533],[-55.7591,-22.5533],[-55.7592,-22.5531]]],[[[-55.7603,-22.5513],[-55.7611,-22.5514],[-55.7611,-22.5512],[-55.7599,-22.55],[-55.7589,-22.5506],[-55.7589,-22.5508],[-55.7601,-22.5508],[-55.7603,-22.5513]]],[[[-55.7597,-22.5459],[-55.7595,-22.5458],[-55.7594,-22.5461],[-55.7597,-22.5461],[-55.7597,-22.5459]]],[[[-55.7603,-22.5664],[-55.7601,-22.5664],[-55.76,-22.5666],[-55.7602,-22.5667],[-55.7603,-22.5664]]],[[[-55.7628,-22.5587],[-55.7626,-22.5586],[-55.7622,-22.5591],[-55.7624,-22.5592],[-55.7628,-22.5587]]],[[[-55.7647,-22.5706],[-55.7645,-22.5706],[-55.7644,-22.5708],[-55.7647,-22.5708],[-55.7647,-22.5706]]],[[[-55.7642,-22.5705],[-55.7641,-22.5703],[-55.7636,-22.5703],[-55.7637,-22.5706],[-55.7642,-22.5705]]],[[[-55.7633,-22.5702],[-55.7633,-22.57],[-55.7631,-22.5701],[-55.7631,-22.5703],[-55.7633,-22.5702]]]]}},{"type":"Feature","properties":{"ano":2000},"geometry":{"type":"MultiPolygon","coordinates":[[[[-55.6808,-22.5789],[-55.6808,-22.5786],[-55.6803,-22.5787],[-55.6803,-22.5789],[-55.6808,-22.5789]]],[[[-55.6811,-22.5803],[-55.6811,-22.5801],[-55.6809,-22.58],[-55.6808,-22.5802],[-55.6811,-22.5803]]],[[[-55.6819,-22.5792],[-55.6819,-22.5789],[-55.6817,-22.5789],[-55.6817,-22.5791],[-55.6819,-22.5792]]],[[[-55.6823,-22.5797],[-55.6822,-22.5802],[-55.6824,-22.5803],[-55.6828,-22.5798],[-55.6823,-22.5797]]],[[[-55.6836,-22.5886],[-55.6836,-22.5884],[-55.6834,-22.5883],[-55.6833,-22.5886],[-55.6836,-22.5886]]],[[[-55.6847,-22.5867],[-55.6847,-22.5864],[-55.6845,-22.5864],[-55.6844,-22.5866],[-55.6847,-22.5867]]],[[[-55.6864,-22.5808],[-55.6874,-22.5806],[-55.6875,-22.5803],[-55.6868,-22.5803],[-55.6864,-22.58],[-55.6861,-22.5803],[-55.6864,-22.5808]]],[[[-55.6866,-22.5686],[-55.6866,-22.5683],[-55.6861,-22.5684],[-55.6862,-22.5686],[-55.6866,-22.5686]]],[[[-55.6866,-22.5561],[-55.6868,-22.5558],[-55.6877,-22.5558],[-55.6879,-22.5553],[-55.6885,-22.5553],[-55.6888,-22.5556],[-55.6889,-22.5551],[-55.687,-22.555],[-55.6864,-22.5556],[-55.6864,-22.5561],[-55.6866,-22.5561]]],[[[-55.6867,-22.6047],[-55.6869,-22.6047],[-55.6869,-22.6045],[-55.6867,-22.6044],[-55.6867,-22.6047]]],[[[-55.6869,-22.5569],[-55.6869,-22.5567],[-55.6867,-22.5567],[-55.6867,-22.5569],[-55.6869,-22.5569]]],[[[-55.6872,-22.5736],[-55.6872,-22.5734],[-55.687,-22.5733],[-55.6869,-22.5736],[-55.6872,-22.5736]]],[[[-55.688,-22.5861],[-55.688,-22.5856],[-55.6872,-22.5856],[-55.6873,-22.5861],[-55.688,-22.5861]]],[[[-55.6872,-22.5853],[-55.6878,-22.5847],[-55.6877,-22.5844],[-55.6869,-22.5851],[-55.6872,-22.5853]]],[[[-55.6875,-22.5766],[-55.6877,-22.5767],[-55.6878,-22.5764],[-55.6876,-22.5764],[-55.6875,-22.5766]]],[[[-55.688,-22.5711],[-55.6881,-22.5709],[-55.6878,-22.5708],[-55.6878,-22.5711],[-55.688,-22.5711]]],[[[-55.688,-22.5775],[-55.6881,-22.5773],[-55.6878,-22.5772],[-55.6878,-22.5774],[-55.688,-22.5775]]],[[[-55.6886,-22.5769],[-55.6886,-22.5767],[-55.6884,-22.5767],[-55.6883,-22.5769],[-55.6886,-22.5769]]],[[[-55.6905,-22.5542],[-55.6906,-22.5539],[-55.6903,-22.5539],[-55.6903,-22.5541],[-55.6905,-22.5542]]],[[[-55.6916,-22.5478],[-55.6917,-22.5473],[-55.6914,-22.5472],[-55.6914,-22.5477],[-55.6916,-22.5478]]],[[[-55.6927,-22.5497],[-55.6928,-22.5495],[-55.6926,-22.5494],[-55.6925,-22.5497],[-55.6927,-22.5497]]],[[[-55.6958,-22.5731],[-55.6952,-22.5728],[-55.695,-22.5728],[-55.6953,-22.5733],[-55.6958,-22.5733],[-55.6958,-22.5731]]],[[[-55.6952,-22.5736],[-55.6947,-22.5739],[-55.6948,-22.575],[-55.6953,-22.5747],[-55.6952,-22.5736]]],[[[-55.6951,-22.5714],[-55.6956,-22.5711],[-55.6955,-22.5703],[-55.6951,-22.5703],[-55.6947,-22.5709],[-55.6951,-22.5714]]],[[[-55.6958,-22.5683],[-55.6961,-22.5683],[-55.6961,-22.5681],[-55.6959,-22.5681],[-55.6958,-22.5683]]],[[[-55.6967,-22.5719],[-55.6967,-22.5725],[-55.6975,-22.5724],[-55.6974,-22.5722],[-55.6967,-22.5719]]],[[[-55.6964,-22.5719],[-55.6964,-22.5714],[-55.6962,-22.5714],[-55.6958,-22.5722],[-55.6961,-22.5722],[-55.6964,-22.5719]]],[[[-55.6981,-22.5742],[-55.6989,-22.5736],[-55.6988,-22.5733],[-55.6978,-22.5734],[-55.6964,-22.5731],[-55.6967,-22.5736],[-55.6976,-22.5736],[-55.6981,-22.5742]]],[[[-55.6977,-22.5658],[-55.6978,-22.5653],[-55.6976,-22.5653],[-55.6975,-22.5658],[-55.6977,-22.5658]]],[[[-55.6991,-22.5783],[-55.6992,-22.5778],[-55.6987,-22.5778],[-55.6986,-22.5783],[-55.6991,-22.5783]]],[[[-55.7019,-22.575],[-55.7019,-22.5748],[-55.7017,-22.5747],[-55.7017,-22.5749],[-55.7019,-22.575]]],[[[-55.7024,-22.5419],[-55.7025,-22.5414],[-55.7023,-22.5414],[-55.7022,-22.5419],[-55.7024,-22.5419]]],[[[-55.7033,-22.5658],[-55.7033,-22.5656],[-55.7031,-22.5656],[-55.7031,-22.5658],[-55.7033,-22.5658]]],[[[-55.7086,-22.5458],[-55.7086,-22.5456],[-55.7084,-22.5456],[-55.7083,-22.5458],[-55.7086,-22.5458]]],[[[-55.7102,-22.6086],[-55.7092,-22.6099],[-55.7097,-22.6103],[-55.7103,-22.6097],[-55.7102,-22.6086]]],[[[-55.7099,-22.5267],[-55.71,-22.5264],[-55.7098,-22.5264],[-55.7097,-22.5266],[-55.7099,-22.5267]]],[[[-55.7116,-22.5072],[-55.7117,-22.507],[-55.7114,-22.5069],[-55.7114,-22.5072],[-55.7116,-22.5072]]],[[[-55.7111,-22.5069],[-55.7111,-22.5062],[-55.7109,-22.5061],[-55.7108,-22.5067],[-55.7106,-22.5069],[-55.7111,-22.5069]]],[[[-55.7126,-22.6053],[-55.7122,-22.6061],[-55.713,-22.6064],[-55.7132,-22.6061],[-55.7136,-22.6061],[-55.7142,-22.6053],[-55.7137,-22.6053],[-55.7132,-22.6056],[-55.713,-22.6053],[-55.7126,-22.6053]]],[[[-55.7136,-22.6044],[-55.7136,-22.6042],[-55.7134,-22.6042],[-55.7133,-22.6044],[-55.7136,-22.6044]]],[[[-55.7138,-22.5222],[-55.7139,-22.522],[-55.7137,-22.5219],[-55.7136,-22.5222],[-55.7138,-22.5222]]],[[[-55.7144,-22.5228],[-55.7144,-22.5226],[-55.7142,-22.5225],[-55.7142,-22.5227],[-55.7144,-22.5228]]],[[[-55.7144,-22.6044],[-55.7144,-22.6042],[-55.7142,-22.6042],[-55.7142,-22.6044],[-55.7144,-22.6044]]],[[[-55.7152,-22.5644],[-55.7153,-22.5642],[-55.7151,-22.5642],[-55.715,-22.5644],[-55.7152,-22.5644]]],[[[-55.7172,-22.5161],[-55.7169,-22.5153],[-55.7167,-22.5153],[-55.7167,-22.5158],[-55.717,-22.5161],[-55.7172,-22.5161]]],[[[-55.7178,-22.5028],[-55.7188,-22.5028],[-55.7189,-22.5023],[-55.7182,-22.5022],[-55.7174,-22.5017],[-55.717,-22.5017],[-55.7167,-22.502],[-55.7167,-22.5028],[-55.7172,-22.5028],[-55.7174,-22.5025],[-55.7178,-22.5028]]],[[[-55.7183,-22.5147],[-55.7183,-22.5142],[-55.7181,-22.5142],[-55.7181,-22.5147],[-55.7183,-22.5147]]],[[[-55.7227,-22.5828],[-55.7228,-22.5826],[-55.7226,-22.5825],[-55.7225,-22.5827],[-55.7227,-22.5828]]],[[[-55.7236,-22.5323],[-55.7228,-22.5317],[-55.7229,-22.5324],[-55.7225,-22.5326],[-55.7228,-22.5331],[-55.7233,-22.5332],[-55.7234,-22.5336],[-55.7239,-22.5333],[-55.7235,-22.5327],[-55.7236,-22.5323]]],[[[-55.723,-22.57],[-55.7233,-22.5695],[-55.7228,-22.5692],[-55.7225,-22.5697],[-55.723,-22.57]]],[[[-55.7231,-22.5161],[-55.7236,-22.5156],[-55.7234,-22.5156],[-55.7231,-22.5161]]],[[[-55.7244,-22.5606],[-55.7244,-22.5603],[-55.7236,-22.5603],[-55.7237,-22.5606],[-55.7244,-22.5606]]],[[[-55.7244,-22.4994],[-55.7244,-22.4992],[-55.7239,-22.4992],[-55.7239,-22.4994],[-55.7244,-22.4994]]],[[[-55.7249,-22.5689],[-55.7245,-22.5683],[-55.7242,-22.5688],[-55.7249,-22.5689]]],[[[-55.7258,-22.5308],[-55.7258,-22.5306],[-55.7256,-22.5306],[-55.7256,-22.5308],[-55.7258,-22.5308]]],[[[-55.7261,-22.4989],[-55.7261,-22.4987],[-55.7259,-22.4986],[-55.7258,-22.4988],[-55.7261,-22.4989]]],[[[-55.7263,-22.5703],[-55.7264,-22.5701],[-55.7262,-22.57],[-55.7261,-22.5702],[-55.7263,-22.5703]]],[[[-55.7274,-22.5617],[-55.7274,-22.5614],[-55.7269,-22.5614],[-55.727,-22.5617],[-55.7274,-22.5617]]],[[[-55.7299,-22.52],[-55.73,-22.5198],[-55.7298,-22.5197],[-55.7297,-22.5199],[-55.7299,-22.52]]],[[[-55.73,-22.5916],[-55.7302,-22.5917],[-55.7303,-22.5914],[-55.7301,-22.5914],[-55.73,-22.5916]]],[[[-55.7308,-22.5197],[-55.7308,-22.5195],[-55.7306,-22.5194],[-55.7306,-22.5197],[-55.7308,-22.5197]]],[[[-55.7322,-22.4853],[-55.7319,-22.4851],[-55.7316,-22.4842],[-55.7308,-22.4845],[-55.7308,-22.4849],[-55.7314,-22.4853],[-55.7314,-22.4858],[-55.7317,-22.4858],[-55.7317,-22.4853],[-55.732,-22.4856],[-55.7322,-22.4853]]],[[[-55.7326,-22.5656],[-55.7331,-22.5652],[-55.733,-22.565],[-55.7325,-22.5653],[-55.7326,-22.5656]]],[[[-55.7333,-22.5647],[-55.7341,-22.5644],[-55.7342,-22.5642],[-55.7337,-22.5642],[-55.7333,-22.5647]]],[[[-55.7344,-22.5142],[-55.7344,-22.5139],[-55.7342,-22.5139],[-55.7342,-22.5141],[-55.7344,-22.5142]]],[[[-55.7374,-22.5664],[-55.7375,-22.5662],[-55.7373,-22.5661],[-55.7372,-22.5663],[-55.7374,-22.5664]]],[[[-55.7377,-22.5692],[-55.7378,-22.5689],[-55.7373,-22.5686],[-55.7372,-22.5688],[-55.7377,-22.5692]]],[[[-55.7397,-22.5103],[-55.7397,-22.5098],[-55.7392,-22.5097],[-55.7392,-22.5102],[-55.7397,-22.5103]]],[[[-55.7436,-22.5504],[-55.7439,-22.5502],[-55.7438,-22.55],[-55.7433,-22.5503],[-55.7435,-22.5507],[-55.7431,-22.5509],[-55.7431,-22.5511],[-55.7436,-22.5511],[-55.7436,-22.5504]]],[[[-55.7433,-22.5491],[-55.7444,-22.5492],[-55.7444,-22.5489],[-55.7434,-22.5489],[-55.7433,-22.5491]]],[[[-55.7461,-22.5067],[-55.7461,-22.5064],[-55.7459,-22.5064],[-55.7458,-22.5066],[-55.7461,-22.5067]]],[[[-55.7488,-22.5319],[-55.7478,-22.532],[-55.7478,-22.5324],[-55.7481,-22.5328],[-55.7489,-22.5324],[-55.7488,-22.5319]]],[[[-55.7486,-22.5294],[-55.7486,-22.5292],[-55.7484,-22.5292],[-55.7483,-22.5294],[-55.7486,-22.5294]]],[[[-55.7483,-22.5297],[-55.7481,-22.5298],[-55.7481,-22.5303],[-55.7483,-22.5302],[-55.7483,-22.5297]]],[[[-55.7483,-22.5467],[-55.7483,-22.5464],[-55.7481,-22.5464],[-55.7481,-22.5466],[-55.7483,-22.5467]]],[[[-55.7483,-22.5478],[-55.7483,-22.5476],[-55.7481,-22.5475],[-55.7481,-22.5477],[-55.7483,-22.5478]]],[[[-55.7488,-22.5489],[-55.7489,-22.5487],[-55.7487,-22.5486],[-55.7486,-22.5488],[-55.7488,-22.5489]]],[[[-55.7491,-22.5672],[-55.7492,-22.567],[-55.7489,-22.5669],[-55.7489,-22.5672],[-55.7491,-22.5672]]],[[[-55.7494,-22.5447],[-55.7494,-22.5445],[-55.7492,-22.5444],[-55.7492,-22.5447],[-55.7494,-22.5447]]],[[[-55.7494,-22.5461],[-55.7494,-22.5459],[-55.7492,-22.5458],[-55.7492,-22.5461],[-55.7494,-22.5461]]],[[[-55.7497,-22.5283],[-55.7497,-22.5281],[-55.7492,-22.5281],[-55.7492,-22.5283],[-55.7497,-22.5283]]],[[[-55.7494,-22.5661],[-55.75,-22.5656],[-55.7498,-22.5656],[-55.7494,-22.5661]]],[[[-55.7499,-22.5292],[-55.75,-22.5289],[-55.7498,-22.5289],[-55.7497,-22.5291],[-55.7499,-22.5292]]],[[[-55.7519,-22.5356],[-55.7519,-22.5353],[-55.7517,-22.5353],[-55.7517,-22.5355],[-55.7519,-22.5356]]],[[[-55.7577,-22.5836],[-55.7578,-22.5834],[-55.7576,-22.5833],[-55.7575,-22.5836],[-55.7577,-22.5836]]],[[[-55.7597,-22.5464],[-55.7597,-22.5462],[-55.7595,-22.5461],[-55.7594,-22.5463],[-55.7597,-22.5464]]],[[[-55.7602,-22.5453],[-55.7603,-22.5451],[-55.7601,-22.545],[-55.76,-22.5452],[-55.7602,-22.5453]]],[[[-55.7613,-22.5581],[-55.7614,-22.5578],[-55.7612,-22.5578],[-55.7611,-22.558],[-55.7613,-22.5581]]],[[[-55.7642,-22.5839],[-55.763,-22.5825],[-55.7625,-22.5826],[-55.7625,-22.583],[-55.7628,-22.5833],[-55.7632,-22.5833],[-55.7639,-22.5842],[-55.7642,-22.5839]]],[[[-55.7739,-22.5758],[-55.7744,-22.5758],[-55.7744,-22.5756],[-55.7739,-22.5756],[-55.7739,-22.5758]]],[[[-55.7831,-22.5905],[-55.7833,-22.5906],[-55.7833,-22.5903],[-55.7831,-22.5903],[-55.7831,-22.5905]]],[[[-55.7851,-22.5894],[-55.785,-22.5903],[-55.7848,-22.5904],[-55.7842,-22.59],[-55.7842,-22.5906],[-55.7856,-22.5905],[-55.7856,-22.5898],[-55.7851,-22.5894]]]]}},{"type":"Feature","properties":{"ano":2001},"geometry":{"type":"MultiPolygon","coordinates":[[[[-55.6742,-22.5906],[-55.6739,-22.5906],[-55.6739,-22.5908],[-55.6741,-22.5908],[-55.6742,-22.5906]]],[[[-55.6811,-22.5798],[-55.6803,-22.5794],[-55.6797,-22.5798],[-55.6797,-22.5802],[-55.6808,-22.5803],[-55.6811,-22.5798]]],[[[-55.6808,-22.5672],[-55.6819,-22.5666],[-55.6819,-22.5658],[-55.6814,-22.5659],[-55.6814,-22.5667],[-55.6809,-22.5667],[-55.6808,-22.5672]]],[[[-55.6819,-22.5789],[-55.6819,-22.5786],[-55.6811,-22.5787],[-55.6812,-22.5789],[-55.6819,-22.5789]]],[[[-55.6833,-22.5828],[-55.6833,-22.5826],[-55.6831,-22.5825],[-55.6831,-22.5827],[-55.6833,-22.5828]]],[[[-55.6855,-22.5806],[-55.6856,-22.5803],[-55.6853,-22.5803],[-55.6853,-22.5805],[-55.6855,-22.5806]]],[[[-55.6858,-22.5898],[-55.6856,-22.5897],[-55.6856,-22.5899],[-55.6858,-22.59],[-55.6858,-22.5898]]],[[[-55.6872,-22.6044],[-55.6872,-22.6036],[-55.6867,-22.6036],[-55.6864,-22.6039],[-55.687,-22.6044],[-55.6872,-22.6044]]],[[[-55.6869,-22.6047],[-55.6867,-22.6048],[-55.6867,-22.605],[-55.6869,-22.6049],[-55.6869,-22.6047]]],[[[-55.6861,-22.6042],[-55.6859,-22.6042],[-55.6858,-22.6044],[-55.6861,-22.6044],[-55.6861,-22.6042]]],[[[-55.6867,-22.5562],[-55.6862,-22.5561],[-55.6861,-22.5563],[-55.6866,-22.5564],[-55.6867,-22.5562]]],[[[-55.6874,-22.5767],[-55.6874,-22.5764],[-55.6869,-22.5764],[-55.687,-22.5767],[-55.6874,-22.5767]]],[[[-55.6881,-22.5548],[-55.6876,-22.5547],[-55.6875,-22.5549],[-55.688,-22.555],[-55.6881,-22.5548]]],[[[-55.688,-22.5772],[-55.6881,-22.577],[-55.6878,-22.5769],[-55.6878,-22.5772],[-55.688,-22.5772]]],[[[-55.6889,-22.5767],[-55.6887,-22.5767],[-55.6886,-22.5769],[-55.6888,-22.5769],[-55.6889,-22.5767]]],[[[-55.6914,-22.5473],[-55.6911,-22.5469],[-55.6897,-22.5467],[-55.6897,-22.5472],[-55.6901,-22.5475],[-55.6907,-22.5475],[-55.6909,-22.5478],[-55.6913,-22.5478],[-55.6914,-22.5473]]],[[[-55.6922,-22.5506],[-55.6922,-22.5503],[-55.692,-22.5503],[-55.6919,-22.5505],[-55.6922,-22.5506]]],[[[-55.6928,-22.5492],[-55.6934,-22.5503],[-55.6936,-22.5502],[-55.6936,-22.5486],[-55.6928,-22.5492]]],[[[-55.6958,-22.5709],[-55.6956,-22.5708],[-55.6956,-22.5711],[-55.6958,-22.5711],[-55.6958,-22.5709]]],[[[-55.6964,-22.5717],[-55.6961,-22.572],[-55.6962,-22.5722],[-55.6967,-22.5722],[-55.6967,-22.5717],[-55.6964,-22.5717]]],[[[-55.6974,-22.5772],[-55.6975,-22.577],[-55.6973,-22.5769],[-55.6972,-22.5772],[-55.6974,-22.5772]]],[[[-55.698,-22.5736],[-55.6981,-22.5734],[-55.6978,-22.5733],[-55.6978,-22.5736],[-55.698,-22.5736]]],[[[-55.6994,-22.5764],[-55.6992,-22.5764],[-55.6992,-22.5766],[-55.6994,-22.5767],[-55.6994,-22.5764]]],[[[-55.6997,-22.5689],[-55.6994,-22.5686],[-55.6992,-22.5687],[-55.6995,-22.5692],[-55.6997,-22.5689]]],[[[-55.6999,-22.5828],[-55.7,-22.5826],[-55.6998,-22.5825],[-55.6997,-22.5827],[-55.6999,-22.5828]]],[[[-55.7017,-22.5695],[-55.7013,-22.5692],[-55.7008,-22.5692],[-55.7008,-22.5697],[-55.7012,-22.57],[-55.7017,-22.5695]]],[[[-55.7019,-22.5624],[-55.7024,-22.5625],[-55.7025,-22.5623],[-55.702,-22.5619],[-55.7019,-22.5624]]],[[[-55.7028,-22.5801],[-55.7026,-22.58],[-55.7025,-22.5802],[-55.7027,-22.5803],[-55.7028,-22.5801]]],[[[-55.7038,-22.5614],[-55.7039,-22.5612],[-55.7037,-22.5611],[-55.7036,-22.5613],[-55.7038,-22.5614]]],[[[-55.7089,-22.5462],[-55.7087,-22.5461],[-55.7086,-22.5463],[-55.7088,-22.5464],[-55.7089,-22.5462]]],[[[-55.7092,-22.6103],[-55.7088,-22.61],[-55.7086,-22.6101],[-55.7089,-22.6106],[-55.7092,-22.6103]]],[[[-55.7116,-22.5081],[-55.7117,-22.5078],[-55.7114,-22.5078],[-55.7114,-22.508],[-55.7116,-22.5081]]],[[[-55.7124,-22.5072],[-55.712,-22.5067],[-55.7117,-22.5072],[-55.7124,-22.5072]]],[[[-55.7125,-22.5609],[-55.7123,-22.5608],[-55.7122,-22.5611],[-55.7124,-22.5611],[-55.7125,-22.5609]]],[[[-55.7141,-22.5586],[-55.7141,-22.5581],[-55.7131,-22.5581],[-55.7131,-22.5586],[-55.7141,-22.5586]]],[[[-55.7142,-22.6041],[-55.7145,-22.6044],[-55.715,-22.6044],[-55.7149,-22.6039],[-55.7142,-22.6039],[-55.7142,-22.6041]]],[[[-55.7158,-22.5234],[-55.7156,-22.5233],[-55.7156,-22.5236],[-55.7158,-22.5236],[-55.7158,-22.5234]]],[[[-55.7166,-22.5019],[-55.7169,-22.5011],[-55.7164,-22.5011],[-55.7161,-22.5014],[-55.7161,-22.5019],[-55.7166,-22.5019]]],[[[-55.717,-22.5628],[-55.7169,-22.563],[-55.7174,-22.5633],[-55.7175,-22.5628],[-55.717,-22.5628]]],[[[-55.7177,-22.5006],[-55.7178,-22.5003],[-55.7176,-22.5003],[-55.7175,-22.5005],[-55.7177,-22.5006]]],[[[-55.7188,-22.5006],[-55.7189,-22.5003],[-55.7187,-22.5003],[-55.7186,-22.5005],[-55.7188,-22.5006]]],[[[-55.7191,-22.5156],[-55.7191,-22.5153],[-55.7186,-22.5153],[-55.7187,-22.5156],[-55.7191,-22.5156]]],[[[-55.7203,-22.4827],[-55.7208,-22.4828],[-55.7214,-22.4822],[-55.7214,-22.4814],[-55.7211,-22.4811],[-55.7203,-22.4814],[-55.7203,-22.4821],[-55.72,-22.4823],[-55.7203,-22.4827]]],[[[-55.7222,-22.572],[-55.722,-22.5719],[-55.7219,-22.5722],[-55.7222,-22.5722],[-55.7222,-22.572]]],[[[-55.7225,-22.5023],[-55.7223,-22.5022],[-55.7222,-22.5024],[-55.7224,-22.5025],[-55.7225,-22.5023]]],[[[-55.7236,-22.5161],[-55.7236,-22.5159],[-55.7234,-22.5158],[-55.7233,-22.5161],[-55.7236,-22.5161]]],[[[-55.7236,-22.5612],[-55.7234,-22.5611],[-55.7233,-22.5613],[-55.7236,-22.5614],[-55.7236,-22.5612]]],[[[-55.7239,-22.5737],[-55.7237,-22.5736],[-55.7236,-22.5738],[-55.7238,-22.5739],[-55.7239,-22.5737]]],[[[-55.7247,-22.5859],[-55.7245,-22.5858],[-55.7244,-22.5861],[-55.7247,-22.5861],[-55.7247,-22.5859]]],[[[-55.7256,-22.5878],[-55.7253,-22.5878],[-55.725,-22.5883],[-55.7252,-22.5883],[-55.7256,-22.5878]]],[[[-55.7261,-22.5705],[-55.7261,-22.5698],[-55.7259,-22.5697],[-55.7259,-22.5706],[-55.7261,-22.5705]]],[[[-55.7264,-22.5303],[-55.7262,-22.5303],[-55.7261,-22.5305],[-55.7263,-22.5306],[-55.7264,-22.5303]]],[[[-55.7269,-22.5933],[-55.7269,-22.5928],[-55.7267,-22.5928],[-55.7267,-22.5933],[-55.7269,-22.5933]]],[[[-55.7272,-22.5764],[-55.7272,-22.5762],[-55.727,-22.5761],[-55.7269,-22.5763],[-55.7272,-22.5764]]],[[[-55.7288,-22.5958],[-55.7289,-22.5956],[-55.7287,-22.5956],[-55.7286,-22.5958],[-55.7288,-22.5958]]],[[[-55.7299,-22.5258],[-55.7299,-22.5256],[-55.7294,-22.5256],[-55.7295,-22.5258],[-55.7299,-22.5258]]],[[[-55.7315,-22.5797],[-55.7308,-22.5789],[-55.7304,-22.5789],[-55.7299,-22.5783],[-55.7297,-22.5784],[-55.7306,-22.5794],[-55.731,-22.5794],[-55.7319,-22.5803],[-55.7319,-22.5798],[-55.7315,-22.5797]]],[[[-55.7311,-22.5198],[-55.7301,-22.5197],[-55.73,-22.5199],[-55.7311,-22.52],[-55.7311,-22.5198]]],[[[-55.7311,-22.5262],[-55.7303,-22.5261],[-55.7303,-22.5263],[-55.7311,-22.5264],[-55.7311,-22.5262]]],[[[-55.7328,-22.5792],[-55.7324,-22.5787],[-55.7331,-22.5781],[-55.7323,-22.5781],[-55.7322,-22.5791],[-55.7326,-22.5794],[-55.7328,-22.5792]]],[[[-55.7319,-22.578],[-55.7319,-22.5778],[-55.7315,-22.5781],[-55.7311,-22.5778],[-55.7306,-22.5778],[-55.7312,-22.5786],[-55.7319,-22.578]]],[[[-55.7339,-22.5526],[-55.7336,-22.5522],[-55.7331,-22.5523],[-55.7334,-22.5531],[-55.7339,-22.5526]]],[[[-55.7347,-22.5208],[-55.7347,-22.5206],[-55.7345,-22.5206],[-55.7344,-22.5208],[-55.7347,-22.5208]]],[[[-55.7363,-22.5744],[-55.7358,-22.5737],[-55.7358,-22.5728],[-55.7356,-22.5728],[-55.7356,-22.5741],[-55.7359,-22.5744],[-55.7363,-22.5744]]],[[[-55.7361,-22.5128],[-55.7361,-22.5126],[-55.7359,-22.5125],[-55.7358,-22.5127],[-55.7361,-22.5128]]],[[[-55.7361,-22.5653],[-55.7361,-22.5651],[-55.7359,-22.565],[-55.7358,-22.5652],[-55.7361,-22.5653]]],[[[-55.7366,-22.5483],[-55.7367,-22.5481],[-55.7364,-22.5481],[-55.7364,-22.5483],[-55.7366,-22.5483]]],[[[-55.7383,-22.5645],[-55.7381,-22.5644],[-55.7381,-22.5647],[-55.7383,-22.5647],[-55.7383,-22.5645]]],[[[-55.7388,-22.5086],[-55.7389,-22.5084],[-55.7384,-22.5081],[-55.7381,-22.5088],[-55.7388,-22.5086]]],[[[-55.7391,-22.5758],[-55.7386,-22.575],[-55.7383,-22.5751],[-55.7383,-22.5755],[-55.7386,-22.5758],[-55.7391,-22.5758]]],[[[-55.7394,-22.5476],[-55.7392,-22.5475],[-55.7392,-22.5477],[-55.7394,-22.5478],[-55.7394,-22.5476]]],[[[-55.74,-22.5101],[-55.7397,-22.5101],[-55.7398,-22.5106],[-55.74,-22.5105],[-55.74,-22.5101]]],[[[-55.7407,-22.5769],[-55.7405,-22.5767],[-55.7403,-22.5767],[-55.7406,-22.5772],[-55.7414,-22.5772],[-55.7413,-22.5769],[-55.7407,-22.5769]]],[[[-55.74,-22.5766],[-55.74,-22.5762],[-55.7398,-22.5761],[-55.7397,-22.5766],[-55.74,-22.5766]]],[[[-55.7411,-22.5112],[-55.7408,-22.5108],[-55.7403,-22.5109],[-55.7409,-22.5117],[-55.7411,-22.5116],[-55.7411,-22.5112]]],[[[-55.7433,-22.5517],[-55.7433,-22.5514],[-55.7426,-22.5514],[-55.7422,-22.5519],[-55.7424,-22.5519],[-55.7428,-22.5516],[-55.7433,-22.5517]]],[[[-55.7427,-22.555],[-55.7428,-22.5548],[-55.7426,-22.5547],[-55.7425,-22.5549],[-55.7427,-22.555]]],[[[-55.7458,-22.5547],[-55.7458,-22.5545],[-55.7456,-22.5544],[-55.7456,-22.5547],[-55.7458,-22.5547]]],[[[-55.7461,-22.5258],[-55.7461,-22.5256],[-55.7456,-22.5256],[-55.7456,-22.5258],[-55.7461,-22.5258]]],[[[-55.7463,-22.5628],[-55.7464,-22.5626],[-55.7462,-22.5625],[-55.7461,-22.5627],[-55.7463,-22.5628]]],[[[-55.7464,-22.5637],[-55.7462,-22.5636],[-55.7461,-22.5638],[-55.7463,-22.5639],[-55.7464,-22.5637]]],[[[-55.7466,-22.5514],[-55.7467,-22.5512],[-55.7464,-22.5511],[-55.7464,-22.5513],[-55.7466,-22.5514]]],[[[-55.7474,-22.5675],[-55.7472,-22.5667],[-55.7467,-22.5667],[-55.7467,-22.5674],[-55.7464,-22.5677],[-55.7469,-22.5678],[-55.7471,-22.5675],[-55.7474,-22.5675]]],[[[-55.7477,-22.5511],[-55.7478,-22.5509],[-55.7476,-22.5508],[-55.7475,-22.5511],[-55.7477,-22.5511]]],[[[-55.7472,-22.5508],[-55.7472,-22.5506],[-55.7469,-22.5506],[-55.747,-22.5508],[-55.7472,-22.5508]]],[[[-55.7478,-22.5689],[-55.7474,-22.5686],[-55.7472,-22.5687],[-55.7476,-22.5692],[-55.7478,-22.5689]]],[[[-55.7481,-22.4923],[-55.7475,-22.4926],[-55.7476,-22.4931],[-55.7481,-22.493],[-55.7481,-22.4923]]],[[[-55.7478,-22.4914],[-55.7476,-22.4914],[-55.7475,-22.4916],[-55.7477,-22.4917],[-55.7478,-22.4914]]],[[[-55.7497,-22.545],[-55.7499,-22.5442],[-55.7494,-22.5445],[-55.7488,-22.5442],[-55.7475,-22.5442],[-55.7475,-22.5452],[-55.7481,-22.5454],[-55.7481,-22.546],[-55.7478,-22.5462],[-55.7478,-22.5471],[-55.7475,-22.5473],[-55.7478,-22.5478],[-55.7481,-22.5477],[-55.7481,-22.5467],[-55.7486,-22.5466],[-55.7486,-22.5464],[-55.7481,-22.5464],[-55.7486,-22.5455],[-55.7482,-22.5448],[-55.7486,-22.5446],[-55.7489,-22.545],[-55.7497,-22.545]]],[[[-55.7483,-22.5608],[-55.7483,-22.5606],[-55.7478,-22.5606],[-55.7478,-22.5608],[-55.7483,-22.5608]]],[[[-55.7483,-22.5306],[-55.7483,-22.5303],[-55.7481,-22.5303],[-55.7481,-22.5305],[-55.7483,-22.5306]]],[[[-55.7483,-22.5392],[-55.7483,-22.5381],[-55.7481,-22.5381],[-55.7481,-22.5391],[-55.7483,-22.5392]]],[[[-55.7483,-22.5681],[-55.7481,-22.5681],[-55.7481,-22.5683],[-55.7483,-22.5683],[-55.7483,-22.5681]]],[[[-55.7487,-22.5625],[-55.7487,-22.5628],[-55.7494,-22.563],[-55.7494,-22.5625],[-55.7487,-22.5625]]],[[[-55.7486,-22.4947],[-55.7492,-22.4942],[-55.7489,-22.4942],[-55.7486,-22.4947]]],[[[-55.7494,-22.5342],[-55.75,-22.5336],[-55.7499,-22.5331],[-55.7492,-22.5331],[-55.7489,-22.5334],[-55.7489,-22.5338],[-55.7494,-22.5342]]],[[[-55.7494,-22.567],[-55.7492,-22.5669],[-55.7492,-22.5672],[-55.7494,-22.5672],[-55.7494,-22.567]]],[[[-55.75,-22.5284],[-55.7492,-22.5283],[-55.7492,-22.5288],[-55.7497,-22.5292],[-55.75,-22.5288],[-55.75,-22.5284]]],[[[-55.7508,-22.5653],[-55.7508,-22.5651],[-55.7503,-22.5647],[-55.75,-22.5655],[-55.7508,-22.5653]]],[[[-55.7499,-22.5658],[-55.7497,-22.5659],[-55.7498,-22.5661],[-55.75,-22.5661],[-55.7499,-22.5658]]],[[[-55.7503,-22.5428],[-55.7501,-22.5428],[-55.75,-22.543],[-55.7502,-22.5431],[-55.7503,-22.5428]]],[[[-55.7511,-22.5083],[-55.7513,-22.5078],[-55.7503,-22.5078],[-55.7506,-22.5083],[-55.7511,-22.5083]]],[[[-55.7511,-22.5173],[-55.7506,-22.5172],[-55.7506,-22.5174],[-55.7511,-22.5175],[-55.7511,-22.5173]]],[[[-55.7514,-22.5627],[-55.7511,-22.5622],[-55.7508,-22.5623],[-55.7512,-22.5628],[-55.7514,-22.5627]]],[[[-55.7511,-22.5759],[-55.7509,-22.5758],[-55.7508,-22.5761],[-55.7511,-22.5761],[-55.7511,-22.5759]]],[[[-55.7517,-22.5373],[-55.7514,-22.5372],[-55.7514,-22.5374],[-55.7516,-22.5375],[-55.7517,-22.5373]]],[[[-55.7517,-22.5767],[-55.7514,-22.5767],[-55.7514,-22.5769],[-55.7516,-22.5769],[-55.7517,-22.5767]]],[[[-55.752,-22.5717],[-55.7519,-22.5722],[-55.7522,-22.5722],[-55.7525,-22.5717],[-55.752,-22.5717]]],[[[-55.7527,-22.4967],[-55.7527,-22.4961],[-55.7519,-22.4962],[-55.752,-22.4967],[-55.7527,-22.4967]]],[[[-55.7525,-22.5351],[-55.7523,-22.535],[-55.7522,-22.5352],[-55.7524,-22.5353],[-55.7525,-22.5351]]],[[[-55.7527,-22.5442],[-55.7527,-22.5439],[-55.7522,-22.5439],[-55.7523,-22.5442],[-55.7527,-22.5442]]],[[[-55.7528,-22.5767],[-55.7526,-22.5767],[-55.7525,-22.5769],[-55.7527,-22.5769],[-55.7528,-22.5767]]],[[[-55.7532,-22.4956],[-55.7534,-22.4958],[-55.7541,-22.4958],[-55.7543,-22.4956],[-55.7551,-22.4956],[-55.7555,-22.4958],[-55.7556,-22.4951],[-55.7561,-22.495],[-55.7561,-22.4948],[-55.7558,-22.4944],[-55.7554,-22.4947],[-55.7537,-22.4944],[-55.7529,-22.4953],[-55.7525,-22.4953],[-55.7526,-22.4956],[-55.7532,-22.4956]],[[-55.7535,-22.4956],[-55.7533,-22.4951],[-55.7537,-22.495],[-55.7539,-22.4954],[-55.7535,-22.4956]]],[[[-55.7533,-22.5453],[-55.7533,-22.5451],[-55.7531,-22.545],[-55.7531,-22.5452],[-55.7533,-22.5453]]],[[[-55.7539,-22.497],[-55.7537,-22.4969],[-55.7536,-22.4972],[-55.7538,-22.4972],[-55.7539,-22.497]]],[[[-55.7556,-22.4978],[-55.7552,-22.4975],[-55.7547,-22.4976],[-55.7553,-22.4981],[-55.7556,-22.4978]]],[[[-55.7558,-22.5489],[-55.7556,-22.5489],[-55.7556,-22.5491],[-55.7558,-22.5492],[-55.7558,-22.5489]]],[[[-55.7553,-22.5488],[-55.7552,-22.5483],[-55.7547,-22.5487],[-55.7548,-22.5489],[-55.7553,-22.5488]]],[[[-55.7553,-22.5498],[-55.7551,-22.5497],[-55.755,-22.5499],[-55.7552,-22.55],[-55.7553,-22.5498]]],[[[-55.7552,-22.505],[-55.7553,-22.5048],[-55.7551,-22.5047],[-55.755,-22.5049],[-55.7552,-22.505]]],[[[-55.7561,-22.5462],[-55.7558,-22.5462],[-55.7556,-22.5469],[-55.7561,-22.5466],[-55.7561,-22.5462]]],[[[-55.7561,-22.5075],[-55.7561,-22.5073],[-55.7559,-22.5072],[-55.7558,-22.5074],[-55.7561,-22.5075]]],[[[-55.7561,-22.5478],[-55.7561,-22.5476],[-55.7559,-22.5475],[-55.7558,-22.5477],[-55.7561,-22.5478]]],[[[-55.7569,-22.545],[-55.7569,-22.5448],[-55.7567,-22.5447],[-55.7567,-22.5449],[-55.7569,-22.545]]],[[[-55.7575,-22.5834],[-55.757,-22.5833],[-55.7569,-22.5836],[-55.7574,-22.5836],[-55.7575,-22.5834]]],[[[-55.7592,-22.581],[-55.7594,-22.5808],[-55.7594,-22.5806],[-55.759,-22.5808],[-55.7576,-22.5806],[-55.7569,-22.5813],[-55.7576,-22.5817],[-55.7588,-22.5817],[-55.7592,-22.5813],[-55.7592,-22.581]]],[[[-55.7576,-22.5458],[-55.7586,-22.5452],[-55.7586,-22.5447],[-55.7575,-22.5453],[-55.7576,-22.5458]]],[[[-55.7602,-22.5669],[-55.7603,-22.5667],[-55.7601,-22.5667],[-55.76,-22.5669],[-55.7602,-22.5669]]],[[[-55.7605,-22.5781],[-55.7606,-22.5778],[-55.7603,-22.5778],[-55.7603,-22.578],[-55.7605,-22.5781]]],[[[-55.7644,-22.5842],[-55.7644,-22.5837],[-55.7641,-22.5833],[-55.7637,-22.5833],[-55.7636,-22.5836],[-55.7644,-22.5842]]],[[[-55.7652,-22.5853],[-55.7653,-22.5851],[-55.7651,-22.585],[-55.765,-22.5852],[-55.7652,-22.5853]]],[[[-55.7655,-22.5711],[-55.7655,-22.5708],[-55.765,-22.5709],[-55.7651,-22.5711],[-55.7655,-22.5711]]],[[[-55.7742,-22.5759],[-55.7739,-22.5758],[-55.7739,-22.5761],[-55.7741,-22.5761],[-55.7742,-22.5759]]],[[[-55.7742,-22.5828],[-55.7739,-22.5828],[-55.7739,-22.583],[-55.7741,-22.5831],[-55.7742,-22.5828]]],[[[-55.7855,-22.5897],[-55.7856,-22.5895],[-55.7853,-22.5894],[-55.7853,-22.5897],[-55.7855,-22.5897]]]]}},{"type":"Feature","properties":{"ano":2002},"geometry":{"type":"MultiPolygon","coordinates":[[[[-55.6808,-22.5672],[-55.6808,-22.567],[-55.6806,-22.5669],[-55.6806,-22.5672],[-55.6808,-22.5672]]],[[[-55.6819,-22.5786],[-55.6819,-22.5784],[-55.6817,-22.5783],[-55.6817,-22.5786],[-55.6819,-22.5786]]],[[[-55.683,-22.5828],[-55.6831,-22.5826],[-55.6828,-22.5825],[-55.6828,-22.5827],[-55.683,-22.5828]]],[[[-55.6872,-22.5561],[-55.6872,-22.5559],[-55.687,-22.5558],[-55.6869,-22.5561],[-55.6872,-22.5561]]],[[[-55.6874,-22.6044],[-55.6875,-22.6042],[-55.6873,-22.6042],[-55.6872,-22.6044],[-55.6874,-22.6044]]],[[[-55.6877,-22.5692],[-55.6878,-22.5689],[-55.6876,-22.5689],[-55.6875,-22.5691],[-55.6877,-22.5692]]],[[[-55.6886,-22.5444],[-55.6886,-22.5442],[-55.6884,-22.5442],[-55.6883,-22.5444],[-55.6886,-22.5444]]],[[[-55.6889,-22.5464],[-55.6887,-22.5464],[-55.6886,-22.5466],[-55.6888,-22.5467],[-55.6889,-22.5464]]],[[[-55.6933,-22.5501],[-55.6931,-22.5499],[-55.6931,-22.5495],[-55.6928,-22.5494],[-55.6928,-22.5499],[-55.6931,-22.5503],[-55.6933,-22.5501]]],[[[-55.6972,-22.5726],[-55.6966,-22.5722],[-55.6964,-22.5723],[-55.6967,-22.5726],[-55.6967,-22.5733],[-55.6974,-22.5733],[-55.6972,-22.5726]]],[[[-55.6997,-22.5517],[-55.6997,-22.5512],[-55.6995,-22.5511],[-55.6994,-22.5516],[-55.6997,-22.5517]]],[[[-55.7033,-22.5659],[-55.7028,-22.5658],[-55.7028,-22.5661],[-55.7033,-22.5661],[-55.7033,-22.5659]]],[[[-55.7025,-22.5658],[-55.7024,-22.5656],[-55.7017,-22.5656],[-55.7017,-22.5658],[-55.7025,-22.5658]]],[[[-55.7027,-22.5419],[-55.7028,-22.5417],[-55.7026,-22.5417],[-55.7025,-22.5419],[-55.7027,-22.5419]]],[[[-55.7036,-22.5617],[-55.7036,-22.5614],[-55.7034,-22.5614],[-55.7033,-22.5616],[-55.7036,-22.5617]]],[[[-55.7041,-22.5411],[-55.7041,-22.5408],[-55.7036,-22.5409],[-55.7037,-22.5411],[-55.7041,-22.5411]]],[[[-55.705,-22.5409],[-55.7048,-22.5408],[-55.7047,-22.5411],[-55.7049,-22.5411],[-55.705,-22.5409]]],[[[-55.7074,-22.5656],[-55.7075,-22.5653],[-55.7073,-22.5653],[-55.7072,-22.5655],[-55.7074,-22.5656]]],[[[-55.7119,-22.5589],[-55.7117,-22.5589],[-55.7117,-22.5591],[-55.7119,-22.5592],[-55.7119,-22.5589]]],[[[-55.7116,-22.5594],[-55.7106,-22.5597],[-55.71,-22.5603],[-55.7101,-22.5606],[-55.711,-22.5608],[-55.7114,-22.5614],[-55.7119,-22.5608],[-55.7119,-22.5598],[-55.7116,-22.5594]]],[[[-55.7176,-22.5147],[-55.7181,-22.5147],[-55.7181,-22.5142],[-55.7173,-22.5139],[-55.7172,-22.5144],[-55.7176,-22.5147]]],[[[-55.7175,-22.5152],[-55.7169,-22.5148],[-55.717,-22.5156],[-55.7175,-22.5152]]],[[[-55.718,-22.5164],[-55.7181,-22.5159],[-55.7178,-22.5158],[-55.7178,-22.5163],[-55.718,-22.5164]]],[[[-55.7212,-22.4825],[-55.7217,-22.4822],[-55.7216,-22.4817],[-55.7211,-22.4823],[-55.7212,-22.4825]]],[[[-55.7219,-22.5719],[-55.7213,-22.5711],[-55.7211,-22.5712],[-55.7217,-22.5719],[-55.7219,-22.5719]]],[[[-55.7219,-22.5251],[-55.7212,-22.525],[-55.7211,-22.5252],[-55.7219,-22.5253],[-55.7219,-22.5251]]],[[[-55.7222,-22.5008],[-55.7222,-22.5006],[-55.722,-22.5006],[-55.7219,-22.5008],[-55.7222,-22.5008]]],[[[-55.7233,-22.5047],[-55.7225,-22.5051],[-55.7226,-22.5053],[-55.7233,-22.5052],[-55.7233,-22.5047]]],[[[-55.723,-22.5878],[-55.7231,-22.5876],[-55.7228,-22.5875],[-55.7228,-22.5877],[-55.723,-22.5878]]],[[[-55.7231,-22.5039],[-55.7236,-22.5036],[-55.7236,-22.5031],[-55.7231,-22.5037],[-55.7231,-22.5039]]],[[[-55.7236,-22.5164],[-55.7236,-22.5162],[-55.7234,-22.5161],[-55.7233,-22.5163],[-55.7236,-22.5164]]],[[[-55.7244,-22.5867],[-55.7244,-22.5862],[-55.7242,-22.5861],[-55.7236,-22.5872],[-55.7238,-22.5872],[-55.7244,-22.5867]]],[[[-55.7261,-22.5753],[-55.7261,-22.575],[-55.7256,-22.5751],[-55.7256,-22.5753],[-55.7261,-22.5753]]],[[[-55.7258,-22.5311],[-55.7264,-22.5306],[-55.7262,-22.5306],[-55.7258,-22.5311]]],[[[-55.7263,-22.4989],[-55.7264,-22.4987],[-55.7262,-22.4986],[-55.7261,-22.4988],[-55.7263,-22.4989]]],[[[-55.7274,-22.5936],[-55.7275,-22.5934],[-55.7272,-22.5931],[-55.7267,-22.5934],[-55.7267,-22.5939],[-55.7274,-22.5936]]],[[[-55.7269,-22.5013],[-55.7273,-22.5017],[-55.7275,-22.5016],[-55.7274,-22.5011],[-55.727,-22.5011],[-55.7269,-22.5013]]],[[[-55.7272,-22.5922],[-55.7272,-22.592],[-55.727,-22.5919],[-55.7269,-22.5922],[-55.7272,-22.5922]]],[[[-55.728,-22.5947],[-55.7281,-22.5945],[-55.7278,-22.5944],[-55.7278,-22.5947],[-55.728,-22.5947]]],[[[-55.7294,-22.5256],[-55.7292,-22.5256],[-55.7292,-22.5261],[-55.7294,-22.5261],[-55.7294,-22.5256]]],[[[-55.7302,-22.5914],[-55.7303,-22.5912],[-55.7301,-22.5911],[-55.73,-22.5913],[-55.7302,-22.5914]]],[[[-55.7305,-22.5794],[-55.7306,-22.5792],[-55.7303,-22.5792],[-55.7303,-22.5794],[-55.7305,-22.5794]]],[[[-55.7311,-22.5203],[-55.7311,-22.5201],[-55.7309,-22.52],[-55.7308,-22.5202],[-55.7311,-22.5203]]],[[[-55.7325,-22.5787],[-55.7322,-22.5781],[-55.7317,-22.5781],[-55.7314,-22.5784],[-55.7314,-22.5788],[-55.732,-22.5794],[-55.7322,-22.5794],[-55.7325,-22.5787]]],[[[-55.7322,-22.5122],[-55.7322,-22.512],[-55.732,-22.5119],[-55.7319,-22.5122],[-55.7322,-22.5122]]],[[[-55.7336,-22.5719],[-55.7336,-22.5717],[-55.7334,-22.5717],[-55.7333,-22.5719],[-55.7336,-22.5719]]],[[[-55.7336,-22.5153],[-55.7336,-22.5151],[-55.7334,-22.515],[-55.7333,-22.5152],[-55.7336,-22.5153]]],[[[-55.7359,-22.5186],[-55.734,-22.52],[-55.7334,-22.52],[-55.7333,-22.5202],[-55.7337,-22.5203],[-55.7342,-22.5208],[-55.7346,-22.5206],[-55.7352,-22.5206],[-55.7356,-22.5202],[-55.7356,-22.5196],[-55.7364,-22.5187],[-55.7359,-22.5186]]],[[[-55.7358,-22.5633],[-55.7361,-22.5633],[-55.7364,-22.5628],[-55.7359,-22.5628],[-55.7358,-22.5633]]],[[[-55.7361,-22.5728],[-55.7359,-22.5728],[-55.7358,-22.573],[-55.7361,-22.5731],[-55.7361,-22.5728]]],[[[-55.7362,-22.5711],[-55.7361,-22.5713],[-55.7366,-22.5717],[-55.7367,-22.5712],[-55.7362,-22.5711]]],[[[-55.738,-22.57],[-55.7381,-22.5698],[-55.7378,-22.5697],[-55.7378,-22.5699],[-55.738,-22.57]]],[[[-55.7397,-22.5756],[-55.7393,-22.5756],[-55.7389,-22.5751],[-55.7389,-22.5748],[-55.7386,-22.5748],[-55.7386,-22.5752],[-55.7392,-22.5758],[-55.7397,-22.5758],[-55.7397,-22.5756]]],[[[-55.74,-22.5097],[-55.7405,-22.5097],[-55.7406,-22.5095],[-55.7401,-22.5092],[-55.74,-22.5097]]],[[[-55.7403,-22.5764],[-55.7401,-22.5764],[-55.74,-22.5766],[-55.7402,-22.5767],[-55.7403,-22.5764]]],[[[-55.7411,-22.5222],[-55.7411,-22.5219],[-55.7406,-22.522],[-55.7406,-22.5222],[-55.7411,-22.5222]]],[[[-55.7419,-22.5195],[-55.7416,-22.5192],[-55.7414,-22.5192],[-55.7415,-22.5197],[-55.7412,-22.5206],[-55.7419,-22.5199],[-55.7419,-22.5195]]],[[[-55.7419,-22.5559],[-55.7417,-22.5558],[-55.7417,-22.5561],[-55.7419,-22.5561],[-55.7419,-22.5559]]],[[[-55.7423,-22.5836],[-55.7428,-22.5831],[-55.7424,-22.5828],[-55.7419,-22.5831],[-55.7423,-22.5836]]],[[[-55.7422,-22.5231],[-55.742,-22.5231],[-55.7419,-22.5233],[-55.7422,-22.5233],[-55.7422,-22.5231]]],[[[-55.7424,-22.5556],[-55.7425,-22.5553],[-55.7423,-22.5553],[-55.7422,-22.5555],[-55.7424,-22.5556]]],[[[-55.7444,-22.5178],[-55.7437,-22.5178],[-55.7436,-22.518],[-55.7444,-22.5181],[-55.7444,-22.5178]]],[[[-55.7433,-22.5181],[-55.7431,-22.5181],[-55.7431,-22.5183],[-55.7433,-22.5183],[-55.7433,-22.5181]]],[[[-55.7441,-22.5678],[-55.7442,-22.5673],[-55.7439,-22.5672],[-55.7439,-22.5677],[-55.7441,-22.5678]]],[[[-55.7441,-22.5806],[-55.7442,-22.5803],[-55.7439,-22.5803],[-55.7439,-22.5805],[-55.7441,-22.5806]]],[[[-55.7441,-22.5814],[-55.7442,-22.5812],[-55.7439,-22.5811],[-55.7439,-22.5813],[-55.7441,-22.5814]]],[[[-55.7444,-22.5647],[-55.7444,-22.5645],[-55.7442,-22.5644],[-55.7442,-22.5647],[-55.7444,-22.5647]]],[[[-55.7474,-22.5167],[-55.7474,-22.5164],[-55.7464,-22.5164],[-55.7467,-22.5169],[-55.7474,-22.5167]]],[[[-55.7461,-22.5163],[-55.7459,-22.5161],[-55.7457,-22.5164],[-55.745,-22.5164],[-55.745,-22.5174],[-55.7453,-22.5178],[-55.7458,-22.5178],[-55.7464,-22.5172],[-55.746,-22.5166],[-55.7461,-22.5163]]],[[[-55.7453,-22.5114],[-55.7451,-22.5114],[-55.745,-22.5116],[-55.7452,-22.5117],[-55.7453,-22.5114]]],[[[-55.7461,-22.4922],[-55.7461,-22.492],[-55.7459,-22.4919],[-55.7458,-22.4922],[-55.7461,-22.4922]]],[[[-55.7462,-22.5617],[-55.7467,-22.5613],[-55.7466,-22.5611],[-55.7461,-22.5614],[-55.7462,-22.5617]]],[[[-55.7466,-22.5533],[-55.7467,-22.5531],[-55.7464,-22.5531],[-55.7464,-22.5533],[-55.7466,-22.5533]]],[[[-55.7467,-22.5467],[-55.7464,-22.5467],[-55.7464,-22.5469],[-55.7466,-22.5469],[-55.7467,-22.5467]]],[[[-55.7466,-22.5631],[-55.7472,-22.5623],[-55.747,-22.5622],[-55.7464,-22.563],[-55.7466,-22.5631]]],[[[-55.7469,-22.5564],[-55.7469,-22.5562],[-55.7467,-22.5561],[-55.7467,-22.5563],[-55.7469,-22.5564]]],[[[-55.7472,-22.5684],[-55.7469,-22.5682],[-55.7472,-22.5677],[-55.747,-22.5675],[-55.7467,-22.5678],[-55.7467,-22.5683],[-55.747,-22.5686],[-55.7472,-22.5684]]],[[[-55.7484,-22.5453],[-55.7481,-22.5457],[-55.7474,-22.545],[-55.747,-22.545],[-55.7467,-22.5453],[-55.7467,-22.5461],[-55.7477,-22.5464],[-55.7483,-22.5457],[-55.7483,-22.5463],[-55.7488,-22.5467],[-55.7492,-22.5457],[-55.7497,-22.5451],[-55.749,-22.545],[-55.7484,-22.5444],[-55.7481,-22.5449],[-55.7484,-22.5453]]],[[[-55.7477,-22.5697],[-55.7478,-22.5692],[-55.7476,-22.5692],[-55.7475,-22.5697],[-55.7477,-22.5697]]],[[[-55.748,-22.5539],[-55.7481,-22.5537],[-55.7478,-22.5536],[-55.7478,-22.5538],[-55.748,-22.5539]]],[[[-55.7481,-22.5388],[-55.7486,-22.5384],[-55.7484,-22.5383],[-55.7481,-22.5388]]],[[[-55.7486,-22.5139],[-55.7486,-22.5137],[-55.7484,-22.5136],[-55.7483,-22.5138],[-55.7486,-22.5139]]],[[[-55.7487,-22.5308],[-55.7497,-22.5303],[-55.7497,-22.5301],[-55.7492,-22.53],[-55.749,-22.5303],[-55.7483,-22.5301],[-55.7483,-22.5305],[-55.7487,-22.5308]]],[[[-55.7494,-22.5292],[-55.7494,-22.5289],[-55.7486,-22.5289],[-55.7487,-22.5292],[-55.7494,-22.5292]]],[[[-55.75,-22.566],[-55.7494,-22.5671],[-55.7486,-22.5676],[-55.7487,-22.5681],[-55.7493,-22.5675],[-55.7497,-22.5674],[-55.7503,-22.566],[-55.7506,-22.5658],[-55.7505,-22.5653],[-55.75,-22.5656],[-55.75,-22.566]]],[[[-55.75,-22.4942],[-55.7492,-22.4942],[-55.7492,-22.4944],[-55.7499,-22.4944],[-55.75,-22.4942]]],[[[-55.7502,-22.5622],[-55.7502,-22.5619],[-55.7494,-22.5617],[-55.7498,-22.5622],[-55.7502,-22.5622]]],[[[-55.7498,-22.505],[-55.7497,-22.5055],[-55.7502,-22.5056],[-55.7503,-22.5053],[-55.7498,-22.505]]],[[[-55.7499,-22.5808],[-55.75,-22.5806],[-55.7498,-22.5806],[-55.7497,-22.5808],[-55.7499,-22.5808]]],[[[-55.7503,-22.5681],[-55.7501,-22.5681],[-55.75,-22.5683],[-55.7502,-22.5683],[-55.7503,-22.5681]]],[[[-55.7505,-22.5078],[-55.7506,-22.5076],[-55.7503,-22.5075],[-55.7503,-22.5077],[-55.7505,-22.5078]]],[[[-55.7503,-22.5283],[-55.7503,-22.5286],[-55.7511,-22.5288],[-55.7511,-22.5283],[-55.7503,-22.5283]]],[[[-55.7506,-22.5436],[-55.7511,-22.5431],[-55.7508,-22.5428],[-55.7503,-22.5428],[-55.7503,-22.5433],[-55.7506,-22.5436]]],[[[-55.7508,-22.5176],[-55.7506,-22.5175],[-55.7506,-22.5177],[-55.7508,-22.5178],[-55.7508,-22.5176]]],[[[-55.7511,-22.4944],[-55.7511,-22.4942],[-55.7506,-22.4942],[-55.7506,-22.4944],[-55.7511,-22.4944]]],[[[-55.7511,-22.53],[-55.7511,-22.5298],[-55.7509,-22.5297],[-55.7508,-22.5299],[-55.7511,-22.53]]],[[[-55.7513,-22.5625],[-55.7514,-22.5623],[-55.7512,-22.5622],[-55.7511,-22.5624],[-55.7513,-22.5625]]],[[[-55.7524,-22.5717],[-55.7524,-22.5714],[-55.7514,-22.5714],[-55.7514,-22.5722],[-55.7517,-22.5725],[-55.7524,-22.5725],[-55.7524,-22.5722],[-55.7517,-22.5721],[-55.7517,-22.5717],[-55.7524,-22.5717]]],[[[-55.7517,-22.5772],[-55.7524,-22.5769],[-55.7525,-22.5767],[-55.7517,-22.5764],[-55.7517,-22.5772]]],[[[-55.7523,-22.5622],[-55.7522,-22.5627],[-55.7524,-22.5628],[-55.7528,-22.5623],[-55.7523,-22.5622]]],[[[-55.753,-22.5078],[-55.7531,-22.5076],[-55.7528,-22.5075],[-55.7528,-22.5077],[-55.753,-22.5078]]],[[[-55.753,-22.5614],[-55.7531,-22.5609],[-55.7528,-22.5608],[-55.7528,-22.5613],[-55.753,-22.5614]]],[[[-55.7533,-22.5448],[-55.7531,-22.5447],[-55.7531,-22.5449],[-55.7533,-22.545],[-55.7533,-22.5448]]],[[[-55.7533,-22.5602],[-55.7539,-22.5598],[-55.7537,-22.5597],[-55.7533,-22.5602]]],[[[-55.7542,-22.5489],[-55.7542,-22.5492],[-55.7555,-22.5494],[-55.7556,-22.5485],[-55.7561,-22.5478],[-55.7558,-22.5475],[-55.7553,-22.5475],[-55.755,-22.5478],[-55.7553,-22.5487],[-55.7542,-22.5489]]],[[[-55.7542,-22.498],[-55.7544,-22.4981],[-55.7547,-22.4976],[-55.7542,-22.4975],[-55.7542,-22.498]]],[[[-55.7553,-22.5045],[-55.7551,-22.5044],[-55.755,-22.5047],[-55.7552,-22.5047],[-55.7553,-22.5045]]],[[[-55.7558,-22.5076],[-55.7553,-22.5075],[-55.7553,-22.5077],[-55.7558,-22.5078],[-55.7558,-22.5076]]],[[[-55.7569,-22.5833],[-55.7569,-22.5831],[-55.7567,-22.5831],[-55.7567,-22.5833],[-55.7569,-22.5833]]],[[[-55.7574,-22.5828],[-55.7575,-22.5826],[-55.7573,-22.5825],[-55.7572,-22.5827],[-55.7574,-22.5828]]],[[[-55.7583,-22.5448],[-55.7576,-22.5447],[-55.7575,-22.5449],[-55.7583,-22.545],[-55.7583,-22.5448]]],[[[-55.7583,-22.5676],[-55.7581,-22.5675],[-55.7581,-22.5677],[-55.7583,-22.5678],[-55.7583,-22.5676]]],[[[-55.7594,-22.5809],[-55.7592,-22.5809],[-55.7592,-22.5812],[-55.7587,-22.5817],[-55.7583,-22.5817],[-55.7586,-22.5819],[-55.7587,-22.5825],[-55.7589,-22.5824],[-55.7589,-22.5819],[-55.7592,-22.5819],[-55.7592,-22.5815],[-55.7594,-22.5813],[-55.7594,-22.5809]]],[[[-55.7591,-22.5683],[-55.7592,-22.5681],[-55.7589,-22.5681],[-55.7589,-22.5683],[-55.7591,-22.5683]]],[[[-55.7608,-22.5781],[-55.7603,-22.5781],[-55.7603,-22.5783],[-55.7608,-22.5783],[-55.7608,-22.5781]]],[[[-55.7611,-22.5697],[-55.7611,-22.5695],[-55.7609,-22.5694],[-55.7608,-22.5697],[-55.7611,-22.5697]]],[[[-55.7616,-22.5831],[-55.7617,-22.5828],[-55.7614,-22.5828],[-55.7614,-22.583],[-55.7616,-22.5831]]],[[[-55.7633,-22.5592],[-55.7636,-22.5587],[-55.7631,-22.5583],[-55.7625,-22.5591],[-55.7633,-22.5592]]],[[[-55.7633,-22.5828],[-55.7633,-22.5826],[-55.7631,-22.5825],[-55.7631,-22.5827],[-55.7633,-22.5828]]],[[[-55.7741,-22.5833],[-55.7742,-22.5831],[-55.7739,-22.5831],[-55.7739,-22.5833],[-55.7741,-22.5833]]]]}},{"type":"Feature","properties":{"ano":2003},"geometry":{"type":"MultiPolygon","coordinates":[[[[-55.6799,-22.5806],[-55.68,-22.5803],[-55.6798,-22.5803],[-55.6797,-22.5805],[-55.6799,-22.5806]]],[[[-55.6805,-22.5786],[-55.6806,-22.5784],[-55.6803,-22.5783],[-55.6803,-22.5786],[-55.6805,-22.5786]]],[[[-55.6813,-22.5667],[-55.6813,-22.5658],[-55.6808,-22.5659],[-55.6812,-22.5664],[-55.6811,-22.5665],[-55.6803,-22.5661],[-55.6803,-22.5669],[-55.6808,-22.5669],[-55.6808,-22.5667],[-55.6813,-22.5667]]],[[[-55.6814,-22.5803],[-55.6806,-22.5803],[-55.6806,-22.5808],[-55.6811,-22.5808],[-55.6814,-22.5803]]],[[[-55.6822,-22.5798],[-55.6817,-22.5797],[-55.6817,-22.5799],[-55.6822,-22.5803],[-55.6822,-22.5798]]],[[[-55.683,-22.5819],[-55.683,-22.5817],[-55.6825,-22.5817],[-55.6826,-22.5819],[-55.683,-22.5819]]],[[[-55.6833,-22.5828],[-55.6826,-22.5828],[-55.6825,-22.5833],[-55.683,-22.5833],[-55.6833,-22.5828]]],[[[-55.6833,-22.5803],[-55.6833,-22.5801],[-55.6831,-22.58],[-55.6831,-22.5802],[-55.6833,-22.5803]]],[[[-55.6847,-22.5814],[-55.685,-22.5808],[-55.6849,-22.5803],[-55.6845,-22.5803],[-55.6842,-22.5809],[-55.6847,-22.5814]]],[[[-55.6872,-22.5567],[-55.6872,-22.5562],[-55.6867,-22.5558],[-55.6864,-22.5569],[-55.6872,-22.5567]]],[[[-55.6886,-22.5772],[-55.6886,-22.577],[-55.6884,-22.5769],[-55.6883,-22.5772],[-55.6886,-22.5772]]],[[[-55.6877,-22.5775],[-55.688,-22.5767],[-55.6864,-22.5767],[-55.6864,-22.5774],[-55.6877,-22.5775]]],[[[-55.6874,-22.5692],[-55.6875,-22.5689],[-55.6873,-22.5689],[-55.6872,-22.5691],[-55.6874,-22.5692]]],[[[-55.6928,-22.55],[-55.6928,-22.5505],[-55.6933,-22.5506],[-55.6933,-22.5503],[-55.6928,-22.55]]],[[[-55.6962,-22.5686],[-55.6967,-22.5683],[-55.6966,-22.5681],[-55.6961,-22.5684],[-55.6962,-22.5686]]],[[[-55.6992,-22.5503],[-55.6992,-22.5507],[-55.6986,-22.5509],[-55.6987,-22.5514],[-55.6994,-22.5511],[-55.6994,-22.5503],[-55.6992,-22.5503]]],[[[-55.6991,-22.55],[-55.6992,-22.5498],[-55.6989,-22.5497],[-55.6989,-22.5499],[-55.6991,-22.55]]],[[[-55.6997,-22.5519],[-55.6997,-22.5517],[-55.6995,-22.5517],[-55.6994,-22.5519],[-55.6997,-22.5519]]],[[[-55.7024,-22.5658],[-55.7021,-22.5655],[-55.7022,-22.5651],[-55.7019,-22.5647],[-55.7014,-22.5647],[-55.7014,-22.5652],[-55.7019,-22.5657],[-55.7019,-22.5661],[-55.7023,-22.5664],[-55.7027,-22.5664],[-55.7028,-22.5659],[-55.7024,-22.5658]]],[[[-55.7041,-22.5633],[-55.7041,-22.5631],[-55.7036,-22.5631],[-55.7037,-22.5633],[-55.7041,-22.5633]]],[[[-55.7033,-22.5634],[-55.7031,-22.5633],[-55.7031,-22.5636],[-55.7033,-22.5636],[-55.7033,-22.5634]]],[[[-55.7055,-22.5656],[-55.7056,-22.5653],[-55.7053,-22.5653],[-55.7053,-22.5655],[-55.7055,-22.5656]]],[[[-55.7072,-22.5531],[-55.7072,-22.5528],[-55.707,-22.5528],[-55.7069,-22.553],[-55.7072,-22.5531]]],[[[-55.7072,-22.5561],[-55.7074,-22.5561],[-55.7075,-22.5559],[-55.7073,-22.5558],[-55.7072,-22.5561]]],[[[-55.7092,-22.5598],[-55.7095,-22.5606],[-55.7099,-22.5606],[-55.7111,-22.5595],[-55.7108,-22.5592],[-55.7101,-22.5592],[-55.7092,-22.5598]]],[[[-55.7133,-22.5214],[-55.7133,-22.5212],[-55.7131,-22.5211],[-55.7131,-22.5213],[-55.7133,-22.5214]]],[[[-55.7177,-22.5167],[-55.7178,-22.5164],[-55.7176,-22.5164],[-55.7175,-22.5166],[-55.7177,-22.5167]]],[[[-55.7178,-22.5158],[-55.718,-22.5158],[-55.7181,-22.5156],[-55.7178,-22.5156],[-55.7178,-22.5158]]],[[[-55.7181,-22.5202],[-55.7183,-22.5203],[-55.7183,-22.5201],[-55.7181,-22.52],[-55.7181,-22.5202]]],[[[-55.7194,-22.5147],[-55.7194,-22.5145],[-55.7192,-22.5144],[-55.7192,-22.5147],[-55.7194,-22.5147]]],[[[-55.7202,-22.4822],[-55.7203,-22.482],[-55.7201,-22.4819],[-55.72,-22.4822],[-55.7202,-22.4822]]],[[[-55.7216,-22.4825],[-55.7217,-22.4823],[-55.7214,-22.4822],[-55.7214,-22.4824],[-55.7216,-22.4825]]],[[[-55.7236,-22.5167],[-55.7236,-22.5164],[-55.7234,-22.5164],[-55.7233,-22.5166],[-55.7236,-22.5167]]],[[[-55.7244,-22.5053],[-55.7244,-22.505],[-55.7233,-22.5051],[-55.7234,-22.5053],[-55.7244,-22.5053]]],[[[-55.7242,-22.5044],[-55.7244,-22.5044],[-55.7244,-22.5042],[-55.7242,-22.5042],[-55.7242,-22.5044]]],[[[-55.7249,-22.5286],[-55.725,-22.5284],[-55.7248,-22.5283],[-55.7247,-22.5286],[-55.7249,-22.5286]]],[[[-55.7256,-22.4988],[-55.7258,-22.4989],[-55.7258,-22.4987],[-55.7256,-22.4986],[-55.7256,-22.4988]]],[[[-55.7264,-22.5306],[-55.7267,-22.5305],[-55.7266,-22.5303],[-55.7264,-22.5303],[-55.7264,-22.5306]]],[[[-55.7263,-22.5308],[-55.7261,-22.5309],[-55.7262,-22.5314],[-55.7264,-22.5313],[-55.7263,-22.5308]]],[[[-55.7263,-22.4994],[-55.7264,-22.4992],[-55.7262,-22.4992],[-55.7261,-22.4994],[-55.7263,-22.4994]]],[[[-55.7282,-22.5247],[-55.7286,-22.5244],[-55.7283,-22.5239],[-55.7276,-22.5239],[-55.7274,-22.5236],[-55.7267,-22.5237],[-55.7267,-22.5241],[-55.7272,-22.5243],[-55.7272,-22.5247],[-55.7276,-22.525],[-55.7283,-22.525],[-55.7282,-22.5247]]],[[[-55.7272,-22.5017],[-55.7272,-22.5014],[-55.727,-22.5014],[-55.7269,-22.5016],[-55.7272,-22.5017]]],[[[-55.7299,-22.5256],[-55.73,-22.5253],[-55.7298,-22.5253],[-55.7297,-22.5255],[-55.7299,-22.5256]]],[[[-55.7302,-22.5267],[-55.7303,-22.5264],[-55.7301,-22.5264],[-55.73,-22.5266],[-55.7302,-22.5267]]],[[[-55.7331,-22.5117],[-55.7323,-22.5119],[-55.7322,-22.5122],[-55.733,-22.5122],[-55.7331,-22.5117]]],[[[-55.7338,-22.5719],[-55.7339,-22.5717],[-55.7337,-22.5717],[-55.7336,-22.5719],[-55.7338,-22.5719]]],[[[-55.7349,-22.5722],[-55.735,-22.572],[-55.7348,-22.5719],[-55.7347,-22.5722],[-55.7349,-22.5722]]],[[[-55.7353,-22.4863],[-55.7355,-22.4864],[-55.7356,-22.4862],[-55.7353,-22.4861],[-55.7353,-22.4863]]],[[[-55.7372,-22.4898],[-55.7369,-22.4896],[-55.7369,-22.4889],[-55.7364,-22.4889],[-55.7367,-22.4897],[-55.737,-22.49],[-55.7372,-22.4898]]],[[[-55.7372,-22.5633],[-55.7372,-22.5631],[-55.7369,-22.5628],[-55.7364,-22.5628],[-55.7364,-22.5631],[-55.7372,-22.5633]]],[[[-55.7367,-22.5722],[-55.7369,-22.5722],[-55.7369,-22.5717],[-55.7367,-22.5717],[-55.7367,-22.5722]]],[[[-55.7406,-22.5119],[-55.7414,-22.5116],[-55.7413,-22.5114],[-55.7409,-22.5115],[-55.7405,-22.5111],[-55.74,-22.5112],[-55.7401,-22.5117],[-55.7404,-22.5117],[-55.7406,-22.5119]]],[[[-55.7416,-22.5206],[-55.7413,-22.5197],[-55.7409,-22.5197],[-55.7403,-22.5205],[-55.7416,-22.5206]]],[[[-55.7431,-22.5834],[-55.7426,-22.5833],[-55.7425,-22.5838],[-55.7427,-22.5839],[-55.7431,-22.5834]]],[[[-55.7436,-22.5813],[-55.7442,-22.5811],[-55.7442,-22.5806],[-55.7437,-22.5803],[-55.7436,-22.5813]]],[[[-55.747,-22.5475],[-55.7478,-22.5472],[-55.7478,-22.5467],[-55.7474,-22.5464],[-55.7472,-22.5464],[-55.7471,-22.5469],[-55.7464,-22.547],[-55.7464,-22.5472],[-55.7469,-22.5472],[-55.747,-22.5475]]],[[[-55.7475,-22.4894],[-55.7478,-22.4894],[-55.7477,-22.4889],[-55.7475,-22.4889],[-55.7475,-22.4894]]],[[[-55.7477,-22.5539],[-55.7478,-22.5537],[-55.7476,-22.5536],[-55.7475,-22.5538],[-55.7477,-22.5539]]],[[[-55.7478,-22.5061],[-55.748,-22.5061],[-55.7481,-22.5059],[-55.7478,-22.5058],[-55.7478,-22.5061]]],[[[-55.7501,-22.4956],[-55.7511,-22.4952],[-55.7511,-22.4948],[-55.7508,-22.4944],[-55.7489,-22.4944],[-55.7483,-22.4948],[-55.7484,-22.495],[-55.7488,-22.495],[-55.7493,-22.4947],[-55.75,-22.4951],[-55.7501,-22.4956]]],[[[-55.7489,-22.5052],[-55.7491,-22.5053],[-55.7492,-22.5051],[-55.7489,-22.505],[-55.7489,-22.5052]]],[[[-55.7489,-22.5694],[-55.7491,-22.5694],[-55.7492,-22.5692],[-55.7489,-22.5692],[-55.7489,-22.5694]]],[[[-55.7499,-22.55],[-55.75,-22.5498],[-55.7498,-22.5497],[-55.7497,-22.5499],[-55.7499,-22.55]]],[[[-55.7494,-22.5497],[-55.7494,-22.5494],[-55.7492,-22.5495],[-55.7492,-22.5497],[-55.7494,-22.5497]]],[[[-55.7497,-22.5086],[-55.7497,-22.5084],[-55.7495,-22.5083],[-55.7494,-22.5086],[-55.7497,-22.5086]]],[[[-55.7494,-22.5684],[-55.7501,-22.5692],[-55.7503,-22.5691],[-55.7503,-22.5684],[-55.7499,-22.5681],[-55.7494,-22.5684]]],[[[-55.7503,-22.5281],[-55.7499,-22.5278],[-55.7494,-22.5278],[-55.7501,-22.5283],[-55.7503,-22.5281]]],[[[-55.7497,-22.4788],[-55.7499,-22.4789],[-55.75,-22.4787],[-55.7498,-22.4786],[-55.7497,-22.4788]]],[[[-55.7506,-22.5657],[-55.7498,-22.5672],[-55.7508,-22.5672],[-55.7508,-22.5668],[-55.7514,-22.5663],[-55.7508,-22.5657],[-55.7508,-22.5653],[-55.7506,-22.5653],[-55.7506,-22.5657]]],[[[-55.7506,-22.5091],[-55.7508,-22.5092],[-55.7508,-22.5089],[-55.7506,-22.5089],[-55.7506,-22.5091]]],[[[-55.7508,-22.5347],[-55.7508,-22.5345],[-55.7506,-22.5344],[-55.7506,-22.5347],[-55.7508,-22.5347]]],[[[-55.7511,-22.5303],[-55.7511,-22.5301],[-55.7509,-22.53],[-55.7508,-22.5302],[-55.7511,-22.5303]]],[[[-55.7511,-22.5291],[-55.7513,-22.5292],[-55.7514,-22.5289],[-55.7512,-22.5289],[-55.7511,-22.5291]]],[[[-55.7516,-22.4872],[-55.7517,-22.487],[-55.7514,-22.4869],[-55.7514,-22.4872],[-55.7516,-22.4872]]],[[[-55.7519,-22.5078],[-55.7519,-22.5076],[-55.7517,-22.5075],[-55.7517,-22.5077],[-55.7519,-22.5078]]],[[[-55.7536,-22.5405],[-55.7538,-22.5406],[-55.7539,-22.5403],[-55.7537,-22.5403],[-55.7536,-22.5405]]],[[[-55.7558,-22.5048],[-55.7552,-22.5042],[-55.755,-22.5042],[-55.7553,-22.5049],[-55.7558,-22.505],[-55.7558,-22.5048]]],[[[-55.7583,-22.5516],[-55.7586,-22.5517],[-55.7586,-22.5514],[-55.7584,-22.5514],[-55.7583,-22.5516]]],[[[-55.7627,-22.5594],[-55.7628,-22.5592],[-55.7626,-22.5592],[-55.7625,-22.5594],[-55.7627,-22.5594]]],[[[-55.7714,-22.5698],[-55.7711,-22.5694],[-55.7706,-22.5694],[-55.7706,-22.5702],[-55.7711,-22.5703],[-55.7714,-22.5698]]]]}},{"type":"Feature","properties":{"ano":2004},"geometry":{"type":"MultiPolygon","coordinates":[[[[-55.6747,-22.5903],[-55.6742,-22.5903],[-55.6742,-22.5905],[-55.6747,-22.5906],[-55.6747,-22.5903]]],[[[-55.6841,-22.5897],[-55.6842,-22.5895],[-55.6839,-22.5894],[-55.6839,-22.5897],[-55.6841,-22.5897]]],[[[-55.6844,-22.5873],[-55.6842,-22.5873],[-55.6842,-22.5878],[-55.6844,-22.5877],[-55.6844,-22.5873]]],[[[-55.6872,-22.5728],[-55.6869,-22.5728],[-55.687,-22.5733],[-55.6872,-22.5733],[-55.6872,-22.5728]]],[[[-55.6875,-22.5853],[-55.6873,-22.5853],[-55.6872,-22.5855],[-55.6874,-22.5856],[-55.6875,-22.5853]]],[[[-55.6936,-22.5506],[-55.6931,-22.5506],[-55.6931,-22.5508],[-55.6936,-22.5508],[-55.6936,-22.5506]]],[[[-55.6963,-22.5725],[-55.6964,-22.5723],[-55.6962,-22.5722],[-55.6961,-22.5724],[-55.6963,-22.5725]]],[[[-55.6961,-22.5719],[-55.6961,-22.5714],[-55.6958,-22.5711],[-55.6953,-22.5711],[-55.695,-22.5719],[-55.6957,-22.5717],[-55.6961,-22.5719]]],[[[-55.6975,-22.5487],[-55.6973,-22.5486],[-55.6972,-22.5488],[-55.6974,-22.5489],[-55.6975,-22.5487]]],[[[-55.6991,-22.5508],[-55.6992,-22.5506],[-55.6989,-22.5506],[-55.6989,-22.5508],[-55.6991,-22.5508]]],[[[-55.6994,-22.5514],[-55.6992,-22.5514],[-55.6992,-22.5516],[-55.6994,-22.5517],[-55.6994,-22.5514]]],[[[-55.6999,-22.5767],[-55.6994,-22.5758],[-55.6992,-22.5759],[-55.6992,-22.5763],[-55.6994,-22.5766],[-55.6999,-22.5767]]],[[[-55.6997,-22.5714],[-55.6997,-22.5712],[-55.6995,-22.5711],[-55.6994,-22.5713],[-55.6997,-22.5714]]],[[[-55.7022,-22.5417],[-55.7022,-22.5414],[-55.702,-22.5414],[-55.7019,-22.5416],[-55.7022,-22.5417]]],[[[-55.7028,-22.5028],[-55.7026,-22.5028],[-55.7025,-22.503],[-55.7027,-22.5031],[-55.7028,-22.5028]]],[[[-55.7027,-22.5814],[-55.7028,-22.5812],[-55.7026,-22.5811],[-55.7025,-22.5813],[-55.7027,-22.5814]]],[[[-55.703,-22.5664],[-55.7031,-22.5662],[-55.7028,-22.5661],[-55.7028,-22.5663],[-55.703,-22.5664]]],[[[-55.7053,-22.5626],[-55.7051,-22.5625],[-55.705,-22.5627],[-55.7052,-22.5628],[-55.7053,-22.5626]]],[[[-55.7047,-22.5624],[-55.7047,-22.5622],[-55.7037,-22.5622],[-55.7034,-22.5626],[-55.7028,-22.5622],[-55.7028,-22.5627],[-55.7031,-22.5628],[-55.7031,-22.5633],[-55.7034,-22.5636],[-55.7038,-22.5636],[-55.7038,-22.5631],[-55.7047,-22.5624]]],[[[-55.7056,-22.5691],[-55.7052,-22.5686],[-55.705,-22.5687],[-55.7053,-22.5692],[-55.7056,-22.5691]]],[[[-55.7061,-22.5631],[-55.7059,-22.5631],[-55.7058,-22.5633],[-55.7061,-22.5633],[-55.7061,-22.5631]]],[[[-55.7075,-22.5651],[-55.707,-22.565],[-55.7069,-22.5652],[-55.7074,-22.5653],[-55.7075,-22.5651]]],[[[-55.7117,-22.5611],[-55.7114,-22.5612],[-55.7111,-22.5608],[-55.7101,-22.5608],[-55.7099,-22.5606],[-55.7095,-22.5606],[-55.7092,-22.5609],[-55.7092,-22.5613],[-55.7101,-22.5619],[-55.7104,-22.5617],[-55.7109,-22.5619],[-55.7119,-22.5619],[-55.7119,-22.5613],[-55.7125,-22.5608],[-55.7125,-22.5603],[-55.712,-22.5603],[-55.7117,-22.5611]]],[[[-55.7111,-22.507],[-55.7106,-22.5069],[-55.7106,-22.5072],[-55.7111,-22.5072],[-55.7111,-22.507]]],[[[-55.7122,-22.5592],[-55.7109,-22.5589],[-55.7108,-22.5594],[-55.7122,-22.5597],[-55.7122,-22.5592]]],[[[-55.7136,-22.5345],[-55.7134,-22.5344],[-55.7133,-22.5347],[-55.7136,-22.5347],[-55.7136,-22.5345]]],[[[-55.7153,-22.6034],[-55.7144,-22.6037],[-55.7145,-22.6039],[-55.715,-22.604],[-55.7149,-22.6044],[-55.7143,-22.6044],[-55.7141,-22.6039],[-55.7136,-22.6044],[-55.7142,-22.6046],[-55.7142,-22.605],[-55.7147,-22.605],[-55.7153,-22.6044],[-55.7153,-22.6034]]],[[[-55.7149,-22.5094],[-55.7147,-22.5086],[-55.7142,-22.5086],[-55.7139,-22.5094],[-55.7146,-22.5092],[-55.7149,-22.5094]]],[[[-55.7145,-22.5031],[-55.7147,-22.5038],[-55.7152,-22.5039],[-55.7153,-22.5031],[-55.7145,-22.5031]]],[[[-55.7147,-22.4888],[-55.7151,-22.4892],[-55.7174,-22.4892],[-55.7175,-22.4897],[-55.7181,-22.4901],[-55.7178,-22.4908],[-55.7183,-22.4908],[-55.7185,-22.4903],[-55.7192,-22.4902],[-55.7189,-22.4892],[-55.7185,-22.4892],[-55.7181,-22.4887],[-55.7177,-22.4878],[-55.7174,-22.4881],[-55.7169,-22.4878],[-55.7153,-22.4878],[-55.7147,-22.4881],[-55.7147,-22.4888]]],[[[-55.718,-22.5817],[-55.718,-22.5811],[-55.7171,-22.5808],[-55.7169,-22.5806],[-55.7164,-22.5806],[-55.7164,-22.5811],[-55.717,-22.5817],[-55.718,-22.5817]]],[[[-55.7192,-22.5856],[-55.7189,-22.5856],[-55.7189,-22.5858],[-55.7191,-22.5858],[-55.7192,-22.5856]]],[[[-55.7188,-22.5853],[-55.7188,-22.585],[-55.7182,-22.585],[-55.718,-22.5847],[-55.7172,-22.5848],[-55.7178,-22.5853],[-55.7188,-22.5853]]],[[[-55.7174,-22.5169],[-55.7175,-22.5164],[-55.7173,-22.5164],[-55.7172,-22.5169],[-55.7174,-22.5169]]],[[[-55.7181,-22.5198],[-55.7178,-22.5198],[-55.7178,-22.5203],[-55.7181,-22.5202],[-55.7181,-22.5198]]],[[[-55.7183,-22.5159],[-55.7181,-22.5158],[-55.7181,-22.5161],[-55.7183,-22.5161],[-55.7183,-22.5159]]],[[[-55.7202,-22.4819],[-55.7203,-22.4814],[-55.7201,-22.4814],[-55.72,-22.4819],[-55.7202,-22.4819]]],[[[-55.7208,-22.5864],[-55.7202,-22.5861],[-55.72,-22.5862],[-55.7203,-22.5867],[-55.7208,-22.5867],[-55.7208,-22.5864]]],[[[-55.7219,-22.5845],[-55.7213,-22.5839],[-55.7222,-22.5833],[-55.7222,-22.5826],[-55.7219,-22.5822],[-55.7214,-22.5822],[-55.7217,-22.5832],[-55.7213,-22.5834],[-55.7209,-22.5833],[-55.7208,-22.5837],[-55.7203,-22.5839],[-55.7203,-22.5841],[-55.7206,-22.5844],[-55.7212,-22.5844],[-55.7214,-22.5847],[-55.7219,-22.5847],[-55.7219,-22.5845]]],[[[-55.7211,-22.4813],[-55.7214,-22.4817],[-55.7217,-22.4816],[-55.7216,-22.4811],[-55.7212,-22.4811],[-55.7211,-22.4813]]],[[[-55.7213,-22.5258],[-55.7214,-22.5253],[-55.7212,-22.5253],[-55.7211,-22.5258],[-55.7213,-22.5258]]],[[[-55.7228,-22.5878],[-55.7226,-22.5878],[-55.7219,-22.5886],[-55.7222,-22.5886],[-55.7228,-22.5878]]],[[[-55.723,-22.5842],[-55.7233,-22.5836],[-55.7226,-22.5836],[-55.7222,-22.5841],[-55.723,-22.5842]]],[[[-55.7228,-22.5003],[-55.7226,-22.5003],[-55.7225,-22.5005],[-55.7227,-22.5006],[-55.7228,-22.5003]]],[[[-55.7239,-22.4934],[-55.7228,-22.4933],[-55.7228,-22.4936],[-55.7238,-22.4936],[-55.7239,-22.4934]]],[[[-55.7233,-22.5164],[-55.7231,-22.5164],[-55.7231,-22.5166],[-55.7233,-22.5167],[-55.7233,-22.5164]]],[[[-55.7239,-22.5046],[-55.7242,-22.5042],[-55.7239,-22.504],[-55.7239,-22.5034],[-55.7237,-22.5033],[-55.7233,-22.5037],[-55.7236,-22.5044],[-55.7231,-22.5044],[-55.7231,-22.5047],[-55.7239,-22.5046]]],[[[-55.7236,-22.4994],[-55.7236,-22.4992],[-55.7234,-22.4992],[-55.7233,-22.4994],[-55.7236,-22.4994]]],[[[-55.7239,-22.5867],[-55.7237,-22.5867],[-55.7236,-22.5869],[-55.7238,-22.5869],[-55.7239,-22.5867]]],[[[-55.7244,-22.5839],[-55.7242,-22.5839],[-55.7242,-22.5841],[-55.7244,-22.5842],[-55.7244,-22.5839]]],[[[-55.725,-22.5749],[-55.7247,-22.5744],[-55.7244,-22.5745],[-55.7248,-22.575],[-55.725,-22.5749]]],[[[-55.7253,-22.5051],[-55.7245,-22.505],[-55.7244,-22.5052],[-55.725,-22.5053],[-55.725,-22.5058],[-55.7252,-22.5058],[-55.7253,-22.5051]]],[[[-55.7247,-22.5315],[-55.7253,-22.5313],[-55.7252,-22.5308],[-55.7244,-22.5314],[-55.7245,-22.5319],[-55.7247,-22.5319],[-55.7247,-22.5315]]],[[[-55.7255,-22.5042],[-55.7256,-22.5039],[-55.7253,-22.5039],[-55.7253,-22.5041],[-55.7255,-22.5042]]],[[[-55.7264,-22.4989],[-55.7259,-22.4989],[-55.7258,-22.4991],[-55.7263,-22.4992],[-55.7264,-22.4989]]],[[[-55.7267,-22.5306],[-55.7264,-22.5306],[-55.7264,-22.5308],[-55.7266,-22.5308],[-55.7267,-22.5306]]],[[[-55.7281,-22.5951],[-55.7275,-22.5951],[-55.7279,-22.5955],[-55.7278,-22.5961],[-55.7281,-22.5961],[-55.7281,-22.5951]]],[[[-55.7286,-22.5237],[-55.7281,-22.5236],[-55.7281,-22.5238],[-55.7286,-22.5239],[-55.7286,-22.5237]]],[[[-55.7297,-22.5253],[-55.7295,-22.5253],[-55.7294,-22.5255],[-55.7297,-22.5256],[-55.7297,-22.5253]]],[[[-55.7299,-22.5917],[-55.73,-22.5912],[-55.7298,-22.5911],[-55.7297,-22.5916],[-55.7299,-22.5917]]],[[[-55.7324,-22.5544],[-55.7322,-22.5536],[-55.7317,-22.5536],[-55.7317,-22.5541],[-55.732,-22.5544],[-55.7324,-22.5544]]],[[[-55.7328,-22.5794],[-55.7338,-22.5794],[-55.7339,-22.5789],[-55.7331,-22.5783],[-55.7325,-22.5787],[-55.7325,-22.5791],[-55.7328,-22.5794]]],[[[-55.7325,-22.5795],[-55.7319,-22.5795],[-55.732,-22.5803],[-55.7322,-22.5802],[-55.7325,-22.5795]]],[[[-55.7336,-22.5778],[-55.7339,-22.5773],[-55.7336,-22.5769],[-55.7331,-22.5769],[-55.7328,-22.5774],[-55.7336,-22.5778]]],[[[-55.7341,-22.5217],[-55.7342,-22.5214],[-55.7339,-22.5214],[-55.7339,-22.5216],[-55.7341,-22.5217]]],[[[-55.7342,-22.5142],[-55.7339,-22.5142],[-55.7339,-22.5144],[-55.7341,-22.5144],[-55.7342,-22.5142]]],[[[-55.7361,-22.5712],[-55.7356,-22.5711],[-55.735,-22.5719],[-55.7352,-22.5719],[-55.7361,-22.5712]]],[[[-55.7367,-22.5742],[-55.7366,-22.5736],[-55.7358,-22.5737],[-55.7364,-22.5744],[-55.7367,-22.5742]]],[[[-55.7376,-22.5692],[-55.7372,-22.5686],[-55.7369,-22.5687],[-55.7375,-22.5693],[-55.7376,-22.57],[-55.7381,-22.5697],[-55.7381,-22.5692],[-55.7376,-22.5692]]],[[[-55.7378,-22.5656],[-55.7376,-22.5656],[-55.7375,-22.5658],[-55.7377,-22.5658],[-55.7378,-22.5656]]],[[[-55.7381,-22.5642],[-55.7377,-22.5639],[-55.7375,-22.5639],[-55.7378,-22.5644],[-55.7381,-22.5642]]],[[[-55.7397,-22.5742],[-55.7389,-22.5742],[-55.7389,-22.5744],[-55.7397,-22.5744],[-55.7397,-22.5742]]],[[[-55.7392,-22.5481],[-55.7389,-22.5481],[-55.7389,-22.5483],[-55.7391,-22.5483],[-55.7392,-22.5481]]],[[[-55.74,-22.5784],[-55.7395,-22.5783],[-55.7394,-22.5786],[-55.7399,-22.5786],[-55.74,-22.5784]]],[[[-55.7403,-22.4889],[-55.74,-22.4889],[-55.7401,-22.4894],[-55.7403,-22.4894],[-55.7403,-22.4889]]],[[[-55.7411,-22.5753],[-55.7409,-22.5753],[-55.7408,-22.5755],[-55.7411,-22.5756],[-55.7411,-22.5753]]],[[[-55.7408,-22.575],[-55.7408,-22.5748],[-55.7406,-22.5747],[-55.7406,-22.5749],[-55.7408,-22.575]]],[[[-55.7416,-22.5528],[-55.7417,-22.5526],[-55.7414,-22.5525],[-55.7414,-22.5527],[-55.7416,-22.5528]]],[[[-55.7417,-22.5537],[-55.7414,-22.5536],[-55.7414,-22.5538],[-55.7416,-22.5539],[-55.7417,-22.5537]]],[[[-55.7425,-22.582],[-55.7423,-22.5819],[-55.7422,-22.5822],[-55.7424,-22.5822],[-55.7425,-22.582]]],[[[-55.7425,-22.5706],[-55.7423,-22.5706],[-55.7422,-22.5708],[-55.7424,-22.5708],[-55.7425,-22.5706]]],[[[-55.7428,-22.5547],[-55.7439,-22.5544],[-55.7438,-22.5539],[-55.7428,-22.5545],[-55.7428,-22.5547]]],[[[-55.7433,-22.5811],[-55.7438,-22.5811],[-55.7439,-22.5809],[-55.7434,-22.5806],[-55.7433,-22.5811]]],[[[-55.745,-22.5164],[-55.7447,-22.5161],[-55.7444,-22.5162],[-55.7448,-22.5167],[-55.745,-22.5164]]],[[[-55.7456,-22.5178],[-55.7445,-22.5178],[-55.7444,-22.518],[-55.7452,-22.5183],[-55.7456,-22.5178]]],[[[-55.7458,-22.5637],[-55.7456,-22.5636],[-55.7456,-22.5638],[-55.7458,-22.5639],[-55.7458,-22.5637]]],[[[-55.7472,-22.5469],[-55.7464,-22.5458],[-55.7458,-22.5466],[-55.7465,-22.5464],[-55.7467,-22.5472],[-55.7469,-22.5472],[-55.7472,-22.5469]]],[[[-55.7464,-22.5534],[-55.7462,-22.5533],[-55.7458,-22.5537],[-55.7459,-22.5544],[-55.7461,-22.5544],[-55.7461,-22.5538],[-55.7464,-22.5534]]],[[[-55.7467,-22.5058],[-55.7469,-22.5058],[-55.7472,-22.5055],[-55.7472,-22.505],[-55.7467,-22.5051],[-55.7467,-22.5058]]],[[[-55.7478,-22.5688],[-55.7472,-22.5681],[-55.7469,-22.5681],[-55.7476,-22.5689],[-55.7478,-22.5688]]],[[[-55.7478,-22.5534],[-55.7473,-22.5533],[-55.7472,-22.5536],[-55.7477,-22.5536],[-55.7478,-22.5534]]],[[[-55.7478,-22.5676],[-55.7476,-22.5675],[-55.7475,-22.5677],[-55.7477,-22.5678],[-55.7478,-22.5676]]],[[[-55.7484,-22.5703],[-55.7484,-22.5706],[-55.7491,-22.5706],[-55.7493,-22.5703],[-55.7497,-22.5703],[-55.7497,-22.5695],[-55.7492,-22.5692],[-55.7492,-22.5696],[-55.7484,-22.5703]]],[[[-55.7492,-22.5301],[-55.7486,-22.5297],[-55.7483,-22.5298],[-55.7487,-22.5303],[-55.7491,-22.5303],[-55.7492,-22.5301]]],[[[-55.7486,-22.5683],[-55.7489,-22.5686],[-55.7494,-22.5686],[-55.7499,-22.5681],[-55.7503,-22.568],[-55.7506,-22.5673],[-55.7498,-22.5672],[-55.7496,-22.5675],[-55.7492,-22.5675],[-55.7486,-22.5683]]],[[[-55.7489,-22.4787],[-55.7487,-22.4786],[-55.7486,-22.4788],[-55.7488,-22.4789],[-55.7489,-22.4787]]],[[[-55.7492,-22.5287],[-55.7489,-22.5286],[-55.7489,-22.5288],[-55.7491,-22.5289],[-55.7492,-22.5287]]],[[[-55.7503,-22.5051],[-55.7492,-22.505],[-55.7492,-22.5052],[-55.7502,-22.5053],[-55.7503,-22.5051]]],[[[-55.7497,-22.5294],[-55.7497,-22.5292],[-55.7495,-22.5292],[-55.7494,-22.5294],[-55.7497,-22.5294]]],[[[-55.7497,-22.5806],[-55.7497,-22.5803],[-55.7495,-22.5803],[-55.7494,-22.5805],[-55.7497,-22.5806]]],[[[-55.7506,-22.4784],[-55.7501,-22.4783],[-55.75,-22.4786],[-55.7505,-22.4786],[-55.7506,-22.4784]]],[[[-55.7506,-22.5281],[-55.7502,-22.5278],[-55.75,-22.5278],[-55.7503,-22.5283],[-55.7506,-22.5281]]],[[[-55.7503,-22.5076],[-55.7501,-22.5075],[-55.75,-22.5077],[-55.7502,-22.5078],[-55.7503,-22.5076]]],[[[-55.7511,-22.4896],[-55.7518,-22.4894],[-55.7523,-22.49],[-55.7531,-22.4899],[-55.753,-22.4897],[-55.7525,-22.4896],[-55.7524,-22.4892],[-55.7506,-22.4892],[-55.7503,-22.4895],[-55.7506,-22.49],[-55.7511,-22.49],[-55.7511,-22.4896]]],[[[-55.7511,-22.5637],[-55.7506,-22.5636],[-55.7503,-22.5639],[-55.7503,-22.5644],[-55.7508,-22.5644],[-55.7511,-22.5637]]],[[[-55.7506,-22.5308],[-55.7509,-22.5311],[-55.7511,-22.5311],[-55.7511,-22.5306],[-55.7506,-22.5306],[-55.7506,-22.5308]]],[[[-55.7508,-22.5592],[-55.7508,-22.5589],[-55.7506,-22.5589],[-55.7506,-22.5591],[-55.7508,-22.5592]]],[[[-55.7517,-22.5662],[-55.7511,-22.5656],[-55.7508,-22.5656],[-55.7514,-22.5664],[-55.7517,-22.5662]]],[[[-55.7514,-22.5292],[-55.7511,-22.5292],[-55.7512,-22.53],[-55.7514,-22.5299],[-55.7514,-22.5292]]],[[[-55.7517,-22.4869],[-55.7514,-22.4873],[-55.7514,-22.4878],[-55.7519,-22.4877],[-55.7519,-22.487],[-55.7517,-22.4869]]],[[[-55.7522,-22.5764],[-55.752,-22.5764],[-55.7519,-22.5766],[-55.7522,-22.5767],[-55.7522,-22.5764]]],[[[-55.7517,-22.5763],[-55.7516,-22.5761],[-55.7514,-22.5762],[-55.7514,-22.5764],[-55.7517,-22.5763]]],[[[-55.7522,-22.5628],[-55.752,-22.5628],[-55.7519,-22.563],[-55.7522,-22.5631],[-55.7522,-22.5628]]],[[[-55.7524,-22.5444],[-55.7525,-22.5442],[-55.7523,-22.5442],[-55.7522,-22.5444],[-55.7524,-22.5444]]],[[[-55.7528,-22.5381],[-55.7526,-22.5381],[-55.7525,-22.5383],[-55.7527,-22.5383],[-55.7528,-22.5381]]],[[[-55.7533,-22.5359],[-55.7528,-22.5358],[-55.7525,-22.5363],[-55.7533,-22.5361],[-55.7533,-22.5359]]],[[[-55.7531,-22.5448],[-55.7528,-22.5447],[-55.7528,-22.5449],[-55.753,-22.545],[-55.7531,-22.5448]]],[[[-55.7536,-22.5078],[-55.7532,-22.5069],[-55.7533,-22.5064],[-55.7531,-22.5064],[-55.7528,-22.5074],[-55.7531,-22.5078],[-55.7536,-22.5078]]],[[[-55.7533,-22.5744],[-55.7533,-22.5742],[-55.7531,-22.5742],[-55.7531,-22.5744],[-55.7533,-22.5744]]],[[[-55.7536,-22.5428],[-55.7531,-22.5428],[-55.7531,-22.543],[-55.7536,-22.5431],[-55.7536,-22.5428]]],[[[-55.7539,-22.5812],[-55.7537,-22.5811],[-55.7536,-22.5813],[-55.7538,-22.5814],[-55.7539,-22.5812]]],[[[-55.7544,-22.5398],[-55.7542,-22.5397],[-55.7539,-22.5402],[-55.7541,-22.5403],[-55.7544,-22.5398]]],[[[-55.7549,-22.55],[-55.7549,-22.5492],[-55.7542,-22.5492],[-55.7539,-22.5495],[-55.7542,-22.55],[-55.7549,-22.55]]],[[[-55.7553,-22.5381],[-55.7551,-22.5381],[-55.755,-22.5383],[-55.7552,-22.5383],[-55.7553,-22.5381]]],[[[-55.7556,-22.5431],[-55.7551,-22.5431],[-55.755,-22.5436],[-55.7555,-22.5436],[-55.7556,-22.5431]]],[[[-55.7556,-22.5195],[-55.7553,-22.5194],[-55.7553,-22.5197],[-55.7555,-22.5197],[-55.7556,-22.5195]]],[[[-55.7558,-22.5047],[-55.7555,-22.5042],[-55.7553,-22.5042],[-55.7556,-22.5047],[-55.7558,-22.5047]]],[[[-55.7555,-22.505],[-55.7553,-22.5051],[-55.7553,-22.5053],[-55.7556,-22.5052],[-55.7555,-22.505]]],[[[-55.7558,-22.5464],[-55.7556,-22.5464],[-55.7556,-22.5466],[-55.7558,-22.5467],[-55.7558,-22.5464]]],[[[-55.7563,-22.5822],[-55.7567,-22.5819],[-55.7566,-22.5814],[-55.756,-22.5819],[-55.7556,-22.582],[-55.7556,-22.5822],[-55.7563,-22.5822]]],[[[-55.7564,-22.507],[-55.7562,-22.5069],[-55.7561,-22.5072],[-55.7563,-22.5072],[-55.7564,-22.507]]],[[[-55.7558,-22.5069],[-55.7558,-22.5067],[-55.7556,-22.5067],[-55.7556,-22.5069],[-55.7558,-22.5069]]],[[[-55.7574,-22.5664],[-55.7574,-22.5661],[-55.7569,-22.5662],[-55.757,-22.5664],[-55.7574,-22.5664]]],[[[-55.7574,-22.545],[-55.7575,-22.5448],[-55.7573,-22.5447],[-55.7572,-22.5449],[-55.7574,-22.545]]],[[[-55.7575,-22.507],[-55.7572,-22.507],[-55.7573,-22.5075],[-55.7575,-22.5074],[-55.7575,-22.507]]],[[[-55.7581,-22.5062],[-55.7578,-22.5061],[-55.7578,-22.5063],[-55.758,-22.5064],[-55.7581,-22.5062]]],[[[-55.7586,-22.5526],[-55.7581,-22.5528],[-55.7581,-22.5531],[-55.7586,-22.553],[-55.7586,-22.5526]]],[[[-55.7581,-22.5447],[-55.7586,-22.5442],[-55.7584,-22.5442],[-55.7581,-22.5447]]],[[[-55.7594,-22.5537],[-55.7591,-22.5533],[-55.7589,-22.5534],[-55.7592,-22.5539],[-55.7594,-22.5537]]],[[[-55.7594,-22.5464],[-55.7592,-22.5464],[-55.7592,-22.5466],[-55.7594,-22.5467],[-55.7594,-22.5464]]],[[[-55.7594,-22.5686],[-55.7623,-22.5706],[-55.7636,-22.5706],[-55.764,-22.5703],[-55.7642,-22.5706],[-55.765,-22.5708],[-55.7649,-22.5703],[-55.764,-22.57],[-55.7636,-22.5694],[-55.7631,-22.5693],[-55.7633,-22.5688],[-55.7633,-22.5681],[-55.7628,-22.5681],[-55.7622,-22.5687],[-55.7621,-22.5692],[-55.7613,-22.5692],[-55.761,-22.5687],[-55.7614,-22.568],[-55.7614,-22.567],[-55.7595,-22.5672],[-55.7595,-22.5675],[-55.7601,-22.5675],[-55.7606,-22.5682],[-55.7601,-22.5686],[-55.7597,-22.5683],[-55.7594,-22.5686]]],[[[-55.7611,-22.5781],[-55.7609,-22.5781],[-55.7608,-22.5783],[-55.7611,-22.5783],[-55.7611,-22.5781]]],[[[-55.7631,-22.5581],[-55.7628,-22.5581],[-55.7628,-22.5583],[-55.763,-22.5583],[-55.7631,-22.5581]]],[[[-55.7642,-22.5592],[-55.7631,-22.5592],[-55.7631,-22.5594],[-55.7641,-22.5594],[-55.7642,-22.5592]]],[[[-55.7644,-22.5836],[-55.7644,-22.5834],[-55.7642,-22.5833],[-55.7642,-22.5836],[-55.7644,-22.5836]]],[[[-55.7952,-22.5956],[-55.7953,-22.5953],[-55.7951,-22.5953],[-55.795,-22.5955],[-55.7952,-22.5956]]]]}},{"type":"Feature","properties":{"ano":2005},"geometry":{"type":"MultiPolygon","coordinates":[[[[-55.6816,-22.5786],[-55.6819,-22.5781],[-55.6813,-22.5775],[-55.6809,-22.5775],[-55.6811,-22.5782],[-55.6808,-22.5786],[-55.6816,-22.5786]]],[[[-55.6806,-22.5783],[-55.6805,-22.5781],[-55.6797,-22.5779],[-55.6797,-22.5773],[-55.6794,-22.5769],[-55.6786,-22.577],[-55.6786,-22.5774],[-55.6792,-22.5779],[-55.6792,-22.5783],[-55.6802,-22.5786],[-55.6806,-22.5783]]],[[[-55.6789,-22.5808],[-55.6805,-22.5806],[-55.6806,-22.5803],[-55.6786,-22.5803],[-55.6789,-22.5808]]],[[[-55.6816,-22.5664],[-55.6817,-22.5662],[-55.6814,-22.5661],[-55.6814,-22.5663],[-55.6816,-22.5664]]],[[[-55.6852,-22.5864],[-55.6853,-22.5862],[-55.6851,-22.5861],[-55.685,-22.5863],[-55.6852,-22.5864]]],[[[-55.6862,-22.5733],[-55.6869,-22.5736],[-55.6869,-22.5729],[-55.6872,-22.5727],[-55.6869,-22.5722],[-55.6861,-22.5723],[-55.6862,-22.5725],[-55.6867,-22.5726],[-55.6865,-22.5731],[-55.6861,-22.5731],[-55.6862,-22.5733]]],[[[-55.6908,-22.5478],[-55.6908,-22.5475],[-55.6903,-22.5476],[-55.6903,-22.5478],[-55.6908,-22.5478]]],[[[-55.6913,-22.5447],[-55.6914,-22.5445],[-55.6912,-22.5444],[-55.6911,-22.5447],[-55.6913,-22.5447]]],[[[-55.6956,-22.5717],[-55.6956,-22.5724],[-55.6961,-22.5725],[-55.6958,-22.5717],[-55.6956,-22.5717]]],[[[-55.6997,-22.5527],[-55.6997,-22.552],[-55.6993,-22.5516],[-55.6994,-22.5512],[-55.6989,-22.5511],[-55.6989,-22.5519],[-55.6993,-22.5519],[-55.6995,-22.5523],[-55.6992,-22.5531],[-55.6997,-22.5527]]],[[[-55.6988,-22.5508],[-55.6992,-22.5505],[-55.6992,-22.5501],[-55.6988,-22.5497],[-55.6985,-22.55],[-55.6976,-22.55],[-55.6972,-22.5503],[-55.6972,-22.551],[-55.6969,-22.5512],[-55.6964,-22.5511],[-55.6964,-22.5516],[-55.6972,-22.5517],[-55.6978,-22.5513],[-55.6975,-22.551],[-55.6976,-22.5503],[-55.6982,-22.5503],[-55.6984,-22.5508],[-55.6988,-22.5508]]],[[[-55.6969,-22.5497],[-55.6969,-22.5492],[-55.6967,-22.5492],[-55.6967,-22.5497],[-55.6969,-22.5497]]],[[[-55.6986,-22.5486],[-55.6986,-22.5484],[-55.6984,-22.5483],[-55.6983,-22.5486],[-55.6986,-22.5486]]],[[[-55.7058,-22.5633],[-55.7058,-22.5631],[-55.7056,-22.5631],[-55.7056,-22.5633],[-55.7058,-22.5633]]],[[[-55.7053,-22.563],[-55.7049,-22.5625],[-55.7045,-22.5625],[-55.7039,-22.5636],[-55.7049,-22.5636],[-55.7053,-22.563]]],[[[-55.7076,-22.555],[-55.7072,-22.5555],[-55.708,-22.5556],[-55.7081,-22.5551],[-55.7076,-22.555]]],[[[-55.7158,-22.505],[-55.7158,-22.5047],[-55.715,-22.5048],[-55.7151,-22.505],[-55.7158,-22.505]]],[[[-55.7174,-22.5714],[-55.7175,-22.5712],[-55.7173,-22.5711],[-55.7172,-22.5713],[-55.7174,-22.5714]]],[[[-55.7183,-22.515],[-55.7183,-22.5148],[-55.7181,-22.5147],[-55.7181,-22.5149],[-55.7183,-22.515]]],[[[-55.7219,-22.4822],[-55.7219,-22.482],[-55.7217,-22.4819],[-55.7217,-22.4822],[-55.7219,-22.4822]]],[[[-55.7221,-22.5403],[-55.7223,-22.5406],[-55.7233,-22.5406],[-55.7236,-22.5401],[-55.7232,-22.54],[-55.7223,-22.5392],[-55.7217,-22.5401],[-55.7217,-22.5403],[-55.7221,-22.5403]]],[[[-55.7233,-22.5169],[-55.7233,-22.5167],[-55.7231,-22.5167],[-55.7231,-22.5169],[-55.7233,-22.5169]]],[[[-55.7241,-22.5047],[-55.7241,-22.5044],[-55.7233,-22.5045],[-55.7234,-22.505],[-55.7239,-22.5046],[-55.7241,-22.5047]]],[[[-55.7241,-22.5161],[-55.7242,-22.5159],[-55.7239,-22.5158],[-55.7239,-22.5161],[-55.7241,-22.5161]]],[[[-55.7252,-22.5042],[-55.7252,-22.5039],[-55.7244,-22.5039],[-55.7245,-22.5042],[-55.7252,-22.5042]]],[[[-55.7252,-22.5753],[-55.7253,-22.5751],[-55.7251,-22.575],[-55.725,-22.5752],[-55.7252,-22.5753]]],[[[-55.7255,-22.5281],[-55.7256,-22.5278],[-55.7253,-22.5278],[-55.7253,-22.528],[-55.7255,-22.5281]]],[[[-55.7261,-22.4994],[-55.7261,-22.4992],[-55.7259,-22.4992],[-55.7258,-22.4994],[-55.7261,-22.4994]]],[[[-55.7267,-22.53],[-55.7267,-22.5306],[-55.7271,-22.5303],[-55.7281,-22.5302],[-55.728,-22.53],[-55.7267,-22.53]]],[[[-55.7294,-22.5256],[-55.7294,-22.5248],[-55.7291,-22.5244],[-55.7281,-22.5245],[-55.7281,-22.5253],[-55.7283,-22.5252],[-55.7282,-22.5248],[-55.7289,-22.5247],[-55.7287,-22.5258],[-55.7291,-22.5258],[-55.7294,-22.5256]]],[[[-55.7308,-22.5208],[-55.7308,-22.5206],[-55.7306,-22.5206],[-55.7306,-22.5208],[-55.7308,-22.5208]]],[[[-55.7328,-22.5711],[-55.7328,-22.5713],[-55.7333,-22.5717],[-55.7333,-22.5712],[-55.7328,-22.5711]]],[[[-55.7344,-22.5883],[-55.7344,-22.5878],[-55.7342,-22.5878],[-55.7342,-22.5883],[-55.7344,-22.5883]]],[[[-55.7355,-22.5714],[-55.7356,-22.5712],[-55.7353,-22.5711],[-55.7353,-22.5713],[-55.7355,-22.5714]]],[[[-55.7372,-22.5634],[-55.7369,-22.5631],[-55.7362,-22.5631],[-55.7358,-22.5636],[-55.7363,-22.5636],[-55.7368,-22.5633],[-55.7372,-22.5636],[-55.7372,-22.5634]]],[[[-55.7363,-22.5731],[-55.7364,-22.5728],[-55.7362,-22.5728],[-55.7361,-22.573],[-55.7363,-22.5731]]],[[[-55.7369,-22.5717],[-55.7369,-22.5712],[-55.7367,-22.5711],[-55.7367,-22.5716],[-55.7369,-22.5717]]],[[[-55.7372,-22.5644],[-55.7372,-22.5642],[-55.737,-22.5642],[-55.7369,-22.5644],[-55.7372,-22.5644]]],[[[-55.7383,-22.4647],[-55.7383,-22.4644],[-55.7378,-22.4645],[-55.7378,-22.4647],[-55.7383,-22.4647]]],[[[-55.7394,-22.5785],[-55.7397,-22.5778],[-55.7389,-22.5778],[-55.7389,-22.5792],[-55.7397,-22.5788],[-55.7394,-22.5785]]],[[[-55.7386,-22.5792],[-55.7383,-22.5792],[-55.7384,-22.5797],[-55.7389,-22.5797],[-55.7386,-22.5792]]],[[[-55.7405,-22.5119],[-55.7406,-22.5117],[-55.7403,-22.5117],[-55.7403,-22.5119],[-55.7405,-22.5119]]],[[[-55.7413,-22.5119],[-55.7414,-22.5117],[-55.7412,-22.5117],[-55.7411,-22.5119],[-55.7413,-22.5119]]],[[[-55.7416,-22.5128],[-55.7417,-22.5126],[-55.7414,-22.5125],[-55.7414,-22.5127],[-55.7416,-22.5128]]],[[[-55.7419,-22.5883],[-55.7419,-22.5878],[-55.7417,-22.5878],[-55.7417,-22.5883],[-55.7419,-22.5883]]],[[[-55.7422,-22.5825],[-55.7422,-22.5823],[-55.742,-22.5822],[-55.7419,-22.5824],[-55.7422,-22.5825]]],[[[-55.7438,-22.5681],[-55.7439,-22.5676],[-55.7437,-22.5675],[-55.7436,-22.568],[-55.7438,-22.5681]]],[[[-55.7436,-22.5683],[-55.7433,-22.5684],[-55.7434,-22.5686],[-55.7436,-22.5686],[-55.7436,-22.5683]]],[[[-55.7433,-22.5689],[-55.7431,-22.5689],[-55.7431,-22.5692],[-55.7433,-22.5691],[-55.7433,-22.5689]]],[[[-55.7438,-22.5181],[-55.7436,-22.5175],[-55.7431,-22.5176],[-55.7431,-22.518],[-55.7434,-22.5183],[-55.745,-22.5183],[-55.7449,-22.5181],[-55.7438,-22.5181]]],[[[-55.7439,-22.4894],[-55.7441,-22.4894],[-55.7442,-22.4892],[-55.7439,-22.4892],[-55.7439,-22.4894]]],[[[-55.7445,-22.5233],[-55.7444,-22.5236],[-55.7449,-22.5239],[-55.745,-22.5234],[-55.7445,-22.5233]]],[[[-55.7458,-22.4861],[-55.7455,-22.4856],[-55.745,-22.4856],[-55.7453,-22.4861],[-55.7458,-22.4861]]],[[[-55.7461,-22.5639],[-55.7461,-22.5637],[-55.7459,-22.5636],[-55.7458,-22.5638],[-55.7461,-22.5639]]],[[[-55.7466,-22.5467],[-55.7467,-22.5464],[-55.7464,-22.5464],[-55.7464,-22.5466],[-55.7466,-22.5467]]],[[[-55.7476,-22.5539],[-55.7469,-22.5531],[-55.7464,-22.5534],[-55.7464,-22.5536],[-55.7471,-22.5536],[-55.748,-22.5544],[-55.7481,-22.5539],[-55.7476,-22.5539]]],[[[-55.7469,-22.5475],[-55.7469,-22.5473],[-55.7467,-22.5472],[-55.7467,-22.5474],[-55.7469,-22.5475]]],[[[-55.748,-22.5611],[-55.7474,-22.5603],[-55.7469,-22.5603],[-55.7473,-22.5611],[-55.748,-22.5611]]],[[[-55.7486,-22.5699],[-55.7492,-22.5695],[-55.7489,-22.5694],[-55.7486,-22.5699]]],[[[-55.7483,-22.5697],[-55.7481,-22.5693],[-55.7481,-22.5687],[-55.7478,-22.5686],[-55.7478,-22.5696],[-55.7472,-22.5698],[-55.7472,-22.5702],[-55.7474,-22.5703],[-55.7483,-22.5697]]],[[[-55.748,-22.5681],[-55.7481,-22.5678],[-55.7478,-22.5678],[-55.7478,-22.568],[-55.748,-22.5681]]],[[[-55.7489,-22.5051],[-55.7482,-22.505],[-55.748,-22.5047],[-55.7478,-22.5048],[-55.7481,-22.5053],[-55.7488,-22.5053],[-55.7489,-22.5051]]],[[[-55.7484,-22.5386],[-55.7483,-22.5391],[-55.7486,-22.5392],[-55.7489,-22.5387],[-55.7484,-22.5386]]],[[[-55.7492,-22.5291],[-55.7492,-22.5284],[-55.7489,-22.5283],[-55.7489,-22.5292],[-55.7492,-22.5291]]],[[[-55.7491,-22.5272],[-55.7492,-22.527],[-55.7489,-22.5269],[-55.7489,-22.5272],[-55.7491,-22.5272]]],[[[-55.7494,-22.5706],[-55.7494,-22.5703],[-55.7492,-22.5703],[-55.7492,-22.5705],[-55.7494,-22.5706]]],[[[-55.7511,-22.5347],[-55.7511,-22.5345],[-55.7505,-22.5339],[-55.7508,-22.5336],[-55.7508,-22.5333],[-55.7501,-22.5333],[-55.7494,-22.5339],[-55.7495,-22.5342],[-55.7501,-22.5342],[-55.7511,-22.5347]]],[[[-55.7499,-22.5697],[-55.75,-22.5695],[-55.7498,-22.5694],[-55.7497,-22.5697],[-55.7499,-22.5697]]],[[[-55.7503,-22.5806],[-55.7499,-22.5803],[-55.7497,-22.5803],[-55.7501,-22.5808],[-55.7503,-22.5806]]],[[[-55.7502,-22.5081],[-55.7503,-22.5078],[-55.7501,-22.5078],[-55.75,-22.508],[-55.7502,-22.5081]]],[[[-55.7505,-22.5453],[-55.7506,-22.5451],[-55.7503,-22.545],[-55.7503,-22.5452],[-55.7505,-22.5453]]],[[[-55.7513,-22.5672],[-55.7519,-22.5663],[-55.7519,-22.565],[-55.7517,-22.5651],[-55.7515,-22.5656],[-55.7511,-22.5656],[-55.7515,-22.5661],[-55.7508,-22.5667],[-55.7506,-22.5674],[-55.7513,-22.5672]]],[[[-55.7505,-22.5678],[-55.7503,-22.5678],[-55.7503,-22.5686],[-55.7506,-22.5686],[-55.7505,-22.5678]]],[[[-55.7517,-22.5314],[-55.7514,-22.5312],[-55.7514,-22.5306],[-55.7511,-22.5303],[-55.7506,-22.5303],[-55.7506,-22.5306],[-55.7511,-22.5307],[-55.7511,-22.5313],[-55.7514,-22.5317],[-55.7517,-22.5314]]],[[[-55.7519,-22.4895],[-55.7512,-22.4894],[-55.7511,-22.4899],[-55.7522,-22.49],[-55.7519,-22.4895]]],[[[-55.7517,-22.5633],[-55.7522,-22.5626],[-55.752,-22.5625],[-55.7517,-22.5628],[-55.7517,-22.5633]]],[[[-55.7524,-22.5767],[-55.7525,-22.5764],[-55.7523,-22.5764],[-55.7522,-22.5766],[-55.7524,-22.5767]]],[[[-55.7519,-22.5763],[-55.7519,-22.5761],[-55.7517,-22.5762],[-55.7517,-22.5764],[-55.7519,-22.5763]]],[[[-55.7522,-22.5603],[-55.7522,-22.5601],[-55.752,-22.56],[-55.7519,-22.5602],[-55.7522,-22.5603]]],[[[-55.7529,-22.5347],[-55.7527,-22.5344],[-55.7525,-22.5345],[-55.7526,-22.5353],[-55.753,-22.5353],[-55.7533,-22.5349],[-55.7533,-22.5347],[-55.7529,-22.5347]]],[[[-55.753,-22.5433],[-55.7531,-22.5431],[-55.7528,-22.5431],[-55.7528,-22.5433],[-55.753,-22.5433]]],[[[-55.753,-22.5606],[-55.7531,-22.5603],[-55.7528,-22.5603],[-55.7528,-22.5605],[-55.753,-22.5606]]],[[[-55.7533,-22.5447],[-55.7533,-22.5444],[-55.7528,-22.5445],[-55.7528,-22.5447],[-55.7533,-22.5447]]],[[[-55.7563,-22.5781],[-55.7564,-22.5778],[-55.7562,-22.5778],[-55.7561,-22.578],[-55.7563,-22.5781]]],[[[-55.7577,-22.5528],[-55.7578,-22.5526],[-55.7576,-22.5525],[-55.7575,-22.5527],[-55.7577,-22.5528]]],[[[-55.7588,-22.5533],[-55.7589,-22.5531],[-55.7587,-22.5531],[-55.7586,-22.5533],[-55.7588,-22.5533]]],[[[-55.7605,-22.5428],[-55.7606,-22.5426],[-55.7603,-22.5425],[-55.7603,-22.5427],[-55.7605,-22.5428]]],[[[-55.7631,-22.5694],[-55.7639,-22.57],[-55.7649,-22.5703],[-55.7651,-22.5708],[-55.7658,-22.5708],[-55.7658,-22.5695],[-55.7652,-22.5689],[-55.7634,-22.5681],[-55.7631,-22.5694]]],[[[-55.7631,-22.568],[-55.7622,-22.5669],[-55.7614,-22.5669],[-55.7614,-22.5677],[-55.7619,-22.5682],[-55.7619,-22.5685],[-55.7615,-22.5686],[-55.7612,-22.5683],[-55.7608,-22.5688],[-55.7612,-22.5692],[-55.7622,-22.5692],[-55.7622,-22.5688],[-55.7631,-22.568]]],[[[-55.7619,-22.5828],[-55.7619,-22.5826],[-55.7617,-22.5825],[-55.7617,-22.5827],[-55.7619,-22.5828]]],[[[-55.7624,-22.5714],[-55.7625,-22.5712],[-55.7623,-22.5711],[-55.7622,-22.5713],[-55.7624,-22.5714]]],[[[-55.7642,-22.5584],[-55.7635,-22.5583],[-55.763,-22.5578],[-55.7628,-22.5578],[-55.7634,-22.5586],[-55.7641,-22.5586],[-55.7642,-22.5584]]],[[[-55.7641,-22.5597],[-55.7644,-22.5592],[-55.7642,-22.5592],[-55.764,-22.5594],[-55.7634,-22.5594],[-55.7633,-22.5597],[-55.7641,-22.5597]]],[[[-55.7631,-22.5594],[-55.763,-22.5592],[-55.7628,-22.5592],[-55.7628,-22.5594],[-55.7631,-22.5594]]],[[[-55.7653,-22.5866],[-55.7659,-22.5869],[-55.7661,-22.5869],[-55.7661,-22.5859],[-55.7658,-22.5856],[-55.7653,-22.5856],[-55.7656,-22.5862],[-55.7653,-22.5866]]],[[[-55.7989,-22.5927],[-55.7991,-22.5928],[-55.7992,-22.5926],[-55.7989,-22.5925],[-55.7989,-22.5927]]],[[[-55.7994,-22.5919],[-55.7994,-22.5917],[-55.7992,-22.5917],[-55.7992,-22.5919],[-55.7994,-22.5919]]]]}},{"type":"Feature","properties":{"ano":2006},"geometry":{"type":"MultiPolygon","coordinates":[[[[-55.6724,-22.5917],[-55.6725,-22.5914],[-55.6723,-22.5914],[-55.6722,-22.5916],[-55.6724,-22.5917]]],[[[-55.6756,-22.5913],[-55.6758,-22.5914],[-55.6758,-22.5912],[-55.6756,-22.5911],[-55.6756,-22.5913]]],[[[-55.6789,-22.5808],[-55.6792,-22.5817],[-55.6806,-22.5811],[-55.6805,-22.5806],[-55.6801,-22.5806],[-55.6799,-22.5808],[-55.6792,-22.5806],[-55.6789,-22.5808]]],[[[-55.6802,-22.5789],[-55.6802,-22.5786],[-55.679,-22.5782],[-55.6792,-22.5778],[-55.6789,-22.5778],[-55.6789,-22.5786],[-55.6802,-22.5789]]],[[[-55.6808,-22.5778],[-55.6808,-22.5776],[-55.6806,-22.5775],[-55.6806,-22.5777],[-55.6808,-22.5778]]],[[[-55.6813,-22.5664],[-55.6814,-22.5662],[-55.6812,-22.5661],[-55.6811,-22.5663],[-55.6813,-22.5664]]],[[[-55.6833,-22.5836],[-55.6836,-22.5833],[-55.6836,-22.5828],[-55.6828,-22.5834],[-55.6828,-22.5836],[-55.6833,-22.5836]]],[[[-55.6836,-22.5803],[-55.6836,-22.5801],[-55.6834,-22.58],[-55.6833,-22.5802],[-55.6836,-22.5803]]],[[[-55.6847,-22.5802],[-55.6849,-22.5803],[-55.685,-22.5801],[-55.6848,-22.58],[-55.6847,-22.5802]]],[[[-55.6858,-22.5733],[-55.6867,-22.573],[-55.6867,-22.5726],[-55.6863,-22.5725],[-55.6858,-22.5719],[-55.6853,-22.5719],[-55.6853,-22.5722],[-55.6858,-22.5726],[-55.6858,-22.5733]]],[[[-55.6883,-22.5544],[-55.6883,-22.5542],[-55.6881,-22.5542],[-55.6881,-22.5544],[-55.6883,-22.5544]]],[[[-55.6919,-22.5447],[-55.6919,-22.5445],[-55.6917,-22.5444],[-55.6917,-22.5447],[-55.6919,-22.5447]]],[[[-55.6922,-22.5556],[-55.6922,-22.5553],[-55.692,-22.5553],[-55.6919,-22.5555],[-55.6922,-22.5556]]],[[[-55.7033,-22.5672],[-55.7036,-22.5669],[-55.7036,-22.5664],[-55.7026,-22.5664],[-55.7025,-22.5666],[-55.7033,-22.5672]]],[[[-55.7036,-22.5619],[-55.7036,-22.5617],[-55.7034,-22.5617],[-55.7033,-22.5619],[-55.7036,-22.5619]]],[[[-55.7069,-22.5552],[-55.7072,-22.5553],[-55.7072,-22.5551],[-55.707,-22.555],[-55.7069,-22.5552]]],[[[-55.7105,-22.5622],[-55.7105,-22.5619],[-55.7096,-22.5617],[-55.7088,-22.5608],[-55.7086,-22.5609],[-55.7086,-22.5613],[-55.7092,-22.5618],[-55.7092,-22.5622],[-55.7105,-22.5622]]],[[[-55.7111,-22.5292],[-55.7111,-22.5289],[-55.7109,-22.5289],[-55.7108,-22.5291],[-55.7111,-22.5292]]],[[[-55.7144,-22.5225],[-55.7144,-22.5222],[-55.7139,-22.5223],[-55.7139,-22.5225],[-55.7144,-22.5225]]],[[[-55.7155,-22.4894],[-55.7156,-22.4892],[-55.7153,-22.4892],[-55.7153,-22.4894],[-55.7155,-22.4894]]],[[[-55.7177,-22.5719],[-55.7178,-22.5717],[-55.7173,-22.5714],[-55.7172,-22.5716],[-55.7177,-22.5719]]],[[[-55.7239,-22.5317],[-55.7237,-22.5319],[-55.7233,-22.5317],[-55.7231,-22.5319],[-55.7234,-22.5322],[-55.7241,-22.5322],[-55.7242,-22.5317],[-55.7239,-22.5317]]],[[[-55.7233,-22.5609],[-55.7237,-22.5614],[-55.7241,-22.5614],[-55.7244,-22.5611],[-55.7244,-22.5606],[-55.7239,-22.5603],[-55.7233,-22.5609]]],[[[-55.7277,-22.5631],[-55.7278,-22.5626],[-55.7274,-22.5622],[-55.727,-22.5622],[-55.7269,-22.5624],[-55.7277,-22.5631]]],[[[-55.7283,-22.5775],[-55.7283,-22.5773],[-55.7281,-22.5772],[-55.7281,-22.5774],[-55.7283,-22.5775]]],[[[-55.7286,-22.5225],[-55.7286,-22.5222],[-55.7281,-22.5223],[-55.7281,-22.5225],[-55.7286,-22.5225]]],[[[-55.7308,-22.5211],[-55.7308,-22.5208],[-55.7303,-22.5209],[-55.7303,-22.5211],[-55.7308,-22.5211]]],[[[-55.7322,-22.5781],[-55.7322,-22.5778],[-55.732,-22.5778],[-55.7319,-22.578],[-55.7322,-22.5781]]],[[[-55.7323,-22.5803],[-55.7333,-22.5799],[-55.7333,-22.5794],[-55.7322,-22.5798],[-55.7323,-22.5803]]],[[[-55.7325,-22.5124],[-55.733,-22.5125],[-55.7331,-22.5123],[-55.7326,-22.5122],[-55.7325,-22.5124]]],[[[-55.7336,-22.515],[-55.7342,-22.5141],[-55.7341,-22.5139],[-55.7328,-22.5149],[-55.7336,-22.515]]],[[[-55.7347,-22.5886],[-55.7347,-22.5881],[-55.7345,-22.5881],[-55.7344,-22.5886],[-55.7347,-22.5886]]],[[[-55.7344,-22.5878],[-55.7344,-22.5876],[-55.7342,-22.5875],[-55.7342,-22.5877],[-55.7344,-22.5878]]],[[[-55.7383,-22.57],[-55.7383,-22.5698],[-55.7381,-22.5697],[-55.7381,-22.5699],[-55.7383,-22.57]]],[[[-55.7388,-22.5794],[-55.7389,-22.5784],[-55.7387,-22.5783],[-55.7383,-22.5787],[-55.7383,-22.5791],[-55.7388,-22.5794]]],[[[-55.7389,-22.5258],[-55.7391,-22.5258],[-55.7392,-22.5256],[-55.7389,-22.5256],[-55.7389,-22.5258]]],[[[-55.7397,-22.4914],[-55.7397,-22.4909],[-55.7395,-22.4908],[-55.7394,-22.4913],[-55.7397,-22.4914]]],[[[-55.7397,-22.585],[-55.7397,-22.5848],[-55.7395,-22.5847],[-55.7394,-22.5849],[-55.7397,-22.585]]],[[[-55.7405,-22.5544],[-55.7405,-22.5542],[-55.74,-22.5542],[-55.7401,-22.555],[-55.7403,-22.5549],[-55.7403,-22.5544],[-55.7405,-22.5544]]],[[[-55.7408,-22.5208],[-55.7408,-22.5206],[-55.7403,-22.5206],[-55.7403,-22.5208],[-55.7408,-22.5208]]],[[[-55.7416,-22.5708],[-55.7414,-22.5701],[-55.7409,-22.57],[-55.7408,-22.5705],[-55.7416,-22.5708]]],[[[-55.7417,-22.5872],[-55.7417,-22.5877],[-55.7422,-22.5881],[-55.7422,-22.5873],[-55.7417,-22.5872]]],[[[-55.742,-22.5825],[-55.7419,-22.583],[-55.7422,-22.5831],[-55.7425,-22.5826],[-55.742,-22.5825]]],[[[-55.7428,-22.5666],[-55.743,-22.5667],[-55.7431,-22.5664],[-55.7428,-22.5664],[-55.7428,-22.5666]]],[[[-55.7444,-22.4894],[-55.7444,-22.4883],[-55.7433,-22.4884],[-55.7436,-22.4888],[-55.7436,-22.4893],[-55.7433,-22.4895],[-55.7431,-22.4903],[-55.7439,-22.4902],[-55.7439,-22.4894],[-55.7444,-22.4894]]],[[[-55.7439,-22.5672],[-55.7442,-22.5672],[-55.7441,-22.5664],[-55.7436,-22.5664],[-55.7439,-22.5672]]],[[[-55.7436,-22.5673],[-55.7434,-22.5672],[-55.7433,-22.5674],[-55.7436,-22.5675],[-55.7436,-22.5673]]],[[[-55.7442,-22.5649],[-55.745,-22.5652],[-55.745,-22.5648],[-55.7445,-22.5644],[-55.7442,-22.5649]]],[[[-55.745,-22.4856],[-55.7445,-22.4856],[-55.7444,-22.4861],[-55.7452,-22.4861],[-55.745,-22.4856]]],[[[-55.7452,-22.5242],[-55.7453,-22.5239],[-55.7451,-22.5239],[-55.745,-22.5241],[-55.7452,-22.5242]]],[[[-55.7461,-22.5233],[-55.7455,-22.5225],[-55.7453,-22.5226],[-55.7453,-22.523],[-55.7456,-22.5233],[-55.7461,-22.5233]]],[[[-55.7463,-22.5636],[-55.7466,-22.5631],[-55.7462,-22.5631],[-55.7458,-22.5636],[-55.7463,-22.5636]]],[[[-55.7456,-22.5637],[-55.7453,-22.5636],[-55.7453,-22.5638],[-55.7455,-22.5639],[-55.7456,-22.5637]]],[[[-55.7469,-22.5244],[-55.7469,-22.5242],[-55.7464,-22.5243],[-55.7461,-22.5239],[-55.7458,-22.5239],[-55.7462,-22.5244],[-55.7469,-22.5244]]],[[[-55.7461,-22.5488],[-55.7463,-22.5489],[-55.7464,-22.5487],[-55.7462,-22.5486],[-55.7461,-22.5488]]],[[[-55.7471,-22.5544],[-55.7473,-22.5547],[-55.7478,-22.5547],[-55.7478,-22.5542],[-55.7469,-22.5533],[-55.7461,-22.5537],[-55.7462,-22.5547],[-55.7465,-22.5544],[-55.7471,-22.5544]]],[[[-55.7478,-22.5614],[-55.7472,-22.561],[-55.7472,-22.5606],[-55.7467,-22.5606],[-55.7475,-22.5615],[-55.7476,-22.5619],[-55.7478,-22.5619],[-55.7478,-22.5614]]],[[[-55.7486,-22.5706],[-55.7486,-22.5699],[-55.7489,-22.5695],[-55.7484,-22.5694],[-55.7479,-22.57],[-55.7476,-22.57],[-55.7467,-22.5711],[-55.7477,-22.571],[-55.7481,-22.5714],[-55.7485,-22.5711],[-55.7491,-22.5711],[-55.7492,-22.5706],[-55.7486,-22.5706]]],[[[-55.7472,-22.505],[-55.7472,-22.5048],[-55.747,-22.5047],[-55.7469,-22.5049],[-55.7472,-22.505]]],[[[-55.747,-22.5681],[-55.7475,-22.5677],[-55.7474,-22.5675],[-55.7469,-22.5678],[-55.747,-22.5681]]],[[[-55.7488,-22.4939],[-55.7488,-22.4936],[-55.7483,-22.4937],[-55.7484,-22.4939],[-55.7488,-22.4939]]],[[[-55.7496,-22.53],[-55.7503,-22.5306],[-55.7508,-22.5302],[-55.7508,-22.5298],[-55.7505,-22.5294],[-55.7487,-22.5292],[-55.7483,-22.5295],[-55.7487,-22.53],[-55.7496,-22.53]]],[[[-55.7497,-22.5276],[-55.7492,-22.5272],[-55.7492,-22.528],[-55.7494,-22.5281],[-55.7497,-22.5276]]],[[[-55.7497,-22.5089],[-55.7497,-22.5087],[-55.7495,-22.5086],[-55.7494,-22.5088],[-55.7497,-22.5089]]],[[[-55.7497,-22.5699],[-55.7499,-22.57],[-55.75,-22.5698],[-55.7498,-22.5697],[-55.7497,-22.5699]]],[[[-55.7502,-22.5183],[-55.7503,-22.5178],[-55.7501,-22.5178],[-55.7497,-22.5186],[-55.7502,-22.5183]]],[[[-55.7503,-22.5338],[-55.7505,-22.5339],[-55.7506,-22.5337],[-55.7503,-22.5336],[-55.7503,-22.5338]]],[[[-55.7516,-22.5669],[-55.7517,-22.5667],[-55.7514,-22.5667],[-55.7514,-22.5669],[-55.7516,-22.5669]]],[[[-55.7513,-22.5672],[-55.7509,-22.5672],[-55.7506,-22.5676],[-55.7503,-22.5689],[-55.7514,-22.5677],[-55.7513,-22.5672]]],[[[-55.7508,-22.5464],[-55.7508,-22.5462],[-55.7506,-22.5461],[-55.7506,-22.5463],[-55.7508,-22.5464]]],[[[-55.7511,-22.5283],[-55.7511,-22.5281],[-55.7506,-22.5281],[-55.7506,-22.5283],[-55.7511,-22.5283]]],[[[-55.7511,-22.565],[-55.7511,-22.5639],[-55.7509,-22.5639],[-55.7506,-22.5647],[-55.7511,-22.565]]],[[[-55.7511,-22.5086],[-55.7511,-22.5084],[-55.7509,-22.5083],[-55.7508,-22.5086],[-55.7511,-22.5086]]],[[[-55.7516,-22.5508],[-55.7517,-22.5506],[-55.7514,-22.5506],[-55.7514,-22.5508],[-55.7516,-22.5508]]],[[[-55.7519,-22.5308],[-55.7519,-22.5306],[-55.7517,-22.5306],[-55.7517,-22.5308],[-55.7519,-22.5308]]],[[[-55.7522,-22.5317],[-55.7522,-22.5314],[-55.7517,-22.5314],[-55.7517,-22.5317],[-55.7522,-22.5317]]],[[[-55.7522,-22.5658],[-55.7522,-22.5651],[-55.752,-22.565],[-55.7519,-22.5658],[-55.7522,-22.5658]]],[[[-55.7524,-22.5378],[-55.7525,-22.5373],[-55.7523,-22.5372],[-55.7522,-22.5377],[-55.7524,-22.5378]]],[[[-55.7525,-22.4738],[-55.7533,-22.4739],[-55.7533,-22.4737],[-55.7526,-22.4736],[-55.7525,-22.4738]]],[[[-55.7536,-22.5436],[-55.7536,-22.5431],[-55.7531,-22.5431],[-55.7531,-22.5436],[-55.7536,-22.5436]]],[[[-55.7536,-22.5353],[-55.7536,-22.5351],[-55.7534,-22.535],[-55.7533,-22.5352],[-55.7536,-22.5353]]],[[[-55.7544,-22.5419],[-55.7547,-22.5419],[-55.7547,-22.5417],[-55.7545,-22.5417],[-55.7544,-22.5419]]],[[[-55.7583,-22.5441],[-55.7594,-22.5442],[-55.7594,-22.5439],[-55.7584,-22.5439],[-55.7583,-22.5441]]],[[[-55.7614,-22.5669],[-55.7614,-22.5662],[-55.7608,-22.5656],[-55.7595,-22.5656],[-55.7589,-22.5662],[-55.7594,-22.5668],[-55.7595,-22.5672],[-55.7606,-22.5672],[-55.7605,-22.5669],[-55.76,-22.5668],[-55.7601,-22.5664],[-55.7611,-22.5664],[-55.7612,-22.5669],[-55.7614,-22.5669]]],[[[-55.7602,-22.5425],[-55.7603,-22.5423],[-55.7601,-22.5422],[-55.76,-22.5424],[-55.7602,-22.5425]]],[[[-55.7622,-22.5706],[-55.7622,-22.5703],[-55.762,-22.5703],[-55.7619,-22.5705],[-55.7622,-22.5706]]],[[[-55.7617,-22.5702],[-55.7616,-22.57],[-55.7614,-22.5701],[-55.7614,-22.5703],[-55.7617,-22.5702]]],[[[-55.7619,-22.5713],[-55.7622,-22.5714],[-55.7622,-22.5712],[-55.762,-22.5711],[-55.7619,-22.5713]]]]}},{"type":"Feature","properties":{"ano":2007},"geometry":{"type":"MultiPolygon","coordinates":[[[[-55.6766,-22.5778],[-55.6764,-22.5771],[-55.6767,-22.5769],[-55.6766,-22.5767],[-55.6759,-22.5767],[-55.6756,-22.577],[-55.6756,-22.5778],[-55.6766,-22.5778]]],[[[-55.6792,-22.5788],[-55.6792,-22.5781],[-55.6787,-22.5778],[-55.6786,-22.5783],[-55.6789,-22.5783],[-55.6789,-22.5789],[-55.6792,-22.5788]]],[[[-55.6797,-22.5817],[-55.6797,-22.5814],[-55.6795,-22.5814],[-55.6794,-22.5816],[-55.6797,-22.5817]]],[[[-55.6792,-22.5813],[-55.6791,-22.5811],[-55.6786,-22.5812],[-55.6787,-22.5814],[-55.6792,-22.5813]]],[[[-55.6808,-22.5778],[-55.6808,-22.5772],[-55.6804,-22.5772],[-55.6802,-22.5769],[-55.6794,-22.577],[-55.6797,-22.5774],[-55.6797,-22.578],[-55.6804,-22.5781],[-55.6806,-22.5786],[-55.6811,-22.5783],[-55.6811,-22.5778],[-55.6808,-22.5778]]],[[[-55.6802,-22.5792],[-55.6802,-22.5789],[-55.6797,-22.5789],[-55.6798,-22.5792],[-55.6802,-22.5792]]],[[[-55.6836,-22.58],[-55.6836,-22.5798],[-55.6834,-22.5797],[-55.6833,-22.5799],[-55.6836,-22.58]]],[[[-55.6842,-22.5806],[-55.6847,-22.5802],[-55.6847,-22.5797],[-55.6842,-22.5803],[-55.6842,-22.5806]]],[[[-55.6858,-22.5726],[-55.6852,-22.5719],[-55.6848,-22.5719],[-55.6847,-22.5727],[-55.6858,-22.5728],[-55.6858,-22.5726]]],[[[-55.6869,-22.5692],[-55.6872,-22.5687],[-55.687,-22.5686],[-55.6868,-22.5689],[-55.6859,-22.5689],[-55.6858,-22.5691],[-55.6869,-22.5692]]],[[[-55.6869,-22.5724],[-55.6872,-22.5725],[-55.6872,-22.5723],[-55.687,-22.5722],[-55.6869,-22.5724]]],[[[-55.6877,-22.5714],[-55.6878,-22.5712],[-55.6876,-22.5711],[-55.6875,-22.5713],[-55.6877,-22.5714]]],[[[-55.6875,-22.5547],[-55.688,-22.5547],[-55.6881,-22.5545],[-55.6876,-22.5544],[-55.6875,-22.5547]]],[[[-55.6891,-22.5803],[-55.6892,-22.5801],[-55.6889,-22.58],[-55.6889,-22.5802],[-55.6891,-22.5803]]],[[[-55.6911,-22.5447],[-55.6911,-22.5442],[-55.6909,-22.5442],[-55.6908,-22.5447],[-55.6911,-22.5447]]],[[[-55.6922,-22.5869],[-55.6922,-22.5867],[-55.692,-22.5867],[-55.6919,-22.5869],[-55.6922,-22.5869]]],[[[-55.6983,-22.5486],[-55.6983,-22.5484],[-55.6981,-22.5483],[-55.6981,-22.5486],[-55.6983,-22.5486]]],[[[-55.6986,-22.55],[-55.6986,-22.5498],[-55.6984,-22.5497],[-55.6983,-22.5499],[-55.6986,-22.55]]],[[[-55.6988,-22.5492],[-55.6989,-22.5489],[-55.6987,-22.5489],[-55.6986,-22.5491],[-55.6988,-22.5492]]],[[[-55.6992,-22.552],[-55.6989,-22.5518],[-55.6989,-22.5514],[-55.6987,-22.5514],[-55.6986,-22.5519],[-55.6989,-22.5522],[-55.6992,-22.552]]],[[[-55.7044,-22.5639],[-55.7044,-22.5636],[-55.7036,-22.5637],[-55.7037,-22.5639],[-55.7044,-22.5639]]],[[[-55.7047,-22.5608],[-55.7047,-22.5606],[-55.7045,-22.5606],[-55.7044,-22.5608],[-55.7047,-22.5608]]],[[[-55.7119,-22.5158],[-55.7119,-22.5156],[-55.7117,-22.5156],[-55.7117,-22.5158],[-55.7119,-22.5158]]],[[[-55.7124,-22.5136],[-55.7125,-22.5134],[-55.7123,-22.5133],[-55.7122,-22.5136],[-55.7124,-22.5136]]],[[[-55.7172,-22.5158],[-55.7165,-22.5158],[-55.7162,-22.5156],[-55.7158,-22.5163],[-55.7164,-22.5167],[-55.7172,-22.5167],[-55.7178,-22.5163],[-55.7178,-22.5159],[-55.7174,-22.5156],[-55.7172,-22.5158]]],[[[-55.7178,-22.5194],[-55.7178,-22.5197],[-55.7181,-22.52],[-55.7186,-22.5199],[-55.7186,-22.5194],[-55.7178,-22.5194]]],[[[-55.7306,-22.5238],[-55.7308,-22.5239],[-55.7308,-22.5237],[-55.7306,-22.5236],[-55.7306,-22.5238]]],[[[-55.7322,-22.5206],[-55.7322,-22.5203],[-55.7314,-22.5203],[-55.7314,-22.5206],[-55.7322,-22.5206]]],[[[-55.7311,-22.5206],[-55.7309,-22.5206],[-55.7308,-22.5208],[-55.7311,-22.5208],[-55.7311,-22.5206]]],[[[-55.7319,-22.5711],[-55.7322,-22.5711],[-55.7322,-22.5709],[-55.732,-22.5708],[-55.7319,-22.5711]]],[[[-55.7324,-22.5125],[-55.7324,-22.5122],[-55.7319,-22.5123],[-55.732,-22.5125],[-55.7324,-22.5125]]],[[[-55.7333,-22.5783],[-55.7333,-22.5778],[-55.7326,-22.5772],[-55.7322,-22.5776],[-55.7322,-22.578],[-55.7329,-22.5781],[-55.7333,-22.5783]]],[[[-55.7325,-22.5147],[-55.7333,-22.5147],[-55.7333,-22.5145],[-55.7326,-22.5144],[-55.7325,-22.5147]]],[[[-55.7336,-22.5797],[-55.7336,-22.5795],[-55.7334,-22.5794],[-55.7333,-22.5797],[-55.7336,-22.5797]]],[[[-55.7349,-22.5764],[-55.7353,-22.5756],[-55.7349,-22.5753],[-55.7345,-22.5753],[-55.7342,-22.5756],[-55.7342,-22.5764],[-55.7349,-22.5764]]],[[[-55.7386,-22.5144],[-55.7386,-22.5142],[-55.7384,-22.5142],[-55.7383,-22.5144],[-55.7386,-22.5144]]],[[[-55.7386,-22.57],[-55.7386,-22.5698],[-55.7384,-22.5697],[-55.7383,-22.5699],[-55.7386,-22.57]]],[[[-55.7397,-22.5111],[-55.7397,-22.5103],[-55.7392,-22.5103],[-55.7392,-22.5111],[-55.7397,-22.5111]]],[[[-55.7403,-22.5756],[-55.7397,-22.5753],[-55.7392,-22.5753],[-55.7402,-22.5764],[-55.7403,-22.5756]]],[[[-55.7397,-22.5094],[-55.7397,-22.5092],[-55.7395,-22.5092],[-55.7394,-22.5094],[-55.7397,-22.5094]]],[[[-55.7413,-22.5122],[-55.7413,-22.5119],[-55.7406,-22.512],[-55.7406,-22.5122],[-55.7413,-22.5122]]],[[[-55.7422,-22.5683],[-55.7422,-22.5681],[-55.742,-22.5681],[-55.7419,-22.5683],[-55.7422,-22.5683]]],[[[-55.7433,-22.4894],[-55.7436,-22.4894],[-55.7436,-22.4892],[-55.7434,-22.4892],[-55.7433,-22.4894]]],[[[-55.7454,-22.4872],[-55.7456,-22.4875],[-55.7458,-22.4874],[-55.7458,-22.4869],[-55.7434,-22.4869],[-55.7433,-22.4877],[-55.7441,-22.4878],[-55.7449,-22.4872],[-55.7454,-22.4872]]],[[[-55.7449,-22.5656],[-55.745,-22.5653],[-55.7447,-22.565],[-55.7439,-22.5651],[-55.7439,-22.5658],[-55.7442,-22.5658],[-55.7443,-22.5653],[-55.7449,-22.5656]]],[[[-55.7442,-22.5236],[-55.7442,-22.5242],[-55.745,-22.5241],[-55.7447,-22.5236],[-55.7442,-22.5236]]],[[[-55.7452,-22.5489],[-55.7453,-22.5487],[-55.7451,-22.5486],[-55.745,-22.5488],[-55.7452,-22.5489]]],[[[-55.7447,-22.5489],[-55.7445,-22.5489],[-55.7444,-22.5491],[-55.7447,-22.5492],[-55.7447,-22.5489]]],[[[-55.7447,-22.5636],[-55.7449,-22.5636],[-55.745,-22.5634],[-55.7448,-22.5633],[-55.7447,-22.5636]]],[[[-55.7455,-22.5628],[-55.7456,-22.5626],[-55.7453,-22.5625],[-55.7453,-22.5627],[-55.7455,-22.5628]]],[[[-55.7458,-22.5636],[-55.7458,-22.5634],[-55.7456,-22.5633],[-55.7456,-22.5636],[-55.7458,-22.5636]]],[[[-55.7466,-22.5258],[-55.7467,-22.5249],[-55.7469,-22.5247],[-55.7469,-22.5244],[-55.7464,-22.5244],[-55.7464,-22.5249],[-55.7458,-22.5253],[-55.7462,-22.5258],[-55.7466,-22.5258]]],[[[-55.7463,-22.5469],[-55.7464,-22.5464],[-55.7462,-22.5464],[-55.7461,-22.5469],[-55.7463,-22.5469]]],[[[-55.7467,-22.5712],[-55.7474,-22.5722],[-55.7481,-22.5716],[-55.7481,-22.5712],[-55.7477,-22.5708],[-55.7474,-22.5711],[-55.7467,-22.5712]]],[[[-55.7469,-22.5619],[-55.7475,-22.5614],[-55.7467,-22.5608],[-55.7467,-22.5613],[-55.7469,-22.5615],[-55.7469,-22.5619]]],[[[-55.7481,-22.5516],[-55.7481,-22.5503],[-55.7477,-22.55],[-55.7473,-22.55],[-55.7467,-22.5508],[-55.7476,-22.5508],[-55.7479,-22.5512],[-55.7478,-22.5517],[-55.7481,-22.5516]]],[[[-55.7472,-22.4769],[-55.7472,-22.4767],[-55.747,-22.4767],[-55.7469,-22.4769],[-55.7472,-22.4769]]],[[[-55.7472,-22.5533],[-55.7472,-22.5531],[-55.747,-22.5531],[-55.7469,-22.5533],[-55.7472,-22.5533]]],[[[-55.7472,-22.5547],[-55.7472,-22.5545],[-55.747,-22.5544],[-55.7469,-22.5547],[-55.7472,-22.5547]]],[[[-55.7483,-22.5269],[-55.7483,-22.5267],[-55.7481,-22.5267],[-55.7481,-22.5269],[-55.7483,-22.5269]]],[[[-55.7486,-22.5483],[-55.7486,-22.5481],[-55.7484,-22.5481],[-55.7483,-22.5483],[-55.7486,-22.5483]]],[[[-55.7499,-22.5278],[-55.75,-22.5276],[-55.7498,-22.5275],[-55.7497,-22.5277],[-55.7499,-22.5278]]],[[[-55.7499,-22.5572],[-55.75,-22.557],[-55.7498,-22.5569],[-55.7497,-22.5572],[-55.7499,-22.5572]]],[[[-55.7503,-22.4744],[-55.7506,-22.4744],[-55.7505,-22.4739],[-55.7503,-22.4739],[-55.7503,-22.4744]]],[[[-55.7508,-22.5056],[-55.7508,-22.5053],[-55.7506,-22.5053],[-55.7506,-22.5055],[-55.7508,-22.5056]]],[[[-55.7508,-22.5342],[-55.7508,-22.5337],[-55.7506,-22.5336],[-55.7506,-22.5341],[-55.7508,-22.5342]]],[[[-55.7511,-22.5683],[-55.7511,-22.5681],[-55.7509,-22.5681],[-55.7508,-22.5683],[-55.7511,-22.5683]]],[[[-55.7511,-22.5305],[-55.7514,-22.5305],[-55.7513,-22.53],[-55.7511,-22.5301],[-55.7511,-22.5305]]],[[[-55.7519,-22.5619],[-55.7513,-22.5608],[-55.7511,-22.5609],[-55.7514,-22.5613],[-55.7514,-22.5619],[-55.7519,-22.5619]]],[[[-55.7514,-22.5294],[-55.7516,-22.5294],[-55.7517,-22.5292],[-55.7514,-22.5292],[-55.7514,-22.5294]]],[[[-55.7514,-22.5672],[-55.7516,-22.5672],[-55.7517,-22.567],[-55.7514,-22.5669],[-55.7514,-22.5672]]],[[[-55.7519,-22.5785],[-55.7522,-22.5783],[-55.7522,-22.5776],[-55.7517,-22.5772],[-55.7517,-22.5777],[-55.7519,-22.5779],[-55.7517,-22.5784],[-55.7517,-22.5789],[-55.7519,-22.5788],[-55.7519,-22.5785]]],[[[-55.7522,-22.5314],[-55.7522,-22.5312],[-55.752,-22.5311],[-55.7519,-22.5313],[-55.7522,-22.5314]]],[[[-55.7524,-22.565],[-55.7522,-22.5647],[-55.7519,-22.5648],[-55.7523,-22.5656],[-55.7531,-22.5652],[-55.753,-22.565],[-55.7524,-22.565]]],[[[-55.7533,-22.5373],[-55.753,-22.537],[-55.7533,-22.5366],[-55.7533,-22.5364],[-55.7522,-22.5364],[-55.752,-22.5375],[-55.7533,-22.5375],[-55.7533,-22.5373]]],[[[-55.7531,-22.5644],[-55.7533,-22.5644],[-55.7533,-22.5642],[-55.7531,-22.5642],[-55.7531,-22.5644]]],[[[-55.7558,-22.5417],[-55.7558,-22.5414],[-55.7556,-22.5414],[-55.7556,-22.5416],[-55.7558,-22.5417]]],[[[-55.7555,-22.5419],[-55.7551,-22.5419],[-55.7549,-22.5417],[-55.7542,-22.5417],[-55.7542,-22.5427],[-55.7547,-22.5428],[-55.7551,-22.5422],[-55.7555,-22.5422],[-55.7555,-22.5419]]],[[[-55.7572,-22.5803],[-55.7572,-22.5801],[-55.757,-22.58],[-55.7569,-22.5802],[-55.7572,-22.5803]]],[[[-55.7574,-22.5672],[-55.7575,-22.567],[-55.7573,-22.5669],[-55.7572,-22.5672],[-55.7574,-22.5672]]],[[[-55.7577,-22.5664],[-55.7578,-22.5656],[-55.7576,-22.5656],[-55.7572,-22.5661],[-55.7577,-22.5664]]],[[[-55.7575,-22.553],[-55.758,-22.5531],[-55.7586,-22.5523],[-55.7581,-22.5519],[-55.7575,-22.553]]],[[[-55.7597,-22.58],[-55.7597,-22.5798],[-55.7595,-22.5797],[-55.7594,-22.5799],[-55.7597,-22.58]]],[[[-55.7594,-22.5803],[-55.7592,-22.5803],[-55.7592,-22.5806],[-55.7594,-22.5805],[-55.7594,-22.5803]]],[[[-55.7598,-22.5422],[-55.7597,-22.5427],[-55.7602,-22.5428],[-55.7603,-22.5426],[-55.7598,-22.5422]]],[[[-55.7602,-22.5686],[-55.7602,-22.5683],[-55.7597,-22.5684],[-55.7598,-22.5686],[-55.7602,-22.5686]]],[[[-55.7608,-22.5658],[-55.7611,-22.5658],[-55.7611,-22.5656],[-55.7609,-22.5656],[-55.7608,-22.5658]]],[[[-55.7633,-22.5597],[-55.7633,-22.5595],[-55.7631,-22.5594],[-55.7631,-22.5597],[-55.7633,-22.5597]]],[[[-55.7644,-22.5686],[-55.7644,-22.5684],[-55.7642,-22.5683],[-55.7642,-22.5686],[-55.7644,-22.5686]]],[[[-55.7677,-22.5867],[-55.7677,-22.5864],[-55.7669,-22.5864],[-55.7673,-22.5869],[-55.7677,-22.5867]]],[[[-55.7705,-22.57],[-55.7706,-22.5698],[-55.7703,-22.5697],[-55.7703,-22.5699],[-55.7705,-22.57]]],[[[-55.7722,-22.5867],[-55.7722,-22.5864],[-55.772,-22.5864],[-55.7719,-22.5866],[-55.7722,-22.5867]]],[[[-55.7983,-22.5936],[-55.7986,-22.5936],[-55.7986,-22.5934],[-55.7984,-22.5933],[-55.7983,-22.5936]]]]}},{"type":"Feature","properties":{"ano":2008},"geometry":{"type":"MultiPolygon","coordinates":[[[[-55.6444,-22.6133],[-55.6441,-22.6122],[-55.6431,-22.6122],[-55.6431,-22.6125],[-55.6436,-22.6126],[-55.6435,-22.6133],[-55.6429,-22.6133],[-55.6422,-22.6125],[-55.6419,-22.6127],[-55.6425,-22.6132],[-55.6426,-22.6136],[-55.6436,-22.6136],[-55.6438,-22.6133],[-55.6444,-22.6133]]],[[[-55.6768,-22.5775],[-55.6764,-22.5772],[-55.6764,-22.5778],[-55.6761,-22.578],[-55.6769,-22.5781],[-55.6768,-22.5775]]],[[[-55.6789,-22.5814],[-55.6789,-22.5803],[-55.6797,-22.5803],[-55.6797,-22.5799],[-55.6806,-22.5794],[-55.6805,-22.5792],[-55.6799,-22.5792],[-55.6797,-22.5786],[-55.6792,-22.5786],[-55.6789,-22.5796],[-55.6781,-22.5797],[-55.6781,-22.5801],[-55.6776,-22.5803],[-55.6769,-22.5809],[-55.6769,-22.5819],[-55.6776,-22.5825],[-55.6783,-22.5825],[-55.6792,-22.5819],[-55.6792,-22.5814],[-55.6789,-22.5814]]],[[[-55.6822,-22.5814],[-55.6822,-22.5809],[-55.6817,-22.5808],[-55.6814,-22.5812],[-55.6814,-22.5816],[-55.6822,-22.5814]]],[[[-55.6833,-22.58],[-55.6833,-22.5798],[-55.6831,-22.5797],[-55.6831,-22.5799],[-55.6833,-22.58]]],[[[-55.6849,-22.5864],[-55.6849,-22.5861],[-55.6845,-22.5861],[-55.6836,-22.587],[-55.6836,-22.5874],[-55.6833,-22.5876],[-55.6833,-22.5883],[-55.6837,-22.5886],[-55.6842,-22.5883],[-55.6842,-22.5868],[-55.6846,-22.5864],[-55.6849,-22.5864]]],[[[-55.6855,-22.575],[-55.6855,-22.5747],[-55.6847,-22.5748],[-55.6848,-22.575],[-55.6855,-22.575]]],[[[-55.6858,-22.5861],[-55.6858,-22.5859],[-55.6856,-22.5858],[-55.6856,-22.5861],[-55.6858,-22.5861]]],[[[-55.6874,-22.5719],[-55.6875,-22.5717],[-55.6873,-22.5717],[-55.6872,-22.5719],[-55.6874,-22.5719]]],[[[-55.688,-22.5694],[-55.6881,-22.5692],[-55.6878,-22.5692],[-55.6878,-22.5694],[-55.688,-22.5694]]],[[[-55.6916,-22.5447],[-55.6917,-22.5445],[-55.6914,-22.5444],[-55.6914,-22.5447],[-55.6916,-22.5447]]],[[[-55.6938,-22.4869],[-55.6939,-22.4867],[-55.6937,-22.4867],[-55.6936,-22.4869],[-55.6938,-22.4869]]],[[[-55.6986,-22.5519],[-55.6986,-22.5509],[-55.6983,-22.5507],[-55.6983,-22.5503],[-55.6976,-22.5503],[-55.6975,-22.5511],[-55.6978,-22.5513],[-55.6978,-22.5516],[-55.6986,-22.5519]]],[[[-55.6992,-22.5519],[-55.6992,-22.5524],[-55.6997,-22.5525],[-55.6997,-22.5523],[-55.6992,-22.5519]]],[[[-55.7024,-22.5797],[-55.7025,-22.5795],[-55.702,-22.5792],[-55.7019,-22.5794],[-55.7024,-22.5797]]],[[[-55.7047,-22.5611],[-55.7047,-22.5608],[-55.7039,-22.5609],[-55.7036,-22.5618],[-55.7031,-22.562],[-55.7031,-22.5624],[-55.7034,-22.5628],[-55.7036,-22.5627],[-55.7038,-22.5622],[-55.7044,-22.5622],[-55.7041,-22.5614],[-55.7042,-22.5611],[-55.7047,-22.5611]]],[[[-55.7119,-22.5661],[-55.7125,-22.5655],[-55.7124,-22.5653],[-55.7114,-22.5656],[-55.7119,-22.5661]]],[[[-55.7141,-22.5222],[-55.7142,-22.522],[-55.7139,-22.5219],[-55.7139,-22.5222],[-55.7141,-22.5222]]],[[[-55.7165,-22.4897],[-55.7163,-22.4894],[-55.7153,-22.4895],[-55.7153,-22.4897],[-55.716,-22.4897],[-55.7162,-22.49],[-55.7169,-22.4899],[-55.7169,-22.4897],[-55.7165,-22.4897]]],[[[-55.7174,-22.5172],[-55.717,-22.5167],[-55.7167,-22.5172],[-55.7174,-22.5172]]],[[[-55.7177,-22.5158],[-55.7178,-22.5156],[-55.7176,-22.5156],[-55.7175,-22.5158],[-55.7177,-22.5158]]],[[[-55.7188,-22.5683],[-55.7189,-22.5681],[-55.7187,-22.5681],[-55.7186,-22.5683],[-55.7188,-22.5683]]],[[[-55.7205,-22.5136],[-55.7206,-22.5134],[-55.7203,-22.5133],[-55.7203,-22.5136],[-55.7205,-22.5136]]],[[[-55.72,-22.5133],[-55.7199,-22.5131],[-55.7197,-22.5131],[-55.7198,-22.5133],[-55.72,-22.5133]]],[[[-55.7202,-22.4828],[-55.7203,-22.4826],[-55.7201,-22.4825],[-55.72,-22.4827],[-55.7202,-22.4828]]],[[[-55.7216,-22.5894],[-55.7217,-22.5892],[-55.7214,-22.5892],[-55.7214,-22.5894],[-55.7216,-22.5894]]],[[[-55.7227,-22.5889],[-55.7228,-22.5887],[-55.7226,-22.5886],[-55.7225,-22.5888],[-55.7227,-22.5889]]],[[[-55.7224,-22.5892],[-55.7222,-22.5892],[-55.7223,-22.5894],[-55.7225,-22.5894],[-55.7224,-22.5892]]],[[[-55.7241,-22.5169],[-55.7237,-22.5164],[-55.7233,-22.5169],[-55.7241,-22.5169]]],[[[-55.7301,-22.5247],[-55.73,-22.5252],[-55.7302,-22.5253],[-55.7306,-22.5248],[-55.7301,-22.5247]]],[[[-55.7305,-22.5233],[-55.7305,-22.5231],[-55.73,-22.5231],[-55.7301,-22.5233],[-55.7305,-22.5233]]],[[[-55.7308,-22.5242],[-55.7308,-22.5239],[-55.7306,-22.5239],[-55.7306,-22.5241],[-55.7308,-22.5242]]],[[[-55.7319,-22.5208],[-55.7319,-22.5206],[-55.7314,-22.5204],[-55.7313,-22.52],[-55.7308,-22.5203],[-55.7312,-22.5208],[-55.7319,-22.5208]]],[[[-55.7324,-22.5711],[-55.7325,-22.5709],[-55.7323,-22.5708],[-55.7322,-22.5711],[-55.7324,-22.5711]]],[[[-55.7333,-22.5144],[-55.7333,-22.5142],[-55.7331,-22.5142],[-55.7331,-22.5144],[-55.7333,-22.5144]]],[[[-55.7344,-22.5211],[-55.7344,-22.5209],[-55.7342,-22.5208],[-55.7342,-22.5211],[-55.7344,-22.5211]]],[[[-55.7358,-22.5649],[-55.7361,-22.565],[-55.7361,-22.5648],[-55.7359,-22.5647],[-55.7358,-22.5649]]],[[[-55.7383,-22.5703],[-55.7383,-22.57],[-55.7378,-22.57],[-55.7375,-22.5705],[-55.7383,-22.5703]]],[[[-55.7383,-22.5142],[-55.7383,-22.5139],[-55.7381,-22.5139],[-55.7381,-22.5141],[-55.7383,-22.5142]]],[[[-55.7394,-22.5781],[-55.7394,-22.5778],[-55.7387,-22.5778],[-55.7383,-22.5781],[-55.7383,-22.5786],[-55.7386,-22.5786],[-55.7389,-22.5781],[-55.7394,-22.5781]]],[[[-55.7392,-22.5793],[-55.7394,-22.5791],[-55.7394,-22.5789],[-55.7389,-22.5792],[-55.7389,-22.5797],[-55.7392,-22.5797],[-55.7392,-22.5793]]],[[[-55.7405,-22.575],[-55.7406,-22.5748],[-55.7402,-22.5744],[-55.7389,-22.5745],[-55.7389,-22.5752],[-55.7396,-22.5753],[-55.7398,-22.5756],[-55.74,-22.5755],[-55.7401,-22.575],[-55.7405,-22.575]]],[[[-55.7403,-22.4906],[-55.7395,-22.4906],[-55.7394,-22.4908],[-55.7398,-22.4911],[-55.7402,-22.4911],[-55.7403,-22.4906]]],[[[-55.7399,-22.5094],[-55.74,-22.5092],[-55.7398,-22.5092],[-55.7397,-22.5094],[-55.7399,-22.5094]]],[[[-55.7398,-22.5214],[-55.7403,-22.5211],[-55.7402,-22.5208],[-55.7397,-22.5212],[-55.7398,-22.5214]]],[[[-55.7399,-22.5114],[-55.74,-22.5112],[-55.7398,-22.5111],[-55.7397,-22.5113],[-55.7399,-22.5114]]],[[[-55.7402,-22.5547],[-55.7403,-22.5545],[-55.7401,-22.5544],[-55.74,-22.5547],[-55.7402,-22.5547]]],[[[-55.7422,-22.5558],[-55.7422,-22.5556],[-55.742,-22.5556],[-55.7419,-22.5558],[-55.7422,-22.5558]]],[[[-55.7417,-22.5559],[-55.7414,-22.5558],[-55.7414,-22.5561],[-55.7416,-22.5561],[-55.7417,-22.5559]]],[[[-55.7411,-22.5558],[-55.7411,-22.5553],[-55.7406,-22.5553],[-55.7409,-22.5558],[-55.7411,-22.5558]]],[[[-55.7424,-22.5711],[-55.7424,-22.5708],[-55.7417,-22.5709],[-55.7417,-22.5711],[-55.7424,-22.5711]]],[[[-55.7422,-22.5686],[-55.7422,-22.5684],[-55.742,-22.5683],[-55.7419,-22.5686],[-55.7422,-22.5686]]],[[[-55.7433,-22.5139],[-55.7433,-22.5137],[-55.7431,-22.5136],[-55.7431,-22.5138],[-55.7433,-22.5139]]],[[[-55.7437,-22.5675],[-55.7439,-22.5674],[-55.7438,-22.5672],[-55.7436,-22.5673],[-55.7437,-22.5675]]],[[[-55.7436,-22.5678],[-55.7433,-22.5678],[-55.7434,-22.5683],[-55.7436,-22.5683],[-55.7436,-22.5678]]],[[[-55.7433,-22.5686],[-55.7431,-22.5687],[-55.7431,-22.5689],[-55.7433,-22.5688],[-55.7433,-22.5686]]],[[[-55.7438,-22.4881],[-55.7439,-22.4878],[-55.7437,-22.4878],[-55.7436,-22.488],[-55.7438,-22.4881]]],[[[-55.7436,-22.5659],[-55.7444,-22.5667],[-55.745,-22.5661],[-55.745,-22.5656],[-55.7447,-22.5653],[-55.7442,-22.5653],[-55.7442,-22.5657],[-55.7436,-22.5659]]],[[[-55.7444,-22.4889],[-55.7444,-22.4887],[-55.7442,-22.4886],[-55.7442,-22.4888],[-55.7444,-22.4889]]],[[[-55.7472,-22.5244],[-55.7465,-22.5248],[-55.7464,-22.5246],[-55.7467,-22.5242],[-55.7461,-22.5237],[-55.7461,-22.5234],[-55.7457,-22.5233],[-55.7451,-22.5225],[-55.7447,-22.5231],[-55.745,-22.5238],[-55.7462,-22.525],[-55.7466,-22.5249],[-55.7467,-22.5251],[-55.7464,-22.5255],[-55.7467,-22.5258],[-55.7472,-22.5258],[-55.7472,-22.5251],[-55.7475,-22.5249],[-55.7472,-22.5244]]],[[[-55.7467,-22.5239],[-55.7469,-22.5238],[-55.7469,-22.5233],[-55.7467,-22.5234],[-55.7467,-22.5239]]],[[[-55.7449,-22.5242],[-55.7445,-22.5242],[-55.7444,-22.5244],[-55.7449,-22.5244],[-55.7449,-22.5242]]],[[[-55.7472,-22.5618],[-55.7469,-22.5614],[-55.7464,-22.5614],[-55.7456,-22.5623],[-55.745,-22.5638],[-55.7452,-22.5639],[-55.7457,-22.5633],[-55.7461,-22.5633],[-55.7464,-22.563],[-55.7464,-22.5625],[-55.7474,-22.5622],[-55.7475,-22.5617],[-55.7472,-22.5618]]],[[[-55.7458,-22.4856],[-55.7458,-22.4853],[-55.7453,-22.4853],[-55.7453,-22.4856],[-55.7458,-22.4856]]],[[[-55.7463,-22.4872],[-55.7464,-22.487],[-55.7462,-22.4869],[-55.7461,-22.4872],[-55.7463,-22.4872]]],[[[-55.7458,-22.4869],[-55.7458,-22.4867],[-55.7456,-22.4867],[-55.7456,-22.4869],[-55.7458,-22.4869]]],[[[-55.7466,-22.5722],[-55.7462,-22.5717],[-55.7458,-22.5722],[-55.7466,-22.5722]]],[[[-55.7464,-22.5511],[-55.7467,-22.5511],[-55.7466,-22.5506],[-55.7464,-22.5506],[-55.7464,-22.5511]]],[[[-55.7486,-22.5714],[-55.7486,-22.5712],[-55.7484,-22.5711],[-55.7483,-22.5713],[-55.7486,-22.5714]]],[[[-55.7497,-22.5275],[-55.7497,-22.5273],[-55.7495,-22.5272],[-55.7494,-22.5274],[-55.7497,-22.5275]]],[[[-55.7513,-22.5342],[-55.7514,-22.5337],[-55.7509,-22.5336],[-55.7508,-22.5341],[-55.7513,-22.5342]]],[[[-55.7519,-22.565],[-55.7519,-22.5648],[-55.7517,-22.5647],[-55.7517,-22.5649],[-55.7519,-22.565]]],[[[-55.7514,-22.5647],[-55.7514,-22.5639],[-55.7512,-22.5639],[-55.7511,-22.5647],[-55.7514,-22.5647]]],[[[-55.7519,-22.5305],[-55.7516,-22.5294],[-55.7517,-22.5284],[-55.7512,-22.5283],[-55.7511,-22.5288],[-55.7515,-22.5292],[-55.7514,-22.5308],[-55.7519,-22.5305]]],[[[-55.7516,-22.5622],[-55.7517,-22.562],[-55.7514,-22.5619],[-55.7514,-22.5622],[-55.7516,-22.5622]]],[[[-55.7516,-22.5792],[-55.7517,-22.5787],[-55.7514,-22.5786],[-55.7514,-22.5791],[-55.7516,-22.5792]]],[[[-55.7514,-22.5376],[-55.752,-22.5383],[-55.7525,-22.5383],[-55.7525,-22.5378],[-55.7519,-22.5372],[-55.7514,-22.5376]]],[[[-55.7517,-22.5666],[-55.7519,-22.5667],[-55.7519,-22.5664],[-55.7517,-22.5664],[-55.7517,-22.5666]]],[[[-55.7524,-22.5364],[-55.7524,-22.5361],[-55.7519,-22.5362],[-55.752,-22.5364],[-55.7524,-22.5364]]],[[[-55.7531,-22.5297],[-55.7527,-22.5292],[-55.7525,-22.5292],[-55.7526,-22.53],[-55.7531,-22.5297]]],[[[-55.753,-22.5644],[-55.7531,-22.5642],[-55.7528,-22.5642],[-55.7528,-22.5644],[-55.753,-22.5644]]],[[[-55.7533,-22.5353],[-55.7533,-22.5351],[-55.7531,-22.535],[-55.7531,-22.5352],[-55.7533,-22.5353]]],[[[-55.7536,-22.5303],[-55.7536,-22.5301],[-55.7534,-22.53],[-55.7533,-22.5302],[-55.7536,-22.5303]]],[[[-55.7558,-22.5419],[-55.7558,-22.5411],[-55.7551,-22.5411],[-55.7547,-22.5414],[-55.7551,-22.5419],[-55.7558,-22.5419]]],[[[-55.7583,-22.5844],[-55.7583,-22.5836],[-55.7569,-22.5837],[-55.7576,-22.5844],[-55.7583,-22.5844]]],[[[-55.7591,-22.5663],[-55.7594,-22.5656],[-55.7591,-22.5653],[-55.7585,-22.5653],[-55.7581,-22.565],[-55.7578,-22.5653],[-55.7578,-22.5665],[-55.7575,-22.5667],[-55.7575,-22.5672],[-55.7592,-22.5683],[-55.7605,-22.5683],[-55.7606,-22.5678],[-55.7602,-22.5675],[-55.7594,-22.5674],[-55.7594,-22.5667],[-55.7591,-22.5663]]],[[[-55.7583,-22.5494],[-55.7583,-22.5492],[-55.7581,-22.5492],[-55.7581,-22.5494],[-55.7583,-22.5494]]],[[[-55.7599,-22.5431],[-55.76,-22.5428],[-55.7598,-22.5428],[-55.7597,-22.543],[-55.7599,-22.5431]]],[[[-55.7611,-22.4958],[-55.7601,-22.495],[-55.76,-22.4958],[-55.7611,-22.4958]]],[[[-55.7616,-22.5669],[-55.7617,-22.5667],[-55.7613,-22.5664],[-55.7603,-22.5664],[-55.7603,-22.5669],[-55.7606,-22.5672],[-55.7612,-22.5668],[-55.7616,-22.5669]]],[[[-55.7619,-22.5686],[-55.7619,-22.5681],[-55.7614,-22.5678],[-55.7611,-22.5683],[-55.7614,-22.5686],[-55.7619,-22.5686]]],[[[-55.7666,-22.5875],[-55.7672,-22.5869],[-55.7669,-22.5864],[-55.7665,-22.5867],[-55.7656,-22.5867],[-55.7662,-22.5875],[-55.7666,-22.5875]]],[[[-55.7655,-22.5864],[-55.7656,-22.5859],[-55.7653,-22.5858],[-55.7653,-22.5863],[-55.7655,-22.5864]]],[[[-55.7658,-22.5694],[-55.7658,-22.5692],[-55.7656,-22.5692],[-55.7656,-22.5694],[-55.7658,-22.5694]]],[[[-55.7658,-22.5711],[-55.7658,-22.5709],[-55.7656,-22.5708],[-55.7656,-22.5711],[-55.7658,-22.5711]]],[[[-55.7705,-22.5698],[-55.7708,-22.5692],[-55.7706,-22.5692],[-55.7703,-22.5695],[-55.7703,-22.5703],[-55.7706,-22.5702],[-55.7705,-22.5698]]]]}},{"type":"Feature","properties":{"ano":2009},"geometry":{"type":"MultiPolygon","coordinates":[[[[-55.645,-22.6139],[-55.6458,-22.6139],[-55.6458,-22.6137],[-55.645,-22.6129],[-55.645,-22.6126],[-55.6447,-22.6122],[-55.6442,-22.6123],[-55.6444,-22.6126],[-55.6444,-22.6132],[-55.6438,-22.6133],[-55.6436,-22.6125],[-55.6417,-22.612],[-55.6417,-22.6124],[-55.6421,-22.6125],[-55.6428,-22.6132],[-55.6428,-22.6139],[-55.6436,-22.6138],[-55.6439,-22.614],[-55.6437,-22.6147],[-55.6441,-22.6147],[-55.6443,-22.6142],[-55.6449,-22.6142],[-55.645,-22.6139]],[[-55.6432,-22.6136],[-55.6433,-22.6133],[-55.6436,-22.6135],[-55.6435,-22.6137],[-55.6432,-22.6136]]],[[[-55.6774,-22.5781],[-55.6775,-22.5776],[-55.677,-22.5775],[-55.6769,-22.578],[-55.6774,-22.5781]]],[[[-55.6775,-22.5803],[-55.6773,-22.5803],[-55.6772,-22.5805],[-55.6774,-22.5806],[-55.6775,-22.5803]]],[[[-55.6792,-22.5767],[-55.6784,-22.5767],[-55.6783,-22.5769],[-55.6791,-22.5769],[-55.6792,-22.5767]]],[[[-55.6789,-22.5776],[-55.6787,-22.5775],[-55.6786,-22.5777],[-55.6788,-22.5778],[-55.6789,-22.5776]]],[[[-55.6811,-22.5667],[-55.6811,-22.5664],[-55.6809,-22.5664],[-55.6808,-22.5666],[-55.6811,-22.5667]]],[[[-55.6861,-22.572],[-55.6859,-22.5719],[-55.6858,-22.5722],[-55.6861,-22.5722],[-55.6861,-22.572]]],[[[-55.6864,-22.5801],[-55.6862,-22.58],[-55.6861,-22.5802],[-55.6863,-22.5803],[-55.6864,-22.5801]]],[[[-55.6867,-22.557],[-55.6862,-22.5569],[-55.6861,-22.5572],[-55.6866,-22.5572],[-55.6867,-22.557]]],[[[-55.6881,-22.5695],[-55.6877,-22.5692],[-55.6869,-22.5692],[-55.687,-22.5694],[-55.6876,-22.5694],[-55.6878,-22.57],[-55.6881,-22.5699],[-55.6881,-22.5695]]],[[[-55.6869,-22.5689],[-55.6869,-22.5686],[-55.6861,-22.5687],[-55.6862,-22.5689],[-55.6869,-22.5689]]],[[[-55.6883,-22.5714],[-55.6883,-22.5712],[-55.6881,-22.5711],[-55.6881,-22.5713],[-55.6883,-22.5714]]],[[[-55.6878,-22.5711],[-55.6876,-22.5708],[-55.6872,-22.5712],[-55.6873,-22.5722],[-55.6875,-22.5722],[-55.6875,-22.5713],[-55.6878,-22.5711]]],[[[-55.6914,-22.5876],[-55.6919,-22.5875],[-55.6919,-22.5873],[-55.6912,-22.5872],[-55.6908,-22.5876],[-55.6908,-22.588],[-55.6911,-22.5881],[-55.6914,-22.5876]]],[[[-55.6939,-22.5492],[-55.6937,-22.5492],[-55.6936,-22.5494],[-55.6938,-22.5494],[-55.6939,-22.5492]]],[[[-55.6961,-22.5692],[-55.6959,-22.5692],[-55.6958,-22.5694],[-55.6961,-22.5694],[-55.6961,-22.5692]]],[[[-55.6978,-22.5499],[-55.6989,-22.5497],[-55.6988,-22.5492],[-55.6981,-22.5492],[-55.6982,-22.5496],[-55.6978,-22.5499]]],[[[-55.6983,-22.5805],[-55.6989,-22.5801],[-55.6987,-22.58],[-55.6983,-22.5805]]],[[[-55.7006,-22.5831],[-55.7003,-22.5831],[-55.7003,-22.5833],[-55.7005,-22.5833],[-55.7006,-22.5831]]],[[[-55.7011,-22.5784],[-55.7009,-22.5783],[-55.7008,-22.5786],[-55.7011,-22.5786],[-55.7011,-22.5784]]],[[[-55.7031,-22.5803],[-55.7025,-22.5803],[-55.7028,-22.5799],[-55.7028,-22.5795],[-55.7026,-22.5794],[-55.7019,-22.5798],[-55.7019,-22.5801],[-55.7008,-22.5812],[-55.7011,-22.5815],[-55.7012,-22.5825],[-55.7019,-22.5822],[-55.7019,-22.5818],[-55.7031,-22.5808],[-55.7031,-22.5803]]],[[[-55.7028,-22.5667],[-55.7025,-22.5667],[-55.7026,-22.5672],[-55.7028,-22.5672],[-55.7028,-22.5667]]],[[[-55.7036,-22.5612],[-55.7034,-22.5611],[-55.7033,-22.5613],[-55.7036,-22.5614],[-55.7036,-22.5612]]],[[[-55.7031,-22.5614],[-55.7028,-22.5614],[-55.7028,-22.5616],[-55.703,-22.5617],[-55.7031,-22.5614]]],[[[-55.7053,-22.5623],[-55.7048,-22.5622],[-55.7047,-22.5624],[-55.7052,-22.5625],[-55.7053,-22.5623]]],[[[-55.7058,-22.5617],[-55.7056,-22.5617],[-55.7056,-22.5619],[-55.7058,-22.5619],[-55.7058,-22.5617]]],[[[-55.7103,-22.5665],[-55.7111,-22.5656],[-55.7109,-22.5656],[-55.71,-22.5664],[-55.71,-22.5672],[-55.7103,-22.5675],[-55.7106,-22.5674],[-55.7106,-22.567],[-55.7103,-22.5665]]],[[[-55.7119,-22.5769],[-55.7119,-22.5767],[-55.7117,-22.5767],[-55.7117,-22.5769],[-55.7119,-22.5769]]],[[[-55.7131,-22.5651],[-55.7128,-22.565],[-55.7128,-22.5652],[-55.713,-22.5653],[-55.7131,-22.5651]]],[[[-55.715,-22.5051],[-55.7145,-22.505],[-55.714,-22.5053],[-55.7139,-22.5048],[-55.7136,-22.5044],[-55.7133,-22.5045],[-55.7133,-22.5055],[-55.714,-22.5056],[-55.7142,-22.5058],[-55.715,-22.5051]]],[[[-55.7153,-22.5092],[-55.7151,-22.5092],[-55.715,-22.5094],[-55.7152,-22.5094],[-55.7153,-22.5092]]],[[[-55.718,-22.5242],[-55.7174,-22.5233],[-55.7167,-22.5234],[-55.717,-22.5239],[-55.7176,-22.5239],[-55.718,-22.5242]]],[[[-55.7172,-22.5255],[-55.7169,-22.5244],[-55.7167,-22.5245],[-55.7167,-22.5252],[-55.717,-22.5256],[-55.7172,-22.5255]]],[[[-55.7175,-22.5209],[-55.717,-22.5208],[-55.7167,-22.5213],[-55.7177,-22.5214],[-55.7175,-22.5209]]],[[[-55.7181,-22.5192],[-55.7178,-22.5192],[-55.7178,-22.5194],[-55.718,-22.5194],[-55.7181,-22.5192]]],[[[-55.7203,-22.5006],[-55.7195,-22.5006],[-55.7194,-22.5008],[-55.7202,-22.5008],[-55.7203,-22.5006]]],[[[-55.7199,-22.5661],[-55.72,-22.5659],[-55.7198,-22.5658],[-55.7197,-22.5661],[-55.7199,-22.5661]]],[[[-55.7205,-22.4831],[-55.7206,-22.4828],[-55.7203,-22.4828],[-55.7203,-22.483],[-55.7205,-22.4831]]],[[[-55.7242,-22.5162],[-55.7239,-22.5161],[-55.7239,-22.5163],[-55.7241,-22.5164],[-55.7242,-22.5162]]],[[[-55.7244,-22.5315],[-55.7247,-22.5313],[-55.7247,-22.5311],[-55.7242,-22.5314],[-55.7242,-22.5319],[-55.7244,-22.5319],[-55.7244,-22.5315]]],[[[-55.7258,-22.5181],[-55.7258,-22.5178],[-55.7256,-22.5178],[-55.7256,-22.518],[-55.7258,-22.5181]]],[[[-55.7261,-22.5753],[-55.7256,-22.5753],[-55.7256,-22.5755],[-55.7261,-22.5756],[-55.7261,-22.5753]]],[[[-55.7261,-22.5701],[-55.7259,-22.57],[-55.7258,-22.5702],[-55.7261,-22.5703],[-55.7261,-22.5701]]],[[[-55.7263,-22.5622],[-55.7264,-22.5617],[-55.7262,-22.5617],[-55.7261,-22.5622],[-55.7263,-22.5622]]],[[[-55.7316,-22.5261],[-55.7325,-22.5247],[-55.7325,-22.5238],[-55.7333,-22.523],[-55.7333,-22.5224],[-55.7336,-22.5222],[-55.7333,-22.5218],[-55.7333,-22.5213],[-55.7337,-22.5211],[-55.7342,-22.5217],[-55.735,-22.5216],[-55.7347,-22.5211],[-55.7342,-22.521],[-55.7342,-22.5206],[-55.7338,-22.5203],[-55.7335,-22.5203],[-55.7327,-22.5197],[-55.7323,-22.5197],[-55.7319,-22.5201],[-55.732,-22.5205],[-55.7318,-22.5208],[-55.7309,-22.5208],[-55.7306,-22.5211],[-55.7306,-22.5206],[-55.7301,-22.5206],[-55.7299,-22.5208],[-55.7292,-22.5208],[-55.7288,-22.5212],[-55.7284,-22.5211],[-55.7281,-22.5216],[-55.7286,-22.5218],[-55.7286,-22.5224],[-55.7278,-22.5225],[-55.7271,-22.5233],[-55.7267,-22.5234],[-55.7267,-22.5236],[-55.7274,-22.5236],[-55.7276,-22.5239],[-55.7283,-22.5236],[-55.7283,-22.5241],[-55.7286,-22.5243],[-55.7283,-22.5248],[-55.7283,-22.5255],[-55.7289,-22.5255],[-55.7289,-22.5247],[-55.7291,-22.5246],[-55.7294,-22.5249],[-55.7295,-22.5253],[-55.73,-22.5254],[-55.7301,-22.5264],[-55.7304,-22.5261],[-55.7316,-22.5261]],[[-55.7301,-22.5247],[-55.7304,-22.525],[-55.73,-22.525],[-55.7301,-22.5247]],[[-55.7317,-22.5235],[-55.7307,-22.5242],[-55.7306,-22.5234],[-55.73,-22.5232],[-55.73,-22.5226],[-55.7304,-22.5225],[-55.7309,-22.5231],[-55.7315,-22.5231],[-55.7317,-22.5235]]],[[[-55.7272,-22.517],[-55.727,-22.5169],[-55.7269,-22.5172],[-55.7272,-22.5172],[-55.7272,-22.517]]],[[[-55.7278,-22.5923],[-55.7269,-22.5923],[-55.7269,-22.593],[-55.7273,-22.5933],[-55.7275,-22.5933],[-55.7275,-22.5926],[-55.7278,-22.5923]]],[[[-55.7281,-22.577],[-55.7278,-22.5769],[-55.7278,-22.5772],[-55.728,-22.5772],[-55.7281,-22.577]]],[[[-55.7289,-22.5617],[-55.7281,-22.5617],[-55.7281,-22.5619],[-55.7288,-22.5619],[-55.7289,-22.5617]]],[[[-55.7286,-22.5776],[-55.7284,-22.5775],[-55.7283,-22.5777],[-55.7286,-22.5778],[-55.7286,-22.5776]]],[[[-55.7302,-22.5792],[-55.7303,-22.5789],[-55.7301,-22.5789],[-55.73,-22.5791],[-55.7302,-22.5792]]],[[[-55.7328,-22.5525],[-55.7328,-22.5527],[-55.7333,-22.5531],[-55.7333,-22.5526],[-55.7328,-22.5525]]],[[[-55.7347,-22.5764],[-55.7339,-22.5764],[-55.7339,-22.5774],[-55.7333,-22.5778],[-55.7334,-22.5786],[-55.7336,-22.5786],[-55.7336,-22.5779],[-55.7347,-22.5769],[-55.7347,-22.5764]]],[[[-55.7347,-22.572],[-55.7342,-22.5719],[-55.7342,-22.5722],[-55.7347,-22.5722],[-55.7347,-22.572]]],[[[-55.7353,-22.565],[-55.7364,-22.5647],[-55.7364,-22.5642],[-55.7361,-22.5639],[-55.7353,-22.5645],[-55.7353,-22.565]]],[[[-55.7366,-22.5128],[-55.7366,-22.5125],[-55.7361,-22.5126],[-55.7362,-22.5128],[-55.7366,-22.5128]]],[[[-55.7369,-22.5739],[-55.7363,-22.5736],[-55.7361,-22.5737],[-55.7364,-22.5742],[-55.7369,-22.5742],[-55.7369,-22.5739]]],[[[-55.7372,-22.5089],[-55.737,-22.5089],[-55.7369,-22.5091],[-55.7372,-22.5092],[-55.7372,-22.5089]]],[[[-55.7375,-22.4631],[-55.7372,-22.4628],[-55.7369,-22.4628],[-55.7373,-22.4633],[-55.7375,-22.4631]]],[[[-55.7375,-22.5695],[-55.7372,-22.5695],[-55.7373,-22.5706],[-55.7378,-22.5702],[-55.7375,-22.5695]]],[[[-55.7381,-22.5141],[-55.7377,-22.5133],[-55.7375,-22.5134],[-55.7375,-22.5138],[-55.7378,-22.5142],[-55.7381,-22.5141]]],[[[-55.7405,-22.5847],[-55.7405,-22.5844],[-55.7395,-22.5844],[-55.7394,-22.5851],[-55.7391,-22.5854],[-55.7384,-22.5853],[-55.7383,-22.5858],[-55.7394,-22.5858],[-55.7397,-22.5855],[-55.7397,-22.5847],[-55.7405,-22.5847]]],[[[-55.7392,-22.5478],[-55.7389,-22.5478],[-55.7389,-22.548],[-55.7391,-22.5481],[-55.7392,-22.5478]]],[[[-55.7397,-22.5112],[-55.7392,-22.5111],[-55.7392,-22.5113],[-55.7397,-22.5114],[-55.7397,-22.5112]]],[[[-55.7399,-22.5222],[-55.74,-22.522],[-55.7398,-22.5219],[-55.7397,-22.5222],[-55.7399,-22.5222]]],[[[-55.7402,-22.5786],[-55.7403,-22.5784],[-55.7401,-22.5783],[-55.74,-22.5786],[-55.7402,-22.5786]]],[[[-55.7403,-22.5544],[-55.7406,-22.5553],[-55.7411,-22.5553],[-55.7411,-22.5549],[-55.7417,-22.5544],[-55.7417,-22.5539],[-55.7414,-22.5539],[-55.741,-22.5544],[-55.7403,-22.5544]]],[[[-55.7408,-22.517],[-55.7406,-22.5169],[-55.7406,-22.5172],[-55.7408,-22.5172],[-55.7408,-22.517]]],[[[-55.7408,-22.5701],[-55.7406,-22.57],[-55.7406,-22.5702],[-55.7408,-22.5703],[-55.7408,-22.5701]]],[[[-55.7439,-22.5672],[-55.7438,-22.5661],[-55.7431,-22.5661],[-55.7431,-22.5665],[-55.7422,-22.5673],[-55.7422,-22.5683],[-55.7417,-22.5683],[-55.7414,-22.5687],[-55.7417,-22.569],[-55.7417,-22.5696],[-55.7414,-22.5698],[-55.7411,-22.5711],[-55.7417,-22.5713],[-55.742,-22.5719],[-55.7425,-22.5719],[-55.7424,-22.5714],[-55.7426,-22.5711],[-55.7433,-22.5711],[-55.7433,-22.5708],[-55.7426,-22.5708],[-55.7422,-22.5711],[-55.7422,-22.5696],[-55.7431,-22.5691],[-55.7433,-22.5679],[-55.7436,-22.5677],[-55.7435,-22.5673],[-55.7439,-22.5672]]],[[[-55.7428,-22.5823],[-55.742,-22.5819],[-55.7414,-22.5823],[-55.7414,-22.5827],[-55.7418,-22.5831],[-55.7414,-22.5839],[-55.7419,-22.5836],[-55.7419,-22.5825],[-55.7422,-22.5824],[-55.7426,-22.5828],[-55.7428,-22.5827],[-55.7428,-22.5823]]],[[[-55.7428,-22.5545],[-55.7426,-22.5544],[-55.7422,-22.5548],[-55.7423,-22.5553],[-55.7425,-22.5552],[-55.7428,-22.5545]]],[[[-55.7433,-22.5173],[-55.7431,-22.5172],[-55.7431,-22.5174],[-55.7433,-22.5175],[-55.7433,-22.5173]]],[[[-55.7436,-22.5537],[-55.7433,-22.5537],[-55.7434,-22.5542],[-55.7436,-22.5541],[-55.7436,-22.5537]]],[[[-55.7438,-22.5528],[-55.7439,-22.5523],[-55.7437,-22.5522],[-55.7436,-22.5527],[-55.7438,-22.5528]]],[[[-55.7451,-22.525],[-55.7456,-22.5256],[-55.7461,-22.5252],[-55.7461,-22.5248],[-55.7455,-22.5242],[-55.7446,-22.5244],[-55.7441,-22.5239],[-55.7439,-22.5239],[-55.7439,-22.5244],[-55.7445,-22.525],[-55.7451,-22.525]]],[[[-55.7442,-22.5236],[-55.7444,-22.5236],[-55.7444,-22.5233],[-55.7442,-22.5234],[-55.7442,-22.5236]]],[[[-55.7442,-22.5562],[-55.7439,-22.5561],[-55.7439,-22.5563],[-55.7441,-22.5564],[-55.7442,-22.5562]]],[[[-55.7466,-22.5489],[-55.7467,-22.5487],[-55.7464,-22.5486],[-55.7464,-22.5488],[-55.7466,-22.5489]]],[[[-55.7461,-22.5486],[-55.7461,-22.5481],[-55.7459,-22.5481],[-55.7447,-22.5491],[-55.7452,-22.5492],[-55.7461,-22.5486]]],[[[-55.7456,-22.5223],[-55.7453,-22.5222],[-55.7453,-22.5224],[-55.7455,-22.5225],[-55.7456,-22.5223]]],[[[-55.7456,-22.547],[-55.7453,-22.5469],[-55.7453,-22.5472],[-55.7455,-22.5472],[-55.7456,-22.547]]],[[[-55.7456,-22.5508],[-55.7461,-22.5508],[-55.7467,-22.5503],[-55.7456,-22.5503],[-55.7456,-22.5508]]],[[[-55.7458,-22.4864],[-55.7456,-22.4864],[-55.7456,-22.4866],[-55.7458,-22.4867],[-55.7458,-22.4864]]],[[[-55.7456,-22.5711],[-55.747,-22.5728],[-55.7478,-22.5727],[-55.7463,-22.5708],[-55.7456,-22.5708],[-55.7456,-22.5711]]],[[[-55.7458,-22.5522],[-55.7464,-22.5517],[-55.7462,-22.5517],[-55.7458,-22.5522]]],[[[-55.7472,-22.5237],[-55.7467,-22.5236],[-55.7463,-22.5231],[-55.7461,-22.5231],[-55.7461,-22.5238],[-55.747,-22.5244],[-55.7472,-22.5244],[-55.7472,-22.5237]]],[[[-55.7475,-22.5678],[-55.7473,-22.5678],[-55.7472,-22.568],[-55.7474,-22.5681],[-55.7475,-22.5678]]],[[[-55.7488,-22.5694],[-55.7488,-22.5692],[-55.7481,-22.5692],[-55.7481,-22.5694],[-55.7488,-22.5694]]],[[[-55.7483,-22.5219],[-55.7483,-22.5217],[-55.7481,-22.5217],[-55.7481,-22.5219],[-55.7483,-22.5219]]],[[[-55.7483,-22.5081],[-55.7481,-22.5081],[-55.7481,-22.5083],[-55.7483,-22.5083],[-55.7483,-22.5081]]],[[[-55.7486,-22.5719],[-55.7486,-22.5714],[-55.7481,-22.5714],[-55.7481,-22.5719],[-55.7486,-22.5719]]],[[[-55.7486,-22.5267],[-55.7484,-22.5267],[-55.7483,-22.5269],[-55.7486,-22.5269],[-55.7486,-22.5267]]],[[[-55.75,-22.5619],[-55.7497,-22.5614],[-55.7494,-22.5614],[-55.7498,-22.5619],[-55.75,-22.5619]]],[[[-55.75,-22.5701],[-55.7498,-22.57],[-55.7497,-22.5702],[-55.7499,-22.5703],[-55.75,-22.5701]]],[[[-55.7505,-22.5444],[-55.7505,-22.5442],[-55.7501,-22.5442],[-55.7497,-22.5445],[-55.7497,-22.5449],[-55.75,-22.5449],[-55.7501,-22.5444],[-55.7505,-22.5444]]],[[[-55.7505,-22.5181],[-55.7506,-22.5173],[-55.7503,-22.5172],[-55.75,-22.5177],[-55.7505,-22.5181]]],[[[-55.7511,-22.5456],[-55.7506,-22.5456],[-55.7503,-22.5461],[-55.7508,-22.5461],[-55.7511,-22.5456]]],[[[-55.7511,-22.5344],[-55.7511,-22.5342],[-55.7509,-22.5342],[-55.7508,-22.5344],[-55.7511,-22.5344]]],[[[-55.7517,-22.5649],[-55.7521,-22.5647],[-55.7523,-22.565],[-55.753,-22.565],[-55.7531,-22.5645],[-55.7527,-22.5642],[-55.7518,-22.5642],[-55.7514,-22.5639],[-55.7514,-22.5646],[-55.7508,-22.5651],[-55.7508,-22.5655],[-55.7516,-22.5656],[-55.7517,-22.5649]]],[[[-55.7511,-22.5788],[-55.7519,-22.5783],[-55.7519,-22.5778],[-55.7511,-22.5784],[-55.7511,-22.5788]]],[[[-55.7517,-22.5186],[-55.7513,-22.5181],[-55.7511,-22.5181],[-55.7514,-22.5186],[-55.7517,-22.5186]]],[[[-55.7519,-22.5581],[-55.7516,-22.5578],[-55.7511,-22.5578],[-55.7517,-22.5583],[-55.7519,-22.5581]]],[[[-55.7519,-22.5602],[-55.7516,-22.5597],[-55.7514,-22.5598],[-55.7517,-22.5603],[-55.7519,-22.5602]]],[[[-55.7514,-22.5623],[-55.7519,-22.5628],[-55.7528,-22.562],[-55.7524,-22.5617],[-55.752,-22.5617],[-55.7514,-22.5623]]],[[[-55.7522,-22.5319],[-55.7524,-22.5319],[-55.7528,-22.5316],[-55.7528,-22.5309],[-55.752,-22.5306],[-55.7514,-22.5309],[-55.7514,-22.5313],[-55.7522,-22.5314],[-55.7522,-22.5319]]],[[[-55.7517,-22.5508],[-55.7519,-22.5508],[-55.7522,-22.5503],[-55.7517,-22.5503],[-55.7517,-22.5508]]],[[[-55.7525,-22.4737],[-55.7523,-22.4736],[-55.7522,-22.4738],[-55.7524,-22.4739],[-55.7525,-22.4737]]],[[[-55.7531,-22.537],[-55.7528,-22.5369],[-55.7528,-22.5372],[-55.753,-22.5372],[-55.7531,-22.537]]],[[[-55.7536,-22.5306],[-55.7536,-22.5295],[-55.7528,-22.5292],[-55.7528,-22.5302],[-55.7531,-22.5306],[-55.7536,-22.5306]]],[[[-55.7533,-22.49],[-55.7533,-22.4895],[-55.7531,-22.4894],[-55.7531,-22.4899],[-55.7533,-22.49]]],[[[-55.7538,-22.5611],[-55.7536,-22.5606],[-55.7531,-22.5606],[-55.7534,-22.5611],[-55.7538,-22.5611]]],[[[-55.7536,-22.5353],[-55.7534,-22.5353],[-55.7533,-22.5355],[-55.7536,-22.5356],[-55.7536,-22.5353]]],[[[-55.7536,-22.507],[-55.7534,-22.5069],[-55.7533,-22.5072],[-55.7536,-22.5072],[-55.7536,-22.507]]],[[[-55.7538,-22.5803],[-55.7539,-22.5795],[-55.7537,-22.5794],[-55.7533,-22.5799],[-55.7538,-22.5803]]],[[[-55.7542,-22.5348],[-55.7539,-22.5347],[-55.7539,-22.5349],[-55.7541,-22.535],[-55.7542,-22.5348]]],[[[-55.7542,-22.5595],[-55.7539,-22.5594],[-55.7539,-22.5597],[-55.7541,-22.5597],[-55.7542,-22.5595]]],[[[-55.7539,-22.5417],[-55.755,-22.5413],[-55.7549,-22.5411],[-55.7546,-22.5414],[-55.7539,-22.5414],[-55.7539,-22.5417]]],[[[-55.7558,-22.5425],[-55.7558,-22.542],[-55.7556,-22.5419],[-55.7556,-22.5424],[-55.7558,-22.5425]]],[[[-55.7569,-22.5411],[-55.7569,-22.5409],[-55.7567,-22.5408],[-55.7567,-22.5411],[-55.7569,-22.5411]]],[[[-55.7561,-22.5411],[-55.7572,-22.5399],[-55.7572,-22.5395],[-55.7569,-22.5392],[-55.7564,-22.5398],[-55.7564,-22.5404],[-55.7556,-22.5411],[-55.7561,-22.5411]]],[[[-55.7566,-22.5814],[-55.7567,-22.5812],[-55.7564,-22.5811],[-55.7564,-22.5813],[-55.7566,-22.5814]]],[[[-55.7567,-22.5792],[-55.7564,-22.5792],[-55.7564,-22.5794],[-55.7566,-22.5794],[-55.7567,-22.5792]]],[[[-55.7567,-22.5445],[-55.7564,-22.5444],[-55.7564,-22.5447],[-55.7566,-22.5447],[-55.7567,-22.5445]]],[[[-55.7567,-22.5678],[-55.7564,-22.5681],[-55.7564,-22.5683],[-55.7569,-22.5683],[-55.7569,-22.5678],[-55.7567,-22.5678]]],[[[-55.7577,-22.5525],[-55.7583,-22.5519],[-55.7583,-22.5517],[-55.7575,-22.5524],[-55.7577,-22.5525]]],[[[-55.7574,-22.5528],[-55.7572,-22.5528],[-55.7573,-22.5531],[-55.7575,-22.553],[-55.7574,-22.5528]]],[[[-55.7581,-22.5506],[-55.7576,-22.5506],[-55.7575,-22.5508],[-55.758,-22.5508],[-55.7581,-22.5506]]],[[[-55.7583,-22.5442],[-55.7581,-22.5442],[-55.7578,-22.5447],[-55.758,-22.5447],[-55.7583,-22.5442]]],[[[-55.7581,-22.5842],[-55.7586,-22.5838],[-55.7586,-22.5836],[-55.7581,-22.5839],[-55.7581,-22.5842]]],[[[-55.7586,-22.5651],[-55.7584,-22.565],[-55.7583,-22.5652],[-55.7586,-22.5653],[-55.7586,-22.5651]]],[[[-55.7592,-22.5687],[-55.7588,-22.5683],[-55.7583,-22.5684],[-55.7587,-22.57],[-55.7592,-22.5694],[-55.7592,-22.5687]]],[[[-55.7592,-22.5503],[-55.7589,-22.5503],[-55.7586,-22.5506],[-55.7587,-22.5511],[-55.7589,-22.5511],[-55.7592,-22.5503]]],[[[-55.7608,-22.4953],[-55.7606,-22.4953],[-55.7606,-22.4955],[-55.7608,-22.4956],[-55.7608,-22.4953]]],[[[-55.7622,-22.5714],[-55.762,-22.5714],[-55.7619,-22.5716],[-55.7622,-22.5717],[-55.7622,-22.5714]]],[[[-55.7652,-22.5858],[-55.7653,-22.5856],[-55.7651,-22.5856],[-55.765,-22.5858],[-55.7652,-22.5858]]],[[[-55.7661,-22.5594],[-55.7661,-22.5592],[-55.7659,-22.5592],[-55.7658,-22.5594],[-55.7661,-22.5594]]],[[[-55.7661,-22.5583],[-55.7667,-22.5586],[-55.7669,-22.5586],[-55.7669,-22.5581],[-55.7662,-22.5581],[-55.7661,-22.5583]]],[[[-55.7678,-22.5867],[-55.7676,-22.5867],[-55.7675,-22.5869],[-55.7677,-22.5869],[-55.7678,-22.5867]]],[[[-55.7672,-22.587],[-55.767,-22.5869],[-55.7669,-22.5872],[-55.7672,-22.5872],[-55.7672,-22.587]]],[[[-55.7749,-22.5758],[-55.775,-22.5753],[-55.7744,-22.575],[-55.7736,-22.5756],[-55.7737,-22.5761],[-55.7739,-22.5761],[-55.774,-22.5756],[-55.7749,-22.5758]]],[[[-55.7995,-22.5925],[-55.7986,-22.5934],[-55.7987,-22.5942],[-55.7989,-22.5941],[-55.7989,-22.5935],[-55.7993,-22.5931],[-55.7997,-22.593],[-55.7997,-22.5926],[-55.7995,-22.5925]]]]}},{"type":"Feature","properties":{"ano":2010},"geometry":{"type":"MultiPolygon","coordinates":[[[[-55.6424,-22.6122],[-55.6424,-22.6119],[-55.6419,-22.612],[-55.642,-22.6122],[-55.6424,-22.6122]]],[[[-55.6775,-22.5773],[-55.677,-22.5772],[-55.6769,-22.5774],[-55.6774,-22.5775],[-55.6775,-22.5773]]],[[[-55.6777,-22.5803],[-55.6778,-22.5801],[-55.6776,-22.58],[-55.6775,-22.5802],[-55.6777,-22.5803]]],[[[-55.6772,-22.5803],[-55.6769,-22.5803],[-55.677,-22.5808],[-55.6772,-22.5808],[-55.6772,-22.5803]]],[[[-55.68,-22.5601],[-55.6794,-22.56],[-55.6797,-22.5595],[-55.6792,-22.5589],[-55.6789,-22.5605],[-55.6799,-22.5606],[-55.68,-22.5601]]],[[[-55.6794,-22.5767],[-55.6792,-22.5767],[-55.6792,-22.5769],[-55.6794,-22.5769],[-55.6794,-22.5767]]],[[[-55.6819,-22.582],[-55.6817,-22.5819],[-55.6817,-22.5822],[-55.6819,-22.5822],[-55.6819,-22.582]]],[[[-55.685,-22.5837],[-55.6848,-22.5836],[-55.6847,-22.5838],[-55.6849,-22.5839],[-55.685,-22.5837]]],[[[-55.6863,-22.5569],[-55.6863,-22.5567],[-55.6858,-22.5567],[-55.6859,-22.5575],[-55.6861,-22.5574],[-55.6861,-22.5569],[-55.6863,-22.5569]]],[[[-55.6872,-22.5722],[-55.6872,-22.5713],[-55.6878,-22.5708],[-55.6877,-22.5706],[-55.687,-22.5706],[-55.6869,-22.571],[-55.6864,-22.5712],[-55.6867,-22.5715],[-55.6867,-22.5722],[-55.6872,-22.5722]]],[[[-55.6873,-22.6031],[-55.6869,-22.6034],[-55.687,-22.6036],[-55.6875,-22.6036],[-55.6875,-22.6031],[-55.6873,-22.6031]]],[[[-55.6878,-22.5695],[-55.6872,-22.5689],[-55.6869,-22.5689],[-55.6872,-22.5697],[-55.6877,-22.5697],[-55.6878,-22.5695]]],[[[-55.6875,-22.5548],[-55.6873,-22.5547],[-55.6872,-22.5549],[-55.6874,-22.555],[-55.6875,-22.5548]]],[[[-55.6883,-22.5864],[-55.688,-22.5861],[-55.6878,-22.5862],[-55.6881,-22.5867],[-55.6883,-22.5864]]],[[[-55.6881,-22.5858],[-55.6886,-22.5855],[-55.6883,-22.585],[-55.6872,-22.5851],[-55.6876,-22.5856],[-55.6879,-22.5856],[-55.6881,-22.5858]]],[[[-55.6884,-22.5536],[-55.6878,-22.5542],[-55.6878,-22.5544],[-55.6886,-22.5541],[-55.6886,-22.5537],[-55.6884,-22.5536]]],[[[-55.6916,-22.5778],[-55.6914,-22.577],[-55.6912,-22.5769],[-55.6908,-22.5774],[-55.6912,-22.5778],[-55.6916,-22.5778]]],[[[-55.6911,-22.5886],[-55.6923,-22.5894],[-55.6928,-22.5894],[-55.6928,-22.5889],[-55.6925,-22.5887],[-55.6925,-22.5876],[-55.6922,-22.5872],[-55.6911,-22.5878],[-55.6911,-22.5886]]],[[[-55.6936,-22.4876],[-55.6931,-22.4875],[-55.6931,-22.4877],[-55.6936,-22.4878],[-55.6936,-22.4876]]],[[[-55.6961,-22.5687],[-55.6958,-22.5687],[-55.6959,-22.5692],[-55.6961,-22.5691],[-55.6961,-22.5687]]],[[[-55.6983,-22.5497],[-55.6983,-22.5495],[-55.6981,-22.5494],[-55.6981,-22.5497],[-55.6983,-22.5497]]],[[[-55.6978,-22.5498],[-55.6976,-22.5497],[-55.6975,-22.5499],[-55.6977,-22.55],[-55.6978,-22.5498]]],[[[-55.6986,-22.552],[-55.6978,-22.5522],[-55.6978,-22.5524],[-55.6986,-22.5525],[-55.6986,-22.552]]],[[[-55.7008,-22.5728],[-55.7008,-22.5726],[-55.7006,-22.5725],[-55.7006,-22.5727],[-55.7008,-22.5728]]],[[[-55.7028,-22.5026],[-55.7023,-22.5025],[-55.7022,-22.5027],[-55.7027,-22.5028],[-55.7028,-22.5026]]],[[[-55.7031,-22.5414],[-55.7028,-22.5414],[-55.7028,-22.5416],[-55.703,-22.5417],[-55.7031,-22.5414]]],[[[-55.7033,-22.5628],[-55.7028,-22.5628],[-55.7028,-22.563],[-55.7033,-22.5631],[-55.7033,-22.5628]]],[[[-55.7036,-22.5639],[-55.7036,-22.5637],[-55.7034,-22.5636],[-55.7033,-22.5638],[-55.7036,-22.5639]]],[[[-55.7041,-22.5617],[-55.7042,-22.5614],[-55.7039,-22.5614],[-55.7039,-22.5616],[-55.7041,-22.5617]]],[[[-55.7047,-22.5167],[-55.7045,-22.5167],[-55.7044,-22.5169],[-55.7047,-22.5169],[-55.7047,-22.5167]]],[[[-55.7056,-22.5628],[-55.705,-22.5631],[-55.7051,-22.5636],[-55.7056,-22.5636],[-55.7056,-22.5628]]],[[[-55.7055,-22.5181],[-55.7056,-22.5178],[-55.7053,-22.5178],[-55.7053,-22.518],[-55.7055,-22.5181]]],[[[-55.7052,-22.5175],[-55.7053,-22.5173],[-55.7051,-22.5172],[-55.705,-22.5174],[-55.7052,-22.5175]]],[[[-55.7103,-22.5673],[-55.7101,-22.5672],[-55.71,-22.5674],[-55.7102,-22.5675],[-55.7103,-22.5673]]],[[[-55.7113,-22.5631],[-55.7114,-22.5626],[-55.7112,-22.5625],[-55.7111,-22.563],[-55.7113,-22.5631]]],[[[-55.7127,-22.5656],[-55.7128,-22.5653],[-55.7126,-22.5653],[-55.7125,-22.5655],[-55.7127,-22.5656]]],[[[-55.7156,-22.6039],[-55.7153,-22.6039],[-55.7153,-22.6041],[-55.7155,-22.6042],[-55.7156,-22.6039]]],[[[-55.7169,-22.5169],[-55.7169,-22.5164],[-55.7167,-22.5164],[-55.7167,-22.5169],[-55.7169,-22.5169]]],[[[-55.7175,-22.5214],[-55.717,-22.5214],[-55.7169,-22.5216],[-55.7174,-22.5217],[-55.7175,-22.5214]]],[[[-55.7172,-22.5099],[-55.7177,-22.51],[-55.7178,-22.5098],[-55.7173,-22.5094],[-55.7172,-22.5099]]],[[[-55.7188,-22.5244],[-55.7188,-22.5242],[-55.7183,-22.5242],[-55.7184,-22.5244],[-55.7188,-22.5244]]],[[[-55.7187,-22.5158],[-55.7187,-22.5161],[-55.7194,-22.5163],[-55.7194,-22.5158],[-55.7187,-22.5158]]],[[[-55.7203,-22.5234],[-55.7195,-22.5233],[-55.7194,-22.5236],[-55.7202,-22.5236],[-55.7203,-22.5234]]],[[[-55.7208,-22.4831],[-55.7208,-22.4828],[-55.7206,-22.4828],[-55.7206,-22.483],[-55.7208,-22.4831]]],[[[-55.7216,-22.4928],[-55.7216,-22.4925],[-55.7211,-22.4926],[-55.7212,-22.4928],[-55.7216,-22.4928]]],[[[-55.7249,-22.5311],[-55.725,-22.5309],[-55.7248,-22.5308],[-55.7247,-22.5311],[-55.7249,-22.5311]]],[[[-55.7244,-22.5312],[-55.7242,-22.5311],[-55.7242,-22.5313],[-55.7244,-22.5314],[-55.7244,-22.5312]]],[[[-55.7258,-22.5189],[-55.7258,-22.5186],[-55.7253,-22.5187],[-55.7253,-22.5189],[-55.7258,-22.5189]]],[[[-55.7267,-22.4848],[-55.7264,-22.4847],[-55.7264,-22.4849],[-55.7266,-22.485],[-55.7267,-22.4848]]],[[[-55.7269,-22.517],[-55.7267,-22.5169],[-55.7267,-22.5172],[-55.7269,-22.5172],[-55.7269,-22.517]]],[[[-55.7277,-22.5625],[-55.7278,-22.5623],[-55.7276,-22.5622],[-55.7275,-22.5624],[-55.7277,-22.5625]]],[[[-55.7283,-22.5014],[-55.7286,-22.5006],[-55.7281,-22.5001],[-55.7281,-22.4998],[-55.7276,-22.4997],[-55.7275,-22.5008],[-55.7278,-22.501],[-55.7278,-22.5013],[-55.7283,-22.5014]]],[[[-55.7325,-22.5126],[-55.7322,-22.5126],[-55.7323,-22.5131],[-55.7325,-22.513],[-55.7325,-22.5126]]],[[[-55.733,-22.5144],[-55.7331,-22.5142],[-55.7328,-22.5142],[-55.7328,-22.5144],[-55.733,-22.5144]]],[[[-55.7341,-22.4978],[-55.7342,-22.4976],[-55.7339,-22.4975],[-55.7339,-22.4977],[-55.7341,-22.4978]]],[[[-55.7356,-22.5539],[-55.7351,-22.5536],[-55.7347,-22.5539],[-55.7347,-22.5544],[-55.7352,-22.5544],[-55.7356,-22.5539]]],[[[-55.7353,-22.4864],[-55.7351,-22.4864],[-55.735,-22.4866],[-55.7352,-22.4867],[-55.7353,-22.4864]]],[[[-55.7369,-22.5644],[-55.7375,-22.5639],[-55.7369,-22.5633],[-55.7364,-22.5633],[-55.7361,-22.5637],[-55.7361,-22.5641],[-55.7364,-22.5644],[-55.7369,-22.5644]]],[[[-55.7386,-22.4631],[-55.7386,-22.4628],[-55.7384,-22.4628],[-55.7383,-22.463],[-55.7386,-22.4631]]],[[[-55.7386,-22.5053],[-55.7386,-22.5051],[-55.7384,-22.505],[-55.7383,-22.5052],[-55.7386,-22.5053]]],[[[-55.7384,-22.575],[-55.7389,-22.5747],[-55.7388,-22.5744],[-55.7383,-22.5748],[-55.7384,-22.575]]],[[[-55.7386,-22.5851],[-55.7391,-22.5856],[-55.7394,-22.5852],[-55.7396,-22.5844],[-55.7408,-22.5844],[-55.7408,-22.5842],[-55.7392,-22.5842],[-55.7392,-22.5846],[-55.7386,-22.5851]]],[[[-55.7389,-22.5142],[-55.7387,-22.5142],[-55.7386,-22.5144],[-55.7388,-22.5144],[-55.7389,-22.5142]]],[[[-55.7389,-22.5776],[-55.7387,-22.5775],[-55.7386,-22.5777],[-55.7388,-22.5778],[-55.7389,-22.5776]]],[[[-55.7399,-22.5117],[-55.7399,-22.5114],[-55.7394,-22.5114],[-55.7395,-22.5117],[-55.7399,-22.5117]]],[[[-55.7405,-22.5756],[-55.7406,-22.5751],[-55.7401,-22.575],[-55.74,-22.5755],[-55.7405,-22.5756]]],[[[-55.74,-22.488],[-55.7403,-22.4883],[-55.7408,-22.4883],[-55.7408,-22.4878],[-55.7401,-22.4878],[-55.74,-22.488]]],[[[-55.7406,-22.5695],[-55.7403,-22.5694],[-55.7403,-22.5697],[-55.7405,-22.5697],[-55.7406,-22.5695]]],[[[-55.7408,-22.5175],[-55.7408,-22.5173],[-55.7406,-22.5172],[-55.7406,-22.5174],[-55.7408,-22.5175]]],[[[-55.7425,-22.5714],[-55.7409,-22.5711],[-55.7406,-22.5714],[-55.7411,-22.5721],[-55.7408,-22.5727],[-55.7414,-22.5731],[-55.7422,-22.5731],[-55.7422,-22.572],[-55.7419,-22.5717],[-55.7424,-22.5717],[-55.7425,-22.5714]]],[[[-55.7411,-22.4964],[-55.7409,-22.4964],[-55.7408,-22.4966],[-55.7411,-22.4967],[-55.7411,-22.4964]]],[[[-55.7422,-22.5556],[-55.7422,-22.555],[-55.7418,-22.5553],[-55.7411,-22.5553],[-55.7412,-22.5558],[-55.7419,-22.5558],[-55.7422,-22.5556]]],[[[-55.7412,-22.5689],[-55.7414,-22.5697],[-55.7416,-22.5697],[-55.7417,-22.5689],[-55.7412,-22.5689]]],[[[-55.7419,-22.5822],[-55.7419,-22.5817],[-55.7414,-22.5817],[-55.7411,-22.5827],[-55.7414,-22.5827],[-55.7415,-22.5822],[-55.7419,-22.5822]]],[[[-55.7417,-22.5523],[-55.7414,-22.5522],[-55.7414,-22.5524],[-55.7416,-22.5525],[-55.7417,-22.5523]]],[[[-55.7419,-22.5833],[-55.7419,-22.5831],[-55.7417,-22.5831],[-55.7417,-22.5833],[-55.7419,-22.5833]]],[[[-55.7428,-22.582],[-55.7426,-22.5819],[-55.7425,-22.5822],[-55.7427,-22.5822],[-55.7428,-22.582]]],[[[-55.7433,-22.5811],[-55.7433,-22.5806],[-55.7431,-22.5806],[-55.7431,-22.5811],[-55.7433,-22.5811]]],[[[-55.7433,-22.517],[-55.7431,-22.5169],[-55.7431,-22.5172],[-55.7433,-22.5172],[-55.7433,-22.517]]],[[[-55.7436,-22.4881],[-55.7436,-22.4878],[-55.7434,-22.4878],[-55.7433,-22.488],[-55.7436,-22.4881]]],[[[-55.7436,-22.5139],[-55.7436,-22.5137],[-55.7434,-22.5136],[-55.7433,-22.5138],[-55.7436,-22.5139]]],[[[-55.7439,-22.5239],[-55.7437,-22.5239],[-55.7436,-22.5241],[-55.7438,-22.5242],[-55.7439,-22.5239]]],[[[-55.7442,-22.5781],[-55.7439,-22.5781],[-55.7439,-22.5783],[-55.7441,-22.5783],[-55.7442,-22.5781]]],[[[-55.7447,-22.4878],[-55.7447,-22.4876],[-55.7445,-22.4875],[-55.7444,-22.4877],[-55.7447,-22.4878]]],[[[-55.7447,-22.5558],[-55.7447,-22.5556],[-55.7445,-22.5556],[-55.7444,-22.5558],[-55.7447,-22.5558]]],[[[-55.7445,-22.5233],[-55.745,-22.523],[-55.7449,-22.5228],[-55.7444,-22.5231],[-55.7445,-22.5233]]],[[[-55.7452,-22.5811],[-55.7453,-22.5809],[-55.7451,-22.5808],[-55.745,-22.5811],[-55.7452,-22.5811]]],[[[-55.7456,-22.5548],[-55.7453,-22.5547],[-55.7453,-22.5549],[-55.7455,-22.555],[-55.7456,-22.5548]]],[[[-55.7456,-22.5711],[-55.7456,-22.5719],[-55.7461,-22.5719],[-55.7461,-22.5714],[-55.7456,-22.5711]]],[[[-55.7461,-22.5489],[-55.7461,-22.5487],[-55.7459,-22.5486],[-55.7458,-22.5488],[-55.7461,-22.5489]]],[[[-55.7462,-22.5506],[-55.7458,-22.5509],[-55.7459,-22.5511],[-55.7464,-22.5511],[-55.7464,-22.5506],[-55.7462,-22.5506]]],[[[-55.7467,-22.4834],[-55.7464,-22.4833],[-55.7464,-22.4836],[-55.7466,-22.4836],[-55.7467,-22.4834]]],[[[-55.7469,-22.5531],[-55.7469,-22.5528],[-55.7467,-22.5528],[-55.7467,-22.553],[-55.7469,-22.5531]]],[[[-55.7472,-22.5056],[-55.747,-22.5056],[-55.7469,-22.5058],[-55.7472,-22.5058],[-55.7472,-22.5056]]],[[[-55.7475,-22.5239],[-55.7472,-22.5239],[-55.7473,-22.5247],[-55.7475,-22.5247],[-55.7475,-22.5239]]],[[[-55.748,-22.5728],[-55.7481,-22.5717],[-55.7478,-22.5717],[-55.7475,-22.572],[-55.7475,-22.5724],[-55.748,-22.5728]]],[[[-55.7474,-22.5728],[-55.7472,-22.5728],[-55.7473,-22.5731],[-55.7475,-22.573],[-55.7474,-22.5728]]],[[[-55.748,-22.5225],[-55.7481,-22.5223],[-55.7478,-22.5222],[-55.7478,-22.5224],[-55.748,-22.5225]]],[[[-55.7477,-22.5228],[-55.7475,-22.5228],[-55.7476,-22.5231],[-55.7478,-22.523],[-55.7477,-22.5228]]],[[[-55.7486,-22.5478],[-55.7484,-22.5478],[-55.7483,-22.548],[-55.7486,-22.5481],[-55.7486,-22.5478]]],[[[-55.7501,-22.5694],[-55.7506,-22.5691],[-55.7505,-22.5689],[-55.75,-22.5692],[-55.7501,-22.5694]]],[[[-55.7514,-22.5599],[-55.7519,-22.56],[-55.7522,-22.5597],[-55.7522,-22.559],[-55.7525,-22.5587],[-55.7509,-22.5578],[-55.7506,-22.5584],[-55.7508,-22.559],[-55.7503,-22.5592],[-55.7503,-22.5605],[-55.7513,-22.5608],[-55.7511,-22.5601],[-55.7514,-22.5599]]],[[[-55.7511,-22.5453],[-55.7508,-22.545],[-55.7506,-22.5451],[-55.7509,-22.5456],[-55.7511,-22.5453]]],[[[-55.7513,-22.5681],[-55.7514,-22.5678],[-55.7512,-22.5678],[-55.7511,-22.568],[-55.7513,-22.5681]]],[[[-55.7516,-22.5631],[-55.7517,-22.5626],[-55.7514,-22.5625],[-55.7514,-22.563],[-55.7516,-22.5631]]],[[[-55.7519,-22.5728],[-55.7519,-22.5726],[-55.7517,-22.5725],[-55.7517,-22.5727],[-55.7519,-22.5728]]],[[[-55.7527,-22.4808],[-55.7528,-22.4801],[-55.7526,-22.48],[-55.7525,-22.4808],[-55.7527,-22.4808]]],[[[-55.7533,-22.5606],[-55.7539,-22.5608],[-55.7538,-22.5603],[-55.7531,-22.5603],[-55.7532,-22.5608],[-55.7528,-22.5614],[-55.7528,-22.5622],[-55.7533,-22.5619],[-55.7533,-22.5615],[-55.7536,-22.5613],[-55.7532,-22.5608],[-55.7533,-22.5606]]],[[[-55.7531,-22.5358],[-55.7536,-22.5358],[-55.7536,-22.5356],[-55.7531,-22.5353],[-55.7531,-22.5358]]],[[[-55.7533,-22.5197],[-55.7533,-22.5195],[-55.7531,-22.5194],[-55.7531,-22.5197],[-55.7533,-22.5197]]],[[[-55.7533,-22.5647],[-55.7533,-22.5645],[-55.7531,-22.5644],[-55.7531,-22.5647],[-55.7533,-22.5647]]],[[[-55.7538,-22.5417],[-55.7539,-22.5414],[-55.7534,-22.5411],[-55.7533,-22.5413],[-55.7538,-22.5417]]],[[[-55.7544,-22.56],[-55.7544,-22.5595],[-55.7539,-22.5592],[-55.7542,-22.5599],[-55.7544,-22.56]]],[[[-55.7553,-22.5753],[-55.7545,-22.5753],[-55.7544,-22.5755],[-55.7552,-22.5756],[-55.7553,-22.5753]]],[[[-55.7561,-22.5406],[-55.7553,-22.5406],[-55.755,-22.5411],[-55.7555,-22.5411],[-55.7561,-22.5406]]],[[[-55.7555,-22.5442],[-55.7556,-22.5437],[-55.7553,-22.5436],[-55.7553,-22.5441],[-55.7555,-22.5442]]],[[[-55.7563,-22.5786],[-55.7564,-22.5781],[-55.7561,-22.5778],[-55.7553,-22.5778],[-55.7563,-22.5786]]],[[[-55.7558,-22.5458],[-55.7558,-22.5456],[-55.7556,-22.5456],[-55.7556,-22.5458],[-55.7558,-22.5458]]],[[[-55.7567,-22.58],[-55.7565,-22.5803],[-55.7558,-22.5803],[-55.7558,-22.5813],[-55.7562,-22.5817],[-55.7569,-22.5808],[-55.7569,-22.5801],[-55.7567,-22.58]]],[[[-55.7566,-22.5797],[-55.7569,-22.5794],[-55.7569,-22.5792],[-55.7565,-22.5794],[-55.7558,-22.5795],[-55.7559,-22.5797],[-55.7566,-22.5797]]],[[[-55.7562,-22.5392],[-55.7561,-22.5399],[-55.7563,-22.54],[-55.7567,-22.5397],[-55.7567,-22.5392],[-55.7562,-22.5392]]],[[[-55.7569,-22.5684],[-55.7567,-22.5684],[-55.7567,-22.5692],[-55.7569,-22.5691],[-55.7569,-22.5684]]],[[[-55.7564,-22.5683],[-55.7563,-22.5681],[-55.7561,-22.5681],[-55.7562,-22.5683],[-55.7564,-22.5683]]],[[[-55.7571,-22.5403],[-55.7575,-22.5398],[-55.7573,-22.5397],[-55.7569,-22.5401],[-55.757,-22.5411],[-55.7572,-22.5411],[-55.7571,-22.5403]]],[[[-55.758,-22.5847],[-55.7581,-22.5845],[-55.7578,-22.5844],[-55.7578,-22.5847],[-55.758,-22.5847]]],[[[-55.7597,-22.5801],[-55.7595,-22.58],[-55.7594,-22.5802],[-55.7597,-22.5803],[-55.7597,-22.5801]]],[[[-55.7622,-22.552],[-55.7617,-22.5519],[-55.7617,-22.5522],[-55.7622,-22.5522],[-55.7622,-22.552]]],[[[-55.7624,-22.5713],[-55.7628,-22.5708],[-55.7627,-22.5706],[-55.7622,-22.5706],[-55.7623,-22.5713],[-55.7619,-22.5717],[-55.762,-22.5719],[-55.7625,-22.5716],[-55.7624,-22.5713]]],[[[-55.763,-22.4961],[-55.7631,-22.4956],[-55.7626,-22.4956],[-55.7625,-22.4961],[-55.763,-22.4961]]],[[[-55.766,-22.5594],[-55.7655,-22.5592],[-55.7653,-22.5592],[-55.7653,-22.5597],[-55.7663,-22.5597],[-55.7669,-22.5591],[-55.7669,-22.5587],[-55.7667,-22.5586],[-55.766,-22.5594]]],[[[-55.7669,-22.5578],[-55.7662,-22.5578],[-55.7658,-22.5583],[-55.7669,-22.5581],[-55.7669,-22.5578]]],[[[-55.7736,-22.5755],[-55.7742,-22.5751],[-55.7739,-22.575],[-55.7736,-22.5755]]],[[[-55.775,-22.5759],[-55.7742,-22.5758],[-55.7742,-22.5761],[-55.7749,-22.5761],[-55.775,-22.5759]]],[[[-55.7974,-22.5953],[-55.7975,-22.5939],[-55.7967,-22.5936],[-55.7969,-22.5943],[-55.7967,-22.5945],[-55.7967,-22.5949],[-55.7974,-22.5953]]],[[[-55.7999,-22.5925],[-55.7999,-22.5922],[-55.7992,-22.5922],[-55.7992,-22.5926],[-55.7987,-22.5931],[-55.7983,-22.5931],[-55.7984,-22.5942],[-55.7986,-22.5941],[-55.7986,-22.5933],[-55.7988,-22.5933],[-55.7994,-22.5925],[-55.7999,-22.5925]]]]}},{"type":"Feature","properties":{"ano":2011},"geometry":{"type":"MultiPolygon","coordinates":[[[[-55.6447,-22.6142],[-55.6445,-22.6142],[-55.6439,-22.6147],[-55.6439,-22.6139],[-55.6436,-22.6136],[-55.6431,-22.6139],[-55.6437,-22.615],[-55.6441,-22.615],[-55.6447,-22.6142]]],[[[-55.6456,-22.6131],[-55.6452,-22.6128],[-55.645,-22.6128],[-55.6453,-22.6133],[-55.6456,-22.6131]]],[[[-55.6556,-22.6056],[-55.6553,-22.6056],[-55.6553,-22.6058],[-55.6555,-22.6058],[-55.6556,-22.6056]]],[[[-55.6727,-22.5919],[-55.6728,-22.5917],[-55.6726,-22.5917],[-55.6725,-22.5919],[-55.6727,-22.5919]]],[[[-55.6767,-22.5781],[-55.6762,-22.5781],[-55.6761,-22.5783],[-55.6766,-22.5783],[-55.6767,-22.5781]]],[[[-55.6758,-22.578],[-55.6758,-22.5778],[-55.6756,-22.5778],[-55.6756,-22.5781],[-55.6758,-22.578]]],[[[-55.6769,-22.5773],[-55.6766,-22.5769],[-55.6764,-22.577],[-55.6767,-22.5775],[-55.6769,-22.5773]]],[[[-55.6783,-22.5769],[-55.6783,-22.5767],[-55.6781,-22.5767],[-55.6781,-22.5769],[-55.6783,-22.5769]]],[[[-55.6844,-22.5798],[-55.6842,-22.5797],[-55.6842,-22.5799],[-55.6844,-22.58],[-55.6844,-22.5798]]],[[[-55.686,-22.5569],[-55.6864,-22.5566],[-55.6863,-22.5564],[-55.6859,-22.5564],[-55.6856,-22.5567],[-55.6856,-22.5572],[-55.6861,-22.5572],[-55.686,-22.5569]]],[[[-55.6861,-22.5747],[-55.6861,-22.5745],[-55.6859,-22.5744],[-55.6858,-22.5747],[-55.6861,-22.5747]]],[[[-55.6861,-22.5803],[-55.6861,-22.5801],[-55.6859,-22.58],[-55.6858,-22.5802],[-55.6861,-22.5803]]],[[[-55.6869,-22.5692],[-55.6867,-22.5692],[-55.6867,-22.5694],[-55.6869,-22.5694],[-55.6869,-22.5692]]],[[[-55.6878,-22.5698],[-55.6876,-22.5697],[-55.6875,-22.5699],[-55.6877,-22.57],[-55.6878,-22.5698]]],[[[-55.6911,-22.5558],[-55.6919,-22.5556],[-55.6919,-22.5553],[-55.6912,-22.5553],[-55.6911,-22.5558]]],[[[-55.6928,-22.5884],[-55.6925,-22.5884],[-55.6926,-22.5889],[-55.6928,-22.5888],[-55.6928,-22.5884]]],[[[-55.6972,-22.5504],[-55.6976,-22.5497],[-55.6981,-22.5497],[-55.6982,-22.5492],[-55.6986,-22.5491],[-55.6986,-22.5486],[-55.6976,-22.5483],[-55.6975,-22.5487],[-55.6969,-22.5489],[-55.6967,-22.5505],[-55.6972,-22.5504]]],[[[-55.7003,-22.5826],[-55.7,-22.5826],[-55.7001,-22.5831],[-55.7003,-22.583],[-55.7003,-22.5826]]],[[[-55.7014,-22.5745],[-55.7012,-22.5744],[-55.7011,-22.5747],[-55.7013,-22.5747],[-55.7014,-22.5745]]],[[[-55.7008,-22.5744],[-55.7007,-22.5741],[-55.7011,-22.5737],[-55.7006,-22.5736],[-55.7003,-22.5741],[-55.7006,-22.5744],[-55.7008,-22.5744]]],[[[-55.7008,-22.5786],[-55.7008,-22.5784],[-55.7006,-22.5783],[-55.7006,-22.5786],[-55.7008,-22.5786]]],[[[-55.7017,-22.5773],[-55.7014,-22.5772],[-55.7014,-22.5774],[-55.7016,-22.5775],[-55.7017,-22.5773]]],[[[-55.7025,-22.5759],[-55.7023,-22.5758],[-55.7022,-22.5761],[-55.7024,-22.5761],[-55.7025,-22.5759]]],[[[-55.7028,-22.5639],[-55.7026,-22.5639],[-55.7025,-22.5641],[-55.7027,-22.5642],[-55.7028,-22.5639]]],[[[-55.7031,-22.5792],[-55.7028,-22.5792],[-55.7028,-22.58],[-55.7033,-22.5797],[-55.7031,-22.5792]]],[[[-55.7034,-22.5669],[-55.7034,-22.5675],[-55.7042,-22.5674],[-55.7038,-22.5669],[-55.7034,-22.5669]]],[[[-55.7039,-22.5153],[-55.7037,-22.5153],[-55.7036,-22.5155],[-55.7038,-22.5156],[-55.7039,-22.5153]]],[[[-55.7042,-22.5162],[-55.7039,-22.5161],[-55.7039,-22.5163],[-55.7041,-22.5164],[-55.7042,-22.5162]]],[[[-55.7042,-22.5611],[-55.7042,-22.5617],[-55.7046,-22.5614],[-55.7053,-22.5613],[-55.7052,-22.5611],[-55.7042,-22.5611]]],[[[-55.7056,-22.5626],[-55.7053,-22.5625],[-55.7053,-22.5627],[-55.7055,-22.5628],[-55.7056,-22.5626]]],[[[-55.7064,-22.5192],[-55.7061,-22.5189],[-55.7058,-22.5189],[-55.7061,-22.5193],[-55.7061,-22.5199],[-55.7064,-22.5201],[-55.7064,-22.5208],[-55.7066,-22.5208],[-55.7067,-22.5198],[-55.7064,-22.5196],[-55.7064,-22.5192]]],[[[-55.7077,-22.5656],[-55.7078,-22.5651],[-55.7076,-22.565],[-55.7075,-22.5655],[-55.7077,-22.5656]]],[[[-55.7108,-22.5673],[-55.7106,-22.5672],[-55.7106,-22.5674],[-55.7108,-22.5675],[-55.7108,-22.5673]]],[[[-55.7112,-22.5617],[-55.7108,-22.562],[-55.7109,-22.5622],[-55.7114,-22.5622],[-55.7114,-22.5617],[-55.7112,-22.5617]]],[[[-55.713,-22.5633],[-55.7122,-22.5622],[-55.7119,-22.5623],[-55.712,-22.5631],[-55.713,-22.5633]]],[[[-55.7125,-22.5745],[-55.7123,-22.5744],[-55.7122,-22.5747],[-55.7124,-22.5747],[-55.7125,-22.5745]]],[[[-55.7147,-22.4886],[-55.715,-22.4878],[-55.7147,-22.4875],[-55.7142,-22.4875],[-55.7139,-22.4886],[-55.7147,-22.4886]]],[[[-55.7145,-22.5669],[-55.715,-22.5666],[-55.7149,-22.5664],[-55.7144,-22.5667],[-55.7145,-22.5669]]],[[[-55.7144,-22.5516],[-55.715,-22.5512],[-55.7148,-22.5511],[-55.7144,-22.5516]]],[[[-55.715,-22.5053],[-55.7148,-22.5053],[-55.7147,-22.5055],[-55.7149,-22.5056],[-55.715,-22.5053]]],[[[-55.7169,-22.5512],[-55.7156,-22.5511],[-55.7156,-22.5513],[-55.7162,-22.5514],[-55.7164,-22.5519],[-55.7169,-22.5522],[-55.7169,-22.5512]]],[[[-55.7167,-22.5211],[-55.7175,-22.5208],[-55.7172,-22.5203],[-55.7167,-22.5203],[-55.7164,-22.5206],[-55.7167,-22.5211]]],[[[-55.7181,-22.4901],[-55.7176,-22.49],[-55.7175,-22.4905],[-55.718,-22.4906],[-55.7181,-22.4901]]],[[[-55.7181,-22.4881],[-55.7178,-22.4881],[-55.7178,-22.4883],[-55.718,-22.4883],[-55.7181,-22.4881]]],[[[-55.7183,-22.5242],[-55.7181,-22.5242],[-55.7181,-22.5244],[-55.7183,-22.5244],[-55.7183,-22.5242]]],[[[-55.7194,-22.5006],[-55.7194,-22.5003],[-55.7189,-22.5003],[-55.7189,-22.5006],[-55.7194,-22.5006]]],[[[-55.7203,-22.4828],[-55.72,-22.4828],[-55.7201,-22.4833],[-55.7203,-22.4833],[-55.7203,-22.4828]]],[[[-55.7208,-22.4911],[-55.7208,-22.4909],[-55.7206,-22.4908],[-55.7206,-22.4911],[-55.7208,-22.4911]]],[[[-55.7211,-22.5712],[-55.7209,-22.5711],[-55.7208,-22.5713],[-55.7211,-22.5714],[-55.7211,-22.5712]]],[[[-55.7214,-22.4923],[-55.7212,-22.4922],[-55.7211,-22.4924],[-55.7213,-22.4925],[-55.7214,-22.4923]]],[[[-55.7214,-22.4916],[-55.7221,-22.4917],[-55.7223,-22.4919],[-55.7225,-22.4919],[-55.7224,-22.4914],[-55.7214,-22.4914],[-55.7214,-22.4916]]],[[[-55.7261,-22.5062],[-55.7259,-22.5061],[-55.7258,-22.5063],[-55.7261,-22.5064],[-55.7261,-22.5062]]],[[[-55.7264,-22.4978],[-55.7262,-22.4978],[-55.7261,-22.498],[-55.7263,-22.4981],[-55.7264,-22.4978]]],[[[-55.7277,-22.5769],[-55.7278,-22.5767],[-55.7276,-22.5767],[-55.7275,-22.5769],[-55.7277,-22.5769]]],[[[-55.7303,-22.4856],[-55.7319,-22.4856],[-55.7319,-22.4853],[-55.7313,-22.4853],[-55.7308,-22.4847],[-55.7301,-22.4847],[-55.73,-22.4837],[-55.7292,-22.4836],[-55.7292,-22.4844],[-55.7294,-22.4846],[-55.7294,-22.4852],[-55.7298,-22.4855],[-55.7297,-22.4858],[-55.7302,-22.4858],[-55.7303,-22.4856]]],[[[-55.7297,-22.4861],[-55.7294,-22.4862],[-55.7295,-22.4864],[-55.7297,-22.4863],[-55.7297,-22.4861]]],[[[-55.7298,-22.4867],[-55.7297,-22.4872],[-55.7299,-22.4872],[-55.73,-22.4867],[-55.7298,-22.4867]]],[[[-55.7305,-22.4975],[-55.7302,-22.4967],[-55.7295,-22.4969],[-55.7294,-22.4974],[-55.7305,-22.4975]]],[[[-55.7308,-22.4981],[-55.7303,-22.4981],[-55.7303,-22.4989],[-55.7308,-22.4988],[-55.7308,-22.4981]]],[[[-55.7327,-22.5128],[-55.7328,-22.5126],[-55.7326,-22.5125],[-55.7325,-22.5127],[-55.7327,-22.5128]]],[[[-55.7324,-22.5131],[-55.7322,-22.5131],[-55.7323,-22.5133],[-55.7325,-22.5133],[-55.7324,-22.5131]]],[[[-55.7342,-22.5876],[-55.7339,-22.5875],[-55.7339,-22.5877],[-55.7341,-22.5878],[-55.7342,-22.5876]]],[[[-55.7369,-22.5645],[-55.7367,-22.5645],[-55.7367,-22.565],[-55.7369,-22.5649],[-55.7369,-22.5645]]],[[[-55.7372,-22.5703],[-55.7372,-22.5701],[-55.737,-22.57],[-55.7369,-22.5702],[-55.7372,-22.5703]]],[[[-55.7375,-22.5692],[-55.7373,-22.5692],[-55.7372,-22.5694],[-55.7374,-22.5694],[-55.7375,-22.5692]]],[[[-55.7377,-22.5669],[-55.7378,-22.5667],[-55.7376,-22.5667],[-55.7375,-22.5669],[-55.7377,-22.5669]]],[[[-55.7383,-22.5045],[-55.7381,-22.5044],[-55.7381,-22.5047],[-55.7383,-22.5047],[-55.7383,-22.5045]]],[[[-55.7397,-22.5251],[-55.7392,-22.5247],[-55.7389,-22.5252],[-55.7394,-22.5252],[-55.7394,-22.5258],[-55.7397,-22.5258],[-55.7397,-22.5251]]],[[[-55.7405,-22.5222],[-55.7406,-22.5214],[-55.7411,-22.5214],[-55.7417,-22.5206],[-55.7403,-22.5208],[-55.7397,-22.5214],[-55.7397,-22.5219],[-55.7401,-22.5222],[-55.7405,-22.5222]]],[[[-55.7411,-22.4876],[-55.7408,-22.4872],[-55.74,-22.4873],[-55.7403,-22.4878],[-55.7407,-22.4878],[-55.7409,-22.4881],[-55.7411,-22.488],[-55.7411,-22.4876]]],[[[-55.7406,-22.5753],[-55.7403,-22.5756],[-55.7403,-22.5758],[-55.7408,-22.5758],[-55.7408,-22.5753],[-55.7406,-22.5753]]],[[[-55.7406,-22.5694],[-55.741,-22.5694],[-55.7411,-22.5699],[-55.7414,-22.5699],[-55.7413,-22.5692],[-55.7406,-22.5692],[-55.7406,-22.5694]]],[[[-55.7411,-22.5123],[-55.7409,-22.5122],[-55.7408,-22.5124],[-55.7411,-22.5125],[-55.7411,-22.5123]]],[[[-55.7419,-22.5551],[-55.7417,-22.555],[-55.7417,-22.5552],[-55.7419,-22.5553],[-55.7419,-22.5551]]],[[[-55.7425,-22.5531],[-55.7417,-22.5531],[-55.7417,-22.5538],[-55.7422,-22.5539],[-55.7425,-22.5536],[-55.7425,-22.5531]]],[[[-55.7419,-22.5731],[-55.7417,-22.5731],[-55.7417,-22.5733],[-55.7419,-22.5733],[-55.7419,-22.5731]]],[[[-55.7425,-22.572],[-55.7422,-22.572],[-55.7423,-22.5725],[-55.7425,-22.5724],[-55.7425,-22.572]]],[[[-55.7428,-22.6045],[-55.7425,-22.6043],[-55.7425,-22.6039],[-55.7423,-22.6039],[-55.7422,-22.6044],[-55.7426,-22.605],[-55.7428,-22.6049],[-55.7428,-22.6045]]],[[[-55.7431,-22.5806],[-55.7428,-22.5806],[-55.7428,-22.5808],[-55.743,-22.5808],[-55.7431,-22.5806]]],[[[-55.7434,-22.5719],[-55.7431,-22.5723],[-55.7431,-22.5725],[-55.7436,-22.5724],[-55.7436,-22.572],[-55.7434,-22.5719]]],[[[-55.7448,-22.4872],[-55.7447,-22.4875],[-55.7442,-22.4875],[-55.7433,-22.4883],[-55.7443,-22.4883],[-55.7444,-22.4894],[-55.7452,-22.4894],[-55.7456,-22.4891],[-55.7456,-22.4888],[-55.746,-22.4883],[-55.7464,-22.4883],[-55.7464,-22.4878],[-55.746,-22.4878],[-55.7455,-22.4872],[-55.7448,-22.4872]]],[[[-55.7433,-22.4878],[-55.7433,-22.4876],[-55.7431,-22.4875],[-55.7431,-22.4877],[-55.7433,-22.4878]]],[[[-55.7447,-22.4869],[-55.7447,-22.4867],[-55.7445,-22.4867],[-55.7444,-22.4869],[-55.7447,-22.4869]]],[[[-55.7439,-22.5517],[-55.7436,-22.5515],[-55.7436,-22.5512],[-55.7434,-22.5511],[-55.7433,-22.5516],[-55.7437,-22.5519],[-55.7439,-22.5517]]],[[[-55.7449,-22.5583],[-55.745,-22.5581],[-55.7448,-22.5581],[-55.7447,-22.5583],[-55.7449,-22.5583]]],[[[-55.7458,-22.4851],[-55.7456,-22.485],[-55.7456,-22.4852],[-55.7458,-22.4853],[-55.7458,-22.4851]]],[[[-55.7475,-22.5498],[-55.7473,-22.5497],[-55.7472,-22.5499],[-55.7474,-22.55],[-55.7475,-22.5498]]],[[[-55.7469,-22.5497],[-55.7463,-22.5489],[-55.7456,-22.5489],[-55.7459,-22.5503],[-55.7464,-22.5502],[-55.7464,-22.5498],[-55.746,-22.5494],[-55.7461,-22.5492],[-55.7467,-22.5497],[-55.7469,-22.5497]]],[[[-55.7469,-22.4769],[-55.7469,-22.4767],[-55.7458,-22.4767],[-55.7459,-22.4769],[-55.7469,-22.4769]]],[[[-55.7483,-22.572],[-55.7481,-22.5719],[-55.7481,-22.5722],[-55.7483,-22.5722],[-55.7483,-22.572]]],[[[-55.7486,-22.5142],[-55.7484,-22.5142],[-55.7483,-22.5144],[-55.7486,-22.5144],[-55.7486,-22.5142]]],[[[-55.7492,-22.5126],[-55.7489,-22.5125],[-55.7489,-22.5127],[-55.7491,-22.5128],[-55.7492,-22.5126]]],[[[-55.7488,-22.5131],[-55.7486,-22.5131],[-55.7487,-22.5133],[-55.7489,-22.5133],[-55.7488,-22.5131]]],[[[-55.7506,-22.5096],[-55.7508,-22.5092],[-55.7506,-22.5092],[-55.7503,-22.5095],[-55.7503,-22.5103],[-55.7506,-22.5102],[-55.7506,-22.5096]]],[[[-55.75,-22.5103],[-55.7497,-22.5103],[-55.7492,-22.5117],[-55.7497,-22.5113],[-55.75,-22.5103]]],[[[-55.7497,-22.4753],[-55.7495,-22.4753],[-55.7494,-22.4755],[-55.7497,-22.4756],[-55.7497,-22.4753]]],[[[-55.7497,-22.4764],[-55.7495,-22.4764],[-55.7494,-22.4766],[-55.7497,-22.4767],[-55.7497,-22.4764]]],[[[-55.7513,-22.5186],[-55.7511,-22.5181],[-55.7503,-22.5181],[-55.75,-22.5186],[-55.7513,-22.5186]]],[[[-55.7514,-22.5448],[-55.7506,-22.5444],[-55.75,-22.5449],[-55.7513,-22.5453],[-55.7514,-22.5448]]],[[[-55.7508,-22.5498],[-55.7506,-22.5497],[-55.7506,-22.5499],[-55.7508,-22.55],[-55.7508,-22.5498]]],[[[-55.7514,-22.5759],[-55.7512,-22.5758],[-55.7511,-22.5761],[-55.7513,-22.5761],[-55.7514,-22.5759]]],[[[-55.7514,-22.5789],[-55.7512,-22.5789],[-55.7511,-22.5791],[-55.7513,-22.5792],[-55.7514,-22.5789]]],[[[-55.7519,-22.5639],[-55.7517,-22.5639],[-55.7517,-22.5641],[-55.7519,-22.5642],[-55.7519,-22.5639]]],[[[-55.7528,-22.5318],[-55.7533,-22.5316],[-55.7536,-22.5306],[-55.7532,-22.5306],[-55.7525,-22.5299],[-55.7525,-22.5293],[-55.7528,-22.5289],[-55.7517,-22.5286],[-55.7517,-22.5299],[-55.7523,-22.5308],[-55.7528,-22.531],[-55.7528,-22.5315],[-55.7519,-22.5324],[-55.7522,-22.5325],[-55.7528,-22.5318]]],[[[-55.752,-22.5664],[-55.7528,-22.5653],[-55.7526,-22.5653],[-55.7519,-22.5659],[-55.752,-22.5664]]],[[[-55.7536,-22.5359],[-55.7534,-22.5358],[-55.7533,-22.5361],[-55.7536,-22.5361],[-55.7536,-22.5359]]],[[[-55.7531,-22.5358],[-55.753,-22.5353],[-55.7519,-22.5353],[-55.752,-22.5361],[-55.7527,-22.5361],[-55.7531,-22.5358]]],[[[-55.7528,-22.4809],[-55.7525,-22.4809],[-55.7526,-22.4814],[-55.7528,-22.4813],[-55.7528,-22.4809]]],[[[-55.7531,-22.5526],[-55.7525,-22.5533],[-55.7536,-22.5536],[-55.7547,-22.5524],[-55.7547,-22.5517],[-55.7539,-22.5511],[-55.7533,-22.5517],[-55.7531,-22.5526]]],[[[-55.7528,-22.5347],[-55.7537,-22.5353],[-55.7539,-22.5352],[-55.7539,-22.5348],[-55.7531,-22.5342],[-55.7528,-22.5347]]],[[[-55.7531,-22.5367],[-55.7531,-22.5372],[-55.7536,-22.5372],[-55.7536,-22.537],[-55.7531,-22.5367]]],[[[-55.7536,-22.545],[-55.7536,-22.5448],[-55.7534,-22.5447],[-55.7533,-22.5449],[-55.7536,-22.545]]],[[[-55.7539,-22.5298],[-55.7537,-22.5297],[-55.7536,-22.5299],[-55.7538,-22.53],[-55.7539,-22.5298]]],[[[-55.7538,-22.4875],[-55.7539,-22.4873],[-55.7537,-22.4872],[-55.7536,-22.4874],[-55.7538,-22.4875]]],[[[-55.7538,-22.5597],[-55.7539,-22.5592],[-55.7537,-22.5592],[-55.7536,-22.5597],[-55.7538,-22.5597]]],[[[-55.7542,-22.5603],[-55.7539,-22.5603],[-55.7539,-22.5608],[-55.7542,-22.5608],[-55.7542,-22.5603]]],[[[-55.7542,-22.4889],[-55.7539,-22.4889],[-55.7539,-22.4891],[-55.7541,-22.4892],[-55.7542,-22.4889]]],[[[-55.7545,-22.5756],[-55.7544,-22.5758],[-55.7549,-22.5761],[-55.755,-22.5756],[-55.7545,-22.5756]]],[[[-55.7547,-22.5412],[-55.7545,-22.5411],[-55.7544,-22.5413],[-55.7547,-22.5414],[-55.7547,-22.5412]]],[[[-55.755,-22.5381],[-55.7545,-22.5381],[-55.7544,-22.5386],[-55.7549,-22.5386],[-55.755,-22.5381]]],[[[-55.7552,-22.5792],[-55.7553,-22.5789],[-55.7551,-22.5789],[-55.755,-22.5791],[-55.7552,-22.5792]]],[[[-55.7558,-22.5051],[-55.7556,-22.5051],[-55.7556,-22.5058],[-55.7558,-22.5058],[-55.7558,-22.5051]]],[[[-55.7558,-22.5434],[-55.7556,-22.5433],[-55.7556,-22.5436],[-55.7558,-22.5436],[-55.7558,-22.5434]]],[[[-55.7561,-22.5417],[-55.7558,-22.5417],[-55.7559,-22.5425],[-55.7561,-22.5424],[-55.7561,-22.5417]]],[[[-55.7564,-22.5405],[-55.7561,-22.5395],[-55.7559,-22.5394],[-55.7559,-22.5406],[-55.7564,-22.5405]]],[[[-55.7566,-22.5833],[-55.7566,-22.5831],[-55.7561,-22.5831],[-55.7562,-22.5833],[-55.7566,-22.5833]]],[[[-55.7567,-22.5678],[-55.7564,-22.5678],[-55.7564,-22.568],[-55.7566,-22.5681],[-55.7567,-22.5678]]],[[[-55.7572,-22.5414],[-55.7572,-22.5411],[-55.7564,-22.5412],[-55.7564,-22.5414],[-55.7572,-22.5414]]],[[[-55.7594,-22.5075],[-55.7594,-22.5073],[-55.7592,-22.5072],[-55.7592,-22.5074],[-55.7594,-22.5075]]],[[[-55.7591,-22.5069],[-55.7592,-22.5064],[-55.7583,-22.5056],[-55.7575,-22.5056],[-55.7576,-22.5064],[-55.758,-22.5063],[-55.7591,-22.5069]]],[[[-55.7572,-22.5055],[-55.7572,-22.505],[-55.7564,-22.5051],[-55.7567,-22.5056],[-55.7572,-22.5055]]],[[[-55.7569,-22.5447],[-55.7569,-22.5445],[-55.7567,-22.5444],[-55.7567,-22.5447],[-55.7569,-22.5447]]],[[[-55.757,-22.5406],[-55.7575,-22.5402],[-55.7574,-22.54],[-55.7569,-22.5403],[-55.757,-22.5406]]],[[[-55.7578,-22.4676],[-55.7572,-22.4669],[-55.7569,-22.467],[-55.7569,-22.468],[-55.7573,-22.4683],[-55.7578,-22.4683],[-55.7578,-22.4676]]],[[[-55.7574,-22.5528],[-55.7575,-22.5526],[-55.7573,-22.5525],[-55.7572,-22.5527],[-55.7574,-22.5528]]],[[[-55.7586,-22.5492],[-55.7583,-22.5492],[-55.7584,-22.5497],[-55.7586,-22.5497],[-55.7586,-22.5492]]],[[[-55.7597,-22.5803],[-55.7594,-22.5803],[-55.7595,-22.5808],[-55.7597,-22.5808],[-55.7597,-22.5803]]],[[[-55.7603,-22.5767],[-55.7598,-22.5767],[-55.7597,-22.5769],[-55.7602,-22.5769],[-55.7603,-22.5767]]],[[[-55.7611,-22.5482],[-55.7597,-22.5498],[-55.7603,-22.5506],[-55.7608,-22.5502],[-55.7608,-22.5493],[-55.7617,-22.5491],[-55.7617,-22.5488],[-55.7625,-22.548],[-55.7625,-22.5476],[-55.7617,-22.5475],[-55.7615,-22.5478],[-55.7612,-22.5478],[-55.7611,-22.5482]]],[[[-55.7606,-22.5423],[-55.7603,-22.5422],[-55.7603,-22.5424],[-55.7605,-22.5425],[-55.7606,-22.5423]]],[[[-55.7608,-22.4951],[-55.7603,-22.495],[-55.7603,-22.4952],[-55.7608,-22.4953],[-55.7608,-22.4951]]],[[[-55.7611,-22.5719],[-55.7611,-22.5717],[-55.7609,-22.5717],[-55.7608,-22.5719],[-55.7611,-22.5719]]],[[[-55.7617,-22.5428],[-55.7614,-22.5428],[-55.7614,-22.5433],[-55.7617,-22.5433],[-55.7617,-22.5428]]],[[[-55.7633,-22.5706],[-55.7628,-22.5706],[-55.7625,-22.5709],[-55.762,-22.5706],[-55.7619,-22.5711],[-55.7625,-22.5711],[-55.7627,-22.5714],[-55.7628,-22.571],[-55.7633,-22.5708],[-55.7633,-22.5706]]],[[[-55.7624,-22.5717],[-55.7617,-22.5723],[-55.7617,-22.5725],[-55.7625,-22.5719],[-55.7624,-22.5717]]],[[[-55.7619,-22.5716],[-55.7619,-22.5714],[-55.7617,-22.5714],[-55.7617,-22.5717],[-55.7619,-22.5716]]],[[[-55.7633,-22.4961],[-55.7633,-22.4956],[-55.7631,-22.4956],[-55.7631,-22.4961],[-55.7633,-22.4961]]],[[[-55.7633,-22.5725],[-55.7633,-22.572],[-55.7631,-22.5719],[-55.7631,-22.5724],[-55.7633,-22.5725]]],[[[-55.7647,-22.5853],[-55.7645,-22.5853],[-55.7644,-22.5855],[-55.7647,-22.5856],[-55.7647,-22.5853]]],[[[-55.7649,-22.5711],[-55.765,-22.5709],[-55.7648,-22.5708],[-55.7647,-22.5711],[-55.7649,-22.5711]]],[[[-55.7655,-22.5692],[-55.7656,-22.5689],[-55.7653,-22.5689],[-55.7653,-22.5691],[-55.7655,-22.5692]]],[[[-55.7711,-22.5772],[-55.7708,-22.5761],[-55.7706,-22.5762],[-55.7703,-22.5772],[-55.7711,-22.5772]]],[[[-55.7722,-22.5567],[-55.7719,-22.5561],[-55.7706,-22.5561],[-55.7706,-22.5568],[-55.7703,-22.5572],[-55.771,-22.5572],[-55.7712,-22.5575],[-55.7722,-22.5575],[-55.7722,-22.5567]]],[[[-55.775,-22.5745],[-55.7745,-22.5744],[-55.7743,-22.5747],[-55.7739,-22.5747],[-55.7736,-22.5752],[-55.7749,-22.5747],[-55.775,-22.5745]]],[[[-55.7736,-22.5756],[-55.7733,-22.5756],[-55.7731,-22.5764],[-55.7744,-22.5763],[-55.7744,-22.5761],[-55.7738,-22.5761],[-55.7736,-22.5756]]],[[[-55.7998,-22.5928],[-55.8003,-22.5924],[-55.8,-22.5915],[-55.8006,-22.5911],[-55.8005,-22.5908],[-55.8001,-22.5908],[-55.7993,-22.5919],[-55.7986,-22.592],[-55.7987,-22.5925],[-55.7994,-22.5924],[-55.7998,-22.5928]]]]}},{"type":"Feature","properties":{"ano":2012},"geometry":{"type":"MultiPolygon","coordinates":[[[[-55.6436,-22.6153],[-55.6433,-22.6142],[-55.6431,-22.6142],[-55.6431,-22.6149],[-55.6436,-22.6153]]],[[[-55.6447,-22.6124],[-55.6456,-22.6133],[-55.6463,-22.6133],[-55.6467,-22.613],[-55.6458,-22.6117],[-55.6451,-22.6117],[-55.6447,-22.612],[-55.6447,-22.6124]]],[[[-55.6453,-22.6139],[-55.6451,-22.6139],[-55.645,-22.6141],[-55.6452,-22.6142],[-55.6453,-22.6139]]],[[[-55.6561,-22.6053],[-55.6556,-22.6056],[-55.6556,-22.6058],[-55.6561,-22.6058],[-55.6561,-22.6053]]],[[[-55.6761,-22.5781],[-55.6759,-22.5781],[-55.6758,-22.5783],[-55.6761,-22.5783],[-55.6761,-22.5781]]],[[[-55.6772,-22.577],[-55.6767,-22.5769],[-55.6767,-22.5772],[-55.6772,-22.5772],[-55.6772,-22.577]]],[[[-55.6797,-22.5592],[-55.6795,-22.5592],[-55.6794,-22.5594],[-55.6797,-22.5594],[-55.6797,-22.5592]]],[[[-55.6819,-22.5676],[-55.6817,-22.5675],[-55.6817,-22.5677],[-55.6819,-22.5678],[-55.6819,-22.5676]]],[[[-55.6836,-22.5802],[-55.6844,-22.5803],[-55.6844,-22.5801],[-55.6841,-22.5797],[-55.6837,-22.5797],[-55.6836,-22.5802]]],[[[-55.6847,-22.5887],[-55.6845,-22.5886],[-55.6842,-22.5891],[-55.6844,-22.5892],[-55.6847,-22.5887]]],[[[-55.6856,-22.5913],[-55.6861,-22.5914],[-55.6861,-22.5912],[-55.6856,-22.5908],[-55.6856,-22.5913]]],[[[-55.6922,-22.5895],[-55.6922,-22.5902],[-55.6924,-22.5903],[-55.6928,-22.5899],[-55.6928,-22.5895],[-55.6922,-22.5895]]],[[[-55.6919,-22.5894],[-55.6919,-22.5889],[-55.6914,-22.5886],[-55.6911,-22.5896],[-55.6907,-22.5897],[-55.69,-22.5887],[-55.6897,-22.586],[-55.6903,-22.586],[-55.6903,-22.5869],[-55.6906,-22.5875],[-55.6911,-22.5875],[-55.6914,-22.5872],[-55.6914,-22.5868],[-55.6919,-22.5866],[-55.6917,-22.5862],[-55.6917,-22.5848],[-55.6914,-22.5846],[-55.6914,-22.5828],[-55.6906,-22.5828],[-55.6906,-22.5835],[-55.6896,-22.5844],[-55.6887,-22.5844],[-55.6881,-22.5848],[-55.6884,-22.5853],[-55.6881,-22.5861],[-55.6874,-22.5861],[-55.6872,-22.5853],[-55.6867,-22.5856],[-55.6867,-22.586],[-55.6858,-22.5867],[-55.6858,-22.588],[-55.6861,-22.5881],[-55.6864,-22.5877],[-55.6865,-22.5867],[-55.6874,-22.5867],[-55.6876,-22.5869],[-55.6879,-22.5869],[-55.6886,-22.5876],[-55.6887,-22.5888],[-55.6878,-22.5892],[-55.6881,-22.5899],[-55.6886,-22.5901],[-55.6886,-22.5905],[-55.6889,-22.5908],[-55.6897,-22.5908],[-55.6897,-22.5906],[-55.6892,-22.5901],[-55.6892,-22.5897],[-55.6899,-22.5897],[-55.6903,-22.5901],[-55.6903,-22.5917],[-55.6908,-22.5913],[-55.6906,-22.5907],[-55.6911,-22.5902],[-55.6911,-22.5899],[-55.6919,-22.5894]],[[-55.6892,-22.5889],[-55.6888,-22.5886],[-55.6891,-22.5885],[-55.6892,-22.5889]]],[[[-55.6906,-22.5919],[-55.6906,-22.5922],[-55.6908,-22.5922],[-55.6908,-22.592],[-55.6906,-22.5919]]],[[[-55.6872,-22.6045],[-55.687,-22.6044],[-55.6869,-22.6047],[-55.6872,-22.6047],[-55.6872,-22.6045]]],[[[-55.6878,-22.5703],[-55.6876,-22.5703],[-55.6875,-22.5705],[-55.6877,-22.5706],[-55.6878,-22.5703]]],[[[-55.6936,-22.4881],[-55.6936,-22.487],[-55.6933,-22.4867],[-55.6922,-22.4867],[-55.6922,-22.4871],[-55.6919,-22.4873],[-55.692,-22.4878],[-55.6936,-22.4881]]],[[[-55.6947,-22.5762],[-55.6945,-22.5761],[-55.6944,-22.5763],[-55.6947,-22.5764],[-55.6947,-22.5762]]],[[[-55.6944,-22.5767],[-55.6942,-22.5767],[-55.6942,-22.5769],[-55.6944,-22.5769],[-55.6944,-22.5767]]],[[[-55.6956,-22.5508],[-55.6967,-22.5505],[-55.6966,-22.5497],[-55.6961,-22.5501],[-55.696,-22.5506],[-55.6956,-22.5506],[-55.6956,-22.5508]]],[[[-55.6961,-22.5691],[-55.6969,-22.5686],[-55.6969,-22.5681],[-55.6961,-22.5687],[-55.6961,-22.5691]]],[[[-55.6981,-22.5733],[-55.6974,-22.5725],[-55.6972,-22.5726],[-55.6972,-22.573],[-55.6976,-22.5733],[-55.6981,-22.5733]]],[[[-55.6992,-22.5529],[-55.6994,-22.5526],[-55.6988,-22.5519],[-55.6972,-22.552],[-55.6973,-22.5522],[-55.6979,-22.5523],[-55.6978,-22.5527],[-55.6984,-22.5531],[-55.6992,-22.5529]],[[-55.6985,-22.5525],[-55.6982,-22.5523],[-55.6986,-22.5522],[-55.6985,-22.5525]]],[[[-55.6981,-22.5806],[-55.6978,-22.5811],[-55.6983,-22.5814],[-55.6983,-22.5806],[-55.6981,-22.5806]]],[[[-55.6997,-22.5824],[-55.7003,-22.5826],[-55.7006,-22.5836],[-55.7008,-22.5836],[-55.7008,-22.5829],[-55.7011,-22.5827],[-55.7011,-22.5814],[-55.7006,-22.5814],[-55.6997,-22.5824]]],[[[-55.7011,-22.5744],[-55.7011,-22.5734],[-55.7008,-22.5732],[-55.7008,-22.5728],[-55.7003,-22.5728],[-55.7,-22.5731],[-55.7,-22.5738],[-55.7004,-22.5739],[-55.7009,-22.5744],[-55.7011,-22.5744]]],[[[-55.7011,-22.5781],[-55.7009,-22.5781],[-55.7008,-22.5783],[-55.7011,-22.5783],[-55.7011,-22.5781]]],[[[-55.7012,-22.5078],[-55.7011,-22.508],[-55.7013,-22.5081],[-55.7014,-22.5078],[-55.7012,-22.5078]]],[[[-55.7019,-22.5789],[-55.7017,-22.5789],[-55.7014,-22.5793],[-55.7012,-22.5792],[-55.7011,-22.5794],[-55.7019,-22.5794],[-55.7019,-22.5789]]],[[[-55.7025,-22.5762],[-55.7023,-22.5761],[-55.7022,-22.5763],[-55.7024,-22.5764],[-55.7025,-22.5762]]],[[[-55.7022,-22.5767],[-55.7019,-22.5767],[-55.702,-22.5769],[-55.7022,-22.5769],[-55.7022,-22.5767]]],[[[-55.7033,-22.5787],[-55.7031,-22.5786],[-55.7028,-22.5789],[-55.7032,-22.5795],[-55.7028,-22.5801],[-55.7031,-22.5807],[-55.7026,-22.5814],[-55.7023,-22.5814],[-55.7019,-22.5817],[-55.7028,-22.5836],[-55.7033,-22.5836],[-55.7033,-22.5826],[-55.7039,-22.5822],[-55.7039,-22.5814],[-55.7033,-22.581],[-55.7033,-22.5801],[-55.7036,-22.5799],[-55.7032,-22.5795],[-55.7033,-22.5787]]],[[[-55.7047,-22.5684],[-55.7045,-22.5683],[-55.7033,-22.5697],[-55.7038,-22.5697],[-55.7039,-22.5693],[-55.7047,-22.5684]]],[[[-55.7061,-22.562],[-55.7059,-22.5619],[-55.7058,-22.5622],[-55.7061,-22.5622],[-55.7061,-22.562]]],[[[-55.7056,-22.5619],[-55.7055,-22.5614],[-55.7045,-22.5614],[-55.7042,-22.5617],[-55.7045,-22.5622],[-55.7052,-22.5622],[-55.7056,-22.5619]]],[[[-55.705,-22.5637],[-55.7048,-22.5636],[-55.7047,-22.5638],[-55.7049,-22.5639],[-55.705,-22.5637]]],[[[-55.7061,-22.5628],[-55.7056,-22.5628],[-55.7056,-22.563],[-55.7061,-22.5631],[-55.7061,-22.5628]]],[[[-55.7075,-22.5698],[-55.7073,-22.5697],[-55.7072,-22.5699],[-55.7074,-22.57],[-55.7075,-22.5698]]],[[[-55.7078,-22.5653],[-55.7078,-22.5655],[-55.708,-22.5656],[-55.7081,-22.5653],[-55.7078,-22.5653]]],[[[-55.7114,-22.567],[-55.7112,-22.5669],[-55.7111,-22.5672],[-55.7113,-22.5672],[-55.7114,-22.567]]],[[[-55.7128,-22.5627],[-55.7124,-22.5622],[-55.7122,-22.5623],[-55.7126,-22.5628],[-55.7128,-22.5627]]],[[[-55.7133,-22.5739],[-55.7126,-22.5736],[-55.7122,-22.5742],[-55.7126,-22.5747],[-55.7133,-22.5747],[-55.7133,-22.5739]]],[[[-55.7126,-22.5606],[-55.7125,-22.5608],[-55.7127,-22.5608],[-55.7128,-22.5606],[-55.7126,-22.5606]]],[[[-55.7142,-22.5739],[-55.715,-22.5736],[-55.715,-22.5731],[-55.7144,-22.5728],[-55.7137,-22.5728],[-55.7136,-22.5733],[-55.7142,-22.5739]]],[[[-55.7144,-22.4892],[-55.7142,-22.4892],[-55.7142,-22.4894],[-55.7144,-22.4894],[-55.7144,-22.4892]]],[[[-55.7151,-22.5661],[-55.715,-22.5666],[-55.7152,-22.5667],[-55.7153,-22.5662],[-55.7151,-22.5661]]],[[[-55.7156,-22.5092],[-55.7153,-22.5092],[-55.7153,-22.5094],[-55.7155,-22.5094],[-55.7156,-22.5092]]],[[[-55.7178,-22.4906],[-55.7175,-22.4904],[-55.7178,-22.4898],[-55.7174,-22.4892],[-55.7156,-22.4892],[-55.7156,-22.4894],[-55.7168,-22.4897],[-55.7176,-22.4908],[-55.7178,-22.4906]]],[[[-55.7167,-22.5209],[-55.7164,-22.5208],[-55.7164,-22.5211],[-55.7166,-22.5211],[-55.7167,-22.5209]]],[[[-55.7167,-22.5706],[-55.7164,-22.5706],[-55.7164,-22.5711],[-55.7167,-22.5711],[-55.7167,-22.5706]]],[[[-55.7167,-22.5845],[-55.7164,-22.5844],[-55.7164,-22.5847],[-55.7166,-22.5847],[-55.7167,-22.5845]]],[[[-55.7167,-22.5222],[-55.7172,-22.5222],[-55.7175,-22.5217],[-55.7167,-22.5217],[-55.7167,-22.5222]]],[[[-55.7172,-22.5634],[-55.717,-22.5633],[-55.7169,-22.5636],[-55.7172,-22.5636],[-55.7172,-22.5634]]],[[[-55.7172,-22.5095],[-55.717,-22.5094],[-55.7169,-22.5097],[-55.7172,-22.5097],[-55.7172,-22.5095]]],[[[-55.7178,-22.5206],[-55.7174,-22.5203],[-55.7172,-22.5203],[-55.7176,-22.5211],[-55.7178,-22.5211],[-55.7178,-22.5206]]],[[[-55.7178,-22.5709],[-55.7176,-22.5708],[-55.7175,-22.5711],[-55.7177,-22.5711],[-55.7178,-22.5709]]],[[[-55.7186,-22.5639],[-55.7181,-22.5637],[-55.7181,-22.5641],[-55.7186,-22.5644],[-55.7186,-22.5639]]],[[[-55.7219,-22.5848],[-55.7201,-22.5842],[-55.7194,-22.5845],[-55.7193,-22.585],[-55.7189,-22.585],[-55.7186,-22.5853],[-55.7186,-22.5858],[-55.7192,-22.5863],[-55.7192,-22.5867],[-55.7202,-22.5867],[-55.7204,-22.5864],[-55.7211,-22.5864],[-55.7214,-22.5858],[-55.7208,-22.5851],[-55.7208,-22.5847],[-55.7212,-22.5847],[-55.7214,-22.5853],[-55.7219,-22.5853],[-55.7219,-22.5848]]],[[[-55.7195,-22.5003],[-55.7194,-22.5005],[-55.7197,-22.5006],[-55.7197,-22.5003],[-55.7195,-22.5003]]],[[[-55.7206,-22.5389],[-55.7203,-22.5389],[-55.7203,-22.5391],[-55.7205,-22.5392],[-55.7206,-22.5389]]],[[[-55.7208,-22.4881],[-55.7208,-22.4878],[-55.7203,-22.4875],[-55.7203,-22.488],[-55.7208,-22.4881]]],[[[-55.7222,-22.4912],[-55.7214,-22.4911],[-55.7214,-22.4919],[-55.7217,-22.4919],[-55.7217,-22.4914],[-55.7222,-22.4914],[-55.7222,-22.4912]]],[[[-55.7211,-22.492],[-55.7209,-22.4919],[-55.7208,-22.4922],[-55.7211,-22.4922],[-55.7211,-22.492]]],[[[-55.7219,-22.572],[-55.7213,-22.5714],[-55.7208,-22.5714],[-55.7214,-22.5722],[-55.7219,-22.5722],[-55.7219,-22.572]]],[[[-55.7217,-22.5892],[-55.7222,-22.5888],[-55.7222,-22.5886],[-55.7217,-22.5889],[-55.7217,-22.5892]]],[[[-55.7217,-22.4822],[-55.7217,-22.4825],[-55.7225,-22.4824],[-55.7224,-22.4822],[-55.7217,-22.4822]]],[[[-55.7239,-22.5834],[-55.723,-22.5825],[-55.7228,-22.5826],[-55.7234,-22.5834],[-55.7234,-22.5839],[-55.7239,-22.5834]]],[[[-55.7225,-22.5824],[-55.7222,-22.5819],[-55.7219,-22.582],[-55.7223,-22.5825],[-55.7225,-22.5824]]],[[[-55.7236,-22.4895],[-55.7228,-22.4897],[-55.7228,-22.4899],[-55.7236,-22.4903],[-55.7236,-22.4895]]],[[[-55.7238,-22.5003],[-55.7239,-22.5001],[-55.7236,-22.4997],[-55.7228,-22.4998],[-55.7228,-22.5003],[-55.7238,-22.5003]]],[[[-55.7239,-22.5903],[-55.7234,-22.5903],[-55.7233,-22.5905],[-55.7238,-22.5906],[-55.7239,-22.5903]]],[[[-55.7264,-22.5862],[-55.7261,-22.5858],[-55.7256,-22.5862],[-55.7257,-22.5869],[-55.7254,-22.5872],[-55.7249,-22.5872],[-55.7244,-22.5867],[-55.7238,-22.587],[-55.7234,-22.5869],[-55.7233,-22.5872],[-55.7237,-22.5875],[-55.7243,-22.5875],[-55.7248,-22.5881],[-55.7261,-22.5881],[-55.7261,-22.5873],[-55.7257,-22.5867],[-55.7264,-22.5862]]],[[[-55.7236,-22.4916],[-55.7239,-22.4919],[-55.7242,-22.4919],[-55.7241,-22.4914],[-55.7237,-22.4914],[-55.7236,-22.4916]]],[[[-55.7252,-22.5192],[-55.7253,-22.5188],[-55.7258,-22.5186],[-55.7261,-22.5181],[-55.7251,-22.5178],[-55.7247,-22.5174],[-55.7247,-22.5169],[-55.7242,-22.5169],[-55.7242,-22.5174],[-55.7247,-22.5179],[-55.7247,-22.5188],[-55.7252,-22.5192]]],[[[-55.725,-22.4845],[-55.7248,-22.4844],[-55.7247,-22.4847],[-55.7249,-22.4847],[-55.725,-22.4845]]],[[[-55.725,-22.5842],[-55.7248,-22.5842],[-55.7247,-22.5844],[-55.7249,-22.5844],[-55.725,-22.5842]]],[[[-55.7258,-22.5062],[-55.7256,-22.5061],[-55.7256,-22.5063],[-55.7258,-22.5064],[-55.7258,-22.5062]]],[[[-55.7253,-22.5064],[-55.7248,-22.5064],[-55.7247,-22.5066],[-55.7252,-22.5067],[-55.7253,-22.5064]]],[[[-55.7272,-22.587],[-55.7267,-22.5869],[-55.7267,-22.5872],[-55.7272,-22.5872],[-55.7272,-22.587]]],[[[-55.7273,-22.5764],[-55.7272,-22.5766],[-55.7274,-22.5767],[-55.7275,-22.5764],[-55.7273,-22.5764]]],[[[-55.7283,-22.4861],[-55.7292,-22.4863],[-55.7288,-22.485],[-55.7278,-22.4853],[-55.7283,-22.4861]]],[[[-55.7289,-22.4823],[-55.7284,-22.4822],[-55.7278,-22.4827],[-55.7286,-22.4828],[-55.7289,-22.4823]]],[[[-55.7297,-22.5652],[-55.7294,-22.5647],[-55.7292,-22.5648],[-55.7295,-22.5653],[-55.7297,-22.5652]]],[[[-55.7314,-22.4981],[-55.7308,-22.4981],[-55.7309,-22.4992],[-55.7314,-22.4991],[-55.7314,-22.4981]]],[[[-55.7317,-22.5801],[-55.7311,-22.5794],[-55.7308,-22.5795],[-55.7314,-22.5803],[-55.7317,-22.5801]]],[[[-55.7322,-22.5136],[-55.7327,-22.5136],[-55.7331,-22.5133],[-55.7331,-22.5129],[-55.7333,-22.5127],[-55.7333,-22.5122],[-55.7325,-22.5128],[-55.7322,-22.5136]]],[[[-55.7342,-22.5717],[-55.7339,-22.5717],[-55.7339,-22.5719],[-55.7341,-22.5719],[-55.7342,-22.5717]]],[[[-55.7336,-22.5716],[-55.7336,-22.5714],[-55.7333,-22.5714],[-55.7334,-22.5717],[-55.7336,-22.5716]]],[[[-55.7339,-22.5795],[-55.7337,-22.5794],[-55.7333,-22.5798],[-55.7334,-22.5803],[-55.7339,-22.5799],[-55.7339,-22.5795]]],[[[-55.735,-22.4864],[-55.7348,-22.4864],[-55.7347,-22.4866],[-55.7349,-22.4867],[-55.735,-22.4864]]],[[[-55.7351,-22.4889],[-55.735,-22.4891],[-55.7352,-22.4892],[-55.7353,-22.4889],[-55.7351,-22.4889]]],[[[-55.7361,-22.4853],[-55.7358,-22.4853],[-55.7359,-22.4858],[-55.7361,-22.4858],[-55.7361,-22.4853]]],[[[-55.7372,-22.5764],[-55.737,-22.5764],[-55.7369,-22.5766],[-55.7372,-22.5767],[-55.7372,-22.5764]]],[[[-55.7372,-22.5645],[-55.737,-22.5644],[-55.7369,-22.5647],[-55.7372,-22.5647],[-55.7372,-22.5645]]],[[[-55.7372,-22.5714],[-55.737,-22.5714],[-55.7369,-22.5716],[-55.7372,-22.5717],[-55.7372,-22.5714]]],[[[-55.739,-22.5062],[-55.7389,-22.5072],[-55.7394,-22.5072],[-55.7404,-22.5061],[-55.7411,-22.5061],[-55.7414,-22.5055],[-55.7405,-22.5044],[-55.74,-22.5043],[-55.7399,-22.5039],[-55.7397,-22.5039],[-55.7396,-22.5044],[-55.7392,-22.5043],[-55.7392,-22.5038],[-55.7397,-22.5033],[-55.7394,-22.5028],[-55.739,-22.5031],[-55.7378,-22.5031],[-55.7378,-22.5041],[-55.7383,-22.5046],[-55.7386,-22.5058],[-55.739,-22.5062]]],[[[-55.7383,-22.5751],[-55.7378,-22.575],[-55.7378,-22.5752],[-55.7383,-22.5753],[-55.7383,-22.5751]]],[[[-55.7381,-22.5136],[-55.7381,-22.5138],[-55.7383,-22.5139],[-55.7383,-22.5137],[-55.7381,-22.5136]]],[[[-55.7392,-22.5258],[-55.7397,-22.5253],[-55.7392,-22.525],[-55.7389,-22.5255],[-55.7392,-22.5258]]],[[[-55.7392,-22.5845],[-55.7389,-22.5844],[-55.7389,-22.5847],[-55.7391,-22.5847],[-55.7392,-22.5845]]],[[[-55.7392,-22.5689],[-55.7392,-22.5691],[-55.7394,-22.5692],[-55.7394,-22.5689],[-55.7392,-22.5689]]],[[[-55.7392,-22.5775],[-55.7392,-22.5778],[-55.7397,-22.5777],[-55.7397,-22.5775],[-55.7392,-22.5775]]],[[[-55.7403,-22.4892],[-55.7403,-22.4894],[-55.7405,-22.4894],[-55.7406,-22.4892],[-55.7403,-22.4892]]],[[[-55.7408,-22.5219],[-55.7417,-22.5211],[-55.7416,-22.5208],[-55.741,-22.5214],[-55.7403,-22.5214],[-55.7403,-22.5216],[-55.7408,-22.5219]]],[[[-55.7414,-22.5187],[-55.7409,-22.5186],[-55.7408,-22.5188],[-55.7412,-22.5192],[-55.7416,-22.5192],[-55.7414,-22.5187]]],[[[-55.7411,-22.572],[-55.7408,-22.572],[-55.7409,-22.5725],[-55.7411,-22.5724],[-55.7411,-22.572]]],[[[-55.7411,-22.5695],[-55.7408,-22.5695],[-55.7409,-22.57],[-55.7411,-22.5699],[-55.7411,-22.5695]]],[[[-55.7411,-22.4967],[-55.7409,-22.4967],[-55.7408,-22.4969],[-55.7411,-22.4969],[-55.7411,-22.4967]]],[[[-55.7411,-22.4873],[-55.7409,-22.4872],[-55.7408,-22.4874],[-55.7411,-22.4875],[-55.7411,-22.4873]]],[[[-55.7422,-22.5525],[-55.7414,-22.5528],[-55.7414,-22.5531],[-55.7422,-22.553],[-55.7422,-22.5525]]],[[[-55.7439,-22.5706],[-55.7437,-22.5706],[-55.7432,-22.5711],[-55.7428,-22.5711],[-55.7425,-22.5714],[-55.7425,-22.5724],[-55.7422,-22.5726],[-55.742,-22.5733],[-55.7424,-22.5733],[-55.7431,-22.5727],[-55.7431,-22.5724],[-55.7439,-22.5716],[-55.7439,-22.5706]]],[[[-55.7425,-22.5537],[-55.7423,-22.5536],[-55.7419,-22.5541],[-55.7422,-22.5542],[-55.7425,-22.5537]]],[[[-55.7422,-22.5889],[-55.742,-22.5889],[-55.7419,-22.5891],[-55.7422,-22.5892],[-55.7422,-22.5889]]],[[[-55.7431,-22.5809],[-55.7428,-22.5808],[-55.7425,-22.5812],[-55.7423,-22.5811],[-55.7422,-22.5813],[-55.743,-22.5814],[-55.7431,-22.5809]]],[[[-55.7436,-22.5517],[-55.7431,-22.5517],[-55.7431,-22.5519],[-55.7436,-22.5519],[-55.7436,-22.5517]]],[[[-55.7431,-22.4894],[-55.7436,-22.4891],[-55.7436,-22.4886],[-55.7431,-22.4892],[-55.7431,-22.4894]]],[[[-55.7441,-22.5508],[-55.7441,-22.5503],[-55.7433,-22.5506],[-55.7437,-22.5511],[-55.7441,-22.5508]]],[[[-55.7437,-22.5136],[-55.7436,-22.5138],[-55.7438,-22.5139],[-55.7439,-22.5137],[-55.7437,-22.5136]]],[[[-55.7447,-22.6017],[-55.745,-22.6011],[-55.7449,-22.6008],[-55.7439,-22.6019],[-55.7447,-22.6017]]],[[[-55.7445,-22.5078],[-55.7444,-22.508],[-55.7447,-22.5081],[-55.7447,-22.5078],[-55.7445,-22.5078]]],[[[-55.7453,-22.5581],[-55.7451,-22.5581],[-55.745,-22.5583],[-55.7452,-22.5583],[-55.7453,-22.5581]]],[[[-55.7458,-22.5495],[-55.7456,-22.5495],[-55.7456,-22.5503],[-55.7458,-22.5502],[-55.7458,-22.5495]]],[[[-55.7458,-22.572],[-55.7456,-22.5719],[-55.7456,-22.5722],[-55.7458,-22.5722],[-55.7458,-22.572]]],[[[-55.7464,-22.5512],[-55.7462,-22.5511],[-55.7461,-22.5513],[-55.7463,-22.5514],[-55.7464,-22.5512]]],[[[-55.7464,-22.5544],[-55.7464,-22.5547],[-55.7469,-22.5547],[-55.7469,-22.5544],[-55.7464,-22.5544]]],[[[-55.7475,-22.5531],[-55.7473,-22.5531],[-55.7472,-22.5533],[-55.7474,-22.5533],[-55.7475,-22.5531]]],[[[-55.7472,-22.5528],[-55.7472,-22.5526],[-55.747,-22.5525],[-55.7469,-22.5527],[-55.7472,-22.5528]]],[[[-55.7478,-22.5239],[-55.7474,-22.5236],[-55.7472,-22.5237],[-55.7475,-22.524],[-55.7476,-22.5247],[-55.7478,-22.5247],[-55.7478,-22.5239]]],[[[-55.7489,-22.5689],[-55.7481,-22.5685],[-55.7481,-22.5681],[-55.7477,-22.5678],[-55.7472,-22.5681],[-55.7476,-22.5686],[-55.7481,-22.5688],[-55.7481,-22.5691],[-55.7484,-22.5694],[-55.7489,-22.5689]]],[[[-55.7476,-22.5728],[-55.7476,-22.5731],[-55.7481,-22.573],[-55.748,-22.5728],[-55.7476,-22.5728]]],[[[-55.7478,-22.5089],[-55.7476,-22.5089],[-55.7475,-22.5091],[-55.7477,-22.5092],[-55.7478,-22.5089]]],[[[-55.7511,-22.5087],[-55.7509,-22.5086],[-55.7508,-22.5088],[-55.7511,-22.5089],[-55.7511,-22.5087]]],[[[-55.7506,-22.5089],[-55.7498,-22.5089],[-55.75,-22.5096],[-55.7496,-22.5097],[-55.7492,-22.5094],[-55.7486,-22.5101],[-55.7486,-22.5104],[-55.7481,-22.5106],[-55.7481,-22.5117],[-55.7475,-22.5117],[-55.7476,-22.5119],[-55.7481,-22.5119],[-55.7481,-22.5124],[-55.7478,-22.5126],[-55.7478,-22.5133],[-55.7481,-22.5133],[-55.7481,-22.5127],[-55.7489,-22.513],[-55.7489,-22.5126],[-55.7492,-22.5124],[-55.7492,-22.5117],[-55.7497,-22.5116],[-55.7494,-22.511],[-55.7497,-22.5106],[-55.7503,-22.5105],[-55.7503,-22.5097],[-55.7508,-22.5097],[-55.7506,-22.5089]]],[[[-55.7481,-22.5219],[-55.7481,-22.5222],[-55.7483,-22.5222],[-55.7483,-22.522],[-55.7481,-22.5219]]],[[[-55.7491,-22.5483],[-55.7491,-22.5472],[-55.7481,-22.5473],[-55.7486,-22.5479],[-55.7487,-22.5483],[-55.7491,-22.5483]]],[[[-55.7489,-22.5137],[-55.7487,-22.5136],[-55.7486,-22.5138],[-55.7488,-22.5139],[-55.7489,-22.5137]]],[[[-55.7517,-22.5773],[-55.7511,-22.5764],[-55.7508,-22.5764],[-55.7511,-22.5771],[-55.7497,-22.5784],[-55.7497,-22.5787],[-55.7492,-22.5795],[-55.7492,-22.5803],[-55.7499,-22.5803],[-55.7502,-22.5806],[-55.7503,-22.5801],[-55.7514,-22.5794],[-55.7511,-22.579],[-55.7511,-22.5785],[-55.7517,-22.578],[-55.7517,-22.5773]]],[[[-55.7506,-22.5763],[-55.7508,-22.5756],[-55.7497,-22.5756],[-55.7498,-22.5764],[-55.7506,-22.5763]]],[[[-55.7497,-22.5767],[-55.749,-22.5767],[-55.7487,-22.5764],[-55.7486,-22.5772],[-55.7497,-22.5772],[-55.7497,-22.5767]]],[[[-55.7497,-22.5523],[-55.7495,-22.5522],[-55.7494,-22.5524],[-55.7497,-22.5525],[-55.7497,-22.5523]]],[[[-55.7511,-22.5501],[-55.7509,-22.55],[-55.7508,-22.5502],[-55.7511,-22.5503],[-55.7511,-22.5501]]],[[[-55.7506,-22.5499],[-55.7505,-22.5497],[-55.75,-22.5498],[-55.7501,-22.55],[-55.7506,-22.5499]]],[[[-55.7508,-22.5278],[-55.7502,-22.5275],[-55.75,-22.5276],[-55.7503,-22.5281],[-55.7508,-22.5281],[-55.7508,-22.5278]]],[[[-55.7503,-22.4897],[-55.7503,-22.4899],[-55.7505,-22.49],[-55.7506,-22.4898],[-55.7503,-22.4897]]],[[[-55.7511,-22.5684],[-55.7509,-22.5683],[-55.7506,-22.5688],[-55.7508,-22.5689],[-55.7511,-22.5684]]],[[[-55.7512,-22.4783],[-55.7511,-22.4786],[-55.7513,-22.4786],[-55.7514,-22.4784],[-55.7512,-22.4783]]],[[[-55.7508,-22.4787],[-55.7506,-22.4786],[-55.7506,-22.4788],[-55.7508,-22.4789],[-55.7508,-22.4787]]],[[[-55.7513,-22.5639],[-55.7511,-22.5631],[-55.7509,-22.5631],[-55.7508,-22.5636],[-55.7513,-22.5639]]],[[[-55.7517,-22.4878],[-55.7512,-22.4878],[-55.7511,-22.488],[-55.7516,-22.4881],[-55.7517,-22.4878]]],[[[-55.7514,-22.5078],[-55.7514,-22.508],[-55.7516,-22.5081],[-55.7517,-22.5078],[-55.7514,-22.5078]]],[[[-55.7517,-22.5673],[-55.7514,-22.5672],[-55.7514,-22.5674],[-55.7516,-22.5675],[-55.7517,-22.5673]]],[[[-55.7525,-22.5109],[-55.7519,-22.5106],[-55.7517,-22.5106],[-55.7517,-22.5111],[-55.7527,-22.5114],[-55.7525,-22.5109]]],[[[-55.7528,-22.5506],[-55.752,-22.5506],[-55.7519,-22.5508],[-55.7527,-22.5508],[-55.7528,-22.5506]]],[[[-55.7522,-22.5598],[-55.752,-22.5597],[-55.7519,-22.5599],[-55.7522,-22.56],[-55.7522,-22.5598]]],[[[-55.7536,-22.5538],[-55.7524,-22.5531],[-55.7522,-22.5531],[-55.7522,-22.5536],[-55.7526,-22.5539],[-55.7536,-22.5538]]],[[[-55.7531,-22.4896],[-55.7536,-22.49],[-55.754,-22.4894],[-55.7547,-22.4894],[-55.7547,-22.4889],[-55.7544,-22.4887],[-55.7544,-22.4884],[-55.7534,-22.4883],[-55.7529,-22.4889],[-55.7523,-22.4886],[-55.7522,-22.4891],[-55.7525,-22.4893],[-55.7525,-22.4897],[-55.7531,-22.4896]]],[[[-55.7528,-22.4799],[-55.7524,-22.4794],[-55.7522,-22.4795],[-55.7526,-22.48],[-55.7528,-22.4799]]],[[[-55.7533,-22.5648],[-55.7531,-22.5647],[-55.7531,-22.5649],[-55.7533,-22.565],[-55.7533,-22.5648]]],[[[-55.7547,-22.5814],[-55.7547,-22.5809],[-55.7543,-22.5808],[-55.7536,-22.5801],[-55.7536,-22.5794],[-55.7531,-22.5794],[-55.7533,-22.581],[-55.7531,-22.5813],[-55.7547,-22.5814]]],[[[-55.7542,-22.4873],[-55.7534,-22.4872],[-55.7533,-22.4874],[-55.7538,-22.4878],[-55.7542,-22.4873]]],[[[-55.7544,-22.5401],[-55.7542,-22.54],[-55.7537,-22.5406],[-55.7533,-22.5406],[-55.7533,-22.5411],[-55.7537,-22.5414],[-55.7539,-22.5413],[-55.7539,-22.5407],[-55.7544,-22.5401]]],[[[-55.7544,-22.5448],[-55.7537,-22.5447],[-55.7536,-22.5449],[-55.7544,-22.545],[-55.7544,-22.5448]]],[[[-55.7536,-22.5453],[-55.7533,-22.5453],[-55.7534,-22.5456],[-55.7536,-22.5455],[-55.7536,-22.5453]]],[[[-55.7539,-22.5697],[-55.7536,-22.5692],[-55.7533,-22.5692],[-55.7537,-22.5697],[-55.7539,-22.5697]]],[[[-55.7542,-22.56],[-55.7542,-22.5602],[-55.7544,-22.5603],[-55.7544,-22.5601],[-55.7542,-22.56]]],[[[-55.755,-22.5142],[-55.7545,-22.5142],[-55.7544,-22.5144],[-55.7549,-22.5144],[-55.755,-22.5142]]],[[[-55.7561,-22.5401],[-55.7559,-22.54],[-55.7556,-22.5405],[-55.7558,-22.5406],[-55.7561,-22.5401]]],[[[-55.7553,-22.5406],[-55.7551,-22.5406],[-55.7547,-22.5411],[-55.7549,-22.5411],[-55.7553,-22.5406]]],[[[-55.755,-22.5388],[-55.7553,-22.5386],[-55.7552,-22.5383],[-55.7547,-22.5387],[-55.7548,-22.5392],[-55.755,-22.5391],[-55.755,-22.5388]]],[[[-55.7556,-22.5148],[-55.755,-22.5151],[-55.7551,-22.5153],[-55.7556,-22.5152],[-55.7556,-22.5148]]],[[[-55.7558,-22.5459],[-55.7556,-22.5458],[-55.7553,-22.5462],[-55.7553,-22.5467],[-55.7558,-22.5463],[-55.7558,-22.5459]]],[[[-55.7558,-22.5776],[-55.7556,-22.5775],[-55.7556,-22.5777],[-55.7558,-22.5778],[-55.7558,-22.5776]]],[[[-55.7569,-22.5114],[-55.7564,-22.5114],[-55.7564,-22.5116],[-55.7569,-22.5117],[-55.7569,-22.5114]]],[[[-55.7563,-22.5119],[-55.7558,-22.512],[-55.7558,-22.5127],[-55.7562,-22.5131],[-55.7566,-22.5131],[-55.7567,-22.5123],[-55.7563,-22.5119]]],[[[-55.7562,-22.5681],[-55.7569,-22.5677],[-55.7569,-22.5669],[-55.7561,-22.5678],[-55.7562,-22.5681]]],[[[-55.7562,-22.5425],[-55.7561,-22.5427],[-55.7563,-22.5428],[-55.7564,-22.5426],[-55.7562,-22.5425]]],[[[-55.7564,-22.5139],[-55.7562,-22.5139],[-55.7561,-22.5141],[-55.7563,-22.5142],[-55.7564,-22.5139]]],[[[-55.7569,-22.5092],[-55.7567,-22.5092],[-55.7567,-22.5094],[-55.7569,-22.5094],[-55.7569,-22.5092]]],[[[-55.7575,-22.5506],[-55.757,-22.5506],[-55.7569,-22.5508],[-55.7574,-22.5508],[-55.7575,-22.5506]]],[[[-55.7573,-22.5403],[-55.7572,-22.5405],[-55.7574,-22.5406],[-55.7575,-22.5403],[-55.7573,-22.5403]]],[[[-55.7575,-22.5395],[-55.7573,-22.5394],[-55.7572,-22.5397],[-55.7574,-22.5397],[-55.7575,-22.5395]]],[[[-55.7574,-22.5525],[-55.7586,-22.5513],[-55.7586,-22.5511],[-55.7572,-22.5524],[-55.7574,-22.5525]]],[[[-55.7581,-22.5651],[-55.7578,-22.565],[-55.7578,-22.5652],[-55.758,-22.5653],[-55.7581,-22.5651]]],[[[-55.7581,-22.5478],[-55.7581,-22.5481],[-55.7586,-22.548],[-55.7586,-22.5475],[-55.7581,-22.5478]]],[[[-55.7584,-22.5842],[-55.7589,-22.5838],[-55.7588,-22.5836],[-55.7583,-22.5839],[-55.7584,-22.5842]]],[[[-55.7594,-22.5476],[-55.7592,-22.5476],[-55.7592,-22.5481],[-55.7594,-22.548],[-55.7594,-22.5476]]],[[[-55.7597,-22.5809],[-55.7594,-22.5809],[-55.7595,-22.5814],[-55.7597,-22.5813],[-55.7597,-22.5809]]],[[[-55.7598,-22.5764],[-55.7597,-22.5766],[-55.7599,-22.5767],[-55.76,-22.5764],[-55.7598,-22.5764]]],[[[-55.7614,-22.5701],[-55.7605,-22.5692],[-55.7601,-22.5692],[-55.7597,-22.5698],[-55.7601,-22.5703],[-55.7613,-22.5703],[-55.7614,-22.5701]]],[[[-55.7619,-22.5712],[-55.7611,-22.5712],[-55.7606,-22.5708],[-55.76,-22.5713],[-55.7619,-22.5714],[-55.7619,-22.5712]]],[[[-55.7603,-22.5545],[-55.7601,-22.5544],[-55.76,-22.5547],[-55.7602,-22.5547],[-55.7603,-22.5545]]],[[[-55.7603,-22.572],[-55.7601,-22.5719],[-55.76,-22.5722],[-55.7602,-22.5722],[-55.7603,-22.572]]],[[[-55.7611,-22.5492],[-55.7609,-22.5492],[-55.7608,-22.5494],[-55.7611,-22.5494],[-55.7611,-22.5492]]],[[[-55.7614,-22.4951],[-55.7612,-22.495],[-55.7611,-22.4952],[-55.7613,-22.4953],[-55.7614,-22.4951]]],[[[-55.7619,-22.5669],[-55.7616,-22.5664],[-55.7614,-22.5664],[-55.7617,-22.5669],[-55.7619,-22.5669]]],[[[-55.7649,-22.5711],[-55.7644,-22.5706],[-55.7634,-22.5706],[-55.7628,-22.5709],[-55.7625,-22.5718],[-55.7619,-22.5724],[-55.763,-22.5728],[-55.7631,-22.5722],[-55.7636,-22.5722],[-55.7632,-22.5713],[-55.7635,-22.5708],[-55.764,-22.5708],[-55.7645,-22.5714],[-55.7653,-22.5713],[-55.7652,-22.5711],[-55.7649,-22.5711]]],[[[-55.7622,-22.5517],[-55.762,-22.5517],[-55.7619,-22.5519],[-55.7622,-22.5519],[-55.7622,-22.5517]]],[[[-55.7636,-22.5828],[-55.7634,-22.5828],[-55.7633,-22.583],[-55.7636,-22.5831],[-55.7636,-22.5828]]],[[[-55.765,-22.5895],[-55.7645,-22.5894],[-55.7642,-22.5898],[-55.7642,-22.5902],[-55.7649,-22.59],[-55.765,-22.5895]]],[[[-55.765,-22.5687],[-55.7648,-22.5686],[-55.7647,-22.5688],[-55.7649,-22.5689],[-55.765,-22.5687]]],[[[-55.7667,-22.5887],[-55.7664,-22.5886],[-55.7664,-22.5888],[-55.7666,-22.5889],[-55.7667,-22.5887]]],[[[-55.7672,-22.5584],[-55.7669,-22.5584],[-55.767,-22.5589],[-55.7672,-22.5588],[-55.7672,-22.5584]]],[[[-55.7678,-22.5878],[-55.7676,-22.5878],[-55.7675,-22.588],[-55.7677,-22.5881],[-55.7678,-22.5878]]],[[[-55.7742,-22.5764],[-55.7734,-22.5764],[-55.7733,-22.5766],[-55.7741,-22.5767],[-55.7742,-22.5764]]],[[[-55.7725,-22.5768],[-55.7733,-22.5758],[-55.7726,-22.5764],[-55.7717,-22.5764],[-55.7715,-22.5767],[-55.7712,-22.5767],[-55.771,-22.5772],[-55.7704,-22.5772],[-55.7703,-22.5767],[-55.7701,-22.5767],[-55.77,-22.5772],[-55.7706,-22.5778],[-55.7718,-22.5775],[-55.7719,-22.578],[-55.7722,-22.5781],[-55.7725,-22.5777],[-55.7725,-22.5768]]],[[[-55.7711,-22.5859],[-55.7709,-22.5858],[-55.7708,-22.5861],[-55.7711,-22.5861],[-55.7711,-22.5859]]],[[[-55.7714,-22.5866],[-55.7722,-22.5861],[-55.7722,-22.5858],[-55.7717,-22.5859],[-55.7714,-22.5866]]],[[[-55.774,-22.5737],[-55.7736,-22.5742],[-55.7737,-22.575],[-55.7746,-22.5744],[-55.7752,-22.5747],[-55.7758,-22.5738],[-55.7758,-22.5726],[-55.7742,-22.5725],[-55.7739,-22.5728],[-55.774,-22.5737]]],[[[-55.7944,-22.5953],[-55.7942,-22.5953],[-55.7939,-22.5956],[-55.7939,-22.5964],[-55.7944,-22.5958],[-55.7944,-22.5953]]],[[[-55.7967,-22.5948],[-55.7962,-22.5947],[-55.7961,-22.5949],[-55.7966,-22.595],[-55.7967,-22.5948]]]]}},{"type":"Feature","properties":{"ano":2013},"geometry":{"type":"MultiPolygon","coordinates":[[[[-55.6417,-22.6125],[-55.6417,-22.6127],[-55.6419,-22.6128],[-55.6419,-22.6126],[-55.6417,-22.6125]]],[[[-55.6437,-22.615],[-55.6436,-22.6152],[-55.6438,-22.6153],[-55.6439,-22.6151],[-55.6437,-22.615]]],[[[-55.6448,-22.6142],[-55.6447,-22.6144],[-55.6449,-22.6144],[-55.645,-22.6142],[-55.6448,-22.6142]]],[[[-55.6453,-22.6153],[-55.6451,-22.6153],[-55.645,-22.6155],[-55.6452,-22.6156],[-55.6453,-22.6153]]],[[[-55.6478,-22.6119],[-55.6478,-22.6122],[-55.648,-22.6122],[-55.6481,-22.612],[-55.6478,-22.6119]]],[[[-55.6475,-22.6123],[-55.6473,-22.6122],[-55.6467,-22.613],[-55.6469,-22.6131],[-55.6475,-22.6123]]],[[[-55.6501,-22.6103],[-55.65,-22.6105],[-55.6502,-22.6106],[-55.6503,-22.6103],[-55.6501,-22.6103]]],[[[-55.6564,-22.6069],[-55.6569,-22.6066],[-55.6569,-22.6064],[-55.6564,-22.6067],[-55.6564,-22.6069]]],[[[-55.6644,-22.5989],[-55.6653,-22.5983],[-55.6652,-22.5978],[-55.6637,-22.5978],[-55.6633,-22.5981],[-55.6644,-22.5989]]],[[[-55.6767,-22.5767],[-55.6767,-22.5769],[-55.6769,-22.5769],[-55.6769,-22.5767],[-55.6767,-22.5767]]],[[[-55.6769,-22.5781],[-55.6767,-22.5781],[-55.6767,-22.5783],[-55.6769,-22.5783],[-55.6769,-22.5781]]],[[[-55.6784,-22.5775],[-55.6783,-22.5777],[-55.6786,-22.5778],[-55.6786,-22.5776],[-55.6784,-22.5775]]],[[[-55.6789,-22.5789],[-55.6789,-22.5791],[-55.6791,-22.5792],[-55.6792,-22.5789],[-55.6789,-22.5789]]],[[[-55.6801,-22.5603],[-55.6803,-22.5608],[-55.6806,-22.5608],[-55.6805,-22.5603],[-55.6801,-22.5603]]],[[[-55.6797,-22.5602],[-55.6803,-22.5597],[-55.6803,-22.5592],[-55.6797,-22.5587],[-55.6797,-22.5578],[-55.6795,-22.5578],[-55.6794,-22.5591],[-55.6797,-22.5596],[-55.6794,-22.5598],[-55.6789,-22.5594],[-55.6789,-22.5599],[-55.6797,-22.5602]]],[[[-55.6856,-22.5717],[-55.6851,-22.5717],[-55.685,-22.5719],[-55.6855,-22.5719],[-55.6856,-22.5717]]],[[[-55.6866,-22.5694],[-55.6867,-22.5692],[-55.6863,-22.5689],[-55.6856,-22.5689],[-55.6856,-22.5692],[-55.6861,-22.5692],[-55.6862,-22.5694],[-55.6866,-22.5694]]],[[[-55.6861,-22.5889],[-55.6859,-22.5889],[-55.6858,-22.5891],[-55.6861,-22.5892],[-55.6861,-22.5889]]],[[[-55.6867,-22.5714],[-55.6864,-22.5714],[-55.6864,-22.5716],[-55.6866,-22.5717],[-55.6867,-22.5714]]],[[[-55.6887,-22.58],[-55.6886,-22.5802],[-55.6888,-22.5803],[-55.6889,-22.5801],[-55.6887,-22.58]]],[[[-55.692,-22.4867],[-55.6919,-22.4872],[-55.6922,-22.4872],[-55.6922,-22.4867],[-55.692,-22.4867]]],[[[-55.6928,-22.4878],[-55.6926,-22.4878],[-55.6925,-22.488],[-55.6927,-22.4881],[-55.6928,-22.4878]]],[[[-55.6934,-22.4867],[-55.6933,-22.4869],[-55.6936,-22.4869],[-55.6936,-22.4867],[-55.6934,-22.4867]]],[[[-55.6939,-22.5786],[-55.6939,-22.5788],[-55.6941,-22.5789],[-55.6942,-22.5787],[-55.6939,-22.5786]]],[[[-55.6973,-22.5514],[-55.6972,-22.5516],[-55.6974,-22.5517],[-55.6975,-22.5514],[-55.6973,-22.5514]]],[[[-55.6972,-22.5511],[-55.6972,-22.5506],[-55.6961,-22.5506],[-55.6962,-22.5508],[-55.6966,-22.5507],[-55.6972,-22.5511]]],[[[-55.6967,-22.5517],[-55.6964,-22.5517],[-55.6964,-22.5519],[-55.6966,-22.5519],[-55.6967,-22.5517]]],[[[-55.6983,-22.5733],[-55.6977,-22.5725],[-55.6975,-22.5726],[-55.6981,-22.5733],[-55.6983,-22.5733]]],[[[-55.6981,-22.5528],[-55.6981,-22.553],[-55.6983,-22.5531],[-55.6983,-22.5528],[-55.6981,-22.5528]]],[[[-55.6986,-22.5806],[-55.6984,-22.5806],[-55.6983,-22.5808],[-55.6986,-22.5808],[-55.6986,-22.5806]]],[[[-55.6992,-22.5773],[-55.6989,-22.5772],[-55.6989,-22.5774],[-55.6991,-22.5775],[-55.6992,-22.5773]]],[[[-55.6984,-22.5772],[-55.6989,-22.5769],[-55.6988,-22.5767],[-55.6983,-22.577],[-55.6984,-22.5772]]],[[[-55.6998,-22.5764],[-55.7002,-22.5764],[-55.7006,-22.5761],[-55.7005,-22.5756],[-55.6994,-22.5756],[-55.6994,-22.5761],[-55.6998,-22.5764]]],[[[-55.6997,-22.5767],[-55.6994,-22.5767],[-55.6995,-22.5769],[-55.6997,-22.5769],[-55.6997,-22.5767]]],[[[-55.7008,-22.577],[-55.7001,-22.5772],[-55.7,-22.5777],[-55.7002,-22.5778],[-55.7008,-22.577]]],[[[-55.7022,-22.582],[-55.7014,-22.5822],[-55.7008,-22.5828],[-55.7009,-22.5833],[-55.7015,-22.5825],[-55.7022,-22.5824],[-55.7022,-22.582]]],[[[-55.7014,-22.5737],[-55.7012,-22.5736],[-55.7011,-22.5738],[-55.7013,-22.5739],[-55.7014,-22.5737]]],[[[-55.7022,-22.5795],[-55.702,-22.5794],[-55.7019,-22.5797],[-55.7022,-22.5797],[-55.7022,-22.5795]]],[[[-55.7023,-22.5764],[-55.7022,-22.5766],[-55.7024,-22.5767],[-55.7025,-22.5764],[-55.7023,-22.5764]]],[[[-55.7036,-22.5801],[-55.7041,-22.58],[-55.7042,-22.5798],[-55.7037,-22.5797],[-55.7033,-22.5801],[-55.7033,-22.5811],[-55.7038,-22.5814],[-55.7036,-22.5801]]],[[[-55.7075,-22.5623],[-55.706,-22.5622],[-55.7058,-22.5619],[-55.7053,-22.562],[-55.7053,-22.5624],[-55.7062,-22.5631],[-55.707,-22.5624],[-55.7074,-22.5625],[-55.7075,-22.5623]]],[[[-55.7083,-22.5655],[-55.708,-22.565],[-55.7078,-22.5651],[-55.7081,-22.5656],[-55.7083,-22.5655]]],[[[-55.7084,-22.5064],[-55.7083,-22.5066],[-55.7086,-22.5067],[-55.7086,-22.5064],[-55.7084,-22.5064]]],[[[-55.7111,-22.5673],[-55.7109,-22.5672],[-55.7108,-22.5674],[-55.7111,-22.5675],[-55.7111,-22.5673]]],[[[-55.7117,-22.5153],[-55.7117,-22.5155],[-55.7119,-22.5156],[-55.7119,-22.5153],[-55.7117,-22.5153]]],[[[-55.7124,-22.5747],[-55.7122,-22.5744],[-55.7119,-22.5745],[-55.7119,-22.5749],[-55.7123,-22.5753],[-55.7128,-22.5749],[-55.7127,-22.5747],[-55.7124,-22.5747]]],[[[-55.7134,-22.5664],[-55.7139,-22.5661],[-55.7138,-22.5658],[-55.7133,-22.5662],[-55.7134,-22.5664]]],[[[-55.7145,-22.5607],[-55.7152,-22.5608],[-55.7153,-22.5603],[-55.7147,-22.5597],[-55.7139,-22.5597],[-55.7136,-22.5607],[-55.7133,-22.5609],[-55.7133,-22.5616],[-55.7138,-22.5617],[-55.7139,-22.5613],[-55.7145,-22.5607]]],[[[-55.715,-22.5725],[-55.7158,-22.5725],[-55.7163,-22.5719],[-55.7172,-22.5716],[-55.7175,-22.5709],[-55.7169,-22.5704],[-55.7169,-22.5697],[-55.7162,-22.5697],[-55.7158,-22.5701],[-55.7161,-22.5704],[-55.7161,-22.571],[-55.7156,-22.5711],[-55.7144,-22.5726],[-55.7144,-22.573],[-55.7149,-22.5731],[-55.715,-22.5735],[-55.7142,-22.5737],[-55.7137,-22.5733],[-55.7133,-22.5737],[-55.7133,-22.5744],[-55.7136,-22.5744],[-55.7142,-22.5738],[-55.7149,-22.5739],[-55.7153,-22.5736],[-55.7153,-22.5728],[-55.715,-22.5725]]],[[[-55.7139,-22.5744],[-55.7139,-22.5747],[-55.7141,-22.5747],[-55.7142,-22.5745],[-55.7139,-22.5744]]],[[[-55.7137,-22.5039],[-55.7136,-22.5047],[-55.7141,-22.5047],[-55.7142,-22.5039],[-55.7137,-22.5039]]],[[[-55.7142,-22.5056],[-55.7139,-22.5056],[-55.7139,-22.5058],[-55.7141,-22.5058],[-55.7142,-22.5056]]],[[[-55.7139,-22.5674],[-55.7144,-22.567],[-55.7142,-22.5669],[-55.7139,-22.5674]]],[[[-55.7142,-22.5514],[-55.7142,-22.5516],[-55.7144,-22.5517],[-55.7144,-22.5514],[-55.7142,-22.5514]]],[[[-55.7147,-22.5712],[-55.7142,-22.5711],[-55.7142,-22.5713],[-55.7147,-22.5714],[-55.7147,-22.5712]]],[[[-55.7145,-22.4892],[-55.7144,-22.4894],[-55.7147,-22.4894],[-55.7147,-22.4892],[-55.7145,-22.4892]]],[[[-55.7156,-22.5814],[-55.7156,-22.5816],[-55.7158,-22.5817],[-55.7158,-22.5814],[-55.7156,-22.5814]]],[[[-55.7205,-22.5794],[-55.7195,-22.5798],[-55.7189,-22.5793],[-55.7188,-22.5789],[-55.7179,-22.5786],[-55.7177,-22.5783],[-55.7174,-22.5786],[-55.7167,-22.5783],[-55.7161,-22.5789],[-55.7164,-22.5794],[-55.7167,-22.5794],[-55.7167,-22.5789],[-55.7175,-22.579],[-55.7175,-22.5796],[-55.7167,-22.5805],[-55.7181,-22.5814],[-55.7186,-22.5814],[-55.7189,-22.5811],[-55.7189,-22.5801],[-55.7195,-22.5799],[-55.7198,-22.5803],[-55.7207,-22.5806],[-55.7208,-22.5811],[-55.7217,-22.5819],[-55.7222,-22.5819],[-55.7229,-22.5811],[-55.7236,-22.5811],[-55.7236,-22.5803],[-55.7221,-22.5803],[-55.7216,-22.5794],[-55.7214,-22.5795],[-55.7212,-22.5803],[-55.7208,-22.5801],[-55.7208,-22.5798],[-55.7205,-22.5794]]],[[[-55.7172,-22.585],[-55.7172,-22.5848],[-55.7162,-22.5839],[-55.7161,-22.5844],[-55.7167,-22.5846],[-55.7167,-22.585],[-55.7172,-22.585]]],[[[-55.7169,-22.5173],[-55.7167,-22.5172],[-55.7167,-22.5174],[-55.7169,-22.5175],[-55.7169,-22.5173]]],[[[-55.717,-22.52],[-55.717,-22.5203],[-55.7175,-22.5202],[-55.7174,-22.52],[-55.717,-22.52]]],[[[-55.7175,-22.4908],[-55.7172,-22.4903],[-55.7169,-22.4903],[-55.7173,-22.4908],[-55.7175,-22.4908]]],[[[-55.7186,-22.5858],[-55.7186,-22.5853],[-55.7175,-22.5856],[-55.7176,-22.5858],[-55.7186,-22.5858]]],[[[-55.7178,-22.5005],[-55.7183,-22.5006],[-55.7183,-22.5003],[-55.7178,-22.5],[-55.7178,-22.5005]]],[[[-55.7181,-22.4884],[-55.7184,-22.4892],[-55.7186,-22.4891],[-55.7186,-22.4883],[-55.7181,-22.4884]]],[[[-55.72,-22.5005],[-55.7197,-22.5],[-55.7192,-22.5001],[-55.7198,-22.5006],[-55.72,-22.5005]]],[[[-55.7246,-22.5844],[-55.7247,-22.5839],[-55.7241,-22.5833],[-55.7241,-22.5828],[-55.7237,-22.5829],[-55.7233,-22.5825],[-55.7231,-22.5826],[-55.7237,-22.5836],[-55.7229,-22.5842],[-55.7224,-22.5842],[-55.7215,-22.5835],[-55.7217,-22.5828],[-55.7213,-22.5825],[-55.7208,-22.5828],[-55.7208,-22.5833],[-55.7219,-22.5846],[-55.7219,-22.5851],[-55.7215,-22.5853],[-55.7214,-22.5848],[-55.7211,-22.5844],[-55.7208,-22.5845],[-55.7208,-22.5852],[-55.7212,-22.5858],[-55.7208,-22.5866],[-55.7212,-22.5869],[-55.7217,-22.5869],[-55.7218,-22.5872],[-55.7217,-22.5879],[-55.7211,-22.5884],[-55.7212,-22.5892],[-55.7216,-22.5892],[-55.7219,-22.5888],[-55.7219,-22.5885],[-55.7244,-22.5861],[-55.7244,-22.5858],[-55.7239,-22.5857],[-55.724,-22.585],[-55.7244,-22.5849],[-55.7247,-22.5851],[-55.7247,-22.5855],[-55.725,-22.5855],[-55.725,-22.5848],[-55.7246,-22.5844]],[[-55.7218,-22.5872],[-55.7219,-22.5869],[-55.7224,-22.5869],[-55.7225,-22.5874],[-55.7221,-22.5875],[-55.7218,-22.5872]]],[[[-55.7206,-22.5867],[-55.7192,-22.5867],[-55.7192,-22.5872],[-55.7198,-22.5878],[-55.7202,-22.5878],[-55.7203,-22.5871],[-55.7206,-22.5867]]],[[[-55.7211,-22.4912],[-55.7208,-22.4914],[-55.7208,-22.4919],[-55.7213,-22.4922],[-55.7214,-22.4913],[-55.7224,-22.4911],[-55.7225,-22.4906],[-55.722,-22.4906],[-55.7215,-22.4908],[-55.7213,-22.4906],[-55.7206,-22.4906],[-55.7206,-22.4908],[-55.721,-22.4908],[-55.7211,-22.4912]]],[[[-55.7235,-22.5733],[-55.7222,-22.5722],[-55.7215,-22.5722],[-55.7208,-22.5715],[-55.7208,-22.5712],[-55.7206,-22.5712],[-55.7206,-22.5716],[-55.7214,-22.5725],[-55.7221,-22.5725],[-55.7234,-22.5739],[-55.7236,-22.5738],[-55.7235,-22.5733]]],[[[-55.7209,-22.5653],[-55.7208,-22.5655],[-55.7211,-22.5656],[-55.7211,-22.5653],[-55.7209,-22.5653]]],[[[-55.7228,-22.4994],[-55.7228,-22.4997],[-55.723,-22.4997],[-55.7231,-22.4995],[-55.7228,-22.4994]]],[[[-55.7231,-22.4914],[-55.7228,-22.4914],[-55.7228,-22.4916],[-55.723,-22.4917],[-55.7231,-22.4914]]],[[[-55.7231,-22.4942],[-55.7228,-22.4942],[-55.7228,-22.4944],[-55.723,-22.4944],[-55.7231,-22.4942]]],[[[-55.7241,-22.4911],[-55.7233,-22.49],[-55.7228,-22.4901],[-55.7228,-22.4903],[-55.7233,-22.4904],[-55.7233,-22.4908],[-55.7237,-22.4911],[-55.7241,-22.4911]]],[[[-55.7244,-22.4917],[-55.7237,-22.4917],[-55.7236,-22.4919],[-55.7244,-22.4919],[-55.7244,-22.4917]]],[[[-55.7275,-22.5776],[-55.7273,-22.5775],[-55.7269,-22.5778],[-55.7269,-22.5787],[-55.7266,-22.5783],[-55.7262,-22.5783],[-55.7255,-22.5787],[-55.7253,-22.5786],[-55.7253,-22.5782],[-55.7257,-22.5778],[-55.7266,-22.5778],[-55.7267,-22.5767],[-55.7272,-22.5767],[-55.7272,-22.5764],[-55.7264,-22.5764],[-55.7264,-22.5771],[-55.726,-22.5775],[-55.7246,-22.5769],[-55.7244,-22.5767],[-55.7239,-22.5767],[-55.7239,-22.5774],[-55.7236,-22.5777],[-55.7242,-22.5779],[-55.7242,-22.5785],[-55.7239,-22.5788],[-55.7242,-22.5792],[-55.7253,-22.5788],[-55.7258,-22.579],[-55.7258,-22.5801],[-55.7247,-22.5803],[-55.7253,-22.5811],[-55.7258,-22.5808],[-55.726,-22.5803],[-55.7266,-22.5803],[-55.7272,-22.5797],[-55.7271,-22.5784],[-55.7275,-22.578],[-55.7275,-22.5776]]],[[[-55.7253,-22.5175],[-55.7253,-22.517],[-55.725,-22.5168],[-55.725,-22.5151],[-55.7247,-22.5147],[-55.7242,-22.5147],[-55.7246,-22.5157],[-55.7242,-22.5159],[-55.7239,-22.5166],[-55.7247,-22.5171],[-55.7247,-22.5174],[-55.7251,-22.5178],[-55.7258,-22.5177],[-55.7258,-22.5175],[-55.7253,-22.5175]]],[[[-55.7244,-22.5045],[-55.7242,-22.5044],[-55.7242,-22.5047],[-55.7244,-22.5047],[-55.7244,-22.5045]]],[[[-55.7253,-22.5753],[-55.7253,-22.5755],[-55.7255,-22.5756],[-55.7256,-22.5753],[-55.7253,-22.5753]]],[[[-55.725,-22.5752],[-55.7244,-22.5744],[-55.7242,-22.5745],[-55.7242,-22.575],[-55.725,-22.5752]]],[[[-55.7248,-22.5058],[-55.7245,-22.5064],[-55.7253,-22.5063],[-55.7252,-22.5058],[-55.7248,-22.5058]]],[[[-55.7253,-22.587],[-55.7251,-22.5869],[-55.725,-22.5872],[-55.7252,-22.5872],[-55.7253,-22.587]]],[[[-55.7258,-22.4845],[-55.7251,-22.4844],[-55.725,-22.4847],[-55.7258,-22.4847],[-55.7258,-22.4845]]],[[[-55.7289,-22.5832],[-55.7294,-22.5833],[-55.73,-22.5827],[-55.7299,-22.5817],[-55.7281,-22.5817],[-55.7269,-22.5828],[-55.7267,-22.5835],[-55.7261,-22.5837],[-55.7256,-22.5842],[-55.7261,-22.5855],[-55.7268,-22.5856],[-55.7274,-22.5861],[-55.7278,-22.5858],[-55.7278,-22.5843],[-55.7281,-22.5841],[-55.7281,-22.5838],[-55.7289,-22.5832]],[[-55.7286,-22.5829],[-55.7276,-22.5839],[-55.7272,-22.5837],[-55.7272,-22.5835],[-55.7278,-22.583],[-55.7278,-22.5826],[-55.7283,-22.5824],[-55.7286,-22.5829]]],[[[-55.7269,-22.5169],[-55.7262,-22.5158],[-55.7261,-22.5165],[-55.7258,-22.5169],[-55.7269,-22.5169]]],[[[-55.7283,-22.487],[-55.7274,-22.4861],[-55.7272,-22.4862],[-55.7272,-22.4869],[-55.7276,-22.4875],[-55.7283,-22.4874],[-55.7283,-22.487]]],[[[-55.7291,-22.4856],[-55.7292,-22.4845],[-55.7285,-22.4844],[-55.7281,-22.4842],[-55.7278,-22.4852],[-55.7283,-22.4853],[-55.7287,-22.485],[-55.7289,-22.4855],[-55.7291,-22.4856]]],[[[-55.7281,-22.5961],[-55.7281,-22.5963],[-55.7283,-22.5964],[-55.7283,-22.5962],[-55.7281,-22.5961]]],[[[-55.7293,-22.5783],[-55.7288,-22.5778],[-55.7286,-22.5778],[-55.7292,-22.5786],[-55.7297,-22.5786],[-55.7297,-22.5783],[-55.7293,-22.5783]]],[[[-55.7292,-22.4823],[-55.7289,-22.4822],[-55.7289,-22.4824],[-55.7291,-22.4825],[-55.7292,-22.4823]]],[[[-55.7292,-22.5617],[-55.7289,-22.5617],[-55.7289,-22.5619],[-55.7291,-22.5619],[-55.7292,-22.5617]]],[[[-55.7294,-22.5964],[-55.7292,-22.5964],[-55.7292,-22.5966],[-55.7294,-22.5967],[-55.7294,-22.5964]]],[[[-55.7291,-22.5961],[-55.7292,-22.5953],[-55.7289,-22.5953],[-55.7289,-22.5961],[-55.7291,-22.5961]]],[[[-55.7298,-22.4872],[-55.7298,-22.4875],[-55.7303,-22.4874],[-55.7302,-22.4869],[-55.7298,-22.4872]]],[[[-55.73,-22.5974],[-55.7303,-22.5978],[-55.7308,-22.5977],[-55.7308,-22.5972],[-55.7301,-22.5972],[-55.73,-22.5974]]],[[[-55.7303,-22.5962],[-55.73,-22.5962],[-55.7301,-22.5967],[-55.7303,-22.5966],[-55.7303,-22.5962]]],[[[-55.7308,-22.5795],[-55.7301,-22.5794],[-55.73,-22.5802],[-55.7313,-22.5803],[-55.7314,-22.5801],[-55.7308,-22.5795]]],[[[-55.7314,-22.4842],[-55.7312,-22.4842],[-55.7311,-22.4844],[-55.7313,-22.4844],[-55.7314,-22.4842]]],[[[-55.7319,-22.5658],[-55.7325,-22.5653],[-55.7323,-22.5653],[-55.7319,-22.5658]]],[[[-55.7344,-22.5126],[-55.7337,-22.5125],[-55.7331,-22.5128],[-55.7331,-22.5132],[-55.7325,-22.5137],[-55.7326,-22.5144],[-55.7329,-22.5142],[-55.7336,-22.5144],[-55.7339,-22.5132],[-55.7344,-22.513],[-55.7344,-22.5126]]],[[[-55.7339,-22.4992],[-55.7336,-22.4992],[-55.7337,-22.4997],[-55.7339,-22.4997],[-55.7339,-22.4992]]],[[[-55.7336,-22.4989],[-55.7336,-22.4987],[-55.7334,-22.4986],[-55.7333,-22.4988],[-55.7336,-22.4989]]],[[[-55.7337,-22.4983],[-55.7339,-22.4983],[-55.7338,-22.4978],[-55.7342,-22.4974],[-55.7341,-22.4969],[-55.7336,-22.4976],[-55.7337,-22.4983]]],[[[-55.7344,-22.5719],[-55.7347,-22.5706],[-55.7334,-22.5708],[-55.7333,-22.5713],[-55.7344,-22.5719]]],[[[-55.7337,-22.5644],[-55.7336,-22.5647],[-55.7338,-22.5647],[-55.7339,-22.5645],[-55.7337,-22.5644]]],[[[-55.7341,-22.5794],[-55.7337,-22.5803],[-55.7342,-22.5802],[-55.7341,-22.5794]]],[[[-55.7353,-22.4862],[-55.7348,-22.4861],[-55.7344,-22.4866],[-55.7352,-22.4864],[-55.7353,-22.4862]]],[[[-55.7348,-22.4869],[-55.7347,-22.4872],[-55.7349,-22.4872],[-55.735,-22.487],[-55.7348,-22.4869]]],[[[-55.7352,-22.4903],[-55.7353,-22.4896],[-55.7356,-22.4894],[-55.7355,-22.4892],[-55.735,-22.4892],[-55.735,-22.4902],[-55.7352,-22.4903]]],[[[-55.7358,-22.5492],[-55.7361,-22.5488],[-55.7361,-22.5478],[-55.735,-22.5484],[-55.735,-22.5488],[-55.7353,-22.5491],[-55.7358,-22.5492]]],[[[-55.7358,-22.5651],[-55.7356,-22.565],[-55.7356,-22.5652],[-55.7358,-22.5653],[-55.7358,-22.5651]]],[[[-55.7353,-22.5649],[-55.7352,-22.5647],[-55.735,-22.5648],[-55.7351,-22.565],[-55.7353,-22.5649]]],[[[-55.7361,-22.5766],[-55.7364,-22.5769],[-55.7369,-22.5769],[-55.7369,-22.5764],[-55.7362,-22.5764],[-55.7361,-22.5766]]],[[[-55.7367,-22.4902],[-55.7372,-22.4903],[-55.7372,-22.4901],[-55.7367,-22.4897],[-55.7367,-22.4902]]],[[[-55.7375,-22.567],[-55.7373,-22.5669],[-55.7369,-22.5674],[-55.7372,-22.5675],[-55.7375,-22.567]]],[[[-55.7376,-22.4867],[-55.7378,-22.4869],[-55.7383,-22.4869],[-55.7385,-22.4867],[-55.7404,-22.4867],[-55.7409,-22.4872],[-55.7413,-22.4869],[-55.7431,-22.4869],[-55.7427,-22.4861],[-55.7421,-22.4864],[-55.7419,-22.4861],[-55.7407,-22.4858],[-55.7405,-22.4856],[-55.7384,-22.4858],[-55.7382,-22.4861],[-55.7376,-22.4861],[-55.7369,-22.4864],[-55.737,-22.4867],[-55.7376,-22.4867]]],[[[-55.7386,-22.5745],[-55.7378,-22.5744],[-55.7375,-22.5749],[-55.7383,-22.575],[-55.7386,-22.5745]]],[[[-55.7387,-22.4628],[-55.7386,-22.463],[-55.7388,-22.4631],[-55.7389,-22.4628],[-55.7387,-22.4628]]],[[[-55.7391,-22.5778],[-55.7394,-22.5774],[-55.7394,-22.5772],[-55.7389,-22.5773],[-55.7389,-22.5777],[-55.7391,-22.5778]]],[[[-55.7394,-22.5073],[-55.7389,-22.5072],[-55.7389,-22.5074],[-55.7394,-22.5075],[-55.7394,-22.5073]]],[[[-55.7397,-22.5839],[-55.7395,-22.5839],[-55.7394,-22.5841],[-55.7397,-22.5842],[-55.7397,-22.5839]]],[[[-55.7395,-22.5028],[-55.7394,-22.503],[-55.7397,-22.5031],[-55.7397,-22.5028],[-55.7395,-22.5028]]],[[[-55.7409,-22.4889],[-55.7411,-22.4888],[-55.7411,-22.4881],[-55.7407,-22.4883],[-55.7402,-22.4881],[-55.7397,-22.4881],[-55.7401,-22.4886],[-55.7407,-22.4886],[-55.7409,-22.4889]]],[[[-55.7408,-22.4892],[-55.7406,-22.4892],[-55.7406,-22.4894],[-55.7408,-22.4894],[-55.7408,-22.4892]]],[[[-55.7414,-22.5056],[-55.7412,-22.5056],[-55.7411,-22.5058],[-55.7413,-22.5058],[-55.7414,-22.5056]]],[[[-55.7411,-22.5061],[-55.7403,-22.5061],[-55.7397,-22.5069],[-55.7399,-22.5069],[-55.7404,-22.5064],[-55.7411,-22.5064],[-55.7411,-22.5061]]],[[[-55.7407,-22.5702],[-55.7408,-22.5695],[-55.7406,-22.5694],[-55.74,-22.5701],[-55.74,-22.5708],[-55.7406,-22.571],[-55.7406,-22.5714],[-55.7411,-22.5711],[-55.7411,-22.5706],[-55.7407,-22.5702]]],[[[-55.7403,-22.5761],[-55.7403,-22.5766],[-55.7405,-22.5767],[-55.7406,-22.5762],[-55.7403,-22.5761]]],[[[-55.7411,-22.497],[-55.7409,-22.4969],[-55.7408,-22.4972],[-55.7411,-22.4972],[-55.7411,-22.497]]],[[[-55.7414,-22.5123],[-55.7411,-22.5123],[-55.7412,-22.5128],[-55.7414,-22.5127],[-55.7414,-22.5123]]],[[[-55.7424,-22.5539],[-55.7417,-22.5539],[-55.7417,-22.5543],[-55.7411,-22.5548],[-55.7412,-22.5553],[-55.7422,-22.555],[-55.7428,-22.5544],[-55.7424,-22.5539]]],[[[-55.7423,-22.5808],[-55.7417,-22.5816],[-55.742,-22.5819],[-55.7427,-22.5819],[-55.7428,-22.5809],[-55.7423,-22.5808]]],[[[-55.7436,-22.553],[-55.7436,-22.5519],[-55.7431,-22.5519],[-55.743,-22.5517],[-55.7425,-22.5517],[-55.7426,-22.5522],[-55.7434,-22.5523],[-55.7434,-22.5531],[-55.7436,-22.553]]],[[[-55.7424,-22.5525],[-55.7422,-22.5526],[-55.7423,-22.5528],[-55.7425,-22.5527],[-55.7424,-22.5525]]],[[[-55.7439,-22.6036],[-55.7439,-22.6038],[-55.7441,-22.6039],[-55.7442,-22.6037],[-55.7439,-22.6036]]],[[[-55.7436,-22.6039],[-55.7426,-22.6039],[-55.7425,-22.6044],[-55.743,-22.6047],[-55.7436,-22.6039]]],[[[-55.7428,-22.5942],[-55.7428,-22.5944],[-55.743,-22.5944],[-55.7431,-22.5942],[-55.7428,-22.5942]]],[[[-55.7447,-22.6031],[-55.7441,-22.6019],[-55.7436,-22.602],[-55.7436,-22.6024],[-55.7439,-22.6028],[-55.7447,-22.6031]]],[[[-55.7453,-22.5122],[-55.7449,-22.5114],[-55.7442,-22.5114],[-55.7445,-22.5125],[-55.7449,-22.5125],[-55.7453,-22.5122]]],[[[-55.7444,-22.6044],[-55.7447,-22.6046],[-55.7447,-22.6049],[-55.7449,-22.605],[-55.745,-22.6042],[-55.7445,-22.6042],[-55.7444,-22.6044]]],[[[-55.745,-22.5462],[-55.7448,-22.5461],[-55.7447,-22.5463],[-55.7449,-22.5464],[-55.745,-22.5462]]],[[[-55.7451,-22.4967],[-55.7447,-22.4977],[-55.7455,-22.4978],[-55.7458,-22.4974],[-55.7458,-22.4967],[-55.7451,-22.4967]]],[[[-55.7456,-22.5547],[-55.7456,-22.555],[-55.7472,-22.5549],[-55.7472,-22.5547],[-55.7456,-22.5547]]],[[[-55.7462,-22.5133],[-55.7461,-22.5141],[-55.7466,-22.5142],[-55.7467,-22.5134],[-55.7462,-22.5133]]],[[[-55.7495,-22.5092],[-55.7492,-22.5095],[-55.7485,-22.5094],[-55.748,-22.5089],[-55.7475,-22.5089],[-55.7474,-22.5086],[-55.7461,-22.5087],[-55.7462,-22.5089],[-55.7468,-22.5089],[-55.7472,-22.5093],[-55.7469,-22.5099],[-55.7479,-22.5109],[-55.7475,-22.5114],[-55.7475,-22.5122],[-55.7479,-22.5125],[-55.7478,-22.5138],[-55.7481,-22.514],[-55.7481,-22.5147],[-55.7483,-22.5147],[-55.7483,-22.5138],[-55.7486,-22.5136],[-55.7486,-22.5131],[-55.7491,-22.5131],[-55.7492,-22.5128],[-55.7487,-22.5129],[-55.7481,-22.5124],[-55.748,-22.5109],[-55.7482,-22.5106],[-55.7486,-22.5105],[-55.7486,-22.5101],[-55.749,-22.5097],[-55.75,-22.5097],[-55.7499,-22.5092],[-55.7495,-22.5092]]],[[[-55.7464,-22.5489],[-55.7464,-22.5491],[-55.7466,-22.5492],[-55.7467,-22.5489],[-55.7464,-22.5489]]],[[[-55.7467,-22.5123],[-55.7464,-22.5122],[-55.7464,-22.5124],[-55.7466,-22.5125],[-55.7467,-22.5123]]],[[[-55.7472,-22.5234],[-55.747,-22.5233],[-55.7469,-22.5236],[-55.7472,-22.5236],[-55.7472,-22.5234]]],[[[-55.7473,-22.5186],[-55.7472,-22.5188],[-55.7474,-22.5189],[-55.7475,-22.5187],[-55.7473,-22.5186]]],[[[-55.7473,-22.525],[-55.7472,-22.5252],[-55.7474,-22.5253],[-55.7475,-22.5251],[-55.7473,-22.525]]],[[[-55.7478,-22.5174],[-55.7474,-22.5169],[-55.7472,-22.517],[-55.7476,-22.5175],[-55.7478,-22.5174]]],[[[-55.7476,-22.5497],[-55.7475,-22.5499],[-55.7477,-22.55],[-55.7478,-22.5498],[-55.7476,-22.5497]]],[[[-55.7478,-22.4897],[-55.7478,-22.4899],[-55.748,-22.49],[-55.7481,-22.4898],[-55.7478,-22.4897]]],[[[-55.7481,-22.4887],[-55.7478,-22.4886],[-55.7478,-22.4888],[-55.748,-22.4889],[-55.7481,-22.4887]]],[[[-55.7481,-22.5517],[-55.7478,-22.5517],[-55.7478,-22.5519],[-55.748,-22.5519],[-55.7481,-22.5517]]],[[[-55.7544,-22.5694],[-55.7547,-22.5691],[-55.7544,-22.5687],[-55.7544,-22.5681],[-55.7542,-22.5679],[-55.7544,-22.5669],[-55.7536,-22.5676],[-55.7536,-22.5679],[-55.7533,-22.5681],[-55.7535,-22.569],[-55.7529,-22.5689],[-55.7525,-22.5685],[-55.7528,-22.568],[-55.7525,-22.5674],[-55.7531,-22.5669],[-55.7532,-22.5664],[-55.7539,-22.5663],[-55.7532,-22.5655],[-55.7539,-22.5649],[-55.7539,-22.5645],[-55.7534,-22.5642],[-55.7533,-22.5649],[-55.7517,-22.5667],[-55.7517,-22.5674],[-55.7514,-22.5676],[-55.7511,-22.5685],[-55.75,-22.5695],[-55.75,-22.5701],[-55.7495,-22.5703],[-55.749,-22.5711],[-55.7486,-22.5712],[-55.7486,-22.5718],[-55.7481,-22.5723],[-55.7481,-22.5733],[-55.7485,-22.5733],[-55.7491,-22.5739],[-55.7494,-22.5733],[-55.7494,-22.5724],[-55.75,-22.5722],[-55.75,-22.5713],[-55.7503,-22.571],[-55.7507,-22.5712],[-55.7506,-22.5716],[-55.7514,-22.5725],[-55.7517,-22.5724],[-55.7514,-22.5721],[-55.7514,-22.5715],[-55.7519,-22.5714],[-55.7519,-22.5712],[-55.7506,-22.5701],[-55.7507,-22.5694],[-55.7513,-22.5694],[-55.7515,-22.5692],[-55.7527,-22.5694],[-55.7529,-22.5692],[-55.7535,-22.569],[-55.7534,-22.5697],[-55.7538,-22.5694],[-55.7544,-22.5694]]],[[[-55.7488,-22.5742],[-55.7486,-22.5742],[-55.7487,-22.5744],[-55.7489,-22.5744],[-55.7488,-22.5742]]],[[[-55.7497,-22.5734],[-55.7498,-22.5739],[-55.7506,-22.5738],[-55.7505,-22.5733],[-55.7497,-22.5734]]],[[[-55.7486,-22.5487],[-55.7481,-22.5486],[-55.7481,-22.5488],[-55.7486,-22.5489],[-55.7486,-22.5487]]],[[[-55.7489,-22.5047],[-55.7489,-22.5049],[-55.7491,-22.505],[-55.7492,-22.5048],[-55.7489,-22.5047]]],[[[-55.7492,-22.4753],[-55.7492,-22.4755],[-55.7494,-22.4756],[-55.7494,-22.4753],[-55.7492,-22.4753]]],[[[-55.7506,-22.5585],[-55.7508,-22.5583],[-55.7508,-22.5581],[-55.7494,-22.5591],[-55.7502,-22.5594],[-55.7506,-22.5591],[-55.7506,-22.5585]]],[[[-55.7512,-22.5758],[-55.7514,-22.5761],[-55.7517,-22.5761],[-55.7516,-22.5731],[-55.7514,-22.5731],[-55.7512,-22.5744],[-55.7501,-22.5744],[-55.7497,-22.5748],[-55.7494,-22.5766],[-55.7498,-22.5769],[-55.7503,-22.5766],[-55.7502,-22.5764],[-55.7497,-22.5762],[-55.7499,-22.5756],[-55.7507,-22.5756],[-55.7509,-22.5758],[-55.7512,-22.5758]]],[[[-55.7498,-22.4764],[-55.7498,-22.4767],[-55.7503,-22.4766],[-55.7502,-22.4764],[-55.7498,-22.4764]]],[[[-55.7498,-22.545],[-55.7497,-22.5452],[-55.7499,-22.5453],[-55.75,-22.5451],[-55.7498,-22.545]]],[[[-55.75,-22.5109],[-55.7498,-22.5108],[-55.7497,-22.5111],[-55.7499,-22.5111],[-55.75,-22.5109]]],[[[-55.7503,-22.552],[-55.7501,-22.5519],[-55.7497,-22.5524],[-55.7499,-22.5525],[-55.7503,-22.552]]],[[[-55.7506,-22.5462],[-55.7501,-22.5461],[-55.75,-22.5463],[-55.7505,-22.5464],[-55.7506,-22.5462]]],[[[-55.7506,-22.4783],[-55.7506,-22.4786],[-55.7511,-22.4786],[-55.7511,-22.4783],[-55.7506,-22.4783]]],[[[-55.7503,-22.4787],[-55.7501,-22.4786],[-55.75,-22.4788],[-55.7502,-22.4789],[-55.7503,-22.4787]]],[[[-55.7506,-22.5539],[-55.7503,-22.5539],[-55.7503,-22.5541],[-55.7505,-22.5542],[-55.7506,-22.5539]]],[[[-55.7511,-22.5156],[-55.7503,-22.5158],[-55.7503,-22.5163],[-55.7505,-22.5164],[-55.7511,-22.5156]]],[[[-55.7514,-22.517],[-55.7503,-22.5169],[-55.7503,-22.5172],[-55.7513,-22.5172],[-55.7514,-22.517]]],[[[-55.7508,-22.5098],[-55.7506,-22.5097],[-55.7506,-22.5099],[-55.7508,-22.51],[-55.7508,-22.5098]]],[[[-55.7508,-22.5442],[-55.7506,-22.5442],[-55.7506,-22.5444],[-55.7508,-22.5444],[-55.7508,-22.5442]]],[[[-55.7534,-22.5078],[-55.7534,-22.5081],[-55.7539,-22.508],[-55.7538,-22.5078],[-55.7534,-22.5078]]],[[[-55.7531,-22.5081],[-55.7527,-22.5078],[-55.7517,-22.5078],[-55.7517,-22.5081],[-55.7526,-22.5081],[-55.7528,-22.5086],[-55.7531,-22.5086],[-55.7531,-22.5081]]],[[[-55.7514,-22.5081],[-55.7512,-22.5081],[-55.7511,-22.5083],[-55.7513,-22.5083],[-55.7514,-22.5081]]],[[[-55.7511,-22.5078],[-55.7511,-22.5075],[-55.7506,-22.5076],[-55.7506,-22.5078],[-55.7511,-22.5078]]],[[[-55.7517,-22.5139],[-55.7517,-22.5144],[-55.7525,-22.5144],[-55.7524,-22.5139],[-55.7517,-22.5139]]],[[[-55.7514,-22.5138],[-55.7513,-22.5136],[-55.7508,-22.5137],[-55.7509,-22.5139],[-55.7514,-22.5138]]],[[[-55.7514,-22.5133],[-55.7517,-22.5133],[-55.7516,-22.5131],[-55.7514,-22.5131],[-55.7514,-22.5133]]],[[[-55.7512,-22.5103],[-55.7511,-22.5111],[-55.7516,-22.5111],[-55.7517,-22.5103],[-55.7512,-22.5103]]],[[[-55.7517,-22.5508],[-55.7517,-22.5511],[-55.7522,-22.5511],[-55.7522,-22.5508],[-55.7517,-22.5508]]],[[[-55.7533,-22.5596],[-55.7529,-22.5597],[-55.7523,-22.5589],[-55.7522,-22.5602],[-55.7533,-22.5603],[-55.7536,-22.5599],[-55.7536,-22.5592],[-55.7533,-22.5592],[-55.7533,-22.5596]]],[[[-55.7561,-22.4903],[-55.7561,-22.4878],[-55.7558,-22.4872],[-55.7542,-22.4872],[-55.7537,-22.4876],[-55.753,-22.4869],[-55.7522,-22.487],[-55.7522,-22.4877],[-55.7525,-22.4879],[-55.7522,-22.4886],[-55.7526,-22.4889],[-55.753,-22.4889],[-55.7535,-22.4883],[-55.7543,-22.4883],[-55.7547,-22.489],[-55.7546,-22.4894],[-55.7539,-22.4894],[-55.7536,-22.4898],[-55.7537,-22.49],[-55.7561,-22.4903]]],[[[-55.7526,-22.51],[-55.7525,-22.5102],[-55.7527,-22.5103],[-55.7528,-22.5101],[-55.7526,-22.51]]],[[[-55.7528,-22.5109],[-55.7526,-22.5108],[-55.7525,-22.5111],[-55.7527,-22.5111],[-55.7528,-22.5109]]],[[[-55.7533,-22.5805],[-55.753,-22.5797],[-55.7528,-22.5798],[-55.7531,-22.5806],[-55.7533,-22.5805]]],[[[-55.7531,-22.5794],[-55.7536,-22.5794],[-55.7536,-22.5792],[-55.7531,-22.5792],[-55.7531,-22.5794]]],[[[-55.7539,-22.5133],[-55.7536,-22.5128],[-55.7533,-22.5128],[-55.7537,-22.5133],[-55.7539,-22.5133]]],[[[-55.7531,-22.5127],[-55.753,-22.5125],[-55.7528,-22.5126],[-55.7528,-22.5128],[-55.7531,-22.5127]]],[[[-55.7539,-22.5342],[-55.7534,-22.5342],[-55.7533,-22.5344],[-55.7537,-22.5347],[-55.7541,-22.5347],[-55.7539,-22.5342]]],[[[-55.7537,-22.5294],[-55.7536,-22.5297],[-55.7538,-22.5297],[-55.7539,-22.5295],[-55.7537,-22.5294]]],[[[-55.755,-22.5406],[-55.7544,-22.5408],[-55.7544,-22.5403],[-55.7542,-22.5403],[-55.7543,-22.5408],[-55.7539,-22.5413],[-55.7544,-22.5414],[-55.755,-22.5406]]],[[[-55.7539,-22.5756],[-55.7539,-22.5758],[-55.7544,-22.5758],[-55.7544,-22.5756],[-55.7539,-22.5756]]],[[[-55.7567,-22.5136],[-55.7564,-22.5137],[-55.7559,-22.5133],[-55.7559,-22.5138],[-55.7557,-22.5142],[-55.7545,-22.5144],[-55.7542,-22.5149],[-55.7553,-22.5149],[-55.7558,-22.5156],[-55.7564,-22.5149],[-55.7563,-22.5139],[-55.7569,-22.5138],[-55.7567,-22.5136]]],[[[-55.755,-22.5737],[-55.7545,-22.5736],[-55.7544,-22.5738],[-55.7549,-22.5739],[-55.755,-22.5737]]],[[[-55.7545,-22.5086],[-55.7544,-22.5091],[-55.7547,-22.5092],[-55.7547,-22.5087],[-55.7545,-22.5086]]],[[[-55.755,-22.5051],[-55.7548,-22.505],[-55.7547,-22.5052],[-55.7549,-22.5053],[-55.755,-22.5051]]],[[[-55.7548,-22.5194],[-55.7548,-22.5197],[-55.7553,-22.5197],[-55.7552,-22.5194],[-55.7548,-22.5194]]],[[[-55.7553,-22.5792],[-55.7553,-22.5794],[-55.7555,-22.5794],[-55.7556,-22.5792],[-55.7553,-22.5792]]],[[[-55.755,-22.5791],[-55.7549,-22.5789],[-55.7547,-22.5789],[-55.7548,-22.5792],[-55.755,-22.5791]]],[[[-55.7547,-22.508],[-55.7551,-22.5083],[-55.7553,-22.5083],[-55.7552,-22.5078],[-55.7548,-22.5078],[-55.7547,-22.508]]],[[[-55.7553,-22.5672],[-55.7553,-22.5667],[-55.7551,-22.5667],[-55.7551,-22.5686],[-55.7561,-22.5683],[-55.7561,-22.5679],[-55.7567,-22.5674],[-55.7567,-22.567],[-55.7564,-22.5669],[-55.756,-22.5675],[-55.7553,-22.5672]]],[[[-55.7569,-22.5128],[-55.7569,-22.5117],[-55.7566,-22.5114],[-55.7569,-22.5108],[-55.7569,-22.5101],[-55.7564,-22.5097],[-55.7558,-22.5103],[-55.7558,-22.511],[-55.7553,-22.5114],[-55.7553,-22.5124],[-55.7558,-22.5128],[-55.7558,-22.5121],[-55.7562,-22.5119],[-55.7569,-22.5128]]],[[[-55.7556,-22.5658],[-55.7556,-22.5661],[-55.7558,-22.5661],[-55.7558,-22.5659],[-55.7556,-22.5658]]],[[[-55.7556,-22.5394],[-55.7556,-22.5399],[-55.7558,-22.54],[-55.7558,-22.5395],[-55.7556,-22.5394]]],[[[-55.7564,-22.5414],[-55.7564,-22.5417],[-55.7572,-22.5416],[-55.7572,-22.5414],[-55.7564,-22.5414]]],[[[-55.7567,-22.5081],[-55.7567,-22.5083],[-55.7569,-22.5083],[-55.7569,-22.5081],[-55.7567,-22.5081]]],[[[-55.7567,-22.5089],[-55.7567,-22.5091],[-55.7569,-22.5092],[-55.7569,-22.5089],[-55.7567,-22.5089]]],[[[-55.7578,-22.5531],[-55.7576,-22.5531],[-55.7575,-22.5533],[-55.7577,-22.5533],[-55.7578,-22.5531]]],[[[-55.7572,-22.553],[-55.7572,-22.5524],[-55.7586,-22.5511],[-55.7586,-22.5507],[-55.7589,-22.5505],[-55.7589,-22.5498],[-55.7583,-22.5494],[-55.7572,-22.5503],[-55.7573,-22.5507],[-55.7569,-22.5509],[-55.7569,-22.553],[-55.7572,-22.553]]],[[[-55.7586,-22.4675],[-55.7586,-22.4669],[-55.7572,-22.467],[-55.7578,-22.4676],[-55.7578,-22.4686],[-55.7583,-22.4686],[-55.7583,-22.4676],[-55.7586,-22.4675]]],[[[-55.7581,-22.5439],[-55.7581,-22.5441],[-55.7583,-22.5442],[-55.7583,-22.5439],[-55.7581,-22.5439]]],[[[-55.7592,-22.5478],[-55.7597,-22.5478],[-55.7603,-22.5472],[-55.7606,-22.5456],[-55.7602,-22.5453],[-55.7597,-22.5456],[-55.7597,-22.5462],[-55.7586,-22.547],[-55.7586,-22.548],[-55.7591,-22.5481],[-55.7592,-22.5478]]],[[[-55.7597,-22.5834],[-55.7592,-22.5826],[-55.7592,-22.5823],[-55.7589,-22.5822],[-55.7589,-22.5829],[-55.7586,-22.5831],[-55.759,-22.5834],[-55.7589,-22.5838],[-55.7592,-22.5838],[-55.7592,-22.5833],[-55.7595,-22.5836],[-55.7597,-22.5834]]],[[[-55.7591,-22.585],[-55.7594,-22.5847],[-55.7594,-22.5844],[-55.7589,-22.5845],[-55.7589,-22.5849],[-55.7591,-22.585]]],[[[-55.7592,-22.5814],[-55.7592,-22.5817],[-55.7597,-22.5816],[-55.7597,-22.5814],[-55.7592,-22.5814]]],[[[-55.7622,-22.5875],[-55.7628,-22.5872],[-55.7627,-22.5867],[-55.762,-22.5867],[-55.7618,-22.5869],[-55.7614,-22.5869],[-55.7614,-22.5874],[-55.7611,-22.5876],[-55.7605,-22.5872],[-55.7595,-22.5872],[-55.7594,-22.5877],[-55.7609,-22.5877],[-55.7612,-22.5881],[-55.7619,-22.5881],[-55.7622,-22.5875]]],[[[-55.7597,-22.5064],[-55.7595,-22.5064],[-55.7594,-22.5066],[-55.7597,-22.5067],[-55.7597,-22.5064]]],[[[-55.7598,-22.5419],[-55.7598,-22.5422],[-55.7603,-22.5422],[-55.7602,-22.5419],[-55.7598,-22.5419]]],[[[-55.7611,-22.5772],[-55.7611,-22.5762],[-55.7603,-22.5761],[-55.76,-22.5766],[-55.7611,-22.5772]]],[[[-55.7603,-22.5428],[-55.7601,-22.5428],[-55.76,-22.543],[-55.7602,-22.5431],[-55.7603,-22.5428]]],[[[-55.7605,-22.5489],[-55.7611,-22.5481],[-55.7609,-22.5481],[-55.7603,-22.5488],[-55.7605,-22.5489]]],[[[-55.7608,-22.4955],[-55.7613,-22.4956],[-55.7614,-22.4953],[-55.7609,-22.495],[-55.7608,-22.4955]]],[[[-55.7609,-22.5708],[-55.7609,-22.5711],[-55.7614,-22.5711],[-55.7613,-22.5706],[-55.7609,-22.5708]]],[[[-55.7612,-22.5431],[-55.7611,-22.5433],[-55.7613,-22.5433],[-55.7614,-22.5431],[-55.7612,-22.5431]]],[[[-55.7639,-22.5903],[-55.7655,-22.5906],[-55.7656,-22.5895],[-55.7652,-22.5892],[-55.7643,-22.5892],[-55.7641,-22.5889],[-55.7628,-22.5889],[-55.7628,-22.5894],[-55.7634,-22.59],[-55.7637,-22.59],[-55.7639,-22.5903]],[[-55.765,-22.5899],[-55.7642,-22.5899],[-55.7649,-22.5894],[-55.765,-22.5899]]],[[[-55.7636,-22.5583],[-55.7633,-22.5578],[-55.7631,-22.5578],[-55.7634,-22.5583],[-55.7636,-22.5583]]],[[[-55.7636,-22.5709],[-55.7634,-22.5708],[-55.7631,-22.5713],[-55.7633,-22.5714],[-55.7636,-22.5709]]],[[[-55.7634,-22.5722],[-55.7633,-22.5724],[-55.7636,-22.5725],[-55.7636,-22.5723],[-55.7634,-22.5722]]],[[[-55.7636,-22.5833],[-55.7644,-22.5833],[-55.7644,-22.5831],[-55.7637,-22.5828],[-55.7636,-22.5833]]],[[[-55.7645,-22.5683],[-55.7644,-22.5686],[-55.7647,-22.5686],[-55.7647,-22.5684],[-55.7645,-22.5683]]],[[[-55.7648,-22.5864],[-55.7653,-22.5861],[-55.7652,-22.5858],[-55.7647,-22.5862],[-55.7648,-22.5864]]],[[[-55.7647,-22.5867],[-55.7644,-22.5867],[-55.7645,-22.5869],[-55.7647,-22.5869],[-55.7647,-22.5867]]],[[[-55.7658,-22.5851],[-55.7653,-22.585],[-55.7653,-22.5852],[-55.7658,-22.5853],[-55.7658,-22.5851]]],[[[-55.7664,-22.5889],[-55.7664,-22.5891],[-55.7666,-22.5892],[-55.7667,-22.5889],[-55.7664,-22.5889]]],[[[-55.7669,-22.5873],[-55.7667,-22.5872],[-55.7667,-22.5874],[-55.7669,-22.5875],[-55.7669,-22.5873]]],[[[-55.767,-22.5856],[-55.7669,-22.5858],[-55.7672,-22.5858],[-55.7672,-22.5856],[-55.767,-22.5856]]],[[[-55.7678,-22.5842],[-55.7676,-22.5842],[-55.7675,-22.5844],[-55.7677,-22.5844],[-55.7678,-22.5842]]],[[[-55.7681,-22.5859],[-55.7678,-22.5858],[-55.7678,-22.5861],[-55.768,-22.5861],[-55.7681,-22.5859]]],[[[-55.7733,-22.584],[-55.7739,-22.5838],[-55.7739,-22.5831],[-55.7737,-22.5831],[-55.7736,-22.5835],[-55.7729,-22.5839],[-55.7714,-22.5826],[-55.7716,-22.5819],[-55.7712,-22.5819],[-55.7704,-22.5825],[-55.7696,-22.5822],[-55.7694,-22.5819],[-55.7689,-22.582],[-55.7689,-22.5824],[-55.7694,-22.5826],[-55.77,-22.5832],[-55.7701,-22.5836],[-55.7708,-22.5836],[-55.771,-22.5833],[-55.7714,-22.5835],[-55.7712,-22.5839],[-55.7709,-22.5839],[-55.7706,-22.5842],[-55.7708,-22.5849],[-55.7704,-22.5853],[-55.7695,-22.585],[-55.7692,-22.5853],[-55.7692,-22.5856],[-55.7701,-22.5858],[-55.7706,-22.5863],[-55.7707,-22.5866],[-55.7701,-22.5867],[-55.77,-22.5869],[-55.7706,-22.5872],[-55.7718,-22.5872],[-55.772,-22.5875],[-55.7722,-22.5874],[-55.7722,-22.5867],[-55.7717,-22.5862],[-55.7717,-22.586],[-55.7728,-22.5858],[-55.7733,-22.584]],[[-55.7717,-22.5843],[-55.7724,-22.5842],[-55.7728,-22.5849],[-55.7721,-22.5853],[-55.7717,-22.5849],[-55.7717,-22.5843]]],[[[-55.7701,-22.5819],[-55.7703,-22.5819],[-55.7702,-22.5817],[-55.77,-22.5817],[-55.7701,-22.5819]]],[[[-55.7703,-22.5774],[-55.7699,-22.5769],[-55.7697,-22.577],[-55.7701,-22.5775],[-55.7703,-22.5774]]],[[[-55.7725,-22.5778],[-55.7719,-22.5778],[-55.7719,-22.5775],[-55.7711,-22.5776],[-55.7717,-22.5783],[-55.7724,-22.5783],[-55.7725,-22.5778]]],[[[-55.7744,-22.5765],[-55.7747,-22.5763],[-55.7747,-22.5761],[-55.7742,-22.5764],[-55.7743,-22.5767],[-55.774,-22.5769],[-55.7731,-22.5764],[-55.773,-22.5758],[-55.7717,-22.5758],[-55.7711,-22.5764],[-55.7712,-22.5767],[-55.7716,-22.5767],[-55.7718,-22.5764],[-55.7726,-22.5764],[-55.7729,-22.5767],[-55.7725,-22.5772],[-55.7731,-22.5774],[-55.7731,-22.5778],[-55.7738,-22.5778],[-55.7744,-22.5772],[-55.7744,-22.5765]]],[[[-55.772,-22.5564],[-55.7719,-22.5566],[-55.7722,-22.5567],[-55.7722,-22.5564],[-55.772,-22.5564]]],[[[-55.7731,-22.5789],[-55.7726,-22.5789],[-55.7725,-22.5791],[-55.773,-22.5792],[-55.7731,-22.5789]]],[[[-55.7753,-22.5751],[-55.775,-22.5751],[-55.7751,-22.5756],[-55.7753,-22.5755],[-55.7753,-22.5751]]],[[[-55.7814,-22.5903],[-55.7814,-22.5905],[-55.7816,-22.5906],[-55.7817,-22.5903],[-55.7814,-22.5903]]],[[[-55.7956,-22.5953],[-55.7952,-22.595],[-55.795,-22.5951],[-55.7953,-22.5956],[-55.7956,-22.5953]]],[[[-55.7956,-22.5944],[-55.7956,-22.5947],[-55.7961,-22.5947],[-55.7961,-22.5944],[-55.7956,-22.5944]]],[[[-55.7972,-22.5951],[-55.7967,-22.595],[-55.7967,-22.5952],[-55.7972,-22.5953],[-55.7972,-22.5951]]],[[[-55.8069,-22.5862],[-55.8062,-22.5861],[-55.8061,-22.5869],[-55.8072,-22.5872],[-55.8072,-22.5864],[-55.8069,-22.5862]]]]}},{"type":"Feature","properties":{"ano":2014},"geometry":{"type":"MultiPolygon","coordinates":[[[[-55.6644,-22.5992],[-55.6644,-22.5989],[-55.6638,-22.5983],[-55.6628,-22.5983],[-55.6625,-22.5987],[-55.6626,-22.5997],[-55.6636,-22.5997],[-55.664,-22.5992],[-55.6644,-22.5992]]],[[[-55.6839,-22.5584],[-55.6826,-22.5583],[-55.6825,-22.5591],[-55.6827,-22.5592],[-55.6828,-22.5588],[-55.6831,-22.5585],[-55.6838,-22.5586],[-55.6839,-22.5584]]],[[[-55.6824,-22.5594],[-55.6811,-22.5595],[-55.6812,-22.5597],[-55.6822,-22.5599],[-55.6822,-22.5604],[-55.6818,-22.5608],[-55.6813,-22.5606],[-55.6795,-22.5606],[-55.6794,-22.5608],[-55.68,-22.5608],[-55.6801,-22.5614],[-55.6805,-22.5614],[-55.6807,-22.5611],[-55.6818,-22.5611],[-55.6819,-22.5622],[-55.6827,-22.5625],[-55.6828,-22.562],[-55.6822,-22.5618],[-55.6822,-22.5613],[-55.6826,-22.5611],[-55.683,-22.5614],[-55.6831,-22.5609],[-55.6825,-22.5607],[-55.6824,-22.5594]]],[[[-55.6805,-22.5603],[-55.6806,-22.5592],[-55.6803,-22.559],[-55.6803,-22.5585],[-55.6806,-22.5583],[-55.6806,-22.5578],[-55.6798,-22.5578],[-55.6797,-22.5586],[-55.6792,-22.5586],[-55.6792,-22.5588],[-55.6797,-22.5588],[-55.6803,-22.5593],[-55.6803,-22.5602],[-55.6805,-22.5603]]],[[[-55.68,-22.5661],[-55.6803,-22.5661],[-55.6803,-22.5653],[-55.6799,-22.5653],[-55.6797,-22.5648],[-55.6795,-22.5647],[-55.6792,-22.5655],[-55.6796,-22.5656],[-55.68,-22.5661]]],[[[-55.6795,-22.5767],[-55.6795,-22.5769],[-55.68,-22.5769],[-55.6799,-22.5767],[-55.6795,-22.5767]]],[[[-55.6808,-22.5809],[-55.6806,-22.5808],[-55.6806,-22.5811],[-55.6808,-22.5811],[-55.6808,-22.5809]]],[[[-55.6811,-22.5656],[-55.6809,-22.5656],[-55.6808,-22.5658],[-55.6811,-22.5658],[-55.6811,-22.5656]]],[[[-55.6826,-22.5647],[-55.6825,-22.5652],[-55.6827,-22.5653],[-55.6828,-22.5648],[-55.6826,-22.5647]]],[[[-55.6856,-22.5691],[-55.6852,-22.5686],[-55.685,-22.5687],[-55.6853,-22.5692],[-55.6856,-22.5691]]],[[[-55.6859,-22.5858],[-55.6864,-22.5855],[-55.6863,-22.5853],[-55.6858,-22.5856],[-55.6859,-22.5858]]],[[[-55.6864,-22.5773],[-55.6862,-22.5772],[-55.6861,-22.5774],[-55.6863,-22.5775],[-55.6864,-22.5773]]],[[[-55.6866,-22.6056],[-55.6881,-22.6041],[-55.688,-22.6039],[-55.6864,-22.6055],[-55.6866,-22.6056]]],[[[-55.6894,-22.5473],[-55.6892,-22.5472],[-55.6892,-22.5474],[-55.6894,-22.5475],[-55.6894,-22.5473]]],[[[-55.695,-22.5484],[-55.6945,-22.5483],[-55.6944,-22.549],[-55.6939,-22.5492],[-55.6939,-22.5494],[-55.6947,-22.5494],[-55.695,-22.5484]]],[[[-55.695,-22.5512],[-55.6948,-22.5511],[-55.6947,-22.5513],[-55.6949,-22.5514],[-55.695,-22.5512]]],[[[-55.6964,-22.5692],[-55.6962,-22.5692],[-55.6961,-22.5694],[-55.6963,-22.5694],[-55.6964,-22.5692]]],[[[-55.6969,-22.5517],[-55.6967,-22.5517],[-55.6967,-22.5519],[-55.6969,-22.5519],[-55.6969,-22.5517]]],[[[-55.6969,-22.5687],[-55.6967,-22.5686],[-55.6967,-22.5688],[-55.6969,-22.5689],[-55.6969,-22.5687]]],[[[-55.6969,-22.577],[-55.6967,-22.577],[-55.6967,-22.5775],[-55.6969,-22.5774],[-55.6969,-22.577]]],[[[-55.6975,-22.572],[-55.697,-22.5719],[-55.6969,-22.5722],[-55.6974,-22.5722],[-55.6975,-22.572]]],[[[-55.6983,-22.5517],[-55.6977,-22.5514],[-55.6975,-22.5514],[-55.6978,-22.5519],[-55.6983,-22.5519],[-55.6983,-22.5517]]],[[[-55.6977,-22.5522],[-55.6975,-22.5523],[-55.6976,-22.5525],[-55.6978,-22.5524],[-55.6977,-22.5522]]],[[[-55.6981,-22.5531],[-55.6981,-22.5536],[-55.6989,-22.5536],[-55.6988,-22.5531],[-55.6981,-22.5531]]],[[[-55.7009,-22.5075],[-55.7008,-22.5077],[-55.7011,-22.5078],[-55.7011,-22.5076],[-55.7009,-22.5075]]],[[[-55.7019,-22.5795],[-55.7017,-22.5793],[-55.7017,-22.5787],[-55.7012,-22.5783],[-55.7008,-22.5788],[-55.7017,-22.5797],[-55.7019,-22.5795]]],[[[-55.7024,-22.5833],[-55.7028,-22.5836],[-55.7028,-22.5831],[-55.7024,-22.5825],[-55.7014,-22.5825],[-55.7011,-22.5828],[-55.7012,-22.5836],[-55.7016,-22.5836],[-55.7018,-22.5833],[-55.7024,-22.5833]]],[[[-55.7012,-22.5739],[-55.7011,-22.5744],[-55.7016,-22.5747],[-55.7017,-22.5742],[-55.7012,-22.5739]]],[[[-55.7028,-22.5062],[-55.7022,-22.5054],[-55.7022,-22.5051],[-55.702,-22.505],[-55.7017,-22.5056],[-55.7017,-22.5065],[-55.7012,-22.5067],[-55.7011,-22.5069],[-55.7016,-22.5072],[-55.7022,-22.5064],[-55.7027,-22.5064],[-55.7028,-22.5062]]],[[[-55.7014,-22.552],[-55.7012,-22.5519],[-55.7011,-22.5522],[-55.7013,-22.5522],[-55.7014,-22.552]]],[[[-55.7033,-22.507],[-55.7028,-22.5073],[-55.7028,-22.5075],[-55.7033,-22.5074],[-55.7033,-22.507]]],[[[-55.7039,-22.5801],[-55.7037,-22.58],[-55.7036,-22.5802],[-55.7038,-22.5803],[-55.7039,-22.5801]]],[[[-55.7073,-22.5742],[-55.7058,-22.5759],[-55.7058,-22.5763],[-55.7062,-22.5767],[-55.7069,-22.5767],[-55.7079,-22.5756],[-55.7083,-22.5755],[-55.7083,-22.5751],[-55.7086,-22.5749],[-55.7086,-22.5742],[-55.7073,-22.5742]]],[[[-55.7069,-22.5426],[-55.7067,-22.5425],[-55.7067,-22.5427],[-55.7069,-22.5428],[-55.7069,-22.5426]]],[[[-55.7078,-22.5445],[-55.7076,-22.5444],[-55.7075,-22.5447],[-55.7077,-22.5447],[-55.7078,-22.5445]]],[[[-55.7094,-22.5673],[-55.7092,-22.5672],[-55.7092,-22.5674],[-55.7094,-22.5675],[-55.7094,-22.5673]]],[[[-55.7106,-22.5276],[-55.7103,-22.5276],[-55.7103,-22.5281],[-55.7106,-22.528],[-55.7106,-22.5276]]],[[[-55.7117,-22.5061],[-55.7113,-22.5053],[-55.7103,-22.5053],[-55.7103,-22.5056],[-55.711,-22.5056],[-55.7114,-22.5061],[-55.7117,-22.5061]]],[[[-55.7108,-22.5159],[-55.7106,-22.5158],[-55.7106,-22.5161],[-55.7108,-22.5161],[-55.7108,-22.5159]]],[[[-55.7134,-22.5747],[-55.7144,-22.5744],[-55.7147,-22.5739],[-55.7139,-22.5739],[-55.7133,-22.5745],[-55.7134,-22.5747]]],[[[-55.7131,-22.5748],[-55.7128,-22.5747],[-55.7125,-22.5751],[-55.712,-22.575],[-55.7119,-22.5754],[-55.7114,-22.5756],[-55.7114,-22.5767],[-55.7122,-22.5769],[-55.7125,-22.5766],[-55.7125,-22.5754],[-55.7131,-22.5748]]],[[[-55.7119,-22.5076],[-55.7117,-22.5075],[-55.7117,-22.5077],[-55.7119,-22.5078],[-55.7119,-22.5076]]],[[[-55.7119,-22.5711],[-55.7127,-22.5711],[-55.7128,-22.5703],[-55.712,-22.57],[-55.7119,-22.5711]]],[[[-55.7136,-22.5728],[-55.7134,-22.5728],[-55.7133,-22.5732],[-55.7128,-22.5733],[-55.7128,-22.5736],[-55.7123,-22.5736],[-55.7122,-22.5741],[-55.7124,-22.5742],[-55.7127,-22.5738],[-55.7133,-22.5739],[-55.7136,-22.5736],[-55.7136,-22.5728]]],[[[-55.7143,-22.5219],[-55.7138,-22.5208],[-55.7134,-22.5208],[-55.7133,-22.5212],[-55.7128,-22.5214],[-55.7134,-22.5222],[-55.714,-22.5219],[-55.7147,-22.5225],[-55.7147,-22.522],[-55.7143,-22.5219]]],[[[-55.7133,-22.5695],[-55.7131,-22.5694],[-55.7131,-22.5697],[-55.7133,-22.5697],[-55.7133,-22.5695]]],[[[-55.7136,-22.5687],[-55.7134,-22.5686],[-55.7133,-22.5688],[-55.7136,-22.5689],[-55.7136,-22.5687]]],[[[-55.7137,-22.5197],[-55.7136,-22.5202],[-55.7138,-22.5203],[-55.7139,-22.5198],[-55.7137,-22.5197]]],[[[-55.7142,-22.5612],[-55.7139,-22.5611],[-55.7139,-22.5613],[-55.7141,-22.5614],[-55.7142,-22.5612]]],[[[-55.715,-22.5045],[-55.7146,-22.5044],[-55.7144,-22.5039],[-55.7142,-22.5039],[-55.7139,-22.5052],[-55.7144,-22.5053],[-55.7146,-22.505],[-55.7149,-22.505],[-55.715,-22.5045]]],[[[-55.7144,-22.4878],[-55.7142,-22.4878],[-55.7142,-22.488],[-55.7144,-22.4881],[-55.7144,-22.4878]]],[[[-55.7144,-22.5726],[-55.7142,-22.5725],[-55.7142,-22.5727],[-55.7144,-22.5728],[-55.7144,-22.5726]]],[[[-55.7147,-22.5816],[-55.7155,-22.5825],[-55.7158,-22.5817],[-55.7148,-22.5808],[-55.7142,-22.5816],[-55.7147,-22.5816]]],[[[-55.7147,-22.5606],[-55.7145,-22.5606],[-55.7144,-22.5608],[-55.7147,-22.5608],[-55.7147,-22.5606]]],[[[-55.7161,-22.5711],[-55.7158,-22.57],[-55.7156,-22.5701],[-55.7158,-22.5707],[-55.7154,-22.5711],[-55.7148,-22.5711],[-55.7148,-22.5717],[-55.7152,-22.5717],[-55.7157,-22.5711],[-55.7161,-22.5711]]],[[[-55.7156,-22.5731],[-55.7153,-22.5731],[-55.7153,-22.5733],[-55.7155,-22.5733],[-55.7156,-22.5731]]],[[[-55.7152,-22.5728],[-55.7153,-22.5723],[-55.7151,-22.5722],[-55.715,-22.5727],[-55.7152,-22.5728]]],[[[-55.7159,-22.5725],[-55.7164,-22.5722],[-55.7163,-22.5719],[-55.7158,-22.5723],[-55.7159,-22.5725]]],[[[-55.7167,-22.5637],[-55.7164,-22.5636],[-55.7164,-22.5638],[-55.7166,-22.5639],[-55.7167,-22.5637]]],[[[-55.7174,-22.4908],[-55.7171,-22.4905],[-55.7172,-22.49],[-55.7167,-22.49],[-55.7164,-22.4903],[-55.7164,-22.4914],[-55.7178,-22.4911],[-55.7177,-22.4908],[-55.7174,-22.4908]]],[[[-55.7175,-22.5617],[-55.7173,-22.5617],[-55.7172,-22.5619],[-55.7174,-22.5619],[-55.7175,-22.5617]]],[[[-55.7175,-22.5706],[-55.7173,-22.5706],[-55.7172,-22.5708],[-55.7174,-22.5708],[-55.7175,-22.5706]]],[[[-55.7176,-22.5],[-55.7175,-22.5002],[-55.7177,-22.5003],[-55.7178,-22.5001],[-55.7176,-22.5]]],[[[-55.7181,-22.4878],[-55.7178,-22.4878],[-55.7178,-22.488],[-55.718,-22.4881],[-55.7181,-22.4878]]],[[[-55.7183,-22.5861],[-55.718,-22.5853],[-55.7178,-22.5853],[-55.7178,-22.5861],[-55.7183,-22.5861]]],[[[-55.7186,-22.5003],[-55.7184,-22.5003],[-55.7183,-22.5005],[-55.7186,-22.5006],[-55.7186,-22.5003]]],[[[-55.7186,-22.5787],[-55.7184,-22.5786],[-55.7183,-22.5788],[-55.7186,-22.5789],[-55.7186,-22.5787]]],[[[-55.72,-22.5005],[-55.7202,-22.5006],[-55.7206,-22.5002],[-55.7205,-22.4997],[-55.72,-22.4998],[-55.72,-22.5005]]],[[[-55.7203,-22.4834],[-55.7201,-22.4833],[-55.72,-22.4836],[-55.7202,-22.4836],[-55.7203,-22.4834]]],[[[-55.7201,-22.5661],[-55.7208,-22.5658],[-55.7208,-22.565],[-55.72,-22.5659],[-55.7201,-22.5661]]],[[[-55.7206,-22.5873],[-55.7203,-22.5872],[-55.7203,-22.5874],[-55.7205,-22.5875],[-55.7206,-22.5873]]],[[[-55.7217,-22.5875],[-55.7224,-22.5875],[-55.7225,-22.587],[-55.7212,-22.5869],[-55.7214,-22.5879],[-55.7209,-22.5881],[-55.7208,-22.5883],[-55.7213,-22.5883],[-55.7217,-22.588],[-55.7217,-22.5875]]],[[[-55.7225,-22.5778],[-55.722,-22.5778],[-55.7219,-22.578],[-55.7224,-22.5781],[-55.7225,-22.5778]]],[[[-55.7244,-22.5876],[-55.7231,-22.5875],[-55.7225,-22.5881],[-55.7222,-22.5888],[-55.7228,-22.5889],[-55.723,-22.5892],[-55.7231,-22.5887],[-55.7228,-22.5882],[-55.7238,-22.5881],[-55.7244,-22.5876]]],[[[-55.7231,-22.5894],[-55.7227,-22.5898],[-55.7223,-22.5897],[-55.7219,-22.5901],[-55.7219,-22.5905],[-55.7223,-22.5908],[-55.7238,-22.5903],[-55.7244,-22.5897],[-55.7244,-22.5892],[-55.7231,-22.5894]]],[[[-55.7222,-22.5005],[-55.7224,-22.5006],[-55.7228,-22.5002],[-55.7227,-22.4997],[-55.7222,-22.4998],[-55.7222,-22.5005]]],[[[-55.7228,-22.5431],[-55.7226,-22.5431],[-55.7225,-22.5433],[-55.7227,-22.5433],[-55.7228,-22.5431]]],[[[-55.7231,-22.4924],[-55.7239,-22.4922],[-55.7236,-22.4915],[-55.7244,-22.4914],[-55.7244,-22.4912],[-55.7238,-22.4911],[-55.7233,-22.4907],[-55.7233,-22.4903],[-55.7228,-22.4901],[-55.7229,-22.4897],[-55.7233,-22.4897],[-55.7233,-22.4894],[-55.7228,-22.4894],[-55.7225,-22.4898],[-55.7225,-22.4908],[-55.7231,-22.4915],[-55.7231,-22.4924]]],[[[-55.7236,-22.5826],[-55.7233,-22.5822],[-55.7231,-22.5823],[-55.7234,-22.5828],[-55.7236,-22.5826]]],[[[-55.7236,-22.4995],[-55.7234,-22.4994],[-55.7233,-22.4997],[-55.7236,-22.4997],[-55.7236,-22.4995]]],[[[-55.7253,-22.5053],[-55.7253,-22.5063],[-55.7255,-22.5064],[-55.7258,-22.5056],[-55.7253,-22.5053]]],[[[-55.7252,-22.505],[-55.7249,-22.5042],[-55.7245,-22.5042],[-55.7243,-22.5047],[-55.7236,-22.5048],[-55.7237,-22.505],[-55.7252,-22.505]]],[[[-55.7248,-22.5872],[-55.7256,-22.5872],[-55.7258,-22.5858],[-55.7251,-22.5858],[-55.7244,-22.5864],[-55.7244,-22.5869],[-55.7248,-22.5872]]],[[[-55.725,-22.5884],[-55.7248,-22.5883],[-55.7247,-22.5886],[-55.7249,-22.5886],[-55.725,-22.5884]]],[[[-55.7253,-22.5169],[-55.7258,-22.5169],[-55.7261,-22.5164],[-55.7253,-22.5164],[-55.7253,-22.5169]]],[[[-55.7261,-22.5037],[-55.7256,-22.5036],[-55.7256,-22.5038],[-55.7258,-22.504],[-55.7258,-22.5047],[-55.7263,-22.5047],[-55.7264,-22.5042],[-55.7261,-22.504],[-55.7261,-22.5037]]],[[[-55.7269,-22.5762],[-55.7267,-22.5761],[-55.7267,-22.5763],[-55.7269,-22.5764],[-55.7269,-22.5762]]],[[[-55.7272,-22.4839],[-55.7267,-22.4839],[-55.7267,-22.4841],[-55.7272,-22.4842],[-55.7272,-22.4839]]],[[[-55.7278,-22.4856],[-55.7273,-22.4856],[-55.7269,-22.4861],[-55.7274,-22.4861],[-55.7278,-22.4856]]],[[[-55.7278,-22.5772],[-55.7274,-22.5767],[-55.7272,-22.5767],[-55.7276,-22.5772],[-55.7278,-22.5772]]],[[[-55.7291,-22.5831],[-55.7286,-22.5833],[-55.7286,-22.5826],[-55.7281,-22.5822],[-55.7278,-22.5826],[-55.7278,-22.5829],[-55.7272,-22.5834],[-55.7273,-22.5839],[-55.7281,-22.5839],[-55.7278,-22.5842],[-55.7278,-22.5851],[-55.7275,-22.5853],[-55.7276,-22.5861],[-55.7278,-22.5861],[-55.7278,-22.5856],[-55.7283,-22.5852],[-55.7283,-22.5849],[-55.7289,-22.5844],[-55.7289,-22.584],[-55.7294,-22.5836],[-55.7291,-22.5831]]],[[[-55.728,-22.5819],[-55.7281,-22.5817],[-55.7278,-22.5817],[-55.7278,-22.5819],[-55.728,-22.5819]]],[[[-55.7297,-22.4873],[-55.7295,-22.4872],[-55.7294,-22.4874],[-55.7297,-22.4875],[-55.7297,-22.4873]]],[[[-55.7306,-22.5978],[-55.7301,-22.5978],[-55.73,-22.5983],[-55.7305,-22.5983],[-55.7306,-22.5978]]],[[[-55.7433,-22.4903],[-55.7432,-22.4875],[-55.7433,-22.486],[-55.7436,-22.4856],[-55.7433,-22.4854],[-55.7433,-22.4839],[-55.743,-22.4836],[-55.7418,-22.4836],[-55.7416,-22.4833],[-55.7388,-22.4833],[-55.7383,-22.4829],[-55.7383,-22.4817],[-55.7335,-22.4817],[-55.7333,-22.4814],[-55.7323,-22.4814],[-55.7321,-22.4828],[-55.7306,-22.4828],[-55.7306,-22.4836],[-55.7308,-22.484],[-55.7303,-22.4842],[-55.7303,-22.4847],[-55.7308,-22.4847],[-55.7313,-22.4842],[-55.7317,-22.4843],[-55.7317,-22.4847],[-55.7322,-22.4854],[-55.7323,-22.4867],[-55.7335,-22.4867],[-55.7337,-22.4869],[-55.7341,-22.4869],[-55.7349,-22.4861],[-55.7355,-22.4861],[-55.7356,-22.4857],[-55.7359,-22.4855],[-55.7361,-22.4856],[-55.7361,-22.4861],[-55.7367,-22.4864],[-55.7374,-22.4864],[-55.7376,-22.4861],[-55.7383,-22.4861],[-55.7385,-22.4858],[-55.7394,-22.4858],[-55.7396,-22.4856],[-55.7404,-22.4856],[-55.7406,-22.4858],[-55.7412,-22.4858],[-55.742,-22.4864],[-55.7428,-22.4864],[-55.7428,-22.4869],[-55.7411,-22.487],[-55.7411,-22.4887],[-55.7408,-22.4889],[-55.7409,-22.4895],[-55.7406,-22.4899],[-55.7426,-22.4903],[-55.7434,-22.4908],[-55.7438,-22.4908],[-55.7439,-22.4903],[-55.7433,-22.4903]]],[[[-55.7308,-22.5698],[-55.7305,-22.5694],[-55.7303,-22.5695],[-55.7306,-22.57],[-55.7308,-22.5698]]],[[[-55.7306,-22.4972],[-55.7306,-22.4974],[-55.7308,-22.4975],[-55.7308,-22.4973],[-55.7306,-22.4972]]],[[[-55.7353,-22.5126],[-55.7342,-22.5125],[-55.7341,-22.5122],[-55.7333,-22.5123],[-55.7333,-22.5127],[-55.7338,-22.5127],[-55.7339,-22.5133],[-55.7345,-22.5136],[-55.7347,-22.5136],[-55.7349,-22.5131],[-55.7353,-22.513],[-55.7353,-22.5126]],[[-55.7342,-22.5131],[-55.7341,-22.5128],[-55.7344,-22.5127],[-55.7344,-22.5129],[-55.7342,-22.5131]]],[[[-55.7338,-22.4981],[-55.7339,-22.4971],[-55.7342,-22.4967],[-55.7337,-22.4964],[-55.7336,-22.498],[-55.7338,-22.4981]]],[[[-55.7342,-22.5792],[-55.7339,-22.5792],[-55.7339,-22.5794],[-55.7341,-22.5794],[-55.7342,-22.5792]]],[[[-55.7347,-22.5878],[-55.7345,-22.5878],[-55.7344,-22.588],[-55.7347,-22.5881],[-55.7347,-22.5878]]],[[[-55.7359,-22.5764],[-55.7358,-22.5766],[-55.7361,-22.5767],[-55.7361,-22.5764],[-55.7359,-22.5764]]],[[[-55.7361,-22.4898],[-55.7359,-22.4897],[-55.7358,-22.4899],[-55.7361,-22.49],[-55.7361,-22.4898]]],[[[-55.7372,-22.5022],[-55.7372,-22.5026],[-55.7367,-22.5028],[-55.7367,-22.5033],[-55.7372,-22.5033],[-55.7374,-22.5031],[-55.7391,-22.5031],[-55.7397,-22.5027],[-55.7391,-22.5014],[-55.7378,-22.5014],[-55.7376,-22.5017],[-55.737,-22.5017],[-55.7364,-22.502],[-55.7364,-22.5022],[-55.7372,-22.5022]]],[[[-55.7369,-22.5742],[-55.7367,-22.5742],[-55.7367,-22.5744],[-55.7369,-22.5744],[-55.7369,-22.5742]]],[[[-55.737,-22.5769],[-55.7375,-22.5766],[-55.7374,-22.5764],[-55.7369,-22.5767],[-55.737,-22.5769]]],[[[-55.7375,-22.5642],[-55.7373,-22.5642],[-55.7372,-22.5644],[-55.7374,-22.5644],[-55.7375,-22.5642]]],[[[-55.7389,-22.5139],[-55.7387,-22.5139],[-55.7386,-22.5141],[-55.7388,-22.5142],[-55.7389,-22.5139]]],[[[-55.7397,-22.5042],[-55.7392,-22.5042],[-55.7392,-22.5044],[-55.7397,-22.5044],[-55.7397,-22.5042]]],[[[-55.7403,-22.5708],[-55.7403,-22.5713],[-55.7405,-22.5714],[-55.7406,-22.5709],[-55.7403,-22.5708]]],[[[-55.7411,-22.5217],[-55.7409,-22.5217],[-55.7408,-22.5219],[-55.7411,-22.5219],[-55.7411,-22.5217]]],[[[-55.7414,-22.5059],[-55.7412,-22.5058],[-55.7411,-22.5061],[-55.7413,-22.5061],[-55.7414,-22.5059]]],[[[-55.7414,-22.5095],[-55.7412,-22.5094],[-55.7411,-22.5097],[-55.7413,-22.5097],[-55.7414,-22.5095]]],[[[-55.7422,-22.5524],[-55.7428,-22.5531],[-55.7433,-22.5531],[-55.7436,-22.5523],[-55.7433,-22.5519],[-55.7429,-22.5522],[-55.7423,-22.5519],[-55.7422,-22.5524]]],[[[-55.7431,-22.5123],[-55.7428,-22.5122],[-55.7428,-22.5124],[-55.743,-22.5125],[-55.7431,-22.5123]]],[[[-55.7431,-22.6048],[-55.7428,-22.6047],[-55.7428,-22.6049],[-55.743,-22.605],[-55.7431,-22.6048]]],[[[-55.7433,-22.5499],[-55.7439,-22.5503],[-55.7442,-22.5502],[-55.7441,-22.5497],[-55.7434,-22.5497],[-55.7433,-22.5499]]],[[[-55.7439,-22.512],[-55.7437,-22.5119],[-55.7436,-22.5122],[-55.7438,-22.5122],[-55.7439,-22.512]]],[[[-55.7464,-22.5556],[-55.7466,-22.5555],[-55.7472,-22.5558],[-55.7472,-22.5551],[-55.7451,-22.555],[-55.7447,-22.5553],[-55.7447,-22.5557],[-55.7436,-22.5567],[-55.7436,-22.5574],[-55.7442,-22.5581],[-55.7449,-22.5581],[-55.745,-22.5573],[-55.7446,-22.5572],[-55.7444,-22.5568],[-55.7453,-22.5561],[-55.7453,-22.5569],[-55.7458,-22.5569],[-55.7464,-22.5556]]],[[[-55.7447,-22.4976],[-55.7442,-22.4978],[-55.7442,-22.4981],[-55.7447,-22.498],[-55.7447,-22.4976]]],[[[-55.7447,-22.6009],[-55.7445,-22.6008],[-55.7444,-22.6011],[-55.7447,-22.6011],[-55.7447,-22.6009]]],[[[-55.7456,-22.5497],[-55.7456,-22.5499],[-55.7458,-22.55],[-55.7458,-22.5498],[-55.7456,-22.5497]]],[[[-55.7469,-22.5139],[-55.7467,-22.5139],[-55.7467,-22.5141],[-55.7469,-22.5142],[-55.7469,-22.5139]]],[[[-55.7472,-22.5101],[-55.747,-22.51],[-55.7469,-22.5102],[-55.7472,-22.5103],[-55.7472,-22.5101]]],[[[-55.7478,-22.5087],[-55.7476,-22.5086],[-55.7475,-22.5088],[-55.7477,-22.5089],[-55.7478,-22.5087]]],[[[-55.7481,-22.5139],[-55.7478,-22.5139],[-55.7478,-22.5141],[-55.748,-22.5142],[-55.7481,-22.5139]]],[[[-55.7477,-22.5136],[-55.7478,-22.5131],[-55.7476,-22.5131],[-55.7475,-22.5136],[-55.7477,-22.5136]]],[[[-55.7492,-22.5045],[-55.7486,-22.5047],[-55.7486,-22.5042],[-55.7483,-22.5043],[-55.748,-22.5039],[-55.7478,-22.5039],[-55.7478,-22.5047],[-55.748,-22.5047],[-55.7483,-22.5043],[-55.7484,-22.505],[-55.7488,-22.505],[-55.7492,-22.5045]]],[[[-55.7508,-22.5737],[-55.7506,-22.5736],[-55.7504,-22.5739],[-55.7497,-22.5737],[-55.7499,-22.5733],[-55.7503,-22.5733],[-55.7503,-22.5726],[-55.7499,-22.5722],[-55.7494,-22.5723],[-55.7494,-22.5732],[-55.7492,-22.5736],[-55.7489,-22.5737],[-55.7486,-22.5733],[-55.7481,-22.5734],[-55.7483,-22.5741],[-55.7489,-22.5743],[-55.7489,-22.5747],[-55.7495,-22.5756],[-55.7497,-22.5755],[-55.7497,-22.5749],[-55.7501,-22.5744],[-55.7506,-22.5744],[-55.7508,-22.5737]]],[[[-55.7501,-22.5719],[-55.7508,-22.5719],[-55.7508,-22.5712],[-55.7505,-22.5708],[-55.75,-22.5712],[-55.7501,-22.5719]]],[[[-55.7484,-22.5092],[-55.7483,-22.5094],[-55.7486,-22.5094],[-55.7486,-22.5092],[-55.7484,-22.5092]]],[[[-55.7489,-22.5139],[-55.7487,-22.5139],[-55.7486,-22.5141],[-55.7488,-22.5142],[-55.7489,-22.5139]]],[[[-55.7492,-22.5478],[-55.7489,-22.5478],[-55.7489,-22.548],[-55.7491,-22.5481],[-55.7492,-22.5478]]],[[[-55.7497,-22.552],[-55.7492,-22.5519],[-55.7492,-22.5522],[-55.7497,-22.5522],[-55.7497,-22.552]]],[[[-55.7492,-22.5497],[-55.7492,-22.55],[-55.7497,-22.5499],[-55.7497,-22.5497],[-55.7492,-22.5497]]],[[[-55.7492,-22.5094],[-55.7497,-22.5091],[-55.7497,-22.5089],[-55.7492,-22.5092],[-55.7492,-22.5094]]],[[[-55.7558,-22.5104],[-55.7569,-22.5097],[-55.7566,-22.5092],[-55.7557,-22.5103],[-55.7553,-22.5103],[-55.7549,-22.5108],[-55.7544,-22.5106],[-55.754,-22.5108],[-55.7535,-22.5108],[-55.7532,-22.5105],[-55.7533,-22.5101],[-55.7531,-22.51],[-55.7528,-22.5103],[-55.7531,-22.511],[-55.7524,-22.5114],[-55.7522,-22.5111],[-55.7511,-22.511],[-55.7513,-22.5103],[-55.7519,-22.5106],[-55.7525,-22.5102],[-55.7522,-22.5097],[-55.7514,-22.5094],[-55.75,-22.5106],[-55.7497,-22.5113],[-55.7505,-22.5114],[-55.751,-22.5111],[-55.7512,-22.5117],[-55.7521,-22.5117],[-55.7523,-22.5122],[-55.7529,-22.5114],[-55.7532,-22.5114],[-55.7534,-22.5117],[-55.7546,-22.5119],[-55.7555,-22.5128],[-55.7553,-22.5115],[-55.7558,-22.5111],[-55.7558,-22.5104]]],[[[-55.7497,-22.5117],[-55.7494,-22.5117],[-55.7495,-22.5119],[-55.7497,-22.5119],[-55.7497,-22.5117]]],[[[-55.7494,-22.5122],[-55.7492,-22.5123],[-55.7492,-22.5125],[-55.7494,-22.5124],[-55.7494,-22.5122]]],[[[-55.7552,-22.51],[-55.7553,-22.5098],[-55.7551,-22.5097],[-55.755,-22.5099],[-55.7552,-22.51]]],[[[-55.7497,-22.5081],[-55.7495,-22.5081],[-55.7494,-22.5083],[-55.7497,-22.5083],[-55.7497,-22.5081]]],[[[-55.7511,-22.5695],[-55.7506,-22.5694],[-55.7506,-22.5697],[-55.7511,-22.5697],[-55.7511,-22.5695]]],[[[-55.7509,-22.4889],[-55.7514,-22.4886],[-55.7513,-22.4881],[-55.7508,-22.4887],[-55.7509,-22.4889]]],[[[-55.7512,-22.5628],[-55.7511,-22.563],[-55.7513,-22.5631],[-55.7514,-22.5628],[-55.7512,-22.5628]]],[[[-55.7514,-22.5453],[-55.7512,-22.5453],[-55.7511,-22.5455],[-55.7513,-22.5456],[-55.7514,-22.5453]]],[[[-55.7514,-22.5614],[-55.7511,-22.5614],[-55.7512,-22.5619],[-55.7514,-22.5619],[-55.7514,-22.5614]]],[[[-55.7514,-22.5706],[-55.7512,-22.5706],[-55.7511,-22.5708],[-55.7513,-22.5708],[-55.7514,-22.5706]]],[[[-55.7522,-22.5145],[-55.7517,-22.5143],[-55.7517,-22.5137],[-55.7512,-22.5133],[-55.7511,-22.5141],[-55.7517,-22.5147],[-55.7522,-22.5147],[-55.7522,-22.5145]]],[[[-55.7514,-22.5131],[-55.7517,-22.513],[-55.7516,-22.5128],[-55.7514,-22.5128],[-55.7514,-22.5131]]],[[[-55.7519,-22.5742],[-55.7517,-22.5742],[-55.7517,-22.5747],[-55.7519,-22.5747],[-55.7519,-22.5742]]],[[[-55.7519,-22.5759],[-55.7517,-22.5758],[-55.7517,-22.5761],[-55.7519,-22.5761],[-55.7519,-22.5759]]],[[[-55.7523,-22.4881],[-55.7522,-22.4883],[-55.7524,-22.4883],[-55.7525,-22.4881],[-55.7523,-22.4881]]],[[[-55.7531,-22.5623],[-55.7528,-22.5622],[-55.7525,-22.5627],[-55.7527,-22.5628],[-55.7531,-22.5623]]],[[[-55.7531,-22.5639],[-55.7526,-22.5639],[-55.7525,-22.5641],[-55.753,-22.5642],[-55.7531,-22.5639]]],[[[-55.7561,-22.5675],[-55.7564,-22.5672],[-55.7561,-22.5667],[-55.755,-22.5668],[-55.7544,-22.5662],[-55.7544,-22.566],[-55.7557,-22.565],[-55.7561,-22.565],[-55.7564,-22.5645],[-55.7561,-22.5642],[-55.7548,-22.5642],[-55.7547,-22.5646],[-55.7543,-22.565],[-55.7537,-22.565],[-55.7531,-22.5653],[-55.7534,-22.5661],[-55.7525,-22.5673],[-55.7525,-22.5686],[-55.7531,-22.5689],[-55.7531,-22.5694],[-55.7533,-22.5694],[-55.7536,-22.5691],[-55.7533,-22.5682],[-55.7538,-22.5675],[-55.7542,-22.5675],[-55.7545,-22.5689],[-55.755,-22.5688],[-55.7551,-22.5672],[-55.7561,-22.5675]]],[[[-55.7533,-22.5091],[-55.753,-22.5086],[-55.7528,-22.5087],[-55.7531,-22.5092],[-55.7533,-22.5091]]],[[[-55.7533,-22.5078],[-55.7528,-22.5078],[-55.7528,-22.508],[-55.7533,-22.5081],[-55.7533,-22.5078]]],[[[-55.7533,-22.5739],[-55.7531,-22.5739],[-55.7531,-22.5741],[-55.7533,-22.5742],[-55.7533,-22.5739]]],[[[-55.7536,-22.5067],[-55.7531,-22.5067],[-55.7531,-22.5069],[-55.7536,-22.5069],[-55.7536,-22.5067]]],[[[-55.7544,-22.5142],[-55.7539,-22.5142],[-55.7539,-22.5144],[-55.7544,-22.5144],[-55.7544,-22.5142]]],[[[-55.7538,-22.5139],[-55.7544,-22.5134],[-55.7537,-22.5128],[-55.7537,-22.5133],[-55.7533,-22.5138],[-55.7538,-22.5139]]],[[[-55.7542,-22.5531],[-55.7539,-22.5531],[-55.7536,-22.5534],[-55.7537,-22.5542],[-55.7539,-22.5541],[-55.7539,-22.5535],[-55.7542,-22.5531]]],[[[-55.7536,-22.4977],[-55.7539,-22.4981],[-55.7542,-22.498],[-55.7541,-22.4975],[-55.7537,-22.4975],[-55.7536,-22.4977]]],[[[-55.7539,-22.5089],[-55.7539,-22.5092],[-55.7544,-22.5091],[-55.7544,-22.5089],[-55.7539,-22.5089]]],[[[-55.7539,-22.5411],[-55.755,-22.5405],[-55.7549,-22.5403],[-55.7539,-22.5406],[-55.7539,-22.5411]]],[[[-55.7544,-22.5064],[-55.7542,-22.5064],[-55.7542,-22.5069],[-55.7544,-22.5069],[-55.7544,-22.5064]]],[[[-55.7553,-22.562],[-55.7548,-22.5619],[-55.7544,-22.5624],[-55.7549,-22.5625],[-55.7553,-22.562]]],[[[-55.7551,-22.5386],[-55.755,-22.5388],[-55.7552,-22.5389],[-55.7553,-22.5387],[-55.7551,-22.5386]]],[[[-55.7563,-22.5778],[-55.7563,-22.5772],[-55.7556,-22.5772],[-55.755,-22.578],[-55.7553,-22.5786],[-55.7561,-22.5786],[-55.7561,-22.5784],[-55.7555,-22.5778],[-55.7563,-22.5778]]],[[[-55.7556,-22.54],[-55.7556,-22.5402],[-55.7558,-22.5403],[-55.7558,-22.5401],[-55.7556,-22.54]]],[[[-55.7561,-22.5684],[-55.7556,-22.5683],[-55.7556,-22.5686],[-55.7561,-22.5686],[-55.7561,-22.5684]]],[[[-55.7558,-22.5083],[-55.7562,-22.5086],[-55.7564,-22.5086],[-55.7563,-22.5081],[-55.7559,-22.5081],[-55.7558,-22.5083]]],[[[-55.7564,-22.4881],[-55.7561,-22.4881],[-55.7562,-22.4886],[-55.7564,-22.4886],[-55.7564,-22.4881]]],[[[-55.7564,-22.5503],[-55.7562,-22.5503],[-55.7561,-22.5505],[-55.7563,-22.5506],[-55.7564,-22.5503]]],[[[-55.7566,-22.5147],[-55.7567,-22.5131],[-55.7562,-22.5131],[-55.7561,-22.5136],[-55.7565,-22.5142],[-55.7564,-22.5147],[-55.7566,-22.5147]]],[[[-55.7567,-22.5511],[-55.7567,-22.5522],[-55.7569,-22.5522],[-55.7569,-22.5512],[-55.7567,-22.5511]]],[[[-55.7572,-22.5064],[-55.757,-22.5064],[-55.7569,-22.5066],[-55.7572,-22.5067],[-55.7572,-22.5064]]],[[[-55.7573,-22.5531],[-55.7572,-22.5533],[-55.7574,-22.5533],[-55.7575,-22.5531],[-55.7573,-22.5531]]],[[[-55.7578,-22.4684],[-55.7576,-22.4683],[-55.7575,-22.4686],[-55.7577,-22.4686],[-55.7578,-22.4684]]],[[[-55.7578,-22.507],[-55.7576,-22.5069],[-55.7575,-22.5072],[-55.7577,-22.5072],[-55.7578,-22.507]]],[[[-55.7578,-22.5653],[-55.7576,-22.5653],[-55.7575,-22.5655],[-55.7577,-22.5656],[-55.7578,-22.5653]]],[[[-55.7581,-22.5845],[-55.7589,-22.5849],[-55.7588,-22.5839],[-55.7581,-22.5845]]],[[[-55.7586,-22.4676],[-55.7584,-22.4675],[-55.7583,-22.4677],[-55.7586,-22.4678],[-55.7586,-22.4676]]],[[[-55.7589,-22.5826],[-55.7587,-22.5825],[-55.7586,-22.5827],[-55.7588,-22.5828],[-55.7589,-22.5826]]],[[[-55.7596,-22.5878],[-55.7594,-22.5874],[-55.7597,-22.587],[-55.7595,-22.5869],[-55.7592,-22.5873],[-55.7595,-22.5883],[-55.76,-22.588],[-55.7599,-22.5878],[-55.7596,-22.5878]]],[[[-55.7606,-22.5453],[-55.7603,-22.5453],[-55.7603,-22.5455],[-55.7605,-22.5456],[-55.7606,-22.5453]]],[[[-55.7606,-22.5709],[-55.7603,-22.5708],[-55.7603,-22.5711],[-55.7605,-22.5711],[-55.7606,-22.5709]]],[[[-55.7606,-22.5428],[-55.7603,-22.5428],[-55.7603,-22.5433],[-55.7606,-22.5433],[-55.7606,-22.5428]]],[[[-55.7611,-22.5495],[-55.7609,-22.5494],[-55.7608,-22.5497],[-55.7611,-22.5497],[-55.7611,-22.5495]]],[[[-55.7625,-22.4956],[-55.7614,-22.4953],[-55.7608,-22.4961],[-55.7615,-22.4958],[-55.762,-22.4964],[-55.7633,-22.4963],[-55.7633,-22.4961],[-55.7626,-22.4961],[-55.7625,-22.4956]]],[[[-55.7611,-22.4948],[-55.7609,-22.4947],[-55.7608,-22.4949],[-55.7611,-22.495],[-55.7611,-22.4948]]],[[[-55.7612,-22.5764],[-55.7611,-22.5772],[-55.7616,-22.5775],[-55.7617,-22.5768],[-55.7619,-22.5764],[-55.7612,-22.5764]]],[[[-55.7639,-22.5726],[-55.7637,-22.5725],[-55.7636,-22.5727],[-55.7638,-22.5728],[-55.7639,-22.5726]]],[[[-55.7653,-22.5862],[-55.7651,-22.5861],[-55.765,-22.5863],[-55.7652,-22.5864],[-55.7653,-22.5862]]],[[[-55.7649,-22.5858],[-55.765,-22.5856],[-55.7648,-22.5856],[-55.7647,-22.5858],[-55.7649,-22.5858]]],[[[-55.7675,-22.5856],[-55.7673,-22.5856],[-55.7672,-22.5858],[-55.7674,-22.5858],[-55.7675,-22.5856]]],[[[-55.7689,-22.5826],[-55.7683,-22.5826],[-55.7681,-22.5835],[-55.7675,-22.5839],[-55.7675,-22.5847],[-55.7685,-22.585],[-55.7687,-22.5853],[-55.7694,-22.5853],[-55.7696,-22.585],[-55.7705,-22.5853],[-55.7708,-22.5849],[-55.7708,-22.5844],[-55.7693,-22.5842],[-55.7683,-22.5835],[-55.7685,-22.5831],[-55.7689,-22.583],[-55.7689,-22.5826]]],[[[-55.7694,-22.5836],[-55.77,-22.5831],[-55.7695,-22.5828],[-55.7694,-22.5836]]],[[[-55.77,-22.5824],[-55.7705,-22.5825],[-55.7711,-22.582],[-55.7701,-22.5819],[-55.77,-22.5824]]],[[[-55.7733,-22.5791],[-55.7733,-22.5783],[-55.7739,-22.5783],[-55.7739,-22.5778],[-55.7732,-22.5778],[-55.773,-22.5772],[-55.7725,-22.5773],[-55.7724,-22.5783],[-55.7714,-22.5781],[-55.7719,-22.5788],[-55.7719,-22.5791],[-55.7726,-22.5794],[-55.773,-22.5794],[-55.7733,-22.5791]]],[[[-55.7728,-22.5845],[-55.7724,-22.5842],[-55.7717,-22.5842],[-55.7717,-22.5849],[-55.772,-22.5853],[-55.7724,-22.5853],[-55.7728,-22.5849],[-55.7728,-22.5845]]],[[[-55.7733,-22.5839],[-55.7742,-22.5827],[-55.7741,-22.5825],[-55.7737,-22.5825],[-55.7736,-22.5829],[-55.7733,-22.5832],[-55.772,-22.5831],[-55.7719,-22.5833],[-55.7724,-22.5833],[-55.7728,-22.5839],[-55.7733,-22.5839]]],[[[-55.7728,-22.5823],[-55.7726,-22.5822],[-55.7725,-22.5824],[-55.7727,-22.5825],[-55.7728,-22.5823]]],[[[-55.7736,-22.5753],[-55.7734,-22.5753],[-55.7733,-22.5755],[-55.7736,-22.5756],[-55.7736,-22.5753]]],[[[-55.7753,-22.5756],[-55.7751,-22.5756],[-55.775,-22.5758],[-55.7752,-22.5758],[-55.7753,-22.5756]]],[[[-55.7749,-22.5761],[-55.7744,-22.5764],[-55.7745,-22.5767],[-55.775,-22.5763],[-55.7749,-22.5761]]],[[[-55.7758,-22.5781],[-55.7753,-22.5784],[-55.7753,-22.5786],[-55.7758,-22.5786],[-55.7758,-22.5781]]],[[[-55.7844,-22.5926],[-55.7836,-22.5918],[-55.7838,-22.5914],[-55.7842,-22.5913],[-55.7841,-22.5911],[-55.7835,-22.5911],[-55.7833,-22.5908],[-55.7825,-22.5909],[-55.7829,-22.5914],[-55.7828,-22.5922],[-55.7832,-22.5922],[-55.7836,-22.5926],[-55.7837,-22.5931],[-55.7842,-22.5932],[-55.7842,-22.5939],[-55.785,-22.593],[-55.7849,-22.5925],[-55.7844,-22.5926]]],[[[-55.7822,-22.5908],[-55.7822,-22.5906],[-55.7815,-22.5906],[-55.7813,-22.5903],[-55.7806,-22.5903],[-55.7806,-22.5906],[-55.7812,-22.5906],[-55.7814,-22.5908],[-55.7822,-22.5908]]]]}},{"type":"Feature","properties":{"ano":2015},"geometry":{"type":"MultiPolygon","coordinates":[[[[-55.6436,-22.6153],[-55.6437,-22.6156],[-55.6449,-22.6156],[-55.645,-22.6145],[-55.6445,-22.6144],[-55.6436,-22.6153]]],[[[-55.6433,-22.6152],[-55.6433,-22.615],[-55.6431,-22.6151],[-55.6431,-22.6153],[-55.6433,-22.6152]]],[[[-55.6467,-22.6125],[-55.6467,-22.6127],[-55.6469,-22.6128],[-55.6469,-22.6126],[-55.6467,-22.6125]]],[[[-55.6475,-22.6122],[-55.6486,-22.6116],[-55.6486,-22.6114],[-55.6478,-22.6117],[-55.6475,-22.6122]]],[[[-55.6498,-22.6106],[-55.6497,-22.6108],[-55.6499,-22.6108],[-55.65,-22.6106],[-55.6498,-22.6106]]],[[[-55.6508,-22.6099],[-55.6514,-22.6095],[-55.6512,-22.6094],[-55.6508,-22.6099]]],[[[-55.6506,-22.6101],[-55.6503,-22.61],[-55.6503,-22.6102],[-55.6505,-22.6103],[-55.6506,-22.6101]]],[[[-55.6525,-22.6089],[-55.6523,-22.6089],[-55.6522,-22.6091],[-55.6524,-22.6092],[-55.6525,-22.6089]]],[[[-55.6544,-22.6082],[-55.655,-22.6077],[-55.6549,-22.6075],[-55.6539,-22.6075],[-55.6531,-22.6086],[-55.6544,-22.6082]]],[[[-55.6561,-22.6059],[-55.6559,-22.6058],[-55.6558,-22.6061],[-55.6561,-22.6061],[-55.6561,-22.6059]]],[[[-55.6572,-22.6064],[-55.6564,-22.6064],[-55.6564,-22.6066],[-55.6569,-22.6067],[-55.6572,-22.6069],[-55.6572,-22.6064]]],[[[-55.6563,-22.6069],[-55.6561,-22.607],[-55.6562,-22.6072],[-55.6564,-22.6072],[-55.6563,-22.6069]]],[[[-55.6778,-22.58],[-55.6778,-22.5802],[-55.678,-22.5803],[-55.6781,-22.5801],[-55.6778,-22.58]]],[[[-55.6781,-22.5769],[-55.6781,-22.5774],[-55.6786,-22.5775],[-55.6786,-22.577],[-55.6781,-22.5769]]],[[[-55.6836,-22.5601],[-55.6825,-22.5601],[-55.6821,-22.5597],[-55.6822,-22.5594],[-55.683,-22.5594],[-55.6833,-22.5591],[-55.6833,-22.5581],[-55.6829,-22.5581],[-55.6828,-22.5576],[-55.6822,-22.5572],[-55.6803,-22.5569],[-55.6803,-22.5572],[-55.6807,-22.5572],[-55.6809,-22.5577],[-55.6803,-22.5584],[-55.6803,-22.5591],[-55.6806,-22.5596],[-55.68,-22.5598],[-55.68,-22.5602],[-55.6806,-22.5603],[-55.6806,-22.5606],[-55.6812,-22.5606],[-55.6815,-22.5609],[-55.6814,-22.5611],[-55.6806,-22.5611],[-55.6803,-22.5614],[-55.6803,-22.5609],[-55.6798,-22.5608],[-55.6797,-22.5611],[-55.6801,-22.5612],[-55.68,-22.5615],[-55.6792,-22.5617],[-55.6792,-22.5624],[-55.6786,-22.5626],[-55.6786,-22.5635],[-55.6781,-22.5639],[-55.6787,-22.5653],[-55.6797,-22.5652],[-55.6803,-22.5654],[-55.6803,-22.5658],[-55.68,-22.5659],[-55.6797,-22.5656],[-55.6794,-22.5656],[-55.6798,-22.5661],[-55.6802,-22.566],[-55.6806,-22.5664],[-55.6811,-22.5664],[-55.6809,-22.5657],[-55.6818,-22.5658],[-55.682,-22.5661],[-55.6825,-22.5661],[-55.6825,-22.5657],[-55.6828,-22.5655],[-55.6825,-22.5651],[-55.6828,-22.5647],[-55.6828,-22.5635],[-55.6833,-22.5627],[-55.6833,-22.5613],[-55.6836,-22.5611],[-55.6836,-22.5601]],[[-55.6818,-22.5611],[-55.6821,-22.5606],[-55.6825,-22.5606],[-55.6825,-22.5611],[-55.6818,-22.5611]],[[-55.6819,-22.5621],[-55.6822,-22.5618],[-55.6822,-22.5622],[-55.6819,-22.5621]],[[-55.6824,-22.5622],[-55.6825,-22.5619],[-55.6828,-22.5621],[-55.6827,-22.5623],[-55.6824,-22.5622]],[[-55.6829,-22.5586],[-55.6825,-22.5586],[-55.6826,-22.5583],[-55.6829,-22.5586]],[[-55.6827,-22.5611],[-55.6828,-22.5608],[-55.6831,-22.561],[-55.683,-22.5612],[-55.6827,-22.5611]]],[[[-55.6806,-22.567],[-55.6803,-22.5669],[-55.6803,-22.5672],[-55.6805,-22.5672],[-55.6806,-22.567]]],[[[-55.6844,-22.5706],[-55.6842,-22.5706],[-55.6842,-22.5708],[-55.6844,-22.5708],[-55.6844,-22.5706]]],[[[-55.6853,-22.5901],[-55.6851,-22.59],[-55.685,-22.5902],[-55.6852,-22.5903],[-55.6853,-22.5901]]],[[[-55.6891,-22.5883],[-55.6886,-22.5883],[-55.6886,-22.5876],[-55.688,-22.5869],[-55.6876,-22.5869],[-55.6874,-22.5867],[-55.6864,-22.5867],[-55.6864,-22.5876],[-55.6861,-22.5879],[-55.6853,-22.5878],[-55.6853,-22.5894],[-55.6861,-22.5904],[-55.6858,-22.5911],[-55.6863,-22.5914],[-55.6864,-22.5907],[-55.6869,-22.5906],[-55.6869,-22.5901],[-55.6874,-22.5897],[-55.688,-22.5897],[-55.6881,-22.5892],[-55.6885,-22.5889],[-55.6894,-22.5888],[-55.6891,-22.5883]]],[[[-55.6861,-22.5855],[-55.6858,-22.585],[-55.6856,-22.5851],[-55.6859,-22.5856],[-55.6861,-22.5855]]],[[[-55.6861,-22.6034],[-55.6859,-22.6033],[-55.6858,-22.6036],[-55.6861,-22.6036],[-55.6861,-22.6034]]],[[[-55.6864,-22.5717],[-55.6864,-22.5719],[-55.6866,-22.5719],[-55.6867,-22.5717],[-55.6864,-22.5717]]],[[[-55.6883,-22.6042],[-55.6883,-22.6037],[-55.6881,-22.6036],[-55.6881,-22.604],[-55.6875,-22.6047],[-55.6877,-22.6047],[-55.6883,-22.6042]]],[[[-55.6914,-22.5914],[-55.6907,-22.5914],[-55.6903,-22.591],[-55.6903,-22.5901],[-55.6894,-22.5894],[-55.6892,-22.5895],[-55.6892,-22.5902],[-55.6897,-22.5907],[-55.69,-22.5916],[-55.6903,-22.5918],[-55.6903,-22.5925],[-55.6911,-22.5924],[-55.6914,-22.5922],[-55.6914,-22.5914]]],[[[-55.6923,-22.5558],[-55.6922,-22.5561],[-55.6924,-22.5561],[-55.6925,-22.5559],[-55.6923,-22.5558]]],[[[-55.6931,-22.5564],[-55.6928,-22.5564],[-55.6928,-22.5566],[-55.693,-22.5567],[-55.6931,-22.5564]]],[[[-55.6939,-22.5494],[-55.6939,-22.5497],[-55.6944,-22.5497],[-55.6944,-22.5494],[-55.6939,-22.5494]]],[[[-55.6953,-22.5516],[-55.6953,-22.5506],[-55.6951,-22.5506],[-55.6951,-22.5511],[-55.6947,-22.5514],[-55.6948,-22.5517],[-55.6953,-22.5516]]],[[[-55.697,-22.5517],[-55.697,-22.5519],[-55.6978,-22.5519],[-55.6977,-22.5517],[-55.697,-22.5517]]],[[[-55.6981,-22.5412],[-55.6973,-22.5414],[-55.6972,-22.5416],[-55.698,-22.5417],[-55.6981,-22.5412]]],[[[-55.6984,-22.5731],[-55.6983,-22.5733],[-55.6986,-22.5733],[-55.6986,-22.5731],[-55.6984,-22.5731]]],[[[-55.6997,-22.5768],[-55.6989,-22.5767],[-55.6983,-22.5774],[-55.6987,-22.5778],[-55.6999,-22.5778],[-55.7,-22.5774],[-55.7008,-22.5769],[-55.7005,-22.5764],[-55.7001,-22.5764],[-55.6997,-22.5768]]],[[[-55.6989,-22.5755],[-55.6991,-22.5756],[-55.6994,-22.5751],[-55.6989,-22.575],[-55.6989,-22.5755]]],[[[-55.7025,-22.5055],[-55.7019,-22.5053],[-55.7019,-22.505],[-55.7014,-22.5051],[-55.7014,-22.5054],[-55.7008,-22.5062],[-55.7009,-22.5069],[-55.7017,-22.5066],[-55.7017,-22.5063],[-55.7019,-22.5061],[-55.7018,-22.5056],[-55.7025,-22.5055]]],[[[-55.7017,-22.5739],[-55.7014,-22.5739],[-55.7014,-22.5741],[-55.7016,-22.5742],[-55.7017,-22.5739]]],[[[-55.7042,-22.5692],[-55.7039,-22.5692],[-55.7039,-22.5697],[-55.7042,-22.5697],[-55.7042,-22.5692]]],[[[-55.7042,-22.5801],[-55.7039,-22.58],[-55.7039,-22.5802],[-55.7041,-22.5803],[-55.7042,-22.5801]]],[[[-55.7086,-22.5656],[-55.7078,-22.5656],[-55.7078,-22.5658],[-55.7086,-22.5658],[-55.7086,-22.5656]]],[[[-55.7106,-22.5161],[-55.7106,-22.5163],[-55.7108,-22.5164],[-55.7108,-22.5162],[-55.7106,-22.5161]]],[[[-55.7108,-22.5038],[-55.7119,-22.5038],[-55.7124,-22.5028],[-55.7129,-22.5028],[-55.7137,-22.5033],[-55.7141,-22.5033],[-55.7147,-22.5028],[-55.7141,-22.5025],[-55.7132,-22.5025],[-55.713,-22.5022],[-55.7126,-22.5022],[-55.7116,-22.5011],[-55.7106,-22.5008],[-55.7106,-22.5027],[-55.7111,-22.5032],[-55.7108,-22.5038]]],[[[-55.7116,-22.5078],[-55.7119,-22.5074],[-55.7119,-22.5072],[-55.7114,-22.5073],[-55.7114,-22.5077],[-55.7116,-22.5078]]],[[[-55.7123,-22.5656],[-55.7122,-22.5658],[-55.7124,-22.5658],[-55.7125,-22.5656],[-55.7123,-22.5656]]],[[[-55.7131,-22.5699],[-55.7126,-22.5694],[-55.7122,-22.5698],[-55.7122,-22.5702],[-55.7127,-22.5703],[-55.7131,-22.5699]]],[[[-55.7128,-22.5734],[-55.7126,-22.5733],[-55.7125,-22.5736],[-55.7127,-22.5736],[-55.7128,-22.5734]]],[[[-55.7128,-22.575],[-55.7125,-22.5753],[-55.7126,-22.5758],[-55.7131,-22.5755],[-55.7131,-22.5751],[-55.7128,-22.575]]],[[[-55.7136,-22.5661],[-55.7133,-22.5653],[-55.7131,-22.5653],[-55.7134,-22.5661],[-55.7136,-22.5661]]],[[[-55.7139,-22.4886],[-55.7139,-22.4888],[-55.7141,-22.4889],[-55.7142,-22.4887],[-55.7139,-22.4886]]],[[[-55.7142,-22.5608],[-55.7142,-22.5611],[-55.7144,-22.5611],[-55.7144,-22.5609],[-55.7142,-22.5608]]],[[[-55.7147,-22.5092],[-55.7142,-22.5092],[-55.7142,-22.5094],[-55.7147,-22.5094],[-55.7147,-22.5092]]],[[[-55.7149,-22.5675],[-55.7153,-22.5669],[-55.7152,-22.5667],[-55.7148,-22.5667],[-55.7142,-22.5674],[-55.7149,-22.5675]]],[[[-55.7147,-22.5859],[-55.7145,-22.5858],[-55.7144,-22.5861],[-55.7147,-22.5861],[-55.7147,-22.5859]]],[[[-55.716,-22.5833],[-55.7156,-22.5829],[-55.7153,-22.582],[-55.7151,-22.5819],[-55.715,-22.5827],[-55.7156,-22.5835],[-55.7156,-22.5844],[-55.7161,-22.5844],[-55.716,-22.5833]]],[[[-55.715,-22.5834],[-55.7147,-22.5831],[-55.7144,-22.5831],[-55.7148,-22.5836],[-55.715,-22.5834]]],[[[-55.7156,-22.5087],[-55.7153,-22.5086],[-55.7153,-22.5088],[-55.7155,-22.5089],[-55.7156,-22.5087]]],[[[-55.7169,-22.5023],[-55.7167,-22.5022],[-55.7167,-22.5024],[-55.7169,-22.5025],[-55.7169,-22.5023]]],[[[-55.7166,-22.5028],[-55.7156,-22.5028],[-55.7156,-22.503],[-55.7166,-22.5031],[-55.7166,-22.5028]]],[[[-55.7156,-22.4897],[-55.7156,-22.49],[-55.7161,-22.4899],[-55.7161,-22.4897],[-55.7156,-22.4897]]],[[[-55.7161,-22.5698],[-55.7159,-22.5697],[-55.7158,-22.5699],[-55.7161,-22.57],[-55.7161,-22.5698]]],[[[-55.7164,-22.4906],[-55.7159,-22.4906],[-55.7158,-22.4908],[-55.7163,-22.4908],[-55.7164,-22.4906]]],[[[-55.7164,-22.5636],[-55.7167,-22.5638],[-55.7167,-22.5641],[-55.7169,-22.5642],[-55.7169,-22.5634],[-55.7164,-22.5633],[-55.7164,-22.5636]]],[[[-55.7167,-22.5167],[-55.7164,-22.5167],[-55.7164,-22.5169],[-55.7166,-22.5169],[-55.7167,-22.5167]]],[[[-55.7169,-22.5092],[-55.7167,-22.5092],[-55.7167,-22.5094],[-55.7169,-22.5094],[-55.7169,-22.5092]]],[[[-55.7169,-22.5176],[-55.7167,-22.5175],[-55.7167,-22.5177],[-55.7169,-22.5178],[-55.7169,-22.5176]]],[[[-55.7172,-22.4912],[-55.717,-22.4911],[-55.7169,-22.4913],[-55.7172,-22.4914],[-55.7172,-22.4912]]],[[[-55.7178,-22.5851],[-55.7175,-22.5851],[-55.7175,-22.5854],[-55.7172,-22.5856],[-55.7176,-22.5861],[-55.7178,-22.5861],[-55.7178,-22.5851]]],[[[-55.7191,-22.5155],[-55.7194,-22.5152],[-55.7194,-22.5148],[-55.7188,-22.515],[-55.7186,-22.5144],[-55.7181,-22.5148],[-55.7176,-22.5147],[-55.7172,-22.5153],[-55.7173,-22.5156],[-55.7179,-22.5156],[-55.7181,-22.5158],[-55.7191,-22.5158],[-55.7191,-22.5155]]],[[[-55.7181,-22.4909],[-55.7178,-22.4908],[-55.7178,-22.4911],[-55.718,-22.4911],[-55.7181,-22.4909]]],[[[-55.7203,-22.5717],[-55.7206,-22.5731],[-55.7208,-22.573],[-55.7208,-22.5717],[-55.7203,-22.5717]]],[[[-55.7214,-22.5873],[-55.7211,-22.5867],[-55.7206,-22.5867],[-55.7203,-22.587],[-55.7203,-22.5877],[-55.7205,-22.5878],[-55.7209,-22.5874],[-55.7213,-22.5881],[-55.7214,-22.5873]]],[[[-55.7211,-22.5883],[-55.7208,-22.5884],[-55.7209,-22.5886],[-55.7211,-22.5886],[-55.7211,-22.5883]]],[[[-55.7267,-22.5772],[-55.7267,-22.5789],[-55.7271,-22.5786],[-55.7277,-22.5789],[-55.7286,-22.5778],[-55.7269,-22.5765],[-55.7263,-22.5756],[-55.7254,-22.5756],[-55.7247,-22.575],[-55.7242,-22.575],[-55.7237,-22.5761],[-55.7231,-22.5758],[-55.7228,-22.5762],[-55.7232,-22.5766],[-55.7231,-22.5771],[-55.7225,-22.5776],[-55.7224,-22.5781],[-55.7219,-22.5781],[-55.7219,-22.5787],[-55.7213,-22.5792],[-55.7211,-22.5788],[-55.7214,-22.5784],[-55.7212,-22.5783],[-55.7206,-22.5792],[-55.7206,-22.5797],[-55.7209,-22.5803],[-55.7213,-22.5803],[-55.7214,-22.5797],[-55.7216,-22.5796],[-55.722,-22.58],[-55.7224,-22.5797],[-55.723,-22.5797],[-55.7233,-22.5782],[-55.7239,-22.5774],[-55.724,-22.5767],[-55.7254,-22.5772],[-55.7256,-22.5775],[-55.7261,-22.5775],[-55.7264,-22.5771],[-55.7267,-22.5772]],[[-55.7275,-22.5779],[-55.7271,-22.5783],[-55.7268,-22.5782],[-55.7274,-22.5777],[-55.7275,-22.5779]]],[[[-55.7233,-22.5798],[-55.7236,-22.58],[-55.7242,-22.5794],[-55.7241,-22.5789],[-55.7236,-22.5789],[-55.7236,-22.5796],[-55.7233,-22.5798]]],[[[-55.7237,-22.5803],[-55.7236,-22.581],[-55.7228,-22.5811],[-55.7222,-22.5817],[-55.7222,-22.5822],[-55.7226,-22.5825],[-55.7235,-22.5825],[-55.7236,-22.583],[-55.7238,-22.5831],[-55.7239,-22.5815],[-55.7244,-22.5813],[-55.7247,-22.5806],[-55.724,-22.5808],[-55.7239,-22.5803],[-55.7237,-22.5803]]],[[[-55.7217,-22.4956],[-55.7217,-22.4958],[-55.7219,-22.4958],[-55.7219,-22.4956],[-55.7217,-22.4956]]],[[[-55.7222,-22.5889],[-55.722,-22.5889],[-55.7217,-22.5894],[-55.7219,-22.5894],[-55.7222,-22.5889]]],[[[-55.7231,-22.5316],[-55.7228,-22.5303],[-55.7224,-22.53],[-55.722,-22.53],[-55.7217,-22.5308],[-55.7228,-22.5317],[-55.7231,-22.5316]]],[[[-55.7228,-22.4839],[-55.7226,-22.4839],[-55.7225,-22.4841],[-55.7227,-22.4842],[-55.7228,-22.4839]]],[[[-55.7228,-22.5898],[-55.7226,-22.5897],[-55.7225,-22.5899],[-55.7227,-22.59],[-55.7228,-22.5898]]],[[[-55.7228,-22.5906],[-55.7228,-22.5908],[-55.723,-22.5908],[-55.7231,-22.5906],[-55.7228,-22.5906]]],[[[-55.7231,-22.4939],[-55.7231,-22.4944],[-55.7233,-22.4944],[-55.7233,-22.4939],[-55.7231,-22.4939]]],[[[-55.7233,-22.4992],[-55.7231,-22.4992],[-55.7231,-22.4997],[-55.7233,-22.4997],[-55.7233,-22.4992]]],[[[-55.7252,-22.5882],[-55.7247,-22.5878],[-55.7239,-22.5878],[-55.7239,-22.5883],[-55.7243,-22.5887],[-55.7242,-22.5891],[-55.7245,-22.5894],[-55.7258,-22.5883],[-55.7258,-22.5881],[-55.7252,-22.5882]]],[[[-55.7239,-22.5892],[-55.7233,-22.5889],[-55.7231,-22.5889],[-55.7231,-22.5894],[-55.7238,-22.5894],[-55.7239,-22.5892]]],[[[-55.7249,-22.5192],[-55.7247,-22.5178],[-55.7244,-22.5175],[-55.7239,-22.5175],[-55.7236,-22.5178],[-55.7236,-22.5187],[-55.7233,-22.5189],[-55.7233,-22.5194],[-55.7247,-22.5194],[-55.7249,-22.5192]]],[[[-55.7237,-22.4903],[-55.7236,-22.4905],[-55.7238,-22.4906],[-55.7239,-22.4903],[-55.7237,-22.4903]]],[[[-55.7242,-22.5847],[-55.7239,-22.5851],[-55.7239,-22.5858],[-55.7247,-22.5858],[-55.7247,-22.5851],[-55.7242,-22.5847]]],[[[-55.7242,-22.4908],[-55.7242,-22.4911],[-55.7244,-22.4911],[-55.7244,-22.4909],[-55.7242,-22.4908]]],[[[-55.7248,-22.5278],[-55.7247,-22.528],[-55.7249,-22.5281],[-55.725,-22.5278],[-55.7248,-22.5278]]],[[[-55.7258,-22.5797],[-55.725,-22.5801],[-55.7251,-22.5803],[-55.7258,-22.5802],[-55.7258,-22.5797]]],[[[-55.7264,-22.5048],[-55.7258,-22.5047],[-55.7258,-22.5039],[-55.725,-22.5042],[-55.725,-22.5047],[-55.7256,-22.5056],[-55.7261,-22.5052],[-55.7263,-22.5053],[-55.7264,-22.5048]]],[[[-55.7254,-22.5169],[-55.7253,-22.5162],[-55.7251,-22.5161],[-55.7251,-22.5175],[-55.7258,-22.5174],[-55.7258,-22.517],[-55.7254,-22.5169]]],[[[-55.7256,-22.5703],[-55.7256,-22.5705],[-55.7258,-22.5706],[-55.7258,-22.5703],[-55.7256,-22.5703]]],[[[-55.7269,-22.5064],[-55.7267,-22.5064],[-55.7267,-22.5066],[-55.7269,-22.5067],[-55.7269,-22.5064]]],[[[-55.7294,-22.4867],[-55.7288,-22.4867],[-55.7286,-22.4862],[-55.728,-22.4856],[-55.7275,-22.4859],[-55.7275,-22.4863],[-55.7283,-22.4871],[-55.7284,-22.4875],[-55.7294,-22.4875],[-55.7297,-22.4872],[-55.7297,-22.4864],[-55.7295,-22.4864],[-55.7294,-22.4867]]],[[[-55.7272,-22.4858],[-55.7272,-22.4856],[-55.7269,-22.4856],[-55.727,-22.4858],[-55.7272,-22.4858]]],[[[-55.7278,-22.4831],[-55.7276,-22.4831],[-55.7275,-22.4833],[-55.7277,-22.4833],[-55.7278,-22.4831]]],[[[-55.7278,-22.5862],[-55.7276,-22.5861],[-55.7275,-22.5863],[-55.7277,-22.5864],[-55.7278,-22.5862]]],[[[-55.7281,-22.5617],[-55.7278,-22.5617],[-55.7278,-22.5619],[-55.728,-22.5619],[-55.7281,-22.5617]]],[[[-55.7289,-22.5953],[-55.7286,-22.5953],[-55.7287,-22.5961],[-55.7289,-22.5961],[-55.7289,-22.5953]]],[[[-55.7305,-22.4828],[-55.7292,-22.4828],[-55.7292,-22.483],[-55.7306,-22.483],[-55.7305,-22.4828]]],[[[-55.7297,-22.5953],[-55.7295,-22.5953],[-55.7294,-22.5955],[-55.7297,-22.5956],[-55.7297,-22.5953]]],[[[-55.7303,-22.4976],[-55.7301,-22.4975],[-55.73,-22.4977],[-55.7302,-22.4978],[-55.7303,-22.4976]]],[[[-55.7301,-22.5969],[-55.7301,-22.5972],[-55.7306,-22.5972],[-55.7305,-22.5969],[-55.7301,-22.5969]]],[[[-55.7314,-22.5978],[-55.7309,-22.5975],[-55.7306,-22.5978],[-55.7306,-22.5983],[-55.7316,-22.5983],[-55.7314,-22.5978]]],[[[-55.7314,-22.5702],[-55.7311,-22.5697],[-55.7308,-22.5698],[-55.7312,-22.5703],[-55.7314,-22.5702]]],[[[-55.7312,-22.5656],[-55.7312,-22.5658],[-55.7319,-22.5658],[-55.7319,-22.5656],[-55.7312,-22.5656]]],[[[-55.7314,-22.4828],[-55.7312,-22.4828],[-55.7311,-22.483],[-55.7313,-22.4831],[-55.7314,-22.4828]]],[[[-55.7334,-22.4989],[-55.7333,-22.4994],[-55.7336,-22.4994],[-55.7336,-22.4989],[-55.7334,-22.4989]]],[[[-55.7342,-22.4964],[-55.7339,-22.4964],[-55.7339,-22.4966],[-55.7341,-22.4967],[-55.7342,-22.4964]]],[[[-55.7336,-22.4967],[-55.7333,-22.4967],[-55.7334,-22.4975],[-55.7336,-22.4974],[-55.7336,-22.4967]]],[[[-55.7375,-22.5769],[-55.7374,-22.5761],[-55.7365,-22.5761],[-55.7359,-22.5753],[-55.7336,-22.5778],[-55.7336,-22.5788],[-55.7339,-22.5792],[-55.7342,-22.5791],[-55.7342,-22.5785],[-55.7356,-22.5774],[-55.736,-22.5764],[-55.7372,-22.5764],[-55.7373,-22.5769],[-55.7375,-22.5769]]],[[[-55.7355,-22.5872],[-55.7356,-22.5864],[-55.7351,-22.5864],[-55.7347,-22.5867],[-55.7347,-22.5872],[-55.7351,-22.5875],[-55.7347,-22.5881],[-55.7348,-22.5886],[-55.7352,-22.5886],[-55.7356,-22.5883],[-55.7356,-22.5878],[-55.7352,-22.5875],[-55.7355,-22.5872]]],[[[-55.7347,-22.5863],[-55.7347,-22.5859],[-55.7342,-22.5858],[-55.7336,-22.5866],[-55.7344,-22.5867],[-55.7347,-22.5863]]],[[[-55.7347,-22.5717],[-55.7345,-22.5717],[-55.7344,-22.5719],[-55.7347,-22.5719],[-55.7347,-22.5717]]],[[[-55.7361,-22.5698],[-55.7354,-22.5697],[-55.7351,-22.5694],[-55.7347,-22.5698],[-55.7347,-22.5702],[-55.7358,-22.5703],[-55.7361,-22.5698]]],[[[-55.735,-22.5709],[-55.7348,-22.5708],[-55.7347,-22.5711],[-55.7349,-22.5711],[-55.735,-22.5709]]],[[[-55.7353,-22.5125],[-55.7353,-22.5128],[-55.7358,-22.5127],[-55.7358,-22.5125],[-55.7353,-22.5125]]],[[[-55.7353,-22.565],[-55.7353,-22.5652],[-55.7355,-22.5653],[-55.7356,-22.5651],[-55.7353,-22.565]]],[[[-55.7356,-22.4817],[-55.7356,-22.4822],[-55.7358,-22.4822],[-55.7358,-22.4817],[-55.7356,-22.4817]]],[[[-55.7367,-22.5087],[-55.7364,-22.5086],[-55.7364,-22.5088],[-55.7366,-22.5089],[-55.7367,-22.5087]]],[[[-55.7378,-22.5745],[-55.737,-22.5744],[-55.7369,-22.5747],[-55.7377,-22.5747],[-55.7378,-22.5745]]],[[[-55.7375,-22.5667],[-55.7373,-22.5667],[-55.7372,-22.5669],[-55.7374,-22.5669],[-55.7375,-22.5667]]],[[[-55.7381,-22.5853],[-55.7381,-22.5858],[-55.7383,-22.5858],[-55.7383,-22.5853],[-55.7381,-22.5853]]],[[[-55.7378,-22.5852],[-55.7377,-22.585],[-55.7375,-22.5851],[-55.7376,-22.5853],[-55.7378,-22.5852]]],[[[-55.7397,-22.5837],[-55.7389,-22.5836],[-55.7389,-22.5844],[-55.7391,-22.5844],[-55.7397,-22.5837]]],[[[-55.7414,-22.5007],[-55.7406,-22.4997],[-55.7401,-22.5014],[-55.7393,-22.5013],[-55.7394,-22.5006],[-55.7389,-22.5006],[-55.7389,-22.5013],[-55.7392,-22.5019],[-55.7397,-22.5016],[-55.7401,-22.5018],[-55.7401,-22.5022],[-55.7408,-22.5022],[-55.7408,-22.5015],[-55.7411,-22.5013],[-55.7419,-22.5011],[-55.7416,-22.5006],[-55.7414,-22.5007]]],[[[-55.7397,-22.5023],[-55.7395,-22.5022],[-55.7394,-22.5024],[-55.7397,-22.5025],[-55.7397,-22.5023]]],[[[-55.7392,-22.4906],[-55.7392,-22.4908],[-55.7394,-22.4908],[-55.7394,-22.4906],[-55.7392,-22.4906]]],[[[-55.74,-22.5038],[-55.7395,-22.5033],[-55.7392,-22.5037],[-55.7392,-22.5041],[-55.7397,-22.5042],[-55.74,-22.5038]]],[[[-55.7403,-22.5867],[-55.7401,-22.5867],[-55.74,-22.5869],[-55.7402,-22.5869],[-55.7403,-22.5867]]],[[[-55.7417,-22.5828],[-55.7414,-22.5828],[-55.7411,-22.5834],[-55.7412,-22.5839],[-55.7417,-22.5836],[-55.7417,-22.5828]]],[[[-55.7414,-22.5814],[-55.7414,-22.5816],[-55.7416,-22.5817],[-55.7417,-22.5814],[-55.7414,-22.5814]]],[[[-55.7423,-22.5528],[-55.7425,-22.5536],[-55.7427,-22.5536],[-55.7428,-22.5528],[-55.7423,-22.5528]]],[[[-55.7422,-22.5525],[-55.7422,-22.5517],[-55.742,-22.5517],[-55.7417,-22.552],[-55.7417,-22.5524],[-55.7422,-22.5525]]],[[[-55.7422,-22.5792],[-55.742,-22.5792],[-55.7419,-22.5794],[-55.7422,-22.5794],[-55.7422,-22.5792]]],[[[-55.7462,-22.6032],[-55.7469,-22.6033],[-55.7472,-22.603],[-55.7472,-22.6026],[-55.7466,-22.6019],[-55.746,-22.6019],[-55.7458,-22.6017],[-55.7448,-22.6019],[-55.7443,-22.6028],[-55.7438,-22.6025],[-55.7428,-22.6028],[-55.7422,-22.6038],[-55.7433,-22.6039],[-55.7434,-22.6041],[-55.7431,-22.6045],[-55.7431,-22.6057],[-55.7428,-22.6061],[-55.7444,-22.6064],[-55.7447,-22.6061],[-55.7447,-22.605],[-55.7458,-22.6049],[-55.7458,-22.6046],[-55.7461,-22.6044],[-55.7458,-22.6035],[-55.7462,-22.6032]],[[-55.745,-22.6043],[-55.7448,-22.6045],[-55.7447,-22.6042],[-55.745,-22.6043]]],[[[-55.7426,-22.5806],[-55.7425,-22.5808],[-55.7427,-22.5808],[-55.7428,-22.5806],[-55.7426,-22.5806]]],[[[-55.7459,-22.5575],[-55.7469,-22.5561],[-55.7469,-22.5556],[-55.7466,-22.5553],[-55.7464,-22.5553],[-55.7464,-22.5557],[-55.7458,-22.5564],[-55.7459,-22.5575]]],[[[-55.7456,-22.5563],[-55.7455,-22.5561],[-55.7451,-22.5561],[-55.7444,-22.5569],[-55.7452,-22.5567],[-55.7456,-22.5563]]],[[[-55.7458,-22.5467],[-55.7451,-22.5461],[-55.745,-22.5466],[-55.7453,-22.5469],[-55.7458,-22.5469],[-55.7458,-22.5467]]],[[[-55.7456,-22.4978],[-55.745,-22.4978],[-55.7451,-22.4986],[-55.7456,-22.4986],[-55.7456,-22.4978]]],[[[-55.7464,-22.5231],[-55.7464,-22.5233],[-55.7466,-22.5233],[-55.7467,-22.5231],[-55.7464,-22.5231]]],[[[-55.7461,-22.523],[-55.7458,-22.5225],[-55.7456,-22.5226],[-55.7459,-22.5231],[-55.7461,-22.523]]],[[[-55.7469,-22.5098],[-55.7458,-22.5096],[-55.7457,-22.5092],[-55.7461,-22.5088],[-55.7461,-22.5086],[-55.7456,-22.5089],[-55.7456,-22.5097],[-55.7459,-22.51],[-55.7469,-22.51],[-55.7469,-22.5098]]],[[[-55.7461,-22.5212],[-55.7458,-22.5212],[-55.7459,-22.5217],[-55.7461,-22.5216],[-55.7461,-22.5212]]],[[[-55.7478,-22.5141],[-55.7474,-22.5131],[-55.7461,-22.5131],[-55.7462,-22.5133],[-55.7467,-22.5135],[-55.7467,-22.5139],[-55.7474,-22.5139],[-55.7476,-22.5142],[-55.7478,-22.5141]]],[[[-55.7481,-22.5174],[-55.7477,-22.5169],[-55.7475,-22.517],[-55.7478,-22.5175],[-55.7481,-22.5174]]],[[[-55.7483,-22.5741],[-55.748,-22.5731],[-55.7475,-22.5731],[-55.7481,-22.5738],[-55.7481,-22.5742],[-55.7483,-22.5741]]],[[[-55.7494,-22.5092],[-55.7494,-22.5083],[-55.7478,-22.5084],[-55.7478,-22.5088],[-55.7487,-22.5094],[-55.7491,-22.5094],[-55.7494,-22.5092]]],[[[-55.7489,-22.5046],[-55.7494,-22.505],[-55.7494,-22.5042],[-55.7487,-22.5042],[-55.7485,-22.5044],[-55.7481,-22.5044],[-55.7481,-22.5049],[-55.7489,-22.5046]]],[[[-55.7481,-22.5214],[-55.7481,-22.5216],[-55.7483,-22.5217],[-55.7483,-22.5214],[-55.7481,-22.5214]]],[[[-55.7484,-22.495],[-55.7483,-22.4955],[-55.7486,-22.4956],[-55.7486,-22.4951],[-55.7484,-22.495]]],[[[-55.7486,-22.5492],[-55.7484,-22.5492],[-55.7483,-22.5494],[-55.7486,-22.5494],[-55.7486,-22.5492]]],[[[-55.7497,-22.5139],[-55.7492,-22.5139],[-55.7489,-22.5136],[-55.7489,-22.514],[-55.7483,-22.5147],[-55.7486,-22.5147],[-55.7492,-22.5141],[-55.7497,-22.5142],[-55.7497,-22.5139]]],[[[-55.7494,-22.5525],[-55.7494,-22.5517],[-55.7489,-22.5517],[-55.7489,-22.5524],[-55.7494,-22.5525]]],[[[-55.7492,-22.5753],[-55.7492,-22.5758],[-55.7494,-22.5758],[-55.7494,-22.5753],[-55.7492,-22.5753]]],[[[-55.7492,-22.4763],[-55.7503,-22.4761],[-55.7503,-22.4756],[-55.7492,-22.4756],[-55.7492,-22.4763]]],[[[-55.7503,-22.5501],[-55.7495,-22.55],[-55.7494,-22.5505],[-55.7502,-22.5506],[-55.7503,-22.5501]]],[[[-55.75,-22.5128],[-55.7498,-22.5128],[-55.7497,-22.513],[-55.7499,-22.5131],[-55.75,-22.5128]]],[[[-55.7502,-22.5539],[-55.75,-22.5531],[-55.7498,-22.5531],[-55.7497,-22.5536],[-55.7502,-22.5539]]],[[[-55.7501,-22.5719],[-55.75,-22.5724],[-55.7503,-22.5728],[-55.7506,-22.5727],[-55.7507,-22.5722],[-55.7511,-22.5722],[-55.7511,-22.5719],[-55.7501,-22.5719]]],[[[-55.7508,-22.4792],[-55.7503,-22.4786],[-55.75,-22.4791],[-55.7508,-22.4792]]],[[[-55.7503,-22.5583],[-55.7508,-22.5578],[-55.7503,-22.5575],[-55.75,-22.558],[-55.7503,-22.5583]]],[[[-55.7503,-22.5778],[-55.7511,-22.5772],[-55.7511,-22.5767],[-55.7508,-22.5764],[-55.7503,-22.5764],[-55.75,-22.5767],[-55.75,-22.5774],[-55.7503,-22.5778]]],[[[-55.7512,-22.5506],[-55.7506,-22.5512],[-55.7506,-22.5514],[-55.751,-22.5511],[-55.7517,-22.5511],[-55.7512,-22.5506]]],[[[-55.7524,-22.51],[-55.7522,-22.5094],[-55.7508,-22.5089],[-55.7509,-22.5097],[-55.7516,-22.5096],[-55.7524,-22.51]]],[[[-55.7512,-22.5086],[-55.7517,-22.5083],[-55.7516,-22.5081],[-55.7511,-22.5084],[-55.7512,-22.5086]]],[[[-55.7514,-22.5056],[-55.7509,-22.5056],[-55.7508,-22.5061],[-55.7513,-22.5061],[-55.7514,-22.5056]]],[[[-55.7517,-22.5637],[-55.7513,-22.5633],[-55.7511,-22.5634],[-55.7514,-22.5639],[-55.7517,-22.5637]]],[[[-55.7531,-22.5692],[-55.7524,-22.5694],[-55.7522,-22.5692],[-55.7514,-22.5692],[-55.7511,-22.5697],[-55.7519,-22.5693],[-55.7523,-22.5697],[-55.7527,-22.5697],[-55.7531,-22.5692]]],[[[-55.7519,-22.5138],[-55.7516,-22.5133],[-55.7514,-22.5134],[-55.7517,-22.5139],[-55.7519,-22.5138]]],[[[-55.7524,-22.4881],[-55.7522,-22.487],[-55.752,-22.4869],[-55.7519,-22.4876],[-55.7517,-22.488],[-55.752,-22.4883],[-55.7524,-22.4881]]],[[[-55.752,-22.5761],[-55.7519,-22.5763],[-55.7522,-22.5764],[-55.7522,-22.5762],[-55.752,-22.5761]]],[[[-55.7538,-22.5058],[-55.7534,-22.5067],[-55.7539,-22.5066],[-55.7538,-22.5058]]],[[[-55.7531,-22.5067],[-55.7526,-22.5067],[-55.7519,-22.5073],[-55.7519,-22.5077],[-55.7523,-22.5081],[-55.7528,-22.5077],[-55.7528,-22.5071],[-55.7531,-22.5067]]],[[[-55.7525,-22.5145],[-55.7523,-22.5144],[-55.7522,-22.5147],[-55.7524,-22.5147],[-55.7525,-22.5145]]],[[[-55.7525,-22.5584],[-55.7528,-22.5597],[-55.7533,-22.5597],[-55.7533,-22.5583],[-55.7525,-22.5584]]],[[[-55.7536,-22.5151],[-55.754,-22.5147],[-55.7544,-22.5147],[-55.7544,-22.5144],[-55.7539,-22.5143],[-55.7538,-22.5139],[-55.7533,-22.5142],[-55.7533,-22.5149],[-55.7528,-22.5151],[-55.7528,-22.5153],[-55.7536,-22.5151]]],[[[-55.7531,-22.5292],[-55.7531,-22.5294],[-55.7533,-22.5294],[-55.7533,-22.5292],[-55.7531,-22.5292]]],[[[-55.7531,-22.5758],[-55.7531,-22.5761],[-55.7547,-22.5761],[-55.7547,-22.5758],[-55.7531,-22.5758]]],[[[-55.7536,-22.5451],[-55.7534,-22.545],[-55.7533,-22.5452],[-55.7536,-22.5453],[-55.7536,-22.5451]]],[[[-55.7562,-22.5653],[-55.7566,-22.5653],[-55.7569,-22.5649],[-55.7569,-22.5642],[-55.7567,-22.5638],[-55.7571,-22.5633],[-55.7575,-22.5633],[-55.7575,-22.5628],[-55.7564,-22.5625],[-55.756,-22.5631],[-55.7554,-22.5631],[-55.7549,-22.5625],[-55.7542,-22.5622],[-55.7542,-22.5627],[-55.7544,-22.5632],[-55.7536,-22.5642],[-55.7539,-22.5649],[-55.7544,-22.565],[-55.7549,-22.5642],[-55.756,-22.5642],[-55.7562,-22.5645],[-55.7562,-22.5653]]],[[[-55.7561,-22.5656],[-55.7556,-22.5656],[-55.7556,-22.5658],[-55.7561,-22.5658],[-55.7561,-22.5656]]],[[[-55.7564,-22.5093],[-55.7569,-22.5086],[-55.7566,-22.5081],[-55.7564,-22.5081],[-55.7564,-22.509],[-55.7553,-22.5102],[-55.7558,-22.5103],[-55.7564,-22.5097],[-55.7564,-22.5093]]],[[[-55.7561,-22.508],[-55.7561,-22.5078],[-55.7553,-22.5078],[-55.7553,-22.5081],[-55.7549,-22.5081],[-55.7546,-22.5077],[-55.755,-22.5074],[-55.7549,-22.5072],[-55.7545,-22.5072],[-55.7541,-22.5076],[-55.7536,-22.5076],[-55.7542,-22.5083],[-55.7546,-22.5083],[-55.7548,-22.5086],[-55.7552,-22.5082],[-55.7558,-22.5083],[-55.7561,-22.508]]],[[[-55.7545,-22.5064],[-55.7544,-22.5066],[-55.7547,-22.5067],[-55.7547,-22.5064],[-55.7545,-22.5064]]],[[[-55.7551,-22.5128],[-55.7553,-22.5127],[-55.7552,-22.5125],[-55.755,-22.5126],[-55.7551,-22.5128]]],[[[-55.7549,-22.5131],[-55.7547,-22.5131],[-55.7548,-22.5133],[-55.755,-22.5133],[-55.7549,-22.5131]]],[[[-55.7553,-22.5617],[-55.7548,-22.5617],[-55.7547,-22.5619],[-55.7552,-22.5619],[-55.7553,-22.5617]]],[[[-55.7556,-22.5794],[-55.7563,-22.5794],[-55.7565,-22.5792],[-55.7569,-22.5792],[-55.7569,-22.5784],[-55.7554,-22.5786],[-55.7553,-22.5781],[-55.7551,-22.5781],[-55.7547,-22.5784],[-55.7547,-22.5788],[-55.7551,-22.5789],[-55.7556,-22.5794]]],[[[-55.7551,-22.5403],[-55.7551,-22.5406],[-55.7556,-22.5405],[-55.7555,-22.5403],[-55.7551,-22.5403]]],[[[-55.7553,-22.5692],[-55.7551,-22.5692],[-55.755,-22.5694],[-55.7552,-22.5694],[-55.7553,-22.5692]]],[[[-55.7556,-22.5664],[-55.7556,-22.5666],[-55.7558,-22.5667],[-55.7558,-22.5664],[-55.7556,-22.5664]]],[[[-55.7556,-22.5456],[-55.7561,-22.5452],[-55.7561,-22.545],[-55.7556,-22.5453],[-55.7556,-22.5456]]],[[[-55.7561,-22.4898],[-55.7559,-22.4897],[-55.7558,-22.4899],[-55.7561,-22.49],[-55.7561,-22.4898]]],[[[-55.7561,-22.5392],[-55.7559,-22.5392],[-55.7558,-22.5394],[-55.7561,-22.5394],[-55.7561,-22.5392]]],[[[-55.7564,-22.4887],[-55.7562,-22.4886],[-55.7561,-22.4888],[-55.7563,-22.4889],[-55.7564,-22.4887]]],[[[-55.7564,-22.5496],[-55.7567,-22.5494],[-55.7566,-22.5492],[-55.7561,-22.5495],[-55.7562,-22.55],[-55.7564,-22.5499],[-55.7564,-22.5496]]],[[[-55.7569,-22.5134],[-55.7567,-22.5134],[-55.7568,-22.5138],[-55.7564,-22.5142],[-55.7564,-22.515],[-55.7567,-22.5149],[-55.7566,-22.5145],[-55.7569,-22.5141],[-55.7569,-22.5134]]],[[[-55.7581,-22.5074],[-55.7575,-22.5062],[-55.7575,-22.5053],[-55.7573,-22.5053],[-55.7569,-22.5056],[-55.7569,-22.5063],[-55.7572,-22.5065],[-55.7569,-22.5072],[-55.7576,-22.507],[-55.7575,-22.5077],[-55.7577,-22.5078],[-55.7581,-22.5074]]],[[[-55.7576,-22.5486],[-55.7581,-22.5483],[-55.758,-22.5481],[-55.7575,-22.5484],[-55.7576,-22.5486]]],[[[-55.7578,-22.4667],[-55.7578,-22.4669],[-55.7586,-22.4669],[-55.7586,-22.4667],[-55.7578,-22.4667]]],[[[-55.7587,-22.5828],[-55.7586,-22.583],[-55.7588,-22.5831],[-55.7589,-22.5828],[-55.7587,-22.5828]]],[[[-55.7592,-22.5067],[-55.7586,-22.5067],[-55.7589,-22.5071],[-55.7586,-22.5076],[-55.7587,-22.5081],[-55.7592,-22.5077],[-55.7593,-22.5072],[-55.7597,-22.5072],[-55.76,-22.5069],[-55.76,-22.5064],[-55.7597,-22.5061],[-55.7589,-22.5062],[-55.7592,-22.5067]]],[[[-55.7592,-22.5819],[-55.76,-22.5816],[-55.7599,-22.5811],[-55.7597,-22.5812],[-55.7596,-22.5817],[-55.7592,-22.5817],[-55.7592,-22.5819]]],[[[-55.7598,-22.5694],[-55.7597,-22.5697],[-55.7599,-22.5697],[-55.76,-22.5695],[-55.7598,-22.5694]]],[[[-55.7614,-22.5859],[-55.7614,-22.5862],[-55.761,-22.5864],[-55.7608,-22.586],[-55.7611,-22.5856],[-55.7603,-22.5856],[-55.76,-22.5859],[-55.7597,-22.5872],[-55.7608,-22.5872],[-55.7622,-22.5861],[-55.7622,-22.5858],[-55.7614,-22.5859]]],[[[-55.7602,-22.5853],[-55.7604,-22.585],[-55.7616,-22.5847],[-55.7617,-22.5845],[-55.7607,-22.5844],[-55.7602,-22.5839],[-55.7598,-22.5839],[-55.7597,-22.5849],[-55.7602,-22.5853]]],[[[-55.7603,-22.5878],[-55.7601,-22.5878],[-55.76,-22.588],[-55.7602,-22.5881],[-55.7603,-22.5878]]],[[[-55.7614,-22.5711],[-55.7619,-22.5711],[-55.7619,-22.5703],[-55.7606,-22.5703],[-55.7606,-22.5708],[-55.7609,-22.5711],[-55.7607,-22.5714],[-55.7603,-22.5714],[-55.7603,-22.5722],[-55.7608,-22.5722],[-55.7608,-22.5718],[-55.7611,-22.5716],[-55.761,-22.5709],[-55.7613,-22.5707],[-55.7614,-22.5711]]],[[[-55.7606,-22.5464],[-55.7603,-22.5464],[-55.7603,-22.5466],[-55.7605,-22.5467],[-55.7606,-22.5464]]],[[[-55.7616,-22.5764],[-55.7613,-22.5756],[-55.7606,-22.5759],[-55.7612,-22.5764],[-55.7616,-22.5764]]],[[[-55.7617,-22.4959],[-55.7612,-22.4958],[-55.7608,-22.4963],[-55.7619,-22.4964],[-55.7617,-22.4959]]],[[[-55.7619,-22.5428],[-55.7616,-22.5429],[-55.7613,-22.5425],[-55.7611,-22.5426],[-55.7612,-22.5431],[-55.7619,-22.5431],[-55.7619,-22.5428]]],[[[-55.7619,-22.5717],[-55.7617,-22.5717],[-55.7617,-22.5722],[-55.7619,-22.5722],[-55.7619,-22.5717]]],[[[-55.762,-22.4953],[-55.7619,-22.4955],[-55.7622,-22.4956],[-55.7622,-22.4953],[-55.762,-22.4953]]],[[[-55.7636,-22.5147],[-55.7636,-22.5142],[-55.7633,-22.5139],[-55.7628,-22.5139],[-55.7625,-22.5152],[-55.763,-22.5153],[-55.7636,-22.5147]]],[[[-55.7636,-22.5728],[-55.7639,-22.5723],[-55.7637,-22.5722],[-55.7631,-22.5727],[-55.7636,-22.5728]]],[[[-55.7636,-22.5719],[-55.7636,-22.5712],[-55.7634,-22.5711],[-55.7633,-22.5719],[-55.7636,-22.5719]]],[[[-55.7663,-22.5889],[-55.7661,-22.5878],[-55.7654,-22.5878],[-55.7652,-22.5875],[-55.7656,-22.5867],[-55.7652,-22.5864],[-55.7648,-22.5864],[-55.7647,-22.5872],[-55.7651,-22.5875],[-55.7645,-22.5875],[-55.7644,-22.5877],[-55.765,-22.5877],[-55.7651,-22.588],[-55.7649,-22.5883],[-55.7642,-22.5881],[-55.7642,-22.5891],[-55.7649,-22.5892],[-55.7654,-22.5886],[-55.766,-22.5886],[-55.7663,-22.5889]]],[[[-55.7694,-22.5825],[-55.7687,-22.5822],[-55.7689,-22.5829],[-55.7683,-22.5831],[-55.7683,-22.5836],[-55.7687,-22.5839],[-55.7705,-22.5844],[-55.771,-22.5839],[-55.7714,-22.5838],[-55.7713,-22.5833],[-55.7701,-22.5836],[-55.7694,-22.5829],[-55.7694,-22.5825]]],[[[-55.7716,-22.5786],[-55.7713,-22.5778],[-55.7707,-22.5778],[-55.77,-22.5774],[-55.7699,-22.577],[-55.7703,-22.5766],[-55.7703,-22.5759],[-55.7701,-22.5758],[-55.77,-22.5765],[-55.7694,-22.577],[-55.7694,-22.5777],[-55.7703,-22.5783],[-55.7712,-22.5783],[-55.7716,-22.5786]]],[[[-55.7706,-22.5817],[-55.7702,-22.5814],[-55.77,-22.5814],[-55.7703,-22.5819],[-55.7706,-22.5817]]],[[[-55.7709,-22.5761],[-55.7709,-22.5764],[-55.7714,-22.5763],[-55.7713,-22.5761],[-55.7709,-22.5761]]],[[[-55.7736,-22.5831],[-55.7736,-22.5825],[-55.7726,-22.5825],[-55.7724,-22.5822],[-55.7714,-22.5823],[-55.7714,-22.5827],[-55.7717,-22.5831],[-55.7729,-22.5831],[-55.7731,-22.5833],[-55.7736,-22.5831]]],[[[-55.7722,-22.5562],[-55.772,-22.5561],[-55.7719,-22.5563],[-55.7722,-22.5564],[-55.7722,-22.5562]]],[[[-55.7728,-22.5797],[-55.7724,-22.5792],[-55.7722,-22.5792],[-55.7726,-22.5797],[-55.7728,-22.5797]]],[[[-55.7751,-22.5758],[-55.775,-22.5763],[-55.7752,-22.5764],[-55.7753,-22.5759],[-55.7751,-22.5758]]],[[[-55.7818,-22.592],[-55.7811,-22.593],[-55.7817,-22.5932],[-55.782,-22.5939],[-55.783,-22.5939],[-55.7831,-22.5932],[-55.7836,-22.593],[-55.7836,-22.5926],[-55.7828,-22.5921],[-55.7831,-22.5914],[-55.7824,-22.5908],[-55.7806,-22.5906],[-55.7806,-22.591],[-55.7797,-22.5917],[-55.7797,-22.5927],[-55.7805,-22.5928],[-55.7806,-22.5924],[-55.7813,-22.5917],[-55.7818,-22.592]]],[[[-55.785,-22.5931],[-55.7848,-22.5931],[-55.7844,-22.5934],[-55.7842,-22.5942],[-55.785,-22.5941],[-55.785,-22.5931]]],[[[-55.7969,-22.5939],[-55.7964,-22.5939],[-55.7961,-22.5942],[-55.7961,-22.5947],[-55.7966,-22.5947],[-55.7969,-22.5944],[-55.7969,-22.5939]]],[[[-55.7987,-22.5928],[-55.7986,-22.593],[-55.7988,-22.5931],[-55.7989,-22.5928],[-55.7987,-22.5928]]],[[[-55.8,-22.5909],[-55.7998,-22.5908],[-55.7997,-22.5911],[-55.7999,-22.5911],[-55.8,-22.5909]]],[[[-55.7997,-22.5914],[-55.7994,-22.5914],[-55.7995,-22.5917],[-55.7997,-22.5916],[-55.7997,-22.5914]]],[[[-55.7998,-22.5928],[-55.7997,-22.593],[-55.7999,-22.5931],[-55.8,-22.5928],[-55.7998,-22.5928]]],[[[-55.8072,-22.5873],[-55.8062,-22.5869],[-55.8058,-22.5874],[-55.8064,-22.5872],[-55.8064,-22.5877],[-55.8066,-22.5878],[-55.8072,-22.5873]]],[[[-55.8061,-22.5867],[-55.8061,-22.5862],[-55.8059,-22.5861],[-55.8058,-22.5866],[-55.8061,-22.5867]]]]}},{"type":"Feature","properties":{"ano":2016},"geometry":{"type":"MultiPolygon","coordinates":[[[[-55.6467,-22.6131],[-55.6464,-22.6131],[-55.6458,-22.6138],[-55.6461,-22.6139],[-55.6467,-22.6131]]],[[[-55.6456,-22.6139],[-55.6453,-22.6139],[-55.645,-22.6144],[-55.6452,-22.6144],[-55.6456,-22.6139]]],[[[-55.6473,-22.6125],[-55.6473,-22.6128],[-55.6478,-22.6127],[-55.6477,-22.6122],[-55.6473,-22.6125]]],[[[-55.6562,-22.6061],[-55.6561,-22.6063],[-55.6563,-22.6064],[-55.6564,-22.6062],[-55.6562,-22.6061]]],[[[-55.6558,-22.6061],[-55.6558,-22.6058],[-55.6553,-22.6059],[-55.6553,-22.6061],[-55.6558,-22.6061]]],[[[-55.6763,-22.5903],[-55.6764,-22.5895],[-55.6762,-22.5894],[-55.6761,-22.5902],[-55.6763,-22.5903]]],[[[-55.6781,-22.5798],[-55.6776,-22.5797],[-55.6775,-22.5799],[-55.678,-22.58],[-55.6781,-22.5798]]],[[[-55.6786,-22.5711],[-55.6794,-22.5711],[-55.6794,-22.5709],[-55.679,-22.5708],[-55.6789,-22.5703],[-55.6787,-22.5703],[-55.6786,-22.5711]]],[[[-55.68,-22.5612],[-55.6798,-22.5611],[-55.6797,-22.5613],[-55.6799,-22.5614],[-55.68,-22.5612]]],[[[-55.6806,-22.5581],[-55.6813,-22.5578],[-55.6814,-22.5576],[-55.6808,-22.5572],[-55.6801,-22.5572],[-55.6797,-22.5576],[-55.6798,-22.5578],[-55.6804,-22.5578],[-55.6806,-22.5581]]],[[[-55.6807,-22.5686],[-55.6806,-22.5678],[-55.6801,-22.5678],[-55.68,-22.5683],[-55.6803,-22.5685],[-55.6803,-22.5688],[-55.6807,-22.5689],[-55.6808,-22.5694],[-55.6811,-22.5694],[-55.6811,-22.5687],[-55.6807,-22.5686]]],[[[-55.6853,-22.5885],[-55.6856,-22.5883],[-55.6855,-22.5881],[-55.6851,-22.5881],[-55.6847,-22.5884],[-55.6847,-22.5888],[-55.6851,-22.5892],[-55.6853,-22.5891],[-55.6853,-22.5885]]],[[[-55.6847,-22.5892],[-55.6842,-22.5892],[-55.6842,-22.5894],[-55.6847,-22.5894],[-55.6847,-22.5892]]],[[[-55.6864,-22.5911],[-55.6861,-22.5903],[-55.6853,-22.5897],[-55.6853,-22.5905],[-55.6862,-22.5911],[-55.6864,-22.5911]]],[[[-55.6853,-22.6033],[-55.6859,-22.6042],[-55.6863,-22.6042],[-55.6875,-22.603],[-55.6875,-22.6026],[-55.6869,-22.6019],[-55.6862,-22.6019],[-55.6856,-22.6026],[-55.6853,-22.6033]]],[[[-55.6864,-22.5717],[-55.6859,-22.5717],[-55.6858,-22.5719],[-55.6862,-22.5722],[-55.6866,-22.5722],[-55.6864,-22.5717]]],[[[-55.6864,-22.5848],[-55.6859,-22.5847],[-55.6858,-22.5852],[-55.6863,-22.5853],[-55.6864,-22.5848]]],[[[-55.6883,-22.604],[-55.6867,-22.6053],[-55.6867,-22.6056],[-55.6872,-22.6056],[-55.6874,-22.6053],[-55.6883,-22.6053],[-55.6886,-22.6049],[-55.6886,-22.6033],[-55.6883,-22.6034],[-55.6883,-22.604]]],[[[-55.6887,-22.5906],[-55.6886,-22.5908],[-55.6888,-22.5908],[-55.6889,-22.5906],[-55.6887,-22.5906]]],[[[-55.6925,-22.5556],[-55.6923,-22.5556],[-55.6922,-22.5558],[-55.6924,-22.5558],[-55.6925,-22.5556]]],[[[-55.6925,-22.5873],[-55.6923,-22.5872],[-55.6922,-22.5874],[-55.6924,-22.5875],[-55.6925,-22.5873]]],[[[-55.6961,-22.5513],[-55.6969,-22.5513],[-55.6969,-22.5509],[-55.6966,-22.5506],[-55.6961,-22.5509],[-55.6961,-22.5513]]],[[[-55.6961,-22.5505],[-55.6955,-22.55],[-55.6946,-22.55],[-55.6938,-22.5494],[-55.6936,-22.5495],[-55.6936,-22.5501],[-55.6933,-22.5503],[-55.6937,-22.5508],[-55.6939,-22.5508],[-55.694,-22.5503],[-55.6946,-22.5503],[-55.6948,-22.5506],[-55.6961,-22.5505]]],[[[-55.6947,-22.5512],[-55.6942,-22.5511],[-55.6942,-22.5513],[-55.6947,-22.5514],[-55.6947,-22.5512]]],[[[-55.6955,-22.5517],[-55.6956,-22.5512],[-55.6953,-22.5511],[-55.695,-22.5519],[-55.6955,-22.5517]]],[[[-55.6978,-22.5778],[-55.6976,-22.5778],[-55.6975,-22.578],[-55.6977,-22.5781],[-55.6978,-22.5778]]],[[[-55.6989,-22.5789],[-55.6983,-22.5783],[-55.6981,-22.5784],[-55.6981,-22.5788],[-55.6987,-22.5794],[-55.6989,-22.5794],[-55.6989,-22.5789]]],[[[-55.6986,-22.5814],[-55.6984,-22.5814],[-55.6983,-22.5816],[-55.6986,-22.5817],[-55.6986,-22.5814]]],[[[-55.6986,-22.5752],[-55.6988,-22.5753],[-55.6992,-22.5748],[-55.6987,-22.5747],[-55.6986,-22.5752]]],[[[-55.6989,-22.5803],[-55.6987,-22.5803],[-55.6986,-22.5805],[-55.6988,-22.5806],[-55.6989,-22.5803]]],[[[-55.6997,-22.5795],[-55.6995,-22.5794],[-55.6992,-22.5799],[-55.6994,-22.58],[-55.6997,-22.5795]]],[[[-55.7,-22.5803],[-55.6994,-22.5808],[-55.6999,-22.5808],[-55.7,-22.5803]]],[[[-55.7014,-22.507],[-55.7008,-22.5067],[-55.7006,-22.5067],[-55.7008,-22.5074],[-55.7013,-22.5078],[-55.7014,-22.507]]],[[[-55.7014,-22.5838],[-55.7011,-22.5833],[-55.7008,-22.5834],[-55.7012,-22.5839],[-55.7014,-22.5838]]],[[[-55.7019,-22.5798],[-55.7016,-22.5794],[-55.7014,-22.5795],[-55.7017,-22.5801],[-55.7011,-22.5806],[-55.7012,-22.5808],[-55.7019,-22.5802],[-55.7019,-22.5798]]],[[[-55.7019,-22.5742],[-55.7017,-22.5742],[-55.7017,-22.5747],[-55.7019,-22.5747],[-55.7019,-22.5742]]],[[[-55.7023,-22.5664],[-55.7022,-22.5666],[-55.7024,-22.5667],[-55.7025,-22.5664],[-55.7023,-22.5664]]],[[[-55.7028,-22.5414],[-55.7026,-22.5414],[-55.7025,-22.5416],[-55.7027,-22.5417],[-55.7028,-22.5414]]],[[[-55.7039,-22.5803],[-55.7037,-22.5803],[-55.7036,-22.5805],[-55.7038,-22.5806],[-55.7039,-22.5803]]],[[[-55.7042,-22.5691],[-55.7047,-22.5687],[-55.7045,-22.5686],[-55.7042,-22.5691]]],[[[-55.705,-22.5078],[-55.7048,-22.5078],[-55.7047,-22.508],[-55.7049,-22.5081],[-55.705,-22.5078]]],[[[-55.7061,-22.5692],[-55.7056,-22.5692],[-55.7056,-22.5694],[-55.7061,-22.5694],[-55.7061,-22.5692]]],[[[-55.7061,-22.5076],[-55.7059,-22.5075],[-55.7058,-22.5077],[-55.7061,-22.5078],[-55.7061,-22.5076]]],[[[-55.7069,-22.5065],[-55.7066,-22.5061],[-55.7062,-22.5061],[-55.7061,-22.5069],[-55.7075,-22.5069],[-55.7074,-22.5064],[-55.7069,-22.5065]]],[[[-55.7069,-22.5748],[-55.7067,-22.5747],[-55.7067,-22.5749],[-55.7069,-22.575],[-55.7069,-22.5748]]],[[[-55.7084,-22.575],[-55.7083,-22.5752],[-55.7086,-22.5753],[-55.7086,-22.5751],[-55.7084,-22.575]]],[[[-55.7089,-22.6103],[-55.7087,-22.6103],[-55.7086,-22.6105],[-55.7088,-22.6106],[-55.7089,-22.6103]]],[[[-55.7094,-22.5678],[-55.7092,-22.5678],[-55.7092,-22.568],[-55.7094,-22.5681],[-55.7094,-22.5678]]],[[[-55.71,-22.5903],[-55.7095,-22.5903],[-55.7092,-22.5908],[-55.7099,-22.5906],[-55.71,-22.5903]]],[[[-55.7147,-22.5026],[-55.7142,-22.5019],[-55.7147,-22.5019],[-55.7147,-22.5012],[-55.7138,-22.5003],[-55.7121,-22.5],[-55.7119,-22.4997],[-55.7109,-22.4997],[-55.7108,-22.5004],[-55.7104,-22.5008],[-55.71,-22.5009],[-55.71,-22.5026],[-55.7097,-22.503],[-55.7111,-22.5036],[-55.7111,-22.5031],[-55.7106,-22.5026],[-55.7105,-22.5014],[-55.7107,-22.5008],[-55.7115,-22.5011],[-55.7126,-22.5022],[-55.7129,-22.5022],[-55.7131,-22.5025],[-55.714,-22.5025],[-55.7142,-22.5028],[-55.7147,-22.5028],[-55.7147,-22.5026]]],[[[-55.713,-22.5028],[-55.7128,-22.5028],[-55.7128,-22.5031],[-55.7131,-22.503],[-55.713,-22.5028]]],[[[-55.7114,-22.5037],[-55.7114,-22.5039],[-55.7117,-22.5038],[-55.7116,-22.5036],[-55.7114,-22.5037]]],[[[-55.7119,-22.5036],[-55.7122,-22.5036],[-55.7122,-22.5034],[-55.712,-22.5033],[-55.7119,-22.5036]]],[[[-55.7103,-22.5062],[-55.7101,-22.5061],[-55.71,-22.5063],[-55.7102,-22.5064],[-55.7103,-22.5062]]],[[[-55.7103,-22.5273],[-55.7101,-22.5272],[-55.71,-22.5274],[-55.7102,-22.5275],[-55.7103,-22.5273]]],[[[-55.7103,-22.5911],[-55.7103,-22.5913],[-55.7105,-22.5914],[-55.7106,-22.5912],[-55.7103,-22.5911]]],[[[-55.7109,-22.5158],[-55.7108,-22.5161],[-55.7111,-22.5161],[-55.7111,-22.5159],[-55.7109,-22.5158]]],[[[-55.7114,-22.5073],[-55.7112,-22.5072],[-55.7111,-22.5074],[-55.7113,-22.5075],[-55.7114,-22.5073]]],[[[-55.7128,-22.5702],[-55.7139,-22.5697],[-55.7138,-22.5689],[-55.7131,-22.5689],[-55.7128,-22.5694],[-55.7119,-22.5695],[-55.712,-22.57],[-55.7127,-22.5696],[-55.7128,-22.5702]]],[[[-55.7133,-22.6062],[-55.7123,-22.6061],[-55.7122,-22.6063],[-55.7133,-22.6064],[-55.7133,-22.6062]]],[[[-55.7128,-22.576],[-55.7131,-22.5758],[-55.713,-22.5756],[-55.7125,-22.5759],[-55.7126,-22.5764],[-55.7128,-22.5763],[-55.7128,-22.576]]],[[[-55.7133,-22.5656],[-55.713,-22.5653],[-55.7128,-22.5653],[-55.7131,-22.5657],[-55.7131,-22.5667],[-55.7133,-22.5666],[-55.7133,-22.5656]]],[[[-55.7139,-22.5726],[-55.7134,-22.5725],[-55.7133,-22.5727],[-55.7138,-22.5728],[-55.7139,-22.5726]]],[[[-55.7133,-22.5731],[-55.7131,-22.5731],[-55.7131,-22.5733],[-55.7133,-22.5733],[-55.7133,-22.5731]]],[[[-55.7136,-22.5061],[-55.7149,-22.5061],[-55.715,-22.5059],[-55.7145,-22.5053],[-55.7143,-22.5058],[-55.7134,-22.5056],[-55.7136,-22.5061]]],[[[-55.7147,-22.5856],[-55.7145,-22.5856],[-55.7144,-22.5858],[-55.7147,-22.5858],[-55.7147,-22.5856]]],[[[-55.7154,-22.5833],[-55.715,-22.5826],[-55.715,-22.5817],[-55.7145,-22.5814],[-55.7144,-22.5816],[-55.7147,-22.5818],[-55.7147,-22.5832],[-55.7144,-22.5836],[-55.7153,-22.5844],[-55.7156,-22.5844],[-55.7154,-22.5833]]],[[[-55.715,-22.5223],[-55.7148,-22.5222],[-55.7147,-22.5224],[-55.7149,-22.5225],[-55.715,-22.5223]]],[[[-55.7153,-22.5089],[-55.7153,-22.5091],[-55.7155,-22.5092],[-55.7156,-22.5089],[-55.7153,-22.5089]]],[[[-55.7167,-22.4901],[-55.7157,-22.49],[-55.7155,-22.4897],[-55.7153,-22.4898],[-55.7159,-22.4906],[-55.7159,-22.4911],[-55.7164,-22.4911],[-55.7163,-22.4906],[-55.7167,-22.4901]]],[[[-55.7156,-22.5703],[-55.7156,-22.5708],[-55.7158,-22.5708],[-55.7158,-22.5703],[-55.7156,-22.5703]]],[[[-55.7164,-22.5012],[-55.7162,-22.5011],[-55.7156,-22.502],[-55.7156,-22.5028],[-55.7167,-22.5027],[-55.7167,-22.502],[-55.7161,-22.5018],[-55.7164,-22.5012]]],[[[-55.7164,-22.5164],[-55.7159,-22.5164],[-55.7158,-22.5169],[-55.7163,-22.5169],[-55.7164,-22.5164]]],[[[-55.7164,-22.5089],[-55.7162,-22.5089],[-55.7161,-22.5091],[-55.7163,-22.5092],[-55.7164,-22.5089]]],[[[-55.7174,-22.5861],[-55.7175,-22.5851],[-55.717,-22.585],[-55.7169,-22.5852],[-55.7173,-22.5856],[-55.7172,-22.5861],[-55.7174,-22.5861]]],[[[-55.7181,-22.5206],[-55.7181,-22.5208],[-55.7183,-22.5208],[-55.7183,-22.5206],[-55.7181,-22.5206]]],[[[-55.7183,-22.4873],[-55.7181,-22.4872],[-55.7181,-22.4874],[-55.7183,-22.4875],[-55.7183,-22.4873]]],[[[-55.7183,-22.5001],[-55.7181,-22.5],[-55.7181,-22.5002],[-55.7183,-22.5003],[-55.7183,-22.5001]]],[[[-55.7186,-22.5784],[-55.7184,-22.5783],[-55.7183,-22.5786],[-55.7186,-22.5786],[-55.7186,-22.5784]]],[[[-55.72,-22.4876],[-55.7198,-22.4875],[-55.7197,-22.4877],[-55.7199,-22.4878],[-55.72,-22.4876]]],[[[-55.72,-22.4906],[-55.7198,-22.4906],[-55.7197,-22.4908],[-55.7199,-22.4908],[-55.72,-22.4906]]],[[[-55.72,-22.4838],[-55.7203,-22.4842],[-55.7206,-22.4841],[-55.7205,-22.4836],[-55.7201,-22.4836],[-55.72,-22.4838]]],[[[-55.7208,-22.587],[-55.7206,-22.5869],[-55.7206,-22.5872],[-55.7208,-22.5872],[-55.7208,-22.587]]],[[[-55.7211,-22.4884],[-55.7208,-22.4884],[-55.7209,-22.4892],[-55.7211,-22.4891],[-55.7211,-22.4884]]],[[[-55.7228,-22.4837],[-55.7224,-22.4831],[-55.7214,-22.4833],[-55.7214,-22.4841],[-55.7217,-22.4842],[-55.7217,-22.4847],[-55.7219,-22.4847],[-55.7219,-22.4842],[-55.7224,-22.4842],[-55.7228,-22.4837]]],[[[-55.7236,-22.5889],[-55.7234,-22.5889],[-55.7233,-22.5891],[-55.7236,-22.5892],[-55.7236,-22.5889]]],[[[-55.7231,-22.5892],[-55.7227,-22.5889],[-55.7223,-22.5889],[-55.7217,-22.5895],[-55.7217,-22.5908],[-55.7222,-22.5908],[-55.7219,-22.5904],[-55.7219,-22.5896],[-55.7225,-22.5893],[-55.723,-22.5897],[-55.7231,-22.5892]]],[[[-55.7228,-22.4992],[-55.7228,-22.4994],[-55.723,-22.4994],[-55.7231,-22.4992],[-55.7228,-22.4992]]],[[[-55.7225,-22.4995],[-55.7223,-22.4994],[-55.7222,-22.4997],[-55.7224,-22.4997],[-55.7225,-22.4995]]],[[[-55.7242,-22.5742],[-55.7238,-22.5739],[-55.7231,-22.5739],[-55.7234,-22.5744],[-55.7241,-22.5744],[-55.7242,-22.5742]]],[[[-55.7249,-22.5805],[-55.725,-22.5801],[-55.7244,-22.5796],[-55.7244,-22.5792],[-55.7235,-22.58],[-55.7231,-22.5801],[-55.7231,-22.5803],[-55.7237,-22.5803],[-55.7239,-22.5808],[-55.7244,-22.581],[-55.7243,-22.5814],[-55.7239,-22.5814],[-55.7239,-22.5828],[-55.7242,-22.5827],[-55.7242,-22.5821],[-55.7253,-22.5813],[-55.7253,-22.5809],[-55.7249,-22.5805]]],[[[-55.7242,-22.4906],[-55.7239,-22.4906],[-55.7239,-22.4908],[-55.7241,-22.4908],[-55.7242,-22.4906]]],[[[-55.7253,-22.4842],[-55.7251,-22.4842],[-55.725,-22.4844],[-55.7252,-22.4844],[-55.7253,-22.4842]]],[[[-55.7252,-22.5161],[-55.7253,-22.5151],[-55.7251,-22.515],[-55.725,-22.5161],[-55.7252,-22.5161]]],[[[-55.7261,-22.5048],[-55.7258,-22.5048],[-55.7259,-22.5053],[-55.7261,-22.5052],[-55.7261,-22.5048]]],[[[-55.7264,-22.5269],[-55.7264,-22.5274],[-55.7266,-22.5275],[-55.7267,-22.527],[-55.7264,-22.5269]]],[[[-55.727,-22.4861],[-55.7269,-22.4863],[-55.7272,-22.4864],[-55.7272,-22.4862],[-55.727,-22.4861]]],[[[-55.7286,-22.5781],[-55.7284,-22.5781],[-55.7277,-22.5787],[-55.7273,-22.5786],[-55.7272,-22.5791],[-55.7274,-22.5792],[-55.7277,-22.5788],[-55.728,-22.5789],[-55.7286,-22.5781]]],[[[-55.7283,-22.4834],[-55.7276,-22.4833],[-55.7275,-22.4836],[-55.7283,-22.4836],[-55.7283,-22.4834]]],[[[-55.7294,-22.5947],[-55.7289,-22.5951],[-55.7292,-22.5954],[-55.729,-22.5961],[-55.7286,-22.596],[-55.7286,-22.5956],[-55.7283,-22.5953],[-55.7276,-22.5953],[-55.7275,-22.5963],[-55.7277,-22.5964],[-55.728,-22.596],[-55.7283,-22.5963],[-55.7284,-22.5967],[-55.7291,-22.5967],[-55.7303,-22.5952],[-55.7302,-22.595],[-55.7296,-22.595],[-55.7294,-22.5947]]],[[[-55.7286,-22.4973],[-55.7284,-22.4972],[-55.7283,-22.4974],[-55.7286,-22.4975],[-55.7286,-22.4973]]],[[[-55.7297,-22.4878],[-55.7295,-22.4878],[-55.7294,-22.488],[-55.7297,-22.4881],[-55.7297,-22.4878]]],[[[-55.73,-22.5917],[-55.7297,-22.5917],[-55.7298,-22.5928],[-55.73,-22.5927],[-55.73,-22.5917]]],[[[-55.7301,-22.4981],[-55.73,-22.4983],[-55.7302,-22.4983],[-55.7303,-22.4981],[-55.7301,-22.4981]]],[[[-55.7303,-22.5976],[-55.7301,-22.5975],[-55.73,-22.5977],[-55.7302,-22.5978],[-55.7303,-22.5976]]],[[[-55.7313,-22.5975],[-55.7308,-22.5971],[-55.7306,-22.5959],[-55.7303,-22.5958],[-55.7303,-22.5965],[-55.73,-22.5969],[-55.7304,-22.5969],[-55.7316,-22.5981],[-55.7317,-22.5976],[-55.7313,-22.5975]]],[[[-55.7319,-22.5706],[-55.7316,-22.5703],[-55.7314,-22.5703],[-55.7317,-22.5708],[-55.7319,-22.5706]]],[[[-55.7313,-22.57],[-55.7313,-22.5694],[-55.7306,-22.5695],[-55.7306,-22.5697],[-55.7313,-22.57]]],[[[-55.732,-22.4819],[-55.7319,-22.4822],[-55.7312,-22.4822],[-55.7311,-22.4824],[-55.7314,-22.4828],[-55.7322,-22.4828],[-55.7322,-22.482],[-55.732,-22.4819]]],[[[-55.7317,-22.5434],[-55.7312,-22.5433],[-55.7311,-22.5436],[-55.7316,-22.5436],[-55.7317,-22.5434]]],[[[-55.7322,-22.5651],[-55.7319,-22.5651],[-55.732,-22.5656],[-55.7322,-22.5655],[-55.7322,-22.5651]]],[[[-55.7328,-22.5709],[-55.7326,-22.5708],[-55.7325,-22.5711],[-55.7327,-22.5711],[-55.7328,-22.5709]]],[[[-55.7331,-22.5528],[-55.7328,-22.5528],[-55.7328,-22.553],[-55.733,-22.5531],[-55.7331,-22.5528]]],[[[-55.7331,-22.5653],[-55.7328,-22.5653],[-55.7328,-22.5655],[-55.733,-22.5656],[-55.7331,-22.5653]]],[[[-55.7336,-22.4964],[-55.7334,-22.4964],[-55.7333,-22.4966],[-55.7336,-22.4967],[-55.7336,-22.4964]]],[[[-55.7336,-22.4995],[-55.7334,-22.4994],[-55.7333,-22.4997],[-55.7336,-22.4997],[-55.7336,-22.4995]]],[[[-55.7344,-22.5644],[-55.7334,-22.5647],[-55.7333,-22.5649],[-55.7344,-22.5649],[-55.7344,-22.5644]]],[[[-55.7353,-22.5712],[-55.7345,-22.5711],[-55.7344,-22.5716],[-55.7349,-22.5719],[-55.7353,-22.5716],[-55.7353,-22.5712]]],[[[-55.7353,-22.5703],[-55.7351,-22.5703],[-55.735,-22.5705],[-55.7352,-22.5706],[-55.7353,-22.5703]]],[[[-55.7359,-22.57],[-55.7358,-22.5702],[-55.7361,-22.5703],[-55.7361,-22.5701],[-55.7359,-22.57]]],[[[-55.7358,-22.5697],[-55.7358,-22.5694],[-55.7353,-22.5695],[-55.7353,-22.5697],[-55.7358,-22.5697]]],[[[-55.7367,-22.5706],[-55.7359,-22.5708],[-55.7358,-22.5711],[-55.7363,-22.5711],[-55.7367,-22.5706]]],[[[-55.7369,-22.5761],[-55.7369,-22.5753],[-55.7364,-22.575],[-55.7361,-22.5753],[-55.7361,-22.5758],[-55.7364,-22.5761],[-55.7369,-22.5761]]],[[[-55.7369,-22.5456],[-55.7367,-22.5456],[-55.7367,-22.5458],[-55.7369,-22.5458],[-55.7369,-22.5456]]],[[[-55.74,-22.5695],[-55.7397,-22.5692],[-55.7389,-22.5692],[-55.7398,-22.57],[-55.74,-22.5699],[-55.74,-22.5695]]],[[[-55.7428,-22.5016],[-55.7433,-22.5019],[-55.7433,-22.501],[-55.744,-22.5006],[-55.7447,-22.5007],[-55.7448,-22.5014],[-55.7452,-22.5014],[-55.7458,-22.5008],[-55.7458,-22.5001],[-55.7453,-22.4999],[-55.7453,-22.4993],[-55.7458,-22.4991],[-55.7458,-22.4983],[-55.7451,-22.4986],[-55.745,-22.4978],[-55.7448,-22.4978],[-55.7446,-22.4981],[-55.7437,-22.4981],[-55.7435,-22.4983],[-55.7431,-22.4983],[-55.7426,-22.4989],[-55.7414,-22.4989],[-55.7414,-22.4993],[-55.7408,-22.4995],[-55.7408,-22.5],[-55.7401,-22.5],[-55.7399,-22.5003],[-55.7395,-22.5003],[-55.7394,-22.501],[-55.7392,-22.5012],[-55.7394,-22.5015],[-55.7394,-22.5022],[-55.7399,-22.5022],[-55.7403,-22.5019],[-55.7403,-22.5007],[-55.7408,-22.5002],[-55.7411,-22.5004],[-55.7412,-22.5011],[-55.7408,-22.5014],[-55.7408,-22.5021],[-55.7406,-22.5023],[-55.7409,-22.5031],[-55.7424,-22.5031],[-55.7425,-22.5018],[-55.7428,-22.5016]],[[-55.7414,-22.5011],[-55.7413,-22.5009],[-55.7416,-22.5007],[-55.7418,-22.501],[-55.7414,-22.5011]]],[[[-55.7403,-22.5862],[-55.74,-22.5862],[-55.7401,-22.5867],[-55.7403,-22.5866],[-55.7403,-22.5862]]],[[[-55.7412,-22.5833],[-55.7414,-22.5833],[-55.7413,-22.5828],[-55.7411,-22.5828],[-55.7412,-22.5833]]],[[[-55.7411,-22.5836],[-55.7408,-22.5837],[-55.7409,-22.5839],[-55.7411,-22.5838],[-55.7411,-22.5836]]],[[[-55.7422,-22.5881],[-55.7419,-22.5881],[-55.742,-22.5886],[-55.7422,-22.5886],[-55.7422,-22.5881]]],[[[-55.7426,-22.605],[-55.7422,-22.6053],[-55.7423,-22.6061],[-55.7427,-22.6061],[-55.7431,-22.6058],[-55.7431,-22.6051],[-55.7426,-22.605]]],[[[-55.7428,-22.5537],[-55.7426,-22.5536],[-55.7425,-22.5538],[-55.7427,-22.5539],[-55.7428,-22.5537]]],[[[-55.7431,-22.5833],[-55.743,-22.5825],[-55.7433,-22.582],[-55.7428,-22.5819],[-55.7428,-22.5833],[-55.7431,-22.5833]]],[[[-55.7444,-22.5123],[-55.7431,-22.5122],[-55.7428,-22.5127],[-55.7436,-22.5128],[-55.7436,-22.5125],[-55.7444,-22.5125],[-55.7444,-22.5123]]],[[[-55.7451,-22.5581],[-55.7458,-22.5577],[-55.7458,-22.557],[-55.7448,-22.5567],[-55.7444,-22.5572],[-55.745,-22.5574],[-55.7451,-22.5581]]],[[[-55.7453,-22.5812],[-55.7448,-22.5811],[-55.7447,-22.5813],[-55.7452,-22.5814],[-55.7453,-22.5812]]],[[[-55.7459,-22.6044],[-55.7458,-22.6047],[-55.7461,-22.6047],[-55.7461,-22.6045],[-55.7459,-22.6044]]],[[[-55.7464,-22.5228],[-55.7462,-22.5228],[-55.7461,-22.523],[-55.7463,-22.5231],[-55.7464,-22.5228]]],[[[-55.7467,-22.512],[-55.7464,-22.512],[-55.7464,-22.5128],[-55.7467,-22.5127],[-55.7467,-22.512]]],[[[-55.7467,-22.5089],[-55.7467,-22.5091],[-55.7469,-22.5092],[-55.7469,-22.5089],[-55.7467,-22.5089]]],[[[-55.7472,-22.5112],[-55.7467,-22.5111],[-55.7467,-22.5113],[-55.7472,-22.5114],[-55.7472,-22.5112]]],[[[-55.7472,-22.6031],[-55.747,-22.6031],[-55.7469,-22.6033],[-55.7472,-22.6033],[-55.7472,-22.6031]]],[[[-55.7481,-22.522],[-55.7478,-22.5219],[-55.7478,-22.5222],[-55.748,-22.5222],[-55.7481,-22.522]]],[[[-55.7483,-22.5173],[-55.7481,-22.5172],[-55.7481,-22.5174],[-55.7483,-22.5175],[-55.7483,-22.5173]]],[[[-55.7506,-22.5501],[-55.7503,-22.55],[-55.7503,-22.5502],[-55.7505,-22.5503],[-55.7506,-22.5501]]],[[[-55.75,-22.5503],[-55.7497,-22.5503],[-55.7498,-22.5511],[-55.75,-22.5511],[-55.75,-22.5503]]],[[[-55.7494,-22.5502],[-55.7488,-22.5492],[-55.7481,-22.5492],[-55.7481,-22.5494],[-55.7487,-22.5494],[-55.7489,-22.5499],[-55.7492,-22.5503],[-55.7494,-22.5502]]],[[[-55.7489,-22.5764],[-55.7489,-22.5767],[-55.7494,-22.5766],[-55.7494,-22.5764],[-55.7489,-22.5764]]],[[[-55.7494,-22.5139],[-55.7489,-22.5142],[-55.7489,-22.5144],[-55.7494,-22.5144],[-55.7494,-22.5139]]],[[[-55.7494,-22.5478],[-55.7492,-22.5478],[-55.7492,-22.548],[-55.7494,-22.5481],[-55.7494,-22.5478]]],[[[-55.7497,-22.4789],[-55.7495,-22.4789],[-55.7494,-22.4791],[-55.7497,-22.4792],[-55.7497,-22.4789]]],[[[-55.7506,-22.5517],[-55.7495,-22.5517],[-55.7494,-22.5519],[-55.7499,-22.5522],[-55.7506,-22.5517]]],[[[-55.7508,-22.5112],[-55.7498,-22.5114],[-55.7494,-22.5124],[-55.7499,-22.5125],[-55.75,-22.5118],[-55.7505,-22.5117],[-55.7508,-22.5112]]],[[[-55.75,-22.577],[-55.7498,-22.5769],[-55.7497,-22.5772],[-55.7499,-22.5772],[-55.75,-22.577]]],[[[-55.7506,-22.5742],[-55.7506,-22.5744],[-55.7514,-22.5744],[-55.7513,-22.5739],[-55.7506,-22.5742]]],[[[-55.7511,-22.5506],[-55.7509,-22.5506],[-55.7506,-22.5511],[-55.7516,-22.5517],[-55.7519,-22.5512],[-55.7511,-22.5511],[-55.7511,-22.5506]]],[[[-55.7514,-22.5703],[-55.7513,-22.5697],[-55.7506,-22.5698],[-55.7506,-22.57],[-55.7511,-22.57],[-55.7512,-22.5706],[-55.7514,-22.5703]]],[[[-55.7528,-22.5717],[-55.7525,-22.5717],[-55.7526,-22.5722],[-55.7528,-22.5722],[-55.7528,-22.5717]]],[[[-55.7524,-22.5725],[-55.7517,-22.5726],[-55.7513,-22.5722],[-55.7506,-22.5723],[-55.7506,-22.5725],[-55.7512,-22.5725],[-55.7514,-22.5731],[-55.7524,-22.5728],[-55.7524,-22.5725]]],[[[-55.7511,-22.4884],[-55.7509,-22.4883],[-55.7508,-22.4886],[-55.7511,-22.4886],[-55.7511,-22.4884]]],[[[-55.7514,-22.4876],[-55.7512,-22.4875],[-55.7511,-22.4877],[-55.7513,-22.4878],[-55.7514,-22.4876]]],[[[-55.7524,-22.5642],[-55.7525,-22.5639],[-55.7516,-22.5631],[-55.7511,-22.5631],[-55.752,-22.5642],[-55.7524,-22.5642]]],[[[-55.7517,-22.5081],[-55.7517,-22.5083],[-55.7522,-22.5083],[-55.7522,-22.5081],[-55.7517,-22.5081]]],[[[-55.752,-22.5128],[-55.7517,-22.5131],[-55.7517,-22.5136],[-55.7522,-22.5139],[-55.7522,-22.5128],[-55.752,-22.5128]]],[[[-55.7522,-22.5712],[-55.752,-22.5711],[-55.7519,-22.5713],[-55.7522,-22.5714],[-55.7522,-22.5712]]],[[[-55.7525,-22.5537],[-55.7523,-22.5536],[-55.7522,-22.5538],[-55.7524,-22.5539],[-55.7525,-22.5537]]],[[[-55.7525,-22.4814],[-55.7523,-22.4814],[-55.7522,-22.4816],[-55.7524,-22.4817],[-55.7525,-22.4814]]],[[[-55.7532,-22.5761],[-55.753,-22.5758],[-55.7528,-22.5759],[-55.7531,-22.5764],[-55.7542,-22.5763],[-55.7541,-22.5761],[-55.7532,-22.5761]]],[[[-55.7536,-22.5074],[-55.7541,-22.5078],[-55.7547,-22.5072],[-55.7547,-22.5067],[-55.7543,-22.5069],[-55.7536,-22.5067],[-55.7536,-22.5074]]],[[[-55.7541,-22.57],[-55.7555,-22.5692],[-55.7558,-22.5687],[-55.7551,-22.5686],[-55.7536,-22.5699],[-55.7541,-22.57]]],[[[-55.7553,-22.4942],[-55.7551,-22.4942],[-55.755,-22.4944],[-55.7552,-22.4944],[-55.7553,-22.4942]]],[[[-55.7547,-22.4941],[-55.7544,-22.4933],[-55.7539,-22.4934],[-55.7539,-22.4942],[-55.7547,-22.4941]]],[[[-55.7542,-22.5628],[-55.7542,-22.5633],[-55.7544,-22.5633],[-55.7544,-22.5628],[-55.7542,-22.5628]]],[[[-55.7547,-22.5395],[-55.7544,-22.5395],[-55.7545,-22.54],[-55.7547,-22.5399],[-55.7547,-22.5395]]],[[[-55.755,-22.5124],[-55.7547,-22.5119],[-55.7544,-22.512],[-55.7548,-22.5125],[-55.755,-22.5124]]],[[[-55.755,-22.5781],[-55.7548,-22.5781],[-55.7547,-22.5783],[-55.7549,-22.5783],[-55.755,-22.5781]]],[[[-55.7551,-22.5083],[-55.755,-22.5086],[-55.7552,-22.5086],[-55.7553,-22.5084],[-55.7551,-22.5083]]],[[[-55.7561,-22.5629],[-55.7564,-22.5626],[-55.756,-22.5625],[-55.7555,-22.5619],[-55.755,-22.5623],[-55.755,-22.5627],[-55.7553,-22.5631],[-55.7561,-22.5629]]],[[[-55.7572,-22.566],[-55.7578,-22.5651],[-55.7572,-22.5647],[-55.7565,-22.5653],[-55.7556,-22.565],[-55.755,-22.5656],[-55.7556,-22.5664],[-55.7561,-22.5661],[-55.7561,-22.5656],[-55.7569,-22.5656],[-55.7569,-22.5661],[-55.7572,-22.566]],[[-55.7559,-22.5658],[-55.7556,-22.5658],[-55.7557,-22.5656],[-55.7559,-22.5658]]],[[[-55.7569,-22.5087],[-55.7562,-22.5086],[-55.7561,-22.5088],[-55.7569,-22.5089],[-55.7569,-22.5087]]],[[[-55.7561,-22.5092],[-55.7553,-22.5098],[-55.7553,-22.51],[-55.7561,-22.5094],[-55.7561,-22.5092]]],[[[-55.7564,-22.5506],[-55.7562,-22.5506],[-55.7561,-22.5508],[-55.7563,-22.5508],[-55.7564,-22.5506]]],[[[-55.7564,-22.5151],[-55.7562,-22.515],[-55.7561,-22.5152],[-55.7563,-22.5153],[-55.7564,-22.5151]]],[[[-55.7564,-22.5514],[-55.7564,-22.5519],[-55.7566,-22.5519],[-55.7567,-22.5514],[-55.7564,-22.5514]]],[[[-55.7567,-22.5781],[-55.7564,-22.5781],[-55.7564,-22.5783],[-55.7566,-22.5783],[-55.7567,-22.5781]]],[[[-55.7569,-22.5056],[-55.7567,-22.5056],[-55.7567,-22.5058],[-55.7569,-22.5058],[-55.7569,-22.5056]]],[[[-55.7569,-22.5098],[-55.7567,-22.5097],[-55.7567,-22.5099],[-55.7569,-22.51],[-55.7569,-22.5098]]],[[[-55.7569,-22.5642],[-55.7575,-22.5634],[-55.757,-22.5633],[-55.7567,-22.5637],[-55.7567,-22.5641],[-55.7569,-22.5642]]],[[[-55.757,-22.5067],[-55.7569,-22.5069],[-55.7572,-22.5069],[-55.7572,-22.5067],[-55.757,-22.5067]]],[[[-55.7578,-22.5053],[-55.7576,-22.5053],[-55.7575,-22.5055],[-55.7577,-22.5056],[-55.7578,-22.5053]]],[[[-55.7586,-22.5828],[-55.7584,-22.5828],[-55.7583,-22.583],[-55.7586,-22.5831],[-55.7586,-22.5828]]],[[[-55.76,-22.5817],[-55.7598,-22.5817],[-55.7597,-22.5819],[-55.7599,-22.5819],[-55.76,-22.5817]]],[[[-55.7594,-22.582],[-55.7587,-22.5819],[-55.7586,-22.5822],[-55.7594,-22.5822],[-55.7594,-22.582]]],[[[-55.7594,-22.5878],[-55.7592,-22.5878],[-55.7592,-22.588],[-55.7594,-22.5881],[-55.7594,-22.5878]]],[[[-55.7598,-22.5436],[-55.7597,-22.5438],[-55.7599,-22.5439],[-55.76,-22.5437],[-55.7598,-22.5436]]],[[[-55.7598,-22.5761],[-55.7598,-22.5764],[-55.7603,-22.5763],[-55.7602,-22.5761],[-55.7598,-22.5761]]],[[[-55.7598,-22.585],[-55.76,-22.5858],[-55.7602,-22.5858],[-55.7604,-22.5856],[-55.7611,-22.5856],[-55.7611,-22.5851],[-55.7598,-22.585]]],[[[-55.76,-22.5809],[-55.7598,-22.5808],[-55.7597,-22.5811],[-55.7599,-22.5811],[-55.76,-22.5809]]],[[[-55.7603,-22.5714],[-55.76,-22.5714],[-55.7601,-22.5719],[-55.7603,-22.5719],[-55.7603,-22.5714]]],[[[-55.7615,-22.5425],[-55.7611,-22.5419],[-55.7603,-22.542],[-55.7606,-22.5424],[-55.7606,-22.5431],[-55.7611,-22.5431],[-55.7614,-22.5427],[-55.7619,-22.5427],[-55.7619,-22.5425],[-55.7615,-22.5425]]],[[[-55.7611,-22.5756],[-55.7609,-22.5756],[-55.7608,-22.5758],[-55.7611,-22.5758],[-55.7611,-22.5756]]],[[[-55.7617,-22.5826],[-55.7614,-22.5825],[-55.7614,-22.5827],[-55.7616,-22.5828],[-55.7617,-22.5826]]],[[[-55.7628,-22.4953],[-55.7623,-22.4953],[-55.7622,-22.4955],[-55.7627,-22.4956],[-55.7628,-22.4953]]],[[[-55.7619,-22.4952],[-55.7619,-22.495],[-55.7614,-22.4951],[-55.7614,-22.4953],[-55.7619,-22.4952]]],[[[-55.7628,-22.5145],[-55.7626,-22.5144],[-55.7622,-22.5149],[-55.7624,-22.515],[-55.7628,-22.5145]]],[[[-55.7633,-22.5898],[-55.7631,-22.5897],[-55.7631,-22.5899],[-55.7633,-22.59],[-55.7633,-22.5898]]],[[[-55.7636,-22.5128],[-55.7631,-22.5128],[-55.7631,-22.513],[-55.7636,-22.5131],[-55.7636,-22.5128]]],[[[-55.7642,-22.5581],[-55.7637,-22.5581],[-55.7636,-22.5583],[-55.7641,-22.5583],[-55.7642,-22.5581]]],[[[-55.765,-22.5859],[-55.7648,-22.5858],[-55.7647,-22.5861],[-55.7649,-22.5861],[-55.765,-22.5859]]],[[[-55.7658,-22.587],[-55.7653,-22.5869],[-55.7653,-22.5872],[-55.7658,-22.5872],[-55.7658,-22.587]]],[[[-55.7672,-22.5581],[-55.767,-22.5581],[-55.7669,-22.5583],[-55.7672,-22.5583],[-55.7672,-22.5581]]],[[[-55.7678,-22.5873],[-55.7673,-22.5869],[-55.7669,-22.5874],[-55.7673,-22.5878],[-55.7677,-22.5878],[-55.7678,-22.5873]]],[[[-55.7699,-22.5767],[-55.77,-22.5759],[-55.7695,-22.5758],[-55.7692,-22.5762],[-55.7692,-22.5777],[-55.7695,-22.5781],[-55.7697,-22.5778],[-55.7694,-22.5776],[-55.7694,-22.5771],[-55.7699,-22.5767]]],[[[-55.7723,-22.5797],[-55.7733,-22.5794],[-55.7733,-22.5792],[-55.7725,-22.5795],[-55.7719,-22.579],[-55.7719,-22.5786],[-55.7711,-22.5784],[-55.7723,-22.5797]]],[[[-55.7731,-22.5823],[-55.7728,-22.5822],[-55.7728,-22.5824],[-55.773,-22.5825],[-55.7731,-22.5823]]],[[[-55.7742,-22.5776],[-55.7739,-22.5775],[-55.7739,-22.5777],[-55.7741,-22.5778],[-55.7742,-22.5776]]],[[[-55.7756,-22.5781],[-55.7753,-22.5781],[-55.7753,-22.5783],[-55.7755,-22.5783],[-55.7756,-22.5781]]],[[[-55.7972,-22.5937],[-55.7964,-22.5936],[-55.7964,-22.5938],[-55.7972,-22.5939],[-55.7972,-22.5937]]]]}},{"type":"Feature","properties":{"ano":2017},"geometry":{"type":"MultiPolygon","coordinates":[[[[-55.6478,-22.6126],[-55.647,-22.6128],[-55.646,-22.6139],[-55.6456,-22.6139],[-55.645,-22.6145],[-55.645,-22.6152],[-55.6452,-22.6153],[-55.6453,-22.6149],[-55.6458,-22.6147],[-55.6471,-22.6133],[-55.6476,-22.6133],[-55.6484,-22.6139],[-55.649,-22.6139],[-55.6503,-22.615],[-55.6517,-22.6149],[-55.6517,-22.6145],[-55.6513,-22.6144],[-55.6508,-22.614],[-55.6508,-22.6134],[-55.6502,-22.6128],[-55.6496,-22.6128],[-55.6492,-22.6124],[-55.6491,-22.6114],[-55.6487,-22.6114],[-55.6478,-22.6123],[-55.6478,-22.6126]]],[[[-55.6545,-22.6083],[-55.655,-22.608],[-55.6549,-22.6078],[-55.6544,-22.6081],[-55.6545,-22.6083]]],[[[-55.6542,-22.6084],[-55.6536,-22.6083],[-55.6536,-22.6078],[-55.6534,-22.6078],[-55.6525,-22.6089],[-55.6517,-22.6089],[-55.6515,-22.6092],[-55.6512,-22.6092],[-55.6506,-22.6098],[-55.6504,-22.6103],[-55.6498,-22.6103],[-55.6497,-22.6111],[-55.6502,-22.6111],[-55.6507,-22.6106],[-55.6516,-22.6103],[-55.6524,-22.6094],[-55.6533,-22.6092],[-55.6542,-22.6084]]],[[[-55.6564,-22.6065],[-55.6572,-22.6064],[-55.6572,-22.6062],[-55.6565,-22.6061],[-55.6563,-22.6058],[-55.6556,-22.6061],[-55.6556,-22.6063],[-55.6558,-22.6065],[-55.6556,-22.6075],[-55.6566,-22.6075],[-55.6569,-22.6072],[-55.6569,-22.6069],[-55.6564,-22.6068],[-55.6564,-22.6065]]],[[[-55.6722,-22.592],[-55.672,-22.5919],[-55.6719,-22.5922],[-55.6722,-22.5922],[-55.6722,-22.592]]],[[[-55.6756,-22.5912],[-55.6753,-22.5911],[-55.6753,-22.5913],[-55.6755,-22.5914],[-55.6756,-22.5912]]],[[[-55.6764,-22.5903],[-55.6762,-22.5903],[-55.6761,-22.5905],[-55.6763,-22.5906],[-55.6764,-22.5903]]],[[[-55.6786,-22.5626],[-55.6784,-22.5625],[-55.6781,-22.5631],[-55.6782,-22.5639],[-55.6778,-22.5642],[-55.6778,-22.5649],[-55.6781,-22.5653],[-55.6786,-22.5652],[-55.6782,-22.5641],[-55.6786,-22.5636],[-55.6786,-22.5626]]],[[[-55.6792,-22.5701],[-55.6787,-22.57],[-55.6786,-22.5702],[-55.6791,-22.5703],[-55.6792,-22.5701]]],[[[-55.6794,-22.5584],[-55.6792,-22.5583],[-55.6792,-22.5586],[-55.6794,-22.5586],[-55.6794,-22.5584]]],[[[-55.68,-22.5681],[-55.6795,-22.5681],[-55.6794,-22.5683],[-55.6799,-22.5683],[-55.68,-22.5681]]],[[[-55.68,-22.5614],[-55.6798,-22.5614],[-55.6797,-22.5616],[-55.6799,-22.5617],[-55.68,-22.5614]]],[[[-55.6856,-22.5847],[-55.6856,-22.5849],[-55.6858,-22.585],[-55.6858,-22.5848],[-55.6856,-22.5847]]],[[[-55.6889,-22.6037],[-55.6886,-22.6037],[-55.6887,-22.6047],[-55.6889,-22.6047],[-55.6889,-22.6037]]],[[[-55.6894,-22.5745],[-55.6892,-22.5744],[-55.6892,-22.5747],[-55.6894,-22.5747],[-55.6894,-22.5745]]],[[[-55.6947,-22.5514],[-55.6942,-22.5514],[-55.6942,-22.5516],[-55.6947,-22.5517],[-55.6947,-22.5514]]],[[[-55.6941,-22.5511],[-55.6941,-22.5508],[-55.6936,-22.5509],[-55.6937,-22.5511],[-55.6941,-22.5511]]],[[[-55.6955,-22.5522],[-55.6958,-22.5514],[-55.6956,-22.5514],[-55.695,-22.5522],[-55.6955,-22.5522]]],[[[-55.6986,-22.5811],[-55.6994,-22.5811],[-55.6994,-22.5809],[-55.6991,-22.5806],[-55.6987,-22.5806],[-55.6983,-22.5809],[-55.6983,-22.5813],[-55.6986,-22.5814],[-55.6986,-22.5811]]],[[[-55.7,-22.5792],[-55.6998,-22.5792],[-55.6997,-22.5794],[-55.6999,-22.5794],[-55.7,-22.5792]]],[[[-55.7003,-22.5803],[-55.7001,-22.5803],[-55.7,-22.5805],[-55.7002,-22.5806],[-55.7003,-22.5803]]],[[[-55.7009,-22.5061],[-55.7011,-22.5061],[-55.7011,-22.5058],[-55.7008,-22.5059],[-55.7009,-22.5061]]],[[[-55.7008,-22.5064],[-55.7006,-22.5064],[-55.7006,-22.5072],[-55.7008,-22.5072],[-55.7008,-22.5064]]],[[[-55.7017,-22.5833],[-55.7017,-22.5836],[-55.7025,-22.5836],[-55.7024,-22.5833],[-55.7017,-22.5833]]],[[[-55.7019,-22.5787],[-55.7017,-22.5786],[-55.7017,-22.5788],[-55.7019,-22.5789],[-55.7019,-22.5787]]],[[[-55.7028,-22.5017],[-55.7028,-22.5019],[-55.7033,-22.5019],[-55.7033,-22.5017],[-55.7028,-22.5017]]],[[[-55.7072,-22.5767],[-55.7081,-22.5756],[-55.7078,-22.5756],[-55.7069,-22.5766],[-55.7072,-22.5767]]],[[[-55.7073,-22.5556],[-55.7072,-22.5558],[-55.7074,-22.5558],[-55.7075,-22.5556],[-55.7073,-22.5556]]],[[[-55.7078,-22.5098],[-55.7073,-22.5097],[-55.7072,-22.5099],[-55.7077,-22.51],[-55.7078,-22.5098]]],[[[-55.7089,-22.5098],[-55.7084,-22.5097],[-55.7083,-22.5099],[-55.7088,-22.51],[-55.7089,-22.5098]]],[[[-55.7117,-22.5892],[-55.7117,-22.5894],[-55.7119,-22.5894],[-55.7119,-22.5892],[-55.7117,-22.5892]]],[[[-55.7114,-22.5895],[-55.7112,-22.5894],[-55.7108,-22.5898],[-55.7107,-22.5903],[-55.7101,-22.5903],[-55.7094,-22.5906],[-55.7094,-22.5913],[-55.7098,-22.5917],[-55.7106,-22.5916],[-55.7105,-22.5912],[-55.7111,-22.5905],[-55.7111,-22.5899],[-55.7114,-22.5895]]],[[[-55.7106,-22.5059],[-55.7101,-22.5058],[-55.71,-22.5061],[-55.7105,-22.5061],[-55.7106,-22.5059]]],[[[-55.7106,-22.5892],[-55.7103,-22.5892],[-55.7103,-22.5894],[-55.7105,-22.5894],[-55.7106,-22.5892]]],[[[-55.7114,-22.5076],[-55.7112,-22.5075],[-55.7111,-22.5077],[-55.7113,-22.5078],[-55.7114,-22.5076]]],[[[-55.7125,-22.5028],[-55.7123,-22.5028],[-55.7122,-22.503],[-55.7124,-22.5031],[-55.7125,-22.5028]]],[[[-55.7133,-22.5876],[-55.7139,-22.587],[-55.7133,-22.5864],[-55.7126,-22.5869],[-55.7122,-22.587],[-55.7123,-22.5878],[-55.7133,-22.5876]]],[[[-55.7128,-22.5863],[-55.7127,-22.5861],[-55.7122,-22.5862],[-55.7123,-22.5864],[-55.7128,-22.5863]]],[[[-55.7127,-22.5694],[-55.7133,-22.5687],[-55.7131,-22.5686],[-55.7125,-22.5694],[-55.7127,-22.5694]]],[[[-55.7128,-22.5733],[-55.7133,-22.573],[-55.7133,-22.5728],[-55.7128,-22.5731],[-55.7128,-22.5733]]],[[[-55.7139,-22.5748],[-55.7131,-22.5747],[-55.7131,-22.5749],[-55.7138,-22.575],[-55.7139,-22.5748]]],[[[-55.7153,-22.5842],[-55.7147,-22.5836],[-55.7144,-22.5837],[-55.7151,-22.5844],[-55.7153,-22.5842]]],[[[-55.7144,-22.5833],[-55.7147,-22.583],[-55.7147,-22.5819],[-55.7142,-22.582],[-55.7142,-22.5833],[-55.7144,-22.5833]]],[[[-55.7172,-22.5003],[-55.7162,-22.5006],[-55.716,-22.5008],[-55.7153,-22.5008],[-55.7147,-22.5017],[-55.7142,-22.5017],[-55.7142,-22.5022],[-55.7149,-22.5028],[-55.7153,-22.5024],[-55.7153,-22.5021],[-55.7158,-22.5019],[-55.7158,-22.5015],[-55.7163,-22.5011],[-55.7169,-22.5011],[-55.7172,-22.5003]]],[[[-55.7142,-22.5006],[-55.7142,-22.5008],[-55.7144,-22.5008],[-55.7144,-22.5006],[-55.7142,-22.5006]]],[[[-55.7144,-22.5031],[-55.7142,-22.5031],[-55.7142,-22.5033],[-55.7144,-22.5033],[-55.7144,-22.5031]]],[[[-55.7144,-22.5217],[-55.7142,-22.5217],[-55.7142,-22.5219],[-55.7144,-22.5219],[-55.7144,-22.5217]]],[[[-55.715,-22.5717],[-55.7147,-22.5714],[-55.7142,-22.5714],[-55.7148,-22.5719],[-55.715,-22.5717]]],[[[-55.7169,-22.5789],[-55.7167,-22.5789],[-55.7168,-22.5794],[-55.7158,-22.5801],[-55.7159,-22.5805],[-55.7157,-22.5808],[-55.7151,-22.5808],[-55.7149,-22.5806],[-55.7147,-22.5808],[-55.7151,-22.5811],[-55.7158,-22.5811],[-55.716,-22.5808],[-55.7163,-22.5808],[-55.7172,-22.5799],[-55.7168,-22.5794],[-55.7169,-22.5789]]],[[[-55.7156,-22.5726],[-55.7153,-22.5726],[-55.7153,-22.5731],[-55.7156,-22.573],[-55.7156,-22.5726]]],[[[-55.7158,-22.4903],[-55.7156,-22.4903],[-55.7156,-22.4905],[-55.7158,-22.4906],[-55.7158,-22.4903]]],[[[-55.7169,-22.5201],[-55.7167,-22.52],[-55.7167,-22.5202],[-55.7169,-22.5203],[-55.7169,-22.5201]]],[[[-55.7172,-22.5703],[-55.717,-22.5703],[-55.7169,-22.5705],[-55.7172,-22.5706],[-55.7172,-22.5703]]],[[[-55.7172,-22.5853],[-55.717,-22.5853],[-55.7169,-22.5855],[-55.7172,-22.5856],[-55.7172,-22.5853]]],[[[-55.7181,-22.5662],[-55.7178,-22.5661],[-55.7178,-22.5663],[-55.718,-22.5664],[-55.7181,-22.5662]]],[[[-55.7186,-22.5001],[-55.7184,-22.5],[-55.7183,-22.5002],[-55.7186,-22.5003],[-55.7186,-22.5001]]],[[[-55.72,-22.5001],[-55.7198,-22.5],[-55.7197,-22.5002],[-55.7199,-22.5003],[-55.72,-22.5001]]],[[[-55.72,-22.4909],[-55.7198,-22.4908],[-55.7197,-22.4911],[-55.7199,-22.4911],[-55.72,-22.4909]]],[[[-55.7226,-22.4831],[-55.7219,-22.4825],[-55.7209,-22.4825],[-55.7208,-22.4829],[-55.7203,-22.4831],[-55.7203,-22.4836],[-55.7208,-22.4837],[-55.7205,-22.484],[-55.7201,-22.4839],[-55.72,-22.4841],[-55.7209,-22.4841],[-55.7216,-22.4847],[-55.7222,-22.4842],[-55.7215,-22.4842],[-55.7214,-22.4835],[-55.7224,-22.4831],[-55.7225,-22.4836],[-55.7227,-22.4836],[-55.7226,-22.4831]]],[[[-55.7208,-22.5392],[-55.7206,-22.5392],[-55.7206,-22.5394],[-55.7208,-22.5394],[-55.7208,-22.5392]]],[[[-55.7238,-22.5761],[-55.7242,-22.5755],[-55.7241,-22.575],[-55.7233,-22.5761],[-55.7238,-22.5761]]],[[[-55.7233,-22.5764],[-55.7228,-22.5764],[-55.7224,-22.5769],[-55.722,-22.5769],[-55.7219,-22.5776],[-55.7208,-22.5784],[-55.7212,-22.5792],[-55.7216,-22.5792],[-55.7219,-22.5788],[-55.7219,-22.5779],[-55.7224,-22.5778],[-55.7231,-22.5772],[-55.7233,-22.5764]]],[[[-55.7211,-22.5887],[-55.7209,-22.5886],[-55.7208,-22.5888],[-55.7211,-22.5889],[-55.7211,-22.5887]]],[[[-55.7228,-22.5895],[-55.722,-22.5894],[-55.7217,-22.5899],[-55.7222,-22.59],[-55.7228,-22.5895]]],[[[-55.7219,-22.5802],[-55.723,-22.5803],[-55.7236,-22.5797],[-55.7236,-22.5787],[-55.7234,-22.5786],[-55.7231,-22.5789],[-55.7229,-22.5797],[-55.7223,-22.5797],[-55.7219,-22.5802]]],[[[-55.7233,-22.4956],[-55.7231,-22.4956],[-55.7231,-22.4958],[-55.7233,-22.4958],[-55.7233,-22.4956]]],[[[-55.7239,-22.4937],[-55.7233,-22.4939],[-55.7234,-22.4942],[-55.7239,-22.4941],[-55.7239,-22.4937]]],[[[-55.7244,-22.5887],[-55.7242,-22.5886],[-55.7239,-22.5891],[-55.7241,-22.5892],[-55.7244,-22.5887]]],[[[-55.7247,-22.5817],[-55.7245,-22.5817],[-55.7242,-22.582],[-55.7242,-22.5828],[-55.7247,-22.5822],[-55.7247,-22.5817]]],[[[-55.7258,-22.5795],[-55.7256,-22.5794],[-55.7256,-22.5797],[-55.7258,-22.5797],[-55.7258,-22.5795]]],[[[-55.7253,-22.5798],[-55.7249,-22.5797],[-55.7247,-22.5792],[-55.7244,-22.5792],[-55.7244,-22.5797],[-55.7248,-22.58],[-55.7252,-22.58],[-55.7253,-22.5798]]],[[[-55.725,-22.5001],[-55.7247,-22.4999],[-55.7247,-22.4995],[-55.7245,-22.4994],[-55.7244,-22.4999],[-55.7248,-22.5006],[-55.725,-22.5005],[-55.725,-22.5001]]],[[[-55.725,-22.5281],[-55.7248,-22.5281],[-55.7247,-22.5283],[-55.7249,-22.5283],[-55.725,-22.5281]]],[[[-55.7253,-22.5789],[-55.7269,-22.5783],[-55.7269,-22.5781],[-55.7266,-22.5778],[-55.7256,-22.5778],[-55.7253,-22.5781],[-55.7253,-22.5789]]],[[[-55.7259,-22.5803],[-55.7258,-22.5805],[-55.7261,-22.5806],[-55.7261,-22.5803],[-55.7259,-22.5803]]],[[[-55.7264,-22.4976],[-55.7262,-22.4975],[-55.7261,-22.4977],[-55.7263,-22.4978],[-55.7264,-22.4976]]],[[[-55.7264,-22.5273],[-55.7262,-22.5272],[-55.7261,-22.5274],[-55.7263,-22.5275],[-55.7264,-22.5273]]],[[[-55.7275,-22.5951],[-55.7273,-22.595],[-55.7272,-22.5952],[-55.7274,-22.5953],[-55.7275,-22.5951]]],[[[-55.7278,-22.592],[-55.7273,-22.5919],[-55.7272,-22.5922],[-55.7277,-22.5922],[-55.7278,-22.592]]],[[[-55.7281,-22.4837],[-55.7278,-22.4836],[-55.7278,-22.4838],[-55.728,-22.4839],[-55.7281,-22.4837]]],[[[-55.7303,-22.5948],[-55.7297,-22.5947],[-55.7294,-22.5934],[-55.7289,-22.5933],[-55.7286,-22.5937],[-55.7286,-22.5949],[-55.7281,-22.595],[-55.7281,-22.5952],[-55.7286,-22.5956],[-55.7292,-22.5949],[-55.7302,-22.595],[-55.7303,-22.5948]]],[[[-55.73,-22.4976],[-55.7297,-22.4976],[-55.7298,-22.4981],[-55.73,-22.498],[-55.73,-22.4976]]],[[[-55.7306,-22.5926],[-55.7311,-22.5924],[-55.7311,-22.5917],[-55.7303,-22.5911],[-55.73,-22.5917],[-55.73,-22.5926],[-55.7297,-22.593],[-55.7305,-22.5931],[-55.7306,-22.5926]]],[[[-55.7319,-22.4823],[-55.7317,-22.4822],[-55.7314,-22.4826],[-55.731,-22.4825],[-55.7308,-22.482],[-55.7306,-22.4819],[-55.73,-22.4827],[-55.7319,-22.4828],[-55.7319,-22.4823]]],[[[-55.7303,-22.4967],[-55.7306,-22.4972],[-55.7308,-22.4972],[-55.7308,-22.4967],[-55.7303,-22.4967]]],[[[-55.7308,-22.5964],[-55.7306,-22.5964],[-55.7306,-22.5966],[-55.7308,-22.5967],[-55.7308,-22.5964]]],[[[-55.7314,-22.5437],[-55.7312,-22.5436],[-55.7311,-22.5438],[-55.7313,-22.5439],[-55.7314,-22.5437]]],[[[-55.7319,-22.5656],[-55.7319,-22.5648],[-55.7317,-22.5647],[-55.7317,-22.5655],[-55.7319,-22.5656]]],[[[-55.7342,-22.5651],[-55.7331,-22.565],[-55.7331,-22.5652],[-55.7341,-22.5653],[-55.7342,-22.5651]]],[[[-55.7344,-22.5705],[-55.7348,-22.5708],[-55.735,-22.5708],[-55.7349,-22.5703],[-55.7345,-22.5703],[-55.7344,-22.5705]]],[[[-55.7357,-22.5864],[-55.7348,-22.5858],[-55.7344,-22.5866],[-55.7349,-22.5867],[-55.7354,-22.5864],[-55.7356,-22.5869],[-55.7358,-22.5869],[-55.7357,-22.5864]]],[[[-55.735,-22.5648],[-55.7348,-22.5647],[-55.7347,-22.5649],[-55.7349,-22.565],[-55.735,-22.5648]]],[[[-55.7351,-22.4956],[-55.735,-22.4958],[-55.7352,-22.4958],[-55.7353,-22.4956],[-55.7351,-22.4956]]],[[[-55.7356,-22.5884],[-55.7353,-22.5883],[-55.735,-22.5888],[-55.7352,-22.5889],[-55.7356,-22.5884]]],[[[-55.7364,-22.5653],[-55.7356,-22.5653],[-55.7356,-22.5655],[-55.7363,-22.5656],[-55.7364,-22.5653]]],[[[-55.7372,-22.5714],[-55.7369,-22.5706],[-55.7361,-22.5706],[-55.7364,-22.5711],[-55.7372,-22.5714]]],[[[-55.7364,-22.5458],[-55.7369,-22.5453],[-55.7367,-22.5453],[-55.7364,-22.5458]]],[[[-55.7372,-22.5692],[-55.7372,-22.5678],[-55.737,-22.5678],[-55.7369,-22.5691],[-55.7372,-22.5692]]],[[[-55.7372,-22.4631],[-55.737,-22.4631],[-55.7369,-22.4633],[-55.7372,-22.4633],[-55.7372,-22.4631]]],[[[-55.737,-22.5739],[-55.7369,-22.5744],[-55.7374,-22.5747],[-55.7375,-22.5742],[-55.737,-22.5739]]],[[[-55.7372,-22.5698],[-55.737,-22.5697],[-55.7369,-22.5699],[-55.7372,-22.57],[-55.7372,-22.5698]]],[[[-55.7375,-22.5448],[-55.7373,-22.5447],[-55.7372,-22.5449],[-55.7374,-22.545],[-55.7375,-22.5448]]],[[[-55.7381,-22.5645],[-55.7377,-22.5642],[-55.7375,-22.5642],[-55.7378,-22.565],[-55.7381,-22.5649],[-55.7381,-22.5645]]],[[[-55.7381,-22.5856],[-55.7378,-22.5856],[-55.7378,-22.5858],[-55.738,-22.5858],[-55.7381,-22.5856]]],[[[-55.7389,-22.5695],[-55.7387,-22.5694],[-55.7386,-22.5697],[-55.7388,-22.5697],[-55.7389,-22.5695]]],[[[-55.7411,-22.5888],[-55.7408,-22.5881],[-55.7406,-22.5881],[-55.7409,-22.5889],[-55.7411,-22.5888]]],[[[-55.7411,-22.5767],[-55.7406,-22.5767],[-55.7406,-22.5769],[-55.7411,-22.5769],[-55.7411,-22.5767]]],[[[-55.7422,-22.5795],[-55.7419,-22.5795],[-55.742,-22.58],[-55.7422,-22.5799],[-55.7422,-22.5795]]],[[[-55.7437,-22.5014],[-55.7444,-22.5013],[-55.7444,-22.5009],[-55.7441,-22.5006],[-55.7433,-22.5009],[-55.7437,-22.5014]]],[[[-55.7436,-22.5017],[-55.7431,-22.5017],[-55.7431,-22.5012],[-55.7428,-22.5011],[-55.7425,-22.5017],[-55.7428,-22.5024],[-55.7433,-22.5025],[-55.7434,-22.5028],[-55.7439,-22.5024],[-55.7436,-22.5017]]],[[[-55.7431,-22.5237],[-55.7428,-22.5236],[-55.7428,-22.5238],[-55.743,-22.5239],[-55.7431,-22.5237]]],[[[-55.7428,-22.5128],[-55.7428,-22.5131],[-55.7436,-22.513],[-55.7436,-22.5128],[-55.7428,-22.5128]]],[[[-55.7467,-22.5167],[-55.7458,-22.5156],[-55.7452,-22.5159],[-55.745,-22.5157],[-55.7453,-22.5153],[-55.7448,-22.5153],[-55.7446,-22.5158],[-55.7436,-22.5162],[-55.7433,-22.5169],[-55.7441,-22.5169],[-55.7444,-22.5166],[-55.7444,-22.5161],[-55.7448,-22.5164],[-55.7457,-22.5164],[-55.7462,-22.5169],[-55.7466,-22.5169],[-55.7467,-22.5167]]],[[[-55.7433,-22.5938],[-55.7442,-22.5933],[-55.7441,-22.5928],[-55.7433,-22.5934],[-55.7433,-22.5938]]],[[[-55.7442,-22.5784],[-55.7439,-22.5783],[-55.7439,-22.5786],[-55.7441,-22.5786],[-55.7442,-22.5784]]],[[[-55.7456,-22.5492],[-55.7453,-22.5492],[-55.7453,-22.5494],[-55.7455,-22.5494],[-55.7456,-22.5492]]],[[[-55.7464,-22.5089],[-55.7459,-22.5089],[-55.7453,-22.5097],[-55.7463,-22.5097],[-55.7464,-22.5089]]],[[[-55.7456,-22.4975],[-55.7456,-22.4977],[-55.7458,-22.4978],[-55.7458,-22.4976],[-55.7456,-22.4975]]],[[[-55.7456,-22.5217],[-55.7456,-22.5219],[-55.7461,-22.5219],[-55.7461,-22.5217],[-55.7456,-22.5217]]],[[[-55.7474,-22.5219],[-55.7472,-22.5215],[-55.7475,-22.5213],[-55.7474,-22.5211],[-55.7467,-22.5214],[-55.7467,-22.5219],[-55.7471,-22.5219],[-55.7473,-22.5222],[-55.7478,-22.5222],[-55.7477,-22.5219],[-55.7474,-22.5219]]],[[[-55.7466,-22.5222],[-55.7464,-22.5223],[-55.7464,-22.5228],[-55.7467,-22.5227],[-55.7466,-22.5222]]],[[[-55.7478,-22.5123],[-55.7474,-22.5119],[-55.7467,-22.5122],[-55.7464,-22.513],[-55.7477,-22.5131],[-55.7478,-22.5123]]],[[[-55.7475,-22.5234],[-55.7473,-22.5233],[-55.7472,-22.5236],[-55.7474,-22.5236],[-55.7475,-22.5234]]],[[[-55.748,-22.5519],[-55.7472,-22.5523],[-55.7473,-22.5525],[-55.7481,-22.5524],[-55.748,-22.5519]]],[[[-55.7481,-22.5192],[-55.7478,-22.5192],[-55.7478,-22.5194],[-55.748,-22.5194],[-55.7481,-22.5192]]],[[[-55.7484,-22.4956],[-55.7483,-22.4958],[-55.7486,-22.4958],[-55.7486,-22.4956],[-55.7484,-22.4956]]],[[[-55.7488,-22.4789],[-55.7486,-22.4786],[-55.7483,-22.4787],[-55.7487,-22.4792],[-55.7494,-22.4791],[-55.7494,-22.4789],[-55.7488,-22.4789]]],[[[-55.7489,-22.5495],[-55.7487,-22.5494],[-55.7486,-22.5497],[-55.7488,-22.5497],[-55.7489,-22.5495]]],[[[-55.7494,-22.5759],[-55.7489,-22.5758],[-55.7489,-22.5763],[-55.7494,-22.5764],[-55.7494,-22.5759]]],[[[-55.7508,-22.5114],[-55.75,-22.5117],[-55.7501,-22.5125],[-55.7505,-22.5125],[-55.7508,-22.5122],[-55.7508,-22.5114]]],[[[-55.7497,-22.5126],[-55.7492,-22.5125],[-55.7492,-22.5127],[-55.7497,-22.5128],[-55.7497,-22.5126]]],[[[-55.7491,-22.5131],[-55.7489,-22.5131],[-55.7489,-22.5136],[-55.7492,-22.5136],[-55.7491,-22.5131]]],[[[-55.7501,-22.5525],[-55.7506,-22.5522],[-55.7505,-22.5519],[-55.75,-22.5523],[-55.7501,-22.5525]]],[[[-55.7506,-22.5739],[-55.7506,-22.5742],[-55.7511,-22.5741],[-55.7511,-22.5739],[-55.7506,-22.5739]]],[[[-55.7511,-22.5505],[-55.7508,-22.55],[-55.7506,-22.5501],[-55.7509,-22.5506],[-55.7511,-22.5505]]],[[[-55.7509,-22.4786],[-55.7508,-22.4788],[-55.7511,-22.4789],[-55.7511,-22.4787],[-55.7509,-22.4786]]],[[[-55.7511,-22.5053],[-55.7509,-22.5053],[-55.7508,-22.5055],[-55.7511,-22.5056],[-55.7511,-22.5053]]],[[[-55.7514,-22.5514],[-55.7512,-22.5514],[-55.7511,-22.5516],[-55.7513,-22.5517],[-55.7514,-22.5514]]],[[[-55.7519,-22.5153],[-55.7514,-22.5147],[-55.7511,-22.5152],[-55.7519,-22.5153]]],[[[-55.7514,-22.5697],[-55.7519,-22.5692],[-55.7517,-22.5692],[-55.7514,-22.5697]]],[[[-55.7517,-22.5749],[-55.7522,-22.5747],[-55.7522,-22.5742],[-55.7517,-22.5739],[-55.7519,-22.5746],[-55.7517,-22.5749]]],[[[-55.7522,-22.5728],[-55.752,-22.5728],[-55.7517,-22.5733],[-55.7519,-22.5733],[-55.7522,-22.5728]]],[[[-55.753,-22.5111],[-55.7531,-22.5101],[-55.7528,-22.51],[-55.7526,-22.5103],[-55.752,-22.5103],[-55.7519,-22.5108],[-55.7526,-22.5108],[-55.753,-22.5111]]],[[[-55.752,-22.5758],[-55.7519,-22.5761],[-55.7522,-22.5761],[-55.7522,-22.5759],[-55.752,-22.5758]]],[[[-55.7522,-22.5117],[-55.7519,-22.5117],[-55.752,-22.5122],[-55.7522,-22.5122],[-55.7522,-22.5117]]],[[[-55.7528,-22.5713],[-55.7536,-22.5711],[-55.7544,-22.5702],[-55.7544,-22.5698],[-55.7538,-22.57],[-55.7534,-22.5697],[-55.7533,-22.5701],[-55.7528,-22.5706],[-55.7528,-22.571],[-55.7522,-22.5712],[-55.7526,-22.5717],[-55.7528,-22.5716],[-55.7528,-22.5713]]],[[[-55.7531,-22.5134],[-55.7528,-22.5133],[-55.7528,-22.5136],[-55.753,-22.5136],[-55.7531,-22.5134]]],[[[-55.7525,-22.5133],[-55.7525,-22.5128],[-55.7523,-22.5128],[-55.7522,-22.5133],[-55.7525,-22.5133]]],[[[-55.7525,-22.5147],[-55.7536,-22.5141],[-55.7536,-22.5139],[-55.753,-22.5143],[-55.7526,-22.5142],[-55.7525,-22.5147]]],[[[-55.7531,-22.4803],[-55.7528,-22.4803],[-55.7526,-22.4817],[-55.7531,-22.4813],[-55.7531,-22.4803]]],[[[-55.7544,-22.5737],[-55.7537,-22.5736],[-55.7536,-22.5738],[-55.7544,-22.5739],[-55.7544,-22.5737]]],[[[-55.7539,-22.5301],[-55.7537,-22.53],[-55.7536,-22.5302],[-55.7538,-22.5303],[-55.7539,-22.5301]]],[[[-55.7544,-22.5345],[-55.7541,-22.5342],[-55.7539,-22.5342],[-55.7542,-22.535],[-55.7544,-22.5349],[-55.7544,-22.5345]]],[[[-55.7547,-22.5084],[-55.7545,-22.5083],[-55.7544,-22.5086],[-55.7547,-22.5086],[-55.7547,-22.5084]]],[[[-55.7542,-22.5083],[-55.7541,-22.5081],[-55.7539,-22.5081],[-55.7539,-22.5083],[-55.7542,-22.5083]]],[[[-55.7542,-22.5092],[-55.7542,-22.5094],[-55.7548,-22.5097],[-55.7553,-22.5097],[-55.7549,-22.5092],[-55.7542,-22.5092]]],[[[-55.755,-22.5762],[-55.7542,-22.5761],[-55.7542,-22.5763],[-55.7549,-22.5764],[-55.755,-22.5762]]],[[[-55.7561,-22.5138],[-55.7561,-22.5128],[-55.7551,-22.5128],[-55.7547,-22.5134],[-55.7556,-22.5142],[-55.7561,-22.5138]]],[[[-55.7544,-22.5133],[-55.7544,-22.5131],[-55.7542,-22.5131],[-55.7542,-22.5133],[-55.7544,-22.5133]]],[[[-55.7545,-22.5442],[-55.7545,-22.5444],[-55.755,-22.5444],[-55.7549,-22.5442],[-55.7545,-22.5442]]],[[[-55.7547,-22.5106],[-55.7545,-22.5106],[-55.7544,-22.5108],[-55.7547,-22.5108],[-55.7547,-22.5106]]],[[[-55.755,-22.5656],[-55.7548,-22.5656],[-55.7544,-22.5661],[-55.7547,-22.5661],[-55.755,-22.5656]]],[[[-55.7549,-22.5781],[-55.7556,-22.5774],[-55.7555,-22.5772],[-55.755,-22.5773],[-55.7547,-22.578],[-55.7549,-22.5781]]],[[[-55.7569,-22.5073],[-55.7564,-22.5072],[-55.7564,-22.5074],[-55.7569,-22.5075],[-55.7569,-22.5073]]],[[[-55.7561,-22.5072],[-55.7563,-22.5067],[-55.7551,-22.5069],[-55.755,-22.5074],[-55.7555,-22.5075],[-55.7561,-22.5072]]],[[[-55.7561,-22.5053],[-55.7558,-22.5053],[-55.7559,-22.5058],[-55.7561,-22.5058],[-55.7561,-22.5053]]],[[[-55.7564,-22.5428],[-55.7562,-22.5428],[-55.7558,-22.5433],[-55.7561,-22.5433],[-55.7564,-22.5428]]],[[[-55.7567,-22.5623],[-55.7559,-22.5622],[-55.7558,-22.5624],[-55.7566,-22.5625],[-55.7567,-22.5623]]],[[[-55.7564,-22.5667],[-55.7562,-22.5667],[-55.7561,-22.5669],[-55.7563,-22.5669],[-55.7564,-22.5667]]],[[[-55.7567,-22.5442],[-55.7564,-22.5442],[-55.7561,-22.5447],[-55.7563,-22.5447],[-55.7567,-22.5442]]],[[[-55.7567,-22.5512],[-55.7564,-22.5511],[-55.7561,-22.5516],[-55.7563,-22.5517],[-55.7567,-22.5512]]],[[[-55.7572,-22.5656],[-55.7562,-22.5656],[-55.7561,-22.5658],[-55.7572,-22.5658],[-55.7572,-22.5656]]],[[[-55.7567,-22.5128],[-55.7567,-22.5133],[-55.7569,-22.5133],[-55.7569,-22.5128],[-55.7567,-22.5128]]],[[[-55.7575,-22.5638],[-55.7578,-22.5631],[-55.7576,-22.5631],[-55.7575,-22.5635],[-55.7569,-22.5639],[-55.757,-22.5647],[-55.7575,-22.5644],[-55.7575,-22.5638]]],[[[-55.7575,-22.5051],[-55.7573,-22.505],[-55.7572,-22.5052],[-55.7574,-22.5053],[-55.7575,-22.5051]]],[[[-55.7599,-22.5828],[-55.76,-22.5823],[-55.7595,-22.5819],[-55.7592,-22.5823],[-55.7592,-22.5827],[-55.7595,-22.5831],[-55.7599,-22.5828]]],[[[-55.7606,-22.5875],[-55.7613,-22.5875],[-55.7614,-22.587],[-55.7609,-22.5869],[-55.7606,-22.5873],[-55.7606,-22.5875]]],[[[-55.7605,-22.5878],[-55.7601,-22.5881],[-55.7592,-22.5881],[-55.7592,-22.5883],[-55.7602,-22.5883],[-55.7606,-22.588],[-55.7605,-22.5878]]],[[[-55.7597,-22.5437],[-55.7595,-22.5436],[-55.7594,-22.5438],[-55.7597,-22.5439],[-55.7597,-22.5437]]],[[[-55.76,-22.5062],[-55.7598,-22.5061],[-55.7597,-22.5063],[-55.7599,-22.5064],[-55.76,-22.5062]]],[[[-55.7608,-22.5431],[-55.7606,-22.5431],[-55.7606,-22.5433],[-55.7608,-22.5433],[-55.7608,-22.5431]]],[[[-55.7619,-22.4948],[-55.7612,-22.4947],[-55.7611,-22.4949],[-55.7619,-22.495],[-55.7619,-22.4948]]],[[[-55.7617,-22.5138],[-55.7622,-22.5138],[-55.7622,-22.5134],[-55.7619,-22.5131],[-55.7617,-22.5131],[-55.7617,-22.5138]]],[[[-55.7619,-22.5431],[-55.7617,-22.5431],[-55.7617,-22.5433],[-55.7619,-22.5433],[-55.7619,-22.5431]]],[[[-55.7619,-22.5767],[-55.7617,-22.5767],[-55.7617,-22.5769],[-55.7619,-22.5769],[-55.7619,-22.5767]]],[[[-55.7627,-22.5156],[-55.7623,-22.515],[-55.7619,-22.5155],[-55.7627,-22.5156]]],[[[-55.7628,-22.5867],[-55.7628,-22.5872],[-55.7633,-22.5872],[-55.7633,-22.5867],[-55.7628,-22.5867]]],[[[-55.7631,-22.5895],[-55.7628,-22.5894],[-55.7628,-22.5897],[-55.763,-22.5897],[-55.7631,-22.5895]]],[[[-55.7644,-22.5885],[-55.7649,-22.5883],[-55.7654,-22.5878],[-55.7663,-22.5878],[-55.7664,-22.5876],[-55.7661,-22.5872],[-55.7649,-22.5872],[-55.7645,-22.5869],[-55.7642,-22.5873],[-55.7642,-22.5883],[-55.7637,-22.5886],[-55.7628,-22.5886],[-55.7628,-22.5888],[-55.7641,-22.5889],[-55.7644,-22.5885]]],[[[-55.7634,-22.5131],[-55.7634,-22.5133],[-55.7639,-22.5133],[-55.7638,-22.5131],[-55.7634,-22.5131]]],[[[-55.7664,-22.5889],[-55.7662,-22.5889],[-55.7661,-22.5891],[-55.7663,-22.5892],[-55.7664,-22.5889]]],[[[-55.7658,-22.5888],[-55.7658,-22.5886],[-55.7653,-22.5886],[-55.765,-22.5891],[-55.7658,-22.5888]]],[[[-55.7675,-22.588],[-55.7672,-22.5875],[-55.7669,-22.5876],[-55.7673,-22.5881],[-55.7675,-22.588]]],[[[-55.77,-22.5873],[-55.7698,-22.5872],[-55.7697,-22.5874],[-55.7699,-22.5875],[-55.77,-22.5873]]],[[[-55.7717,-22.5759],[-55.7706,-22.5758],[-55.7706,-22.5761],[-55.7716,-22.5761],[-55.7717,-22.5759]]],[[[-55.7719,-22.5794],[-55.7716,-22.5789],[-55.7711,-22.5789],[-55.7717,-22.5794],[-55.7719,-22.5794]]],[[[-55.775,-22.5764],[-55.7748,-22.5764],[-55.7747,-22.5766],[-55.7749,-22.5767],[-55.775,-22.5764]]],[[[-55.7819,-22.5934],[-55.7814,-22.5931],[-55.7814,-22.5936],[-55.7819,-22.5939],[-55.7819,-22.5934]]],[[[-55.7844,-22.5927],[-55.7838,-22.5917],[-55.7836,-22.5917],[-55.7842,-22.5924],[-55.7842,-22.5928],[-55.7844,-22.5927]]],[[[-55.7959,-22.5944],[-55.7964,-22.5941],[-55.7963,-22.5939],[-55.7958,-22.5942],[-55.7959,-22.5944]]],[[[-55.7989,-22.5926],[-55.7987,-22.5925],[-55.7986,-22.5927],[-55.7988,-22.5928],[-55.7989,-22.5926]]],[[[-55.8006,-22.5912],[-55.8003,-22.5911],[-55.8003,-22.5913],[-55.8005,-22.5914],[-55.8006,-22.5912]]],[[[-55.8072,-22.5876],[-55.8066,-22.5872],[-55.8061,-22.5873],[-55.8067,-22.5878],[-55.8072,-22.5878],[-55.8072,-22.5876]]]]}},{"type":"Feature","properties":{"ano":2018},"geometry":{"type":"MultiPolygon","coordinates":[[[[-55.6492,-22.6139],[-55.6489,-22.6139],[-55.6489,-22.6141],[-55.6491,-22.6142],[-55.6492,-22.6139]]],[[[-55.6503,-22.6101],[-55.6501,-22.61],[-55.65,-22.6102],[-55.6502,-22.6103],[-55.6503,-22.6101]]],[[[-55.6539,-22.6087],[-55.6537,-22.6086],[-55.6536,-22.6088],[-55.6538,-22.6089],[-55.6539,-22.6087]]],[[[-55.6558,-22.6064],[-55.6556,-22.6064],[-55.6556,-22.6072],[-55.6558,-22.6072],[-55.6558,-22.6064]]],[[[-55.6653,-22.5984],[-55.6651,-22.5983],[-55.665,-22.5986],[-55.6652,-22.5986],[-55.6653,-22.5984]]],[[[-55.6722,-22.5917],[-55.6717,-22.5917],[-55.6717,-22.5919],[-55.6722,-22.5919],[-55.6722,-22.5917]]],[[[-55.6744,-22.5911],[-55.6744,-22.5916],[-55.6749,-22.5917],[-55.6753,-22.5922],[-55.6758,-22.5922],[-55.6761,-22.5919],[-55.6761,-22.5914],[-55.6753,-22.5912],[-55.6749,-22.5903],[-55.6742,-22.5906],[-55.6742,-22.5911],[-55.6744,-22.5911]]],[[[-55.6758,-22.5908],[-55.6763,-22.5908],[-55.6764,-22.5906],[-55.6759,-22.5903],[-55.6758,-22.5908]]],[[[-55.6797,-22.5659],[-55.6794,-22.5656],[-55.6792,-22.5656],[-55.6795,-22.5661],[-55.6797,-22.5659]]],[[[-55.6803,-22.557],[-55.6801,-22.5569],[-55.6797,-22.5574],[-55.6799,-22.5575],[-55.6803,-22.557]]],[[[-55.6808,-22.5689],[-55.6806,-22.5689],[-55.6806,-22.5691],[-55.6808,-22.5692],[-55.6808,-22.5689]]],[[[-55.6828,-22.5834],[-55.6826,-22.5833],[-55.6825,-22.5836],[-55.6827,-22.5836],[-55.6828,-22.5834]]],[[[-55.6856,-22.5895],[-55.6853,-22.5894],[-55.6853,-22.5897],[-55.6855,-22.5897],[-55.6856,-22.5895]]],[[[-55.6864,-22.5712],[-55.6856,-22.5714],[-55.6856,-22.5719],[-55.6863,-22.5717],[-55.6864,-22.5712]]],[[[-55.6867,-22.5737],[-55.6864,-22.5736],[-55.6864,-22.5738],[-55.6866,-22.5739],[-55.6867,-22.5737]]],[[[-55.69,-22.5912],[-55.6897,-22.5908],[-55.6892,-22.5909],[-55.6898,-22.5917],[-55.69,-22.5916],[-55.69,-22.5912]]],[[[-55.6942,-22.5512],[-55.6936,-22.5508],[-55.6933,-22.5509],[-55.6937,-22.5514],[-55.6941,-22.5514],[-55.6942,-22.5512]]],[[[-55.6961,-22.5522],[-55.6964,-22.5516],[-55.6961,-22.5509],[-55.6956,-22.5508],[-55.6956,-22.5513],[-55.6958,-22.5518],[-55.6956,-22.5522],[-55.6961,-22.5522]]],[[[-55.6972,-22.5762],[-55.6969,-22.5762],[-55.697,-22.5769],[-55.6972,-22.5769],[-55.6972,-22.5762]]],[[[-55.6975,-22.5523],[-55.6973,-22.5522],[-55.6972,-22.5524],[-55.6974,-22.5525],[-55.6975,-22.5523]]],[[[-55.6992,-22.5814],[-55.6987,-22.5814],[-55.6986,-22.5819],[-55.6991,-22.5819],[-55.6992,-22.5814]]],[[[-55.6989,-22.5803],[-55.6994,-22.5808],[-55.7,-22.5802],[-55.6997,-22.5797],[-55.6989,-22.5803]]],[[[-55.7011,-22.5837],[-55.7006,-22.5836],[-55.7006,-22.5838],[-55.7011,-22.5839],[-55.7011,-22.5837]]],[[[-55.7008,-22.5073],[-55.7006,-22.5072],[-55.7006,-22.5074],[-55.7008,-22.5075],[-55.7008,-22.5073]]],[[[-55.7014,-22.5781],[-55.7012,-22.5781],[-55.7011,-22.5783],[-55.7013,-22.5783],[-55.7014,-22.5781]]],[[[-55.7047,-22.5076],[-55.7045,-22.5075],[-55.7044,-22.5077],[-55.7047,-22.5078],[-55.7047,-22.5076]]],[[[-55.7064,-22.5059],[-55.7062,-22.5058],[-55.7061,-22.5061],[-55.7063,-22.5061],[-55.7064,-22.5059]]],[[[-55.7069,-22.5081],[-55.7067,-22.5081],[-55.7067,-22.5083],[-55.7069,-22.5083],[-55.7069,-22.5081]]],[[[-55.7092,-22.5056],[-55.7089,-22.5056],[-55.7089,-22.5058],[-55.7091,-22.5058],[-55.7092,-22.5056]]],[[[-55.7113,-22.59],[-55.7114,-22.5894],[-55.7119,-22.5891],[-55.7119,-22.5889],[-55.7097,-22.5889],[-55.7097,-22.5894],[-55.7101,-22.5894],[-55.7104,-22.5898],[-55.71,-22.5901],[-55.7101,-22.5903],[-55.7108,-22.5903],[-55.7108,-22.59],[-55.7113,-22.59]]],[[[-55.7109,-22.5906],[-55.7106,-22.5909],[-55.7106,-22.5914],[-55.7111,-22.5913],[-55.7111,-22.5906],[-55.7109,-22.5906]]],[[[-55.7103,-22.5031],[-55.7101,-22.5031],[-55.71,-22.5033],[-55.7102,-22.5033],[-55.7103,-22.5031]]],[[[-55.7106,-22.5064],[-55.71,-22.5069],[-55.7105,-22.5069],[-55.7106,-22.5064]]],[[[-55.7106,-22.5006],[-55.7103,-22.5006],[-55.7103,-22.5008],[-55.7105,-22.5008],[-55.7106,-22.5006]]],[[[-55.7106,-22.6089],[-55.7103,-22.6089],[-55.7103,-22.6094],[-55.7106,-22.6094],[-55.7106,-22.6089]]],[[[-55.7111,-22.5073],[-55.7109,-22.5072],[-55.7108,-22.5074],[-55.7111,-22.5075],[-55.7111,-22.5073]]],[[[-55.7114,-22.5867],[-55.7112,-22.5867],[-55.7108,-22.587],[-55.7109,-22.5878],[-55.7117,-22.5877],[-55.7114,-22.5867]]],[[[-55.7117,-22.5162],[-55.7109,-22.5161],[-55.7108,-22.5163],[-55.7116,-22.5164],[-55.7117,-22.5162]]],[[[-55.7126,-22.5869],[-55.7133,-22.5863],[-55.7133,-22.5861],[-55.7129,-22.5861],[-55.7127,-22.5858],[-55.7122,-22.5859],[-55.7126,-22.5864],[-55.7126,-22.5869]]],[[[-55.7122,-22.5856],[-55.7122,-22.5853],[-55.712,-22.5853],[-55.7119,-22.5855],[-55.7122,-22.5856]]],[[[-55.7141,-22.5728],[-55.715,-22.5722],[-55.7149,-22.5719],[-55.7146,-22.5722],[-55.7139,-22.5719],[-55.7137,-22.5722],[-55.7134,-22.5722],[-55.7125,-22.5733],[-55.7127,-22.5733],[-55.7135,-22.5725],[-55.7141,-22.5728]]],[[[-55.7128,-22.5706],[-55.7133,-22.5702],[-55.7133,-22.57],[-55.7128,-22.5703],[-55.7128,-22.5706]]],[[[-55.7131,-22.5753],[-55.7136,-22.5749],[-55.7136,-22.5747],[-55.7131,-22.5751],[-55.7131,-22.5753]]],[[[-55.7133,-22.5853],[-55.7131,-22.5853],[-55.7131,-22.5855],[-55.7133,-22.5856],[-55.7133,-22.5853]]],[[[-55.7139,-22.5858],[-55.7142,-22.586],[-55.7142,-22.5863],[-55.7144,-22.5864],[-55.7144,-22.5856],[-55.7139,-22.5856],[-55.7139,-22.5858]]],[[[-55.7144,-22.5834],[-55.7142,-22.5833],[-55.7142,-22.5836],[-55.7144,-22.5836],[-55.7144,-22.5834]]],[[[-55.7144,-22.5095],[-55.7142,-22.5095],[-55.7142,-22.51],[-55.7144,-22.5099],[-55.7144,-22.5095]]],[[[-55.7147,-22.5817],[-55.7145,-22.5817],[-55.7144,-22.5819],[-55.7147,-22.5819],[-55.7147,-22.5817]]],[[[-55.7154,-22.5803],[-55.715,-22.5801],[-55.7151,-22.5808],[-55.7158,-22.5808],[-55.7161,-22.5805],[-55.7161,-22.5803],[-55.7154,-22.5803]]],[[[-55.7147,-22.5809],[-55.7145,-22.5808],[-55.7144,-22.5811],[-55.7147,-22.5811],[-55.7147,-22.5809]]],[[[-55.7153,-22.567],[-55.7151,-22.5669],[-55.715,-22.5672],[-55.7152,-22.5672],[-55.7153,-22.567]]],[[[-55.7175,-22.5789],[-55.717,-22.5789],[-55.7167,-22.5794],[-55.717,-22.5797],[-55.7174,-22.5797],[-55.7175,-22.5789]]],[[[-55.7169,-22.5214],[-55.7167,-22.5214],[-55.7167,-22.5216],[-55.7169,-22.5217],[-55.7169,-22.5214]]],[[[-55.7172,-22.5856],[-55.717,-22.5856],[-55.7169,-22.5858],[-55.7172,-22.5858],[-55.7172,-22.5856]]],[[[-55.7175,-22.4912],[-55.7173,-22.4911],[-55.7172,-22.4913],[-55.7174,-22.4914],[-55.7175,-22.4912]]],[[[-55.7175,-22.5003],[-55.7173,-22.5003],[-55.7172,-22.5005],[-55.7174,-22.5006],[-55.7175,-22.5003]]],[[[-55.7178,-22.5189],[-55.7176,-22.5189],[-55.7175,-22.5191],[-55.7177,-22.5192],[-55.7178,-22.5189]]],[[[-55.7236,-22.5757],[-55.7242,-22.5749],[-55.7242,-22.5745],[-55.7238,-22.5742],[-55.7234,-22.5743],[-55.7233,-22.5737],[-55.723,-22.5733],[-55.7226,-22.5733],[-55.7222,-22.5737],[-55.7222,-22.5743],[-55.7214,-22.5744],[-55.7208,-22.5751],[-55.7208,-22.5757],[-55.7201,-22.5764],[-55.7192,-22.5764],[-55.7189,-22.5767],[-55.7189,-22.5774],[-55.7186,-22.5776],[-55.7189,-22.5779],[-55.7186,-22.5784],[-55.7189,-22.5794],[-55.7195,-22.58],[-55.7201,-22.5794],[-55.7205,-22.5794],[-55.7208,-22.5791],[-55.7208,-22.5785],[-55.7219,-22.5778],[-55.7222,-22.5774],[-55.7221,-22.577],[-55.7228,-22.5766],[-55.7228,-22.5763],[-55.7232,-22.5758],[-55.7236,-22.5757]],[[-55.721,-22.5769],[-55.721,-22.5761],[-55.7215,-22.5761],[-55.7219,-22.5765],[-55.7218,-22.5769],[-55.721,-22.5769]]],[[[-55.7197,-22.4998],[-55.7195,-22.4997],[-55.7194,-22.4999],[-55.7197,-22.5],[-55.7197,-22.4998]]],[[[-55.72,-22.4873],[-55.7198,-22.4872],[-55.7197,-22.4874],[-55.7199,-22.4875],[-55.72,-22.4873]]],[[[-55.7206,-22.5003],[-55.7203,-22.5003],[-55.7203,-22.5005],[-55.7205,-22.5006],[-55.7206,-22.5003]]],[[[-55.7206,-22.5728],[-55.7203,-22.5728],[-55.7203,-22.573],[-55.7205,-22.5731],[-55.7206,-22.5728]]],[[[-55.7231,-22.4833],[-55.7224,-22.4825],[-55.7219,-22.4826],[-55.7228,-22.4833],[-55.7231,-22.4833]]],[[[-55.7228,-22.4995],[-55.7226,-22.4994],[-55.7225,-22.4997],[-55.7227,-22.4997],[-55.7228,-22.4995]]],[[[-55.7231,-22.4839],[-55.7228,-22.4839],[-55.7228,-22.4841],[-55.723,-22.4842],[-55.7231,-22.4839]]],[[[-55.7239,-22.5778],[-55.7237,-22.5778],[-55.7233,-22.5783],[-55.7236,-22.5783],[-55.7239,-22.5778]]],[[[-55.7239,-22.4938],[-55.7241,-22.4939],[-55.7244,-22.4936],[-55.7244,-22.4931],[-55.7239,-22.4931],[-55.7239,-22.4938]]],[[[-55.7244,-22.4914],[-55.7242,-22.4914],[-55.7242,-22.4916],[-55.7244,-22.4917],[-55.7244,-22.4914]]],[[[-55.7247,-22.4999],[-55.725,-22.5001],[-55.725,-22.5008],[-55.7252,-22.5008],[-55.7253,-22.4995],[-55.7248,-22.4994],[-55.7247,-22.4999]]],[[[-55.7247,-22.5797],[-55.7255,-22.5797],[-55.7258,-22.5794],[-55.7258,-22.5789],[-55.7248,-22.5789],[-55.7247,-22.5797]]],[[[-55.725,-22.5817],[-55.7248,-22.5817],[-55.7247,-22.5819],[-55.7249,-22.5819],[-55.725,-22.5817]]],[[[-55.7253,-22.5278],[-55.7251,-22.5278],[-55.725,-22.528],[-55.7252,-22.5281],[-55.7253,-22.5278]]],[[[-55.7269,-22.5801],[-55.7267,-22.58],[-55.7267,-22.5802],[-55.7269,-22.5803],[-55.7269,-22.5801]]],[[[-55.7264,-22.5803],[-55.7262,-22.5803],[-55.7256,-22.5811],[-55.7258,-22.5811],[-55.7264,-22.5803]]],[[[-55.7258,-22.5698],[-55.7256,-22.5697],[-55.7256,-22.5699],[-55.7258,-22.57],[-55.7258,-22.5698]]],[[[-55.7264,-22.5053],[-55.7259,-22.5053],[-55.7258,-22.5055],[-55.7263,-22.5056],[-55.7264,-22.5053]]],[[[-55.7261,-22.5928],[-55.7267,-22.5922],[-55.7266,-22.5919],[-55.7258,-22.5927],[-55.7261,-22.5928]]],[[[-55.7269,-22.5062],[-55.7262,-22.5061],[-55.7261,-22.5063],[-55.7269,-22.5064],[-55.7269,-22.5062]]],[[[-55.7275,-22.4848],[-55.7273,-22.4847],[-55.7272,-22.4849],[-55.7274,-22.485],[-55.7275,-22.4848]]],[[[-55.7275,-22.5953],[-55.7272,-22.5953],[-55.7273,-22.5958],[-55.7275,-22.5958],[-55.7275,-22.5953]]],[[[-55.7286,-22.5945],[-55.7281,-22.5944],[-55.7281,-22.5949],[-55.7286,-22.595],[-55.7286,-22.5945]]],[[[-55.7289,-22.5934],[-55.7287,-22.5933],[-55.7286,-22.5936],[-55.7288,-22.5936],[-55.7289,-22.5934]]],[[[-55.7292,-22.482],[-55.7289,-22.4819],[-55.7289,-22.4822],[-55.7291,-22.4822],[-55.7292,-22.482]]],[[[-55.7297,-22.5962],[-55.7295,-22.5961],[-55.7294,-22.5963],[-55.7297,-22.5964],[-55.7297,-22.5962]]],[[[-55.73,-22.5948],[-55.7298,-22.5947],[-55.7297,-22.5949],[-55.7299,-22.595],[-55.73,-22.5948]]],[[[-55.7306,-22.5913],[-55.7309,-22.5917],[-55.7311,-22.5916],[-55.7311,-22.5911],[-55.7306,-22.5911],[-55.7306,-22.5913]]],[[[-55.7311,-22.4823],[-55.7309,-22.4822],[-55.7308,-22.4824],[-55.7311,-22.4825],[-55.7311,-22.4823]]],[[[-55.7317,-22.5653],[-55.7309,-22.5653],[-55.7308,-22.5655],[-55.7316,-22.5656],[-55.7317,-22.5653]]],[[[-55.7333,-22.5801],[-55.7328,-22.58],[-55.7328,-22.5802],[-55.7333,-22.5803],[-55.7333,-22.5801]]],[[[-55.7339,-22.5708],[-55.735,-22.5697],[-55.7349,-22.5689],[-55.7342,-22.5689],[-55.7339,-22.5692],[-55.7339,-22.5699],[-55.7336,-22.5701],[-55.7337,-22.5703],[-55.7342,-22.5703],[-55.7339,-22.5708]]],[[[-55.7339,-22.5653],[-55.7337,-22.5653],[-55.7336,-22.5655],[-55.7338,-22.5656],[-55.7339,-22.5653]]],[[[-55.7352,-22.5873],[-55.7345,-22.5869],[-55.7339,-22.5874],[-55.7343,-22.5875],[-55.7348,-22.5881],[-55.7354,-22.5878],[-55.7356,-22.5883],[-55.7358,-22.5883],[-55.7361,-22.5877],[-55.7358,-22.587],[-55.7356,-22.5869],[-55.7352,-22.5873]]],[[[-55.7344,-22.5092],[-55.7342,-22.5092],[-55.7342,-22.5094],[-55.7344,-22.5094],[-55.7344,-22.5092]]],[[[-55.7347,-22.5782],[-55.735,-22.578],[-55.7349,-22.5778],[-55.7342,-22.5784],[-55.7342,-22.5789],[-55.7347,-22.5786],[-55.7347,-22.5782]]],[[[-55.735,-22.5887],[-55.7345,-22.5886],[-55.7344,-22.5888],[-55.7349,-22.5889],[-55.735,-22.5887]]],[[[-55.7369,-22.5459],[-55.7362,-22.5458],[-55.7361,-22.5461],[-55.7369,-22.5461],[-55.7369,-22.5459]]],[[[-55.7367,-22.5703],[-55.7364,-22.5703],[-55.7364,-22.5705],[-55.7366,-22.5706],[-55.7367,-22.5703]]],[[[-55.7372,-22.5692],[-55.7369,-22.5692],[-55.737,-22.5697],[-55.7372,-22.5697],[-55.7372,-22.5692]]],[[[-55.7372,-22.5709],[-55.737,-22.5708],[-55.7369,-22.5711],[-55.7372,-22.5711],[-55.7372,-22.5709]]],[[[-55.7382,-22.585],[-55.7373,-22.585],[-55.7372,-22.5855],[-55.738,-22.5856],[-55.7382,-22.5853],[-55.7386,-22.5853],[-55.7389,-22.5849],[-55.7389,-22.5845],[-55.7387,-22.5844],[-55.7382,-22.585]]],[[[-55.7383,-22.4953],[-55.7378,-22.4953],[-55.7378,-22.4955],[-55.7383,-22.4956],[-55.7383,-22.4953]]],[[[-55.7414,-22.582],[-55.7412,-22.5819],[-55.7411,-22.5822],[-55.7413,-22.5822],[-55.7414,-22.582]]],[[[-55.7444,-22.5928],[-55.7442,-22.5928],[-55.7442,-22.5932],[-55.7437,-22.5936],[-55.7431,-22.5936],[-55.7425,-22.5944],[-55.7428,-22.5947],[-55.7441,-22.5947],[-55.7444,-22.5944],[-55.7444,-22.5928]]],[[[-55.7447,-22.5006],[-55.7442,-22.5006],[-55.7444,-22.501],[-55.7444,-22.5012],[-55.7434,-22.5011],[-55.7433,-22.5016],[-55.7436,-22.5019],[-55.7426,-22.5019],[-55.7425,-22.5027],[-55.7433,-22.5028],[-55.7433,-22.5022],[-55.7436,-22.5021],[-55.7441,-22.5025],[-55.7444,-22.5022],[-55.7444,-22.5015],[-55.7447,-22.5013],[-55.7447,-22.5006]]],[[[-55.7433,-22.5131],[-55.7431,-22.5131],[-55.7431,-22.5133],[-55.7433,-22.5133],[-55.7433,-22.5131]]],[[[-55.7434,-22.5789],[-55.7439,-22.5786],[-55.7438,-22.5781],[-55.7431,-22.5784],[-55.7434,-22.5789]]],[[[-55.7442,-22.4856],[-55.7436,-22.4853],[-55.7433,-22.4853],[-55.7437,-22.4858],[-55.7441,-22.4858],[-55.7442,-22.4856]]],[[[-55.7481,-22.5214],[-55.7474,-22.5214],[-55.7469,-22.5206],[-55.7464,-22.5206],[-55.7464,-22.5208],[-55.7472,-22.5215],[-55.7472,-22.5218],[-55.7467,-22.5219],[-55.7464,-22.5223],[-55.7461,-22.5219],[-55.7453,-22.5219],[-55.7453,-22.5222],[-55.7467,-22.5233],[-55.7474,-22.5233],[-55.7475,-22.5229],[-55.7481,-22.5227],[-55.7477,-22.522],[-55.7481,-22.5219],[-55.7481,-22.5214]]],[[[-55.7472,-22.5092],[-55.7464,-22.5089],[-55.7461,-22.5094],[-55.7464,-22.5097],[-55.7472,-22.5097],[-55.7472,-22.5092]]],[[[-55.7469,-22.4956],[-55.7467,-22.4956],[-55.7467,-22.4958],[-55.7469,-22.4958],[-55.7469,-22.4956]]],[[[-55.7475,-22.5114],[-55.747,-22.5114],[-55.7467,-22.5122],[-55.7472,-22.5122],[-55.7475,-22.5119],[-55.7475,-22.5114]]],[[[-55.7472,-22.5495],[-55.747,-22.5494],[-55.7469,-22.5497],[-55.7472,-22.5497],[-55.7472,-22.5495]]],[[[-55.7481,-22.5526],[-55.7473,-22.5525],[-55.7472,-22.5527],[-55.748,-22.5528],[-55.7481,-22.5526]]],[[[-55.7475,-22.5086],[-55.7477,-22.5086],[-55.7481,-22.5081],[-55.7476,-22.5081],[-55.7475,-22.5086]]],[[[-55.7481,-22.4862],[-55.7478,-22.4861],[-55.7478,-22.4863],[-55.748,-22.4864],[-55.7481,-22.4862]]],[[[-55.7481,-22.5109],[-55.7478,-22.5108],[-55.7478,-22.5111],[-55.748,-22.5111],[-55.7481,-22.5109]]],[[[-55.7483,-22.4934],[-55.7481,-22.4933],[-55.7481,-22.4936],[-55.7483,-22.4936],[-55.7483,-22.4934]]],[[[-55.7492,-22.4956],[-55.7488,-22.4953],[-55.7486,-22.4953],[-55.7489,-22.4958],[-55.7492,-22.4956]]],[[[-55.7492,-22.5462],[-55.7489,-22.5461],[-55.7489,-22.5463],[-55.7491,-22.5464],[-55.7492,-22.5462]]],[[[-55.7494,-22.5473],[-55.7492,-22.5472],[-55.7492,-22.5474],[-55.7494,-22.5475],[-55.7494,-22.5473]]],[[[-55.7494,-22.5128],[-55.7492,-22.5128],[-55.7492,-22.5139],[-55.7494,-22.5138],[-55.7494,-22.5128]]],[[[-55.7497,-22.5045],[-55.7494,-22.5045],[-55.7495,-22.505],[-55.7497,-22.5049],[-55.7497,-22.5045]]],[[[-55.7506,-22.4967],[-55.7503,-22.4967],[-55.7503,-22.4969],[-55.7505,-22.4969],[-55.7506,-22.4967]]],[[[-55.7516,-22.5738],[-55.7522,-22.5742],[-55.7525,-22.5738],[-55.7525,-22.5728],[-55.7523,-22.5728],[-55.7516,-22.5734],[-55.7514,-22.5733],[-55.7514,-22.5726],[-55.7509,-22.5722],[-55.7503,-22.5728],[-55.7503,-22.5733],[-55.7505,-22.5733],[-55.7509,-22.573],[-55.7511,-22.5731],[-55.7511,-22.5738],[-55.7516,-22.5738]]],[[[-55.7544,-22.512],[-55.7541,-22.5117],[-55.7528,-22.5114],[-55.7525,-22.5117],[-55.7525,-22.5121],[-55.7521,-22.5122],[-55.7516,-22.5114],[-55.7514,-22.5115],[-55.7509,-22.5111],[-55.7506,-22.5127],[-55.7509,-22.5131],[-55.7508,-22.5136],[-55.7511,-22.5136],[-55.7514,-22.5131],[-55.7527,-22.5128],[-55.7538,-22.5119],[-55.7542,-22.5122],[-55.7544,-22.512]]],[[[-55.7545,-22.57],[-55.755,-22.5697],[-55.7549,-22.5694],[-55.7544,-22.5695],[-55.7545,-22.57]]],[[[-55.7544,-22.5703],[-55.7535,-22.5711],[-55.7529,-22.5711],[-55.7528,-22.5707],[-55.7533,-22.5702],[-55.7533,-22.5695],[-55.7528,-22.5694],[-55.7524,-22.5697],[-55.752,-22.5694],[-55.7522,-22.5704],[-55.7519,-22.5707],[-55.7514,-22.5706],[-55.7514,-22.5708],[-55.7517,-22.5711],[-55.7526,-22.5711],[-55.7528,-22.5717],[-55.7533,-22.5717],[-55.7538,-22.5711],[-55.7542,-22.5711],[-55.7544,-22.5703]]],[[[-55.7511,-22.5705],[-55.7511,-22.57],[-55.7506,-22.5701],[-55.7509,-22.5706],[-55.7511,-22.5705]]],[[[-55.7514,-22.5053],[-55.7512,-22.5053],[-55.7511,-22.5055],[-55.7513,-22.5056],[-55.7514,-22.5053]]],[[[-55.7522,-22.5148],[-55.7518,-22.5147],[-55.7513,-22.5142],[-55.7511,-22.5142],[-55.7512,-22.515],[-55.7522,-22.515],[-55.7522,-22.5148]]],[[[-55.7522,-22.5748],[-55.7517,-22.5751],[-55.7517,-22.5758],[-55.7522,-22.5758],[-55.7522,-22.5748]]],[[[-55.7525,-22.5162],[-55.7523,-22.5161],[-55.7522,-22.5163],[-55.7524,-22.5164],[-55.7525,-22.5162]]],[[[-55.7525,-22.5509],[-55.7523,-22.5508],[-55.7522,-22.5511],[-55.7524,-22.5511],[-55.7525,-22.5509]]],[[[-55.7556,-22.5095],[-55.7553,-22.5094],[-55.7553,-22.5097],[-55.7555,-22.5097],[-55.7556,-22.5095]]],[[[-55.7552,-22.51],[-55.755,-22.5101],[-55.7551,-22.5103],[-55.7553,-22.5102],[-55.7552,-22.51]]],[[[-55.7549,-22.5106],[-55.7547,-22.5106],[-55.7548,-22.5108],[-55.755,-22.5108],[-55.7549,-22.5106]]],[[[-55.7552,-22.5092],[-55.7552,-22.5086],[-55.7547,-22.5087],[-55.7538,-22.5081],[-55.7522,-22.5081],[-55.7526,-22.5086],[-55.7531,-22.5086],[-55.7534,-22.5092],[-55.7537,-22.5092],[-55.7539,-22.5094],[-55.7542,-22.5094],[-55.7542,-22.5089],[-55.7545,-22.5088],[-55.7548,-22.5092],[-55.7552,-22.5092]]],[[[-55.7544,-22.5095],[-55.7545,-22.5097],[-55.7547,-22.5097],[-55.7547,-22.5094],[-55.7544,-22.5095]]],[[[-55.7528,-22.5098],[-55.7526,-22.5097],[-55.7525,-22.5099],[-55.7527,-22.51],[-55.7528,-22.5098]]],[[[-55.7528,-22.5144],[-55.7533,-22.5141],[-55.7533,-22.5136],[-55.7528,-22.5136],[-55.7525,-22.5139],[-55.7528,-22.5144]]],[[[-55.7528,-22.5814],[-55.7533,-22.5811],[-55.7533,-22.5806],[-55.7528,-22.5812],[-55.7528,-22.5814]]],[[[-55.7536,-22.5539],[-55.7531,-22.5539],[-55.7531,-22.5541],[-55.7536,-22.5542],[-55.7536,-22.5539]]],[[[-55.7539,-22.5106],[-55.7533,-22.5103],[-55.7531,-22.5103],[-55.7534,-22.5108],[-55.7538,-22.5108],[-55.7539,-22.5106]]],[[[-55.7553,-22.5056],[-55.7553,-22.506],[-55.7547,-22.5062],[-55.7544,-22.5061],[-55.7544,-22.5056],[-55.7531,-22.5056],[-55.7531,-22.5058],[-55.7539,-22.5058],[-55.7539,-22.5069],[-55.7545,-22.5063],[-55.7547,-22.5064],[-55.7548,-22.5072],[-55.7557,-22.5067],[-55.7562,-22.5067],[-55.7564,-22.5072],[-55.7569,-22.5072],[-55.7569,-22.5059],[-55.7567,-22.5057],[-55.7567,-22.5053],[-55.7563,-22.505],[-55.7559,-22.505],[-55.7561,-22.5057],[-55.7557,-22.5058],[-55.7553,-22.5056]]],[[[-55.7552,-22.5053],[-55.7553,-22.5051],[-55.7548,-22.5047],[-55.7547,-22.5049],[-55.7552,-22.5053]]],[[[-55.7542,-22.4937],[-55.7537,-22.4933],[-55.7533,-22.4941],[-55.7538,-22.4942],[-55.7542,-22.4937]]],[[[-55.7536,-22.4737],[-55.7534,-22.4736],[-55.7533,-22.4738],[-55.7536,-22.4739],[-55.7536,-22.4737]]],[[[-55.7556,-22.5153],[-55.7549,-22.515],[-55.7543,-22.515],[-55.7541,-22.5147],[-55.7536,-22.5151],[-55.7537,-22.5153],[-55.7546,-22.5153],[-55.7548,-22.5156],[-55.7555,-22.5156],[-55.7556,-22.5153]]],[[[-55.7547,-22.5132],[-55.755,-22.513],[-55.7549,-22.5125],[-55.7546,-22.5128],[-55.7539,-22.5128],[-55.7539,-22.5131],[-55.7544,-22.5132],[-55.7545,-22.5136],[-55.7547,-22.5136],[-55.7547,-22.5132]]],[[[-55.7553,-22.4978],[-55.7545,-22.4978],[-55.7544,-22.498],[-55.7552,-22.4981],[-55.7553,-22.4978]]],[[[-55.755,-22.5664],[-55.7547,-22.5661],[-55.7544,-22.5662],[-55.7548,-22.5667],[-55.755,-22.5664]]],[[[-55.7547,-22.5401],[-55.7545,-22.54],[-55.7544,-22.5402],[-55.7547,-22.5403],[-55.7547,-22.5401]]],[[[-55.7556,-22.5401],[-55.7553,-22.54],[-55.7553,-22.5402],[-55.7555,-22.5403],[-55.7556,-22.5401]]],[[[-55.7558,-22.5437],[-55.7556,-22.5436],[-55.7556,-22.5438],[-55.7558,-22.5439],[-55.7558,-22.5437]]],[[[-55.7564,-22.5509],[-55.7559,-22.5508],[-55.7558,-22.5513],[-55.7563,-22.5514],[-55.7564,-22.5509]]],[[[-55.7569,-22.5664],[-55.7564,-22.5667],[-55.7564,-22.5669],[-55.7569,-22.5669],[-55.7569,-22.5664]]],[[[-55.7561,-22.5666],[-55.7561,-22.5664],[-55.7558,-22.5664],[-55.7559,-22.5667],[-55.7561,-22.5666]]],[[[-55.7564,-22.5089],[-55.7562,-22.5089],[-55.7561,-22.5091],[-55.7563,-22.5092],[-55.7564,-22.5089]]],[[[-55.7569,-22.5623],[-55.7567,-22.5622],[-55.7567,-22.5624],[-55.7569,-22.5625],[-55.7569,-22.5623]]],[[[-55.7578,-22.5051],[-55.7576,-22.505],[-55.7575,-22.5052],[-55.7577,-22.5053],[-55.7578,-22.5051]]],[[[-55.7581,-22.5628],[-55.7576,-22.5628],[-55.7575,-22.563],[-55.758,-22.5631],[-55.7581,-22.5628]]],[[[-55.7583,-22.5079],[-55.7589,-22.5074],[-55.7589,-22.507],[-55.7583,-22.5064],[-55.7578,-22.5064],[-55.7578,-22.5069],[-55.7581,-22.5074],[-55.7578,-22.5076],[-55.7578,-22.508],[-55.7583,-22.5079]]],[[[-55.7586,-22.5826],[-55.7584,-22.5825],[-55.7581,-22.583],[-55.7583,-22.5831],[-55.7586,-22.5826]]],[[[-55.7592,-22.5878],[-55.7589,-22.5878],[-55.7589,-22.588],[-55.7591,-22.5881],[-55.7592,-22.5878]]],[[[-55.7592,-22.5872],[-55.76,-22.5866],[-55.7599,-22.5864],[-55.7589,-22.5867],[-55.7592,-22.5872]]],[[[-55.7597,-22.585],[-55.76,-22.5842],[-55.7597,-22.5839],[-55.7589,-22.5839],[-55.7589,-22.5844],[-55.7593,-22.5845],[-55.7592,-22.585],[-55.7597,-22.585]]],[[[-55.7597,-22.5831],[-55.7595,-22.5831],[-55.7594,-22.5833],[-55.7597,-22.5833],[-55.7597,-22.5831]]],[[[-55.76,-22.5692],[-55.7598,-22.5692],[-55.7597,-22.5694],[-55.7599,-22.5694],[-55.76,-22.5692]]],[[[-55.76,-22.5806],[-55.7598,-22.5806],[-55.7597,-22.5808],[-55.7599,-22.5808],[-55.76,-22.5806]]],[[[-55.7606,-22.5703],[-55.7603,-22.5703],[-55.7603,-22.5705],[-55.7605,-22.5706],[-55.7606,-22.5703]]],[[[-55.76,-22.5702],[-55.7599,-22.57],[-55.7597,-22.5701],[-55.7598,-22.5703],[-55.76,-22.5702]]],[[[-55.7603,-22.5838],[-55.7608,-22.5839],[-55.7614,-22.5833],[-55.7613,-22.5825],[-55.7608,-22.5828],[-55.7608,-22.5832],[-55.7603,-22.5838]]],[[[-55.7611,-22.5431],[-55.7609,-22.5431],[-55.7608,-22.5433],[-55.7611,-22.5433],[-55.7611,-22.5431]]],[[[-55.7611,-22.5873],[-55.7609,-22.5872],[-55.7608,-22.5874],[-55.7611,-22.5875],[-55.7611,-22.5873]]],[[[-55.7614,-22.5869],[-55.7633,-22.5867],[-55.7633,-22.5864],[-55.763,-22.5861],[-55.762,-22.5861],[-55.7614,-22.5869]]],[[[-55.7614,-22.5863],[-55.7613,-22.5858],[-55.7608,-22.5859],[-55.7609,-22.5864],[-55.7614,-22.5863]]],[[[-55.7614,-22.5492],[-55.7612,-22.5492],[-55.7611,-22.5494],[-55.7613,-22.5494],[-55.7614,-22.5492]]],[[[-55.7611,-22.5852],[-55.7622,-22.585],[-55.7622,-22.5848],[-55.7612,-22.5847],[-55.7611,-22.5852]]],[[[-55.7617,-22.5531],[-55.7622,-22.5527],[-55.7622,-22.5525],[-55.7617,-22.5528],[-55.7617,-22.5531]]],[[[-55.7622,-22.4951],[-55.762,-22.495],[-55.7619,-22.4952],[-55.7622,-22.4953],[-55.7622,-22.4951]]],[[[-55.7625,-22.5481],[-55.7619,-22.5486],[-55.7624,-22.5486],[-55.7625,-22.5481]]],[[[-55.7633,-22.5131],[-55.7631,-22.5131],[-55.7631,-22.5133],[-55.7633,-22.5133],[-55.7633,-22.5131]]],[[[-55.7636,-22.5148],[-55.7634,-22.5147],[-55.7633,-22.5149],[-55.7636,-22.515],[-55.7636,-22.5148]]],[[[-55.765,-22.5903],[-55.7642,-22.5903],[-55.7642,-22.5905],[-55.7649,-22.5906],[-55.765,-22.5903]]],[[[-55.765,-22.5134],[-55.7645,-22.5133],[-55.7644,-22.5136],[-55.7649,-22.5136],[-55.765,-22.5134]]],[[[-55.7667,-22.5889],[-55.7675,-22.5886],[-55.7675,-22.5881],[-55.7669,-22.5875],[-55.7664,-22.5875],[-55.7661,-22.5878],[-55.7661,-22.5885],[-55.7657,-22.5889],[-55.7653,-22.5889],[-55.7653,-22.5894],[-55.7661,-22.5894],[-55.7663,-22.5886],[-55.7667,-22.5889]]],[[[-55.7686,-22.5823],[-55.7684,-22.5822],[-55.7683,-22.5824],[-55.7686,-22.5825],[-55.7686,-22.5823]]],[[[-55.7683,-22.5828],[-55.7681,-22.5828],[-55.7681,-22.5831],[-55.7683,-22.583],[-55.7683,-22.5828]]],[[[-55.768,-22.5833],[-55.7675,-22.5837],[-55.7676,-22.5839],[-55.7681,-22.5836],[-55.768,-22.5833]]],[[[-55.7707,-22.5817],[-55.7705,-22.5814],[-55.7703,-22.5814],[-55.7706,-22.5819],[-55.7711,-22.5819],[-55.7711,-22.5817],[-55.7707,-22.5817]]],[[[-55.7717,-22.5802],[-55.7727,-22.5803],[-55.7731,-22.5798],[-55.7724,-22.5797],[-55.7714,-22.5792],[-55.7711,-22.5797],[-55.7717,-22.5802]]],[[[-55.7819,-22.592],[-55.7814,-22.5919],[-55.7814,-22.5922],[-55.7819,-22.5922],[-55.7819,-22.592]]],[[[-55.7847,-22.5939],[-55.7845,-22.5939],[-55.7844,-22.5941],[-55.7847,-22.5942],[-55.7847,-22.5939]]],[[[-55.7952,-22.5958],[-55.7953,-22.5956],[-55.7949,-22.5953],[-55.795,-22.5951],[-55.7948,-22.595],[-55.7947,-22.5956],[-55.7944,-22.5958],[-55.7952,-22.5958]]],[[[-55.7961,-22.5939],[-55.7959,-22.5939],[-55.7958,-22.5941],[-55.7961,-22.5942],[-55.7961,-22.5939]]],[[[-55.8064,-22.5876],[-55.8062,-22.5875],[-55.8061,-22.5877],[-55.8063,-22.5878],[-55.8064,-22.5876]]],[[[-55.8061,-22.5872],[-55.8061,-22.5867],[-55.8059,-22.5867],[-55.8058,-22.5872],[-55.8061,-22.5872]]]]}},{"type":"Feature","properties":{"ano":2019},"geometry":{"type":"MultiPolygon","coordinates":[[[[-55.6497,-22.6127],[-55.6494,-22.6122],[-55.6492,-22.6123],[-55.6495,-22.6128],[-55.6497,-22.6127]]],[[[-55.6506,-22.6098],[-55.6503,-22.6097],[-55.6503,-22.6099],[-55.6505,-22.61],[-55.6506,-22.6098]]],[[[-55.6503,-22.6111],[-55.6508,-22.6108],[-55.6508,-22.6106],[-55.6503,-22.6109],[-55.6503,-22.6111]]],[[[-55.6531,-22.6092],[-55.6528,-22.6092],[-55.6528,-22.6094],[-55.653,-22.6094],[-55.6531,-22.6092]]],[[[-55.6525,-22.6095],[-55.6523,-22.6094],[-55.6519,-22.6099],[-55.6522,-22.61],[-55.6525,-22.6095]]],[[[-55.6528,-22.6084],[-55.6526,-22.6083],[-55.6522,-22.6088],[-55.6524,-22.6089],[-55.6528,-22.6084]]],[[[-55.655,-22.6081],[-55.6548,-22.6081],[-55.6547,-22.6083],[-55.6549,-22.6083],[-55.655,-22.6081]]],[[[-55.6544,-22.6084],[-55.6542,-22.6083],[-55.6539,-22.6088],[-55.6541,-22.6089],[-55.6544,-22.6084]]],[[[-55.6747,-22.5917],[-55.6747,-22.5912],[-55.6741,-22.5908],[-55.6736,-22.5912],[-55.6739,-22.5919],[-55.6745,-22.5922],[-55.675,-22.5919],[-55.6747,-22.5917]]],[[[-55.6758,-22.5767],[-55.6756,-22.5767],[-55.6756,-22.5769],[-55.6758,-22.5769],[-55.6758,-22.5767]]],[[[-55.6761,-22.592],[-55.6759,-22.5919],[-55.6758,-22.5922],[-55.6761,-22.5922],[-55.6761,-22.592]]],[[[-55.6794,-22.5661],[-55.6791,-22.5653],[-55.6786,-22.5653],[-55.6787,-22.5658],[-55.6794,-22.5661]]],[[[-55.68,-22.5678],[-55.6797,-22.5678],[-55.6797,-22.5683],[-55.679,-22.5689],[-55.6786,-22.5689],[-55.6786,-22.5694],[-55.6792,-22.5696],[-55.6789,-22.5708],[-55.6799,-22.5706],[-55.68,-22.5701],[-55.6808,-22.5694],[-55.6803,-22.5687],[-55.6803,-22.5684],[-55.68,-22.5683],[-55.68,-22.5678]]],[[[-55.6817,-22.5776],[-55.6814,-22.5775],[-55.6814,-22.5777],[-55.6816,-22.5778],[-55.6817,-22.5776]]],[[[-55.6811,-22.5774],[-55.6808,-22.5769],[-55.6803,-22.577],[-55.6803,-22.5772],[-55.6811,-22.5774]]],[[[-55.6817,-22.557],[-55.6814,-22.5569],[-55.6814,-22.5572],[-55.6816,-22.5572],[-55.6817,-22.557]]],[[[-55.685,-22.5889],[-55.6845,-22.5889],[-55.6844,-22.5891],[-55.6848,-22.5894],[-55.6852,-22.5894],[-55.685,-22.5889]]],[[[-55.6853,-22.5692],[-55.6851,-22.5692],[-55.685,-22.5694],[-55.6852,-22.5694],[-55.6853,-22.5692]]],[[[-55.6855,-22.6036],[-55.6856,-22.6028],[-55.6853,-22.6028],[-55.6853,-22.6036],[-55.6855,-22.6036]]],[[[-55.6861,-22.5845],[-55.6859,-22.5844],[-55.6858,-22.5847],[-55.6861,-22.5847],[-55.6861,-22.5845]]],[[[-55.687,-22.57],[-55.6867,-22.5703],[-55.6864,-22.5711],[-55.6869,-22.5711],[-55.6869,-22.5707],[-55.6874,-22.5706],[-55.6878,-22.5701],[-55.6872,-22.5694],[-55.6864,-22.5695],[-55.687,-22.57]]],[[[-55.6861,-22.5712],[-55.6859,-22.5711],[-55.6858,-22.5713],[-55.6861,-22.5714],[-55.6861,-22.5712]]],[[[-55.695,-22.5517],[-55.6943,-22.5517],[-55.6941,-22.5514],[-55.6939,-22.5514],[-55.6942,-22.5519],[-55.6949,-22.5519],[-55.695,-22.5517]]],[[[-55.6967,-22.552],[-55.6964,-22.5519],[-55.6964,-22.5522],[-55.6966,-22.5522],[-55.6967,-22.552]]],[[[-55.6978,-22.5526],[-55.6976,-22.5525],[-55.6975,-22.5527],[-55.6977,-22.5528],[-55.6978,-22.5526]]],[[[-55.7003,-22.5798],[-55.6997,-22.5795],[-55.6997,-22.5799],[-55.7002,-22.5803],[-55.7003,-22.5798]]],[[[-55.7017,-22.5837],[-55.7014,-22.5836],[-55.7014,-22.5838],[-55.7016,-22.5839],[-55.7017,-22.5837]]],[[[-55.7031,-22.5412],[-55.7028,-22.5411],[-55.7028,-22.5413],[-55.703,-22.5414],[-55.7031,-22.5412]]],[[[-55.7056,-22.5078],[-55.7053,-22.5078],[-55.7053,-22.508],[-55.7055,-22.5081],[-55.7056,-22.5078]]],[[[-55.705,-22.5077],[-55.7049,-22.5075],[-55.7047,-22.5076],[-55.7048,-22.5078],[-55.705,-22.5077]]],[[[-55.7067,-22.5031],[-55.7064,-22.5031],[-55.7064,-22.5033],[-55.7066,-22.5033],[-55.7067,-22.5031]]],[[[-55.7067,-22.5751],[-55.7064,-22.575],[-55.7064,-22.5752],[-55.7066,-22.5753],[-55.7067,-22.5751]]],[[[-55.7069,-22.5517],[-55.7067,-22.5517],[-55.7067,-22.5519],[-55.7069,-22.5519],[-55.7069,-22.5517]]],[[[-55.7072,-22.5081],[-55.707,-22.5081],[-55.7069,-22.5083],[-55.7072,-22.5083],[-55.7072,-22.5081]]],[[[-55.7083,-22.5456],[-55.7078,-22.5456],[-55.7077,-22.545],[-55.7072,-22.5451],[-55.7075,-22.5453],[-55.7076,-22.5458],[-55.7083,-22.5458],[-55.7083,-22.5456]]],[[[-55.7106,-22.507],[-55.71,-22.507],[-55.7101,-22.5078],[-55.7111,-22.5077],[-55.7106,-22.507]]],[[[-55.7117,-22.5895],[-55.7114,-22.5894],[-55.7114,-22.5897],[-55.7116,-22.5897],[-55.7117,-22.5895]]],[[[-55.7119,-22.5887],[-55.7117,-22.5886],[-55.7117,-22.5888],[-55.7119,-22.5889],[-55.7119,-22.5887]]],[[[-55.712,-22.5694],[-55.7131,-22.5688],[-55.713,-22.5686],[-55.7126,-22.5686],[-55.7125,-22.569],[-55.7119,-22.5692],[-55.712,-22.5694]]],[[[-55.713,-22.5881],[-55.713,-22.5878],[-55.7125,-22.5878],[-55.7126,-22.5881],[-55.713,-22.5881]]],[[[-55.7122,-22.5877],[-55.7122,-22.5873],[-55.712,-22.5872],[-55.7119,-22.5877],[-55.7122,-22.5877]]],[[[-55.7125,-22.5095],[-55.7123,-22.5094],[-55.7122,-22.5097],[-55.7124,-22.5097],[-55.7125,-22.5095]]],[[[-55.7125,-22.5767],[-55.7123,-22.5767],[-55.7122,-22.5769],[-55.7124,-22.5769],[-55.7125,-22.5767]]],[[[-55.7131,-22.5634],[-55.7128,-22.5633],[-55.7128,-22.5636],[-55.713,-22.5636],[-55.7131,-22.5634]]],[[[-55.7133,-22.5703],[-55.7131,-22.5703],[-55.7128,-22.5708],[-55.713,-22.5708],[-55.7133,-22.5703]]],[[[-55.7136,-22.5858],[-55.7136,-22.5851],[-55.7131,-22.585],[-55.7131,-22.5852],[-55.7135,-22.5854],[-55.7133,-22.5858],[-55.7136,-22.5858]]],[[[-55.7131,-22.5859],[-55.7128,-22.5858],[-55.7128,-22.5861],[-55.713,-22.5861],[-55.7131,-22.5859]]],[[[-55.7141,-22.51],[-55.7141,-22.5097],[-55.7136,-22.5098],[-55.7137,-22.51],[-55.7141,-22.51]]],[[[-55.7142,-22.5212],[-55.7139,-22.5211],[-55.7139,-22.5213],[-55.7141,-22.5214],[-55.7142,-22.5212]]],[[[-55.7142,-22.5826],[-55.7139,-22.5825],[-55.7139,-22.5827],[-55.7141,-22.5828],[-55.7142,-22.5826]]],[[[-55.7141,-22.5869],[-55.7147,-22.5863],[-55.7147,-22.5861],[-55.7139,-22.5869],[-55.7141,-22.5869]]],[[[-55.7147,-22.5717],[-55.7142,-22.5717],[-55.7142,-22.5722],[-55.7147,-22.5722],[-55.7147,-22.5717]]],[[[-55.7144,-22.5817],[-55.7142,-22.5817],[-55.7142,-22.5819],[-55.7144,-22.5819],[-55.7144,-22.5817]]],[[[-55.7156,-22.5512],[-55.7151,-22.5511],[-55.715,-22.5513],[-55.7155,-22.5514],[-55.7156,-22.5512]]],[[[-55.7153,-22.4895],[-55.7151,-22.4894],[-55.715,-22.4897],[-55.7152,-22.4897],[-55.7153,-22.4895]]],[[[-55.7161,-22.5726],[-55.7156,-22.5725],[-55.7156,-22.5727],[-55.7161,-22.5728],[-55.7161,-22.5726]]],[[[-55.7167,-22.5003],[-55.7164,-22.5003],[-55.7164,-22.5005],[-55.7166,-22.5006],[-55.7167,-22.5003]]],[[[-55.7161,-22.5006],[-55.7159,-22.5006],[-55.7158,-22.5008],[-55.7161,-22.5008],[-55.7161,-22.5006]]],[[[-55.7167,-22.517],[-55.7164,-22.5169],[-55.7164,-22.5172],[-55.7166,-22.5172],[-55.7167,-22.517]]],[[[-55.7167,-22.5212],[-55.7164,-22.5211],[-55.7164,-22.5213],[-55.7166,-22.5214],[-55.7167,-22.5212]]],[[[-55.7169,-22.5717],[-55.7167,-22.5717],[-55.7167,-22.5719],[-55.7169,-22.5719],[-55.7169,-22.5717]]],[[[-55.7172,-22.5268],[-55.7169,-22.527],[-55.717,-22.5275],[-55.7175,-22.5274],[-55.7174,-22.5264],[-55.7172,-22.5264],[-55.7172,-22.5268]]],[[[-55.7175,-22.5112],[-55.7173,-22.5111],[-55.7172,-22.5113],[-55.7174,-22.5114],[-55.7175,-22.5112]]],[[[-55.7178,-22.5192],[-55.7176,-22.5192],[-55.7175,-22.5194],[-55.7177,-22.5194],[-55.7178,-22.5192]]],[[[-55.7183,-22.4876],[-55.718,-22.4869],[-55.7175,-22.487],[-55.7181,-22.4883],[-55.7183,-22.4883],[-55.7183,-22.4876]]],[[[-55.7183,-22.4998],[-55.7176,-22.4997],[-55.7175,-22.4999],[-55.7183,-22.5],[-55.7183,-22.4998]]],[[[-55.7189,-22.5748],[-55.7184,-22.5747],[-55.7183,-22.5752],[-55.7188,-22.5753],[-55.7189,-22.5748]]],[[[-55.7194,-22.487],[-55.7189,-22.4869],[-55.7189,-22.4872],[-55.7194,-22.4872],[-55.7194,-22.487]]],[[[-55.7208,-22.5003],[-55.7206,-22.5003],[-55.7206,-22.5005],[-55.7208,-22.5006],[-55.7208,-22.5003]]],[[[-55.7217,-22.4848],[-55.7211,-22.4843],[-55.7208,-22.4834],[-55.7206,-22.4833],[-55.7206,-22.4838],[-55.7208,-22.484],[-55.7208,-22.4844],[-55.7214,-22.485],[-55.7217,-22.4848]]],[[[-55.7211,-22.5156],[-55.7209,-22.5156],[-55.7208,-22.5158],[-55.7211,-22.5158],[-55.7211,-22.5156]]],[[[-55.7211,-22.572],[-55.7208,-22.572],[-55.7209,-22.5725],[-55.7211,-22.5724],[-55.7211,-22.572]]],[[[-55.7214,-22.5892],[-55.7211,-22.5889],[-55.7208,-22.5889],[-55.7212,-22.5894],[-55.7214,-22.5892]]],[[[-55.7217,-22.5398],[-55.7212,-22.5397],[-55.7211,-22.5399],[-55.7216,-22.54],[-55.7217,-22.5398]]],[[[-55.7239,-22.5318],[-55.7243,-22.5311],[-55.7252,-22.5308],[-55.7253,-22.5306],[-55.7232,-22.5306],[-55.7226,-22.53],[-55.7228,-22.5313],[-55.7234,-22.5319],[-55.7239,-22.5318]]],[[[-55.7228,-22.4992],[-55.7226,-22.4992],[-55.7225,-22.4994],[-55.7227,-22.4994],[-55.7228,-22.4992]]],[[[-55.7231,-22.4837],[-55.7228,-22.4836],[-55.7228,-22.4838],[-55.723,-22.4839],[-55.7231,-22.4837]]],[[[-55.7242,-22.4903],[-55.7239,-22.4903],[-55.7239,-22.4905],[-55.7241,-22.4906],[-55.7242,-22.4903]]],[[[-55.7247,-22.4937],[-55.7242,-22.4936],[-55.7242,-22.4938],[-55.7247,-22.4939],[-55.7247,-22.4937]]],[[[-55.7256,-22.4842],[-55.7248,-22.4842],[-55.7247,-22.4844],[-55.7255,-22.4844],[-55.7256,-22.4842]]],[[[-55.7256,-22.5698],[-55.7253,-22.5698],[-55.7253,-22.5706],[-55.7258,-22.5702],[-55.7256,-22.5698]]],[[[-55.7264,-22.4851],[-55.7259,-22.485],[-55.7258,-22.4852],[-55.7263,-22.4853],[-55.7264,-22.4851]]],[[[-55.7269,-22.562],[-55.7267,-22.5619],[-55.7267,-22.5622],[-55.7269,-22.5622],[-55.7269,-22.562]]],[[[-55.7269,-22.5917],[-55.7267,-22.5917],[-55.7267,-22.5919],[-55.7269,-22.5919],[-55.7269,-22.5917]]],[[[-55.7272,-22.4848],[-55.727,-22.4847],[-55.7269,-22.4849],[-55.7272,-22.485],[-55.7272,-22.4848]]],[[[-55.7275,-22.5062],[-55.7273,-22.5061],[-55.7272,-22.5063],[-55.7274,-22.5064],[-55.7275,-22.5062]]],[[[-55.7283,-22.567],[-55.7281,-22.5669],[-55.7281,-22.5672],[-55.7283,-22.5672],[-55.7283,-22.567]]],[[[-55.73,-22.5962],[-55.7298,-22.5961],[-55.7294,-22.5966],[-55.7297,-22.5967],[-55.73,-22.5962]]],[[[-55.7297,-22.5653],[-55.7295,-22.5653],[-55.7294,-22.5655],[-55.7297,-22.5656],[-55.7297,-22.5653]]],[[[-55.73,-22.5639],[-55.7298,-22.5639],[-55.7297,-22.5641],[-55.7299,-22.5642],[-55.73,-22.5639]]],[[[-55.73,-22.5945],[-55.7298,-22.5944],[-55.7297,-22.5947],[-55.7299,-22.5947],[-55.73,-22.5945]]],[[[-55.7314,-22.482],[-55.7312,-22.4819],[-55.7311,-22.4822],[-55.7313,-22.4822],[-55.7314,-22.482]]],[[[-55.7308,-22.4819],[-55.7303,-22.4814],[-55.73,-22.4817],[-55.73,-22.4824],[-55.7302,-22.4825],[-55.7308,-22.4819]]],[[[-55.7308,-22.5652],[-55.7305,-22.5647],[-55.7303,-22.5648],[-55.7306,-22.5653],[-55.7308,-22.5652]]],[[[-55.7314,-22.5439],[-55.7312,-22.5439],[-55.7311,-22.5441],[-55.7313,-22.5442],[-55.7314,-22.5439]]],[[[-55.733,-22.5533],[-55.733,-22.5531],[-55.7325,-22.5531],[-55.7326,-22.5533],[-55.733,-22.5533]]],[[[-55.734,-22.57],[-55.7337,-22.5697],[-55.7332,-22.5703],[-55.7328,-22.5703],[-55.7328,-22.5711],[-55.7333,-22.5711],[-55.7335,-22.5708],[-55.7338,-22.5708],[-55.7342,-22.5705],[-55.734,-22.57]]],[[[-55.7333,-22.4995],[-55.7331,-22.4994],[-55.7331,-22.4997],[-55.7333,-22.4997],[-55.7333,-22.4995]]],[[[-55.7339,-22.5431],[-55.7337,-22.5431],[-55.7336,-22.5433],[-55.7338,-22.5433],[-55.7339,-22.5431]]],[[[-55.7337,-22.5875],[-55.7347,-22.5867],[-55.7341,-22.5864],[-55.7336,-22.5867],[-55.7337,-22.5875]]],[[[-55.735,-22.5687],[-55.7348,-22.5686],[-55.7347,-22.5688],[-55.7349,-22.5689],[-55.735,-22.5687]]],[[[-55.7358,-22.5862],[-55.7356,-22.5861],[-55.7356,-22.5863],[-55.7358,-22.5864],[-55.7358,-22.5862]]],[[[-55.7358,-22.5674],[-55.7365,-22.5675],[-55.7369,-22.5678],[-55.7372,-22.5672],[-55.7372,-22.5662],[-55.7365,-22.5664],[-55.7362,-22.5661],[-55.7358,-22.5664],[-55.7358,-22.5674]]],[[[-55.7361,-22.587],[-55.7358,-22.587],[-55.7359,-22.5875],[-55.7361,-22.5874],[-55.7361,-22.587]]],[[[-55.7364,-22.5084],[-55.7362,-22.5083],[-55.7361,-22.5086],[-55.7363,-22.5086],[-55.7364,-22.5084]]],[[[-55.7369,-22.5126],[-55.7367,-22.5125],[-55.7367,-22.5127],[-55.7369,-22.5128],[-55.7369,-22.5126]]],[[[-55.7372,-22.5861],[-55.738,-22.5861],[-55.7381,-22.5859],[-55.7377,-22.5856],[-55.7373,-22.5856],[-55.7372,-22.5861]]],[[[-55.7381,-22.5703],[-55.7378,-22.5703],[-55.7378,-22.5705],[-55.738,-22.5706],[-55.7381,-22.5703]]],[[[-55.7394,-22.5148],[-55.7392,-22.5148],[-55.7392,-22.5153],[-55.7394,-22.5152],[-55.7394,-22.5148]]],[[[-55.7411,-22.5758],[-55.7411,-22.5751],[-55.7409,-22.575],[-55.7408,-22.5758],[-55.7411,-22.5758]]],[[[-55.7414,-22.4989],[-55.7412,-22.4989],[-55.7411,-22.4991],[-55.7413,-22.4992],[-55.7414,-22.4989]]],[[[-55.7428,-22.4987],[-55.7426,-22.4986],[-55.7425,-22.4988],[-55.7427,-22.4989],[-55.7428,-22.4987]]],[[[-55.7439,-22.5131],[-55.7434,-22.5131],[-55.7431,-22.5136],[-55.7436,-22.5136],[-55.7439,-22.5131]]],[[[-55.7444,-22.5939],[-55.7442,-22.5939],[-55.7442,-22.5941],[-55.7444,-22.5942],[-55.7444,-22.5939]]],[[[-55.7447,-22.4853],[-55.7445,-22.4853],[-55.7444,-22.4855],[-55.7447,-22.4856],[-55.7447,-22.4853]]],[[[-55.7456,-22.492],[-55.7453,-22.4919],[-55.7453,-22.4922],[-55.7455,-22.4922],[-55.7456,-22.492]]],[[[-55.7467,-22.5209],[-55.7461,-22.5209],[-55.7462,-22.5222],[-55.7467,-22.5222],[-55.7467,-22.5215],[-55.7469,-22.5213],[-55.7467,-22.5209]]],[[[-55.7478,-22.5109],[-55.7473,-22.5108],[-55.7472,-22.5113],[-55.7477,-22.5114],[-55.7478,-22.5109]]],[[[-55.7469,-22.5114],[-55.7467,-22.5114],[-55.7464,-22.5119],[-55.7469,-22.5119],[-55.7469,-22.5114]]],[[[-55.7475,-22.4862],[-55.7472,-22.4858],[-55.7469,-22.4859],[-55.7473,-22.4864],[-55.7475,-22.4862]]],[[[-55.7475,-22.5495],[-55.7473,-22.5494],[-55.7472,-22.5497],[-55.7474,-22.5497],[-55.7475,-22.5495]]],[[[-55.7476,-22.5233],[-55.7481,-22.523],[-55.748,-22.5228],[-55.7475,-22.5231],[-55.7476,-22.5233]]],[[[-55.7478,-22.4909],[-55.7475,-22.4909],[-55.7476,-22.4914],[-55.7478,-22.4913],[-55.7478,-22.4909]]],[[[-55.7481,-22.4889],[-55.7478,-22.4889],[-55.7478,-22.4897],[-55.7481,-22.4897],[-55.7481,-22.4889]]],[[[-55.7477,-22.4886],[-55.7478,-22.4878],[-55.7476,-22.4878],[-55.7475,-22.4886],[-55.7477,-22.4886]]],[[[-55.7489,-22.5762],[-55.7487,-22.5761],[-55.7486,-22.5763],[-55.7488,-22.5764],[-55.7489,-22.5762]]],[[[-55.7511,-22.5514],[-55.7506,-22.5514],[-55.7506,-22.5516],[-55.7511,-22.5517],[-55.7511,-22.5514]]],[[[-55.7505,-22.5511],[-55.7508,-22.5508],[-55.7508,-22.5503],[-55.7496,-22.5506],[-55.7488,-22.5497],[-55.7486,-22.5498],[-55.7486,-22.5505],[-55.7492,-22.5511],[-55.7497,-22.5511],[-55.7499,-22.5508],[-55.7505,-22.5511]]],[[[-55.7489,-22.5145],[-55.7487,-22.5144],[-55.7486,-22.5147],[-55.7488,-22.5147],[-55.7489,-22.5145]]],[[[-55.7497,-22.5142],[-55.7495,-22.5142],[-55.7494,-22.5144],[-55.7497,-22.5144],[-55.7497,-22.5142]]],[[[-55.7499,-22.5133],[-55.75,-22.5126],[-55.7498,-22.5125],[-55.7494,-22.5128],[-55.7494,-22.5133],[-55.7499,-22.5133]]],[[[-55.7503,-22.5776],[-55.7499,-22.5772],[-55.7497,-22.5773],[-55.7501,-22.5781],[-55.7503,-22.578],[-55.7503,-22.5776]]],[[[-55.7506,-22.5523],[-55.7503,-22.5522],[-55.7503,-22.5524],[-55.7505,-22.5525],[-55.7506,-22.5523]]],[[[-55.7511,-22.5728],[-55.7509,-22.5728],[-55.7506,-22.5731],[-55.7506,-22.5736],[-55.7509,-22.5739],[-55.7511,-22.5738],[-55.7511,-22.5728]]],[[[-55.7509,-22.4792],[-55.7514,-22.4788],[-55.7513,-22.4786],[-55.7508,-22.4789],[-55.7509,-22.4792]]],[[[-55.7511,-22.5131],[-55.7509,-22.5131],[-55.7508,-22.5133],[-55.7511,-22.5133],[-55.7511,-22.5131]]],[[[-55.7513,-22.5622],[-55.7514,-22.562],[-55.7512,-22.5619],[-55.7511,-22.5622],[-55.7513,-22.5622]]],[[[-55.7514,-22.4737],[-55.7512,-22.4736],[-55.7511,-22.4738],[-55.7513,-22.4739],[-55.7514,-22.4737]]],[[[-55.7522,-22.5705],[-55.7522,-22.5698],[-55.7519,-22.5694],[-55.7511,-22.5701],[-55.7517,-22.5708],[-55.7522,-22.5705]]],[[[-55.7519,-22.5514],[-55.7517,-22.5514],[-55.7517,-22.5516],[-55.7519,-22.5517],[-55.7519,-22.5514]]],[[[-55.7525,-22.5194],[-55.7519,-22.5186],[-55.7517,-22.5187],[-55.7523,-22.5194],[-55.7525,-22.5194]]],[[[-55.7522,-22.4737],[-55.752,-22.4736],[-55.7519,-22.4738],[-55.7522,-22.4739],[-55.7522,-22.4737]]],[[[-55.7528,-22.5136],[-55.7536,-22.5136],[-55.7533,-22.5125],[-55.7526,-22.5128],[-55.7522,-22.5134],[-55.7523,-22.5139],[-55.7527,-22.5139],[-55.7528,-22.5136]]],[[[-55.7533,-22.4808],[-55.753,-22.48],[-55.7528,-22.4801],[-55.7531,-22.4808],[-55.7533,-22.4808]]],[[[-55.7533,-22.5095],[-55.7529,-22.5094],[-55.7531,-22.5089],[-55.7528,-22.5089],[-55.7528,-22.5099],[-55.7533,-22.51],[-55.7533,-22.5095]]],[[[-55.7539,-22.4741],[-55.7544,-22.4741],[-55.7544,-22.4733],[-55.7531,-22.4731],[-55.7528,-22.4734],[-55.7528,-22.4736],[-55.7535,-22.4736],[-55.7539,-22.4741]]],[[[-55.7533,-22.562],[-55.7531,-22.5619],[-55.7531,-22.5622],[-55.7533,-22.5622],[-55.7533,-22.562]]],[[[-55.7541,-22.5772],[-55.7547,-22.5766],[-55.7547,-22.5764],[-55.7534,-22.5767],[-55.7533,-22.5772],[-55.7541,-22.5772]]],[[[-55.7542,-22.5139],[-55.7539,-22.5139],[-55.7539,-22.5141],[-55.7541,-22.5142],[-55.7542,-22.5139]]],[[[-55.7542,-22.5628],[-55.7539,-22.5628],[-55.7539,-22.5633],[-55.7542,-22.5633],[-55.7542,-22.5628]]],[[[-55.7544,-22.5592],[-55.7542,-22.5592],[-55.7542,-22.5594],[-55.7544,-22.5594],[-55.7544,-22.5592]]],[[[-55.7544,-22.5528],[-55.7542,-22.5528],[-55.7542,-22.553],[-55.7544,-22.5531],[-55.7544,-22.5528]]],[[[-55.7544,-22.5342],[-55.7542,-22.5342],[-55.7542,-22.5344],[-55.7544,-22.5344],[-55.7544,-22.5342]]],[[[-55.755,-22.5042],[-55.7547,-22.5042],[-55.7548,-22.5047],[-55.755,-22.5047],[-55.755,-22.5042]]],[[[-55.755,-22.5401],[-55.7548,-22.54],[-55.7547,-22.5402],[-55.7549,-22.5403],[-55.755,-22.5401]]],[[[-55.7561,-22.5662],[-55.7556,-22.5662],[-55.7552,-22.5658],[-55.7547,-22.5659],[-55.7547,-22.5663],[-55.7551,-22.5667],[-55.7555,-22.5667],[-55.7556,-22.5664],[-55.7561,-22.5664],[-55.7561,-22.5662]]],[[[-55.7553,-22.5092],[-55.7551,-22.5092],[-55.755,-22.5094],[-55.7552,-22.5094],[-55.7553,-22.5092]]],[[[-55.7553,-22.5463],[-55.7556,-22.5461],[-55.7555,-22.5458],[-55.755,-22.5462],[-55.7551,-22.5467],[-55.7553,-22.5466],[-55.7553,-22.5463]]],[[[-55.7567,-22.5426],[-55.7564,-22.5426],[-55.7564,-22.5429],[-55.7558,-22.5434],[-55.7559,-22.5436],[-55.7567,-22.543],[-55.7567,-22.5426]]],[[[-55.7558,-22.5439],[-55.7551,-22.5442],[-55.755,-22.5444],[-55.7558,-22.5444],[-55.7558,-22.5439]]],[[[-55.7569,-22.562],[-55.7563,-22.5619],[-55.7558,-22.5614],[-55.755,-22.5614],[-55.7556,-22.5622],[-55.7569,-22.5622],[-55.7569,-22.562]]],[[[-55.7564,-22.5517],[-55.7558,-22.5511],[-55.7553,-22.5512],[-55.7556,-22.5517],[-55.756,-22.5517],[-55.7562,-22.5519],[-55.7564,-22.5517]]],[[[-55.7558,-22.5795],[-55.7556,-22.5794],[-55.7556,-22.5797],[-55.7558,-22.5797],[-55.7558,-22.5795]]],[[[-55.7567,-22.5509],[-55.7564,-22.5508],[-55.7564,-22.5511],[-55.7566,-22.5511],[-55.7567,-22.5509]]],[[[-55.7569,-22.5109],[-55.7567,-22.5109],[-55.7567,-22.5114],[-55.7569,-22.5113],[-55.7569,-22.5109]]],[[[-55.7569,-22.5531],[-55.7567,-22.5531],[-55.7567,-22.5533],[-55.7569,-22.5533],[-55.7569,-22.5531]]],[[[-55.7569,-22.5795],[-55.7567,-22.5794],[-55.7567,-22.5797],[-55.7569,-22.5797],[-55.7569,-22.5795]]],[[[-55.7581,-22.5631],[-55.7578,-22.5631],[-55.7578,-22.5633],[-55.758,-22.5633],[-55.7581,-22.5631]]],[[[-55.7577,-22.5636],[-55.7575,-22.5637],[-55.7576,-22.5639],[-55.7578,-22.5638],[-55.7577,-22.5636]]],[[[-55.7583,-22.562],[-55.7576,-22.5619],[-55.7575,-22.5622],[-55.7583,-22.5622],[-55.7583,-22.562]]],[[[-55.7591,-22.5883],[-55.7592,-22.587],[-55.7589,-22.5869],[-55.7589,-22.5883],[-55.7591,-22.5883]]],[[[-55.7594,-22.5437],[-55.7589,-22.5436],[-55.7589,-22.5438],[-55.7594,-22.5439],[-55.7594,-22.5437]]],[[[-55.7603,-22.5809],[-55.76,-22.5809],[-55.7601,-22.5817],[-55.7603,-22.5816],[-55.7603,-22.5809]]],[[[-55.7599,-22.5819],[-55.7597,-22.582],[-55.7598,-22.5822],[-55.76,-22.5822],[-55.7599,-22.5819]]],[[[-55.76,-22.5834],[-55.7598,-22.5833],[-55.7597,-22.5836],[-55.7599,-22.5836],[-55.76,-22.5834]]],[[[-55.7614,-22.5512],[-55.7611,-22.551],[-55.7611,-22.5503],[-55.7606,-22.5503],[-55.7606,-22.5508],[-55.7612,-22.5514],[-55.7614,-22.5512]]],[[[-55.7614,-22.542],[-55.7612,-22.5419],[-55.7611,-22.5422],[-55.7613,-22.5422],[-55.7614,-22.542]]],[[[-55.7619,-22.577],[-55.7617,-22.5769],[-55.7617,-22.5772],[-55.7619,-22.5772],[-55.7619,-22.577]]],[[[-55.7636,-22.5138],[-55.7639,-22.5134],[-55.7632,-22.5133],[-55.7631,-22.5128],[-55.7628,-22.5128],[-55.7628,-22.5135],[-55.7622,-22.5137],[-55.7622,-22.5141],[-55.7627,-22.5142],[-55.7629,-22.5139],[-55.7636,-22.5138]]],[[[-55.7636,-22.5589],[-55.7634,-22.5589],[-55.7633,-22.5591],[-55.7636,-22.5592],[-55.7636,-22.5589]]],[[[-55.765,-22.5128],[-55.7647,-22.5128],[-55.7648,-22.5133],[-55.765,-22.5133],[-55.765,-22.5128]]],[[[-55.7692,-22.5722],[-55.77,-22.5719],[-55.7699,-22.5714],[-55.7692,-22.5714],[-55.7689,-22.5717],[-55.7692,-22.5722]]],[[[-55.7703,-22.5781],[-55.7701,-22.5781],[-55.77,-22.5783],[-55.7702,-22.5783],[-55.7703,-22.5781]]],[[[-55.7714,-22.5701],[-55.7712,-22.57],[-55.7711,-22.5702],[-55.7713,-22.5703],[-55.7714,-22.5701]]],[[[-55.7708,-22.5703],[-55.7706,-22.5703],[-55.7706,-22.5705],[-55.7708,-22.5706],[-55.7708,-22.5703]]],[[[-55.7705,-22.5708],[-55.7703,-22.5709],[-55.7703,-22.5711],[-55.7706,-22.5711],[-55.7705,-22.5708]]],[[[-55.7719,-22.5753],[-55.7706,-22.5756],[-55.7706,-22.5758],[-55.7719,-22.5758],[-55.7719,-22.5753]]],[[[-55.7708,-22.5814],[-55.7706,-22.5814],[-55.7706,-22.5816],[-55.7708,-22.5817],[-55.7708,-22.5814]]],[[[-55.7717,-22.5801],[-55.7713,-22.5797],[-55.7714,-22.5787],[-55.7709,-22.5783],[-55.7708,-22.5786],[-55.7712,-22.5789],[-55.7711,-22.5799],[-55.7714,-22.5803],[-55.7717,-22.5801]]],[[[-55.775,-22.5781],[-55.7745,-22.5781],[-55.7744,-22.5783],[-55.7749,-22.5783],[-55.775,-22.5781]]],[[[-55.7948,-22.5967],[-55.7956,-22.5961],[-55.7955,-22.5958],[-55.7942,-22.5959],[-55.7942,-22.5963],[-55.7948,-22.5967]]],[[[-55.7956,-22.5944],[-55.7958,-22.5944],[-55.7961,-22.5936],[-55.7956,-22.5937],[-55.7956,-22.5944]]],[[[-55.7994,-22.5931],[-55.7992,-22.5931],[-55.7989,-22.5934],[-55.7989,-22.5939],[-55.7992,-22.5938],[-55.7994,-22.5931]]],[[[-55.8,-22.5914],[-55.8001,-22.5919],[-55.8006,-22.5916],[-55.8005,-22.5914],[-55.8,-22.5914]]],[[[-55.7997,-22.5913],[-55.7997,-22.5909],[-55.7995,-22.5908],[-55.7994,-22.5913],[-55.7997,-22.5913]]],[[[-55.8061,-22.5876],[-55.8058,-22.5874],[-55.8058,-22.5867],[-55.8056,-22.5867],[-55.8056,-22.5874],[-55.8059,-22.5878],[-55.8061,-22.5876]]]]}},{"type":"Feature","properties":{"ano":2020},"geometry":{"type":"MultiPolygon","coordinates":[[[[-55.6492,-22.6092],[-55.6488,-22.6089],[-55.6473,-22.6089],[-55.6472,-22.6102],[-55.6476,-22.6106],[-55.6486,-22.6106],[-55.6488,-22.6103],[-55.6491,-22.6103],[-55.6492,-22.6092]]],[[[-55.6517,-22.6139],[-55.6508,-22.6131],[-55.6506,-22.6131],[-55.6508,-22.6135],[-55.6508,-22.6141],[-55.6512,-22.6144],[-55.6517,-22.6144],[-55.6517,-22.6139]]],[[[-55.6556,-22.6051],[-55.6548,-22.605],[-55.6547,-22.6058],[-55.6552,-22.6058],[-55.6554,-22.6056],[-55.6558,-22.6056],[-55.6556,-22.6051]]],[[[-55.6567,-22.6075],[-55.6572,-22.6072],[-55.6572,-22.6069],[-55.6567,-22.6073],[-55.6567,-22.6075]]],[[[-55.6744,-22.592],[-55.6735,-22.5917],[-55.6733,-22.5914],[-55.6726,-22.5914],[-55.6724,-22.5911],[-55.6719,-22.5914],[-55.672,-22.5917],[-55.6725,-22.5916],[-55.6728,-22.5918],[-55.6728,-22.5928],[-55.6744,-22.5925],[-55.6744,-22.592]]],[[[-55.6753,-22.592],[-55.6751,-22.5919],[-55.675,-22.5922],[-55.6752,-22.5922],[-55.6753,-22.592]]],[[[-55.6761,-22.5778],[-55.6759,-22.5778],[-55.6758,-22.578],[-55.6761,-22.5781],[-55.6761,-22.5778]]],[[[-55.6792,-22.5687],[-55.6787,-22.5686],[-55.6786,-22.5688],[-55.6791,-22.5689],[-55.6792,-22.5687]]],[[[-55.68,-22.5706],[-55.6795,-22.5706],[-55.6794,-22.5711],[-55.6799,-22.5711],[-55.68,-22.5706]]],[[[-55.6797,-22.5576],[-55.6795,-22.5575],[-55.6794,-22.5577],[-55.6797,-22.5578],[-55.6797,-22.5576]]],[[[-55.6797,-22.5678],[-55.6795,-22.5678],[-55.6794,-22.568],[-55.6797,-22.5681],[-55.6797,-22.5678]]],[[[-55.6811,-22.5684],[-55.6806,-22.5683],[-55.6806,-22.5686],[-55.6811,-22.5686],[-55.6811,-22.5684]]],[[[-55.6828,-22.5826],[-55.6826,-22.5825],[-55.6825,-22.5827],[-55.6827,-22.5828],[-55.6828,-22.5826]]],[[[-55.6839,-22.5895],[-55.6834,-22.5894],[-55.6833,-22.5897],[-55.6838,-22.5897],[-55.6839,-22.5895]]],[[[-55.6855,-22.6028],[-55.6861,-22.6022],[-55.6861,-22.6019],[-55.6853,-22.6027],[-55.6855,-22.6028]]],[[[-55.6858,-22.5845],[-55.6856,-22.5844],[-55.6856,-22.5847],[-55.6858,-22.5847],[-55.6858,-22.5845]]],[[[-55.6888,-22.5836],[-55.6888,-22.5828],[-55.6878,-22.5831],[-55.6884,-22.5836],[-55.6888,-22.5836]]],[[[-55.6914,-22.5551],[-55.6912,-22.555],[-55.6911,-22.5552],[-55.6913,-22.5553],[-55.6914,-22.5551]]],[[[-55.6931,-22.4864],[-55.6923,-22.4864],[-55.6922,-22.4866],[-55.693,-22.4867],[-55.6931,-22.4864]]],[[[-55.695,-22.552],[-55.6948,-22.5519],[-55.6947,-22.5522],[-55.6949,-22.5522],[-55.695,-22.552]]],[[[-55.6964,-22.5767],[-55.6962,-22.5767],[-55.6961,-22.5769],[-55.6963,-22.5769],[-55.6964,-22.5767]]],[[[-55.6964,-22.5517],[-55.6961,-22.5517],[-55.6962,-22.5522],[-55.6964,-22.5522],[-55.6964,-22.5517]]],[[[-55.6967,-22.5756],[-55.6964,-22.5756],[-55.6964,-22.5758],[-55.6966,-22.5758],[-55.6967,-22.5756]]],[[[-55.6978,-22.5409],[-55.6972,-22.5413],[-55.6977,-22.5414],[-55.6978,-22.5409]]],[[[-55.6975,-22.5801],[-55.6973,-22.58],[-55.6972,-22.5802],[-55.6974,-22.5803],[-55.6975,-22.5801]]],[[[-55.6978,-22.5767],[-55.6973,-22.5767],[-55.6972,-22.5769],[-55.6977,-22.5769],[-55.6978,-22.5767]]],[[[-55.6989,-22.5753],[-55.6986,-22.5753],[-55.6987,-22.5758],[-55.6989,-22.5758],[-55.6989,-22.5753]]],[[[-55.6986,-22.5813],[-55.6997,-22.5816],[-55.6997,-22.5809],[-55.699,-22.5811],[-55.6987,-22.5808],[-55.6986,-22.5813]]],[[[-55.7012,-22.5806],[-55.7017,-22.5802],[-55.7017,-22.5798],[-55.7011,-22.5793],[-55.7011,-22.5789],[-55.7008,-22.5786],[-55.7003,-22.5786],[-55.7,-22.5789],[-55.7,-22.5797],[-55.7003,-22.5803],[-55.701,-22.5803],[-55.7012,-22.5806]]],[[[-55.7011,-22.5808],[-55.7008,-22.5809],[-55.7009,-22.5811],[-55.7011,-22.5811],[-55.7011,-22.5808]]],[[[-55.7011,-22.5728],[-55.7008,-22.5728],[-55.7009,-22.5733],[-55.7011,-22.5733],[-55.7011,-22.5728]]],[[[-55.7014,-22.5087],[-55.7012,-22.5086],[-55.7011,-22.5088],[-55.7013,-22.5089],[-55.7014,-22.5087]]],[[[-55.7011,-22.5083],[-55.7011,-22.5081],[-55.7009,-22.5081],[-55.7008,-22.5083],[-55.7011,-22.5083]]],[[[-55.7022,-22.577],[-55.702,-22.5769],[-55.7011,-22.578],[-55.7014,-22.5786],[-55.7019,-22.5788],[-55.7019,-22.5791],[-55.7023,-22.5794],[-55.7027,-22.5794],[-55.7028,-22.579],[-55.7033,-22.5786],[-55.7033,-22.5781],[-55.7024,-22.5781],[-55.7019,-22.5776],[-55.7022,-22.577]]],[[[-55.7042,-22.5803],[-55.7039,-22.5803],[-55.7036,-22.5808],[-55.7038,-22.5808],[-55.7042,-22.5803]]],[[[-55.7064,-22.5028],[-55.7059,-22.5028],[-55.7058,-22.503],[-55.7063,-22.5031],[-55.7064,-22.5028]]],[[[-55.7056,-22.5027],[-55.7049,-22.5019],[-55.7042,-22.502],[-55.7042,-22.5022],[-55.7049,-22.5022],[-55.7053,-22.5028],[-55.7056,-22.5027]]],[[[-55.7063,-22.5081],[-55.7063,-22.5078],[-55.706,-22.5078],[-55.7052,-22.5072],[-55.7047,-22.5073],[-55.7051,-22.5078],[-55.7054,-22.5078],[-55.7056,-22.5081],[-55.7063,-22.5081]]],[[[-55.7056,-22.5751],[-55.705,-22.5753],[-55.7051,-22.5761],[-55.7058,-22.5761],[-55.7061,-22.5758],[-55.7064,-22.5751],[-55.7072,-22.5744],[-55.7072,-22.5739],[-55.7064,-22.5739],[-55.7064,-22.5743],[-55.7056,-22.5751]]],[[[-55.7064,-22.542],[-55.7058,-22.5414],[-55.7056,-22.5414],[-55.7062,-22.5422],[-55.7064,-22.542]]],[[[-55.7067,-22.5698],[-55.7064,-22.5697],[-55.7064,-22.5699],[-55.7066,-22.57],[-55.7067,-22.5698]]],[[[-55.7072,-22.5623],[-55.707,-22.5622],[-55.7069,-22.5624],[-55.7072,-22.5625],[-55.7072,-22.5623]]],[[[-55.7075,-22.5434],[-55.7072,-22.5432],[-55.7072,-22.5428],[-55.707,-22.5428],[-55.7069,-22.5433],[-55.7073,-22.5436],[-55.7075,-22.5434]]],[[[-55.7081,-22.5037],[-55.7078,-22.5036],[-55.7078,-22.5038],[-55.708,-22.5039],[-55.7081,-22.5037]]],[[[-55.7092,-22.5062],[-55.7087,-22.5061],[-55.7086,-22.5063],[-55.7091,-22.5064],[-55.7092,-22.5062]]],[[[-55.7083,-22.5064],[-55.7081,-22.5064],[-55.7081,-22.5066],[-55.7083,-22.5067],[-55.7083,-22.5064]]],[[[-55.7094,-22.5051],[-55.7089,-22.5049],[-55.7089,-22.5042],[-55.7087,-22.5042],[-55.7086,-22.5047],[-55.7083,-22.5049],[-55.7089,-22.5056],[-55.7094,-22.5056],[-55.7094,-22.5051]]],[[[-55.7094,-22.5904],[-55.7105,-22.59],[-55.7106,-22.5898],[-55.7102,-22.5894],[-55.7098,-22.5894],[-55.7095,-22.5897],[-55.7092,-22.5901],[-55.7092,-22.5911],[-55.7094,-22.5911],[-55.7094,-22.5904]]],[[[-55.7094,-22.5642],[-55.7092,-22.5642],[-55.7092,-22.5644],[-55.7094,-22.5644],[-55.7094,-22.5642]]],[[[-55.7097,-22.5036],[-55.7105,-22.5036],[-55.7106,-22.5034],[-55.7098,-22.5031],[-55.7097,-22.5036]]],[[[-55.7106,-22.6095],[-55.7103,-22.6094],[-55.7097,-22.6102],[-55.7099,-22.6103],[-55.7106,-22.6095]]],[[[-55.7117,-22.5887],[-55.7098,-22.5886],[-55.7097,-22.5888],[-55.7116,-22.5889],[-55.7117,-22.5887]]],[[[-55.7103,-22.5006],[-55.7101,-22.5006],[-55.71,-22.5008],[-55.7102,-22.5008],[-55.7103,-22.5006]]],[[[-55.7103,-22.5064],[-55.7101,-22.5064],[-55.71,-22.5066],[-55.7102,-22.5067],[-55.7103,-22.5064]]],[[[-55.7111,-22.5056],[-55.7103,-22.5056],[-55.7103,-22.5058],[-55.7106,-22.5061],[-55.7113,-22.5061],[-55.7111,-22.5056]]],[[[-55.7108,-22.5637],[-55.7106,-22.5636],[-55.7106,-22.5638],[-55.7108,-22.5639],[-55.7108,-22.5637]]],[[[-55.7111,-22.5106],[-55.7108,-22.5103],[-55.7106,-22.5103],[-55.7109,-22.5108],[-55.7111,-22.5106]]],[[[-55.7133,-22.5883],[-55.7133,-22.5878],[-55.7129,-22.5881],[-55.7122,-22.5878],[-55.7126,-22.5883],[-55.7133,-22.5883]]],[[[-55.7119,-22.5877],[-55.7119,-22.5874],[-55.7125,-22.5869],[-55.7125,-22.5864],[-55.7122,-22.5862],[-55.7124,-22.5858],[-55.7129,-22.5858],[-55.7137,-22.5869],[-55.7142,-22.5866],[-55.7142,-22.5859],[-55.7138,-22.5853],[-55.7133,-22.5854],[-55.713,-22.585],[-55.7122,-22.5851],[-55.7119,-22.5862],[-55.7114,-22.5864],[-55.7114,-22.5872],[-55.7117,-22.5878],[-55.7119,-22.5877]]],[[[-55.7122,-22.512],[-55.7119,-22.512],[-55.712,-22.5125],[-55.7122,-22.5124],[-55.7122,-22.512]]],[[[-55.715,-22.5095],[-55.7142,-22.5095],[-55.7137,-22.5089],[-55.7135,-22.5092],[-55.7126,-22.5094],[-55.7125,-22.5097],[-55.7132,-22.5097],[-55.7136,-22.51],[-55.7138,-22.5097],[-55.7149,-22.5097],[-55.715,-22.5095]]],[[[-55.7133,-22.5056],[-55.7131,-22.5056],[-55.7131,-22.5058],[-55.7133,-22.5058],[-55.7133,-22.5056]]],[[[-55.7131,-22.5755],[-55.7138,-22.5753],[-55.7139,-22.5751],[-55.7134,-22.575],[-55.7131,-22.5755]]],[[[-55.7133,-22.5599],[-55.7137,-22.5603],[-55.7139,-22.5602],[-55.7138,-22.5597],[-55.7134,-22.5597],[-55.7133,-22.5599]]],[[[-55.7142,-22.5817],[-55.7139,-22.5817],[-55.7139,-22.5825],[-55.7142,-22.5824],[-55.7142,-22.5817]]],[[[-55.715,-22.6034],[-55.7148,-22.6033],[-55.7147,-22.6036],[-55.7149,-22.6036],[-55.715,-22.6034]]],[[[-55.7158,-22.4906],[-55.7156,-22.4906],[-55.7156,-22.4908],[-55.7158,-22.4908],[-55.7158,-22.4906]]],[[[-55.7169,-22.5003],[-55.7162,-22.5003],[-55.7161,-22.5005],[-55.7169,-22.5006],[-55.7169,-22.5003]]],[[[-55.7172,-22.5137],[-55.7167,-22.5136],[-55.7167,-22.5138],[-55.7172,-22.5139],[-55.7172,-22.5137]]],[[[-55.7166,-22.5142],[-55.7164,-22.5142],[-55.7164,-22.5147],[-55.7167,-22.5147],[-55.7166,-22.5142]]],[[[-55.7163,-22.515],[-55.7161,-22.5151],[-55.7162,-22.5156],[-55.7164,-22.5155],[-55.7163,-22.515]]],[[[-55.7167,-22.5092],[-55.7164,-22.5092],[-55.7164,-22.5094],[-55.7166,-22.5094],[-55.7167,-22.5092]]],[[[-55.7175,-22.5187],[-55.7173,-22.5186],[-55.7172,-22.5188],[-55.7174,-22.5189],[-55.7175,-22.5187]]],[[[-55.7181,-22.4867],[-55.7178,-22.4867],[-55.7178,-22.4869],[-55.718,-22.4869],[-55.7181,-22.4867]]],[[[-55.7193,-22.5756],[-55.7191,-22.5747],[-55.7189,-22.5748],[-55.7187,-22.5753],[-55.7183,-22.5753],[-55.7184,-22.5756],[-55.7192,-22.5757],[-55.7187,-22.5764],[-55.7183,-22.5764],[-55.7183,-22.578],[-55.7187,-22.5783],[-55.7189,-22.5783],[-55.7189,-22.5768],[-55.7193,-22.5764],[-55.7202,-22.5764],[-55.7208,-22.5758],[-55.7208,-22.5751],[-55.7215,-22.5744],[-55.7222,-22.5744],[-55.7222,-22.5738],[-55.7228,-22.5731],[-55.7212,-22.5722],[-55.7208,-22.5726],[-55.7208,-22.5729],[-55.7203,-22.5731],[-55.7206,-22.5746],[-55.7196,-22.5756],[-55.7193,-22.5756]]],[[[-55.7206,-22.5131],[-55.7198,-22.5132],[-55.7194,-22.5128],[-55.7189,-22.5128],[-55.7189,-22.5133],[-55.7195,-22.5136],[-55.7199,-22.5136],[-55.7206,-22.5131]]],[[[-55.7203,-22.5292],[-55.7199,-22.5289],[-55.7192,-22.5289],[-55.7201,-22.5297],[-55.7203,-22.5297],[-55.7203,-22.5292]]],[[[-55.7197,-22.487],[-55.7195,-22.4869],[-55.7194,-22.4872],[-55.7197,-22.4872],[-55.7197,-22.487]]],[[[-55.72,-22.4998],[-55.7198,-22.4997],[-55.7197,-22.4999],[-55.7199,-22.5],[-55.72,-22.4998]]],[[[-55.7208,-22.4889],[-55.7211,-22.4881],[-55.7203,-22.4881],[-55.7203,-22.4886],[-55.7208,-22.4889]]],[[[-55.7202,-22.4878],[-55.7203,-22.4876],[-55.7201,-22.4875],[-55.72,-22.4877],[-55.7202,-22.4878]]],[[[-55.7206,-22.5714],[-55.7203,-22.5714],[-55.7203,-22.5716],[-55.7205,-22.5717],[-55.7206,-22.5714]]],[[[-55.7211,-22.5873],[-55.7209,-22.5872],[-55.7206,-22.5877],[-55.7208,-22.5878],[-55.7211,-22.5873]]],[[[-55.7219,-22.5301],[-55.7212,-22.5303],[-55.7211,-22.5305],[-55.7219,-22.5306],[-55.7219,-22.5301]]],[[[-55.7219,-22.5259],[-55.7219,-22.5253],[-55.7214,-22.5253],[-55.7214,-22.5263],[-55.7217,-22.5267],[-55.7224,-22.5267],[-55.7225,-22.5262],[-55.7219,-22.5259]]],[[[-55.7231,-22.4834],[-55.7228,-22.4833],[-55.7228,-22.4836],[-55.723,-22.4836],[-55.7231,-22.4834]]],[[[-55.7233,-22.4953],[-55.7231,-22.4953],[-55.7231,-22.4955],[-55.7233,-22.4956],[-55.7233,-22.4953]]],[[[-55.7233,-22.5434],[-55.7231,-22.5433],[-55.7231,-22.5436],[-55.7233,-22.5436],[-55.7233,-22.5434]]],[[[-55.7233,-22.5784],[-55.7238,-22.5789],[-55.7242,-22.5786],[-55.7241,-22.5778],[-55.7233,-22.5784]]],[[[-55.7242,-22.5887],[-55.7239,-22.5886],[-55.7236,-22.5891],[-55.7238,-22.5892],[-55.7242,-22.5887]]],[[[-55.7242,-22.5901],[-55.7239,-22.5901],[-55.7237,-22.5908],[-55.7242,-22.5905],[-55.7242,-22.5901]]],[[[-55.7253,-22.5156],[-55.7251,-22.5156],[-55.725,-22.5158],[-55.7252,-22.5158],[-55.7253,-22.5156]]],[[[-55.7258,-22.4851],[-55.7256,-22.485],[-55.7256,-22.4852],[-55.7258,-22.4853],[-55.7258,-22.4851]]],[[[-55.7261,-22.5162],[-55.7259,-22.5161],[-55.7258,-22.5163],[-55.7261,-22.5164],[-55.7261,-22.5162]]],[[[-55.7267,-22.4839],[-55.7264,-22.4839],[-55.7264,-22.4841],[-55.7266,-22.4842],[-55.7267,-22.4839]]],[[[-55.7272,-22.5617],[-55.7264,-22.5617],[-55.7264,-22.5622],[-55.7272,-22.5622],[-55.7272,-22.5617]]],[[[-55.7269,-22.4848],[-55.7267,-22.4847],[-55.7267,-22.4849],[-55.7269,-22.485],[-55.7269,-22.4848]]],[[[-55.7278,-22.5917],[-55.727,-22.5917],[-55.7269,-22.5919],[-55.7277,-22.5919],[-55.7278,-22.5917]]],[[[-55.7281,-22.5856],[-55.7278,-22.5856],[-55.7278,-22.5858],[-55.728,-22.5858],[-55.7281,-22.5856]]],[[[-55.7286,-22.5939],[-55.7281,-22.5944],[-55.7286,-22.5944],[-55.7286,-22.5939]]],[[[-55.7292,-22.4829],[-55.73,-22.4827],[-55.7302,-22.4814],[-55.7289,-22.4814],[-55.7292,-22.4824],[-55.7286,-22.4826],[-55.7286,-22.4833],[-55.7291,-22.4833],[-55.7292,-22.4829]]],[[[-55.7297,-22.5939],[-55.7295,-22.5939],[-55.7294,-22.5941],[-55.7297,-22.5942],[-55.7297,-22.5939]]],[[[-55.7299,-22.5967],[-55.7299,-22.5962],[-55.7303,-22.5961],[-55.7302,-22.5953],[-55.7297,-22.5956],[-55.7297,-22.5966],[-55.7299,-22.5967]]],[[[-55.7303,-22.4978],[-55.7301,-22.4978],[-55.73,-22.498],[-55.7302,-22.4981],[-55.7303,-22.4978]]],[[[-55.7319,-22.482],[-55.7309,-22.4819],[-55.7308,-22.4822],[-55.7319,-22.4822],[-55.7319,-22.482]]],[[[-55.7311,-22.5924],[-55.7317,-22.5924],[-55.7317,-22.5917],[-55.7313,-22.5914],[-55.7311,-22.5914],[-55.7311,-22.5924]]],[[[-55.7316,-22.5647],[-55.7317,-22.5645],[-55.7314,-22.5644],[-55.7314,-22.5647],[-55.7316,-22.5647]]],[[[-55.7322,-22.5706],[-55.732,-22.5706],[-55.7319,-22.5708],[-55.7322,-22.5708],[-55.7322,-22.5706]]],[[[-55.7331,-22.5658],[-55.7338,-22.5658],[-55.7339,-22.5656],[-55.7336,-22.5653],[-55.7331,-22.5653],[-55.7331,-22.5658]]],[[[-55.7333,-22.4992],[-55.7331,-22.4992],[-55.7331,-22.4994],[-55.7333,-22.4994],[-55.7333,-22.4992]]],[[[-55.7347,-22.5687],[-55.7342,-22.5686],[-55.7342,-22.5688],[-55.7347,-22.5689],[-55.7347,-22.5687]]],[[[-55.735,-22.4967],[-55.7348,-22.4967],[-55.7347,-22.4969],[-55.7349,-22.4969],[-55.735,-22.4967]]],[[[-55.7353,-22.5692],[-55.7351,-22.5692],[-55.735,-22.5694],[-55.7352,-22.5694],[-55.7353,-22.5692]]],[[[-55.7358,-22.571],[-55.7364,-22.5705],[-55.7363,-22.57],[-55.736,-22.5703],[-55.7353,-22.5703],[-55.735,-22.5706],[-55.7351,-22.5711],[-55.7358,-22.571]]],[[[-55.7361,-22.5867],[-55.7359,-22.5867],[-55.7358,-22.5869],[-55.7361,-22.5869],[-55.7361,-22.5867]]],[[[-55.7361,-22.5878],[-55.7359,-22.5878],[-55.7358,-22.588],[-55.7361,-22.5881],[-55.7361,-22.5878]]],[[[-55.7369,-22.5662],[-55.7364,-22.5661],[-55.7364,-22.5663],[-55.7369,-22.5664],[-55.7369,-22.5662]]],[[[-55.7369,-22.5089],[-55.7367,-22.5089],[-55.7367,-22.5091],[-55.7369,-22.5092],[-55.7369,-22.5089]]],[[[-55.7375,-22.5656],[-55.7373,-22.5656],[-55.7372,-22.5658],[-55.7374,-22.5658],[-55.7375,-22.5656]]],[[[-55.7386,-22.5139],[-55.7384,-22.5139],[-55.7383,-22.5141],[-55.7386,-22.5142],[-55.7386,-22.5139]]],[[[-55.74,-22.5839],[-55.7398,-22.5839],[-55.7397,-22.5841],[-55.7399,-22.5842],[-55.74,-22.5839]]],[[[-55.74,-22.4953],[-55.7398,-22.4953],[-55.7397,-22.4955],[-55.7399,-22.4956],[-55.74,-22.4953]]],[[[-55.7425,-22.5941],[-55.7427,-22.5942],[-55.7439,-22.5928],[-55.7434,-22.5928],[-55.7425,-22.5937],[-55.7425,-22.5941]]],[[[-55.7428,-22.5234],[-55.7426,-22.5233],[-55.7425,-22.5236],[-55.7427,-22.5236],[-55.7428,-22.5234]]],[[[-55.7431,-22.5728],[-55.7428,-22.5728],[-55.7425,-22.5733],[-55.7427,-22.5733],[-55.7431,-22.5728]]],[[[-55.7433,-22.5489],[-55.7431,-22.5489],[-55.7428,-22.5494],[-55.743,-22.5494],[-55.7433,-22.5489]]],[[[-55.7431,-22.5131],[-55.7428,-22.5131],[-55.7428,-22.5133],[-55.743,-22.5133],[-55.7431,-22.5131]]],[[[-55.7456,-22.4868],[-55.7461,-22.4875],[-55.7464,-22.4864],[-55.7461,-22.4861],[-55.7446,-22.4861],[-55.7444,-22.4856],[-55.7452,-22.4856],[-55.7458,-22.4849],[-55.7458,-22.4844],[-55.7451,-22.4847],[-55.7445,-22.4854],[-55.7436,-22.4853],[-55.7436,-22.4858],[-55.7433,-22.4859],[-55.7434,-22.4869],[-55.7456,-22.4868]]],[[[-55.7436,-22.5781],[-55.7434,-22.5781],[-55.7433,-22.5783],[-55.7436,-22.5783],[-55.7436,-22.5781]]],[[[-55.7439,-22.5717],[-55.7436,-22.5717],[-55.7437,-22.5722],[-55.7439,-22.5722],[-55.7439,-22.5717]]],[[[-55.7439,-22.5134],[-55.7437,-22.5133],[-55.7436,-22.5136],[-55.7438,-22.5136],[-55.7439,-22.5134]]],[[[-55.7442,-22.5237],[-55.7439,-22.5236],[-55.7439,-22.5238],[-55.7441,-22.5239],[-55.7442,-22.5237]]],[[[-55.7444,-22.5934],[-55.7442,-22.5933],[-55.7442,-22.5936],[-55.7444,-22.5936],[-55.7444,-22.5934]]],[[[-55.7456,-22.5157],[-55.7463,-22.5161],[-55.7467,-22.5158],[-55.7467,-22.5148],[-55.7459,-22.5147],[-55.7457,-22.515],[-55.7453,-22.515],[-55.745,-22.5161],[-55.7452,-22.5161],[-55.7456,-22.5157]]],[[[-55.7456,-22.5495],[-55.7453,-22.5494],[-55.7453,-22.5497],[-55.7455,-22.5497],[-55.7456,-22.5495]]],[[[-55.7458,-22.5214],[-55.7456,-22.5214],[-55.7456,-22.5216],[-55.7458,-22.5217],[-55.7458,-22.5214]]],[[[-55.7461,-22.6048],[-55.7459,-22.6047],[-55.7458,-22.6049],[-55.7461,-22.605],[-55.7461,-22.6048]]],[[[-55.7464,-22.5206],[-55.7462,-22.5206],[-55.7461,-22.5208],[-55.7463,-22.5208],[-55.7464,-22.5206]]],[[[-55.7469,-22.5726],[-55.7466,-22.5722],[-55.7461,-22.5723],[-55.7467,-22.5728],[-55.7469,-22.5726]]],[[[-55.7483,-22.4756],[-55.7481,-22.4756],[-55.7481,-22.4758],[-55.7483,-22.4758],[-55.7483,-22.4756]]],[[[-55.7488,-22.4967],[-55.7492,-22.4963],[-55.7491,-22.4958],[-55.7487,-22.4958],[-55.7483,-22.4962],[-55.7488,-22.4967]]],[[[-55.7497,-22.5145],[-55.7489,-22.5144],[-55.7489,-22.5147],[-55.7497,-22.5147],[-55.7497,-22.5145]]],[[[-55.7503,-22.4749],[-55.7506,-22.4745],[-55.7503,-22.4743],[-55.7502,-22.4736],[-55.7492,-22.4742],[-55.7492,-22.475],[-55.7503,-22.4749]]],[[[-55.75,-22.5045],[-55.7497,-22.5045],[-55.7498,-22.505],[-55.75,-22.5049],[-55.75,-22.5045]]],[[[-55.7511,-22.5617],[-55.7503,-22.5619],[-55.7503,-22.5622],[-55.7511,-22.5622],[-55.7511,-22.5617]]],[[[-55.7525,-22.5159],[-55.7514,-22.5153],[-55.7506,-22.5162],[-55.7506,-22.5169],[-55.7512,-22.5169],[-55.7517,-22.5175],[-55.7527,-22.5175],[-55.7528,-22.517],[-55.7524,-22.5163],[-55.7525,-22.5159]],[[-55.7523,-22.5162],[-55.7521,-22.5167],[-55.7517,-22.5165],[-55.7518,-22.5158],[-55.7523,-22.5162]]],[[[-55.7531,-22.5092],[-55.7528,-22.5092],[-55.7528,-22.5087],[-55.7523,-22.5083],[-55.7522,-22.5086],[-55.7526,-22.5089],[-55.7525,-22.5092],[-55.7517,-22.5092],[-55.7517,-22.5094],[-55.7527,-22.5097],[-55.7531,-22.5092]]],[[[-55.7514,-22.5091],[-55.7513,-22.5089],[-55.7511,-22.5089],[-55.7512,-22.5092],[-55.7514,-22.5091]]],[[[-55.7522,-22.5701],[-55.752,-22.57],[-55.7517,-22.5705],[-55.7519,-22.5706],[-55.7522,-22.5701]]],[[[-55.7528,-22.4967],[-55.752,-22.4967],[-55.7519,-22.4969],[-55.7527,-22.4969],[-55.7528,-22.4967]]],[[[-55.7525,-22.5739],[-55.7522,-22.5739],[-55.7523,-22.5744],[-55.7525,-22.5744],[-55.7525,-22.5739]]],[[[-55.7533,-22.5144],[-55.7523,-22.5147],[-55.7522,-22.5149],[-55.7533,-22.5149],[-55.7533,-22.5144]]],[[[-55.7531,-22.4731],[-55.7528,-22.4731],[-55.7528,-22.4733],[-55.753,-22.4733],[-55.7531,-22.4731]]],[[[-55.7531,-22.5195],[-55.7528,-22.5194],[-55.7528,-22.5197],[-55.753,-22.5197],[-55.7531,-22.5195]]],[[[-55.7531,-22.5792],[-55.7528,-22.5792],[-55.7528,-22.5797],[-55.7531,-22.5797],[-55.7531,-22.5792]]],[[[-55.7533,-22.4801],[-55.7531,-22.48],[-55.7531,-22.4802],[-55.7533,-22.4803],[-55.7533,-22.4801]]],[[[-55.7536,-22.5106],[-55.7536,-22.5101],[-55.7534,-22.51],[-55.7533,-22.5105],[-55.7536,-22.5106]]],[[[-55.7536,-22.4937],[-55.7534,-22.4936],[-55.7533,-22.4938],[-55.7536,-22.4939],[-55.7536,-22.4937]]],[[[-55.7542,-22.5764],[-55.7534,-22.5764],[-55.7533,-22.5766],[-55.7541,-22.5767],[-55.7542,-22.5764]]],[[[-55.7541,-22.5636],[-55.7542,-22.5634],[-55.7539,-22.5633],[-55.7539,-22.5636],[-55.7541,-22.5636]]],[[[-55.7542,-22.5626],[-55.7539,-22.5625],[-55.7539,-22.5627],[-55.7541,-22.5628],[-55.7542,-22.5626]]],[[[-55.7553,-22.5137],[-55.7539,-22.5136],[-55.7539,-22.5138],[-55.7542,-22.5142],[-55.7555,-22.5142],[-55.7553,-22.5137]]],[[[-55.7547,-22.5123],[-55.7545,-22.5122],[-55.7544,-22.5124],[-55.7547,-22.5125],[-55.7547,-22.5123]]],[[[-55.7553,-22.5103],[-55.7551,-22.5103],[-55.755,-22.5105],[-55.7552,-22.5106],[-55.7553,-22.5103]]],[[[-55.7553,-22.5695],[-55.7551,-22.5694],[-55.755,-22.5697],[-55.7552,-22.5697],[-55.7553,-22.5695]]],[[[-55.7564,-22.5435],[-55.7567,-22.5433],[-55.7566,-22.5431],[-55.7558,-22.5437],[-55.7558,-22.5443],[-55.7556,-22.5445],[-55.7559,-22.545],[-55.7564,-22.5444],[-55.7564,-22.5435]]],[[[-55.7571,-22.5531],[-55.7569,-22.5523],[-55.7564,-22.5519],[-55.7564,-22.5527],[-55.7568,-22.5531],[-55.7567,-22.5536],[-55.7575,-22.5536],[-55.7571,-22.5531]]],[[[-55.7569,-22.512],[-55.7567,-22.5119],[-55.7567,-22.5122],[-55.7569,-22.5122],[-55.7569,-22.512]]],[[[-55.7583,-22.5623],[-55.7576,-22.5622],[-55.7572,-22.5626],[-55.7573,-22.5628],[-55.7581,-22.5629],[-55.7578,-22.5636],[-55.7583,-22.5633],[-55.7583,-22.5623]]],[[[-55.76,-22.5828],[-55.7598,-22.5828],[-55.7597,-22.583],[-55.7599,-22.5831],[-55.76,-22.5828]]],[[[-55.7614,-22.5854],[-55.7617,-22.5852],[-55.7616,-22.585],[-55.7611,-22.5853],[-55.7612,-22.5858],[-55.7614,-22.5858],[-55.7614,-22.5854]]],[[[-55.7619,-22.5764],[-55.7617,-22.5756],[-55.7614,-22.5756],[-55.7614,-22.5761],[-55.7619,-22.5764]]],[[[-55.7628,-22.5128],[-55.7623,-22.5128],[-55.7619,-22.5133],[-55.7623,-22.5136],[-55.7627,-22.5136],[-55.7628,-22.5128]]],[[[-55.7622,-22.5139],[-55.7617,-22.5139],[-55.7619,-22.5143],[-55.762,-22.5153],[-55.7628,-22.5144],[-55.7622,-22.5139]]],[[[-55.7622,-22.5876],[-55.762,-22.5875],[-55.7619,-22.5877],[-55.7622,-22.5878],[-55.7622,-22.5876]]],[[[-55.7625,-22.4952],[-55.7622,-22.4947],[-55.7619,-22.4948],[-55.7623,-22.4953],[-55.7625,-22.4952]]],[[[-55.7633,-22.5151],[-55.7631,-22.515],[-55.7631,-22.5152],[-55.7633,-22.5153],[-55.7633,-22.5151]]],[[[-55.7636,-22.5853],[-55.7636,-22.585],[-55.7631,-22.5851],[-55.7631,-22.5853],[-55.7636,-22.5853]]],[[[-55.7639,-22.5717],[-55.7636,-22.5717],[-55.7637,-22.5722],[-55.7639,-22.5722],[-55.7639,-22.5717]]],[[[-55.7647,-22.5128],[-55.7637,-22.5128],[-55.7636,-22.513],[-55.7639,-22.5136],[-55.7644,-22.5136],[-55.7647,-22.5133],[-55.7647,-22.5128]]],[[[-55.7647,-22.5864],[-55.7645,-22.5864],[-55.7642,-22.5867],[-55.7642,-22.5872],[-55.7644,-22.5872],[-55.7647,-22.5864]]],[[[-55.7647,-22.5856],[-55.7645,-22.5856],[-55.7644,-22.5858],[-55.7647,-22.5858],[-55.7647,-22.5856]]],[[[-55.7667,-22.5892],[-55.7656,-22.5892],[-55.7656,-22.5902],[-55.7658,-22.5902],[-55.7658,-22.5894],[-55.7666,-22.5894],[-55.7667,-22.5892]]],[[[-55.7689,-22.582],[-55.7684,-22.5819],[-55.7683,-22.5822],[-55.7688,-22.5822],[-55.7689,-22.582]]],[[[-55.7683,-22.5825],[-55.7681,-22.5826],[-55.7681,-22.5828],[-55.7683,-22.5827],[-55.7683,-22.5825]]],[[[-55.7711,-22.5703],[-55.7704,-22.5703],[-55.7703,-22.5696],[-55.7708,-22.5693],[-55.7716,-22.57],[-55.7716,-22.5683],[-55.7706,-22.5683],[-55.7706,-22.5687],[-55.77,-22.5692],[-55.77,-22.5701],[-55.7689,-22.5714],[-55.7689,-22.5724],[-55.7697,-22.5725],[-55.7697,-22.572],[-55.7692,-22.572],[-55.7692,-22.5715],[-55.7702,-22.5714],[-55.7705,-22.571],[-55.7708,-22.5711],[-55.7711,-22.5708],[-55.7711,-22.5703]]],[[[-55.7711,-22.5787],[-55.7708,-22.5783],[-55.7703,-22.5784],[-55.7706,-22.5788],[-55.7706,-22.5797],[-55.7709,-22.58],[-55.7711,-22.5799],[-55.7711,-22.5787]]],[[[-55.7747,-22.5781],[-55.7747,-22.5786],[-55.7752,-22.5786],[-55.7753,-22.5782],[-55.7758,-22.5781],[-55.7758,-22.5778],[-55.775,-22.5774],[-55.7749,-22.5769],[-55.7745,-22.5769],[-55.7739,-22.5778],[-55.7739,-22.5783],[-55.7747,-22.5781]]],[[[-55.7817,-22.5924],[-55.7817,-22.5917],[-55.7812,-22.5917],[-55.7806,-22.5923],[-55.7809,-22.5933],[-55.7814,-22.5933],[-55.7813,-22.5928],[-55.7817,-22.5924]]],[[[-55.7847,-22.5923],[-55.7845,-22.5922],[-55.7844,-22.5924],[-55.7847,-22.5925],[-55.7847,-22.5923]]],[[[-55.7947,-22.5967],[-55.7947,-22.5964],[-55.7942,-22.5964],[-55.7942,-22.5967],[-55.7947,-22.5967]]],[[[-55.7964,-22.5937],[-55.7962,-22.5936],[-55.7961,-22.5938],[-55.7963,-22.5939],[-55.7964,-22.5937]]],[[[-55.7992,-22.5939],[-55.7989,-22.5939],[-55.7989,-22.5941],[-55.7991,-22.5942],[-55.7992,-22.5939]]],[[[-55.8072,-22.5862],[-55.8069,-22.5858],[-55.8061,-22.5859],[-55.8062,-22.5861],[-55.8068,-22.5861],[-55.807,-22.5864],[-55.8072,-22.5862]]]]}}]}