{"type":"FeatureCollection","features":[{"type":"Feature","properties":{"nome":"Río Ypané","tipo":"river"},"geometry":{"type":"MultiLineString","coordinates":[[[-56.3138,-23.3456],[-56.3153,-23.3456],[-56.3194,-23.348],[-56.32,-23.348],[-56.3229,-23.3463],[-56.3245,-23.3462],[-56.3297,-23.3491],[-56.3317,-23.3516],[-56.333,-23.3521],[-56.3373,-23.353],[-56.3391,-23.3518],[-56.3408,-23.3514],[-56.3447,-23.3535],[-56.3484,-23.3524],[-56.3506,-23.3536],[-56.3529,-23.357],[-56.3543,-23.3605],[-56.3591,-23.3603],[-56.361,-23.363]],[[-56.3569,-23.3714],[-56.3553,-23.3716],[-56.3549,-23.3721],[-56.3547,-23.3747]]]}},{"type":"Feature","properties":{"nome":"Río Ypané","tipo":"river"},"geometry":{"type":"LineString","coordinates":[[-55.9791,-23.2517],[-55.9812,-23.2521],[-55.9817,-23.2544],[-55.9827,-23.2531],[-55.9836,-23.2535],[-55.9884,-23.2594],[-55.9871,-23.2601],[-55.9875,-23.2613],[-55.9903,-23.2613],[-55.99,-23.2636],[-55.9914,-23.2652],[-55.9904,-23.2657],[-55.9892,-23.2671],[-55.9892,-23.2686],[-55.9929,-23.2686],[-55.9972,-23.2693],[-55.9978,-23.2696],[-56.0002,-23.2739],[-56.0023,-23.2744],[-56.0026,-23.2741],[-56.0017,-23.2731],[-56.0031,-23.2715],[-56.0053,-23.2714],[-56.005,-23.2721],[-56.0041,-23.2724],[-56.0038,-23.2735],[-56.0042,-23.2737],[-56.0054,-23.2734],[-56.0065,-23.2723],[-56.0074,-23.2739],[-56.008,-23.2737],[-56.0078,-23.2723],[-56.0081,-23.2718],[-56.0085,-23.2721],[-56.0087,-23.2737],[-56.0107,-23.2732],[-56.0114,-23.2722],[-56.0123,-23.2729],[-56.0128,-23.2727],[-56.013,-23.2721],[-56.0117,-23.27],[-56.0124,-23.2696]]}},{"type":"Feature","properties":{"nome":"arroyo Ypane-jhu","tipo":"river"},"geometry":{"type":"LineString","coordinates":[[-55.6221,-23.2253],[-55.6229,-23.2272],[-55.6244,-23.2273],[-55.6262,-23.2261],[-55.6288,-23.226],[-55.6286,-23.2254],[-55.6303,-23.2235],[-55.632,-23.227],[-55.6348,-23.2271],[-55.635,-23.2281],[-55.6363,-23.2289],[-55.6361,-23.2297],[-55.6381,-23.2295],[-55.6403,-23.2316],[-55.6445,-23.2322],[-55.6447,-23.2329],[-55.6461,-23.233],[-55.6467,-23.2339],[-55.6505,-23.2322],[-55.6523,-23.2349],[-55.6538,-23.2328],[-55.6551,-23.2323],[-55.6557,-23.234],[-55.6531,-23.2366],[-55.6547,-23.2387],[-55.6559,-23.2384],[-55.6563,-23.2365],[-55.6576,-23.2369],[-55.6574,-23.2379],[-55.6597,-23.2381],[-55.6597,-23.2361],[-55.6603,-23.2354],[-55.6635,-23.2355],[-55.6642,-23.2348],[-55.6642,-23.2358],[-55.663,-23.2367],[-55.6631,-23.2371],[-55.6654,-23.2372],[-55.6667,-23.2392],[-55.6678,-23.2382],[-55.6688,-23.2383],[-55.6683,-23.242],[-55.6676,-23.242],[-55.6665,-23.2412],[-55.6662,-23.2429],[-55.6689,-23.2445],[-55.6691,-23.2461],[-55.67,-23.2453],[-55.6715,-23.2429],[-55.673,-23.2423],[-55.6765,-23.2428],[-55.676,-23.2438],[-55.677,-23.2449],[-55.6774,-23.2473],[-55.6771,-23.2483],[-55.6762,-23.2488],[-55.6735,-23.2475],[-55.6723,-23.2476],[-55.6719,-23.2487],[-55.6724,-23.2495],[-55.6716,-23.2497],[-55.6717,-23.2507],[-55.6736,-23.2513],[-55.674,-23.2529],[-55.6758,-23.2527],[-55.6811,-23.2543],[-55.681,-23.2547],[-55.6787,-23.2551],[-55.6778,-23.2562],[-55.6783,-23.2582],[-55.683,-23.2569],[-55.6867,-23.26],[-55.6867,-23.261],[-55.6858,-23.2624],[-55.6858,-23.2635],[-55.685,-23.2651],[-55.6864,-23.2646],[-55.6875,-23.2628],[-55.6884,-23.2621],[-55.6902,-23.2628],[-55.6904,-23.2636],[-55.6892,-23.2656],[-55.6871,-23.2657],[-55.6857,-23.2664],[-55.6855,-23.267],[-55.6844,-23.2671],[-55.684,-23.2677],[-55.6845,-23.2682],[-55.6858,-23.2687],[-55.689,-23.269],[-55.6897,-23.2696],[-55.691,-23.2685],[-55.6919,-23.2697],[-55.6939,-23.2686],[-55.6953,-23.2684],[-55.6996,-23.2723],[-55.6998,-23.2731],[-55.698,-23.2744],[-55.698,-23.275],[-55.7011,-23.2762],[-55.6977,-23.2783],[-55.6992,-23.2799],[-55.7023,-23.2813],[-55.7016,-23.2827],[-55.7003,-23.2839],[-55.7007,-23.2861],[-55.7012,-23.2865],[-55.7018,-23.2861],[-55.7026,-23.2846],[-55.7038,-23.2838],[-55.7075,-23.2846],[-55.7077,-23.285],[-55.7063,-23.2866],[-55.708,-23.2908],[-55.7077,-23.2928],[-55.713,-23.2924],[-55.7125,-23.2942],[-55.711,-23.2967],[-55.711,-23.2978],[-55.7143,-23.2971],[-55.7168,-23.2934],[-55.7174,-23.2939],[-55.7184,-23.2931],[-55.7189,-23.2939],[-55.7202,-23.2941],[-55.7207,-23.2939],[-55.7203,-23.2936],[-55.7206,-23.2933],[-55.7219,-23.294],[-55.7229,-23.294],[-55.7239,-23.2951],[-55.7225,-23.2993],[-55.7241,-23.299],[-55.7256,-23.3002],[-55.7285,-23.2986],[-55.7299,-23.2987],[-55.732,-23.2966],[-55.7334,-23.2983],[-55.7349,-23.2989],[-55.7359,-23.3006],[-55.7377,-23.3001],[-55.7396,-23.3025],[-55.7405,-23.3026],[-55.7397,-23.3044],[-55.74,-23.3051],[-55.7413,-23.3045],[-55.7417,-23.3037],[-55.7442,-23.3019],[-55.7457,-23.3013],[-55.7469,-23.3],[-55.7447,-23.2999],[-55.7412,-23.2981],[-55.7402,-23.2962],[-55.7418,-23.2951],[-55.7452,-23.2951],[-55.7496,-23.2924],[-55.7502,-23.2943],[-55.7514,-23.2948],[-55.7544,-23.2976],[-55.7547,-23.2966],[-55.7562,-23.2959],[-55.7588,-23.2935],[-55.7594,-23.292],[-55.7609,-23.2919],[-55.7616,-23.2935],[-55.763,-23.2921],[-55.7649,-23.2921],[-55.7653,-23.2927],[-55.7659,-23.2926],[-55.7659,-23.2918],[-55.7633,-23.2904],[-55.7634,-23.2894],[-55.7644,-23.2892],[-55.7666,-23.2903],[-55.7698,-23.2874],[-55.7702,-23.2902],[-55.7713,-23.2905],[-55.7707,-23.292],[-55.7717,-23.2924],[-55.7714,-23.2933],[-55.7702,-23.2937],[-55.7703,-23.2943],[-55.7723,-23.2943],[-55.7733,-23.2929],[-55.7764,-23.2943],[-55.7768,-23.2934],[-55.7762,-23.2929],[-55.7766,-23.2927],[-55.7774,-23.293],[-55.7786,-23.2947],[-55.7798,-23.2944],[-55.7803,-23.2937],[-55.7808,-23.2938],[-55.7821,-23.296],[-55.7835,-23.2956],[-55.785,-23.2966],[-55.7851,-23.2971],[-55.7859,-23.297],[-55.7861,-23.2962],[-55.788,-23.295],[-55.7891,-23.2957],[-55.7906,-23.2936],[-55.7919,-23.2928],[-55.7933,-23.2949],[-55.796,-23.2954],[-55.7997,-23.2918],[-55.801,-23.2929],[-55.8002,-23.2944],[-55.8003,-23.296],[-55.8015,-23.2973],[-55.8032,-23.2965],[-55.8045,-23.2972],[-55.8071,-23.297],[-55.8094,-23.2943],[-55.8096,-23.2955],[-55.8108,-23.2953],[-55.8118,-23.2962],[-55.8127,-23.2955],[-55.8144,-23.2958],[-55.8141,-23.2945],[-55.8171,-23.2951],[-55.8179,-23.2971],[-55.821,-23.2964],[-55.8219,-23.2958],[-55.8228,-23.296],[-55.823,-23.2973],[-55.8212,-23.2976],[-55.822,-23.2984],[-55.8233,-23.2985],[-55.8223,-23.2995],[-55.8231,-23.3002],[-55.8224,-23.3013],[-55.8299,-23.3046],[-55.8313,-23.3041],[-55.8317,-23.3061],[-55.8323,-23.3066],[-55.8325,-23.3051],[-55.8334,-23.3043],[-55.8349,-23.3043],[-55.8348,-23.3053],[-55.8361,-23.3073],[-55.8365,-23.306],[-55.8383,-23.3052],[-55.8385,-23.3056],[-55.8377,-23.3068],[-55.8388,-23.3084],[-55.8382,-23.3094],[-55.8403,-23.3087],[-55.8405,-23.3093],[-55.8394,-23.3103],[-55.8407,-23.3113],[-55.8434,-23.3113],[-55.8435,-23.3123],[-55.8443,-23.3129],[-55.8456,-23.3128],[-55.8455,-23.3137],[-55.8458,-23.3138],[-55.8475,-23.3141],[-55.8473,-23.3132],[-55.8477,-23.3131],[-55.8484,-23.3145],[-55.8475,-23.3151],[-55.848,-23.3154],[-55.8487,-23.3146],[-55.8495,-23.3147],[-55.8493,-23.3158],[-55.8521,-23.3149],[-55.8557,-23.3154],[-55.8561,-23.3161],[-55.8553,-23.3173],[-55.8565,-23.318],[-55.8556,-23.3187],[-55.8578,-23.3183],[-55.8586,-23.3206],[-55.8602,-23.3206],[-55.8596,-23.3216],[-55.8607,-23.3217],[-55.8606,-23.3208],[-55.8615,-23.321],[-55.8624,-23.3206],[-55.8636,-23.3224],[-55.8654,-23.3233],[-55.8657,-23.3229],[-55.8652,-23.3224],[-55.8659,-23.3216],[-55.8657,-23.3211],[-55.8668,-23.3209],[-55.8678,-23.3201],[-55.869,-23.3203],[-55.8694,-23.3197],[-55.8712,-23.3197],[-55.8718,-23.32],[-55.871,-23.3206],[-55.8722,-23.3213],[-55.8718,-23.3221],[-55.8728,-23.3219],[-55.8724,-23.323],[-55.874,-23.3235],[-55.8746,-23.3226],[-55.875,-23.3243],[-55.8761,-23.3242],[-55.8763,-23.3254],[-55.8773,-23.3255],[-55.8777,-23.3262],[-55.8801,-23.3262],[-55.8809,-23.3268],[-55.8829,-23.3262],[-55.8837,-23.3252],[-55.8843,-23.3257],[-55.8845,-23.325],[-55.887,-23.3261],[-55.8873,-23.3269],[-55.8867,-23.3273],[-55.8871,-23.3289],[-55.8877,-23.3276],[-55.8888,-23.3278],[-55.8894,-23.327],[-55.8906,-23.3273],[-55.891,-23.3264],[-55.8931,-23.3274],[-55.8943,-23.3273],[-55.8947,-23.3278],[-55.895,-23.3271],[-55.8956,-23.3278],[-55.8959,-23.3269],[-55.8967,-23.3275],[-55.8982,-23.3268],[-55.8986,-23.3275],[-55.8988,-23.3268],[-55.9008,-23.3262],[-55.9031,-23.3263],[-55.9032,-23.3249],[-55.9026,-23.3254],[-55.9022,-23.3251],[-55.9034,-23.3246],[-55.9048,-23.3251],[-55.9044,-23.3242]]}},{"type":"Feature","properties":{"nome":"","tipo":"dam"},"geometry":{"type":"LineString","coordinates":[[-55.7954,-23.3775],[-55.7953,-23.3781]]}},{"type":"Feature","properties":{"nome":"","tipo":"stream"},"geometry":{"type":"LineString","coordinates":[[-55.793,-23.3777],[-55.7949,-23.3778]]}},{"type":"Feature","properties":{"nome":"","tipo":"stream"},"geometry":{"type":"LineString","coordinates":[[-55.7497,-23.3008],[-55.7469,-23.3]]}},{"type":"Feature","properties":{"nome":"arroyo Yuquyry","tipo":"stream"},"geometry":{"type":"LineString","coordinates":[[-55.6645,-23.3129],[-55.6672,-23.3126],[-55.6707,-23.3128],[-55.6751,-23.31],[-55.6777,-23.3111],[-55.6793,-23.3109],[-55.6808,-23.3102],[-55.6821,-23.3085],[-55.6852,-23.3087],[-55.6868,-23.3081],[-55.6878,-23.307],[-55.6907,-23.3072],[-55.691,-23.3087],[-55.6919,-23.309],[-55.6941,-23.3064],[-55.6942,-23.3053],[-55.6958,-23.3041],[-55.6971,-23.3043],[-55.6974,-23.3062],[-55.699,-23.3063],[-55.699,-23.3077],[-55.6996,-23.3082],[-55.7017,-23.309],[-55.7031,-23.3102],[-55.7057,-23.3109],[-55.7071,-23.3123],[-55.7096,-23.3122],[-55.7101,-23.311],[-55.7133,-23.3109],[-55.7145,-23.3129],[-55.7167,-23.314],[-55.7174,-23.3131],[-55.7182,-23.309],[-55.7195,-23.309],[-55.7218,-23.3103],[-55.723,-23.3131],[-55.7223,-23.3155],[-55.7228,-23.316],[-55.7237,-23.316],[-55.7244,-23.3157],[-55.7243,-23.315],[-55.7256,-23.3148],[-55.7275,-23.3137],[-55.7283,-23.3126],[-55.728,-23.3119],[-55.7291,-23.3117],[-55.7309,-23.3095],[-55.7363,-23.3081],[-55.7366,-23.307],[-55.7378,-23.306],[-55.7388,-23.3061],[-55.7403,-23.3078],[-55.7415,-23.3082],[-55.7416,-23.3068],[-55.7433,-23.3045],[-55.7423,-23.3041],[-55.7413,-23.3044]]}},{"type":"Feature","properties":{"nome":"","tipo":"stream"},"geometry":{"type":"LineString","coordinates":[[-55.7096,-23.3519],[-55.7085,-23.3507],[-55.7089,-23.3501],[-55.7085,-23.3501],[-55.7084,-23.3474],[-55.707,-23.3458],[-55.7083,-23.3436],[-55.7073,-23.3427],[-55.7084,-23.342],[-55.7096,-23.3399],[-55.7072,-23.3352],[-55.705,-23.3339],[-55.7075,-23.3306],[-55.7107,-23.3292],[-55.7103,-23.3277],[-55.7083,-23.3255],[-55.7082,-23.325],[-55.7101,-23.3242],[-55.7106,-23.3235],[-55.7103,-23.3204],[-55.7088,-23.3173]]}},{"type":"Feature","properties":{"nome":"","tipo":"stream"},"geometry":{"type":"LineString","coordinates":[[-55.7021,-23.3211],[-55.7047,-23.3197],[-55.706,-23.3184],[-55.708,-23.3181],[-55.7089,-23.3173],[-55.7109,-23.3166],[-55.7121,-23.3155],[-55.7114,-23.3153],[-55.7109,-23.3143],[-55.7122,-23.3144],[-55.713,-23.3134],[-55.7145,-23.3129]]}},{"type":"Feature","properties":{"nome":"","tipo":"dam"},"geometry":{"type":"LineString","coordinates":[[-55.5867,-23.258],[-55.5861,-23.2587]]}},{"type":"Feature","properties":{"nome":"","tipo":"dam"},"geometry":{"type":"LineString","coordinates":[[-55.6075,-23.1859],[-55.6071,-23.1884]]}},{"type":"Feature","properties":{"nome":"","tipo":"stream"},"geometry":{"type":"LineString","coordinates":[[-55.6193,-23.1794],[-55.6171,-23.1807],[-55.6127,-23.1853],[-55.6111,-23.1857],[-55.607,-23.1883],[-55.6064,-23.1879],[-55.6063,-23.187],[-55.6046,-23.1873],[-55.6007,-23.1888],[-55.5979,-23.1909],[-55.5967,-23.1912]]}},{"type":"Feature","properties":{"nome":"","tipo":"stream"},"geometry":{"type":"LineString","coordinates":[[-55.6159,-23.1583],[-55.6179,-23.1577],[-55.6219,-23.1539]]}},{"type":"Feature","properties":{"nome":"","tipo":"dam"},"geometry":{"type":"LineString","coordinates":[[-55.617,-23.1578],[-55.6167,-23.1585]]}},{"type":"Feature","properties":{"nome":"","tipo":"stream"},"geometry":{"type":"LineString","coordinates":[[-55.7116,-23.2632],[-55.7098,-23.2644],[-55.7097,-23.265]]}},{"type":"Feature","properties":{"nome":"","tipo":"dam"},"geometry":{"type":"LineString","coordinates":[[-55.8085,-23.2503],[-55.8091,-23.2505]]}},{"type":"Feature","properties":{"nome":"","tipo":"river"},"geometry":{"type":"LineString","coordinates":[[-55.8044,-23.1791],[-55.8063,-23.1782],[-55.8091,-23.1794],[-55.8105,-23.1789],[-55.8118,-23.1777],[-55.8128,-23.178],[-55.8135,-23.1773],[-55.8153,-23.1787],[-55.8178,-23.1777],[-55.8177,-23.1736],[-55.8187,-23.1726],[-55.8204,-23.1745],[-55.8214,-23.1739],[-55.8223,-23.1725],[-55.8232,-23.1729],[-55.8248,-23.1722],[-55.8269,-23.1731],[-55.8281,-23.1721],[-55.8277,-23.1697],[-55.8304,-23.1673],[-55.8332,-23.1674],[-55.8357,-23.1653],[-55.8342,-23.164],[-55.8356,-23.1632],[-55.8359,-23.1643],[-55.8368,-23.1646],[-55.8369,-23.1634],[-55.8395,-23.163],[-55.8395,-23.1626],[-55.8382,-23.1623],[-55.8388,-23.1613],[-55.8387,-23.1594],[-55.8376,-23.159],[-55.8365,-23.1576],[-55.837,-23.1555],[-55.8384,-23.1559],[-55.8392,-23.1557]]}},{"type":"Feature","properties":{"nome":"Río Ypané","tipo":"river"},"geometry":{"type":"LineString","coordinates":[[-55.8182,-23.1205],[-55.8185,-23.1218],[-55.8179,-23.1233],[-55.8196,-23.1228],[-55.821,-23.1215],[-55.822,-23.1226],[-55.8213,-23.1234],[-55.8215,-23.1245],[-55.8237,-23.1237],[-55.8249,-23.1243],[-55.8238,-23.1269],[-55.8241,-23.1279],[-55.8235,-23.1287],[-55.8237,-23.1298],[-55.8224,-23.1304],[-55.8209,-23.1301],[-55.8195,-23.1313],[-55.8199,-23.1318],[-55.8221,-23.1325],[-55.8239,-23.1317],[-55.826,-23.1318],[-55.8251,-23.1329],[-55.8232,-23.1336],[-55.8239,-23.1355],[-55.8236,-23.1368],[-55.8245,-23.1372],[-55.8222,-23.1394],[-55.8238,-23.1408],[-55.8254,-23.1408],[-55.8266,-23.1422],[-55.8266,-23.1433],[-55.8252,-23.1428],[-55.8246,-23.1432],[-55.8247,-23.1474],[-55.8255,-23.1473],[-55.8266,-23.1463],[-55.8276,-23.1467],[-55.8271,-23.1485],[-55.8294,-23.1504],[-55.8316,-23.1511],[-55.8322,-23.1533],[-55.8335,-23.1528],[-55.8368,-23.1533],[-55.8382,-23.153],[-55.8392,-23.1557]]}},{"type":"Feature","properties":{"nome":"","tipo":"dam"},"geometry":{"type":"LineString","coordinates":[[-55.74,-22.9208],[-55.742,-22.9223]]}},{"type":"Feature","properties":{"nome":"","tipo":"river"},"geometry":{"type":"LineString","coordinates":[[-55.7292,-22.7183],[-55.7298,-22.719],[-55.731,-22.7185],[-55.731,-22.719],[-55.7321,-22.7192],[-55.7328,-22.7199],[-55.7327,-22.7211],[-55.7307,-22.7218],[-55.7314,-22.7221],[-55.731,-22.7229],[-55.7319,-22.7232],[-55.7344,-22.7212],[-55.7345,-22.7207],[-55.7355,-22.7215],[-55.7371,-22.7198],[-55.7383,-22.7193],[-55.74,-22.7172],[-55.7406,-22.7177],[-55.7401,-22.7188],[-55.7415,-22.7187],[-55.742,-22.7194],[-55.7414,-22.72],[-55.7423,-22.7202],[-55.7433,-22.7215],[-55.7436,-22.7212],[-55.7431,-22.7199],[-55.7435,-22.7195],[-55.7445,-22.7192],[-55.7456,-22.7204],[-55.7466,-22.7201],[-55.7465,-22.7195],[-55.7455,-22.7197],[-55.7453,-22.7191],[-55.7462,-22.7182],[-55.7465,-22.7188],[-55.747,-22.7186],[-55.747,-22.7171],[-55.7479,-22.7171],[-55.7508,-22.7155],[-55.7501,-22.7145],[-55.7513,-22.7131],[-55.752,-22.7139],[-55.753,-22.7133],[-55.7539,-22.7135],[-55.7563,-22.7151],[-55.7588,-22.7158],[-55.7597,-22.7148],[-55.7612,-22.715],[-55.7635,-22.7138],[-55.765,-22.714],[-55.7666,-22.7156],[-55.7665,-22.7172],[-55.766,-22.7155],[-55.7652,-22.7158],[-55.766,-22.7183],[-55.7679,-22.7187],[-55.7684,-22.7181],[-55.7687,-22.7184],[-55.7684,-22.7194],[-55.7706,-22.7202],[-55.7691,-22.7203],[-55.7691,-22.7233],[-55.772,-22.7217],[-55.7764,-22.7224],[-55.7787,-22.72],[-55.7791,-22.7201],[-55.7788,-22.721],[-55.7792,-22.7212],[-55.7808,-22.7194],[-55.7801,-22.7189],[-55.7809,-22.7176],[-55.7824,-22.718],[-55.7827,-22.7211],[-55.7836,-22.7198],[-55.7858,-22.7217],[-55.788,-22.7215],[-55.7902,-22.7223],[-55.7902,-22.7216],[-55.7889,-22.7211],[-55.7903,-22.7202],[-55.7896,-22.7189],[-55.7915,-22.7187],[-55.7911,-22.7183],[-55.7914,-22.7181],[-55.7924,-22.7192],[-55.7923,-22.7182],[-55.7939,-22.7178],[-55.7936,-22.7188],[-55.7947,-22.7188],[-55.7965,-22.7205],[-55.7972,-22.7199],[-55.7989,-22.7214],[-55.7992,-22.7224],[-55.7985,-22.7226],[-55.798,-22.7222],[-55.7975,-22.7225],[-55.7983,-22.723],[-55.7976,-22.7233],[-55.7978,-22.7237],[-55.8004,-22.7242],[-55.7999,-22.7249],[-55.8011,-22.7253],[-55.8013,-22.7248],[-55.8019,-22.7254],[-55.8025,-22.7253],[-55.8033,-22.7243],[-55.8046,-22.7255],[-55.8068,-22.7259]]}},{"type":"Feature","properties":{"nome":"","tipo":"stream"},"geometry":{"type":"LineString","coordinates":[[-55.7586,-22.7362],[-55.7592,-22.7355],[-55.7601,-22.7354],[-55.7609,-22.7332],[-55.7631,-22.73],[-55.763,-22.7283],[-55.7638,-22.7268],[-55.7652,-22.7259],[-55.7654,-22.7246],[-55.7662,-22.7235],[-55.7678,-22.7224],[-55.7688,-22.7229]]}},{"type":"Feature","properties":{"nome":"","tipo":"stream"},"geometry":{"type":"LineString","coordinates":[[-55.7479,-22.7062],[-55.7474,-22.7073]]}},{"type":"Feature","properties":{"nome":"","tipo":"stream"},"geometry":{"type":"LineString","coordinates":[[-55.7517,-22.7099],[-55.7509,-22.7107],[-55.7506,-22.7121]]}},{"type":"Feature","properties":{"nome":"","tipo":"stream"},"geometry":{"type":"LineString","coordinates":[[-55.7431,-22.6996],[-55.7464,-22.705],[-55.7461,-22.7054],[-55.7465,-22.7066],[-55.7491,-22.709],[-55.7498,-22.7112],[-55.7507,-22.7122],[-55.751,-22.7133]]}},{"type":"Feature","properties":{"nome":"","tipo":"stream"},"geometry":{"type":"LineString","coordinates":[[-55.7471,-22.7038],[-55.7464,-22.7043],[-55.7464,-22.705]]}},{"type":"Feature","properties":{"nome":"","tipo":"stream"},"geometry":{"type":"LineString","coordinates":[[-55.8513,-22.8192],[-55.8518,-22.8161],[-55.8538,-22.811],[-55.8543,-22.807],[-55.8553,-22.8039],[-55.8584,-22.8017],[-55.8618,-22.7986],[-55.8629,-22.7968]]}},{"type":"Feature","properties":{"nome":"","tipo":"stream"},"geometry":{"type":"LineString","coordinates":[[-56.0109,-22.917],[-56.0119,-22.9151],[-56.0132,-22.9146]]}},{"type":"Feature","properties":{"nome":"","tipo":"stream"},"geometry":{"type":"LineString","coordinates":[[-56.0752,-22.8387],[-56.0751,-22.8417],[-56.0761,-22.8434],[-56.0775,-22.8443],[-56.0767,-22.8453],[-56.078,-22.8473],[-56.0777,-22.8482],[-56.0782,-22.8488],[-56.0771,-22.852],[-56.0761,-22.8531],[-56.0769,-22.8543],[-56.0766,-22.8568],[-56.0762,-22.8579],[-56.0752,-22.859],[-56.0756,-22.8617],[-56.0765,-22.8632],[-56.075,-22.8648],[-56.0762,-22.8662],[-56.0785,-22.8671],[-56.0781,-22.8693],[-56.0787,-22.8701],[-56.0807,-22.8707],[-56.0803,-22.8711],[-56.0804,-22.8725],[-56.0794,-22.8753],[-56.0788,-22.8752],[-56.0787,-22.8763],[-56.0755,-22.8752],[-56.075,-22.8766],[-56.0762,-22.8778],[-56.0755,-22.8793],[-56.0756,-22.881],[-56.0764,-22.8821],[-56.076,-22.8834],[-56.0773,-22.8838],[-56.079,-22.8869],[-56.0799,-22.8875],[-56.08,-22.8885],[-56.0809,-22.889],[-56.0813,-22.8904],[-56.0819,-22.8905],[-56.0828,-22.8935],[-56.0825,-22.8943],[-56.0818,-22.8943],[-56.0834,-22.8953],[-56.0842,-22.8976],[-56.0827,-22.8994],[-56.0835,-22.9028],[-56.0843,-22.9033],[-56.0836,-22.906],[-56.0824,-22.9068]]}},{"type":"Feature","properties":{"nome":"","tipo":"river"},"geometry":{"type":"LineString","coordinates":[[-55.9315,-22.7955],[-55.9347,-22.793],[-55.9353,-22.792],[-55.9331,-22.7926],[-55.9324,-22.791],[-55.934,-22.7902],[-55.9348,-22.7908],[-55.936,-22.7908]]}},{"type":"Feature","properties":{"nome":"","tipo":"river"},"geometry":{"type":"LineString","coordinates":[[-55.936,-22.7908],[-55.9395,-22.7902],[-55.9387,-22.7937],[-55.9377,-22.7941],[-55.9366,-22.796],[-55.9365,-22.7977],[-55.9372,-22.7982],[-55.9385,-22.7982],[-55.9393,-22.7964],[-55.9412,-22.7952],[-55.9417,-22.7958],[-55.9412,-22.7975],[-55.9422,-22.8]]}},{"type":"Feature","properties":{"nome":"","tipo":"river"},"geometry":{"type":"LineString","coordinates":[[-55.9032,-22.7194],[-55.9043,-22.7191],[-55.9051,-22.7201],[-55.9051,-22.7216],[-55.9036,-22.7225],[-55.9021,-22.722],[-55.9015,-22.7229],[-55.9027,-22.7247],[-55.9022,-22.726],[-55.9038,-22.7266],[-55.9056,-22.7262],[-55.9062,-22.7268],[-55.906,-22.7276],[-55.9053,-22.728],[-55.9056,-22.7295],[-55.9049,-22.7311],[-55.9053,-22.7311],[-55.9056,-22.73],[-55.9066,-22.7304],[-55.906,-22.7317],[-55.907,-22.7317],[-55.9074,-22.7342],[-55.9059,-22.7356],[-55.907,-22.7354],[-55.9071,-22.7357],[-55.906,-22.7377],[-55.907,-22.739],[-55.9086,-22.7392],[-55.909,-22.7404],[-55.9145,-22.742],[-55.9133,-22.7429],[-55.9147,-22.7431],[-55.9145,-22.7443],[-55.9175,-22.744],[-55.9168,-22.7455],[-55.9168,-22.748],[-55.9187,-22.752],[-55.9211,-22.7541],[-55.9212,-22.7549],[-55.9218,-22.755],[-55.9225,-22.7542],[-55.9223,-22.7526],[-55.9231,-22.7531],[-55.9242,-22.7532],[-55.9246,-22.7526],[-55.9262,-22.753],[-55.928,-22.7522],[-55.9278,-22.7538],[-55.9286,-22.7548],[-55.9291,-22.7568],[-55.9311,-22.7577],[-55.9312,-22.7586],[-55.9303,-22.7594],[-55.9311,-22.7599],[-55.9318,-22.7588],[-55.934,-22.7597],[-55.934,-22.7608],[-55.9332,-22.7614],[-55.9334,-22.7624],[-55.9302,-22.764],[-55.9298,-22.7655]]}},{"type":"Feature","properties":{"nome":"","tipo":"stream"},"geometry":{"type":"LineString","coordinates":[[-55.8923,-22.6032],[-55.8941,-22.5992],[-55.8952,-22.5993],[-55.8972,-22.5983],[-55.899,-22.5985],[-55.9039,-22.5974],[-55.905,-22.598],[-55.9055,-22.5976]]}},{"type":"Feature","properties":{"nome":"","tipo":"stream"},"geometry":{"type":"LineString","coordinates":[[-55.8702,-22.6159],[-55.8704,-22.6148],[-55.8713,-22.6138],[-55.8706,-22.6124],[-55.8715,-22.6091],[-55.8704,-22.608],[-55.8695,-22.6048],[-55.8707,-22.6034],[-55.8705,-22.6027],[-55.8709,-22.6027],[-55.871,-22.6016],[-55.8719,-22.601],[-55.8718,-22.6004],[-55.8726,-22.6004],[-55.8729,-22.5985],[-55.8738,-22.5981],[-55.8738,-22.5969],[-55.8744,-22.597],[-55.8744,-22.5964],[-55.876,-22.5953],[-55.8766,-22.5938],[-55.8774,-22.5939],[-55.8776,-22.5925],[-55.8782,-22.593],[-55.8782,-22.5923],[-55.879,-22.5919],[-55.8797,-22.5922],[-55.8818,-22.5915],[-55.8844,-22.5915],[-55.8878,-22.5893],[-55.8886,-22.5897],[-55.8899,-22.5892],[-55.8907,-22.5897],[-55.8907,-22.5893],[-55.8919,-22.589],[-55.8935,-22.5872],[-55.8928,-22.5856],[-55.8924,-22.5855],[-55.8926,-22.5836],[-55.8922,-22.5827],[-55.8935,-22.5821],[-55.8937,-22.5814],[-55.8955,-22.58],[-55.8965,-22.5795],[-55.898,-22.5795],[-55.8989,-22.5785],[-55.899,-22.5788],[-55.9003,-22.5784],[-55.9022,-22.5795],[-55.9025,-22.5802],[-55.9032,-22.5802],[-55.9038,-22.5816],[-55.9049,-22.5809],[-55.9078,-22.5807],[-55.9113,-22.5826],[-55.9124,-22.5817],[-55.9136,-22.5814],[-55.9142,-22.5836],[-55.9182,-22.5837],[-55.919,-22.583],[-55.9203,-22.5831],[-55.9217,-22.5845]]}},{"type":"Feature","properties":{"nome":"","tipo":"stream"},"geometry":{"type":"LineString","coordinates":[[-55.8805,-22.6218],[-55.8822,-22.6219],[-55.8834,-22.6207],[-55.885,-22.6202],[-55.8856,-22.6196],[-55.8877,-22.6198],[-55.89,-22.6176],[-55.8928,-22.6183],[-55.8936,-22.6181],[-55.8959,-22.6165],[-55.897,-22.6141],[-55.8979,-22.6134],[-55.9008,-22.6141],[-55.9025,-22.6135],[-55.9058,-22.61],[-55.9057,-22.6093],[-55.9048,-22.6089],[-55.9054,-22.607],[-55.9069,-22.6057],[-55.9062,-22.6031],[-55.9063,-22.6001],[-55.9055,-22.5975],[-55.9083,-22.5968],[-55.9099,-22.5952],[-55.911,-22.596],[-55.9124,-22.596],[-55.9128,-22.5949],[-55.9137,-22.5948],[-55.9141,-22.5936],[-55.9137,-22.5929],[-55.9152,-22.5915],[-55.9165,-22.5878],[-55.9183,-22.5883],[-55.9188,-22.5871],[-55.9207,-22.586],[-55.9209,-22.5848],[-55.9225,-22.5839],[-55.9233,-22.5843],[-55.9245,-22.584]]}},{"type":"Feature","properties":{"nome":"Río Aquidabán","tipo":"river"},"geometry":{"type":"LineString","coordinates":[[-55.8301,-22.499],[-55.8306,-22.4998],[-55.8302,-22.5005],[-55.831,-22.5002],[-55.8311,-22.5016],[-55.8322,-22.5027],[-55.8317,-22.503],[-55.8319,-22.5034],[-55.8329,-22.5032],[-55.8331,-22.5039],[-55.8352,-22.5039],[-55.836,-22.5051],[-55.8368,-22.5047],[-55.8376,-22.5059],[-55.8383,-22.5062],[-55.8389,-22.5056],[-55.8391,-22.5045],[-55.8399,-22.504],[-55.8415,-22.5047],[-55.8444,-22.5034],[-55.8446,-22.5016],[-55.8454,-22.5016],[-55.8455,-22.5006],[-55.847,-22.4996],[-55.8477,-22.5007],[-55.8482,-22.5001],[-55.8487,-22.5007],[-55.8503,-22.5],[-55.8509,-22.5012],[-55.8519,-22.5018],[-55.8526,-22.5015],[-55.8521,-22.5009],[-55.8532,-22.4993],[-55.8546,-22.4995],[-55.8545,-22.4989],[-55.8557,-22.4985],[-55.8554,-22.498],[-55.8562,-22.4971],[-55.8576,-22.4982],[-55.8589,-22.4981],[-55.8592,-22.4992],[-55.8612,-22.4987],[-55.862,-22.499],[-55.8617,-22.4996],[-55.865,-22.4992],[-55.8654,-22.4995],[-55.8647,-22.4999],[-55.8657,-22.4999],[-55.8661,-22.4994],[-55.8669,-22.5002],[-55.8673,-22.4992],[-55.8678,-22.4996],[-55.8671,-22.5011],[-55.8674,-22.5032],[-55.867,-22.5037],[-55.8658,-22.5039],[-55.8655,-22.5046],[-55.8684,-22.507],[-55.8682,-22.5075],[-55.8666,-22.5076],[-55.8644,-22.51],[-55.8654,-22.5119],[-55.8655,-22.5147],[-55.8683,-22.5181],[-55.8696,-22.5184],[-55.8707,-22.5176],[-55.8714,-22.5177],[-55.8747,-22.5152],[-55.8748,-22.516],[-55.8772,-22.518],[-55.8787,-22.5204],[-55.8802,-22.5203],[-55.8814,-22.5212],[-55.8824,-22.5208],[-55.883,-22.5212],[-55.8822,-22.5215],[-55.8826,-22.5218],[-55.8847,-22.5217],[-55.8843,-22.5193],[-55.8856,-22.5191],[-55.8855,-22.5183],[-55.8859,-22.5182],[-55.8878,-22.5197],[-55.8878,-22.5203],[-55.8884,-22.5196],[-55.889,-22.5199],[-55.8887,-22.5215],[-55.8897,-22.5225],[-55.8903,-22.5225],[-55.8905,-22.5217],[-55.8919,-22.5205],[-55.8949,-22.5236],[-55.8962,-22.5242],[-55.8973,-22.5241],[-55.8986,-22.5256],[-55.8998,-22.5259],[-55.9006,-22.5269],[-55.8997,-22.5294],[-55.9004,-22.5306],[-55.8988,-22.5309],[-55.8999,-22.5314],[-55.9007,-22.5334],[-55.9017,-22.5332],[-55.9018,-22.534],[-55.901,-22.5354],[-55.8994,-22.5358],[-55.8996,-22.537],[-55.8989,-22.5382],[-55.8972,-22.5379],[-55.8981,-22.5396],[-55.8999,-22.5389],[-55.902,-22.5411],[-55.9029,-22.5432],[-55.9024,-22.5451],[-55.9035,-22.5445],[-55.9043,-22.543],[-55.9058,-22.5441],[-55.9072,-22.5441],[-55.9098,-22.5471],[-55.9122,-22.5407],[-55.9153,-22.5409],[-55.9184,-22.5402],[-55.918,-22.5439],[-55.9139,-22.5492],[-55.9142,-22.5508],[-55.9155,-22.5527],[-55.9186,-22.5555],[-55.9127,-22.5602],[-55.9125,-22.5609],[-55.9132,-22.5618],[-55.917,-22.5632],[-55.9203,-22.5628],[-55.9242,-22.561],[-55.9259,-22.5621],[-55.9262,-22.5629],[-55.9255,-22.563],[-55.9252,-22.5636],[-55.9235,-22.5646],[-55.923,-22.5663],[-55.9208,-22.5697],[-55.9205,-22.5706],[-55.9211,-22.5722],[-55.9242,-22.5733],[-55.926,-22.573],[-55.9303,-22.5685],[-55.9333,-22.5667],[-55.9341,-22.5678],[-55.9345,-22.5694],[-55.934,-22.5704],[-55.9351,-22.5715],[-55.9386,-22.571],[-55.9394,-22.5702],[-55.9421,-22.5692],[-55.9446,-22.5698],[-55.9438,-22.5708],[-55.9434,-22.5725],[-55.9446,-22.5724],[-55.9457,-22.5715],[-55.9462,-22.5719],[-55.944,-22.5754],[-55.9433,-22.5754],[-55.9425,-22.5739],[-55.9409,-22.5761],[-55.9392,-22.5753],[-55.9384,-22.5757],[-55.9387,-22.5763],[-55.94,-22.5768],[-55.943,-22.5769],[-55.9433,-22.5776],[-55.9428,-22.5781],[-55.9385,-22.5788],[-55.9363,-22.5772],[-55.9353,-22.5771],[-55.9293,-22.5773],[-55.9275,-22.5779],[-55.9267,-22.58],[-55.9285,-22.581],[-55.9285,-22.582],[-55.9268,-22.5823],[-55.9249,-22.5809],[-55.9233,-22.5828],[-55.9249,-22.5846],[-55.924,-22.5857],[-55.9242,-22.5876],[-55.9251,-22.5884],[-55.9264,-22.5879]]}},{"type":"Feature","properties":{"nome":"","tipo":"dam"},"geometry":{"type":"LineString","coordinates":[[-55.8743,-22.5033],[-55.8742,-22.5053]]}},{"type":"Feature","properties":{"nome":"","tipo":"stream"},"geometry":{"type":"LineString","coordinates":[[-55.818,-22.5169],[-55.8214,-22.5163],[-55.8255,-22.5143],[-55.8278,-22.5121],[-55.8299,-22.5119],[-55.8321,-22.5098],[-55.8323,-22.5091],[-55.834,-22.508],[-55.8349,-22.5062],[-55.8354,-22.5065],[-55.8357,-22.5059],[-55.8376,-22.5059]]}},{"type":"Feature","properties":{"nome":"","tipo":"dam"},"geometry":{"type":"LineString","coordinates":[[-55.8354,-22.5064],[-55.8353,-22.5065]]}},{"type":"Feature","properties":{"nome":"Río Aquidabán","tipo":"river"},"geometry":{"type":"LineString","coordinates":[[-55.7895,-22.4586],[-55.79,-22.4588],[-55.79,-22.4594],[-55.7917,-22.4591],[-55.7918,-22.4598],[-55.7924,-22.4594],[-55.7934,-22.4602],[-55.795,-22.4606],[-55.7949,-22.4614],[-55.7956,-22.4614],[-55.7964,-22.4638],[-55.7975,-22.4637],[-55.7974,-22.4648],[-55.7981,-22.4659],[-55.7993,-22.4654],[-55.8006,-22.4656],[-55.8009,-22.4649],[-55.8011,-22.4659],[-55.8018,-22.466],[-55.8015,-22.4671],[-55.8042,-22.4671],[-55.8045,-22.4664],[-55.805,-22.4666],[-55.805,-22.4672],[-55.8064,-22.467],[-55.8058,-22.4671],[-55.8057,-22.4683],[-55.8054,-22.4678],[-55.805,-22.468],[-55.8052,-22.4688],[-55.8045,-22.4691],[-55.8043,-22.4687],[-55.8043,-22.4696],[-55.8053,-22.4699],[-55.8036,-22.4721],[-55.8052,-22.4725],[-55.8056,-22.4738],[-55.8045,-22.4753],[-55.8039,-22.475],[-55.8037,-22.4754],[-55.805,-22.477],[-55.8064,-22.4777],[-55.8086,-22.4771],[-55.8105,-22.4792],[-55.8092,-22.4826],[-55.8093,-22.4849],[-55.8102,-22.4862],[-55.8111,-22.486],[-55.8114,-22.4866],[-55.8126,-22.4867],[-55.8144,-22.4862],[-55.8153,-22.4875],[-55.8184,-22.4884],[-55.8176,-22.4891],[-55.817,-22.4917],[-55.8164,-22.4911],[-55.8168,-22.4927],[-55.8158,-22.4931],[-55.8159,-22.4948],[-55.8179,-22.4933],[-55.8184,-22.4939],[-55.8192,-22.4935],[-55.82,-22.4899],[-55.8208,-22.491],[-55.8224,-22.491],[-55.8228,-22.489],[-55.8237,-22.4907],[-55.8251,-22.4921],[-55.826,-22.4922],[-55.8274,-22.4944],[-55.8301,-22.4951],[-55.8296,-22.4958],[-55.8307,-22.4974],[-55.8301,-22.4975],[-55.8297,-22.4983],[-55.8301,-22.499]]}},{"type":"Feature","properties":{"nome":"","tipo":"stream"},"geometry":{"type":"LineString","coordinates":[[-55.7726,-22.4954],[-55.7751,-22.4964],[-55.7789,-22.4965],[-55.7798,-22.4981],[-55.782,-22.4993],[-55.7822,-22.5008],[-55.7837,-22.5008],[-55.7873,-22.5019],[-55.7912,-22.5044],[-55.7923,-22.5044],[-55.7941,-22.5062],[-55.7981,-22.5054],[-55.8001,-22.5075],[-55.8028,-22.5071],[-55.8032,-22.5077],[-55.8036,-22.5075],[-55.8046,-22.5081],[-55.8119,-22.5075],[-55.8161,-22.5057],[-55.8171,-22.5048],[-55.817,-22.5038],[-55.8177,-22.5034],[-55.8177,-22.5026],[-55.819,-22.502],[-55.8192,-22.5006],[-55.8207,-22.5004],[-55.8217,-22.4992],[-55.8268,-22.4978],[-55.827,-22.4982],[-55.8278,-22.4979],[-55.828,-22.4988],[-55.8286,-22.4984],[-55.8286,-22.499],[-55.8291,-22.4985],[-55.8296,-22.4991],[-55.8301,-22.499]]}},{"type":"Feature","properties":{"nome":"","tipo":"dam"},"geometry":{"type":"LineString","coordinates":[[-55.8166,-22.384],[-55.8167,-22.3859]]}},{"type":"Feature","properties":{"nome":"","tipo":"stream"},"geometry":{"type":"LineString","coordinates":[[-55.991,-22.4388],[-55.9943,-22.4382],[-55.9954,-22.4372],[-56.001,-22.4369],[-56.0046,-22.4397],[-56.0066,-22.4404],[-56.0065,-22.4411],[-56.0121,-22.4419],[-56.0149,-22.4416],[-56.0154,-22.4423],[-56.017,-22.4418],[-56.0174,-22.4426],[-56.0195,-22.4439],[-56.021,-22.4439],[-56.022,-22.4445]]}},{"type":"Feature","properties":{"nome":"","tipo":"dam"},"geometry":{"type":"LineString","coordinates":[[-56.015,-22.4415],[-56.0145,-22.4425]]}},{"type":"Feature","properties":{"nome":"","tipo":"dam"},"geometry":{"type":"LineString","coordinates":[[-56.0172,-22.4374],[-56.0159,-22.4382]]}},{"type":"Feature","properties":{"nome":"","tipo":"stream"},"geometry":{"type":"LineString","coordinates":[[-55.8373,-22.3337],[-55.8384,-22.3346],[-55.8432,-22.3362]]}},{"type":"Feature","properties":{"nome":"","tipo":"stream"},"geometry":{"type":"LineString","coordinates":[[-55.9636,-22.3635],[-55.9626,-22.3618],[-55.9661,-22.36],[-55.9675,-22.3582],[-55.9669,-22.3544],[-55.9679,-22.3493],[-55.9687,-22.3475],[-55.9732,-22.3455],[-55.9741,-22.3448],[-55.975,-22.3431],[-55.9766,-22.3425],[-55.9786,-22.3402],[-55.9778,-22.3389],[-55.978,-22.3385],[-55.9791,-22.3386],[-55.9807,-22.3371],[-55.9812,-22.338],[-55.9822,-22.3381],[-55.9836,-22.3364],[-55.9846,-22.3367],[-55.9848,-22.3361],[-55.9862,-22.3362],[-55.9859,-22.3359],[-55.987,-22.3348],[-55.987,-22.3336],[-55.9877,-22.3336],[-55.9872,-22.333],[-55.9889,-22.3326],[-55.9886,-22.3324],[-55.9893,-22.3317],[-55.9896,-22.3303],[-55.991,-22.3291],[-55.9933,-22.33],[-55.9958,-22.3288],[-55.9999,-22.3293],[-56.0019,-22.328],[-56.0035,-22.3278],[-56.0038,-22.3283],[-56.0059,-22.328],[-56.0064,-22.3271],[-56.0085,-22.3274],[-56.0111,-22.326],[-56.0114,-22.3249],[-56.0122,-22.3252],[-56.0138,-22.3247],[-56.015,-22.3232],[-56.0179,-22.3221],[-56.0178,-22.3206],[-56.0173,-22.3205],[-56.0177,-22.319],[-56.0173,-22.3185],[-56.018,-22.3168],[-56.0178,-22.3157],[-56.0183,-22.3164],[-56.0188,-22.316],[-56.0181,-22.3148],[-56.0174,-22.315],[-56.0179,-22.3132],[-56.0168,-22.3122],[-56.0186,-22.3119],[-56.0188,-22.3114],[-56.0178,-22.3109],[-56.0197,-22.3088],[-56.0195,-22.3081],[-56.0208,-22.3072],[-56.0212,-22.3055],[-56.0243,-22.3053],[-56.0248,-22.3039],[-56.0257,-22.3035],[-56.0257,-22.3029],[-56.0273,-22.3013],[-56.0289,-22.3018],[-56.0289,-22.3024],[-56.0299,-22.3024],[-56.0302,-22.3022],[-56.0295,-22.3011],[-56.0301,-22.301],[-56.0307,-22.3022],[-56.0329,-22.3019],[-56.0359,-22.3035],[-56.0361,-22.3025],[-56.0382,-22.3029],[-56.0388,-22.3025],[-56.0385,-22.302],[-56.0389,-22.3016],[-56.0397,-22.3014],[-56.0402,-22.3017],[-56.0401,-22.3023],[-56.0422,-22.302],[-56.043,-22.3024],[-56.0435,-22.3018],[-56.0431,-22.301],[-56.0447,-22.2968],[-56.0467,-22.2966],[-56.0469,-22.2957],[-56.0473,-22.2964],[-56.048,-22.2959],[-56.0494,-22.2965],[-56.0493,-22.2949],[-56.0504,-22.2955],[-56.0507,-22.295],[-56.052,-22.2952],[-56.0518,-22.2946],[-56.0524,-22.2956],[-56.0534,-22.2957],[-56.0543,-22.2943],[-56.0529,-22.2931],[-56.0538,-22.293],[-56.0548,-22.2916],[-56.053,-22.2903],[-56.0546,-22.2903],[-56.0549,-22.2893],[-56.056,-22.2888],[-56.0567,-22.2904],[-56.0567,-22.2897],[-56.0575,-22.2897],[-56.0567,-22.2891],[-56.0575,-22.2885],[-56.0577,-22.2875],[-56.0599,-22.2864],[-56.0603,-22.2855],[-56.062,-22.2859],[-56.0614,-22.287],[-56.0631,-22.2866],[-56.063,-22.287],[-56.0625,-22.2871],[-56.0629,-22.288],[-56.0652,-22.2888],[-56.0659,-22.29],[-56.0658,-22.2908],[-56.0664,-22.2894],[-56.0678,-22.2902],[-56.0691,-22.289],[-56.0699,-22.289],[-56.0695,-22.2884],[-56.0703,-22.2886],[-56.0699,-22.2878],[-56.0704,-22.2874],[-56.0702,-22.2866]]}},{"type":"Feature","properties":{"nome":"","tipo":"stream"},"geometry":{"type":"LineString","coordinates":[[-56.2029,-22.2743],[-56.2028,-22.2748],[-56.2034,-22.2754]]}},{"type":"Feature","properties":{"nome":"","tipo":"stream"},"geometry":{"type":"LineString","coordinates":[[-56.2286,-22.3052],[-56.2261,-22.3002],[-56.2201,-22.2936],[-56.2201,-22.2927],[-56.2182,-22.2892],[-56.2166,-22.2868],[-56.2149,-22.2858],[-56.2151,-22.284],[-56.2139,-22.2807],[-56.2123,-22.2788],[-56.2119,-22.2773],[-56.2111,-22.2767]]}},{"type":"Feature","properties":{"nome":"","tipo":"stream"},"geometry":{"type":"LineString","coordinates":[[-56.1713,-22.277],[-56.1729,-22.28],[-56.1738,-22.2802]]}},{"type":"Feature","properties":{"nome":"","tipo":"dam"},"geometry":{"type":"LineString","coordinates":[[-56.1724,-22.2787],[-56.1718,-22.2791]]}},{"type":"Feature","properties":{"nome":"","tipo":"stream"},"geometry":{"type":"LineString","coordinates":[[-56.0097,-22.2758],[-56.0107,-22.2753],[-56.0103,-22.2749],[-56.0113,-22.2747],[-56.0114,-22.2742],[-56.0128,-22.2748],[-56.0127,-22.2752],[-56.0135,-22.2749],[-56.0157,-22.2761],[-56.0185,-22.2766],[-56.0181,-22.277],[-56.0189,-22.278],[-56.0186,-22.2783],[-56.0192,-22.2786],[-56.0197,-22.2796],[-56.0213,-22.2811],[-56.0233,-22.2814],[-56.0234,-22.2819],[-56.0239,-22.2816],[-56.0242,-22.282],[-56.0238,-22.2825],[-56.0265,-22.2846],[-56.0263,-22.2855]]}},{"type":"Feature","properties":{"nome":"","tipo":"stream"},"geometry":{"type":"LineString","coordinates":[[-56.3317,-22.2694],[-56.3284,-22.2699],[-56.3274,-22.2705],[-56.3249,-22.2705],[-56.3181,-22.2677],[-56.3142,-22.2652],[-56.3102,-22.2609],[-56.3082,-22.2597],[-56.3077,-22.2578],[-56.3053,-22.2552],[-56.3037,-22.2519],[-56.3031,-22.2515],[-56.3032,-22.2509],[-56.3018,-22.2502],[-56.3006,-22.2481],[-56.3005,-22.2466],[-56.3023,-22.2423],[-56.3072,-22.24],[-56.3081,-22.2385],[-56.3102,-22.2374],[-56.3103,-22.2348],[-56.3107,-22.2345],[-56.3114,-22.2314],[-56.3112,-22.2289],[-56.3121,-22.2275],[-56.3118,-22.2259],[-56.3127,-22.2222],[-56.3147,-22.2193],[-56.3166,-22.2183]]}},{"type":"Feature","properties":{"nome":"","tipo":"dam"},"geometry":{"type":"LineString","coordinates":[[-56.3115,-22.6692],[-56.3085,-22.67]]}},{"type":"Feature","properties":{"nome":"","tipo":"dam"},"geometry":{"type":"LineString","coordinates":[[-56.3036,-22.6743],[-56.3036,-22.6757]]}},{"type":"Feature","properties":{"nome":"","tipo":"dam"},"geometry":{"type":"LineString","coordinates":[[-56.3233,-22.6169],[-56.323,-22.6171],[-56.3232,-22.6174],[-56.3235,-22.6172],[-56.3233,-22.6169]]}},{"type":"Feature","properties":{"nome":"","tipo":"dam"},"geometry":{"type":"LineString","coordinates":[[-56.2941,-22.4051],[-56.2941,-22.4072]]}},{"type":"Feature","properties":{"nome":"Río Aquidabán","tipo":"river"},"geometry":{"type":"LineString","coordinates":[[-56.2944,-22.6876],[-56.2958,-22.6868],[-56.2982,-22.6878],[-56.3014,-22.688],[-56.3031,-22.6905],[-56.3032,-22.6934],[-56.3054,-22.6945],[-56.3091,-22.6922],[-56.313,-22.6869],[-56.3147,-22.688],[-56.315,-22.69],[-56.3157,-22.6907],[-56.3206,-22.6917],[-56.3216,-22.6915],[-56.3215,-22.6896],[-56.3241,-22.6905],[-56.3265,-22.6878],[-56.3283,-22.6878],[-56.3368,-22.6922],[-56.3387,-22.6937],[-56.3424,-22.6947],[-56.3443,-22.6981],[-56.3422,-22.7074],[-56.343,-22.7081],[-56.3449,-22.7089],[-56.3481,-22.7089],[-56.3509,-22.7075],[-56.3537,-22.7067],[-56.3567,-22.707],[-56.3577,-22.7065],[-56.3591,-22.7067],[-56.359,-22.7077],[-56.3581,-22.7087],[-56.358,-22.7104],[-56.3593,-22.7122],[-56.3603,-22.7144],[-56.3624,-22.7153],[-56.3627,-22.7165],[-56.3621,-22.7184],[-56.364,-22.7201],[-56.3657,-22.7198],[-56.3669,-22.7184],[-56.3681,-22.7189],[-56.3698,-22.7186],[-56.3732,-22.7152],[-56.3768,-22.7159],[-56.3837,-22.7134],[-56.385,-22.7134],[-56.387,-22.7152],[-56.3852,-22.7197],[-56.3842,-22.7198],[-56.3818,-22.7182],[-56.381,-22.7188],[-56.3821,-22.7205],[-56.3824,-22.7233],[-56.383,-22.7243],[-56.3847,-22.7249],[-56.3869,-22.7233],[-56.3907,-22.7226],[-56.3923,-22.7216],[-56.3926,-22.7219],[-56.3929,-22.7263],[-56.3917,-22.7293],[-56.3922,-22.7314],[-56.3904,-22.7342],[-56.3916,-22.7358],[-56.3911,-22.7372],[-56.3922,-22.7407],[-56.3934,-22.7417],[-56.3963,-22.7417],[-56.3973,-22.7424],[-56.397,-22.747],[-56.3978,-22.7489],[-56.3986,-22.7492],[-56.4009,-22.7481],[-56.4042,-22.7485],[-56.4064,-22.7478],[-56.4061,-22.7464],[-56.4034,-22.7451],[-56.403,-22.7444],[-56.403,-22.7428],[-56.4046,-22.7407],[-56.4125,-22.744],[-56.4135,-22.745],[-56.4137,-22.7478],[-56.4148,-22.7495],[-56.4148,-22.7525],[-56.4134,-22.7535],[-56.4116,-22.7525],[-56.4087,-22.7524],[-56.4084,-22.7532],[-56.4088,-22.7557],[-56.4131,-22.7569],[-56.418,-22.7599],[-56.4215,-22.7574],[-56.4257,-22.761],[-56.4263,-22.7612],[-56.4279,-22.7605],[-56.4288,-22.7619],[-56.4304,-22.7631],[-56.4314,-22.7653],[-56.4348,-22.7686],[-56.436,-22.7706],[-56.4388,-22.7718],[-56.4424,-22.7724],[-56.4427,-22.7735],[-56.4417,-22.7744],[-56.4413,-22.7759],[-56.4415,-22.7769],[-56.4425,-22.7777],[-56.444,-22.7779],[-56.4448,-22.7775],[-56.4472,-22.7707],[-56.4504,-22.7699],[-56.4515,-22.7672],[-56.452,-22.7669],[-56.4545,-22.7671],[-56.4554,-22.7683],[-56.4536,-22.7742],[-56.4542,-22.7751],[-56.4558,-22.7744],[-56.4575,-22.7718],[-56.4597,-22.7709],[-56.4615,-22.7717],[-56.4627,-22.7734],[-56.4661,-22.7737],[-56.4685,-22.7758],[-56.4697,-22.7753],[-56.4704,-22.7734],[-56.4722,-22.7726],[-56.4774,-22.7727],[-56.483,-22.772],[-56.4841,-22.7724],[-56.4847,-22.7733],[-56.4876,-22.7736],[-56.4916,-22.776],[-56.494,-22.7759],[-56.4956,-22.779],[-56.505,-22.7831],[-56.5053,-22.7845],[-56.5045,-22.7856],[-56.5034,-22.7859],[-56.5037,-22.7868],[-56.5052,-22.7874],[-56.5094,-22.7871],[-56.5103,-22.7876],[-56.5108,-22.7889],[-56.5106,-22.791],[-56.5077,-22.795],[-56.5082,-22.801],[-56.5088,-22.8024],[-56.5136,-22.8056],[-56.5184,-22.808],[-56.5224,-22.8079],[-56.5256,-22.8091],[-56.5261,-22.8099],[-56.5259,-22.8124],[-56.5265,-22.8141],[-56.5254,-22.8203],[-56.5245,-22.8214],[-56.5204,-22.8233],[-56.5198,-22.8243],[-56.5211,-22.827],[-56.5252,-22.8319],[-56.5267,-22.8346],[-56.5262,-22.8354],[-56.5222,-22.8343],[-56.5217,-22.8356],[-56.5219,-22.8408],[-56.5236,-22.8435],[-56.5271,-22.8462],[-56.5314,-22.8483],[-56.5336,-22.8536],[-56.5368,-22.857],[-56.5384,-22.8578],[-56.5414,-22.858],[-56.5439,-22.8614],[-56.5438,-22.8629],[-56.5426,-22.8654],[-56.5399,-22.8662],[-56.5398,-22.8707],[-56.5383,-22.8756],[-56.5386,-22.8792],[-56.5397,-22.8799],[-56.5419,-22.879],[-56.5442,-22.8795],[-56.5472,-22.8789],[-56.5478,-22.8795],[-56.5476,-22.8803],[-56.5459,-22.8809],[-56.5445,-22.8824],[-56.5462,-22.8841],[-56.5518,-22.8862],[-56.5552,-22.8859],[-56.5584,-22.8881],[-56.559,-22.8906],[-56.5617,-22.8924],[-56.5615,-22.8956],[-56.5606,-22.8961],[-56.56,-22.896],[-56.5581,-22.8937],[-56.5561,-22.8924],[-56.555,-22.893],[-56.5546,-22.8949],[-56.5551,-22.8958],[-56.5571,-22.8971],[-56.5595,-22.8995],[-56.5706,-22.9016],[-56.5735,-22.9012],[-56.5753,-22.9003],[-56.5763,-22.9011],[-56.577,-22.9029],[-56.5779,-22.9022],[-56.5775,-22.8985],[-56.5782,-22.8974],[-56.58,-22.8972],[-56.582,-22.8983],[-56.5839,-22.8975],[-56.5862,-22.8988],[-56.5881,-22.8985],[-56.5884,-22.8993],[-56.5871,-22.9008],[-56.5844,-22.9013],[-56.5821,-22.9062],[-56.583,-22.9087],[-56.5837,-22.9094],[-56.5887,-22.9115],[-56.5968,-22.9134],[-56.6022,-22.9114],[-56.6078,-22.9085],[-56.6113,-22.9091],[-56.6156,-22.9088],[-56.6163,-22.9077],[-56.6171,-22.9033],[-56.6155,-22.9008],[-56.6153,-22.8984],[-56.6163,-22.8976],[-56.6169,-22.8961],[-56.6193,-22.896],[-56.6193,-22.8973],[-56.6183,-22.8984],[-56.6186,-22.8989],[-56.6218,-22.899],[-56.6222,-22.8987],[-56.622,-22.8975],[-56.6232,-22.894],[-56.6265,-22.8956],[-56.6268,-22.8951],[-56.6264,-22.8943],[-56.625,-22.8931],[-56.6256,-22.8927],[-56.6285,-22.8938],[-56.6297,-22.8952],[-56.6306,-22.8952],[-56.6313,-22.894],[-56.6313,-22.8915],[-56.6322,-22.8915],[-56.6337,-22.8928],[-56.6343,-22.8927],[-56.6345,-22.8907],[-56.6354,-22.8902],[-56.6371,-22.8909],[-56.6376,-22.8887],[-56.64,-22.8863],[-56.6413,-22.8869],[-56.6395,-22.8881],[-56.6397,-22.8888],[-56.6421,-22.888],[-56.6429,-22.887],[-56.6465,-22.8877],[-56.6498,-22.8863],[-56.6535,-22.8829],[-56.6559,-22.8823],[-56.6611,-22.882],[-56.6643,-22.881],[-56.6671,-22.8817],[-56.6669,-22.8828],[-56.6651,-22.883],[-56.6656,-22.8843],[-56.6683,-22.8844],[-56.6701,-22.8855],[-56.67,-22.8863],[-56.6683,-22.8873],[-56.6662,-22.8892],[-56.6675,-22.892],[-56.6676,-22.8938],[-56.6686,-22.8943],[-56.6714,-22.894],[-56.6719,-22.8949],[-56.6711,-22.896],[-56.6711,-22.8968],[-56.6754,-22.8982],[-56.678,-22.8979],[-56.6797,-22.896],[-56.6812,-22.8961],[-56.6816,-22.897],[-56.6806,-22.8985],[-56.6803,-22.9001],[-56.6807,-22.9004],[-56.6817,-22.9002],[-56.6837,-22.8981],[-56.6872,-22.8991],[-56.6879,-22.8985],[-56.6885,-22.8965],[-56.6931,-22.9003],[-56.694,-22.9022],[-56.6947,-22.9026],[-56.7002,-22.9017],[-56.7051,-22.9035],[-56.7076,-22.9009],[-56.7089,-22.901],[-56.709,-22.9017],[-56.7072,-22.9023],[-56.7062,-22.9038],[-56.7064,-22.9048],[-56.7083,-22.906],[-56.7096,-22.9041],[-56.7111,-22.903],[-56.7125,-22.898],[-56.7131,-22.897]]}},{"type":"Feature","properties":{"nome":"Río Ypané","tipo":"river"},"geometry":{"type":"LineString","coordinates":[[-56.0124,-23.2696],[-56.0135,-23.2705],[-56.0148,-23.2706],[-56.0175,-23.2734],[-56.02,-23.2736],[-56.0213,-23.2752],[-56.0225,-23.275],[-56.0217,-23.2767],[-56.023,-23.2773],[-56.0242,-23.2764],[-56.0244,-23.2767],[-56.0233,-23.2788],[-56.0245,-23.2785],[-56.0256,-23.2772],[-56.0272,-23.2779],[-56.0281,-23.2802],[-56.0286,-23.2805],[-56.0294,-23.2803],[-56.029,-23.2818],[-56.0311,-23.2826],[-56.0296,-23.2855],[-56.0307,-23.2874],[-56.032,-23.288],[-56.0321,-23.2886],[-56.0337,-23.2891],[-56.0358,-23.2889],[-56.0372,-23.2898],[-56.0378,-23.2887],[-56.0395,-23.2877],[-56.0398,-23.2879],[-56.0394,-23.2897],[-56.0427,-23.2903],[-56.0428,-23.2928],[-56.0421,-23.294],[-56.0424,-23.2947],[-56.0414,-23.2957],[-56.0462,-23.2975],[-56.0501,-23.2996],[-56.0506,-23.3006],[-56.0536,-23.2992],[-56.0544,-23.3007],[-56.0543,-23.3014],[-56.0525,-23.3018],[-56.0545,-23.3039],[-56.0528,-23.3048],[-56.0535,-23.3064],[-56.0534,-23.3077],[-56.0541,-23.3084],[-56.0574,-23.3085],[-56.0605,-23.3094],[-56.0609,-23.3102],[-56.0604,-23.3148],[-56.0632,-23.3149],[-56.0666,-23.3131]]}},{"type":"Feature","properties":{"nome":"Río Ypané","tipo":"river"},"geometry":{"type":"LineString","coordinates":[[-56.1127,-23.3332],[-56.1135,-23.3323],[-56.1133,-23.3271],[-56.1128,-23.3265],[-56.1127,-23.3253],[-56.1133,-23.325],[-56.114,-23.3253],[-56.1173,-23.3281],[-56.1199,-23.3285],[-56.122,-23.328],[-56.1226,-23.3247],[-56.1242,-23.326],[-56.1243,-23.3271],[-56.1249,-23.3276],[-56.1258,-23.3275],[-56.127,-23.3239],[-56.1265,-23.3196],[-56.1277,-23.32],[-56.1282,-23.3197],[-56.1279,-23.3175],[-56.1305,-23.3147],[-56.1318,-23.3146],[-56.1348,-23.3129],[-56.139,-23.3141],[-56.1394,-23.3165],[-56.1389,-23.3183],[-56.1422,-23.319],[-56.1432,-23.3186],[-56.1434,-23.3179],[-56.1431,-23.3158],[-56.1456,-23.314],[-56.1465,-23.3129],[-56.1467,-23.3115],[-56.1488,-23.3102],[-56.1512,-23.3104],[-56.152,-23.3165],[-56.154,-23.3173],[-56.155,-23.3169],[-56.1564,-23.3148],[-56.158,-23.3144],[-56.1588,-23.3155],[-56.1583,-23.3205],[-56.1603,-23.3225]]}},{"type":"Feature","properties":{"nome":"Río Ypané","tipo":"river"},"geometry":{"type":"LineString","coordinates":[[-56.0693,-23.3122],[-56.0724,-23.3122],[-56.0751,-23.313],[-56.0761,-23.3143],[-56.0776,-23.3144],[-56.0778,-23.3153],[-56.0819,-23.316],[-56.0812,-23.3181],[-56.0814,-23.3186],[-56.0842,-23.3188],[-56.0848,-23.3204],[-56.0875,-23.32],[-56.091,-23.3215],[-56.0943,-23.3253],[-56.0943,-23.3284],[-56.0961,-23.3289],[-56.0963,-23.3295],[-56.0936,-23.332],[-56.0944,-23.3334],[-56.0975,-23.3333],[-56.1031,-23.3341],[-56.105,-23.3352],[-56.1061,-23.3349],[-56.1087,-23.3369],[-56.11,-23.3348],[-56.1127,-23.3332]]}},{"type":"Feature","properties":{"nome":"Río Ypané","tipo":"river"},"geometry":{"type":"LineString","coordinates":[[-56.1637,-23.3229],[-56.1647,-23.3225],[-56.1647,-23.3219],[-56.1621,-23.3196],[-56.1626,-23.3174],[-56.1683,-23.3143],[-56.1682,-23.3128],[-56.1645,-23.3106],[-56.1638,-23.31],[-56.164,-23.3093],[-56.1647,-23.309],[-56.1669,-23.3096],[-56.1701,-23.3083],[-56.1733,-23.31],[-56.1735,-23.309],[-56.172,-23.3048],[-56.1734,-23.302],[-56.1744,-23.3018],[-56.1755,-23.3035],[-56.1778,-23.3053],[-56.178,-23.3078],[-56.1794,-23.3085],[-56.1802,-23.3083],[-56.181,-23.3038],[-56.1819,-23.3029],[-56.1884,-23.3044],[-56.1949,-23.301],[-56.1961,-23.3021],[-56.1961,-23.3035],[-56.1954,-23.3051],[-56.1973,-23.3076],[-56.2028,-23.3078],[-56.2048,-23.3098],[-56.2072,-23.3107],[-56.2082,-23.31],[-56.2073,-23.305],[-56.2078,-23.3047],[-56.2105,-23.3058],[-56.2117,-23.3053],[-56.2135,-23.3032],[-56.2141,-23.3032],[-56.2168,-23.3069],[-56.2173,-23.3071],[-56.2195,-23.3057],[-56.2215,-23.3062],[-56.2226,-23.3098],[-56.2194,-23.3129],[-56.2212,-23.3152],[-56.2216,-23.3178],[-56.2186,-23.3187],[-56.2173,-23.3208],[-56.2179,-23.3214],[-56.2247,-23.3221],[-56.2252,-23.3216],[-56.2246,-23.3191],[-56.2262,-23.319],[-56.2286,-23.323],[-56.2294,-23.3272],[-56.2308,-23.3294],[-56.2317,-23.3294]]}},{"type":"Feature","properties":{"nome":"","tipo":"river"},"geometry":{"type":"LineString","coordinates":[[-56.1043,-22.9868],[-56.1026,-22.9903],[-56.1012,-22.991],[-56.1005,-22.992],[-56.0964,-22.9939],[-56.0983,-22.9957],[-56.0946,-22.9967],[-56.0952,-22.9979],[-56.0933,-22.9982],[-56.0918,-22.9999],[-56.0923,-23.0011]]}},{"type":"Feature","properties":{"nome":"","tipo":"river"},"geometry":{"type":"LineString","coordinates":[[-56.1063,-23.0228],[-56.107,-23.0236],[-56.1057,-23.0246],[-56.1061,-23.0259],[-56.1082,-23.0269],[-56.11,-23.0256],[-56.1109,-23.0274],[-56.1113,-23.03],[-56.1118,-23.0303],[-56.1138,-23.0296],[-56.1142,-23.03],[-56.1142,-23.0319],[-56.1132,-23.0325],[-56.1114,-23.0364],[-56.1097,-23.0377],[-56.1148,-23.0391],[-56.1158,-23.0409],[-56.1174,-23.0398],[-56.118,-23.0406],[-56.1183,-23.0423],[-56.1193,-23.0427],[-56.1201,-23.0438],[-56.1201,-23.045],[-56.1219,-23.0446],[-56.1234,-23.0449],[-56.1239,-23.0459],[-56.1227,-23.0464],[-56.1221,-23.0497],[-56.1248,-23.0498],[-56.1251,-23.0493],[-56.1242,-23.049],[-56.1239,-23.0484],[-56.1263,-23.0472],[-56.1269,-23.0474],[-56.1274,-23.0485],[-56.1302,-23.0457]]}},{"type":"Feature","properties":{"nome":"","tipo":"river"},"geometry":{"type":"LineString","coordinates":[[-56.0908,-22.9277],[-56.0913,-22.9292],[-56.0903,-22.9298],[-56.0891,-22.9295],[-56.0885,-22.9307],[-56.0915,-22.931],[-56.0916,-22.9322],[-56.0907,-22.9321],[-56.0893,-22.9332],[-56.0893,-22.9337],[-56.0921,-22.9363],[-56.0899,-22.9379],[-56.0885,-22.9402],[-56.0891,-22.941],[-56.0906,-22.9414],[-56.0908,-22.9421],[-56.0901,-22.9435],[-56.0911,-22.9446],[-56.0933,-22.9443],[-56.0944,-22.9449],[-56.0937,-22.947],[-56.0972,-22.9478],[-56.0965,-22.9502],[-56.0976,-22.9509],[-56.0997,-22.95],[-56.1008,-22.9504],[-56.101,-22.9519],[-56.1004,-22.9534],[-56.1013,-22.9556],[-56.1005,-22.9561],[-56.0994,-22.9555],[-56.0984,-22.9567],[-56.0998,-22.9571],[-56.1007,-22.9589],[-56.1034,-22.9606],[-56.1032,-22.9619],[-56.1045,-22.962],[-56.1071,-22.9647]]}},{"type":"Feature","properties":{"nome":"","tipo":"river"},"geometry":{"type":"LineString","coordinates":[[-55.9572,-22.8282],[-55.9583,-22.8277],[-55.9591,-22.8264],[-55.9583,-22.8251],[-55.9589,-22.825],[-55.9599,-22.8263],[-55.9613,-22.8243],[-55.9619,-22.8259],[-55.9648,-22.8265],[-55.965,-22.8279],[-55.9643,-22.8293],[-55.9661,-22.83],[-55.9667,-22.8313],[-55.9682,-22.8323],[-55.9722,-22.8304],[-55.9743,-22.8307],[-55.972,-22.8324],[-55.9713,-22.8347],[-55.9738,-22.8366],[-55.9733,-22.8396],[-55.9735,-22.8425],[-55.9743,-22.8477],[-55.9752,-22.8483],[-55.9762,-22.8481],[-55.976,-22.8454],[-55.977,-22.8449],[-55.9792,-22.8467],[-55.9811,-22.8494],[-55.9827,-22.85],[-55.9838,-22.8514],[-55.9846,-22.8503],[-55.9845,-22.8487],[-55.9851,-22.8472],[-55.9863,-22.847],[-55.9884,-22.851],[-55.9896,-22.851],[-55.9913,-22.8504],[-55.9956,-22.8533],[-55.9973,-22.8522],[-55.9957,-22.8504],[-55.9979,-22.8494],[-55.9995,-22.8504],[-55.9998,-22.8517],[-56.001,-22.8528],[-56.0031,-22.8533],[-56.0041,-22.8545],[-56.0052,-22.8542],[-56.0058,-22.8547],[-56.0059,-22.8553],[-56.0054,-22.8554],[-56.0048,-22.8547],[-56.0041,-22.8549],[-56.0025,-22.8568],[-56.0041,-22.8603],[-56.0059,-22.8602],[-56.0108,-22.8581],[-56.0119,-22.8585],[-56.0128,-22.8596],[-56.015,-22.8602],[-56.015,-22.8607],[-56.0131,-22.8608],[-56.0138,-22.8633],[-56.0125,-22.863],[-56.0119,-22.8635],[-56.0122,-22.8649],[-56.013,-22.8658],[-56.0118,-22.8668],[-56.0127,-22.8682],[-56.0133,-22.8683],[-56.0135,-22.8699],[-56.0124,-22.872],[-56.0126,-22.8725],[-56.0159,-22.8748],[-56.0175,-22.8767],[-56.0181,-22.8764],[-56.0198,-22.8738],[-56.0209,-22.874],[-56.0213,-22.873],[-56.0234,-22.8738],[-56.0235,-22.8753],[-56.0262,-22.8784],[-56.0261,-22.879],[-56.0251,-22.8788],[-56.0248,-22.8792],[-56.025,-22.8808],[-56.0257,-22.8818],[-56.0253,-22.8833],[-56.0265,-22.8846],[-56.0287,-22.8846],[-56.0293,-22.8861],[-56.0305,-22.8857],[-56.0306,-22.8847],[-56.0327,-22.8846],[-56.0327,-22.8854],[-56.0318,-22.8855],[-56.0309,-22.8874],[-56.0339,-22.8873],[-56.0352,-22.8892],[-56.0341,-22.8902],[-56.0341,-22.8921],[-56.0367,-22.8929],[-56.0371,-22.892],[-56.0361,-22.8906],[-56.0362,-22.8899],[-56.0377,-22.8877],[-56.0409,-22.8856],[-56.0435,-22.8852],[-56.0484,-22.8794],[-56.0508,-22.8804],[-56.0513,-22.882],[-56.0522,-22.8825],[-56.0524,-22.8831],[-56.0515,-22.884],[-56.0507,-22.8857],[-56.0529,-22.886],[-56.0537,-22.8868],[-56.0535,-22.8871],[-56.0525,-22.8865],[-56.0522,-22.8878],[-56.0512,-22.8878],[-56.0509,-22.8883],[-56.0514,-22.889],[-56.0528,-22.8895],[-56.0529,-22.8902],[-56.0543,-22.8913],[-56.0546,-22.893],[-56.0566,-22.8935],[-56.0585,-22.8931],[-56.0582,-22.8944],[-56.059,-22.8971],[-56.0623,-22.897],[-56.0623,-22.8983],[-56.0639,-22.8985],[-56.0643,-22.8995],[-56.0661,-22.9],[-56.0663,-22.9021],[-56.0655,-22.9041],[-56.0674,-22.9048],[-56.0685,-22.9045],[-56.0694,-22.9067],[-56.0718,-22.906],[-56.0719,-22.9055],[-56.0699,-22.9049],[-56.0714,-22.9035],[-56.0727,-22.9035],[-56.0731,-22.9047],[-56.0744,-22.9045],[-56.0741,-22.9076],[-56.0729,-22.9083],[-56.0721,-22.9104],[-56.0699,-22.9117],[-56.071,-22.9134],[-56.072,-22.9136],[-56.0722,-22.913],[-56.0717,-22.912],[-56.0726,-22.9119],[-56.073,-22.911],[-56.0742,-22.9102],[-56.0747,-22.9102],[-56.076,-22.9113],[-56.0768,-22.9098],[-56.0761,-22.9088],[-56.0775,-22.908],[-56.0776,-22.9074],[-56.0765,-22.9065],[-56.0773,-22.9062],[-56.0776,-22.9053],[-56.0795,-22.9059],[-56.0802,-22.9074],[-56.0824,-22.9068],[-56.0826,-22.9085],[-56.0838,-22.9099],[-56.0798,-22.9113],[-56.0799,-22.912],[-56.0825,-22.9124],[-56.0835,-22.9119],[-56.0846,-22.912],[-56.0846,-22.9129],[-56.0829,-22.9132],[-56.0824,-22.9142],[-56.0835,-22.9142],[-56.0881,-22.9165],[-56.0883,-22.9181],[-56.0874,-22.9202],[-56.0875,-22.9208],[-56.0892,-22.9219],[-56.0881,-22.9233],[-56.0895,-22.9238],[-56.0886,-22.9245],[-56.0881,-22.9264],[-56.0886,-22.9271],[-56.0898,-22.9265],[-56.0908,-22.9277]]}},{"type":"Feature","properties":{"nome":"","tipo":"river"},"geometry":{"type":"LineString","coordinates":[[-56.1751,-23.1191],[-56.1746,-23.1174],[-56.1794,-23.1183],[-56.1806,-23.1195],[-56.1816,-23.1218],[-56.1835,-23.1211],[-56.1841,-23.1221],[-56.1839,-23.1233],[-56.1851,-23.123],[-56.1859,-23.1241],[-56.1852,-23.1255],[-56.1872,-23.1259],[-56.187,-23.1275],[-56.1881,-23.128],[-56.1878,-23.129],[-56.1859,-23.1289],[-56.1861,-23.1297],[-56.1874,-23.1299],[-56.1886,-23.1292],[-56.1893,-23.1296],[-56.1893,-23.1306],[-56.1876,-23.1305],[-56.187,-23.1313],[-56.1876,-23.1327],[-56.189,-23.1328],[-56.1892,-23.1333],[-56.1888,-23.1342],[-56.189,-23.1359],[-56.1882,-23.1374],[-56.1874,-23.1378],[-56.1872,-23.1388],[-56.1858,-23.1387],[-56.1864,-23.1402],[-56.1861,-23.1426],[-56.187,-23.1435],[-56.1868,-23.1448],[-56.1855,-23.1458],[-56.1835,-23.1462],[-56.1826,-23.1476],[-56.1827,-23.1483],[-56.1843,-23.15],[-56.1863,-23.1506],[-56.1855,-23.1522],[-56.1861,-23.1539],[-56.183,-23.1569],[-56.1827,-23.1578],[-56.1829,-23.1591],[-56.1819,-23.1605],[-56.1837,-23.1612],[-56.1877,-23.1612]]}},{"type":"Feature","properties":{"nome":"","tipo":"river"},"geometry":{"type":"LineString","coordinates":[[-56.1071,-22.9647],[-56.1086,-22.9652],[-56.1084,-22.9662],[-56.1089,-22.9676],[-56.1103,-22.968],[-56.1101,-22.9688],[-56.1115,-22.97],[-56.1115,-22.9705],[-56.1103,-22.9714],[-56.1105,-22.9728],[-56.1082,-22.9754],[-56.1093,-22.976],[-56.1107,-22.9757],[-56.1139,-22.9774],[-56.1127,-22.9786],[-56.1132,-22.9829],[-56.1126,-22.9836],[-56.1109,-22.9837],[-56.1092,-22.9811],[-56.1071,-22.9816],[-56.1044,-22.9843],[-56.1043,-22.9868]]}},{"type":"Feature","properties":{"nome":"","tipo":"river"},"geometry":{"type":"LineString","coordinates":[[-56.0923,-23.0011],[-56.0916,-23.0028],[-56.0931,-23.0043],[-56.0963,-23.004],[-56.0968,-23.0035],[-56.0973,-23.0015],[-56.0993,-23.0013],[-56.0992,-23.003],[-56.1004,-23.0052],[-56.1016,-23.0059],[-56.1032,-23.0058],[-56.1028,-23.0084],[-56.1032,-23.0093],[-56.1056,-23.0105],[-56.1041,-23.0108],[-56.1048,-23.0122],[-56.1044,-23.0131],[-56.1028,-23.013],[-56.1012,-23.0138],[-56.0999,-23.016],[-56.1006,-23.0167],[-56.1037,-23.0178],[-56.1063,-23.0228]]}},{"type":"Feature","properties":{"nome":"","tipo":"river"},"geometry":{"type":"LineString","coordinates":[[-55.9422,-22.8],[-55.9424,-22.8017],[-55.9434,-22.8025],[-55.9439,-22.8022],[-55.9438,-22.8008],[-55.9454,-22.7986],[-55.9459,-22.7988],[-55.9464,-22.8001],[-55.9477,-22.8008],[-55.9499,-22.8004],[-55.9505,-22.8015],[-55.9504,-22.8026],[-55.953,-22.8061],[-55.9513,-22.8069],[-55.9498,-22.8067],[-55.9492,-22.808],[-55.9526,-22.8107]]}},{"type":"Feature","properties":{"nome":"","tipo":"river"},"geometry":{"type":"LineString","coordinates":[[-55.9288,-22.7812],[-55.9285,-22.7824],[-55.9317,-22.7832],[-55.9325,-22.7817],[-55.9336,-22.7818],[-55.9326,-22.7832],[-55.9326,-22.7841],[-55.9355,-22.7854],[-55.9342,-22.7861],[-55.9332,-22.7888],[-55.9354,-22.7891],[-55.9351,-22.7899],[-55.936,-22.7908]]}},{"type":"Feature","properties":{"nome":"","tipo":"river"},"geometry":{"type":"LineString","coordinates":[[-55.9526,-22.8107],[-55.954,-22.811],[-55.9551,-22.8091],[-55.9564,-22.8092],[-55.9572,-22.8104],[-55.9564,-22.8115],[-55.9565,-22.8123],[-55.9555,-22.8128],[-55.9561,-22.814],[-55.9578,-22.8142],[-55.957,-22.8155],[-55.9573,-22.8161],[-55.9566,-22.8188],[-55.9568,-22.8212],[-55.9556,-22.8232],[-55.9572,-22.8259],[-55.9555,-22.8267],[-55.9572,-22.8282]]}},{"type":"Feature","properties":{"nome":"","tipo":"river"},"geometry":{"type":"LineString","coordinates":[[-55.9298,-22.7655],[-55.9302,-22.7678],[-55.929,-22.7692],[-55.9285,-22.7682],[-55.928,-22.7696],[-55.9286,-22.7701],[-55.9258,-22.7718],[-55.9249,-22.7741],[-55.9264,-22.7753],[-55.9263,-22.774],[-55.9267,-22.7738],[-55.9293,-22.7749],[-55.9288,-22.7764],[-55.9291,-22.7786],[-55.9311,-22.7793],[-55.9314,-22.7798],[-55.9298,-22.78],[-55.9299,-22.7809],[-55.9288,-22.7812]]}},{"type":"Feature","properties":{"nome":"Córrego São João Mirim","tipo":"stream"},"geometry":{"type":"LineString","coordinates":[[-55.7439,-22.5054],[-55.7428,-22.5059],[-55.7424,-22.507],[-55.7405,-22.508]]}},{"type":"Feature","properties":{"nome":"Corrego São Tomaz","tipo":"stream"},"geometry":{"type":"LineString","coordinates":[[-55.6877,-22.5465],[-55.6851,-22.5441],[-55.6847,-22.5443],[-55.6834,-22.5432]]}},{"type":"Feature","properties":{"nome":"","tipo":"stream"},"geometry":{"type":"LineString","coordinates":[[-55.7433,-22.5053],[-55.7431,-22.5058]]}},{"type":"Feature","properties":{"nome":"","tipo":"stream"},"geometry":{"type":"LineString","coordinates":[[-55.7445,-22.5057],[-55.7435,-22.5057]]}},{"type":"Feature","properties":{"nome":"","tipo":"stream"},"geometry":{"type":"LineString","coordinates":[[-55.7424,-22.5054],[-55.7427,-22.5062]]}},{"type":"Feature","properties":{"nome":"Córrego Peguajho","tipo":"stream"},"geometry":{"type":"LineString","coordinates":[[-55.7174,-22.4973],[-55.7119,-22.4978],[-55.7106,-22.4969],[-55.7092,-22.4967],[-55.7084,-22.4959],[-55.7054,-22.4957]]}},{"type":"Feature","properties":{"nome":"Córrego Peguajho","tipo":"stream"},"geometry":{"type":"LineString","coordinates":[[-55.7407,-22.4948],[-55.7378,-22.4943]]}},{"type":"Feature","properties":{"nome":"Corrego Geovai","tipo":"stream"},"geometry":{"type":"LineString","coordinates":[[-55.6841,-22.5765],[-55.6839,-22.5751],[-55.681,-22.573]]}},{"type":"Feature","properties":{"nome":"","tipo":"stream"},"geometry":{"type":"MultiLineString","coordinates":[[[-56.2519,-22.8214],[-56.2562,-22.8229],[-56.2604,-22.8255],[-56.2614,-22.8255],[-56.2608,-22.8252],[-56.2609,-22.8246],[-56.262,-22.8251],[-56.2624,-22.8266],[-56.2643,-22.8261],[-56.2676,-22.8278],[-56.269,-22.827],[-56.2718,-22.8276],[-56.2739,-22.8251],[-56.2756,-22.825],[-56.2773,-22.8237],[-56.278,-22.8247],[-56.2805,-22.8225],[-56.2811,-22.8214],[-56.2805,-22.8191],[-56.2814,-22.8194],[-56.2819,-22.8189],[-56.281,-22.8181],[-56.2818,-22.8172],[-56.2816,-22.8166],[-56.284,-22.8136],[-56.2893,-22.8127],[-56.2897,-22.8139],[-56.2913,-22.8138],[-56.2917,-22.8124],[-56.2926,-22.8117]],[[-56.293,-22.8107],[-56.293,-22.8106]],[[-56.3705,-22.7908],[-56.3709,-22.7904],[-56.3727,-22.7908],[-56.3739,-22.7902],[-56.3739,-22.7894],[-56.3716,-22.7877],[-56.3713,-22.7865],[-56.3701,-22.7857],[-56.37,-22.785],[-56.3705,-22.7841],[-56.3719,-22.7844],[-56.3722,-22.7834],[-56.3736,-22.7827],[-56.3733,-22.7812],[-56.3736,-22.7803],[-56.3729,-22.7795],[-56.3734,-22.7784],[-56.3745,-22.7781],[-56.3731,-22.7762],[-56.3739,-22.7758],[-56.3733,-22.7743],[-56.376,-22.7724],[-56.3775,-22.7723],[-56.3783,-22.7708],[-56.3796,-22.7704]]]}},{"type":"Feature","properties":{"nome":"","tipo":"stream"},"geometry":{"type":"LineString","coordinates":[[-56.2126,-22.3701],[-56.2164,-22.3666],[-56.2183,-22.364],[-56.2219,-22.3556],[-56.2236,-22.3529],[-56.2237,-22.3468],[-56.2259,-22.3408],[-56.2271,-22.3405],[-56.228,-22.3385],[-56.2292,-22.3375],[-56.2325,-22.3354],[-56.2372,-22.3334],[-56.2373,-22.3327],[-56.2426,-22.3325],[-56.2519,-22.3336],[-56.2553,-22.3352],[-56.257,-22.3352],[-56.2609,-22.3378],[-56.2647,-22.3414],[-56.2678,-22.3427],[-56.2736,-22.3432],[-56.2771,-22.3443],[-56.284,-22.3449],[-56.2884,-22.3457],[-56.2908,-22.3468],[-56.293,-22.3462],[-56.2944,-22.3452],[-56.2961,-22.3451],[-56.298,-22.3438],[-56.3,-22.3437],[-56.301,-22.343],[-56.3043,-22.3427],[-56.3061,-22.3413],[-56.3086,-22.3412],[-56.3107,-22.3426],[-56.3149,-22.3441],[-56.3147,-22.3449],[-56.3156,-22.3455],[-56.3165,-22.3453],[-56.3169,-22.3459],[-56.3189,-22.3457],[-56.3189,-22.3463],[-56.32,-22.3463],[-56.323,-22.3479],[-56.3262,-22.3485],[-56.3284,-22.3502],[-56.3316,-22.3501],[-56.3343,-22.3494],[-56.3377,-22.3477],[-56.3399,-22.3482],[-56.3415,-22.3477],[-56.3427,-22.348],[-56.345,-22.346],[-56.3481,-22.3465],[-56.3517,-22.3448],[-56.3545,-22.3449],[-56.356,-22.3431],[-56.3581,-22.3427],[-56.3577,-22.342],[-56.3581,-22.3414],[-56.3578,-22.34],[-56.3581,-22.3397],[-56.3576,-22.3393],[-56.3577,-22.3385],[-56.357,-22.3372],[-56.3572,-22.3359],[-56.3597,-22.3361],[-56.3624,-22.3375],[-56.3627,-22.3369],[-56.3634,-22.337],[-56.3636,-22.3361],[-56.3642,-22.3358],[-56.3683,-22.3356],[-56.3686,-22.3351],[-56.3681,-22.3336],[-56.3699,-22.3321],[-56.37,-22.3311],[-56.3708,-22.3314],[-56.3732,-22.3308],[-56.3737,-22.3324],[-56.3753,-22.3332],[-56.3768,-22.3324],[-56.3784,-22.3331],[-56.3819,-22.333],[-56.3859,-22.3301],[-56.3867,-22.3299],[-56.3883,-22.3307],[-56.3897,-22.33],[-56.3901,-22.3272],[-56.3917,-22.3247],[-56.4033,-22.3226],[-56.406,-22.3217],[-56.4092,-22.3217],[-56.4126,-22.3204],[-56.4179,-22.3195],[-56.4204,-22.3182],[-56.4229,-22.3182],[-56.4261,-22.316],[-56.4306,-22.3143],[-56.4331,-22.3126],[-56.4357,-22.3117],[-56.4433,-22.3116],[-56.4465,-22.3105],[-56.4521,-22.3098],[-56.4549,-22.3104],[-56.464,-22.3102]]}},{"type":"Feature","properties":{"nome":"Río Aquidabán","tipo":"river"},"geometry":{"type":"LineString","coordinates":[[-55.9459,-22.5929],[-55.9456,-22.5919],[-55.9467,-22.59],[-55.9478,-22.5911],[-55.949,-22.5913],[-55.9505,-22.5924],[-55.9521,-22.5917],[-55.953,-22.5919],[-55.9534,-22.5934],[-55.9548,-22.5941],[-55.9561,-22.5944],[-55.9576,-22.594],[-55.9582,-22.5933],[-55.9581,-22.5925],[-55.9588,-22.5922],[-55.9619,-22.5934],[-55.9644,-22.593],[-55.9672,-22.5953],[-55.9676,-22.5967],[-55.9669,-22.5968],[-55.9666,-22.5974],[-55.968,-22.599],[-55.9687,-22.6009],[-55.9672,-22.6037],[-55.968,-22.6046],[-55.9718,-22.605],[-55.9729,-22.6067],[-55.9736,-22.6088],[-55.9748,-22.6091],[-55.9769,-22.6127],[-55.9774,-22.6145],[-55.979,-22.6155],[-55.9792,-22.6171],[-55.98,-22.618],[-55.981,-22.621],[-55.9821,-22.6223],[-55.9821,-22.6234],[-55.9831,-22.6255],[-55.9848,-22.6264],[-55.9845,-22.6308],[-55.9852,-22.6322],[-55.9857,-22.6309],[-55.9867,-22.6305],[-55.9901,-22.631],[-55.9916,-22.6318],[-55.9939,-22.632],[-55.9964,-22.6299],[-55.9951,-22.6287],[-55.9954,-22.628],[-56.0003,-22.6284],[-56.0015,-22.6277],[-56.0017,-22.6262],[-56.0032,-22.6256],[-56.0065,-22.6263],[-56.0074,-22.6279],[-56.009,-22.6277],[-56.01,-22.629],[-56.0126,-22.628],[-56.0137,-22.6281],[-56.0152,-22.6273],[-56.0156,-22.6284],[-56.0182,-22.6289],[-56.0213,-22.6323],[-56.0247,-22.6312],[-56.0258,-22.6301],[-56.0261,-22.6284],[-56.028,-22.629],[-56.0299,-22.6283],[-56.0303,-22.63],[-56.0297,-22.632],[-56.0318,-22.6339],[-56.0308,-22.6345],[-56.0325,-22.6355],[-56.0324,-22.6375],[-56.0337,-22.6382],[-56.0352,-22.6407],[-56.0386,-22.6418],[-56.0399,-22.6438],[-56.0408,-22.6443],[-56.0419,-22.6436],[-56.0438,-22.6435],[-56.0444,-22.6416],[-56.0463,-22.6402],[-56.0473,-22.64],[-56.0479,-22.6393],[-56.0488,-22.6393],[-56.0495,-22.6383],[-56.0534,-22.6392],[-56.0538,-22.6385],[-56.0532,-22.6371],[-56.0556,-22.6357],[-56.0563,-22.6356],[-56.0564,-22.6371],[-56.0573,-22.6375],[-56.0578,-22.6361],[-56.0588,-22.635],[-56.0593,-22.633],[-56.0608,-22.6339],[-56.062,-22.6332],[-56.0608,-22.631],[-56.0627,-22.6307],[-56.0643,-22.6273],[-56.0632,-22.627],[-56.0622,-22.626],[-56.0638,-22.6255],[-56.0654,-22.6255],[-56.0655,-22.6251],[-56.0649,-22.6249],[-56.0651,-22.6244],[-56.0666,-22.6242],[-56.0683,-22.6249],[-56.0693,-22.6245],[-56.0709,-22.6249],[-56.0712,-22.6256],[-56.07,-22.6271],[-56.0701,-22.6277],[-56.0734,-22.628],[-56.0734,-22.6265],[-56.0758,-22.6253],[-56.077,-22.6259],[-56.0758,-22.6268],[-56.0769,-22.6284],[-56.0818,-22.6286],[-56.0816,-22.6271],[-56.0838,-22.6265],[-56.0849,-22.6271],[-56.0859,-22.6261],[-56.0851,-22.6217],[-56.0856,-22.6206],[-56.0875,-22.6213],[-56.0867,-22.6235],[-56.0883,-22.6253],[-56.0914,-22.6241],[-56.0936,-22.621],[-56.0958,-22.6204],[-56.096,-22.6196],[-56.0952,-22.6188],[-56.0949,-22.6175],[-56.0957,-22.6166],[-56.0966,-22.6162],[-56.0979,-22.6173],[-56.0994,-22.6175],[-56.1014,-22.6169],[-56.1018,-22.6175],[-56.1016,-22.6183],[-56.1003,-22.6194],[-56.1018,-22.6221],[-56.1008,-22.6226],[-56.0999,-22.624],[-56.0997,-22.6274],[-56.1004,-22.6289],[-56.0994,-22.6305],[-56.101,-22.6313],[-56.1047,-22.6293],[-56.1074,-22.6322],[-56.1081,-22.6342],[-56.1066,-22.6365],[-56.1072,-22.6394],[-56.1086,-22.6402],[-56.1106,-22.6397],[-56.1111,-22.6403],[-56.1099,-22.6435],[-56.1111,-22.6469],[-56.1134,-22.6477],[-56.1171,-22.6469],[-56.1213,-22.6489],[-56.1241,-22.6467],[-56.1247,-22.6477],[-56.1266,-22.6493],[-56.1271,-22.6489],[-56.1268,-22.6473],[-56.1276,-22.6469],[-56.1287,-22.647],[-56.1303,-22.6487],[-56.1326,-22.6478],[-56.133,-22.6492],[-56.1344,-22.6492],[-56.1355,-22.6507],[-56.1379,-22.6508],[-56.1405,-22.6526],[-56.139,-22.6538],[-56.1394,-22.6565],[-56.1399,-22.6569],[-56.1422,-22.6561],[-56.1486,-22.6595],[-56.1494,-22.6594],[-56.1507,-22.6578],[-56.1533,-22.6588],[-56.1556,-22.6581],[-56.1617,-22.66],[-56.1641,-22.6626],[-56.1641,-22.6635],[-56.1628,-22.6645],[-56.1635,-22.6665],[-56.167,-22.6648],[-56.1724,-22.666],[-56.1757,-22.6614],[-56.1783,-22.6629],[-56.1811,-22.664],[-56.182,-22.6639],[-56.1857,-22.6615],[-56.1904,-22.6605],[-56.1917,-22.6588],[-56.1936,-22.6577],[-56.1966,-22.6591],[-56.1977,-22.6613],[-56.1976,-22.6647],[-56.1986,-22.6662],[-56.1988,-22.6685],[-56.2019,-22.6688],[-56.2035,-22.6664],[-56.2075,-22.6677],[-56.208,-22.6681],[-56.2077,-22.6721],[-56.2081,-22.6749],[-56.2101,-22.6767],[-56.211,-22.6766],[-56.2109,-22.6747],[-56.2129,-22.6754]]}},{"type":"Feature","properties":{"nome":"","tipo":"stream"},"geometry":{"type":"LineString","coordinates":[[-55.9297,-22.6564],[-55.9323,-22.6592],[-55.9331,-22.6611],[-55.9344,-22.662],[-55.9361,-22.6622],[-55.9384,-22.6615],[-55.9392,-22.6617],[-55.9407,-22.6608],[-55.9438,-22.6602],[-55.9459,-22.6614],[-55.9462,-22.6626],[-55.9481,-22.6627],[-55.9485,-22.6618],[-55.951,-22.6608],[-55.954,-22.6572],[-55.9563,-22.6569],[-55.9567,-22.6575],[-55.9572,-22.6575],[-55.9596,-22.6568],[-55.96,-22.6562],[-55.9629,-22.655],[-55.9635,-22.6551],[-55.9645,-22.6563],[-55.9642,-22.6572],[-55.9651,-22.6577],[-55.9654,-22.6589],[-55.966,-22.6589],[-55.9669,-22.6602],[-55.9683,-22.6599],[-55.9697,-22.6589],[-55.9698,-22.658],[-55.9714,-22.6565],[-55.9717,-22.655],[-55.9744,-22.652],[-55.9755,-22.65],[-55.9761,-22.6469],[-55.9785,-22.6446],[-55.9796,-22.6402],[-55.9812,-22.6366],[-55.9824,-22.6362],[-55.983,-22.6351],[-55.9848,-22.6337],[-55.9852,-22.6322]]}},{"type":"Feature","properties":{"nome":"Río Aquidabán","tipo":"river"},"geometry":{"type":"LineString","coordinates":[[-55.9264,-22.5879],[-55.9313,-22.5878],[-55.9349,-22.5847],[-55.9367,-22.5844],[-55.9375,-22.585],[-55.9379,-22.5862],[-55.938,-22.5899],[-55.9373,-22.5918],[-55.9376,-22.594],[-55.9413,-22.5948],[-55.943,-22.5933],[-55.9453,-22.5935],[-55.9459,-22.5929]]}},{"type":"Feature","properties":{"nome":"","tipo":"stream"},"geometry":{"type":"LineString","coordinates":[[-55.8368,-22.6001],[-55.8368,-22.598],[-55.8383,-22.5947],[-55.8378,-22.5938],[-55.8379,-22.5898],[-55.8399,-22.5858],[-55.8404,-22.5838],[-55.8441,-22.5801],[-55.8475,-22.5786],[-55.8481,-22.5763],[-55.8496,-22.5748],[-55.8503,-22.5713],[-55.8513,-22.57],[-55.8514,-22.569],[-55.8538,-22.5669],[-55.854,-22.566],[-55.8563,-22.565],[-55.8572,-22.5636],[-55.8581,-22.5636],[-55.8607,-22.5615],[-55.8617,-22.5615],[-55.8611,-22.5624],[-55.8619,-22.5628],[-55.8625,-22.5617],[-55.863,-22.5617],[-55.8629,-22.5632],[-55.8658,-22.5631],[-55.8664,-22.5622],[-55.8676,-22.5624],[-55.8685,-22.5631],[-55.8684,-22.5644],[-55.8696,-22.564],[-55.8698,-22.5646],[-55.8702,-22.5644],[-55.8713,-22.5653],[-55.8724,-22.5642],[-55.8736,-22.5647],[-55.8736,-22.5656],[-55.8747,-22.5663],[-55.873,-22.568],[-55.872,-22.5703],[-55.8743,-22.5707],[-55.8746,-22.5712],[-55.8751,-22.571],[-55.8753,-22.5716],[-55.8765,-22.5709],[-55.8781,-22.5712],[-55.8791,-22.5701],[-55.8791,-22.5695],[-55.8796,-22.5697],[-55.8809,-22.5685],[-55.8831,-22.5685],[-55.8832,-22.5678],[-55.8847,-22.5683],[-55.8862,-22.5682],[-55.8861,-22.5676],[-55.8866,-22.5677],[-55.8878,-22.5658],[-55.8878,-22.5648],[-55.8882,-22.5653],[-55.8893,-22.5648],[-55.89,-22.5635],[-55.891,-22.5636],[-55.8903,-22.5643],[-55.892,-22.5644],[-55.8929,-22.5633],[-55.8931,-22.5641],[-55.894,-22.564],[-55.8947,-22.5649],[-55.8953,-22.5643],[-55.895,-22.5655],[-55.8961,-22.565],[-55.8959,-22.5656],[-55.8984,-22.5669],[-55.8984,-22.5676],[-55.9005,-22.5695],[-55.903,-22.569],[-55.904,-22.5681],[-55.9062,-22.5678],[-55.9072,-22.569],[-55.9094,-22.5687],[-55.9106,-22.5708],[-55.9116,-22.5694],[-55.9131,-22.5695],[-55.9155,-22.5676],[-55.9161,-22.5676],[-55.9161,-22.5684],[-55.9165,-22.5686],[-55.9194,-22.5683],[-55.9212,-22.569]]}},{"type":"Feature","properties":{"nome":"","tipo":"river"},"geometry":{"type":"LineString","coordinates":[[-55.8692,-22.2925],[-55.8753,-22.2939],[-55.8777,-22.2965],[-55.882,-22.2964],[-55.8846,-22.2951],[-55.8857,-22.295],[-55.8869,-22.2958],[-55.8912,-22.2965],[-55.8977,-22.3022],[-55.8985,-22.3035],[-55.9021,-22.3042],[-55.9031,-22.3039],[-55.9032,-22.3032],[-55.9064,-22.3003],[-55.9086,-22.301],[-55.9092,-22.3008],[-55.9096,-22.2998],[-55.9107,-22.2997],[-55.913,-22.3001],[-55.9148,-22.2997],[-55.9182,-22.3006],[-55.9189,-22.3003],[-55.9197,-22.3011],[-55.9254,-22.303],[-55.926,-22.3026],[-55.9259,-22.3019],[-55.9274,-22.3018],[-55.9278,-22.3009],[-55.9274,-22.2998],[-55.927,-22.3],[-55.9274,-22.2989],[-55.9305,-22.2993],[-55.9311,-22.2971],[-55.9315,-22.2978],[-55.9344,-22.2974],[-55.9363,-22.2986],[-55.9406,-22.2967],[-55.9457,-22.2956],[-55.9461,-22.2948],[-55.9467,-22.2949],[-55.9476,-22.2944],[-55.948,-22.2936],[-55.9478,-22.2931],[-55.9487,-22.2936],[-55.9494,-22.2931]]}},{"type":"Feature","properties":{"nome":"Rio Estrela/Arroyo Estrella","tipo":"river"},"geometry":{"type":"LineString","coordinates":[[-55.9494,-22.2931],[-55.9515,-22.2928],[-55.9518,-22.2917],[-55.953,-22.2915],[-55.9541,-22.2896],[-55.9573,-22.2901],[-55.9575,-22.2908],[-55.9593,-22.2901],[-55.9612,-22.2902],[-55.9619,-22.2893],[-55.9635,-22.2895],[-55.9644,-22.2887],[-55.9657,-22.2887],[-55.9676,-22.2907]]}},{"type":"Feature","properties":{"nome":"Rio Estrela/Arroyo Estrella","tipo":"stream"},"geometry":{"type":"LineString","coordinates":[[-55.878,-22.2827],[-55.8851,-22.2828],[-55.8875,-22.2822],[-55.8979,-22.2851],[-55.9018,-22.2852],[-55.905,-22.2846],[-55.9108,-22.2807],[-55.9124,-22.2791],[-55.914,-22.2792],[-55.9148,-22.2783],[-55.9161,-22.2778],[-55.9175,-22.2781],[-55.9181,-22.2801],[-55.9198,-22.2807],[-55.9211,-22.2806],[-55.9233,-22.2789],[-55.9254,-22.2796],[-55.9275,-22.2785],[-55.929,-22.2784],[-55.9324,-22.2797],[-55.9345,-22.2795],[-55.9359,-22.2802],[-55.9374,-22.2815],[-55.9398,-22.2824],[-55.9416,-22.2828],[-55.9424,-22.2823],[-55.9428,-22.2826],[-55.9424,-22.2832],[-55.9433,-22.2832],[-55.9436,-22.2828],[-55.9459,-22.2836],[-55.9468,-22.2847],[-55.9458,-22.2851],[-55.9459,-22.2868],[-55.9472,-22.2885],[-55.9484,-22.2887],[-55.9489,-22.29],[-55.9485,-22.2928],[-55.9495,-22.2926],[-55.9494,-22.2931]]}},{"type":"Feature","properties":{"nome":"","tipo":"stream"},"geometry":{"type":"LineString","coordinates":[[-55.8788,-22.328],[-55.8778,-22.3345],[-55.878,-22.3365],[-55.8841,-22.3464],[-55.8853,-22.3504],[-55.8853,-22.3539],[-55.8865,-22.3564],[-55.8889,-22.358],[-55.8891,-22.3592],[-55.8922,-22.3609],[-55.8932,-22.3608],[-55.8935,-22.3622],[-55.8942,-22.3625],[-55.8953,-22.365],[-55.8973,-22.3654],[-55.898,-22.3683],[-55.8973,-22.3691]]}},{"type":"Feature","properties":{"nome":"arroyo Tacuara","tipo":"river"},"geometry":{"type":"LineString","coordinates":[[-55.8922,-22.3708],[-55.8927,-22.3699],[-55.8962,-22.3684],[-55.8983,-22.3698],[-55.8999,-22.3702],[-55.9013,-22.3699],[-55.9022,-22.3703],[-55.9037,-22.3697],[-55.9063,-22.372],[-55.9071,-22.3756],[-55.9098,-22.3768],[-55.9106,-22.3767],[-55.9103,-22.3753],[-55.9109,-22.3746],[-55.9117,-22.3749],[-55.9126,-22.3765],[-55.9134,-22.3763],[-55.9137,-22.3756],[-55.9156,-22.3748],[-55.9169,-22.3748],[-55.9181,-22.376],[-55.9163,-22.3776],[-55.9155,-22.381],[-55.9169,-22.3818],[-55.9199,-22.3815],[-55.923,-22.3826],[-55.9237,-22.3821],[-55.9245,-22.3841],[-55.9276,-22.386],[-55.9301,-22.3887],[-55.9311,-22.3908],[-55.9308,-22.3918],[-55.9325,-22.3915],[-55.9344,-22.3928],[-55.9365,-22.3932],[-55.9367,-22.3936],[-55.936,-22.394],[-55.9369,-22.3952],[-55.9385,-22.3949],[-55.9411,-22.3967],[-55.9421,-22.3984],[-55.9418,-22.3994],[-55.9426,-22.4004],[-55.9422,-22.401],[-55.9432,-22.4021],[-55.9443,-22.4021],[-55.9449,-22.4026],[-55.9441,-22.404],[-55.9452,-22.4034],[-55.9456,-22.4036],[-55.945,-22.4062],[-55.9459,-22.4068],[-55.9479,-22.4068],[-55.9486,-22.4075],[-55.9474,-22.4081],[-55.9481,-22.4093],[-55.9483,-22.4086],[-55.9488,-22.409],[-55.9487,-22.4099],[-55.9481,-22.41],[-55.9484,-22.4113],[-55.9494,-22.412],[-55.9493,-22.4125],[-55.95,-22.4124],[-55.9497,-22.4132],[-55.9512,-22.4141],[-55.9516,-22.4151],[-55.9527,-22.4152],[-55.9534,-22.4145],[-55.9538,-22.4152],[-55.9541,-22.414],[-55.956,-22.4149],[-55.9559,-22.414],[-55.9576,-22.4136],[-55.9577,-22.4141],[-55.9566,-22.4144],[-55.9572,-22.4147],[-55.9572,-22.4151],[-55.958,-22.4149],[-55.9579,-22.4154],[-55.9599,-22.4159],[-55.9598,-22.4165],[-55.9604,-22.4166],[-55.9603,-22.4174],[-55.9595,-22.4178],[-55.9602,-22.4184],[-55.9595,-22.4184],[-55.9591,-22.4191],[-55.9595,-22.4203],[-55.9593,-22.4217],[-55.9576,-22.4216],[-55.9571,-22.4221],[-55.9562,-22.4222],[-55.9562,-22.4227],[-55.9569,-22.4226],[-55.9575,-22.4233],[-55.9565,-22.4234],[-55.9564,-22.4239],[-55.9556,-22.4241],[-55.9562,-22.4246],[-55.9557,-22.4259],[-55.9572,-22.4258],[-55.9575,-22.4268],[-55.9587,-22.4269],[-55.9581,-22.4274],[-55.9588,-22.4276],[-55.9581,-22.4284],[-55.9591,-22.4281],[-55.9595,-22.4274],[-55.9599,-22.4282],[-55.9598,-22.4297],[-55.9623,-22.4301],[-55.9632,-22.4298],[-55.9634,-22.4304],[-55.9627,-22.4307],[-55.9628,-22.4315],[-55.9638,-22.4315],[-55.9631,-22.4325],[-55.9633,-22.4344],[-55.9623,-22.4352],[-55.9619,-22.4341],[-55.9615,-22.4344],[-55.9615,-22.4356],[-55.9622,-22.437],[-55.9608,-22.437],[-55.9601,-22.4365],[-55.9599,-22.4379],[-55.9609,-22.4386],[-55.9603,-22.4379],[-55.9606,-22.4377],[-55.9619,-22.4386],[-55.9606,-22.4397],[-55.9612,-22.4406],[-55.9606,-22.4413],[-55.9607,-22.4426],[-55.9599,-22.4429],[-55.9605,-22.4439],[-55.9612,-22.443],[-55.9618,-22.4434],[-55.961,-22.4439],[-55.9617,-22.4447],[-55.9604,-22.4449],[-55.9602,-22.4454],[-55.9621,-22.4464],[-55.9611,-22.4481],[-55.9624,-22.4487],[-55.9625,-22.4497],[-55.9605,-22.449],[-55.9608,-22.4499],[-55.9592,-22.4506],[-55.9609,-22.4514],[-55.9625,-22.4534],[-55.9635,-22.4538],[-55.9622,-22.4543],[-55.962,-22.4549],[-55.964,-22.456],[-55.9634,-22.4571],[-55.9667,-22.4582],[-55.9682,-22.4596],[-55.9719,-22.461],[-55.9726,-22.4629],[-55.974,-22.464],[-55.9751,-22.4659],[-55.9749,-22.4679],[-55.9735,-22.4689],[-55.9735,-22.4701],[-55.9752,-22.4709],[-55.9765,-22.4722],[-55.9782,-22.4725],[-55.9783,-22.4729],[-55.9771,-22.475],[-55.9767,-22.4788],[-55.9763,-22.4792],[-55.9751,-22.4788],[-55.9733,-22.4799],[-55.9731,-22.481],[-55.9723,-22.4819],[-55.9724,-22.4833],[-55.974,-22.4835],[-55.9743,-22.4848],[-55.9765,-22.4845],[-55.9781,-22.4851],[-55.9762,-22.4863],[-55.9773,-22.4878],[-55.9768,-22.489],[-55.9771,-22.49],[-55.9782,-22.4897],[-55.98,-22.4905],[-55.9793,-22.4922],[-55.9797,-22.4942],[-55.9822,-22.4941],[-55.9833,-22.4956],[-55.9824,-22.4982],[-55.9832,-22.4997],[-55.9847,-22.5003],[-55.9848,-22.5019],[-55.9839,-22.5026],[-55.9846,-22.5041],[-55.9846,-22.5051],[-55.986,-22.5052],[-55.9865,-22.5062],[-55.988,-22.5052],[-55.9887,-22.5053],[-55.9886,-22.5072],[-55.9895,-22.5086],[-55.9894,-22.5117],[-55.989,-22.5123],[-55.9894,-22.514],[-55.9908,-22.5146],[-55.9899,-22.5149],[-55.9912,-22.5176],[-55.9918,-22.5179],[-55.9924,-22.5199],[-55.9918,-22.5218],[-55.9965,-22.5194],[-55.9971,-22.5197],[-55.9985,-22.5194],[-55.9986,-22.5207],[-56.0014,-22.5204],[-56.0026,-22.5211],[-56.0023,-22.5231],[-56.0005,-22.5232],[-56.0003,-22.5257],[-56.0005,-22.5262],[-56.0018,-22.5258],[-56.0033,-22.5261],[-56.0029,-22.5293],[-56.0023,-22.5307],[-56.0033,-22.531],[-56.0044,-22.5304],[-56.0062,-22.5313],[-56.0074,-22.5347],[-56.0088,-22.5349],[-56.0094,-22.536],[-56.0115,-22.5366],[-56.0116,-22.5381],[-56.0096,-22.5394],[-56.0094,-22.54],[-56.0107,-22.5411],[-56.0103,-22.5419],[-56.009,-22.5421],[-56.0086,-22.5429],[-56.0103,-22.5437],[-56.0115,-22.5436],[-56.0118,-22.5432],[-56.0112,-22.5427],[-56.0121,-22.5422],[-56.0128,-22.5431],[-56.0138,-22.5421],[-56.0143,-22.5404],[-56.0161,-22.5426],[-56.0157,-22.5403],[-56.0161,-22.5401],[-56.0165,-22.5408],[-56.0168,-22.54],[-56.0181,-22.5392],[-56.018,-22.5381],[-56.0184,-22.5385],[-56.0196,-22.538]]}},{"type":"Feature","properties":{"nome":"","tipo":"stream"},"geometry":{"type":"LineString","coordinates":[[-55.8913,-22.3554],[-55.8887,-22.3578]]}},{"type":"Feature","properties":{"nome":"","tipo":"stream"},"geometry":{"type":"LineString","coordinates":[[-55.9035,-22.335],[-55.9055,-22.3359],[-55.9061,-22.3384],[-55.9075,-22.3389],[-55.9103,-22.3411],[-55.9152,-22.3432],[-55.9205,-22.3479],[-55.9221,-22.3485],[-55.9228,-22.3496],[-55.9297,-22.3532],[-55.9303,-22.3563],[-55.929,-22.361],[-55.9295,-22.3634],[-55.9288,-22.3688],[-55.9296,-22.3713],[-55.9284,-22.3744],[-55.9292,-22.3769],[-55.929,-22.3791],[-55.9294,-22.38],[-55.932,-22.3812],[-55.9329,-22.3835],[-55.9342,-22.3849],[-55.9336,-22.3862],[-55.9338,-22.3875],[-55.9329,-22.3882],[-55.9334,-22.3897],[-55.9332,-22.3912],[-55.9338,-22.3923]]}},{"type":"Feature","properties":{"nome":"","tipo":"stream"},"geometry":{"type":"LineString","coordinates":[[-55.9531,-22.3658],[-55.955,-22.3675],[-55.9548,-22.3685],[-55.9565,-22.3685],[-55.9565,-22.3692],[-55.9581,-22.3711],[-55.9586,-22.3748],[-55.9579,-22.3755],[-55.9591,-22.3763],[-55.959,-22.3776],[-55.9595,-22.3777],[-55.9596,-22.3785],[-55.9602,-22.3787],[-55.9605,-22.3797],[-55.9633,-22.3829],[-55.9625,-22.3855],[-55.9632,-22.3867],[-55.9641,-22.3873],[-55.9643,-22.3891],[-55.966,-22.39],[-55.9666,-22.3915],[-55.9688,-22.3925],[-55.9691,-22.395],[-55.9696,-22.3954],[-55.9697,-22.3971],[-55.9687,-22.3982],[-55.9675,-22.3986],[-55.9661,-22.3981],[-55.9656,-22.3995],[-55.9661,-22.3999],[-55.9662,-22.4009],[-55.9641,-22.4023],[-55.9621,-22.4012],[-55.9617,-22.4016],[-55.963,-22.4032],[-55.9623,-22.4042],[-55.9614,-22.4043],[-55.9611,-22.4054],[-55.9604,-22.4055],[-55.96,-22.4066],[-55.9606,-22.4069],[-55.9606,-22.4081],[-55.9594,-22.4081],[-55.9595,-22.4088],[-55.959,-22.4092],[-55.9595,-22.4103],[-55.9593,-22.4108],[-55.96,-22.4117],[-55.9597,-22.4125],[-55.9605,-22.413],[-55.9607,-22.4142],[-55.9593,-22.415],[-55.9595,-22.4158]]}},{"type":"Feature","properties":{"nome":"","tipo":"stream"},"geometry":{"type":"LineString","coordinates":[[-55.9536,-22.3955],[-55.9551,-22.3963],[-55.9558,-22.3978],[-55.9594,-22.4013],[-55.9597,-22.4026],[-55.9607,-22.403],[-55.9614,-22.4043]]}},{"type":"Feature","properties":{"nome":"","tipo":"stream"},"geometry":{"type":"LineString","coordinates":[[-55.9911,-22.3884],[-55.99,-22.3897],[-55.9884,-22.3938],[-55.9882,-22.3958],[-55.9887,-22.3973],[-55.9864,-22.4021],[-55.9835,-22.4038],[-55.9827,-22.4058],[-55.9828,-22.4077],[-55.9817,-22.4106],[-55.9798,-22.411],[-55.9789,-22.412],[-55.9777,-22.4123],[-55.9775,-22.4132],[-55.9752,-22.4141],[-55.9748,-22.4148],[-55.9736,-22.415],[-55.9732,-22.4158],[-55.9725,-22.4158],[-55.9702,-22.4179],[-55.9686,-22.4174],[-55.9688,-22.418],[-55.9682,-22.4181],[-55.9678,-22.4189],[-55.9659,-22.4188],[-55.9647,-22.4182],[-55.9648,-22.421],[-55.9637,-22.4225],[-55.9642,-22.4247],[-55.9633,-22.4248],[-55.9626,-22.4261],[-55.9616,-22.4266],[-55.961,-22.4281],[-55.9599,-22.4282]]}},{"type":"Feature","properties":{"nome":"","tipo":"stream"},"geometry":{"type":"LineString","coordinates":[[-55.9535,-22.4851],[-55.9565,-22.4874],[-55.959,-22.4883],[-55.9628,-22.4907],[-55.9717,-22.4908],[-55.9744,-22.4923],[-55.9769,-22.4923],[-55.9796,-22.4936]]}},{"type":"Feature","properties":{"nome":"","tipo":"stream"},"geometry":{"type":"LineString","coordinates":[[-56.1984,-22.7047],[-56.1985,-22.7031],[-56.1998,-22.7017],[-56.203,-22.7005],[-56.2043,-22.6986],[-56.2041,-22.6969],[-56.2048,-22.6964],[-56.2049,-22.6956],[-56.2039,-22.6924],[-56.2031,-22.6915],[-56.2033,-22.6898],[-56.203,-22.688],[-56.2013,-22.6861],[-56.2029,-22.685],[-56.2028,-22.6837],[-56.2025,-22.6832],[-56.2014,-22.6829],[-56.2036,-22.6819],[-56.2039,-22.6808],[-56.2062,-22.6795],[-56.2067,-22.6777],[-56.208,-22.6765],[-56.2073,-22.6746],[-56.208,-22.6738]]}},{"type":"Feature","properties":{"nome":"","tipo":"stream"},"geometry":{"type":"LineString","coordinates":[[-55.7984,-22.9668],[-55.8069,-22.9685]]}},{"type":"Feature","properties":{"nome":"","tipo":"stream"},"geometry":{"type":"LineString","coordinates":[[-55.8036,-22.9605],[-55.8052,-22.9667],[-55.8081,-22.9692],[-55.8115,-22.9698]]}},{"type":"Feature","properties":{"nome":"","tipo":"dam"},"geometry":{"type":"LineString","coordinates":[[-55.8118,-22.9699],[-55.8103,-22.9712]]}},{"type":"Feature","properties":{"nome":"","tipo":"dam"},"geometry":{"type":"LineString","coordinates":[[-55.7921,-22.8772],[-55.793,-22.8784]]}},{"type":"Feature","properties":{"nome":"","tipo":"dam"},"geometry":{"type":"LineString","coordinates":[[-55.7858,-22.8833],[-55.7867,-22.8847]]}},{"type":"Feature","properties":{"nome":"","tipo":"dam"},"geometry":{"type":"LineString","coordinates":[[-55.799,-22.8727],[-55.7995,-22.8732]]}},{"type":"Feature","properties":{"nome":"","tipo":"stream"},"geometry":{"type":"LineString","coordinates":[[-55.7725,-22.8911],[-55.7726,-22.8917],[-55.7741,-22.8916],[-55.7742,-22.8932],[-55.7755,-22.8928],[-55.7755,-22.8934],[-55.7763,-22.8933],[-55.7761,-22.8944],[-55.7766,-22.895]]}},{"type":"Feature","properties":{"nome":"","tipo":"river"},"geometry":{"type":"LineString","coordinates":[[-55.7001,-22.6901],[-55.7008,-22.6905],[-55.7009,-22.6917],[-55.7004,-22.6918],[-55.7009,-22.6923],[-55.702,-22.6932],[-55.7038,-22.6935],[-55.7033,-22.6949],[-55.7051,-22.6954],[-55.7053,-22.6975],[-55.706,-22.6965],[-55.7064,-22.697]]}},{"type":"Feature","properties":{"nome":"arroyo Ypane-mi","tipo":"stream"},"geometry":{"type":"LineString","coordinates":[[-55.6285,-22.6256],[-55.6299,-22.6275],[-55.6331,-22.6281],[-55.6377,-22.6302],[-55.6411,-22.6329],[-55.6427,-22.6357],[-55.6417,-22.6401],[-55.6431,-22.6413],[-55.6429,-22.6434],[-55.6454,-22.6454],[-55.6453,-22.6459],[-55.6466,-22.6471],[-55.6464,-22.6476],[-55.6471,-22.6478],[-55.6486,-22.6514]]}},{"type":"Feature","properties":{"nome":"","tipo":"stream"},"geometry":{"type":"LineString","coordinates":[[-55.6347,-22.6241],[-55.6342,-22.6257],[-55.6345,-22.6287]]}},{"type":"Feature","properties":{"nome":"","tipo":"stream"},"geometry":{"type":"LineString","coordinates":[[-55.7056,-22.7461],[-55.7057,-22.7441],[-55.7046,-22.7418],[-55.7043,-22.7402],[-55.7047,-22.7384],[-55.704,-22.7379],[-55.7052,-22.7357],[-55.7053,-22.7322],[-55.7043,-22.7299],[-55.7039,-22.7298],[-55.7038,-22.7283],[-55.7024,-22.7253],[-55.702,-22.7236],[-55.7023,-22.7232]]}},{"type":"Feature","properties":{"nome":"","tipo":"stream"},"geometry":{"type":"LineString","coordinates":[[-55.6255,-22.9937],[-55.6286,-22.993]]}},{"type":"Feature","properties":{"nome":"","tipo":"stream"},"geometry":{"type":"LineString","coordinates":[[-55.7752,-22.4628],[-55.7775,-22.4624],[-55.7788,-22.463],[-55.7794,-22.4625],[-55.7797,-22.4611],[-55.7827,-22.4587],[-55.7836,-22.459],[-55.7842,-22.4585],[-55.7854,-22.4588],[-55.7855,-22.4597],[-55.7863,-22.4587],[-55.7868,-22.4591],[-55.7887,-22.4589],[-55.7888,-22.4593],[-55.79,-22.4589]]}},{"type":"Feature","properties":{"nome":"arroyo Aquidaban","tipo":"stream"},"geometry":{"type":"LineString","coordinates":[[-55.7679,-22.3875],[-55.7669,-22.3873],[-55.7658,-22.3878],[-55.7652,-22.3892],[-55.7647,-22.3977],[-55.7577,-22.4013],[-55.7576,-22.4029],[-55.7553,-22.4061],[-55.7554,-22.4077],[-55.7559,-22.4085],[-55.7561,-22.4125],[-55.7575,-22.414],[-55.7566,-22.4164],[-55.7598,-22.4194],[-55.7606,-22.4213],[-55.7632,-22.4224],[-55.764,-22.424],[-55.7648,-22.4242],[-55.7659,-22.4262],[-55.7667,-22.4267],[-55.7671,-22.4294],[-55.7694,-22.43],[-55.7698,-22.4316],[-55.7722,-22.4319],[-55.7736,-22.4344],[-55.772,-22.4364],[-55.7745,-22.4377],[-55.7745,-22.4405],[-55.7775,-22.4414],[-55.7776,-22.4437],[-55.7791,-22.4463],[-55.7783,-22.4469],[-55.7781,-22.4478],[-55.7795,-22.4484],[-55.7814,-22.45],[-55.7821,-22.4514],[-55.7817,-22.4524],[-55.7843,-22.4518],[-55.7843,-22.4528],[-55.7831,-22.454],[-55.7843,-22.4556],[-55.7861,-22.4561],[-55.7883,-22.4559],[-55.7881,-22.4572],[-55.7895,-22.4586]]}},{"type":"Feature","properties":{"nome":"","tipo":"dam"},"geometry":{"type":"LineString","coordinates":[[-55.7415,-22.4382],[-55.7411,-22.4392],[-55.7403,-22.4396]]}},{"type":"Feature","properties":{"nome":"Arroyo Estrella / Rio Estrela","tipo":"river"},"geometry":{"type":"LineString","coordinates":[[-56.1659,-22.2883],[-56.1692,-22.2868],[-56.1692,-22.2851],[-56.1701,-22.2845],[-56.1711,-22.2844],[-56.1728,-22.2861],[-56.1737,-22.2852],[-56.1745,-22.2856],[-56.1752,-22.2836],[-56.1749,-22.2818],[-56.1744,-22.2817],[-56.1738,-22.2824],[-56.1731,-22.2818],[-56.174,-22.281],[-56.1739,-22.2799],[-56.1748,-22.2794],[-56.1757,-22.2798],[-56.1762,-22.279],[-56.1776,-22.2788],[-56.1783,-22.2797],[-56.178,-22.2807],[-56.1783,-22.2809],[-56.1793,-22.2798],[-56.1812,-22.2799],[-56.1833,-22.2774],[-56.1851,-22.2785],[-56.1866,-22.2787],[-56.1869,-22.2823],[-56.189,-22.282],[-56.1893,-22.2816],[-56.1883,-22.28],[-56.1899,-22.2792],[-56.1886,-22.2779],[-56.1899,-22.2734],[-56.1915,-22.2731],[-56.1936,-22.2711],[-56.1947,-22.2722],[-56.1947,-22.2736],[-56.1969,-22.2742],[-56.1993,-22.2762],[-56.2001,-22.2781],[-56.2012,-22.2781],[-56.2025,-22.2767],[-56.2028,-22.2754],[-56.2056,-22.2753],[-56.2098,-22.2781],[-56.2114,-22.2763],[-56.2133,-22.2756],[-56.2135,-22.2749],[-56.2127,-22.2745],[-56.2127,-22.274],[-56.2141,-22.2742],[-56.2153,-22.2732],[-56.2151,-22.2726],[-56.2141,-22.2722],[-56.2148,-22.2694],[-56.2161,-22.2694],[-56.2173,-22.2686],[-56.2199,-22.2686],[-56.2211,-22.2672],[-56.2203,-22.2653],[-56.2214,-22.2647],[-56.2217,-22.2639],[-56.2229,-22.264],[-56.2261,-22.2629],[-56.2263,-22.262],[-56.2272,-22.2615],[-56.2281,-22.2631],[-56.2291,-22.2619],[-56.2287,-22.261],[-56.2292,-22.2602],[-56.2319,-22.2583],[-56.2345,-22.2557],[-56.2344,-22.2552],[-56.2331,-22.255],[-56.2322,-22.2536],[-56.234,-22.252],[-56.2344,-22.2506],[-56.2325,-22.2496],[-56.2324,-22.2475],[-56.236,-22.2404],[-56.2371,-22.24],[-56.2378,-22.2383],[-56.2372,-22.2375],[-56.2382,-22.2365],[-56.2417,-22.236],[-56.2428,-22.2354],[-56.2459,-22.2369],[-56.2474,-22.2368],[-56.2484,-22.2373],[-56.2495,-22.2369],[-56.2501,-22.2383],[-56.2526,-22.2385],[-56.2555,-22.238],[-56.2561,-22.2371],[-56.2574,-22.2368],[-56.2625,-22.2395],[-56.2653,-22.2384],[-56.2679,-22.2356],[-56.2703,-22.2359],[-56.2708,-22.2332],[-56.2742,-22.2345],[-56.2762,-22.2365],[-56.2773,-22.2368],[-56.2792,-22.2337],[-56.2779,-22.2332],[-56.2781,-22.2321],[-56.2852,-22.2315],[-56.2848,-22.2296],[-56.286,-22.228],[-56.2851,-22.2259],[-56.2855,-22.2251],[-56.2862,-22.2248],[-56.2878,-22.2256],[-56.2905,-22.2258],[-56.2911,-22.2233],[-56.2918,-22.2229],[-56.2939,-22.2229],[-56.2946,-22.2219],[-56.2948,-22.2206],[-56.2982,-22.2204],[-56.2992,-22.2199],[-56.2996,-22.2174],[-56.3042,-22.2163],[-56.3052,-22.2151],[-56.3071,-22.2148],[-56.3092,-22.2139],[-56.3108,-22.2142],[-56.3121,-22.2136],[-56.3126,-22.214],[-56.3125,-22.2159],[-56.3137,-22.2161],[-56.3158,-22.218],[-56.3169,-22.2183],[-56.3174,-22.215],[-56.3219,-22.2144],[-56.3213,-22.2114],[-56.3234,-22.2105],[-56.3259,-22.2087],[-56.3259,-22.2083],[-56.3242,-22.2078],[-56.3238,-22.2073],[-56.3265,-22.2055],[-56.3264,-22.2031],[-56.3272,-22.203],[-56.3294,-22.2047],[-56.331,-22.2039],[-56.3309,-22.2018],[-56.3295,-22.2009],[-56.3302,-22.1989],[-56.3339,-22.1993],[-56.3369,-22.1989],[-56.3381,-22.1972],[-56.3361,-22.1966],[-56.3357,-22.1958],[-56.3391,-22.1925],[-56.3392,-22.1902],[-56.3403,-22.1887],[-56.3412,-22.1883],[-56.3415,-22.1896],[-56.3431,-22.1899],[-56.345,-22.1892],[-56.3464,-22.1879],[-56.3464,-22.1863],[-56.3432,-22.183],[-56.3438,-22.1823],[-56.3456,-22.1818],[-56.3462,-22.1796]]}},{"type":"Feature","properties":{"nome":"Rio Estrela/Arroyo Estrella","tipo":"river"},"geometry":{"type":"LineString","coordinates":[[-55.9676,-22.2907],[-55.9698,-22.2922],[-55.9697,-22.2913],[-55.9743,-22.2875],[-55.9756,-22.2848],[-55.9782,-22.2848],[-55.9778,-22.2844],[-55.9787,-22.2837],[-55.9778,-22.2836],[-55.9773,-22.2824],[-55.9789,-22.2822],[-55.9793,-22.2818],[-55.9792,-22.2811],[-55.9799,-22.2814],[-55.9799,-22.2793],[-55.9808,-22.2786],[-55.9817,-22.2793],[-55.9821,-22.2787],[-55.9832,-22.2787]]}},{"type":"Feature","properties":{"nome":"Córrego do Pecado","tipo":"stream"},"geometry":{"type":"LineString","coordinates":[[-55.6673,-22.2625],[-55.6689,-22.2614],[-55.6727,-22.2598],[-55.6751,-22.2601],[-55.6803,-22.2566],[-55.6823,-22.2558],[-55.6838,-22.2531],[-55.6845,-22.2525],[-55.6842,-22.251],[-55.6871,-22.2439],[-55.6873,-22.2422],[-55.6878,-22.242],[-55.6881,-22.2405],[-55.6895,-22.239],[-55.6926,-22.2375],[-55.6935,-22.2381],[-55.6949,-22.2381],[-55.6949,-22.2373],[-55.6968,-22.2374],[-55.7001,-22.2364],[-55.7018,-22.2351],[-55.7054,-22.2345]]}},{"type":"Feature","properties":{"nome":"Rio Santa Virgínia","tipo":"river"},"geometry":{"type":"MultiLineString","coordinates":[[[-55.7484,-22.2859],[-55.7464,-22.2829],[-55.7455,-22.2831],[-55.7442,-22.2841],[-55.7427,-22.2825]],[[-55.7416,-22.2817],[-55.7406,-22.281]],[[-55.7407,-22.2809],[-55.741,-22.2804],[-55.7402,-22.2797],[-55.7398,-22.2783],[-55.7387,-22.2784]],[[-55.7386,-22.2784],[-55.7363,-22.2799],[-55.7348,-22.2794],[-55.7343,-22.2781]],[[-55.7309,-22.2767],[-55.7303,-22.2765],[-55.7294,-22.2751],[-55.7297,-22.2742]],[[-55.7312,-22.2729],[-55.7312,-22.2727]],[[-55.7307,-22.2719],[-55.728,-22.2705],[-55.7263,-22.2672],[-55.7252,-22.2671],[-55.7242,-22.2678],[-55.7224,-22.2675],[-55.7213,-22.2668],[-55.7218,-22.266]],[[-55.7234,-22.2626],[-55.7217,-22.2624],[-55.7228,-22.2606]],[[-55.7194,-22.257],[-55.7171,-22.2562]],[[-55.7159,-22.2567],[-55.7162,-22.2578],[-55.7154,-22.258],[-55.7141,-22.2574],[-55.7129,-22.255],[-55.7136,-22.2545]],[[-55.7129,-22.2511],[-55.7111,-22.2498]],[[-55.7101,-22.2503],[-55.7104,-22.2517]],[[-55.7103,-22.2519],[-55.7098,-22.2533],[-55.7086,-22.2537],[-55.7076,-22.2532],[-55.7077,-22.2525],[-55.7085,-22.2531],[-55.7095,-22.2527],[-55.7073,-22.2508],[-55.7063,-22.2505],[-55.7061,-22.2493],[-55.7065,-22.249]],[[-55.7067,-22.2482],[-55.7061,-22.2474],[-55.7071,-22.2475]],[[-55.709,-22.247],[-55.7085,-22.2458],[-55.7093,-22.2446]],[[-55.7085,-22.2431],[-55.7075,-22.2427],[-55.707,-22.2411],[-55.7083,-22.2418]],[[-55.7088,-22.2417],[-55.7087,-22.2408],[-55.7093,-22.2404]],[[-55.7096,-22.24],[-55.7112,-22.2379]],[[-55.7117,-22.2367],[-55.7093,-22.2379],[-55.7091,-22.2374],[-55.7073,-22.2385],[-55.7064,-22.2383]],[[-55.7061,-22.2382],[-55.7052,-22.2377],[-55.705,-22.2368],[-55.7043,-22.2367],[-55.7038,-22.2356],[-55.7051,-22.2354]],[[-55.7058,-22.2344],[-55.7059,-22.2343]],[[-55.7076,-22.2335],[-55.7086,-22.2322],[-55.7109,-22.2307]],[[-55.712,-22.2298],[-55.7119,-22.229],[-55.7125,-22.2293]],[[-55.713,-22.2289],[-55.7126,-22.2282],[-55.7129,-22.2276]],[[-55.7129,-22.2273],[-55.7105,-22.2236]],[[-55.7105,-22.2235],[-55.7103,-22.2226],[-55.7078,-22.2229],[-55.7057,-22.2215],[-55.7052,-22.2176]],[[-55.7041,-22.2158],[-55.7026,-22.2163],[-55.7012,-22.2158],[-55.7012,-22.2152]],[[-55.702,-22.2125],[-55.7013,-22.2102],[-55.7015,-22.2089],[-55.7006,-22.2061]],[[-55.7005,-22.206],[-55.6983,-22.2039],[-55.6987,-22.2035],[-55.6992,-22.2038]],[[-55.6937,-22.2014],[-55.6925,-22.2037],[-55.6925,-22.2052],[-55.6911,-22.2052],[-55.6906,-22.2048]],[[-55.6894,-22.2036],[-55.6894,-22.2029],[-55.6901,-22.203]],[[-55.691,-22.2024],[-55.6909,-22.2022]],[[-55.6897,-22.2002],[-55.6891,-22.1991],[-55.6897,-22.1981]],[[-55.6864,-22.1951],[-55.6846,-22.1942],[-55.6839,-22.1927],[-55.6845,-22.1919]],[[-55.6839,-22.1891],[-55.684,-22.1886]],[[-55.6841,-22.1884],[-55.6852,-22.1874]],[[-55.6855,-22.1871],[-55.6861,-22.1869]],[[-55.6876,-22.1846],[-55.6875,-22.1834],[-55.6879,-22.1831],[-55.6888,-22.1834]],[[-55.6891,-22.1835],[-55.6913,-22.1845]],[[-55.6917,-22.1834],[-55.6909,-22.1822],[-55.692,-22.1807],[-55.6903,-22.1807]],[[-55.6873,-22.1803],[-55.6866,-22.1803],[-55.6865,-22.1795],[-55.6874,-22.1783]],[[-55.6876,-22.1776],[-55.6876,-22.1772]],[[-55.6865,-22.1767],[-55.6862,-22.1768]],[[-55.6858,-22.1771],[-55.6842,-22.1788],[-55.6836,-22.1787]],[[-55.6817,-22.1775],[-55.6798,-22.1776],[-55.6803,-22.1767]],[[-55.6801,-22.1737],[-55.6785,-22.1731],[-55.6787,-22.1714]],[[-55.6783,-22.1708],[-55.6759,-22.1713],[-55.6743,-22.1706],[-55.6725,-22.1708],[-55.6706,-22.1702],[-55.6709,-22.1696]],[[-55.672,-22.1685],[-55.6717,-22.1682],[-55.6725,-22.1682]],[[-55.6724,-22.1658],[-55.6715,-22.1656],[-55.6694,-22.1634],[-55.6699,-22.1628]],[[-55.6699,-22.1624],[-55.6685,-22.1625],[-55.6683,-22.1619]],[[-55.6642,-22.1603],[-55.6623,-22.161]],[[-55.6618,-22.1615],[-55.662,-22.1619],[-55.6613,-22.1621]],[[-55.6596,-22.1629],[-55.6583,-22.1632],[-55.6586,-22.1626]],[[-55.6582,-22.1614],[-55.6579,-22.1592],[-55.6586,-22.1592]],[[-55.6606,-22.1579],[-55.6602,-22.1574],[-55.6603,-22.1552],[-55.6643,-22.1561]],[[-55.6654,-22.1567],[-55.6661,-22.1567],[-55.6662,-22.1572]],[[-55.6675,-22.1561],[-55.6675,-22.1553]],[[-55.6648,-22.1523],[-55.6621,-22.1509]],[[-55.6617,-22.1508],[-55.6617,-22.1496],[-55.6624,-22.1497]],[[-55.6625,-22.1481],[-55.6616,-22.1478]],[[-55.6605,-22.1479],[-55.6595,-22.1485],[-55.6589,-22.148]],[[-55.6601,-22.1459],[-55.6605,-22.1447],[-55.661,-22.1447]],[[-55.6635,-22.1401],[-55.6633,-22.1412],[-55.6622,-22.1411]],[[-55.6611,-22.1401],[-55.661,-22.1398]],[[-55.6596,-22.1405],[-55.6593,-22.1411],[-55.6592,-22.1407]],[[-55.6588,-22.1404],[-55.6578,-22.1398]],[[-55.6503,-22.1336],[-55.6472,-22.1354]],[[-55.6466,-22.1358],[-55.6452,-22.1366]]]}},{"type":"Feature","properties":{"nome":"Rio São João","tipo":"river"},"geometry":{"type":"LineString","coordinates":[[-55.7,-22.5026],[-55.6987,-22.5038],[-55.6976,-22.5036],[-55.6961,-22.5058],[-55.695,-22.5057],[-55.694,-22.5065],[-55.6933,-22.5061],[-55.694,-22.5049],[-55.692,-22.5043],[-55.69,-22.5026],[-55.6897,-22.5035],[-55.6889,-22.5034],[-55.6881,-22.5045],[-55.6863,-22.5038],[-55.6856,-22.5046],[-55.6848,-22.504],[-55.6848,-22.5059],[-55.682,-22.5056],[-55.6803,-22.5061],[-55.6796,-22.5073],[-55.6778,-22.507],[-55.674,-22.5093],[-55.6741,-22.5101],[-55.6726,-22.5105],[-55.6722,-22.5115],[-55.6714,-22.5118],[-55.6716,-22.514],[-55.6689,-22.5147],[-55.6673,-22.5141],[-55.6665,-22.5143],[-55.6657,-22.5123],[-55.6625,-22.512],[-55.6597,-22.5095],[-55.6592,-22.5095],[-55.6589,-22.5105],[-55.6577,-22.5109],[-55.6581,-22.5115],[-55.656,-22.5117],[-55.6559,-22.5112],[-55.6545,-22.5117],[-55.6539,-22.5112],[-55.6536,-22.5122],[-55.6548,-22.5131],[-55.6516,-22.5143],[-55.6506,-22.5138],[-55.6488,-22.514],[-55.6483,-22.5138],[-55.6487,-22.5132],[-55.6483,-22.5131],[-55.6461,-22.5137],[-55.6455,-22.5142],[-55.6461,-22.5162],[-55.645,-22.5158],[-55.6452,-22.5147],[-55.6434,-22.514],[-55.6422,-22.5149],[-55.6403,-22.5148],[-55.6405,-22.5141],[-55.6415,-22.5139],[-55.6387,-22.5132],[-55.6378,-22.5118],[-55.6387,-22.5115],[-55.6378,-22.511],[-55.6366,-22.5094],[-55.6354,-22.5093],[-55.6349,-22.51],[-55.6335,-22.5101],[-55.6328,-22.5106],[-55.6331,-22.5114],[-55.6316,-22.5117],[-55.632,-22.5109],[-55.6313,-22.5108],[-55.6311,-22.5123],[-55.63,-22.5127],[-55.6299,-22.5137],[-55.6287,-22.5134],[-55.6282,-22.5125],[-55.6263,-22.5118],[-55.6251,-22.5124],[-55.6242,-22.5119],[-55.6228,-22.5131],[-55.6232,-22.514],[-55.6228,-22.5144],[-55.6185,-22.5125],[-55.6159,-22.5106]]}},{"type":"Feature","properties":{"nome":"","tipo":"stream"},"geometry":{"type":"LineString","coordinates":[[-55.7094,-23.2651],[-55.7079,-23.2668],[-55.7052,-23.2673],[-55.7041,-23.269],[-55.7027,-23.2734],[-55.7,-23.2756]]}},{"type":"Feature","properties":{"nome":"","tipo":"stream"},"geometry":{"type":"LineString","coordinates":[[-55.7096,-23.2651],[-55.7094,-23.2651]]}},{"type":"Feature","properties":{"nome":"","tipo":"stream"},"geometry":{"type":"LineString","coordinates":[[-55.7097,-23.265],[-55.7096,-23.2651]]}},{"type":"Feature","properties":{"nome":"Rio Samambaia","tipo":"river"},"geometry":{"type":"LineString","coordinates":[[-55.8537,-22.2578],[-55.8551,-22.2564],[-55.8558,-22.254],[-55.8566,-22.2527],[-55.8606,-22.2499],[-55.8612,-22.2487],[-55.8648,-22.2454],[-55.865,-22.2428],[-55.8632,-22.2386],[-55.8625,-22.2311]]}},{"type":"Feature","properties":{"nome":"Río Ypané","tipo":"river"},"geometry":{"type":"LineString","coordinates":[[-56.2317,-23.3294],[-56.2327,-23.329],[-56.2331,-23.3259],[-56.2345,-23.3231],[-56.2351,-23.3203],[-56.236,-23.319],[-56.2379,-23.3142],[-56.2403,-23.3135],[-56.2416,-23.3139],[-56.2432,-23.3164],[-56.2479,-23.3198],[-56.2491,-23.3224],[-56.2517,-23.3196],[-56.254,-23.3207],[-56.2563,-23.3209],[-56.2591,-23.3234],[-56.2593,-23.3261],[-56.2596,-23.3271],[-56.2602,-23.3275],[-56.2624,-23.3269],[-56.2632,-23.3254],[-56.2648,-23.3242],[-56.2672,-23.3248],[-56.2692,-23.3238],[-56.2713,-23.3244],[-56.2719,-23.325],[-56.2725,-23.3287],[-56.274,-23.3312],[-56.2756,-23.3324],[-56.2769,-23.3323],[-56.2787,-23.3296],[-56.28,-23.3293],[-56.2805,-23.3284],[-56.2816,-23.328],[-56.2824,-23.3281],[-56.2814,-23.3296],[-56.2819,-23.3299],[-56.2855,-23.3286],[-56.2871,-23.3317],[-56.2895,-23.3287],[-56.2908,-23.3287],[-56.2928,-23.3297],[-56.2939,-23.3318],[-56.293,-23.3354],[-56.2932,-23.3373],[-56.2911,-23.3393],[-56.2908,-23.3403],[-56.2936,-23.3439],[-56.2969,-23.3425],[-56.2983,-23.3384],[-56.3007,-23.3375],[-56.3043,-23.3421],[-56.3069,-23.3438],[-56.3088,-23.3458],[-56.3118,-23.347],[-56.3138,-23.3456]]}},{"type":"Feature","properties":{"nome":"","tipo":"river"},"geometry":{"type":"LineString","coordinates":[[-56.2458,-23.2415],[-56.2475,-23.243],[-56.2499,-23.2442],[-56.2548,-23.2436],[-56.2544,-23.2453],[-56.2555,-23.2464],[-56.2569,-23.2466],[-56.2592,-23.2446],[-56.2602,-23.2457],[-56.2624,-23.2467],[-56.2634,-23.2488],[-56.2664,-23.2492],[-56.2663,-23.2502],[-56.2634,-23.2527],[-56.2642,-23.2538],[-56.2646,-23.2554],[-56.2664,-23.255],[-56.2674,-23.2563],[-56.2696,-23.257],[-56.2718,-23.2567],[-56.273,-23.2561],[-56.2745,-23.258],[-56.2753,-23.2581],[-56.2753,-23.259],[-56.2742,-23.26],[-56.2734,-23.26],[-56.2727,-23.2591],[-56.2718,-23.2592],[-56.2705,-23.261],[-56.2678,-23.2616],[-56.2686,-23.264],[-56.2715,-23.2658],[-56.2717,-23.2682],[-56.2731,-23.2707],[-56.2731,-23.2715],[-56.2709,-23.2725],[-56.2711,-23.2732],[-56.272,-23.2739],[-56.276,-23.2722]]}},{"type":"Feature","properties":{"nome":"","tipo":"river"},"geometry":{"type":"LineString","coordinates":[[-56.2002,-23.2232],[-56.2029,-23.2231],[-56.2029,-23.2254],[-56.2011,-23.2259],[-56.2007,-23.2265],[-56.2037,-23.2273],[-56.2065,-23.2266],[-56.2066,-23.2246],[-56.2079,-23.2236],[-56.2098,-23.2234],[-56.2104,-23.2243],[-56.2114,-23.2243],[-56.2117,-23.2233],[-56.2103,-23.2221],[-56.2102,-23.2215],[-56.2111,-23.2213],[-56.2133,-23.2221],[-56.2134,-23.2242],[-56.2113,-23.2264],[-56.2111,-23.2304],[-56.2124,-23.2319],[-56.2174,-23.235],[-56.2186,-23.2348],[-56.219,-23.2339],[-56.2209,-23.2322],[-56.2233,-23.231],[-56.2307,-23.2311],[-56.2337,-23.2306],[-56.2348,-23.2298],[-56.2361,-23.2268],[-56.2381,-23.2265],[-56.2411,-23.2313],[-56.2403,-23.2321],[-56.2374,-23.2325],[-56.2356,-23.2343],[-56.236,-23.2359],[-56.2385,-23.238],[-56.2393,-23.2409],[-56.2417,-23.24],[-56.2458,-23.2415]]}},{"type":"Feature","properties":{"nome":"","tipo":"river"},"geometry":{"type":"LineString","coordinates":[[-56.1877,-23.1612],[-56.1897,-23.1601],[-56.1916,-23.1613],[-56.1947,-23.1642],[-56.1965,-23.1641],[-56.1981,-23.1629],[-56.1997,-23.1645],[-56.2002,-23.1642],[-56.1998,-23.1627],[-56.2035,-23.1637],[-56.2071,-23.1617],[-56.2057,-23.1675],[-56.2029,-23.1692],[-56.2025,-23.1705],[-56.2026,-23.1735],[-56.2037,-23.1744],[-56.2072,-23.1756],[-56.2118,-23.1737],[-56.2132,-23.1748],[-56.2135,-23.1759],[-56.213,-23.1788],[-56.2172,-23.1856],[-56.2169,-23.1872]]}},{"type":"Feature","properties":{"nome":"","tipo":"river"},"geometry":{"type":"LineString","coordinates":[[-56.1391,-23.1118],[-56.1387,-23.1137],[-56.1402,-23.1166],[-56.1404,-23.1197],[-56.1413,-23.1213],[-56.1442,-23.1234],[-56.1468,-23.1229],[-56.1475,-23.1218],[-56.1481,-23.1217],[-56.1513,-23.1232],[-56.1536,-23.1216],[-56.1542,-23.1235],[-56.1553,-23.1225],[-56.1604,-23.1231],[-56.1633,-23.124],[-56.1652,-23.1259],[-56.166,-23.1244],[-56.1668,-23.1242],[-56.169,-23.1252],[-56.1705,-23.1221],[-56.1731,-23.1212],[-56.1738,-23.1201],[-56.1751,-23.1191]]}},{"type":"Feature","properties":{"nome":"","tipo":"river"},"geometry":{"type":"LineString","coordinates":[[-56.1384,-23.0786],[-56.1389,-23.0799],[-56.1358,-23.0871],[-56.1359,-23.0884],[-56.1379,-23.0887],[-56.1402,-23.0921],[-56.1452,-23.0913],[-56.1463,-23.0926],[-56.1477,-23.0933],[-56.1487,-23.097],[-56.1518,-23.0984],[-56.1509,-23.0998],[-56.1474,-23.1003],[-56.1456,-23.1],[-56.1454,-23.1016],[-56.1439,-23.1032],[-56.1432,-23.1062],[-56.1444,-23.1067],[-56.1449,-23.1053],[-56.1455,-23.105],[-56.147,-23.1068],[-56.1456,-23.1098],[-56.1418,-23.1105],[-56.1395,-23.1112],[-56.1391,-23.1118]]}},{"type":"Feature","properties":{"nome":"","tipo":"river"},"geometry":{"type":"LineString","coordinates":[[-56.2169,-23.1872],[-56.2182,-23.1916],[-56.2132,-23.1918],[-56.2122,-23.1947],[-56.2129,-23.1978],[-56.2152,-23.1988],[-56.2138,-23.2023],[-56.2122,-23.203],[-56.2107,-23.2003],[-56.2099,-23.2005],[-56.2078,-23.2055],[-56.2049,-23.2072],[-56.2041,-23.2156],[-56.2018,-23.2167],[-56.1999,-23.2161],[-56.1994,-23.2187],[-56.1978,-23.2195],[-56.1987,-23.2222],[-56.2002,-23.2232]]}},{"type":"Feature","properties":{"nome":"","tipo":"river"},"geometry":{"type":"LineString","coordinates":[[-56.276,-23.2722],[-56.2776,-23.2731],[-56.2796,-23.2724],[-56.281,-23.2711],[-56.2853,-23.2716],[-56.2866,-23.2739],[-56.2867,-23.2771],[-56.2879,-23.2785],[-56.2865,-23.28],[-56.285,-23.2798],[-56.2839,-23.2806],[-56.2822,-23.2807],[-56.2814,-23.2825],[-56.2846,-23.2843],[-56.2857,-23.2866],[-56.2846,-23.2873],[-56.2848,-23.288],[-56.2863,-23.2875],[-56.2926,-23.2907],[-56.2943,-23.2933],[-56.2957,-23.2967],[-56.2971,-23.296],[-56.2989,-23.296],[-56.2985,-23.2993],[-56.2999,-23.3035],[-56.299,-23.3059]]}},{"type":"Feature","properties":{"nome":"","tipo":"river"},"geometry":{"type":"LineString","coordinates":[[-56.1292,-23.0494],[-56.1296,-23.0504],[-56.1291,-23.0515],[-56.1289,-23.0543],[-56.1284,-23.0552],[-56.1264,-23.0559],[-56.1269,-23.0584],[-56.1285,-23.0614],[-56.1262,-23.0641],[-56.1262,-23.0666],[-56.1271,-23.0682],[-56.1257,-23.0693],[-56.1275,-23.07],[-56.1281,-23.072],[-56.1298,-23.073],[-56.1291,-23.0744],[-56.1293,-23.0756],[-56.1304,-23.0762],[-56.1313,-23.0755],[-56.134,-23.0774],[-56.1356,-23.0765],[-56.1377,-23.0772],[-56.1386,-23.0778],[-56.1384,-23.0786]]}},{"type":"Feature","properties":{"nome":"","tipo":"river"},"geometry":{"type":"LineString","coordinates":[[-56.299,-23.3059],[-56.2977,-23.3071],[-56.2945,-23.308],[-56.29,-23.307],[-56.289,-23.3076],[-56.2888,-23.3088],[-56.2896,-23.3096],[-56.289,-23.3115],[-56.2895,-23.3139],[-56.2877,-23.3156],[-56.2873,-23.318],[-56.2896,-23.3198],[-56.2952,-23.3206],[-56.2963,-23.3218],[-56.2984,-23.3209],[-56.2993,-23.3211],[-56.3003,-23.3251],[-56.3016,-23.3266],[-56.3027,-23.327],[-56.3058,-23.3267],[-56.3067,-23.3265],[-56.3085,-23.325],[-56.3113,-23.327],[-56.3115,-23.3278],[-56.3097,-23.3294],[-56.3099,-23.3303],[-56.3111,-23.3298],[-56.3119,-23.3305],[-56.3112,-23.3326],[-56.3115,-23.3336],[-56.3095,-23.3357],[-56.3102,-23.3372],[-56.3136,-23.338],[-56.313,-23.3397],[-56.3143,-23.3404],[-56.3147,-23.3412],[-56.3133,-23.3446],[-56.3138,-23.3456]]}},{"type":"Feature","properties":{"nome":"arroyo Guazu","tipo":"river"},"geometry":{"type":"LineString","coordinates":[[-56.1092,-22.4905],[-56.1123,-22.4924],[-56.1117,-22.4932],[-56.1126,-22.4934],[-56.1123,-22.494],[-56.1132,-22.4941],[-56.1127,-22.4948],[-56.1128,-22.4954],[-56.1144,-22.4958],[-56.1149,-22.4964],[-56.116,-22.4964],[-56.1156,-22.4976],[-56.1165,-22.4973],[-56.1169,-22.4985],[-56.118,-22.4982],[-56.1191,-22.4991],[-56.1192,-22.4999],[-56.1205,-22.4996],[-56.1209,-22.5002],[-56.1234,-22.5002],[-56.124,-22.5007],[-56.125,-22.5033],[-56.1271,-22.5035],[-56.1295,-22.5045],[-56.1307,-22.5067],[-56.1327,-22.5083],[-56.1338,-22.5111],[-56.1355,-22.5115],[-56.1385,-22.5142],[-56.1418,-22.5149],[-56.1441,-22.5148],[-56.1478,-22.5119],[-56.1516,-22.5105],[-56.1605,-22.5119],[-56.1629,-22.5138],[-56.1653,-22.5149],[-56.1663,-22.5165],[-56.1684,-22.5176],[-56.1704,-22.521],[-56.1702,-22.5218],[-56.1716,-22.5225],[-56.172,-22.5236],[-56.1738,-22.5254],[-56.1749,-22.5257],[-56.1757,-22.5268],[-56.1806,-22.5293],[-56.1809,-22.5303],[-56.1806,-22.5308],[-56.1798,-22.5306],[-56.1798,-22.5315],[-56.1821,-22.533],[-56.1824,-22.5338],[-56.1847,-22.5348],[-56.1842,-22.536],[-56.1853,-22.5365],[-56.1869,-22.5391],[-56.1888,-22.5393],[-56.1906,-22.5402]]}},{"type":"Feature","properties":{"nome":"arroyo Guazu","tipo":"river"},"geometry":{"type":"LineString","coordinates":[[-56.1906,-22.5402],[-56.1925,-22.5415],[-56.1926,-22.5427],[-56.1938,-22.544],[-56.1975,-22.5452],[-56.1978,-22.5468],[-56.1985,-22.5478],[-56.1971,-22.5499],[-56.1959,-22.55],[-56.1949,-22.5509],[-56.1945,-22.5525],[-56.195,-22.5541],[-56.194,-22.5557],[-56.1948,-22.5565],[-56.1954,-22.5593],[-56.1944,-22.56],[-56.1945,-22.5604],[-56.1953,-22.5609],[-56.1983,-22.5608],[-56.1987,-22.5614],[-56.1987,-22.5626],[-56.198,-22.5637],[-56.1992,-22.567],[-56.2005,-22.5686],[-56.1995,-22.5706],[-56.2001,-22.5729],[-56.1997,-22.5757],[-56.2016,-22.577],[-56.2011,-22.5798],[-56.2026,-22.5797],[-56.2053,-22.5809],[-56.2074,-22.581],[-56.2084,-22.5807],[-56.2091,-22.5796],[-56.2104,-22.5791],[-56.2122,-22.5801],[-56.2126,-22.5817],[-56.2135,-22.5821],[-56.2147,-22.5811],[-56.2178,-22.5807],[-56.219,-22.5792],[-56.2211,-22.5792],[-56.2222,-22.578],[-56.2224,-22.5769],[-56.2253,-22.5758],[-56.2267,-22.576],[-56.2263,-22.5767],[-56.2272,-22.5773],[-56.227,-22.5781],[-56.2297,-22.578],[-56.2291,-22.5799],[-56.2301,-22.5802],[-56.2307,-22.5819],[-56.229,-22.5818],[-56.2287,-22.5822],[-56.2302,-22.5837],[-56.2297,-22.5845],[-56.2308,-22.5854],[-56.2323,-22.5886],[-56.2339,-22.5892],[-56.234,-22.5907],[-56.2357,-22.5918],[-56.2365,-22.5946],[-56.2363,-22.5967],[-56.235,-22.5978],[-56.2358,-22.5981],[-56.2353,-22.5987],[-56.2363,-22.601],[-56.2362,-22.6026],[-56.2371,-22.603],[-56.2392,-22.6019],[-56.2398,-22.602],[-56.24,-22.6034],[-56.2386,-22.6067],[-56.2397,-22.608],[-56.242,-22.6085],[-56.2426,-22.6091],[-56.2414,-22.6132],[-56.2398,-22.6147],[-56.24,-22.6161],[-56.2453,-22.6196],[-56.246,-22.6218],[-56.2482,-22.6226],[-56.2509,-22.623],[-56.2534,-22.6223],[-56.2536,-22.6213],[-56.2543,-22.6213],[-56.2542,-22.6224],[-56.2549,-22.6227],[-56.2544,-22.6237],[-56.2547,-22.6258],[-56.2543,-22.6263],[-56.2534,-22.6261],[-56.2532,-22.6276],[-56.2554,-22.63],[-56.2589,-22.6307],[-56.2615,-22.6325],[-56.2589,-22.6324],[-56.2588,-22.6329],[-56.2596,-22.6347],[-56.2621,-22.6353],[-56.2626,-22.6369],[-56.2625,-22.6378],[-56.2611,-22.6388],[-56.2613,-22.6395],[-56.2626,-22.6399],[-56.2634,-22.6414],[-56.2632,-22.6432],[-56.2621,-22.6444],[-56.2667,-22.6454],[-56.2672,-22.6456],[-56.2679,-22.6474],[-56.2695,-22.6475],[-56.2694,-22.6483],[-56.2684,-22.6485],[-56.2646,-22.6478],[-56.2641,-22.6491],[-56.2632,-22.6497],[-56.2633,-22.6503],[-56.2649,-22.6504],[-56.2659,-22.6521],[-56.265,-22.6537],[-56.2659,-22.654],[-56.2661,-22.6546],[-56.2647,-22.6551],[-56.2646,-22.6558],[-56.2656,-22.6575],[-56.2653,-22.6582],[-56.2666,-22.6588],[-56.2665,-22.6604],[-56.2673,-22.6605],[-56.2673,-22.6615],[-56.2679,-22.6614],[-56.2677,-22.663],[-56.2656,-22.6642],[-56.2654,-22.6655],[-56.2664,-22.666],[-56.2693,-22.6641],[-56.2696,-22.6646],[-56.2691,-22.6675],[-56.2693,-22.6684],[-56.2712,-22.6684],[-56.272,-22.6691],[-56.2725,-22.6684],[-56.2739,-22.6684],[-56.275,-22.6675],[-56.2761,-22.6673],[-56.2764,-22.6675],[-56.2759,-22.6683],[-56.2776,-22.6707],[-56.2788,-22.6701],[-56.2789,-22.6687],[-56.2808,-22.6677],[-56.2815,-22.6678],[-56.2829,-22.6694],[-56.2821,-22.6708],[-56.2827,-22.6723],[-56.287,-22.6743],[-56.2884,-22.6766],[-56.2884,-22.6778],[-56.2901,-22.68],[-56.2908,-22.682],[-56.2894,-22.6833],[-56.2909,-22.6861],[-56.2914,-22.6865],[-56.2917,-22.6856],[-56.2928,-22.6856],[-56.2944,-22.6876]]}},{"type":"Feature","properties":{"nome":"arroyo Capiibary","tipo":"river"},"geometry":{"type":"LineString","coordinates":[[-55.7393,-22.6385],[-55.739,-22.6389],[-55.7396,-22.6389],[-55.7395,-22.6395],[-55.7398,-22.6394],[-55.7396,-22.6401],[-55.7406,-22.641],[-55.74,-22.6414],[-55.7402,-22.642],[-55.7404,-22.6416],[-55.7408,-22.6419],[-55.7405,-22.6429],[-55.7414,-22.6438],[-55.7415,-22.6447],[-55.7422,-22.6449],[-55.7421,-22.6463],[-55.7433,-22.648],[-55.7437,-22.6475],[-55.7456,-22.6488],[-55.7467,-22.6505],[-55.7461,-22.6509],[-55.7476,-22.6512],[-55.7476,-22.6521],[-55.7479,-22.6515],[-55.7487,-22.652],[-55.7491,-22.6516],[-55.7496,-22.6522],[-55.7504,-22.6516],[-55.7498,-22.6512],[-55.7501,-22.6504],[-55.751,-22.6509],[-55.7507,-22.65],[-55.7515,-22.6499],[-55.7522,-22.6506],[-55.7531,-22.6495],[-55.7536,-22.6496],[-55.7538,-22.6489],[-55.7546,-22.649],[-55.7556,-22.6482],[-55.7564,-22.6484],[-55.7571,-22.6476],[-55.7576,-22.648],[-55.7577,-22.6475],[-55.7578,-22.6483],[-55.7584,-22.6487],[-55.7586,-22.6484],[-55.759,-22.6493],[-55.7596,-22.6489],[-55.7594,-22.6495],[-55.7606,-22.6509],[-55.7613,-22.6502],[-55.762,-22.6504],[-55.7629,-22.6516],[-55.7638,-22.6509],[-55.7642,-22.652],[-55.7658,-22.6525],[-55.766,-22.6533],[-55.7679,-22.6535],[-55.768,-22.6554],[-55.7689,-22.6555],[-55.7689,-22.6587],[-55.7694,-22.6596],[-55.7714,-22.66],[-55.7721,-22.6615],[-55.7734,-22.6616],[-55.774,-22.664],[-55.7737,-22.6649],[-55.7747,-22.6663],[-55.7741,-22.6669],[-55.7749,-22.6685],[-55.7765,-22.6685],[-55.7773,-22.669],[-55.7769,-22.671],[-55.7783,-22.6715],[-55.7786,-22.6702],[-55.7803,-22.6698],[-55.7817,-22.6702],[-55.7819,-22.6713],[-55.7826,-22.6714],[-55.7825,-22.6721],[-55.7837,-22.6724],[-55.7839,-22.6729],[-55.7824,-22.675],[-55.7839,-22.6757],[-55.7844,-22.6766],[-55.7878,-22.6769],[-55.7889,-22.6782],[-55.7887,-22.6798],[-55.7894,-22.6808],[-55.7891,-22.6815],[-55.7897,-22.682],[-55.7899,-22.684],[-55.7919,-22.6852],[-55.7948,-22.6836],[-55.7952,-22.6839],[-55.7956,-22.6846],[-55.7936,-22.6858],[-55.7945,-22.6876],[-55.7943,-22.6887],[-55.7924,-22.6899],[-55.7926,-22.6908],[-55.7916,-22.6905],[-55.7915,-22.6912],[-55.7924,-22.6922],[-55.793,-22.6918],[-55.7945,-22.6923],[-55.7944,-22.6932],[-55.7987,-22.6951],[-55.7983,-22.696],[-55.7992,-22.6966],[-55.7988,-22.6975],[-55.7979,-22.6978],[-55.7983,-22.6985],[-55.7972,-22.6986],[-55.7972,-22.6995],[-55.7964,-22.6995],[-55.7984,-22.7019],[-55.7972,-22.7031],[-55.7977,-22.7038],[-55.7985,-22.7038],[-55.7985,-22.7046],[-55.8016,-22.7043],[-55.803,-22.7063],[-55.8031,-22.7076],[-55.8023,-22.7079],[-55.8024,-22.7087],[-55.8043,-22.709],[-55.804,-22.7105],[-55.8025,-22.7102],[-55.8022,-22.711],[-55.8029,-22.7156],[-55.8047,-22.7157],[-55.8049,-22.7167],[-55.8062,-22.7162],[-55.8065,-22.7188],[-55.8057,-22.7193],[-55.8058,-22.7203],[-55.8053,-22.7207],[-55.806,-22.7212],[-55.8058,-22.7221],[-55.807,-22.7215],[-55.8076,-22.723],[-55.8067,-22.7247],[-55.8072,-22.7267],[-55.8065,-22.7273],[-55.8079,-22.7277],[-55.8083,-22.727],[-55.8091,-22.7277],[-55.8098,-22.7276],[-55.8095,-22.7299],[-55.8098,-22.7301],[-55.8103,-22.7299],[-55.8105,-22.7285],[-55.8122,-22.7287],[-55.8125,-22.7311],[-55.8145,-22.7318],[-55.8146,-22.7302],[-55.8184,-22.7287],[-55.8184,-22.73],[-55.8171,-22.7306],[-55.8168,-22.7312],[-55.8178,-22.7331],[-55.8191,-22.7337],[-55.821,-22.7322],[-55.8215,-22.7306],[-55.8235,-22.7308],[-55.8247,-22.7302],[-55.8248,-22.7317],[-55.827,-22.7303],[-55.8287,-22.7303],[-55.829,-22.7292],[-55.8301,-22.7294],[-55.8295,-22.7306],[-55.8301,-22.7326],[-55.8318,-22.7331],[-55.8321,-22.7343],[-55.8346,-22.7339],[-55.8348,-22.7328],[-55.8378,-22.7329],[-55.838,-22.7333],[-55.8372,-22.7344],[-55.8377,-22.7355],[-55.8369,-22.7361],[-55.839,-22.7365],[-55.8378,-22.7375],[-55.8385,-22.7384],[-55.8384,-22.74],[-55.841,-22.7403],[-55.8415,-22.7411],[-55.8419,-22.7404],[-55.8417,-22.7392],[-55.8421,-22.739],[-55.8443,-22.7402],[-55.8443,-22.7413],[-55.8456,-22.7413],[-55.846,-22.7404],[-55.8473,-22.7408],[-55.8462,-22.7424],[-55.847,-22.7426],[-55.8454,-22.7435],[-55.8461,-22.7446],[-55.8473,-22.7453],[-55.8485,-22.7476],[-55.8496,-22.7475],[-55.8493,-22.7489],[-55.8517,-22.7513]]}},{"type":"Feature","properties":{"nome":"Río Ypané","tipo":"river"},"geometry":{"type":"LineString","coordinates":[[-55.8438,-23.1577],[-55.8445,-23.1588],[-55.8445,-23.1603],[-55.8458,-23.1609],[-55.8516,-23.1594],[-55.8519,-23.1602],[-55.8515,-23.1611],[-55.8501,-23.1609],[-55.8498,-23.1614],[-55.8512,-23.1623],[-55.8515,-23.1639],[-55.8524,-23.1651],[-55.8546,-23.1669],[-55.8581,-23.1679],[-55.8595,-23.1667],[-55.8601,-23.1666],[-55.8623,-23.1683],[-55.8639,-23.1683],[-55.8642,-23.1691],[-55.8631,-23.1704],[-55.8613,-23.1699],[-55.8608,-23.1685],[-55.8602,-23.1685],[-55.8601,-23.174],[-55.862,-23.1739],[-55.8633,-23.1753],[-55.8625,-23.1764],[-55.8628,-23.1771],[-55.8685,-23.1779],[-55.8683,-23.1795],[-55.8673,-23.1799],[-55.867,-23.1808],[-55.8673,-23.1812],[-55.8686,-23.1814],[-55.8687,-23.1829],[-55.8672,-23.1835],[-55.8698,-23.1847],[-55.8699,-23.1866],[-55.8715,-23.1869],[-55.8717,-23.1888],[-55.8736,-23.1884],[-55.8751,-23.1891],[-55.8765,-23.188],[-55.8774,-23.1881],[-55.8776,-23.1893],[-55.8769,-23.1906],[-55.8781,-23.1917],[-55.8773,-23.1926],[-55.8774,-23.1935],[-55.8788,-23.1952],[-55.8789,-23.1962],[-55.8811,-23.1957],[-55.8818,-23.1964],[-55.8797,-23.1981],[-55.8792,-23.1993],[-55.8806,-23.1989],[-55.8827,-23.2002],[-55.8833,-23.2011],[-55.8858,-23.2011],[-55.8864,-23.202],[-55.8862,-23.2038],[-55.8877,-23.2045],[-55.8881,-23.205],[-55.8878,-23.2057],[-55.8892,-23.2073],[-55.892,-23.2079],[-55.8898,-23.2105],[-55.8904,-23.2131],[-55.8901,-23.2135],[-55.8886,-23.2133],[-55.8857,-23.214],[-55.8871,-23.2156],[-55.8869,-23.2175],[-55.8876,-23.2176],[-55.8899,-23.2156],[-55.8915,-23.2151],[-55.892,-23.2154],[-55.8919,-23.2169],[-55.8949,-23.2171],[-55.8969,-23.2179],[-55.8969,-23.2188],[-55.8959,-23.22],[-55.8962,-23.2216],[-55.8985,-23.223],[-55.9022,-23.2238],[-55.9034,-23.2248],[-55.9053,-23.2283],[-55.9083,-23.2292],[-55.9081,-23.23],[-55.9119,-23.2327],[-55.9111,-23.2351],[-55.9115,-23.2359],[-55.9128,-23.2341],[-55.9152,-23.2328],[-55.9183,-23.2359],[-55.9189,-23.2387],[-55.9196,-23.2388],[-55.9201,-23.2376],[-55.9209,-23.2377],[-55.9214,-23.2385],[-55.9225,-23.2384],[-55.9243,-23.2401],[-55.9262,-23.2406],[-55.9264,-23.242],[-55.9297,-23.243],[-55.9295,-23.2434],[-55.9284,-23.2434],[-55.9289,-23.2445],[-55.9318,-23.247],[-55.9339,-23.2474],[-55.9337,-23.2482],[-55.9323,-23.2488],[-55.9328,-23.2491],[-55.9353,-23.2481],[-55.9356,-23.2476],[-55.9349,-23.2468],[-55.9355,-23.2441],[-55.9371,-23.243],[-55.9375,-23.2431],[-55.9377,-23.2457],[-55.9432,-23.2476],[-55.9436,-23.2469],[-55.9418,-23.2456],[-55.9421,-23.2447],[-55.945,-23.2455],[-55.9451,-23.2449],[-55.9441,-23.2441],[-55.9447,-23.2432],[-55.9464,-23.2443],[-55.9476,-23.2441],[-55.9485,-23.242],[-55.9484,-23.2402],[-55.9507,-23.2394],[-55.9508,-23.238],[-55.9535,-23.237],[-55.955,-23.2373],[-55.9566,-23.2394],[-55.9559,-23.2408],[-55.9547,-23.2411],[-55.9556,-23.2417],[-55.9555,-23.2432],[-55.9538,-23.2424],[-55.954,-23.2442],[-55.9551,-23.2438],[-55.9559,-23.2441],[-55.9556,-23.2455],[-55.9575,-23.2455],[-55.9582,-23.2459],[-55.9581,-23.2432],[-55.9602,-23.2445],[-55.9607,-23.2438],[-55.9619,-23.244],[-55.9649,-23.2421],[-55.9653,-23.241],[-55.9658,-23.2418],[-55.9653,-23.2425],[-55.9657,-23.244],[-55.9686,-23.2449],[-55.9704,-23.2447],[-55.9706,-23.2452],[-55.9694,-23.2459],[-55.9716,-23.2469],[-55.9709,-23.2481],[-55.9717,-23.2499],[-55.97,-23.2515],[-55.9702,-23.2525],[-55.9714,-23.2528],[-55.9719,-23.2525],[-55.9732,-23.2506],[-55.9738,-23.2512],[-55.9734,-23.2527],[-55.9744,-23.2531],[-55.9756,-23.2528],[-55.9763,-23.2536],[-55.9773,-23.2531],[-55.9773,-23.2521],[-55.9791,-23.2517]]}},{"type":"Feature","properties":{"nome":"","tipo":"river"},"geometry":{"type":"LineString","coordinates":[[-55.6761,-23.0061],[-55.6768,-23.0065]]}},{"type":"Feature","properties":{"nome":"Río Ypané","tipo":"river"},"geometry":{"type":"LineString","coordinates":[[-55.6768,-23.0065],[-55.6808,-23.0069],[-55.6831,-23.0084],[-55.6844,-23.0103],[-55.688,-23.011],[-55.6902,-23.0141],[-55.6945,-23.0154],[-55.6996,-23.0186],[-55.7007,-23.0223],[-55.7026,-23.0245],[-55.7029,-23.0271],[-55.7043,-23.028],[-55.7058,-23.0279],[-55.7067,-23.0295],[-55.7103,-23.0317],[-55.712,-23.0336],[-55.7117,-23.0343],[-55.7128,-23.0361],[-55.717,-23.0351],[-55.7178,-23.0374],[-55.7192,-23.0388],[-55.7222,-23.0392],[-55.7256,-23.0386],[-55.727,-23.0402],[-55.7297,-23.0395],[-55.7308,-23.0402],[-55.7327,-23.0402],[-55.7371,-23.0414],[-55.7391,-23.041],[-55.7398,-23.0421],[-55.7415,-23.0418],[-55.7423,-23.0428],[-55.744,-23.0429],[-55.7447,-23.044],[-55.7468,-23.0439],[-55.7491,-23.0457],[-55.7507,-23.0456],[-55.7528,-23.0465],[-55.7528,-23.0474],[-55.7537,-23.0478],[-55.7535,-23.0493],[-55.7547,-23.0486],[-55.7595,-23.0506],[-55.7591,-23.052],[-55.7595,-23.0529],[-55.7577,-23.0533],[-55.7587,-23.0539],[-55.7598,-23.0537],[-55.7604,-23.0562],[-55.7615,-23.0564],[-55.7611,-23.057],[-55.7596,-23.0571],[-55.7595,-23.0579],[-55.7635,-23.0582],[-55.765,-23.0588],[-55.765,-23.0593],[-55.7639,-23.0596],[-55.7626,-23.0593],[-55.7626,-23.0601],[-55.7634,-23.0607],[-55.7646,-23.0607],[-55.7657,-23.0615],[-55.7682,-23.062],[-55.768,-23.0654],[-55.7685,-23.0659],[-55.7712,-23.0657],[-55.7717,-23.0661],[-55.7708,-23.0682],[-55.7725,-23.0702],[-55.7755,-23.0693],[-55.7755,-23.0675],[-55.7775,-23.0676],[-55.7783,-23.0688],[-55.7804,-23.0694],[-55.7811,-23.071],[-55.781,-23.0727],[-55.7822,-23.0723],[-55.7834,-23.0744],[-55.7846,-23.0738],[-55.7854,-23.0745],[-55.7874,-23.0746],[-55.7874,-23.0766],[-55.7887,-23.0776],[-55.7881,-23.0784],[-55.7889,-23.0808],[-55.7938,-23.078],[-55.7944,-23.0786],[-55.7932,-23.0801],[-55.7931,-23.081],[-55.7953,-23.0811],[-55.7954,-23.0816],[-55.7944,-23.082],[-55.7945,-23.0824],[-55.7962,-23.0829],[-55.7975,-23.0841],[-55.7961,-23.0876],[-55.797,-23.0883],[-55.7996,-23.0879],[-55.8007,-23.0908],[-55.7996,-23.0923],[-55.8005,-23.093],[-55.8011,-23.0929],[-55.8014,-23.0919],[-55.8023,-23.0918],[-55.8048,-23.0924],[-55.8039,-23.0934],[-55.8056,-23.0964],[-55.8057,-23.0979],[-55.8068,-23.0974],[-55.8071,-23.0965],[-55.8083,-23.0968],[-55.8094,-23.0986],[-55.8101,-23.1014],[-55.8119,-23.098],[-55.8135,-23.0984],[-55.813,-23.0997],[-55.813,-23.103],[-55.8137,-23.1035],[-55.815,-23.1021],[-55.8154,-23.1026],[-55.8151,-23.1048],[-55.8142,-23.1052],[-55.8136,-23.1063],[-55.8124,-23.1055],[-55.8117,-23.1058],[-55.8134,-23.1092],[-55.813,-23.1109],[-55.8141,-23.1111],[-55.8166,-23.1106],[-55.8175,-23.1089],[-55.8174,-23.1076],[-55.8191,-23.1065],[-55.8195,-23.1067],[-55.8203,-23.1085],[-55.8187,-23.1093],[-55.8194,-23.1107],[-55.8189,-23.115],[-55.8201,-23.1157],[-55.8175,-23.1164],[-55.8172,-23.1184],[-55.8182,-23.1205]]}},{"type":"Feature","properties":{"nome":"Arroyo Estrella / Rio Estrela","tipo":"river"},"geometry":{"type":"LineString","coordinates":[[-56.1395,-22.2857],[-56.1407,-22.2854],[-56.1415,-22.2846],[-56.144,-22.2846],[-56.1447,-22.2856],[-56.146,-22.2854],[-56.1452,-22.2841],[-56.148,-22.2844],[-56.1474,-22.2828],[-56.1506,-22.2817],[-56.1517,-22.2821],[-56.1523,-22.2817],[-56.1527,-22.2825],[-56.1542,-22.2827],[-56.1549,-22.2824],[-56.1552,-22.2833],[-56.1567,-22.2839],[-56.157,-22.2849],[-56.158,-22.2857],[-56.1594,-22.2852],[-56.159,-22.2837],[-56.1599,-22.2825],[-56.1609,-22.2821],[-56.1617,-22.2826],[-56.161,-22.2859],[-56.1612,-22.2867],[-56.166,-22.2854],[-56.1663,-22.2857],[-56.1653,-22.2867],[-56.1659,-22.2883]]}},{"type":"Feature","properties":{"nome":"Rio Estrela/Arroyo Estrella","tipo":"river"},"geometry":{"type":"LineString","coordinates":[[-56.1376,-22.2858],[-56.1395,-22.2857]]}},{"type":"Feature","properties":{"nome":"Río Aquidabán","tipo":"river"},"geometry":{"type":"LineString","coordinates":[[-56.2943,-22.6877],[-56.2944,-22.6876]]}},{"type":"Feature","properties":{"nome":"Río Ypané","tipo":"river"},"geometry":{"type":"LineString","coordinates":[[-55.8393,-23.1556],[-55.84,-23.1546],[-55.8407,-23.1547],[-55.8432,-23.1563],[-55.8438,-23.1577]]}},{"type":"Feature","properties":{"nome":"Río Ypané","tipo":"river"},"geometry":{"type":"LineString","coordinates":[[-56.1603,-23.3225],[-56.1625,-23.3228]]}},{"type":"Feature","properties":{"nome":"","tipo":"river"},"geometry":{"type":"LineString","coordinates":[[-55.8392,-23.1557],[-55.8393,-23.1556]]}},{"type":"Feature","properties":{"nome":"Río Ypané","tipo":"river"},"geometry":{"type":"LineString","coordinates":[[-56.1625,-23.3228],[-56.1637,-23.3229]]}},{"type":"Feature","properties":{"nome":"","tipo":"river"},"geometry":{"type":"LineString","coordinates":[[-56.1302,-23.0457],[-56.1314,-23.0464]]}},{"type":"Feature","properties":{"nome":"","tipo":"river"},"geometry":{"type":"LineString","coordinates":[[-56.1314,-23.0464],[-56.1315,-23.0478],[-56.1292,-23.0494]]}},{"type":"Feature","properties":{"nome":"Córrego João Mirim","tipo":"stream"},"geometry":{"type":"LineString","coordinates":[[-55.7327,-22.5145],[-55.7326,-22.5146]]}},{"type":"Feature","properties":{"nome":"Córrego João Mirim","tipo":"stream"},"geometry":{"type":"LineString","coordinates":[[-55.7325,-22.5146],[-55.7314,-22.5152]]}},{"type":"Feature","properties":{"nome":"Córrego João Mirim","tipo":"stream"},"geometry":{"type":"LineString","coordinates":[[-55.7314,-22.5152],[-55.7313,-22.5152]]}},{"type":"Feature","properties":{"nome":"Córrego João Mirim","tipo":"stream"},"geometry":{"type":"LineString","coordinates":[[-55.7313,-22.5152],[-55.7304,-22.5152]]}},{"type":"Feature","properties":{"nome":"Córrego João Mirim","tipo":"stream"},"geometry":{"type":"LineString","coordinates":[[-55.7304,-22.5152],[-55.7302,-22.5151]]}},{"type":"Feature","properties":{"nome":"Córrego João Mirim","tipo":"stream"},"geometry":{"type":"LineString","coordinates":[[-55.7302,-22.5151],[-55.7292,-22.5147]]}},{"type":"Feature","properties":{"nome":"Córrego São João Mirim","tipo":"stream"},"geometry":{"type":"LineString","coordinates":[[-55.7222,-22.514],[-55.7173,-22.5126]]}},{"type":"Feature","properties":{"nome":"Córrego Água Bôa","tipo":"stream"},"geometry":{"type":"MultiLineString","coordinates":[[[-55.7567,-22.3086],[-55.7551,-22.3086],[-55.7548,-22.3079],[-55.7553,-22.3069]],[[-55.7548,-22.3054],[-55.7533,-22.3044],[-55.7532,-22.3031],[-55.7522,-22.3017],[-55.7525,-22.2999]],[[-55.7525,-22.2998],[-55.7519,-22.2986],[-55.7519,-22.2971]],[[-55.7516,-22.2966],[-55.7501,-22.2952],[-55.7502,-22.2938],[-55.7487,-22.2915],[-55.749,-22.291]],[[-55.7488,-22.2907],[-55.747,-22.2903],[-55.747,-22.2899]],[[-55.748,-22.288],[-55.7486,-22.2872]],[[-55.7487,-22.2869],[-55.7484,-22.2859]]]}},{"type":"Feature","properties":{"nome":"Córrego Água Bôa","tipo":"stream"},"geometry":{"type":"LineString","coordinates":[[-55.7567,-22.3087],[-55.7567,-22.3086]]}},{"type":"Feature","properties":{"nome":"Corrego São Tomaz","tipo":"stream"},"geometry":{"type":"LineString","coordinates":[[-55.6803,-22.5414],[-55.6772,-22.5399],[-55.676,-22.5383],[-55.6727,-22.5364],[-55.6685,-22.5319],[-55.6632,-22.528],[-55.6603,-22.525],[-55.6607,-22.5237],[-55.659,-22.5191],[-55.6584,-22.5188],[-55.6578,-22.5171],[-55.6569,-22.5172],[-55.6569,-22.5162],[-55.6561,-22.5155],[-55.6543,-22.5155],[-55.6532,-22.5149],[-55.6527,-22.5139]]}},{"type":"Feature","properties":{"nome":"Corrego São Tomaz","tipo":"stream"},"geometry":{"type":"LineString","coordinates":[[-55.6806,-22.5416],[-55.6803,-22.5414]]}},{"type":"Feature","properties":{"nome":"Río Aquidabán","tipo":"river"},"geometry":{"type":"LineString","coordinates":[[-56.2129,-22.6754],[-56.2133,-22.6773],[-56.2116,-22.6799],[-56.2156,-22.6819],[-56.2196,-22.6802],[-56.2233,-22.6772],[-56.2234,-22.6747],[-56.2218,-22.6731],[-56.2227,-22.6706],[-56.2319,-22.6708],[-56.2337,-22.6683],[-56.2357,-22.6683],[-56.2373,-22.6675],[-56.2408,-22.6677],[-56.242,-22.6688],[-56.2431,-22.671],[-56.2419,-22.6723],[-56.2419,-22.673],[-56.2447,-22.6764],[-56.2478,-22.6785],[-56.2491,-22.6787],[-56.2523,-22.6773],[-56.2556,-22.6768],[-56.2562,-22.6764],[-56.2563,-22.6756],[-56.2572,-22.6755],[-56.2601,-22.678],[-56.2621,-22.6791],[-56.2622,-22.683],[-56.2642,-22.6854],[-56.2645,-22.6876],[-56.2662,-22.688],[-56.2669,-22.6878],[-56.2681,-22.6864],[-56.2712,-22.6865],[-56.2718,-22.6867],[-56.272,-22.6876],[-56.2707,-22.6883],[-56.2707,-22.6889],[-56.2745,-22.6893],[-56.275,-22.6891],[-56.2752,-22.6875],[-56.2767,-22.6873],[-56.2775,-22.6883],[-56.2777,-22.6903],[-56.2795,-22.6903],[-56.2804,-22.692],[-56.2814,-22.6923],[-56.283,-22.6891],[-56.2819,-22.6859],[-56.281,-22.6848],[-56.2815,-22.6842],[-56.2845,-22.6846],[-56.2849,-22.6857],[-56.2891,-22.6879],[-56.2908,-22.6894],[-56.2926,-22.6892],[-56.2943,-22.6877]]}},{"type":"Feature","properties":{"nome":"","tipo":"stream"},"geometry":{"type":"LineString","coordinates":[[-56.0309,-22.4024],[-56.0316,-22.4044],[-56.0297,-22.4057],[-56.029,-22.4114],[-56.0266,-22.4129],[-56.0259,-22.4142],[-56.0231,-22.4155],[-56.0208,-22.4155],[-56.0203,-22.4165],[-56.0185,-22.417],[-56.0171,-22.4189],[-56.0153,-22.4193],[-56.014,-22.4215],[-56.0106,-22.4242],[-56.011,-22.4245],[-56.0108,-22.4262],[-56.0116,-22.4276],[-56.0112,-22.4288],[-56.0119,-22.4294],[-56.0118,-22.4302],[-56.0111,-22.4305],[-56.012,-22.4324],[-56.013,-22.4325],[-56.0139,-22.4334],[-56.0144,-22.4341],[-56.014,-22.4343],[-56.0142,-22.4348],[-56.0154,-22.4358],[-56.0164,-22.4374],[-56.0169,-22.4375],[-56.0169,-22.4383],[-56.0175,-22.4389],[-56.0202,-22.4393],[-56.0218,-22.4408],[-56.0211,-22.4422],[-56.0221,-22.4422],[-56.0232,-22.4428],[-56.0219,-22.4448],[-56.0221,-22.4471],[-56.0245,-22.45],[-56.027,-22.4518],[-56.0268,-22.4531],[-56.025,-22.4536],[-56.0203,-22.4587],[-56.0206,-22.4594],[-56.0233,-22.4616],[-56.0247,-22.4619],[-56.0223,-22.4643],[-56.0224,-22.4675],[-56.0233,-22.4689],[-56.0228,-22.4701],[-56.0236,-22.4733],[-56.0262,-22.4777],[-56.0254,-22.4811],[-56.0271,-22.4829],[-56.0252,-22.4847],[-56.0232,-22.4854],[-56.0235,-22.4859],[-56.0225,-22.4859],[-56.0224,-22.4863],[-56.0252,-22.4874],[-56.0273,-22.4894],[-56.0299,-22.49],[-56.0304,-22.4905],[-56.0301,-22.4912],[-56.0309,-22.4922],[-56.0328,-22.4905],[-56.0341,-22.4905],[-56.0352,-22.49],[-56.0375,-22.4905],[-56.0381,-22.4916],[-56.0358,-22.4933],[-56.0342,-22.4939],[-56.0302,-22.4997],[-56.0306,-22.4999],[-56.0311,-22.4993],[-56.0305,-22.5011],[-56.0293,-22.5021],[-56.0289,-22.5032],[-56.0295,-22.5045],[-56.0301,-22.504],[-56.0309,-22.5051],[-56.0316,-22.5046],[-56.0325,-22.505],[-56.0331,-22.5066],[-56.0328,-22.5076],[-56.0317,-22.5086],[-56.0307,-22.508],[-56.0292,-22.5079],[-56.0271,-22.5093],[-56.0245,-22.5101],[-56.0229,-22.5099],[-56.0231,-22.5113],[-56.0236,-22.5106],[-56.0242,-22.5118],[-56.0261,-22.5125],[-56.0274,-22.5124],[-56.028,-22.5134],[-56.0274,-22.5146],[-56.0259,-22.5154],[-56.0232,-22.5157],[-56.0241,-22.5181],[-56.0248,-22.5173],[-56.0251,-22.5175],[-56.025,-22.5193],[-56.0233,-22.5202],[-56.023,-22.5211],[-56.022,-22.5209],[-56.0208,-22.5213],[-56.0208,-22.5221],[-56.0197,-22.5211],[-56.0188,-22.522],[-56.019,-22.5228],[-56.0194,-22.5219],[-56.0195,-22.5231],[-56.0211,-22.5228],[-56.0214,-22.5234],[-56.0229,-22.5238],[-56.0229,-22.5227],[-56.0243,-22.5243],[-56.0258,-22.5249],[-56.026,-22.5257],[-56.0259,-22.5264],[-56.0251,-22.5263],[-56.0241,-22.5274],[-56.0238,-22.529],[-56.0228,-22.5309],[-56.0238,-22.5325],[-56.0229,-22.5345],[-56.0219,-22.5351],[-56.0211,-22.5372]]}},{"type":"Feature","properties":{"nome":"","tipo":"dam"},"geometry":{"type":"LineString","coordinates":[[-56.0132,-22.4312],[-56.0119,-22.4323]]}},{"type":"Feature","properties":{"nome":"","tipo":"stream"},"geometry":{"type":"LineString","coordinates":[[-56.01,-22.4039],[-56.0091,-22.4048],[-56.0085,-22.4066],[-56.0094,-22.4113],[-56.0092,-22.4147],[-56.0099,-22.4168],[-56.0137,-22.4198],[-56.0144,-22.421]]}},{"type":"Feature","properties":{"nome":"","tipo":"stream"},"geometry":{"type":"LineString","coordinates":[[-56.0773,-22.4392],[-56.0738,-22.4432],[-56.0695,-22.444],[-56.0683,-22.445],[-56.0677,-22.4464],[-56.0679,-22.4473],[-56.0673,-22.4478],[-56.0673,-22.4495],[-56.0657,-22.4502],[-56.0648,-22.4513],[-56.0624,-22.4516],[-56.0612,-22.4527],[-56.0612,-22.4538],[-56.0576,-22.4539],[-56.0552,-22.4551],[-56.053,-22.4585],[-56.0514,-22.4591],[-56.0468,-22.4574],[-56.0447,-22.4573],[-56.0453,-22.4568],[-56.0436,-22.4572],[-56.0433,-22.4567],[-56.0412,-22.4575],[-56.0404,-22.4587],[-56.0411,-22.4585],[-56.0413,-22.459],[-56.0405,-22.4595],[-56.0406,-22.4602],[-56.039,-22.4608],[-56.0391,-22.4615],[-56.0316,-22.4613],[-56.0311,-22.4627],[-56.0312,-22.4641],[-56.0339,-22.4669],[-56.0371,-22.4673],[-56.0376,-22.4679],[-56.0378,-22.4697],[-56.0366,-22.4706],[-56.0338,-22.47],[-56.0326,-22.4704],[-56.0322,-22.472],[-56.0296,-22.4748],[-56.0282,-22.4757],[-56.0263,-22.4756],[-56.0256,-22.4766]]}},{"type":"Feature","properties":{"nome":"","tipo":"stream"},"geometry":{"type":"LineString","coordinates":[[-56.0522,-22.4574],[-56.0516,-22.458],[-56.0493,-22.4582]]}},{"type":"Feature","properties":{"nome":"","tipo":"stream"},"geometry":{"type":"LineString","coordinates":[[-56.0318,-22.4464],[-56.0361,-22.4451],[-56.039,-22.4451],[-56.0448,-22.446],[-56.0473,-22.4468],[-56.0504,-22.4485],[-56.0526,-22.4483],[-56.0528,-22.4507],[-56.0535,-22.4518],[-56.0532,-22.4523],[-56.0549,-22.4556]]}},{"type":"Feature","properties":{"nome":"arroyo Tacuara","tipo":"river"},"geometry":{"type":"LineString","coordinates":[[-56.0196,-22.538],[-56.021,-22.5372],[-56.0228,-22.54],[-56.0246,-22.539],[-56.0264,-22.5401],[-56.0278,-22.5434],[-56.0251,-22.5458],[-56.0272,-22.5472],[-56.0299,-22.5472],[-56.0327,-22.5458],[-56.0353,-22.543],[-56.0341,-22.5405],[-56.0347,-22.5401],[-56.0344,-22.539],[-56.0366,-22.5379],[-56.0393,-22.5346],[-56.0404,-22.5345],[-56.0399,-22.5369],[-56.0401,-22.5393],[-56.0409,-22.5402],[-56.0426,-22.5408],[-56.0439,-22.5453],[-56.044,-22.5487],[-56.0424,-22.5486],[-56.0423,-22.5528],[-56.0406,-22.5532],[-56.0397,-22.5541],[-56.0366,-22.5544],[-56.0355,-22.553],[-56.0338,-22.554],[-56.0278,-22.5531],[-56.0271,-22.5541],[-56.0279,-22.5573],[-56.0278,-22.5588],[-56.0291,-22.5602],[-56.0299,-22.5601],[-56.0305,-22.5611],[-56.0313,-22.5611],[-56.0328,-22.5623],[-56.0338,-22.5624],[-56.0358,-22.5618],[-56.0359,-22.5622],[-56.0348,-22.5627],[-56.0353,-22.5639],[-56.0364,-22.5645],[-56.0356,-22.5654],[-56.0357,-22.5659],[-56.0392,-22.565],[-56.0384,-22.5664],[-56.039,-22.5677],[-56.0405,-22.5687],[-56.0412,-22.5686],[-56.0423,-22.57],[-56.0435,-22.5694],[-56.0453,-22.5694],[-56.0459,-22.5722],[-56.0481,-22.5725],[-56.0486,-22.5709],[-56.0505,-22.5719],[-56.0505,-22.571],[-56.0515,-22.5706],[-56.0541,-22.5733],[-56.0568,-22.5744],[-56.0565,-22.5749],[-56.0544,-22.5756],[-56.0544,-22.5765],[-56.0537,-22.5769],[-56.0532,-22.5782],[-56.0544,-22.5785],[-56.0566,-22.577],[-56.0593,-22.5772],[-56.0568,-22.5789],[-56.0576,-22.5799],[-56.0591,-22.579],[-56.0588,-22.5798],[-56.06,-22.5816],[-56.0583,-22.5821],[-56.0592,-22.5835],[-56.0583,-22.5844],[-56.0579,-22.5892],[-56.0583,-22.5895],[-56.0602,-22.5888],[-56.0602,-22.5895],[-56.0621,-22.5924],[-56.0631,-22.5921],[-56.0652,-22.5927],[-56.065,-22.5939],[-56.0638,-22.5938],[-56.0639,-22.5954],[-56.0684,-22.5952],[-56.0686,-22.5963],[-56.0702,-22.5965],[-56.0706,-22.5974],[-56.0685,-22.5983],[-56.0682,-22.5992],[-56.0671,-22.599],[-56.0656,-22.5999],[-56.0633,-22.6002],[-56.0628,-22.6007],[-56.0643,-22.6019],[-56.0652,-22.6015],[-56.0655,-22.6018],[-56.0656,-22.6022],[-56.0639,-22.6043],[-56.0644,-22.6057],[-56.0634,-22.6059],[-56.062,-22.608],[-56.0615,-22.6076],[-56.0602,-22.6085],[-56.0613,-22.6096],[-56.0614,-22.6103],[-56.0598,-22.6124],[-56.0579,-22.6129],[-56.0588,-22.6145],[-56.0587,-22.6156],[-56.0596,-22.6161],[-56.0599,-22.6173],[-56.0652,-22.6186],[-56.0667,-22.6216],[-56.069,-22.6245]]}},{"type":"Feature","properties":{"nome":"","tipo":"stream"},"geometry":{"type":"LineString","coordinates":[[-55.6612,-22.964],[-55.6612,-22.9662],[-55.6625,-22.9686],[-55.6624,-22.9698],[-55.6635,-22.9716],[-55.6634,-22.9726],[-55.6645,-22.973],[-55.666,-22.9747],[-55.6663,-22.9763],[-55.6693,-22.9799],[-55.6715,-22.9853],[-55.6729,-22.9871],[-55.6725,-22.9906],[-55.6713,-22.9929],[-55.6728,-22.9968],[-55.6724,-22.9994],[-55.6741,-23.0016],[-55.675,-23.0045],[-55.6761,-23.0061]]}},{"type":"Feature","properties":{"nome":"","tipo":"river"},"geometry":{"type":"LineString","coordinates":[[-55.933,-23.3144],[-55.933,-23.314],[-55.9354,-23.3132],[-55.935,-23.3115],[-55.9365,-23.3112],[-55.9373,-23.3081],[-55.9385,-23.308],[-55.9388,-23.3094],[-55.9397,-23.3067],[-55.9418,-23.3054],[-55.9419,-23.3047],[-55.9412,-23.3036],[-55.9415,-23.3029],[-55.9441,-23.3009],[-55.9444,-23.2996],[-55.945,-23.2995],[-55.9445,-23.2988],[-55.9452,-23.299],[-55.9456,-23.2981],[-55.9464,-23.2977],[-55.9462,-23.2967],[-55.9473,-23.295],[-55.9484,-23.2948],[-55.9487,-23.2961],[-55.9493,-23.2964],[-55.9519,-23.2961],[-55.9527,-23.2943],[-55.9533,-23.2959],[-55.9563,-23.2958],[-55.9564,-23.2954],[-55.9558,-23.2952],[-55.956,-23.2939],[-55.9566,-23.294],[-55.9565,-23.2934],[-55.9579,-23.2929],[-55.9587,-23.2915],[-55.9598,-23.292],[-55.9614,-23.291],[-55.9612,-23.2903],[-55.9623,-23.2915],[-55.9625,-23.291],[-55.9636,-23.2906],[-55.9645,-23.2919],[-55.9669,-23.2904],[-55.9675,-23.2913],[-55.9685,-23.291],[-55.9711,-23.2912],[-55.9716,-23.2902],[-55.976,-23.2879],[-55.9766,-23.29],[-55.9779,-23.2893],[-55.9802,-23.2896],[-55.9804,-23.2885],[-55.9808,-23.289],[-55.9814,-23.2886],[-55.9807,-23.288],[-55.9811,-23.2867],[-55.983,-23.2853],[-55.9833,-23.2844],[-55.9838,-23.2851],[-55.9852,-23.2834],[-55.9854,-23.2828],[-55.9844,-23.2826],[-55.9851,-23.2812],[-55.9867,-23.2806],[-55.9884,-23.2759],[-55.9925,-23.2745],[-55.9978,-23.2696]]}},{"type":"Feature","properties":{"nome":"","tipo":"river"},"geometry":{"type":"LineString","coordinates":[[-55.8543,-22.7739],[-55.8546,-22.7747],[-55.8561,-22.7733],[-55.8575,-22.7764],[-55.8624,-22.7771],[-55.8629,-22.7769],[-55.8626,-22.7757],[-55.8643,-22.7731],[-55.8658,-22.7716],[-55.8673,-22.7712],[-55.8684,-22.7725],[-55.8688,-22.7753],[-55.8697,-22.7749],[-55.872,-22.7755],[-55.8728,-22.7747],[-55.875,-22.7693],[-55.877,-22.769],[-55.8778,-22.7696],[-55.8815,-22.7698],[-55.8826,-22.769],[-55.8859,-22.771],[-55.8877,-22.7715],[-55.8882,-22.7739],[-55.8876,-22.7749],[-55.8881,-22.7782],[-55.8908,-22.777],[-55.8917,-22.7775],[-55.8909,-22.7786],[-55.8919,-22.7811],[-55.8915,-22.7836],[-55.8889,-22.7844],[-55.8884,-22.7852],[-55.8899,-22.7859],[-55.8898,-22.7866],[-55.8902,-22.7868],[-55.8915,-22.7858],[-55.8938,-22.7867],[-55.8952,-22.7858],[-55.8961,-22.7867],[-55.897,-22.786],[-55.8972,-22.785],[-55.8985,-22.7846],[-55.8998,-22.7871],[-55.9022,-22.7888],[-55.9028,-22.788],[-55.9015,-22.7874],[-55.9017,-22.7869],[-55.9038,-22.7858],[-55.9042,-22.7846],[-55.9054,-22.7847],[-55.9057,-22.7856],[-55.904,-22.7866],[-55.9039,-22.7871],[-55.9048,-22.7876],[-55.9048,-22.7899],[-55.9065,-22.7916],[-55.9066,-22.7932],[-55.908,-22.7951],[-55.9118,-22.7968],[-55.9138,-22.7962],[-55.9141,-22.7973],[-55.9154,-22.7978],[-55.9152,-22.7987],[-55.9156,-22.7991],[-55.9175,-22.7993],[-55.9169,-22.7978],[-55.9191,-22.7979],[-55.9196,-22.7967],[-55.922,-22.7964],[-55.9231,-22.793],[-55.9238,-22.7931],[-55.9237,-22.7945],[-55.9245,-22.7949],[-55.9246,-22.7936],[-55.9265,-22.7922],[-55.9278,-22.7934],[-55.9264,-22.7943],[-55.9271,-22.7955],[-55.9279,-22.7954],[-55.9294,-22.7939],[-55.9299,-22.794],[-55.9303,-22.7952],[-55.9315,-22.7955]]}},{"type":"Feature","properties":{"nome":"","tipo":"river"},"geometry":{"type":"LineString","coordinates":[[-55.8517,-22.7513],[-55.8521,-22.752],[-55.8537,-22.7522],[-55.8542,-22.7535],[-55.8559,-22.7534],[-55.856,-22.7556],[-55.857,-22.7562],[-55.8567,-22.7593],[-55.8561,-22.7605],[-55.8579,-22.7621],[-55.8557,-22.7655],[-55.8554,-22.7668],[-55.8545,-22.7663],[-55.8535,-22.7667],[-55.8529,-22.766],[-55.8508,-22.7682],[-55.8521,-22.7699],[-55.8542,-22.7703],[-55.854,-22.7711],[-55.8546,-22.7719],[-55.8543,-22.7739]]}},{"type":"Feature","properties":{"nome":"","tipo":"river"},"geometry":{"type":"LineString","coordinates":[[-55.7908,-22.6348],[-55.7909,-22.6359],[-55.7917,-22.6356],[-55.7911,-22.6368],[-55.7903,-22.6362],[-55.7903,-22.6373],[-55.7911,-22.6382],[-55.7908,-22.6392],[-55.7919,-22.6438],[-55.7913,-22.6445],[-55.7914,-22.6457],[-55.792,-22.6473],[-55.7903,-22.6488],[-55.791,-22.6491],[-55.7904,-22.6505],[-55.7917,-22.6504],[-55.7923,-22.6515],[-55.7932,-22.6507],[-55.7941,-22.6511],[-55.7952,-22.6563],[-55.797,-22.6576],[-55.7963,-22.6585],[-55.7976,-22.6601],[-55.7975,-22.6616],[-55.7981,-22.6645],[-55.7955,-22.6643],[-55.7956,-22.666],[-55.7951,-22.6665],[-55.7953,-22.6685],[-55.7937,-22.6693],[-55.793,-22.6704],[-55.7922,-22.6744],[-55.7916,-22.6754],[-55.7869,-22.6745],[-55.7865,-22.6761],[-55.7857,-22.676],[-55.7854,-22.6767]]}},{"type":"Feature","properties":{"nome":"","tipo":"stream"},"geometry":{"type":"LineString","coordinates":[[-55.811,-22.6933],[-55.81,-22.6944],[-55.8087,-22.6948],[-55.8069,-22.6946],[-55.8061,-22.694],[-55.8051,-22.6945],[-55.8048,-22.6935],[-55.8037,-22.6932]]}},{"type":"Feature","properties":{"nome":"","tipo":"stream"},"geometry":{"type":"LineString","coordinates":[[-55.8039,-22.6922],[-55.8036,-22.6933],[-55.8028,-22.6938],[-55.8018,-22.6937],[-55.8006,-22.695],[-55.7997,-22.6957],[-55.7993,-22.6954]]}},{"type":"Feature","properties":{"nome":"arroyo Ypane-mi","tipo":"river"},"geometry":{"type":"LineString","coordinates":[[-55.6486,-22.6514],[-55.6489,-22.6535],[-55.6484,-22.6543],[-55.6496,-22.6564],[-55.6493,-22.6586],[-55.6498,-22.6616],[-55.6513,-22.661],[-55.6525,-22.663],[-55.6542,-22.6635],[-55.6541,-22.6649],[-55.6549,-22.6664],[-55.6549,-22.6675],[-55.6561,-22.6676],[-55.6552,-22.6719],[-55.654,-22.6725],[-55.6555,-22.6731],[-55.6554,-22.6772],[-55.6574,-22.6765],[-55.6593,-22.6772],[-55.6611,-22.6753],[-55.6642,-22.676],[-55.6658,-22.6768],[-55.6662,-22.6776],[-55.6669,-22.6771],[-55.6668,-22.6783],[-55.6677,-22.6793],[-55.6669,-22.6801],[-55.6673,-22.6809],[-55.6709,-22.6823],[-55.6703,-22.6825],[-55.6706,-22.6832],[-55.6708,-22.6828],[-55.6713,-22.6834],[-55.6717,-22.6832],[-55.672,-22.6841],[-55.6724,-22.6837],[-55.6731,-22.684],[-55.6735,-22.6832],[-55.6749,-22.6844],[-55.6753,-22.684],[-55.6765,-22.6844],[-55.6768,-22.685],[-55.6805,-22.6842],[-55.6807,-22.6849],[-55.6818,-22.685],[-55.682,-22.6857],[-55.6825,-22.6855],[-55.6821,-22.6864],[-55.6829,-22.6859],[-55.684,-22.6867],[-55.684,-22.6872],[-55.6859,-22.6867],[-55.6869,-22.6878],[-55.6895,-22.6872],[-55.6894,-22.6866],[-55.6886,-22.6867],[-55.6887,-22.6859],[-55.6899,-22.6855],[-55.6901,-22.6839],[-55.6911,-22.6838],[-55.6904,-22.6832],[-55.6915,-22.683],[-55.692,-22.6822],[-55.6932,-22.6822],[-55.6928,-22.683],[-55.6934,-22.6832],[-55.6939,-22.6828],[-55.6941,-22.6835],[-55.6954,-22.6829],[-55.6959,-22.6835],[-55.696,-22.6826],[-55.697,-22.6835],[-55.6974,-22.6832],[-55.698,-22.6844],[-55.6989,-22.6844],[-55.6985,-22.6851],[-55.6993,-22.6852],[-55.6996,-22.686],[-55.7009,-22.6864],[-55.7031,-22.6879],[-55.7,-22.6897],[-55.7001,-22.6901]]}},{"type":"Feature","properties":{"nome":"","tipo":"river"},"geometry":{"type":"LineString","coordinates":[[-55.7064,-22.697],[-55.7079,-22.6988],[-55.7093,-22.6988],[-55.7096,-22.7007],[-55.7132,-22.7009],[-55.7131,-22.7018],[-55.714,-22.7018],[-55.7158,-22.7048],[-55.7178,-22.706],[-55.7188,-22.7056],[-55.7195,-22.7066],[-55.7201,-22.7063],[-55.7205,-22.7077],[-55.7221,-22.7071],[-55.7233,-22.7073],[-55.7234,-22.7069],[-55.7247,-22.7076],[-55.7252,-22.7086],[-55.7262,-22.7082],[-55.7264,-22.7085],[-55.7257,-22.7091],[-55.7264,-22.7094],[-55.7257,-22.7099],[-55.7271,-22.7103],[-55.7271,-22.7113],[-55.7264,-22.711],[-55.7275,-22.7136],[-55.7283,-22.714],[-55.7281,-22.7145],[-55.7272,-22.7144],[-55.7275,-22.7153],[-55.727,-22.7154],[-55.7283,-22.7155],[-55.7274,-22.7169],[-55.7284,-22.7177],[-55.7292,-22.7177],[-55.7292,-22.7183]]}},{"type":"Feature","properties":{"nome":"","tipo":"river"},"geometry":{"type":"LineString","coordinates":[[-55.731,-22.7185],[-55.7329,-22.7184],[-55.7322,-22.7193]]}},{"type":"Feature","properties":{"nome":"","tipo":"stream"},"geometry":{"type":"LineString","coordinates":[[-55.737,-22.6527],[-55.7369,-22.6522],[-55.7395,-22.6507],[-55.7416,-22.6503],[-55.7422,-22.6482],[-55.7432,-22.6474]]}},{"type":"Feature","properties":{"nome":"","tipo":"canal"},"geometry":{"type":"LineString","coordinates":[[-55.6012,-23.1378],[-55.6008,-23.1416]]}},{"type":"Feature","properties":{"nome":"","tipo":"stream"},"geometry":{"type":"LineString","coordinates":[[-56.1625,-23.3232],[-56.1626,-23.3228]]}},{"type":"Feature","properties":{"nome":"","tipo":"stream"},"geometry":{"type":"LineString","coordinates":[[-56.1617,-23.359],[-56.1639,-23.3542],[-56.1644,-23.3507],[-56.164,-23.3472],[-56.1644,-23.346],[-56.1638,-23.3446],[-56.1639,-23.3425],[-56.1632,-23.3411],[-56.1635,-23.3399],[-56.1631,-23.3369],[-56.1635,-23.3361],[-56.1638,-23.331],[-56.1627,-23.3284],[-56.1631,-23.3256],[-56.1625,-23.3232]]}},{"type":"Feature","properties":{"nome":"","tipo":"stream"},"geometry":{"type":"LineString","coordinates":[[-56.156,-23.3956],[-56.1563,-23.393],[-56.1555,-23.3907],[-56.1566,-23.3877],[-56.1567,-23.3846],[-56.1582,-23.3817],[-56.158,-23.3788],[-56.1592,-23.376],[-56.1588,-23.374],[-56.1593,-23.3715],[-56.1591,-23.3692],[-56.1601,-23.3668],[-56.1601,-23.3629],[-56.1609,-23.3613],[-56.1616,-23.3608],[-56.1617,-23.359]]}},{"type":"Feature","properties":{"nome":"","tipo":"stream"},"geometry":{"type":"LineString","coordinates":[[-56.3441,-23.3115],[-56.3437,-23.3166]]}},{"type":"Feature","properties":{"nome":"","tipo":"stream"},"geometry":{"type":"LineString","coordinates":[[-56.3388,-23.3123],[-56.3392,-23.3129],[-56.3406,-23.3129]]}},{"type":"Feature","properties":{"nome":"","tipo":"stream"},"geometry":{"type":"LineString","coordinates":[[-56.3398,-23.3122],[-56.3448,-23.3175],[-56.3462,-23.32],[-56.346,-23.3204]]}},{"type":"Feature","properties":{"nome":"","tipo":"stream"},"geometry":{"type":"LineString","coordinates":[[-56.3412,-23.311],[-56.3406,-23.3127]]}},{"type":"Feature","properties":{"nome":"","tipo":"stream"},"geometry":{"type":"LineString","coordinates":[[-56.3402,-23.3112],[-56.3407,-23.312]]}},{"type":"Feature","properties":{"nome":"","tipo":"stream"},"geometry":{"type":"LineString","coordinates":[[-56.3483,-23.3183],[-56.3478,-23.3191],[-56.3462,-23.32]]}},{"type":"Feature","properties":{"nome":"","tipo":"stream"},"geometry":{"type":"LineString","coordinates":[[-56.3396,-23.3189],[-56.3416,-23.3213],[-56.3424,-23.3233],[-56.3421,-23.3241]]}},{"type":"Feature","properties":{"nome":"","tipo":"stream"},"geometry":{"type":"LineString","coordinates":[[-56.3371,-23.3198],[-56.3403,-23.3219],[-56.3418,-23.322]]}},{"type":"Feature","properties":{"nome":"","tipo":"stream"},"geometry":{"type":"LineString","coordinates":[[-56.2474,-22.3027],[-56.247,-22.3006],[-56.2426,-22.2958],[-56.2415,-22.293],[-56.2402,-22.2873],[-56.2403,-22.2794],[-56.2384,-22.273],[-56.2368,-22.2696],[-56.2336,-22.2667],[-56.2322,-22.2645],[-56.2322,-22.2637],[-56.229,-22.2617]]}},{"type":"Feature","properties":{"nome":"","tipo":"stream"},"geometry":{"type":"LineString","coordinates":[[-56.2015,-22.2883],[-56.1992,-22.2826],[-56.1994,-22.2782],[-56.1999,-22.2779]]}},{"type":"Feature","properties":{"nome":"","tipo":"stream"},"geometry":{"type":"LineString","coordinates":[[-56.1662,-22.3813],[-56.1648,-22.379],[-56.1654,-22.3779],[-56.1674,-22.376],[-56.1687,-22.376],[-56.169,-22.3755],[-56.1719,-22.3749],[-56.1742,-22.3738],[-56.1758,-22.3703],[-56.1779,-22.3675],[-56.1814,-22.365],[-56.1826,-22.3616],[-56.1848,-22.3584],[-56.188,-22.356],[-56.1896,-22.3517],[-56.191,-22.3514],[-56.1913,-22.3508],[-56.1914,-22.3483],[-56.1904,-22.3447],[-56.1906,-22.341],[-56.1888,-22.3356],[-56.1895,-22.3351],[-56.1905,-22.3317],[-56.1914,-22.3311],[-56.1928,-22.3288],[-56.1943,-22.3227],[-56.1958,-22.3209],[-56.1959,-22.3188],[-56.1944,-22.3156],[-56.1947,-22.314],[-56.194,-22.3133],[-56.1943,-22.3126],[-56.1934,-22.3117],[-56.1936,-22.3099],[-56.1925,-22.3063],[-56.1908,-22.3036],[-56.1898,-22.3008],[-56.1887,-22.3],[-56.1868,-22.2956],[-56.1858,-22.2946],[-56.1854,-22.291],[-56.1849,-22.2905],[-56.1851,-22.2892],[-56.1844,-22.2881],[-56.1859,-22.2856],[-56.1868,-22.2822]]}},{"type":"Feature","properties":{"nome":"","tipo":"stream"},"geometry":{"type":"LineString","coordinates":[[-56.1827,-22.2806],[-56.1854,-22.2786]]}},{"type":"Feature","properties":{"nome":"","tipo":"stream"},"geometry":{"type":"LineString","coordinates":[[-56.1611,-22.33],[-56.1623,-22.3207],[-56.1618,-22.3148],[-56.161,-22.3128],[-56.1614,-22.3097],[-56.1595,-22.3063],[-56.1597,-22.2984],[-56.1586,-22.2957],[-56.1598,-22.2919],[-56.1612,-22.2899],[-56.1635,-22.2879],[-56.1642,-22.2862],[-56.1659,-22.2859]]}},{"type":"Feature","properties":{"nome":"","tipo":"stream"},"geometry":{"type":"LineString","coordinates":[[-56.1455,-22.2905],[-56.1484,-22.2892],[-56.1501,-22.2873],[-56.1501,-22.2855],[-56.1509,-22.284],[-56.1501,-22.2834],[-56.1515,-22.282]]}},{"type":"Feature","properties":{"nome":"","tipo":"stream"},"geometry":{"type":"LineString","coordinates":[[-55.5707,-23.3245],[-55.5712,-23.3264],[-55.5702,-23.3283],[-55.5693,-23.329],[-55.5673,-23.3292],[-55.5648,-23.3276],[-55.561,-23.3282],[-55.5607,-23.3301],[-55.5611,-23.3334],[-55.5626,-23.3365],[-55.5622,-23.337],[-55.5624,-23.3381],[-55.5619,-23.3388],[-55.5616,-23.3419],[-55.5589,-23.3466],[-55.5571,-23.3471],[-55.5574,-23.3477],[-55.5564,-23.348],[-55.5565,-23.3487],[-55.5552,-23.3496],[-55.5578,-23.3621],[-55.5579,-23.3645],[-55.5588,-23.3656],[-55.5595,-23.3687],[-55.5596,-23.3719],[-55.5604,-23.3756],[-55.5602,-23.3793],[-55.5611,-23.3803],[-55.5611,-23.3823],[-55.5618,-23.3828],[-55.5619,-23.3843],[-55.5632,-23.3852],[-55.5652,-23.3909],[-55.5675,-23.3932],[-55.5676,-23.3949],[-55.5682,-23.3956],[-55.5679,-23.3966],[-55.5683,-23.398],[-55.5671,-23.3993],[-55.5675,-23.4015],[-55.5648,-23.4033],[-55.5631,-23.4058],[-55.5623,-23.4061],[-55.5627,-23.4067],[-55.5621,-23.4079],[-55.5624,-23.4088],[-55.5619,-23.4102],[-55.5601,-23.4112],[-55.5586,-23.414],[-55.5543,-23.4165],[-55.5534,-23.419],[-55.552,-23.4189],[-55.5497,-23.4207],[-55.5487,-23.4209]]}},{"type":"Feature","properties":{"nome":"","tipo":"stream"},"geometry":{"type":"LineString","coordinates":[[-55.5699,-23.3548],[-55.5681,-23.354],[-55.566,-23.3546],[-55.5622,-23.3536],[-55.5596,-23.354],[-55.5582,-23.3554],[-55.5564,-23.356]]}},{"type":"Feature","properties":{"nome":"","tipo":"stream"},"geometry":{"type":"LineString","coordinates":[[-55.5738,-23.3304],[-55.572,-23.3313],[-55.5716,-23.3328],[-55.5701,-23.3322],[-55.5659,-23.3358],[-55.564,-23.3364],[-55.5633,-23.3372],[-55.5627,-23.3369],[-55.5623,-23.3372]]}},{"type":"Feature","properties":{"nome":"","tipo":"stream"},"geometry":{"type":"LineString","coordinates":[[-55.5755,-23.335],[-55.5746,-23.3342],[-55.5734,-23.3346],[-55.5715,-23.3339],[-55.5682,-23.3337]]}},{"type":"Feature","properties":{"nome":"","tipo":"stream"},"geometry":{"type":"LineString","coordinates":[[-55.5751,-23.3384],[-55.5738,-23.3363],[-55.5738,-23.3345]]}},{"type":"Feature","properties":{"nome":"","tipo":"stream"},"geometry":{"type":"LineString","coordinates":[[-55.5754,-23.3367],[-55.5739,-23.3353]]}},{"type":"Feature","properties":{"nome":"","tipo":"stream"},"geometry":{"type":"LineString","coordinates":[[-55.5737,-23.3329],[-55.5714,-23.3329]]}},{"type":"Feature","properties":{"nome":"","tipo":"stream"},"geometry":{"type":"LineString","coordinates":[[-55.5705,-23.3313],[-55.5701,-23.3322]]}},{"type":"Feature","properties":{"nome":"","tipo":"stream"},"geometry":{"type":"LineString","coordinates":[[-55.5824,-23.3759],[-55.5823,-23.3769],[-55.5837,-23.3793],[-55.584,-23.3816],[-55.5838,-23.383],[-55.5823,-23.385],[-55.5826,-23.3885]]}},{"type":"Feature","properties":{"nome":"","tipo":"stream"},"geometry":{"type":"LineString","coordinates":[[-55.5732,-23.3781],[-55.5752,-23.3847],[-55.5749,-23.3857],[-55.5753,-23.3868],[-55.5788,-23.3894],[-55.5794,-23.3916],[-55.5792,-23.3927]]}},{"type":"Feature","properties":{"nome":"arroyo Punta Pora","tipo":"stream"},"geometry":{"type":"LineString","coordinates":[[-55.7362,-22.5464],[-55.7357,-22.5475],[-55.7406,-22.5493],[-55.7445,-22.5498],[-55.7458,-22.549],[-55.7471,-22.5492],[-55.7485,-22.5509],[-55.7512,-22.5518],[-55.7522,-22.5546],[-55.7538,-22.5548],[-55.7556,-22.5571],[-55.7572,-22.5578],[-55.7586,-22.5599],[-55.7611,-22.5609],[-55.7614,-22.5618],[-55.7636,-22.563],[-55.7668,-22.5639],[-55.7677,-22.5637],[-55.7691,-22.5643],[-55.7708,-22.5638],[-55.7725,-22.564],[-55.774,-22.5662],[-55.7757,-22.5667],[-55.7766,-22.5659],[-55.7779,-22.5678],[-55.7786,-22.5669],[-55.7794,-22.5671],[-55.7807,-22.5656],[-55.7817,-22.5652],[-55.7819,-22.5642],[-55.7833,-22.5634],[-55.7857,-22.5636],[-55.7862,-22.5642],[-55.7887,-22.562],[-55.7897,-22.5616],[-55.7918,-22.5618],[-55.7921,-22.5612],[-55.7938,-22.5614],[-55.7975,-22.5598],[-55.8008,-22.5598],[-55.8026,-22.5618],[-55.8059,-22.5624],[-55.8082,-22.5609],[-55.8095,-22.5613],[-55.8094,-22.5617],[-55.81,-22.5615],[-55.8118,-22.5634],[-55.8135,-22.5635],[-55.8148,-22.5644],[-55.8172,-22.5619],[-55.821,-22.5598],[-55.8213,-22.5592],[-55.8234,-22.5596],[-55.8238,-22.5601],[-55.8242,-22.5593],[-55.8263,-22.558],[-55.8261,-22.5564],[-55.8266,-22.5557],[-55.8294,-22.5555],[-55.8319,-22.5571],[-55.8333,-22.557],[-55.8337,-22.5549],[-55.8332,-22.5539],[-55.8299,-22.552],[-55.8315,-22.5496],[-55.8346,-22.5486],[-55.8366,-22.5493],[-55.8385,-22.5509],[-55.8394,-22.5509],[-55.8415,-22.5498],[-55.8459,-22.5457],[-55.8479,-22.5473],[-55.8481,-22.5492],[-55.8505,-22.5518],[-55.85,-22.5527],[-55.8518,-22.5531],[-55.8529,-22.552],[-55.8529,-22.5504],[-55.854,-22.5489],[-55.8528,-22.5477],[-55.8532,-22.5465],[-55.8554,-22.5466],[-55.8575,-22.5479],[-55.858,-22.5459],[-55.8605,-22.5459],[-55.8641,-22.5448],[-55.8651,-22.5453],[-55.8659,-22.5449],[-55.8665,-22.5458],[-55.8676,-22.546],[-55.8676,-22.5467],[-55.8686,-22.5463],[-55.8693,-22.5472],[-55.8701,-22.5473],[-55.8707,-22.5461],[-55.8718,-22.5459],[-55.8719,-22.5452],[-55.8732,-22.5451],[-55.8741,-22.5425],[-55.8756,-22.5424],[-55.8756,-22.5419],[-55.875,-22.5419],[-55.8753,-22.5415],[-55.8759,-22.5413],[-55.876,-22.5419],[-55.8769,-22.5412],[-55.8786,-22.5413],[-55.8793,-22.5419],[-55.8798,-22.5395],[-55.8816,-22.5393],[-55.8818,-22.5384],[-55.8841,-22.5378],[-55.8843,-22.5389],[-55.8856,-22.5376],[-55.8869,-22.5382],[-55.8864,-22.5372],[-55.8876,-22.5366],[-55.8898,-22.5374],[-55.8899,-22.5382],[-55.8908,-22.5378],[-55.8913,-22.5384],[-55.8918,-22.5377],[-55.8944,-22.54],[-55.8967,-22.5387],[-55.8972,-22.5379]]}},{"type":"Feature","properties":{"nome":"","tipo":"stream"},"geometry":{"type":"LineString","coordinates":[[-55.5897,-23.3824],[-55.5859,-23.3831],[-55.5847,-23.385],[-55.5848,-23.3862]]}},{"type":"Feature","properties":{"nome":"","tipo":"stream"},"geometry":{"type":"LineString","coordinates":[[-55.5834,-23.3743],[-55.5854,-23.3754],[-55.586,-23.3772],[-55.586,-23.3802],[-55.5851,-23.3817],[-55.5856,-23.3834]]}},{"type":"Feature","properties":{"nome":"","tipo":"stream"},"geometry":{"type":"LineString","coordinates":[[-55.5845,-23.3836],[-55.5848,-23.3848]]}},{"type":"Feature","properties":{"nome":"","tipo":"stream"},"geometry":{"type":"LineString","coordinates":[[-55.5889,-23.3768],[-55.5902,-23.3803],[-55.5873,-23.3818],[-55.5864,-23.3829]]}},{"type":"Feature","properties":{"nome":"","tipo":"stream"},"geometry":{"type":"LineString","coordinates":[[-55.6205,-23.376],[-55.6198,-23.3776],[-55.6199,-23.3783],[-55.6209,-23.3795],[-55.6214,-23.3813],[-55.6231,-23.3825],[-55.6245,-23.3869],[-55.6237,-23.3879],[-55.6238,-23.3886],[-55.6278,-23.3926],[-55.629,-23.3979],[-55.6302,-23.3993],[-55.6305,-23.4007],[-55.6288,-23.4031],[-55.6251,-23.4046],[-55.6226,-23.4048],[-55.621,-23.4062],[-55.6203,-23.4063],[-55.6182,-23.4051],[-55.6177,-23.4053],[-55.6165,-23.4041],[-55.6168,-23.4046],[-55.6162,-23.405],[-55.6163,-23.406],[-55.6144,-23.4069],[-55.6116,-23.4116],[-55.6076,-23.4154],[-55.608,-23.4159],[-55.6076,-23.4182],[-55.606,-23.4195],[-55.6061,-23.4203],[-55.6055,-23.4205],[-55.6051,-23.4216],[-55.6055,-23.423],[-55.6051,-23.4239],[-55.6055,-23.4239],[-55.6046,-23.4254],[-55.605,-23.4265],[-55.6045,-23.4273],[-55.6046,-23.4302],[-55.6022,-23.4333],[-55.6027,-23.438],[-55.6021,-23.4392],[-55.6032,-23.4424],[-55.6022,-23.4434],[-55.6027,-23.4446],[-55.6042,-23.4455],[-55.6044,-23.4465]]}},{"type":"Feature","properties":{"nome":"","tipo":"stream"},"geometry":{"type":"LineString","coordinates":[[-55.5892,-23.3409],[-55.5889,-23.3428],[-55.5904,-23.3461],[-55.5919,-23.3478],[-55.5933,-23.3478],[-55.5945,-23.3491],[-55.596,-23.3533],[-55.601,-23.3571],[-55.6009,-23.3581],[-55.6023,-23.3607],[-55.6023,-23.3641],[-55.6034,-23.3659]]}},{"type":"Feature","properties":{"nome":"","tipo":"stream"},"geometry":{"type":"LineString","coordinates":[[-55.5894,-23.3395],[-55.5888,-23.34]]}},{"type":"Feature","properties":{"nome":"","tipo":"stream"},"geometry":{"type":"LineString","coordinates":[[-55.589,-23.3372],[-55.5877,-23.3371],[-55.5867,-23.3377]]}},{"type":"Feature","properties":{"nome":"","tipo":"stream"},"geometry":{"type":"LineString","coordinates":[[-55.5854,-23.3379],[-55.5875,-23.3397],[-55.5889,-23.3417]]}},{"type":"Feature","properties":{"nome":"","tipo":"stream"},"geometry":{"type":"LineString","coordinates":[[-55.602,-23.3504],[-55.6012,-23.3528]]}},{"type":"Feature","properties":{"nome":"","tipo":"stream"},"geometry":{"type":"LineString","coordinates":[[-55.6006,-23.3507],[-55.6018,-23.3545],[-55.601,-23.3571]]}},{"type":"Feature","properties":{"nome":"","tipo":"stream"},"geometry":{"type":"LineString","coordinates":[[-55.6033,-23.3557],[-55.6026,-23.3556],[-55.6009,-23.3565]]}},{"type":"Feature","properties":{"nome":"","tipo":"stream"},"geometry":{"type":"LineString","coordinates":[[-55.603,-23.3542],[-55.602,-23.3558]]}},{"type":"Feature","properties":{"nome":"","tipo":"stream"},"geometry":{"type":"LineString","coordinates":[[-55.6001,-23.3512],[-55.6009,-23.3518]]}},{"type":"Feature","properties":{"nome":"","tipo":"stream"},"geometry":{"type":"LineString","coordinates":[[-55.5975,-23.3517],[-55.5984,-23.3529],[-55.5985,-23.3553]]}},{"type":"Feature","properties":{"nome":"","tipo":"stream"},"geometry":{"type":"LineString","coordinates":[[-55.5923,-23.3489],[-55.5942,-23.3519],[-55.5942,-23.3534],[-55.5966,-23.3548],[-55.5982,-23.3549]]}},{"type":"Feature","properties":{"nome":"","tipo":"stream"},"geometry":{"type":"LineString","coordinates":[[-55.5824,-23.3385],[-55.5834,-23.3406],[-55.5847,-23.3416],[-55.5852,-23.3454],[-55.5876,-23.3475],[-55.5891,-23.3497],[-55.5886,-23.3516],[-55.5897,-23.3537],[-55.5914,-23.355],[-55.5912,-23.3559],[-55.5924,-23.3578],[-55.5965,-23.361],[-55.5982,-23.3615],[-55.5995,-23.363],[-55.6027,-23.3648],[-55.6037,-23.3664],[-55.6036,-23.3685],[-55.6022,-23.3698],[-55.6021,-23.3714],[-55.6007,-23.3725],[-55.6005,-23.3734],[-55.601,-23.3774],[-55.6019,-23.3791],[-55.6018,-23.3813],[-55.6029,-23.3822],[-55.6029,-23.3837],[-55.6038,-23.3837],[-55.6052,-23.3847],[-55.605,-23.3854],[-55.6056,-23.3858],[-55.606,-23.3873],[-55.6071,-23.3877],[-55.6076,-23.3893],[-55.6082,-23.3894],[-55.6091,-23.3907],[-55.6095,-23.3924],[-55.6101,-23.3924],[-55.6101,-23.3938],[-55.6122,-23.3954],[-55.612,-23.396],[-55.6142,-23.397],[-55.6144,-23.3983],[-55.6154,-23.3991],[-55.615,-23.4005],[-55.6158,-23.4023],[-55.6154,-23.4029],[-55.6164,-23.4044]]}},{"type":"Feature","properties":{"nome":"","tipo":"stream"},"geometry":{"type":"LineString","coordinates":[[-55.5887,-23.344],[-55.5883,-23.3455]]}},{"type":"Feature","properties":{"nome":"","tipo":"stream"},"geometry":{"type":"LineString","coordinates":[[-55.5837,-23.3382],[-55.5855,-23.3419],[-55.5883,-23.3457],[-55.5879,-23.3478]]}},{"type":"Feature","properties":{"nome":"","tipo":"stream"},"geometry":{"type":"LineString","coordinates":[[-55.6124,-23.3805],[-55.612,-23.3818],[-55.6099,-23.3848],[-55.6081,-23.3863],[-55.6061,-23.387]]}},{"type":"Feature","properties":{"nome":"","tipo":"stream"},"geometry":{"type":"LineString","coordinates":[[-55.607,-23.3838],[-55.6052,-23.3847]]}},{"type":"Feature","properties":{"nome":"","tipo":"stream"},"geometry":{"type":"LineString","coordinates":[[-55.6037,-23.384],[-55.6057,-23.3863]]}},{"type":"Feature","properties":{"nome":"","tipo":"stream"},"geometry":{"type":"LineString","coordinates":[[-55.6009,-23.3814],[-55.6022,-23.3816]]}},{"type":"Feature","properties":{"nome":"","tipo":"stream"},"geometry":{"type":"LineString","coordinates":[[-55.6062,-23.3772],[-55.602,-23.3793]]}},{"type":"Feature","properties":{"nome":"","tipo":"stream"},"geometry":{"type":"LineString","coordinates":[[-55.6032,-23.3757],[-55.6011,-23.3765]]}},{"type":"Feature","properties":{"nome":"","tipo":"stream"},"geometry":{"type":"LineString","coordinates":[[-55.6005,-23.3717],[-55.6009,-23.3723]]}},{"type":"Feature","properties":{"nome":"","tipo":"stream"},"geometry":{"type":"LineString","coordinates":[[-55.6006,-23.3683],[-55.6018,-23.3715]]}},{"type":"Feature","properties":{"nome":"","tipo":"stream"},"geometry":{"type":"LineString","coordinates":[[-55.6089,-23.3615],[-55.6077,-23.3618],[-55.6065,-23.3639],[-55.6037,-23.3664]]}},{"type":"Feature","properties":{"nome":"","tipo":"stream"},"geometry":{"type":"LineString","coordinates":[[-55.6016,-23.3629],[-55.6023,-23.3641]]}},{"type":"Feature","properties":{"nome":"","tipo":"stream"},"geometry":{"type":"LineString","coordinates":[[-55.6048,-23.3627],[-55.6045,-23.3656]]}},{"type":"Feature","properties":{"nome":"","tipo":"stream"},"geometry":{"type":"LineString","coordinates":[[-55.6056,-23.3574],[-55.6046,-23.3592],[-55.6051,-23.3598],[-55.6048,-23.3609],[-55.6025,-23.3627]]}},{"type":"Feature","properties":{"nome":"","tipo":"stream"},"geometry":{"type":"LineString","coordinates":[[-55.5959,-23.3571],[-55.5979,-23.3581],[-55.5987,-23.36],[-55.5986,-23.362]]}},{"type":"Feature","properties":{"nome":"","tipo":"stream"},"geometry":{"type":"LineString","coordinates":[[-55.5969,-23.3586],[-55.5975,-23.3599],[-55.5986,-23.3606]]}},{"type":"Feature","properties":{"nome":"","tipo":"stream"},"geometry":{"type":"LineString","coordinates":[[-55.5964,-23.36],[-55.5975,-23.3613]]}},{"type":"Feature","properties":{"nome":"","tipo":"stream"},"geometry":{"type":"LineString","coordinates":[[-55.5756,-23.3496],[-55.5776,-23.3511],[-55.5795,-23.3516],[-55.5807,-23.3528],[-55.5833,-23.3527],[-55.5892,-23.3541],[-55.5901,-23.356],[-55.5896,-23.3574],[-55.5905,-23.3589],[-55.5899,-23.3594],[-55.5897,-23.3604],[-55.5906,-23.3644],[-55.5909,-23.3689],[-55.5912,-23.3698],[-55.5932,-23.3714],[-55.5941,-23.3713],[-55.5944,-23.3716]]}},{"type":"Feature","properties":{"nome":"","tipo":"stream"},"geometry":{"type":"LineString","coordinates":[[-55.5876,-23.3624],[-55.5906,-23.3655]]}},{"type":"Feature","properties":{"nome":"","tipo":"stream"},"geometry":{"type":"LineString","coordinates":[[-55.5886,-23.3561],[-55.5896,-23.3574]]}},{"type":"Feature","properties":{"nome":"","tipo":"stream"},"geometry":{"type":"LineString","coordinates":[[-55.5866,-23.3565],[-55.5877,-23.3572],[-55.5877,-23.3589],[-55.5901,-23.3619]]}},{"type":"Feature","properties":{"nome":"","tipo":"stream"},"geometry":{"type":"LineString","coordinates":[[-55.5844,-23.357],[-55.5863,-23.3598],[-55.5889,-23.3607]]}},{"type":"Feature","properties":{"nome":"","tipo":"stream"},"geometry":{"type":"LineString","coordinates":[[-55.5859,-23.3577],[-55.5859,-23.3592]]}},{"type":"Feature","properties":{"nome":"","tipo":"stream"},"geometry":{"type":"LineString","coordinates":[[-55.5852,-23.3608],[-55.5872,-23.3604]]}},{"type":"Feature","properties":{"nome":"","tipo":"stream"},"geometry":{"type":"LineString","coordinates":[[-55.5829,-23.3621],[-55.5832,-23.3629],[-55.5829,-23.3638],[-55.5838,-23.3649],[-55.5838,-23.3669],[-55.5847,-23.3684],[-55.5866,-23.3694],[-55.5897,-23.3692],[-55.5912,-23.3697]]}},{"type":"Feature","properties":{"nome":"","tipo":"stream"},"geometry":{"type":"LineString","coordinates":[[-55.5728,-23.3534],[-55.5732,-23.3564],[-55.5752,-23.3578],[-55.5758,-23.3578],[-55.5765,-23.3587],[-55.5785,-23.3593],[-55.5798,-23.3612],[-55.5829,-23.3638]]}},{"type":"Feature","properties":{"nome":"","tipo":"stream"},"geometry":{"type":"LineString","coordinates":[[-55.5807,-23.363],[-55.5837,-23.3647]]}},{"type":"Feature","properties":{"nome":"","tipo":"stream"},"geometry":{"type":"LineString","coordinates":[[-55.5864,-23.3669],[-55.5855,-23.3675],[-55.5853,-23.3686]]}},{"type":"Feature","properties":{"nome":"","tipo":"stream"},"geometry":{"type":"LineString","coordinates":[[-55.5745,-23.3559],[-55.5755,-23.3578]]}},{"type":"Feature","properties":{"nome":"","tipo":"stream"},"geometry":{"type":"LineString","coordinates":[[-55.574,-23.3564],[-55.5751,-23.3572]]}},{"type":"Feature","properties":{"nome":"","tipo":"stream"},"geometry":{"type":"LineString","coordinates":[[-55.5774,-23.3643],[-55.5773,-23.366],[-55.5789,-23.3675],[-55.5809,-23.3678],[-55.5832,-23.369],[-55.5835,-23.3685],[-55.5846,-23.3683]]}},{"type":"Feature","properties":{"nome":"","tipo":"stream"},"geometry":{"type":"LineString","coordinates":[[-55.5717,-23.3619],[-55.5745,-23.363],[-55.5742,-23.3609],[-55.5765,-23.3587]]}},{"type":"Feature","properties":{"nome":"","tipo":"stream"},"geometry":{"type":"LineString","coordinates":[[-55.6248,-23.3796],[-55.6247,-23.3807],[-55.6232,-23.3827]]}},{"type":"Feature","properties":{"nome":"Córrego Ipeguajó","tipo":"stream"},"geometry":{"type":"LineString","coordinates":[[-55.7032,-22.4952],[-55.7018,-22.4976]]}},{"type":"Feature","properties":{"nome":"","tipo":"stream"},"geometry":{"type":"LineString","coordinates":[[-55.6708,-22.5684],[-55.6672,-22.5672],[-55.6635,-22.5653],[-55.6592,-22.5644],[-55.6584,-22.5636],[-55.6503,-22.5624],[-55.649,-22.5614],[-55.6449,-22.5601],[-55.6356,-22.5609],[-55.6323,-22.5596],[-55.6267,-22.5594]]}},{"type":"Feature","properties":{"nome":"","tipo":"stream"},"geometry":{"type":"LineString","coordinates":[[-55.6352,-22.4922],[-55.6344,-22.4926],[-55.6338,-22.4938],[-55.6305,-22.4958],[-55.6267,-22.4995],[-55.6186,-22.5092],[-55.6159,-22.5106]]}},{"type":"Feature","properties":{"nome":"Rio São João","tipo":"river"},"geometry":{"type":"LineString","coordinates":[[-55.6159,-22.5106],[-55.6141,-22.5106],[-55.6125,-22.5133],[-55.6106,-22.5133],[-55.6107,-22.5124],[-55.6077,-22.5086],[-55.6064,-22.5081],[-55.6052,-22.5087],[-55.6055,-22.5101],[-55.6044,-22.5112],[-55.602,-22.512],[-55.5999,-22.5113],[-55.5998,-22.5105],[-55.6005,-22.51],[-55.5995,-22.5098],[-55.5995,-22.5084],[-55.5981,-22.5079],[-55.5968,-22.51],[-55.5957,-22.5107],[-55.5953,-22.5118],[-55.5937,-22.5112],[-55.5919,-22.5122],[-55.5909,-22.5111],[-55.5899,-22.5111],[-55.5895,-22.5099],[-55.5888,-22.5092],[-55.5878,-22.5098],[-55.5882,-22.5123],[-55.5878,-22.5136],[-55.5873,-22.5136],[-55.5869,-22.5129]]}},{"type":"Feature","properties":{"nome":"","tipo":"stream"},"geometry":{"type":"LineString","coordinates":[[-55.645,-22.4912],[-55.6465,-22.4922],[-55.6486,-22.4945],[-55.6492,-22.4962],[-55.6479,-22.4997],[-55.6446,-22.5037],[-55.6431,-22.5039],[-55.6417,-22.505],[-55.6412,-22.5047],[-55.6402,-22.506],[-55.639,-22.5066],[-55.6375,-22.5094],[-55.6366,-22.5094]]}},{"type":"Feature","properties":{"nome":"","tipo":"stream"},"geometry":{"type":"LineString","coordinates":[[-55.6207,-22.4855],[-55.6143,-22.488],[-55.6119,-22.4899],[-55.6111,-22.4943],[-55.6098,-22.4958],[-55.6068,-22.5017],[-55.6027,-22.5066],[-55.6001,-22.5089],[-55.5996,-22.5088]]}},{"type":"Feature","properties":{"nome":"Córrego Geovaí","tipo":"stream"},"geometry":{"type":"LineString","coordinates":[[-55.6073,-22.5456],[-55.6073,-22.5443],[-55.6062,-22.5433],[-55.606,-22.5423],[-55.6045,-22.542],[-55.603,-22.5401],[-55.6027,-22.5385],[-55.5991,-22.5359],[-55.5976,-22.5327],[-55.597,-22.5325],[-55.597,-22.534],[-55.5936,-22.5316],[-55.5935,-22.5299],[-55.5914,-22.5276],[-55.5916,-22.5258],[-55.5909,-22.5248],[-55.5912,-22.5226],[-55.5901,-22.5193],[-55.5906,-22.5171],[-55.5885,-22.5143],[-55.5868,-22.5142],[-55.5869,-22.5129]]}},{"type":"Feature","properties":{"nome":"","tipo":"stream"},"geometry":{"type":"LineString","coordinates":[[-55.6232,-22.6188],[-55.6238,-22.6174],[-55.6237,-22.6161],[-55.6253,-22.6138],[-55.628,-22.611],[-55.6301,-22.6067],[-55.6318,-22.6054],[-55.6325,-22.603],[-55.6325,-22.5992],[-55.6302,-22.5961],[-55.6301,-22.5943],[-55.6296,-22.5939],[-55.631,-22.5851],[-55.6326,-22.5834],[-55.6328,-22.5755]]}},{"type":"Feature","properties":{"nome":"","tipo":"stream"},"geometry":{"type":"LineString","coordinates":[[-55.6485,-22.5918],[-55.6454,-22.5883],[-55.644,-22.5857],[-55.6433,-22.5834],[-55.6417,-22.5814],[-55.6383,-22.5783],[-55.6328,-22.5755]]}},{"type":"Feature","properties":{"nome":"","tipo":"stream"},"geometry":{"type":"LineString","coordinates":[[-55.6465,-22.6075],[-55.6462,-22.6043],[-55.6488,-22.5948],[-55.6485,-22.5918]]}},{"type":"Feature","properties":{"nome":"","tipo":"stream"},"geometry":{"type":"LineString","coordinates":[[-55.6664,-22.5896],[-55.6592,-22.5923],[-55.6571,-22.5919],[-55.6549,-22.5923],[-55.6525,-22.5916],[-55.649,-22.5923],[-55.6485,-22.5918]]}},{"type":"Feature","properties":{"nome":"Córrego São Vincente","tipo":"stream"},"geometry":{"type":"LineString","coordinates":[[-55.7151,-22.5457],[-55.7114,-22.545],[-55.7085,-22.5437],[-55.7063,-22.5408],[-55.7026,-22.538],[-55.7016,-22.5365],[-55.6991,-22.5344],[-55.6988,-22.5335],[-55.6974,-22.5323],[-55.6968,-22.5303],[-55.6957,-22.5295],[-55.6958,-22.5283],[-55.6938,-22.5256],[-55.6929,-22.523],[-55.6913,-22.521],[-55.6875,-22.5199],[-55.6877,-22.5194],[-55.6859,-22.5183],[-55.6819,-22.5171],[-55.6794,-22.5173],[-55.6789,-22.5177],[-55.6769,-22.5173],[-55.6735,-22.5135],[-55.6714,-22.513]]}},{"type":"Feature","properties":{"nome":"","tipo":"stream"},"geometry":{"type":"LineString","coordinates":[[-55.68,-22.5666],[-55.6776,-22.5681],[-55.6766,-22.5701]]}},{"type":"Feature","properties":{"nome":"","tipo":"stream"},"geometry":{"type":"LineString","coordinates":[[-55.6863,-22.5695],[-55.6859,-22.5706],[-55.685,-22.5707],[-55.6833,-22.572]]}},{"type":"Feature","properties":{"nome":"Córrego Ipeguajó","tipo":"stream"},"geometry":{"type":"LineString","coordinates":[[-55.7322,-22.4565],[-55.7305,-22.4592],[-55.7261,-22.4635],[-55.7252,-22.4691],[-55.7259,-22.4736],[-55.7222,-22.4745],[-55.7178,-22.4767],[-55.7132,-22.478],[-55.7099,-22.4805],[-55.7086,-22.4824],[-55.7086,-22.4834],[-55.7079,-22.4847],[-55.7062,-22.4863],[-55.7058,-22.4879],[-55.7044,-22.489],[-55.7049,-22.491],[-55.7037,-22.4924],[-55.7042,-22.4936],[-55.7035,-22.4948]]}},{"type":"Feature","properties":{"nome":"Córrego Ipeguajó","tipo":"stream"},"geometry":{"type":"LineString","coordinates":[[-55.7034,-22.495],[-55.7032,-22.4952]]}},{"type":"Feature","properties":{"nome":"Rio São João","tipo":"river"},"geometry":{"type":"LineString","coordinates":[[-55.7075,-22.508],[-55.7048,-22.5066],[-55.704,-22.5053],[-55.7029,-22.5052],[-55.7026,-22.5044],[-55.7013,-22.5045],[-55.7,-22.5026]]}},{"type":"Feature","properties":{"nome":"","tipo":"stream"},"geometry":{"type":"LineString","coordinates":[[-55.7576,-22.4668],[-55.7599,-22.4656],[-55.7628,-22.4629],[-55.7658,-22.461],[-55.7682,-22.4611],[-55.7711,-22.4624],[-55.7743,-22.4623],[-55.7752,-22.4628]]}},{"type":"Feature","properties":{"nome":"Córrego Potreirinho","tipo":"stream"},"geometry":{"type":"LineString","coordinates":[[-55.5777,-22.619],[-55.5775,-22.6167],[-55.5761,-22.6136],[-55.568,-22.6052],[-55.5676,-22.6014],[-55.568,-22.5976],[-55.5675,-22.5957],[-55.5678,-22.5943],[-55.5664,-22.592],[-55.5664,-22.5907],[-55.5654,-22.5896],[-55.5635,-22.5887],[-55.5602,-22.5887],[-55.558,-22.5881],[-55.5568,-22.5871],[-55.5531,-22.582],[-55.5509,-22.5798],[-55.5501,-22.5723],[-55.5476,-22.5685],[-55.5467,-22.5653]]}},{"type":"Feature","properties":{"nome":"Córrego Carambola","tipo":"stream"},"geometry":{"type":"LineString","coordinates":[[-55.6128,-22.6169],[-55.609,-22.6147],[-55.6087,-22.6127],[-55.6091,-22.6114],[-55.6076,-22.6087],[-55.6073,-22.6056],[-55.6051,-22.6034],[-55.6011,-22.5963],[-55.5985,-22.5938],[-55.5944,-22.5847],[-55.5909,-22.5788],[-55.5876,-22.5764],[-55.5846,-22.5719],[-55.5823,-22.5698],[-55.5708,-22.5664],[-55.5696,-22.5648],[-55.5672,-22.5628],[-55.5647,-22.5577],[-55.5622,-22.5562],[-55.5609,-22.5539],[-55.5597,-22.5527],[-55.5581,-22.5518],[-55.5533,-22.551],[-55.5508,-22.5512],[-55.5489,-22.5505],[-55.5467,-22.5476]]}},{"type":"Feature","properties":{"nome":"","tipo":"stream"},"geometry":{"type":"LineString","coordinates":[[-55.576,-22.5361],[-55.5776,-22.5284],[-55.5775,-22.5233],[-55.5788,-22.5195],[-55.5791,-22.5173],[-55.5783,-22.5159],[-55.5759,-22.5142],[-55.575,-22.5126]]}},{"type":"Feature","properties":{"nome":"","tipo":"stream"},"geometry":{"type":"LineString","coordinates":[[-55.6556,-22.546],[-55.6572,-22.5443],[-55.6577,-22.5432],[-55.6575,-22.5387],[-55.6588,-22.5357],[-55.6589,-22.5345],[-55.662,-22.5295],[-55.6627,-22.5274]]}},{"type":"Feature","properties":{"nome":"","tipo":"stream"},"geometry":{"type":"LineString","coordinates":[[-55.6797,-22.4982],[-55.6794,-22.5004],[-55.6786,-22.5012],[-55.6792,-22.5041],[-55.6786,-22.5072]]}},{"type":"Feature","properties":{"nome":"","tipo":"stream"},"geometry":{"type":"LineString","coordinates":[[-55.6984,-22.517],[-55.6952,-22.5151],[-55.6959,-22.5059]]}},{"type":"Feature","properties":{"nome":"","tipo":"stream"},"geometry":{"type":"LineString","coordinates":[[-55.5689,-22.6315],[-55.5694,-22.6366],[-55.5683,-22.6383],[-55.5679,-22.6409],[-55.5674,-22.6407],[-55.5673,-22.6398],[-55.5667,-22.6398],[-55.5667,-22.6404],[-55.5677,-22.6422],[-55.5702,-22.6444],[-55.57,-22.6447],[-55.569,-22.6445],[-55.5681,-22.6449],[-55.5695,-22.6467],[-55.5672,-22.65],[-55.5682,-22.6619],[-55.5671,-22.6639]]}},{"type":"Feature","properties":{"nome":"","tipo":"stream"},"geometry":{"type":"LineString","coordinates":[[-55.6064,-22.6221],[-55.6049,-22.6233],[-55.6011,-22.6246],[-55.5925,-22.6297],[-55.5907,-22.638],[-55.5895,-22.6393],[-55.5892,-22.6461]]}},{"type":"Feature","properties":{"nome":"","tipo":"stream"},"geometry":{"type":"LineString","coordinates":[[-55.5844,-22.6895],[-55.5794,-22.6871],[-55.5748,-22.6867],[-55.5726,-22.6806],[-55.5708,-22.6781],[-55.5697,-22.6775],[-55.5693,-22.6763],[-55.5697,-22.6754],[-55.5678,-22.6707],[-55.5663,-22.6684],[-55.565,-22.6645]]}},{"type":"Feature","properties":{"nome":"","tipo":"stream"},"geometry":{"type":"LineString","coordinates":[[-55.6086,-22.6645],[-55.6082,-22.6637],[-55.6068,-22.6633],[-55.6041,-22.6637],[-55.6001,-22.666],[-55.5968,-22.6688]]}},{"type":"Feature","properties":{"nome":"","tipo":"dam"},"geometry":{"type":"LineString","coordinates":[[-55.6085,-22.6644],[-55.6084,-22.6637],[-55.6085,-22.6628],[-55.6085,-22.6644]]}},{"type":"Feature","properties":{"nome":"","tipo":"weir"},"geometry":{"type":"LineString","coordinates":[[-55.6088,-22.6645],[-55.6085,-22.6643]]}},{"type":"Feature","properties":{"nome":"","tipo":"weir"},"geometry":{"type":"LineString","coordinates":[[-55.6008,-22.6741],[-55.601,-22.6743]]}},{"type":"Feature","properties":{"nome":"","tipo":"dam"},"geometry":{"type":"LineString","coordinates":[[-55.6019,-22.673],[-55.6014,-22.6731],[-55.6009,-22.6741],[-55.6019,-22.673]]}},{"type":"Feature","properties":{"nome":"","tipo":"stream"},"geometry":{"type":"LineString","coordinates":[[-55.614,-22.677],[-55.6129,-22.6765],[-55.6117,-22.677],[-55.6049,-22.6763],[-55.6033,-22.6756],[-55.6021,-22.6741],[-55.5997,-22.6738],[-55.5999,-22.6724],[-55.5984,-22.6711],[-55.5968,-22.6688],[-55.5927,-22.6671],[-55.5927,-22.6664],[-55.5899,-22.6644],[-55.5816,-22.6623],[-55.5768,-22.6599]]}},{"type":"Feature","properties":{"nome":"Guamibé","tipo":"stream"},"geometry":{"type":"LineString","coordinates":[[-55.6001,-22.6445],[-55.5978,-22.6449],[-55.5939,-22.6466],[-55.5895,-22.6459],[-55.5888,-22.6465],[-55.5884,-22.648],[-55.5865,-22.65],[-55.5835,-22.6516],[-55.5809,-22.6542],[-55.5792,-22.6578],[-55.5779,-22.6586],[-55.5781,-22.6592],[-55.573,-22.6623],[-55.5711,-22.6613],[-55.5682,-22.6619]]}},{"type":"Feature","properties":{"nome":"Córrego Campo Flor","tipo":"stream"},"geometry":{"type":"LineString","coordinates":[[-55.5834,-22.7845],[-55.5757,-22.794]]}},{"type":"Feature","properties":{"nome":"","tipo":"stream"},"geometry":{"type":"LineString","coordinates":[[-55.5713,-22.5949],[-55.571,-22.5949]]}},{"type":"Feature","properties":{"nome":"","tipo":"stream"},"geometry":{"type":"LineString","coordinates":[[-55.571,-22.5949],[-55.5678,-22.5943]]}},{"type":"Feature","properties":{"nome":"","tipo":"stream"},"geometry":{"type":"LineString","coordinates":[[-55.5754,-22.5955],[-55.575,-22.5953]]}},{"type":"Feature","properties":{"nome":"","tipo":"stream"},"geometry":{"type":"LineString","coordinates":[[-55.575,-22.5953],[-55.5739,-22.5948],[-55.5713,-22.5949]]}},{"type":"Feature","properties":{"nome":"","tipo":"stream"},"geometry":{"type":"LineString","coordinates":[[-55.5896,-22.6065],[-55.5878,-22.604],[-55.5754,-22.5955]]}},{"type":"Feature","properties":{"nome":"","tipo":"stream"},"geometry":{"type":"LineString","coordinates":[[-55.5895,-22.6084],[-55.59,-22.6077],[-55.5897,-22.6066]]}},{"type":"Feature","properties":{"nome":"","tipo":"stream"},"geometry":{"type":"LineString","coordinates":[[-55.5897,-22.6066],[-55.5896,-22.6065]]}},{"type":"Feature","properties":{"nome":"","tipo":"stream"},"geometry":{"type":"LineString","coordinates":[[-55.6477,-22.7863],[-55.6491,-22.7862],[-55.6535,-22.7825],[-55.6537,-22.7811],[-55.6523,-22.7742],[-55.6527,-22.7725],[-55.655,-22.7688],[-55.657,-22.7669],[-55.6583,-22.7671],[-55.6592,-22.7661],[-55.6589,-22.7656],[-55.6608,-22.7651],[-55.6612,-22.7646],[-55.6628,-22.7642],[-55.6638,-22.7634],[-55.6656,-22.7634],[-55.6662,-22.7623],[-55.6681,-22.7613],[-55.6689,-22.7606],[-55.6697,-22.7565],[-55.6713,-22.7548],[-55.6709,-22.754],[-55.6722,-22.754],[-55.6732,-22.7512],[-55.674,-22.7504],[-55.6738,-22.7491],[-55.6744,-22.7491],[-55.6739,-22.7468],[-55.6774,-22.746],[-55.6776,-22.7464],[-55.6785,-22.7457],[-55.6776,-22.7436],[-55.6783,-22.7425],[-55.6781,-22.7412],[-55.6792,-22.7401],[-55.6777,-22.7381],[-55.678,-22.7374],[-55.6773,-22.7375],[-55.6773,-22.7367],[-55.6796,-22.7352],[-55.6795,-22.7345],[-55.6801,-22.7336],[-55.6843,-22.7336],[-55.688,-22.7313],[-55.6909,-22.731],[-55.6912,-22.7305],[-55.6921,-22.7303],[-55.6929,-22.7289],[-55.6927,-22.7277],[-55.6941,-22.7267],[-55.6943,-22.7259],[-55.6956,-22.7257],[-55.6955,-22.7265],[-55.696,-22.7267],[-55.6969,-22.7253],[-55.6997,-22.7249],[-55.7004,-22.7232],[-55.7014,-22.7226],[-55.7025,-22.7231],[-55.7027,-22.7224],[-55.7032,-22.7222],[-55.703,-22.7217],[-55.7045,-22.7216],[-55.7043,-22.7209],[-55.7053,-22.7203],[-55.7059,-22.7189],[-55.7072,-22.7189],[-55.7071,-22.7199],[-55.7078,-22.7199],[-55.7076,-22.7195],[-55.7085,-22.7188],[-55.7081,-22.7183],[-55.7094,-22.7168],[-55.711,-22.718],[-55.7123,-22.7163],[-55.7131,-22.7159],[-55.714,-22.7171],[-55.7161,-22.7176],[-55.7173,-22.7171],[-55.7177,-22.7175],[-55.7183,-22.7173],[-55.7188,-22.718],[-55.7201,-22.7186],[-55.7227,-22.7174],[-55.7235,-22.7179],[-55.7233,-22.7186],[-55.7237,-22.7186],[-55.7239,-22.7191],[-55.7242,-22.7189],[-55.7249,-22.7194],[-55.7261,-22.7182],[-55.7269,-22.7185],[-55.7277,-22.7177],[-55.7278,-22.7185],[-55.7286,-22.7177]]}},{"type":"Feature","properties":{"nome":"Córrego Ponta Porã","tipo":"stream"},"geometry":{"type":"LineString","coordinates":[[-55.7154,-22.5218],[-55.7147,-22.5212],[-55.7149,-22.5197],[-55.7135,-22.5168]]}},{"type":"Feature","properties":{"nome":"","tipo":"stream"},"geometry":{"type":"LineString","coordinates":[[-55.7248,-22.4196],[-55.7237,-22.4211],[-55.7224,-22.4216],[-55.7218,-22.4228],[-55.7181,-22.4253],[-55.7179,-22.4295],[-55.7173,-22.4309]]}},{"type":"Feature","properties":{"nome":"Córrego do Meco","tipo":"stream"},"geometry":{"type":"LineString","coordinates":[[-55.7209,-22.4501],[-55.7186,-22.4478],[-55.7131,-22.4469],[-55.7098,-22.4443],[-55.7086,-22.4395],[-55.7068,-22.4378],[-55.7042,-22.4303]]}},{"type":"Feature","properties":{"nome":"Rio Itá","tipo":"river"},"geometry":{"type":"LineString","coordinates":[[-55.6971,-22.4276],[-55.6946,-22.4285],[-55.6956,-22.43],[-55.6927,-22.4314],[-55.6912,-22.4311],[-55.6899,-22.4314],[-55.6869,-22.4306],[-55.6863,-22.4309],[-55.6858,-22.4298],[-55.6838,-22.4311],[-55.6816,-22.43],[-55.6762,-22.4309],[-55.672,-22.43],[-55.6708,-22.4303],[-55.6698,-22.4313],[-55.6682,-22.4316],[-55.6647,-22.4312],[-55.6636,-22.4323],[-55.6629,-22.4342],[-55.6586,-22.4382],[-55.6589,-22.4397],[-55.6586,-22.4403],[-55.6556,-22.4407],[-55.6544,-22.4403],[-55.6528,-22.4413],[-55.651,-22.4404],[-55.6514,-22.4413],[-55.651,-22.4415],[-55.6489,-22.4399],[-55.6443,-22.4392],[-55.6427,-22.4374],[-55.6402,-22.4373],[-55.6405,-22.4361],[-55.64,-22.4352],[-55.6384,-22.4349],[-55.6331,-22.4359],[-55.6323,-22.4354],[-55.6323,-22.434],[-55.6316,-22.4336],[-55.6279,-22.435],[-55.6261,-22.4349],[-55.6241,-22.4362],[-55.6212,-22.4356],[-55.6205,-22.4366],[-55.6164,-22.4367],[-55.6156,-22.4373],[-55.616,-22.4394],[-55.6149,-22.4396],[-55.6146,-22.4394],[-55.6155,-22.4389],[-55.615,-22.4384],[-55.6128,-22.4376],[-55.6123,-22.4373],[-55.6125,-22.4367],[-55.6109,-22.4358],[-55.6084,-22.4359],[-55.6058,-22.4351],[-55.6034,-22.436],[-55.6038,-22.4341],[-55.6006,-22.4355],[-55.5998,-22.4332],[-55.5993,-22.4337],[-55.5989,-22.4333],[-55.5999,-22.432],[-55.5988,-22.4317],[-55.5988,-22.4303],[-55.5979,-22.4296],[-55.595,-22.4293],[-55.5931,-22.4267],[-55.5903,-22.4269],[-55.5898,-22.4257],[-55.5878,-22.4256],[-55.5876,-22.4246],[-55.5857,-22.4227],[-55.586,-22.4209],[-55.585,-22.421],[-55.5828,-22.4191],[-55.5816,-22.4193],[-55.5796,-22.4176],[-55.5769,-22.4189],[-55.5761,-22.4187],[-55.576,-22.4182],[-55.577,-22.4184],[-55.5776,-22.4172],[-55.5744,-22.4166],[-55.5747,-22.4151],[-55.5711,-22.4126],[-55.5699,-22.4125],[-55.5667,-22.41],[-55.566,-22.4101],[-55.5643,-22.4116],[-55.5592,-22.4096],[-55.5557,-22.4093],[-55.555,-22.4096],[-55.5555,-22.4074],[-55.554,-22.4078],[-55.5538,-22.4104],[-55.5534,-22.4107],[-55.5471,-22.4083],[-55.5458,-22.4104],[-55.5448,-22.4105],[-55.5439,-22.41],[-55.5437,-22.4081],[-55.5412,-22.4059],[-55.5402,-22.4067],[-55.5403,-22.4103],[-55.5386,-22.4105],[-55.5368,-22.4105],[-55.5338,-22.4084],[-55.5282,-22.41],[-55.5272,-22.4093],[-55.5214,-22.4077],[-55.5194,-22.4104],[-55.5177,-22.4083],[-55.5164,-22.4084],[-55.5159,-22.4078],[-55.5156,-22.4083],[-55.5142,-22.4081],[-55.5148,-22.4099],[-55.5173,-22.4107],[-55.5175,-22.4132],[-55.5166,-22.4134],[-55.516,-22.412],[-55.5141,-22.4111],[-55.513,-22.4134],[-55.5106,-22.4142],[-55.5099,-22.4158],[-55.5106,-22.4179],[-55.5096,-22.4186],[-55.5091,-22.4172],[-55.5084,-22.4183],[-55.5091,-22.419],[-55.5124,-22.4203],[-55.5121,-22.4226],[-55.5071,-22.4261],[-55.5056,-22.426],[-55.5059,-22.4245],[-55.5053,-22.4238],[-55.5048,-22.4241],[-55.5044,-22.4256],[-55.5037,-22.4256],[-55.5041,-22.4266],[-55.5027,-22.427],[-55.5021,-22.4255],[-55.5033,-22.4247],[-55.503,-22.4234],[-55.5025,-22.4232],[-55.5012,-22.4242],[-55.4998,-22.4245],[-55.4983,-22.4224],[-55.4992,-22.4221],[-55.5005,-22.4225],[-55.5007,-22.4218],[-55.5005,-22.4213],[-55.4988,-22.4211],[-55.4952,-22.4222],[-55.4941,-22.4249],[-55.4922,-22.4238],[-55.4922,-22.4254],[-55.4912,-22.4255],[-55.4905,-22.4248],[-55.4909,-22.4234],[-55.4897,-22.4221],[-55.4889,-22.4225],[-55.4885,-22.4236],[-55.4861,-22.4237],[-55.4849,-22.4209],[-55.4837,-22.4205],[-55.4844,-22.4197],[-55.4835,-22.4198],[-55.4831,-22.4191],[-55.4805,-22.4194],[-55.4806,-22.4187],[-55.4789,-22.4192],[-55.4772,-22.4227],[-55.4771,-22.4222],[-55.4742,-22.4213],[-55.4736,-22.4207],[-55.4712,-22.4206],[-55.4714,-22.4238],[-55.4716,-22.4244],[-55.4724,-22.4243],[-55.4727,-22.425],[-55.4723,-22.4257],[-55.4711,-22.4254],[-55.4706,-22.426],[-55.4689,-22.4254]]}},{"type":"Feature","properties":{"nome":"Córrego São Jerônimo","tipo":"stream"},"geometry":{"type":"LineString","coordinates":[[-55.7343,-22.3779],[-55.7358,-22.3806],[-55.735,-22.3826]]}},{"type":"Feature","properties":{"nome":"Córrego Aquidaban","tipo":"stream"},"geometry":{"type":"LineString","coordinates":[[-55.7322,-22.447],[-55.731,-22.4465],[-55.7301,-22.4448],[-55.7263,-22.4438],[-55.7262,-22.4366],[-55.725,-22.4359],[-55.7254,-22.4349],[-55.7233,-22.4348],[-55.7228,-22.4334],[-55.7202,-22.4314],[-55.7186,-22.4308],[-55.712,-22.4316],[-55.7116,-22.4313],[-55.7115,-22.4318],[-55.7104,-22.4321],[-55.7068,-22.432],[-55.7056,-22.4308],[-55.6971,-22.4276]]}},{"type":"Feature","properties":{"nome":"","tipo":"stream"},"geometry":{"type":"LineString","coordinates":[[-55.616,-22.5158],[-55.616,-22.5158]]}},{"type":"Feature","properties":{"nome":"","tipo":"stream"},"geometry":{"type":"LineString","coordinates":[[-55.6193,-22.5168],[-55.6187,-22.5161],[-55.616,-22.5158]]}},{"type":"Feature","properties":{"nome":"","tipo":"stream"},"geometry":{"type":"LineString","coordinates":[[-55.6203,-22.5186],[-55.6193,-22.5168]]}},{"type":"Feature","properties":{"nome":"","tipo":"stream"},"geometry":{"type":"LineString","coordinates":[[-55.6191,-22.5203],[-55.619,-22.5198],[-55.6203,-22.5186]]}},{"type":"Feature","properties":{"nome":"","tipo":"stream"},"geometry":{"type":"LineString","coordinates":[[-55.6192,-22.5204],[-55.6191,-22.5203]]}},{"type":"Feature","properties":{"nome":"","tipo":"stream"},"geometry":{"type":"LineString","coordinates":[[-55.6207,-22.5239],[-55.6208,-22.5212],[-55.6192,-22.5204]]}},{"type":"Feature","properties":{"nome":"","tipo":"stream"},"geometry":{"type":"LineString","coordinates":[[-55.616,-22.5158],[-55.6143,-22.5171],[-55.6125,-22.5152],[-55.612,-22.5136],[-55.6111,-22.5132]]}},{"type":"Feature","properties":{"nome":"","tipo":"weir"},"geometry":{"type":"LineString","coordinates":[[-55.6214,-22.5203],[-55.6208,-22.5203]]}},{"type":"Feature","properties":{"nome":"Córrego Bálsamo","tipo":"stream"},"geometry":{"type":"LineString","coordinates":[[-55.6626,-22.4751],[-55.6619,-22.4719],[-55.6599,-22.4706],[-55.6534,-22.4692],[-55.652,-22.4683],[-55.6494,-22.469],[-55.6433,-22.4686],[-55.6386,-22.4655],[-55.6365,-22.4651],[-55.6325,-22.4595],[-55.6293,-22.4579],[-55.6241,-22.4532],[-55.621,-22.4478],[-55.6166,-22.4438],[-55.6148,-22.4409],[-55.6146,-22.4394]]}},{"type":"Feature","properties":{"nome":"Córrego Rauoni","tipo":"stream"},"geometry":{"type":"LineString","coordinates":[[-55.7048,-22.4568],[-55.7027,-22.4581],[-55.7003,-22.4582],[-55.6998,-22.4591],[-55.6988,-22.4585],[-55.6981,-22.4593],[-55.6973,-22.4591],[-55.6972,-22.4598],[-55.6961,-22.4595],[-55.6953,-22.4598]]}},{"type":"Feature","properties":{"nome":"Córrego Rauoni","tipo":"stream"},"geometry":{"type":"LineString","coordinates":[[-55.7041,-22.4641],[-55.7007,-22.4643],[-55.6987,-22.4634],[-55.6979,-22.4637],[-55.6969,-22.4629],[-55.697,-22.4624],[-55.6958,-22.4618],[-55.6963,-22.4614],[-55.6957,-22.4611],[-55.6953,-22.4598],[-55.6937,-22.4602],[-55.6882,-22.4599],[-55.6829,-22.4576],[-55.6777,-22.4537],[-55.6755,-22.4507],[-55.6726,-22.449],[-55.6702,-22.4466],[-55.6682,-22.4452],[-55.6627,-22.4427],[-55.6617,-22.4412],[-55.6586,-22.4403]]}},{"type":"Feature","properties":{"nome":"","tipo":"dam"},"geometry":{"type":"LineString","coordinates":[[-55.6979,-22.4636],[-55.698,-22.4635],[-55.6987,-22.4628],[-55.698,-22.4636],[-55.6979,-22.4636]]}},{"type":"Feature","properties":{"nome":"Córrego São Pedro","tipo":"stream"},"geometry":{"type":"LineString","coordinates":[[-55.6016,-22.473],[-55.6003,-22.4733],[-55.599,-22.4729],[-55.596,-22.4742],[-55.5948,-22.4732],[-55.5896,-22.4739],[-55.5851,-22.4763],[-55.5837,-22.4778],[-55.5828,-22.4781],[-55.5817,-22.4777],[-55.5796,-22.4787],[-55.5786,-22.4783],[-55.5762,-22.4789],[-55.5739,-22.4784],[-55.5665,-22.479],[-55.5638,-22.4779],[-55.5616,-22.4764],[-55.559,-22.4761],[-55.5466,-22.4807],[-55.5385,-22.4823],[-55.536,-22.4816],[-55.5337,-22.4801],[-55.5296,-22.4798],[-55.5246,-22.4788],[-55.5244,-22.4779],[-55.5251,-22.4772],[-55.525,-22.4764]]}},{"type":"Feature","properties":{"nome":"","tipo":"dam"},"geometry":{"type":"LineString","coordinates":[[-55.6915,-22.5507],[-55.6918,-22.5503],[-55.692,-22.5504],[-55.6917,-22.5505],[-55.6915,-22.5507]]}},{"type":"Feature","properties":{"nome":"","tipo":"dam"},"geometry":{"type":"LineString","coordinates":[[-55.6406,-22.4191],[-55.6403,-22.4197],[-55.6402,-22.4198],[-55.6397,-22.4197],[-55.6406,-22.4191]]}},{"type":"Feature","properties":{"nome":"Córrego Boa Vista","tipo":"stream"},"geometry":{"type":"LineString","coordinates":[[-55.639,-22.4182],[-55.6401,-22.4193],[-55.642,-22.4199],[-55.6429,-22.4211],[-55.6474,-22.4229]]}},{"type":"Feature","properties":{"nome":"Córrego Boa Vista","tipo":"stream"},"geometry":{"type":"LineString","coordinates":[[-55.6777,-22.3946],[-55.6687,-22.4025],[-55.6626,-22.4063],[-55.6582,-22.4108],[-55.6556,-22.4127],[-55.6494,-22.4191],[-55.6478,-22.4219],[-55.6469,-22.4246],[-55.6446,-22.4273],[-55.6438,-22.432],[-55.643,-22.4339],[-55.6409,-22.4352],[-55.64,-22.4352]]}},{"type":"Feature","properties":{"nome":"","tipo":"stream"},"geometry":{"type":"LineString","coordinates":[[-55.6746,-22.5838],[-55.6734,-22.5833],[-55.6738,-22.5779],[-55.673,-22.5718],[-55.6735,-22.5708],[-55.673,-22.5707],[-55.673,-22.57]]}},{"type":"Feature","properties":{"nome":"Córrego São João 1º","tipo":"stream"},"geometry":{"type":"LineString","coordinates":[[-55.648,-22.3994],[-55.6466,-22.3997],[-55.6435,-22.3987],[-55.6413,-22.3996],[-55.6398,-22.3996],[-55.6369,-22.3983],[-55.6355,-22.3969],[-55.6287,-22.394],[-55.6231,-22.393],[-55.6187,-22.3933],[-55.616,-22.3925],[-55.6135,-22.3927],[-55.6087,-22.3939],[-55.6055,-22.3941],[-55.6033,-22.3949],[-55.5996,-22.3988],[-55.5971,-22.3991],[-55.5941,-22.4008],[-55.5848,-22.4017],[-55.5818,-22.4004],[-55.5781,-22.4009],[-55.5743,-22.4032],[-55.5694,-22.4099],[-55.5691,-22.411],[-55.5683,-22.4111]]}},{"type":"Feature","properties":{"nome":"Córrego São João 1º","tipo":"stream"},"geometry":{"type":"LineString","coordinates":[[-55.6234,-22.3758],[-55.6202,-22.3761],[-55.6177,-22.3787],[-55.6161,-22.3796],[-55.6145,-22.382],[-55.6115,-22.3834],[-55.6105,-22.3855],[-55.6105,-22.3872],[-55.6094,-22.391],[-55.6073,-22.3939]]}},{"type":"Feature","properties":{"nome":"Córrego São José","tipo":"stream"},"geometry":{"type":"LineString","coordinates":[[-55.6313,-22.4078],[-55.63,-22.4106],[-55.63,-22.4118],[-55.6279,-22.4145],[-55.6247,-22.4156],[-55.6191,-22.4157],[-55.6179,-22.4166],[-55.6167,-22.4194],[-55.617,-22.4214],[-55.6167,-22.4224],[-55.6108,-22.4236],[-55.6056,-22.4269],[-55.6041,-22.427],[-55.5974,-22.4296]]}},{"type":"Feature","properties":{"nome":"Córrego Ipeguajó","tipo":"stream"},"geometry":{"type":"LineString","coordinates":[[-55.7035,-22.4948],[-55.7034,-22.495]]}},{"type":"Feature","properties":{"nome":"Corrego São Tomaz","tipo":"stream"},"geometry":{"type":"LineString","coordinates":[[-55.6962,-22.5537],[-55.6934,-22.552]]}},{"type":"Feature","properties":{"nome":"Corrego São Tomaz","tipo":"stream"},"geometry":{"type":"LineString","coordinates":[[-55.6977,-22.5548],[-55.6962,-22.5537]]}},{"type":"Feature","properties":{"nome":"Córrego Geovaí","tipo":"stream"},"geometry":{"type":"LineString","coordinates":[[-55.6328,-22.5755],[-55.63,-22.5715],[-55.6291,-22.5663],[-55.6267,-22.5594],[-55.6222,-22.5581],[-55.6215,-22.5567],[-55.6186,-22.5554],[-55.6181,-22.5545],[-55.6191,-22.5535],[-55.6183,-22.5522],[-55.6188,-22.5515],[-55.6186,-22.5503],[-55.6172,-22.5492],[-55.6145,-22.548],[-55.6131,-22.5463],[-55.6122,-22.5463],[-55.6115,-22.5458],[-55.6103,-22.5464],[-55.6082,-22.5448],[-55.6073,-22.5456]]}},{"type":"Feature","properties":{"nome":"Rio São João","tipo":"river"},"geometry":{"type":"LineString","coordinates":[[-55.5869,-22.5129],[-55.5845,-22.5108],[-55.5831,-22.5131],[-55.5812,-22.514],[-55.5769,-22.5123],[-55.5756,-22.5128],[-55.5731,-22.512],[-55.573,-22.5127],[-55.5723,-22.5121],[-55.5715,-22.5125],[-55.5701,-22.5124],[-55.5683,-22.5138],[-55.5673,-22.5134],[-55.567,-22.5106],[-55.5653,-22.5111],[-55.5649,-22.5117],[-55.5643,-22.5115]]}},{"type":"Feature","properties":{"nome":"","tipo":"stream"},"geometry":{"type":"LineString","coordinates":[[-55.5743,-22.3864],[-55.5735,-22.3881],[-55.5735,-22.3906],[-55.5729,-22.3919],[-55.5699,-22.3959],[-55.5671,-22.3985],[-55.565,-22.4024],[-55.5634,-22.4043],[-55.5631,-22.406],[-55.561,-22.4101],[-55.5603,-22.4103]]}},{"type":"Feature","properties":{"nome":"","tipo":"stream"},"geometry":{"type":"LineString","coordinates":[[-55.5769,-22.3507],[-55.5785,-22.3513],[-55.5795,-22.356],[-55.5778,-22.3579],[-55.5747,-22.3598],[-55.5731,-22.3631],[-55.5749,-22.3672],[-55.5751,-22.3698],[-55.5745,-22.3719],[-55.5725,-22.3751],[-55.5733,-22.3783],[-55.5743,-22.3864]]}},{"type":"Feature","properties":{"nome":"","tipo":"stream"},"geometry":{"type":"LineString","coordinates":[[-55.6013,-22.3733],[-55.5979,-22.376],[-55.5893,-22.3769],[-55.5837,-22.3803],[-55.5794,-22.384],[-55.5743,-22.3864]]}},{"type":"Feature","properties":{"nome":"","tipo":"stream"},"geometry":{"type":"LineString","coordinates":[[-55.6379,-22.3834],[-55.6364,-22.3887],[-55.634,-22.3907],[-55.6274,-22.3937]]}},{"type":"Feature","properties":{"nome":"Córrego do Retiro","tipo":"stream"},"geometry":{"type":"LineString","coordinates":[[-55.677,-22.3862],[-55.6762,-22.3862],[-55.6768,-22.3852],[-55.6757,-22.3849],[-55.6754,-22.3841],[-55.6768,-22.3831],[-55.6751,-22.3835],[-55.676,-22.3824],[-55.6757,-22.381],[-55.6734,-22.379],[-55.6714,-22.3788],[-55.671,-22.3777],[-55.6665,-22.3738],[-55.6652,-22.3734],[-55.6596,-22.3738],[-55.6583,-22.3731],[-55.6584,-22.3707],[-55.6569,-22.37],[-55.6587,-22.3689],[-55.6582,-22.3683],[-55.6588,-22.3667],[-55.6569,-22.3622],[-55.6566,-22.3591],[-55.6548,-22.3562],[-55.6505,-22.3551],[-55.6506,-22.354],[-55.651,-22.3535],[-55.6519,-22.3538],[-55.6522,-22.353],[-55.6516,-22.3521],[-55.6489,-22.3502],[-55.6455,-22.3464],[-55.6445,-22.3428],[-55.6444,-22.3388],[-55.6437,-22.3372],[-55.6397,-22.336],[-55.6386,-22.3352],[-55.6384,-22.3344],[-55.6375,-22.3348],[-55.637,-22.3338],[-55.6362,-22.3349],[-55.6358,-22.3334],[-55.6352,-22.3335],[-55.6353,-22.3328],[-55.6349,-22.3331],[-55.6314,-22.3307],[-55.6305,-22.3273],[-55.6307,-22.3263],[-55.6318,-22.3255],[-55.6321,-22.3239],[-55.6314,-22.3232],[-55.6322,-22.3223],[-55.6289,-22.3206],[-55.6287,-22.3196],[-55.6274,-22.3189],[-55.6267,-22.3175],[-55.6266,-22.3162],[-55.6252,-22.3154],[-55.6251,-22.3145],[-55.6234,-22.3141],[-55.6232,-22.3128],[-55.6221,-22.312],[-55.6214,-22.3097],[-55.62,-22.309],[-55.6196,-22.3077],[-55.6179,-22.3066],[-55.6159,-22.3041],[-55.6148,-22.301],[-55.6131,-22.3008]]}},{"type":"Feature","properties":{"nome":"Rio Lajeado","tipo":"river"},"geometry":{"type":"LineString","coordinates":[[-55.5841,-22.2958],[-55.5832,-22.2952],[-55.5818,-22.2959],[-55.5803,-22.2955],[-55.5781,-22.2934],[-55.5771,-22.2911],[-55.5771,-22.2899],[-55.5784,-22.289],[-55.5783,-22.2872],[-55.5731,-22.2861],[-55.5721,-22.2847],[-55.5706,-22.2848],[-55.5702,-22.2855],[-55.5699,-22.2864],[-55.5708,-22.2863],[-55.5711,-22.2871],[-55.5697,-22.2869],[-55.5678,-22.2844],[-55.5679,-22.2827],[-55.5661,-22.2816],[-55.5654,-22.2816],[-55.5661,-22.2805],[-55.5631,-22.2811],[-55.5617,-22.2805],[-55.5601,-22.2789],[-55.5598,-22.2795],[-55.5603,-22.2806],[-55.5598,-22.2812],[-55.5583,-22.2804],[-55.558,-22.2806],[-55.5575,-22.2799],[-55.5557,-22.2797],[-55.5549,-22.2787],[-55.5523,-22.2772],[-55.551,-22.2754],[-55.5491,-22.2753],[-55.5468,-22.2758],[-55.5463,-22.2753],[-55.5454,-22.2758],[-55.5423,-22.2731],[-55.5432,-22.2706],[-55.5405,-22.2676],[-55.5399,-22.2667],[-55.5401,-22.2662],[-55.5392,-22.2661],[-55.5399,-22.2652],[-55.5395,-22.2649],[-55.5397,-22.2639],[-55.5386,-22.2632],[-55.539,-22.2619],[-55.538,-22.2612],[-55.5373,-22.2617],[-55.5374,-22.2608],[-55.5361,-22.2607],[-55.5365,-22.2603],[-55.5361,-22.2602],[-55.5362,-22.2597],[-55.5377,-22.2579],[-55.5369,-22.2562],[-55.5358,-22.2554],[-55.5355,-22.2563],[-55.5351,-22.2563],[-55.5332,-22.2538],[-55.5339,-22.2535],[-55.5329,-22.2531],[-55.5333,-22.2522],[-55.5343,-22.2522],[-55.5335,-22.252],[-55.5334,-22.2516],[-55.5345,-22.2513],[-55.534,-22.2504],[-55.5347,-22.2498],[-55.5342,-22.2489],[-55.5331,-22.2486],[-55.5327,-22.2477],[-55.5321,-22.2476],[-55.5328,-22.2463],[-55.5337,-22.2462],[-55.5341,-22.2457],[-55.5331,-22.2456],[-55.5329,-22.2444],[-55.5334,-22.2436],[-55.5329,-22.2421],[-55.5325,-22.2416],[-55.531,-22.2418],[-55.5295,-22.2412],[-55.5322,-22.2398],[-55.5329,-22.2381],[-55.5305,-22.2378],[-55.5289,-22.2382],[-55.5294,-22.2362],[-55.5286,-22.2336],[-55.5288,-22.232],[-55.5276,-22.2302],[-55.5274,-22.231],[-55.5262,-22.2306],[-55.527,-22.2297],[-55.5268,-22.228],[-55.5263,-22.2276],[-55.5254,-22.2278],[-55.5246,-22.2268],[-55.5247,-22.2257],[-55.5264,-22.2246],[-55.5265,-22.2235],[-55.5243,-22.2209],[-55.5241,-22.2199],[-55.5228,-22.2195],[-55.5231,-22.2175],[-55.5223,-22.2156],[-55.5219,-22.2154],[-55.5209,-22.217],[-55.5194,-22.2166],[-55.5187,-22.2173],[-55.52,-22.2197],[-55.5203,-22.222],[-55.5197,-22.2224],[-55.516,-22.2222],[-55.5161,-22.2212],[-55.5178,-22.2211],[-55.518,-22.2206],[-55.5158,-22.2203],[-55.5156,-22.2191],[-55.5135,-22.2195],[-55.5118,-22.2183],[-55.5109,-22.2185],[-55.5096,-22.218],[-55.5094,-22.2161],[-55.5103,-22.2148],[-55.5098,-22.2137],[-55.5105,-22.2124],[-55.51,-22.2118],[-55.5085,-22.2127],[-55.5072,-22.2125],[-55.5066,-22.2141],[-55.5058,-22.2138],[-55.5039,-22.2147],[-55.5017,-22.2141],[-55.5005,-22.2149],[-55.4989,-22.2115],[-55.4982,-22.2114],[-55.497,-22.2119],[-55.496,-22.2111],[-55.4968,-22.2077],[-55.4957,-22.2074],[-55.4959,-22.2049],[-55.4914,-22.2038],[-55.4908,-22.2016],[-55.491,-22.2012],[-55.4921,-22.2014],[-55.4915,-22.1993],[-55.49,-22.2005],[-55.4892,-22.202],[-55.4884,-22.2018],[-55.4881,-22.2025],[-55.488,-22.2015],[-55.4868,-22.2019],[-55.4842,-22.2011],[-55.4828,-22.1984],[-55.4811,-22.1987],[-55.4799,-22.1994],[-55.4811,-22.2008],[-55.4816,-22.2038],[-55.481,-22.204]]}},{"type":"Feature","properties":{"nome":"Córrego São Domingos","tipo":"stream"},"geometry":{"type":"LineString","coordinates":[[-55.7122,-22.3353],[-55.7087,-22.3393],[-55.7072,-22.3399],[-55.7061,-22.3393],[-55.7023,-22.3396],[-55.6995,-22.3409],[-55.6944,-22.3409],[-55.6922,-22.3397],[-55.6898,-22.34],[-55.6874,-22.3394],[-55.6797,-22.3416],[-55.6759,-22.3417],[-55.6748,-22.3426],[-55.6748,-22.341],[-55.6726,-22.3409],[-55.6717,-22.3403],[-55.6718,-22.3384],[-55.6676,-22.3411],[-55.663,-22.342],[-55.6609,-22.3416],[-55.6577,-22.3437],[-55.6543,-22.3449],[-55.6537,-22.344],[-55.651,-22.343],[-55.6506,-22.3434],[-55.6481,-22.3437],[-55.6465,-22.3444],[-55.6448,-22.3439]]}},{"type":"Feature","properties":{"nome":"","tipo":"stream"},"geometry":{"type":"LineString","coordinates":[[-55.7184,-22.3662],[-55.7134,-22.3642],[-55.7061,-22.3638],[-55.7041,-22.3633],[-55.7016,-22.362],[-55.7017,-22.3606],[-55.6996,-22.3605],[-55.6976,-22.3587],[-55.6935,-22.3562],[-55.6907,-22.3557],[-55.6875,-22.3563],[-55.6869,-22.356],[-55.6864,-22.3536],[-55.6835,-22.3512],[-55.682,-22.348],[-55.6806,-22.3464],[-55.6804,-22.3451],[-55.6781,-22.3435],[-55.6782,-22.3421],[-55.6778,-22.3418]]}},{"type":"Feature","properties":{"nome":"","tipo":"dam"},"geometry":{"type":"LineString","coordinates":[[-55.6815,-22.3098],[-55.681,-22.3105],[-55.6809,-22.3105],[-55.6814,-22.3098],[-55.6815,-22.3098]]}},{"type":"Feature","properties":{"nome":"Córrego São Domingos I","tipo":"stream"},"geometry":{"type":"LineString","coordinates":[[-55.6206,-22.3658],[-55.6173,-22.3651],[-55.6132,-22.3625],[-55.6116,-22.3587],[-55.611,-22.3552],[-55.6081,-22.3498],[-55.6016,-22.3444],[-55.6007,-22.343],[-55.5988,-22.3419],[-55.5967,-22.34],[-55.5938,-22.3334],[-55.5943,-22.3293],[-55.5921,-22.3168],[-55.5916,-22.3088],[-55.5904,-22.3047],[-55.5897,-22.3038]]}},{"type":"Feature","properties":{"nome":"Corrego São Tomaz","tipo":"stream"},"geometry":{"type":"LineString","coordinates":[[-55.6934,-22.552],[-55.6915,-22.5506]]}},{"type":"Feature","properties":{"nome":"Corrego São Tomaz","tipo":"stream"},"geometry":{"type":"LineString","coordinates":[[-55.6977,-22.5556],[-55.6978,-22.555]]}},{"type":"Feature","properties":{"nome":"Corrego São Tomaz","tipo":"stream"},"geometry":{"type":"LineString","coordinates":[[-55.6834,-22.5432],[-55.6806,-22.5416]]}},{"type":"Feature","properties":{"nome":"Corrego São Tomaz","tipo":"stream"},"geometry":{"type":"LineString","coordinates":[[-55.6915,-22.5506],[-55.6903,-22.5497],[-55.6894,-22.5477],[-55.6889,-22.5478],[-55.6877,-22.5465]]}},{"type":"Feature","properties":{"nome":"Córrego São João Mirim","tipo":"stream"},"geometry":{"type":"LineString","coordinates":[[-55.7292,-22.5147],[-55.7248,-22.515]]}},{"type":"Feature","properties":{"nome":"Córrego São João Mirim","tipo":"stream"},"geometry":{"type":"LineString","coordinates":[[-55.7171,-22.5125],[-55.7157,-22.5125]]}},{"type":"Feature","properties":{"nome":"Córrego São João Mirim","tipo":"stream"},"geometry":{"type":"LineString","coordinates":[[-55.7157,-22.5125],[-55.7135,-22.5126]]}},{"type":"Feature","properties":{"nome":"Córrego São João Mirim","tipo":"river"},"geometry":{"type":"LineString","coordinates":[[-55.7096,-22.5091],[-55.7075,-22.508]]}},{"type":"Feature","properties":{"nome":"Rio São João","tipo":"river"},"geometry":{"type":"LineString","coordinates":[[-55.7135,-22.5126],[-55.7126,-22.5109],[-55.7117,-22.5107],[-55.7096,-22.5091]]}},{"type":"Feature","properties":{"nome":"Córrego Ponta Porã","tipo":"stream"},"geometry":{"type":"LineString","coordinates":[[-55.7135,-22.5168],[-55.7135,-22.5126]]}},{"type":"Feature","properties":{"nome":"Córrego Ponta Porã","tipo":"stream"},"geometry":{"type":"LineString","coordinates":[[-55.7162,-22.5236],[-55.7154,-22.5218]]}},{"type":"Feature","properties":{"nome":"Córrego Ponta Porã","tipo":"stream"},"geometry":{"type":"LineString","coordinates":[[-55.7179,-22.5255],[-55.7173,-22.5244],[-55.7162,-22.5236]]}},{"type":"Feature","properties":{"nome":"Córrego Ponta Porã","tipo":"stream"},"geometry":{"type":"LineString","coordinates":[[-55.7259,-22.5305],[-55.7243,-22.53],[-55.7209,-22.5277]]}},{"type":"Feature","properties":{"nome":"Córrego Peguajho","tipo":"stream"},"geometry":{"type":"LineString","coordinates":[[-55.7319,-22.495],[-55.7291,-22.4948]]}},{"type":"Feature","properties":{"nome":"Córrego Peguajho","tipo":"stream"},"geometry":{"type":"LineString","coordinates":[[-55.7231,-22.4973],[-55.7229,-22.4974]]}},{"type":"Feature","properties":{"nome":"Córrego Peguajho","tipo":"stream"},"geometry":{"type":"LineString","coordinates":[[-55.7291,-22.4948],[-55.7257,-22.4954]]}},{"type":"Feature","properties":{"nome":"Córrego Peguajho","tipo":"stream"},"geometry":{"type":"LineString","coordinates":[[-55.7334,-22.4953],[-55.7319,-22.495]]}},{"type":"Feature","properties":{"nome":"Córrego Peguajho","tipo":"stream"},"geometry":{"type":"LineString","coordinates":[[-55.74,-22.4925],[-55.7384,-22.4933],[-55.7378,-22.4943]]}},{"type":"Feature","properties":{"nome":"Córrego Peguajho","tipo":"stream"},"geometry":{"type":"LineString","coordinates":[[-55.7378,-22.4943],[-55.7351,-22.495]]}},{"type":"Feature","properties":{"nome":"Córrego Peguajho","tipo":"stream"},"geometry":{"type":"LineString","coordinates":[[-55.7418,-22.4948],[-55.7408,-22.4948]]}},{"type":"Feature","properties":{"nome":"Córrego Lajeado","tipo":"stream"},"geometry":{"type":"LineString","coordinates":[[-55.7089,-22.324],[-55.7082,-22.323],[-55.7059,-22.3218],[-55.7052,-22.3204],[-55.7035,-22.3191],[-55.6968,-22.3164],[-55.6907,-22.3149],[-55.6883,-22.3151],[-55.6829,-22.3129],[-55.679,-22.3067],[-55.6764,-22.3047],[-55.6684,-22.301],[-55.6669,-22.3],[-55.6656,-22.2982],[-55.6612,-22.2957],[-55.6596,-22.2954],[-55.6572,-22.2959],[-55.6574,-22.2946],[-55.6552,-22.2942],[-55.6549,-22.2936],[-55.6531,-22.2937],[-55.6527,-22.2928],[-55.6495,-22.2941],[-55.6489,-22.2939],[-55.6485,-22.2925],[-55.6459,-22.2926],[-55.6451,-22.2923],[-55.6452,-22.2914],[-55.6432,-22.2916],[-55.6414,-22.2923],[-55.6409,-22.2931],[-55.6411,-22.294],[-55.6403,-22.294],[-55.6399,-22.295],[-55.6391,-22.2953],[-55.6384,-22.2949],[-55.6383,-22.2958],[-55.6354,-22.297],[-55.6347,-22.2984],[-55.6339,-22.2983],[-55.633,-22.2993],[-55.6318,-22.2992],[-55.6311,-22.3001],[-55.6267,-22.3006],[-55.6246,-22.2989],[-55.6241,-22.2993],[-55.6231,-22.2985],[-55.6199,-22.298],[-55.6192,-22.2988],[-55.6184,-22.2985],[-55.6162,-22.299],[-55.6115,-22.3014],[-55.6079,-22.3019],[-55.6071,-22.303],[-55.6058,-22.3035],[-55.6053,-22.3033],[-55.6043,-22.301],[-55.6033,-22.3013],[-55.6026,-22.301],[-55.6029,-22.3007],[-55.6013,-22.2997],[-55.601,-22.2985],[-55.5954,-22.3006],[-55.594,-22.3006],[-55.5916,-22.3031],[-55.5906,-22.3029],[-55.5896,-22.304],[-55.5883,-22.3041],[-55.586,-22.302],[-55.5865,-22.3012],[-55.5864,-22.2988],[-55.5854,-22.2973],[-55.5838,-22.2972],[-55.5841,-22.2958]]}},{"type":"Feature","properties":{"nome":"","tipo":"canal"},"geometry":{"type":"LineString","coordinates":[[-56.111,-23.366],[-56.1282,-23.3789]]}},{"type":"Feature","properties":{"nome":"","tipo":"canal"},"geometry":{"type":"LineString","coordinates":[[-56.1282,-23.3789],[-56.1289,-23.3752]]}},{"type":"Feature","properties":{"nome":"","tipo":"canal"},"geometry":{"type":"LineString","coordinates":[[-56.1282,-23.3789],[-56.1493,-23.3641]]}},{"type":"Feature","properties":{"nome":"","tipo":"canal"},"geometry":{"type":"LineString","coordinates":[[-56.1282,-23.3789],[-56.1492,-23.3903]]}},{"type":"Feature","properties":{"nome":"","tipo":"canal"},"geometry":{"type":"LineString","coordinates":[[-56.1282,-23.3789],[-56.1187,-23.3778],[-56.1166,-23.3902]]}},{"type":"Feature","properties":{"nome":"","tipo":"canal"},"geometry":{"type":"LineString","coordinates":[[-56.1024,-23.3913],[-56.0864,-23.3839]]}},{"type":"Feature","properties":{"nome":"","tipo":"canal"},"geometry":{"type":"LineString","coordinates":[[-56.0864,-23.3839],[-56.0922,-23.3831]]}},{"type":"Feature","properties":{"nome":"","tipo":"canal"},"geometry":{"type":"LineString","coordinates":[[-56.0864,-23.3839],[-56.0887,-23.3709]]}},{"type":"Feature","properties":{"nome":"","tipo":"canal"},"geometry":{"type":"LineString","coordinates":[[-56.0887,-23.3709],[-56.089,-23.3696],[-56.0929,-23.3703]]}},{"type":"Feature","properties":{"nome":"","tipo":"canal"},"geometry":{"type":"LineString","coordinates":[[-56.0864,-23.3839],[-56.0795,-23.3817],[-56.0788,-23.3682],[-56.0725,-23.3669]]}},{"type":"Feature","properties":{"nome":"Río Aquidabán","tipo":"river"},"geometry":{"type":"LineString","coordinates":[[-55.9459,-22.5929],[-55.9465,-22.5901]]}},{"type":"Feature","properties":{"nome":"Corrego Geovai","tipo":"stream"},"geometry":{"type":"LineString","coordinates":[[-55.6896,-22.5763],[-55.6879,-22.5775]]}},{"type":"Feature","properties":{"nome":"Corrego Geovai","tipo":"stream"},"geometry":{"type":"LineString","coordinates":[[-55.6863,-22.5775],[-55.6841,-22.5765]]}},{"type":"Feature","properties":{"nome":"","tipo":"drain"},"geometry":{"type":"LineString","coordinates":[[-55.7362,-22.4995],[-55.7361,-22.4995]]}},{"type":"Feature","properties":{"nome":"","tipo":"drain"},"geometry":{"type":"LineString","coordinates":[[-55.7361,-22.4995],[-55.7358,-22.4995]]}},{"type":"Feature","properties":{"nome":"Córrego Peguajho","tipo":"stream"},"geometry":{"type":"LineString","coordinates":[[-55.7351,-22.495],[-55.7334,-22.4953]]}},{"type":"Feature","properties":{"nome":"Córrego Peguajho","tipo":"stream"},"geometry":{"type":"LineString","coordinates":[[-55.7257,-22.4954],[-55.7247,-22.4962]]}},{"type":"Feature","properties":{"nome":"Córrego Peguajho","tipo":"stream"},"geometry":{"type":"LineString","coordinates":[[-55.7247,-22.4962],[-55.7231,-22.4973]]}},{"type":"Feature","properties":{"nome":"","tipo":"stream"},"geometry":{"type":"LineString","coordinates":[[-55.7311,-22.4882],[-55.7313,-22.4908],[-55.7306,-22.4914],[-55.7306,-22.4926],[-55.7298,-22.4938],[-55.7306,-22.4947]]}},{"type":"Feature","properties":{"nome":"Córrego Peguajho","tipo":"stream"},"geometry":{"type":"LineString","coordinates":[[-55.7229,-22.4974],[-55.7194,-22.4978],[-55.7174,-22.4973]]}},{"type":"Feature","properties":{"nome":"","tipo":"stream"},"geometry":{"type":"LineString","coordinates":[[-55.5457,-23.2409],[-55.5467,-23.2412],[-55.5517,-23.2457],[-55.5549,-23.2461],[-55.56,-23.2489],[-55.565,-23.2484],[-55.5708,-23.2461],[-55.5731,-23.2443],[-55.5753,-23.244]]}},{"type":"Feature","properties":{"nome":"","tipo":"stream"},"geometry":{"type":"LineString","coordinates":[[-55.7584,-22.6344],[-55.7598,-22.6341],[-55.7599,-22.6347],[-55.7608,-22.635],[-55.7617,-22.6377],[-55.7611,-22.6393],[-55.7611,-22.6403],[-55.7616,-22.6408],[-55.7613,-22.6433],[-55.7625,-22.6438],[-55.7635,-22.6449],[-55.7638,-22.6464],[-55.7624,-22.6471],[-55.7627,-22.6482],[-55.7621,-22.6504]]}},{"type":"Feature","properties":{"nome":"","tipo":"ditch"},"geometry":{"type":"LineString","coordinates":[[-55.7038,-22.5614],[-55.706,-22.5632]]}},{"type":"Feature","properties":{"nome":"","tipo":"ditch"},"geometry":{"type":"LineString","coordinates":[[-55.7037,-22.5613],[-55.7038,-22.5614]]}},{"type":"Feature","properties":{"nome":"","tipo":"ditch"},"geometry":{"type":"LineString","coordinates":[[-55.7034,-22.5614],[-55.7037,-22.5613]]}},{"type":"Feature","properties":{"nome":"","tipo":"ditch"},"geometry":{"type":"LineString","coordinates":[[-55.706,-22.5632],[-55.7042,-22.5641]]}},{"type":"Feature","properties":{"nome":"","tipo":"ditch"},"geometry":{"type":"LineString","coordinates":[[-55.7112,-22.5584],[-55.7103,-22.5587]]}},{"type":"Feature","properties":{"nome":"","tipo":"ditch"},"geometry":{"type":"LineString","coordinates":[[-55.7014,-22.5622],[-55.7022,-22.5619]]}},{"type":"Feature","properties":{"nome":"","tipo":"ditch"},"geometry":{"type":"LineString","coordinates":[[-55.7022,-22.5619],[-55.7024,-22.5618]]}},{"type":"Feature","properties":{"nome":"","tipo":"ditch"},"geometry":{"type":"LineString","coordinates":[[-55.7024,-22.5618],[-55.7032,-22.5615]]}},{"type":"Feature","properties":{"nome":"","tipo":"ditch"},"geometry":{"type":"LineString","coordinates":[[-55.7032,-22.5615],[-55.7034,-22.5614]]}},{"type":"Feature","properties":{"nome":"","tipo":"ditch"},"geometry":{"type":"LineString","coordinates":[[-55.7051,-22.5608],[-55.7037,-22.5613]]}},{"type":"Feature","properties":{"nome":"","tipo":"ditch"},"geometry":{"type":"LineString","coordinates":[[-55.7053,-22.5607],[-55.7051,-22.5608]]}},{"type":"Feature","properties":{"nome":"","tipo":"ditch"},"geometry":{"type":"LineString","coordinates":[[-55.7059,-22.5605],[-55.7053,-22.5607]]}},{"type":"Feature","properties":{"nome":"","tipo":"ditch"},"geometry":{"type":"LineString","coordinates":[[-55.7061,-22.5604],[-55.7059,-22.5605]]}},{"type":"Feature","properties":{"nome":"","tipo":"ditch"},"geometry":{"type":"LineString","coordinates":[[-55.7068,-22.5601],[-55.7061,-22.5604]]}},{"type":"Feature","properties":{"nome":"","tipo":"ditch"},"geometry":{"type":"LineString","coordinates":[[-55.7103,-22.5587],[-55.7068,-22.5601]]}},{"type":"Feature","properties":{"nome":"","tipo":"drain"},"geometry":{"type":"LineString","coordinates":[[-55.7326,-22.5147],[-55.7327,-22.5145]]}},{"type":"Feature","properties":{"nome":"","tipo":"stream"},"geometry":{"type":"LineString","coordinates":[[-55.6833,-22.572],[-55.6829,-22.5726],[-55.681,-22.573]]}},{"type":"Feature","properties":{"nome":"Corrego Geovai","tipo":"stream"},"geometry":{"type":"LineString","coordinates":[[-55.681,-22.573],[-55.6806,-22.5725]]}},{"type":"Feature","properties":{"nome":"","tipo":"stream"},"geometry":{"type":"LineString","coordinates":[[-55.6806,-22.5725],[-55.6766,-22.5701]]}},{"type":"Feature","properties":{"nome":"","tipo":"stream"},"geometry":{"type":"LineString","coordinates":[[-55.6804,-22.5666],[-55.68,-22.5666]]}},{"type":"Feature","properties":{"nome":"Corrego Geovai","tipo":"stream"},"geometry":{"type":"LineString","coordinates":[[-55.6879,-22.5775],[-55.6863,-22.5775]]}},{"type":"Feature","properties":{"nome":"Córrego São João Mirim","tipo":"stream"},"geometry":{"type":"LineString","coordinates":[[-55.7405,-22.508],[-55.7382,-22.5092],[-55.7363,-22.5121]]}},{"type":"Feature","properties":{"nome":"Córrego São João Mirim","tipo":"stream"},"geometry":{"type":"LineString","coordinates":[[-55.7336,-22.5139],[-55.7327,-22.5145]]}},{"type":"Feature","properties":{"nome":"Córrego João Mirim","tipo":"stream"},"geometry":{"type":"LineString","coordinates":[[-55.7326,-22.5146],[-55.7325,-22.5146]]}},{"type":"Feature","properties":{"nome":"Córrego São João Mirim","tipo":"stream"},"geometry":{"type":"LineString","coordinates":[[-55.7363,-22.5121],[-55.7336,-22.5139]]}},{"type":"Feature","properties":{"nome":"Córrego Emboscada","tipo":"stream"},"geometry":{"type":"LineString","coordinates":[[-55.6115,-22.699],[-55.6065,-22.7017],[-55.6046,-22.7037],[-55.6022,-22.7046],[-55.5999,-22.707],[-55.5998,-22.7077],[-55.5962,-22.711],[-55.5957,-22.7109],[-55.5949,-22.7122],[-55.5921,-22.714],[-55.5886,-22.7184],[-55.5869,-22.7197],[-55.5852,-22.7201],[-55.5837,-22.7193],[-55.5814,-22.7193],[-55.5786,-22.7198],[-55.5751,-22.7228]]}},{"type":"Feature","properties":{"nome":"Córrego Ponta Porã","tipo":"stream"},"geometry":{"type":"LineString","coordinates":[[-55.7207,-22.5275],[-55.7178,-22.5262],[-55.7179,-22.5255]]}},{"type":"Feature","properties":{"nome":"Córrego Ponta Porã","tipo":"stream"},"geometry":{"type":"LineString","coordinates":[[-55.7209,-22.5277],[-55.7207,-22.5275]]}},{"type":"Feature","properties":{"nome":"","tipo":"ditch"},"geometry":{"type":"LineString","coordinates":[[-55.5995,-22.6971],[-55.6019,-22.7019],[-55.6029,-22.7026],[-55.6028,-22.7042]]}},{"type":"Feature","properties":{"nome":"","tipo":"stream"},"geometry":{"type":"LineString","coordinates":[[-55.6094,-22.7324],[-55.6077,-22.7316],[-55.6073,-22.7322],[-55.6057,-22.732],[-55.6021,-22.7335],[-55.5991,-22.7331],[-55.5963,-22.7334],[-55.5898,-22.7355],[-55.587,-22.7373],[-55.5835,-22.7377],[-55.5836,-22.7387],[-55.5797,-22.7397],[-55.575,-22.7392],[-55.5724,-22.7361],[-55.5701,-22.735]]}},{"type":"Feature","properties":{"nome":"","tipo":"stream"},"geometry":{"type":"LineString","coordinates":[[-55.6057,-22.7201],[-55.6059,-22.7211],[-55.6045,-22.7214],[-55.6027,-22.7226],[-55.5973,-22.7228],[-55.595,-22.7223],[-55.594,-22.7227],[-55.5895,-22.7205],[-55.588,-22.7187]]}},{"type":"Feature","properties":{"nome":"Córrego São João Mirim","tipo":"stream"},"geometry":{"type":"LineString","coordinates":[[-55.7235,-22.5146],[-55.7233,-22.5146]]}},{"type":"Feature","properties":{"nome":"Córrego São João Mirim","tipo":"stream"},"geometry":{"type":"LineString","coordinates":[[-55.7247,-22.515],[-55.7235,-22.5146]]}},{"type":"Feature","properties":{"nome":"Córrego Emboscada","tipo":"stream"},"geometry":{"type":"LineString","coordinates":[[-55.5751,-22.7228],[-55.5748,-22.7246],[-55.5739,-22.7253],[-55.5742,-22.7262],[-55.5726,-22.7276],[-55.5729,-22.7295],[-55.5718,-22.7305],[-55.5709,-22.7326],[-55.571,-22.7341],[-55.5683,-22.7372],[-55.567,-22.7377],[-55.5642,-22.7403],[-55.5632,-22.7407]]}},{"type":"Feature","properties":{"nome":"Córrego São João Mirim","tipo":"stream"},"geometry":{"type":"LineString","coordinates":[[-55.7173,-22.5126],[-55.7172,-22.5126]]}},{"type":"Feature","properties":{"nome":"Córrego São João Mirim","tipo":"stream"},"geometry":{"type":"LineString","coordinates":[[-55.7172,-22.5126],[-55.7171,-22.5125]]}},{"type":"Feature","properties":{"nome":"Córrego Tererê","tipo":"stream"},"geometry":{"type":"LineString","coordinates":[[-55.7593,-22.3226],[-55.7589,-22.3224]]}},{"type":"Feature","properties":{"nome":"Córrego Água Bôa","tipo":"stream"},"geometry":{"type":"MultiLineString","coordinates":[[[-55.7589,-22.3224],[-55.7581,-22.3217],[-55.7582,-22.3206]],[[-55.7582,-22.3204],[-55.7569,-22.3161]],[[-55.7567,-22.3151],[-55.7561,-22.3129],[-55.7568,-22.3133]],[[-55.7572,-22.3115],[-55.7562,-22.311],[-55.7569,-22.3093]]]}},{"type":"Feature","properties":{"nome":"Córrego Água Boa","tipo":"stream"},"geometry":{"type":"MultiLineString","coordinates":[[[-55.7535,-22.3673],[-55.753,-22.3664],[-55.7532,-22.3645],[-55.7523,-22.3635],[-55.7525,-22.363],[-55.7515,-22.3611],[-55.7524,-22.3598],[-55.7518,-22.3593],[-55.7521,-22.3589],[-55.7511,-22.358],[-55.7514,-22.3556],[-55.7498,-22.3542],[-55.7501,-22.3538],[-55.7496,-22.3526],[-55.7478,-22.3521],[-55.7483,-22.3498],[-55.7478,-22.3493],[-55.7484,-22.3475],[-55.7475,-22.3453],[-55.7481,-22.3446],[-55.7478,-22.3434],[-55.7483,-22.342],[-55.751,-22.3403],[-55.7511,-22.3387],[-55.7518,-22.3385],[-55.7523,-22.3361],[-55.7533,-22.3352],[-55.7536,-22.3336],[-55.7541,-22.3335]],[[-55.755,-22.3315],[-55.7553,-22.331]],[[-55.7558,-22.3298],[-55.756,-22.3292]],[[-55.7568,-22.3276],[-55.7568,-22.3275]],[[-55.7575,-22.3264],[-55.7578,-22.3251],[-55.7585,-22.3249]]]}},{"type":"Feature","properties":{"nome":"","tipo":"stream"},"geometry":{"type":"LineString","coordinates":[[-55.7628,-22.3698],[-55.7607,-22.3696],[-55.7594,-22.3703],[-55.7583,-22.3702],[-55.7572,-22.3695],[-55.7562,-22.3694],[-55.755,-22.3684],[-55.7543,-22.3685],[-55.7535,-22.3673]]}},{"type":"Feature","properties":{"nome":"","tipo":"drain"},"geometry":{"type":"LineString","coordinates":[[-55.7174,-22.5121],[-55.7176,-22.5126]]}},{"type":"Feature","properties":{"nome":"","tipo":"drain"},"geometry":{"type":"LineString","coordinates":[[-55.7175,-22.5118],[-55.7174,-22.5121]]}},{"type":"Feature","properties":{"nome":"","tipo":"drain"},"geometry":{"type":"LineString","coordinates":[[-55.7176,-22.5117],[-55.7175,-22.5118]]}},{"type":"Feature","properties":{"nome":"","tipo":"drain"},"geometry":{"type":"LineString","coordinates":[[-55.7176,-22.5114],[-55.7176,-22.5117]]}},{"type":"Feature","properties":{"nome":"","tipo":"drain"},"geometry":{"type":"LineString","coordinates":[[-55.7177,-22.5113],[-55.7176,-22.5114]]}},{"type":"Feature","properties":{"nome":"","tipo":"drain"},"geometry":{"type":"LineString","coordinates":[[-55.7178,-22.5109],[-55.7177,-22.5113]]}},{"type":"Feature","properties":{"nome":"","tipo":"drain"},"geometry":{"type":"LineString","coordinates":[[-55.7178,-22.5108],[-55.7178,-22.5109]]}},{"type":"Feature","properties":{"nome":"","tipo":"drain"},"geometry":{"type":"LineString","coordinates":[[-55.718,-22.5104],[-55.7178,-22.5108]]}},{"type":"Feature","properties":{"nome":"","tipo":"drain"},"geometry":{"type":"LineString","coordinates":[[-55.718,-22.5103],[-55.718,-22.5104]]}},{"type":"Feature","properties":{"nome":"","tipo":"drain"},"geometry":{"type":"LineString","coordinates":[[-55.7182,-22.5099],[-55.718,-22.5103]]}},{"type":"Feature","properties":{"nome":"","tipo":"ditch"},"geometry":{"type":"LineString","coordinates":[[-55.6982,-22.5408],[-55.6981,-22.5405]]}},{"type":"Feature","properties":{"nome":"","tipo":"ditch"},"geometry":{"type":"LineString","coordinates":[[-55.6981,-22.5405],[-55.6985,-22.5395],[-55.7002,-22.5377]]}},{"type":"Feature","properties":{"nome":"","tipo":"ditch"},"geometry":{"type":"LineString","coordinates":[[-55.6992,-22.5432],[-55.6982,-22.5408]]}},{"type":"Feature","properties":{"nome":"","tipo":"ditch"},"geometry":{"type":"LineString","coordinates":[[-55.6998,-22.5446],[-55.6992,-22.5432]]}},{"type":"Feature","properties":{"nome":"","tipo":"ditch"},"geometry":{"type":"LineString","coordinates":[[-55.7014,-22.5485],[-55.6998,-22.5446]]}},{"type":"Feature","properties":{"nome":"","tipo":"ditch"},"geometry":{"type":"LineString","coordinates":[[-55.7014,-22.5486],[-55.7014,-22.5485]]}},{"type":"Feature","properties":{"nome":"","tipo":"ditch"},"geometry":{"type":"LineString","coordinates":[[-55.7036,-22.5551],[-55.7014,-22.5486]]}},{"type":"Feature","properties":{"nome":"","tipo":"ditch"},"geometry":{"type":"LineString","coordinates":[[-55.7037,-22.5552],[-55.7036,-22.5551]]}},{"type":"Feature","properties":{"nome":"","tipo":"ditch"},"geometry":{"type":"LineString","coordinates":[[-55.7053,-22.5594],[-55.7037,-22.5552]]}},{"type":"Feature","properties":{"nome":"","tipo":"ditch"},"geometry":{"type":"LineString","coordinates":[[-55.6989,-22.5405],[-55.6985,-22.5406]]}},{"type":"Feature","properties":{"nome":"","tipo":"ditch"},"geometry":{"type":"LineString","coordinates":[[-55.6998,-22.5402],[-55.6989,-22.5405]]}},{"type":"Feature","properties":{"nome":"","tipo":"ditch"},"geometry":{"type":"LineString","coordinates":[[-55.7,-22.5404],[-55.6998,-22.5402]]}},{"type":"Feature","properties":{"nome":"","tipo":"ditch"},"geometry":{"type":"LineString","coordinates":[[-55.7006,-22.5418],[-55.7,-22.5404]]}},{"type":"Feature","properties":{"nome":"","tipo":"ditch"},"geometry":{"type":"LineString","coordinates":[[-55.7012,-22.5423],[-55.7006,-22.5418]]}},{"type":"Feature","properties":{"nome":"","tipo":"ditch"},"geometry":{"type":"LineString","coordinates":[[-55.7034,-22.5472],[-55.703,-22.544],[-55.7012,-22.5423]]}},{"type":"Feature","properties":{"nome":"","tipo":"ditch"},"geometry":{"type":"LineString","coordinates":[[-55.7031,-22.5481],[-55.7034,-22.5472]]}},{"type":"Feature","properties":{"nome":"","tipo":"ditch"},"geometry":{"type":"LineString","coordinates":[[-55.7044,-22.5513],[-55.7031,-22.5481]]}},{"type":"Feature","properties":{"nome":"","tipo":"ditch"},"geometry":{"type":"LineString","coordinates":[[-55.7046,-22.552],[-55.7044,-22.5513]]}},{"type":"Feature","properties":{"nome":"","tipo":"ditch"},"geometry":{"type":"LineString","coordinates":[[-55.7049,-22.5527],[-55.7046,-22.552]]}},{"type":"Feature","properties":{"nome":"","tipo":"ditch"},"geometry":{"type":"LineString","coordinates":[[-55.705,-22.5529],[-55.7049,-22.5527]]}},{"type":"Feature","properties":{"nome":"","tipo":"ditch"},"geometry":{"type":"LineString","coordinates":[[-55.7072,-22.5587],[-55.705,-22.5529]]}},{"type":"Feature","properties":{"nome":"","tipo":"ditch"},"geometry":{"type":"LineString","coordinates":[[-55.6985,-22.5406],[-55.6982,-22.5408]]}},{"type":"Feature","properties":{"nome":"","tipo":"stream"},"geometry":{"type":"LineString","coordinates":[[-55.7641,-22.5986],[-55.7645,-22.5995],[-55.7655,-22.6001],[-55.7691,-22.6003],[-55.7735,-22.6048],[-55.7762,-22.605],[-55.7765,-22.6054],[-55.7762,-22.6058],[-55.7776,-22.6069],[-55.7816,-22.6069],[-55.785,-22.608],[-55.7854,-22.6105],[-55.7858,-22.611],[-55.7869,-22.611],[-55.7883,-22.6141],[-55.7879,-22.6149],[-55.7866,-22.6153],[-55.786,-22.616],[-55.7873,-22.6168],[-55.7871,-22.6172],[-55.7879,-22.6189],[-55.7887,-22.6195],[-55.789,-22.6228],[-55.7885,-22.625],[-55.7897,-22.6274],[-55.7894,-22.6285],[-55.7899,-22.6297],[-55.7883,-22.6302],[-55.7876,-22.6323],[-55.7884,-22.633],[-55.7899,-22.6335],[-55.7897,-22.6339],[-55.791,-22.6343],[-55.7908,-22.6348]]}},{"type":"Feature","properties":{"nome":"","tipo":"stream"},"geometry":{"type":"LineString","coordinates":[[-55.7247,-22.561],[-55.7282,-22.5623],[-55.7308,-22.5645],[-55.732,-22.5649],[-55.7384,-22.5716],[-55.7397,-22.5736],[-55.7418,-22.5752],[-55.7443,-22.5761],[-55.7472,-22.5794],[-55.7476,-22.5804],[-55.7484,-22.5808],[-55.7494,-22.5827],[-55.751,-22.5837],[-55.7517,-22.5868],[-55.7537,-22.5886],[-55.7546,-22.5908],[-55.756,-22.5919],[-55.7573,-22.5922],[-55.7578,-22.5934],[-55.76,-22.5955],[-55.7604,-22.5953],[-55.7612,-22.5959],[-55.7616,-22.597],[-55.7638,-22.5989]]}},{"type":"Feature","properties":{"nome":"","tipo":"stream"},"geometry":{"type":"LineString","coordinates":[[-55.767,-22.5742],[-55.7672,-22.5739]]}},{"type":"Feature","properties":{"nome":"Rio Estrela/Arroyo Estrella","tipo":"river"},"geometry":{"type":"LineString","coordinates":[[-55.9832,-22.2787],[-55.9838,-22.2787],[-55.9836,-22.2796],[-55.9848,-22.2807],[-55.9893,-22.2813],[-55.9895,-22.282],[-55.9904,-22.2816],[-55.9912,-22.2822],[-55.9914,-22.2809],[-55.992,-22.2806],[-55.9934,-22.2817],[-55.9963,-22.2828],[-55.9966,-22.2836],[-55.9973,-22.2834],[-55.9974,-22.2842],[-55.9982,-22.2846],[-55.9985,-22.2834],[-55.9993,-22.2846],[-56.0003,-22.284],[-56.0004,-22.2848],[-55.9996,-22.2851],[-55.9993,-22.2859],[-56.0017,-22.2857],[-56.0008,-22.2869],[-56.0017,-22.287],[-56.0022,-22.2864],[-56.0029,-22.289],[-56.0026,-22.2895],[-56.0031,-22.2897],[-56.003,-22.2911],[-56.0044,-22.2924],[-56.0041,-22.2936],[-56.0051,-22.2943],[-56.0063,-22.2926],[-56.0079,-22.2928],[-56.0082,-22.2935],[-56.0087,-22.293],[-56.0094,-22.2943],[-56.0102,-22.2946],[-56.0106,-22.2943],[-56.0106,-22.2934],[-56.0109,-22.294],[-56.0113,-22.2937],[-56.0112,-22.2929],[-56.0117,-22.2927],[-56.0124,-22.2932],[-56.0123,-22.2917],[-56.0103,-22.2913],[-56.0098,-22.2903],[-56.0117,-22.2885],[-56.0125,-22.2863],[-56.0151,-22.2873],[-56.0169,-22.2886],[-56.0177,-22.2882],[-56.0183,-22.2869],[-56.02,-22.287],[-56.0204,-22.2862],[-56.0221,-22.2872],[-56.023,-22.2863],[-56.0229,-22.2853],[-56.024,-22.2855],[-56.0243,-22.2847],[-56.0252,-22.2852],[-56.0253,-22.2862],[-56.0262,-22.2855],[-56.0267,-22.286],[-56.0293,-22.2855],[-56.0292,-22.2845],[-56.0305,-22.2848]]}},{"type":"Feature","properties":{"nome":"Rio Estrela/Arroyo Estrella","tipo":"river"},"geometry":{"type":"LineString","coordinates":[[-56.1104,-22.2748],[-56.1118,-22.2746],[-56.1118,-22.2735],[-56.1125,-22.2732],[-56.1135,-22.2736],[-56.1137,-22.2749],[-56.1159,-22.2747],[-56.1177,-22.2703],[-56.1194,-22.2713],[-56.1199,-22.2733],[-56.1236,-22.2717],[-56.1245,-22.2706],[-56.1257,-22.2731],[-56.1243,-22.2731],[-56.1233,-22.2755],[-56.1239,-22.2756],[-56.1255,-22.2742],[-56.1289,-22.2751],[-56.1283,-22.2768],[-56.1286,-22.2791],[-56.1278,-22.2801],[-56.1281,-22.2805],[-56.1289,-22.2803],[-56.1295,-22.2811],[-56.1284,-22.282],[-56.1288,-22.2829],[-56.1311,-22.2845],[-56.1339,-22.2828],[-56.1338,-22.2846],[-56.1355,-22.2848],[-56.1363,-22.2858],[-56.1376,-22.2858]]}},{"type":"Feature","properties":{"nome":"","tipo":"stream"},"geometry":{"type":"LineString","coordinates":[[-55.7417,-22.4671],[-55.7416,-22.4671]]}},{"type":"Feature","properties":{"nome":"","tipo":"stream"},"geometry":{"type":"LineString","coordinates":[[-55.7429,-22.467],[-55.7417,-22.4671]]}},{"type":"Feature","properties":{"nome":"","tipo":"stream"},"geometry":{"type":"LineString","coordinates":[[-55.7416,-22.4671],[-55.7407,-22.467],[-55.7362,-22.47],[-55.7335,-22.4708],[-55.7315,-22.473],[-55.7289,-22.4738],[-55.7271,-22.4738],[-55.7259,-22.4732]]}},{"type":"Feature","properties":{"nome":"","tipo":"stream"},"geometry":{"type":"LineString","coordinates":[[-55.6918,-22.4451],[-55.6925,-22.4432],[-55.693,-22.4428],[-55.694,-22.4428],[-55.6943,-22.4403],[-55.6931,-22.4369],[-55.6918,-22.4347],[-55.6905,-22.4335],[-55.6909,-22.4325],[-55.6897,-22.4326],[-55.6893,-22.4319],[-55.6899,-22.4314]]}},{"type":"Feature","properties":{"nome":"","tipo":"ditch"},"geometry":{"type":"LineString","coordinates":[[-55.6938,-22.4549],[-55.6944,-22.4553]]}},{"type":"Feature","properties":{"nome":"","tipo":"ditch"},"geometry":{"type":"LineString","coordinates":[[-55.7022,-22.4571],[-55.7032,-22.4579]]}},{"type":"Feature","properties":{"nome":"","tipo":"ditch"},"geometry":{"type":"LineString","coordinates":[[-55.6944,-22.4553],[-55.6968,-22.4575]]}},{"type":"Feature","properties":{"nome":"","tipo":"ditch"},"geometry":{"type":"LineString","coordinates":[[-55.6968,-22.4575],[-55.699,-22.457],[-55.7022,-22.4571]]}},{"type":"Feature","properties":{"nome":"","tipo":"ditch"},"geometry":{"type":"LineString","coordinates":[[-55.6914,-22.4549],[-55.6938,-22.4549]]}},{"type":"Feature","properties":{"nome":"","tipo":"ditch"},"geometry":{"type":"LineString","coordinates":[[-55.7304,-22.4354],[-55.7302,-22.4356]]}},{"type":"Feature","properties":{"nome":"","tipo":"ditch"},"geometry":{"type":"LineString","coordinates":[[-55.7336,-22.4329],[-55.7304,-22.4354]]}},{"type":"Feature","properties":{"nome":"","tipo":"ditch"},"geometry":{"type":"LineString","coordinates":[[-55.7275,-22.4375],[-55.7262,-22.4396]]}},{"type":"Feature","properties":{"nome":"","tipo":"ditch"},"geometry":{"type":"LineString","coordinates":[[-55.7302,-22.4356],[-55.7279,-22.4372]]}},{"type":"Feature","properties":{"nome":"","tipo":"stream"},"geometry":{"type":"LineString","coordinates":[[-55.7304,-22.423],[-55.7299,-22.4235],[-55.7275,-22.4235],[-55.7266,-22.424],[-55.7231,-22.4296],[-55.7209,-22.4315],[-55.7202,-22.4314]]}},{"type":"Feature","properties":{"nome":"","tipo":"ditch"},"geometry":{"type":"LineString","coordinates":[[-55.7318,-22.4099],[-55.7293,-22.4176],[-55.7307,-22.4219],[-55.7304,-22.4231]]}},{"type":"Feature","properties":{"nome":"Córrego São Jerônimo","tipo":"stream"},"geometry":{"type":"LineString","coordinates":[[-55.7261,-22.3997],[-55.7242,-22.4011],[-55.7234,-22.4029],[-55.7222,-22.4033],[-55.7213,-22.405],[-55.7184,-22.4062],[-55.7185,-22.4066],[-55.7151,-22.4087],[-55.707,-22.4106],[-55.7058,-22.4127],[-55.7045,-22.4137],[-55.7045,-22.4144],[-55.7022,-22.4157],[-55.7022,-22.4171],[-55.7012,-22.4191],[-55.7,-22.42],[-55.7007,-22.4205],[-55.7007,-22.4213],[-55.7001,-22.4224],[-55.699,-22.4227],[-55.6981,-22.4243],[-55.6961,-22.4246],[-55.6958,-22.4255],[-55.6961,-22.4261],[-55.6951,-22.4272],[-55.6953,-22.428]]}},{"type":"Feature","properties":{"nome":"Río Ypané","tipo":"river"},"geometry":{"type":"LineString","coordinates":[[-56.0666,-23.3131],[-56.0693,-23.3122]]}},{"type":"Feature","properties":{"nome":"","tipo":"stream"},"geometry":{"type":"LineString","coordinates":[[-56.0666,-23.3131],[-56.0671,-23.3169],[-56.0645,-23.3213],[-56.0644,-23.3229],[-56.0666,-23.3279],[-56.0666,-23.3328],[-56.0694,-23.3402],[-56.0699,-23.3442],[-56.0691,-23.3475],[-56.0655,-23.3525],[-56.063,-23.3604],[-56.0618,-23.3624],[-56.0603,-23.3663],[-56.0575,-23.3697],[-56.0556,-23.3706],[-56.0548,-23.3762],[-56.0555,-23.377],[-56.0553,-23.3785],[-56.0545,-23.379],[-56.0541,-23.3819],[-56.047,-23.3846],[-56.0454,-23.386],[-56.0433,-23.3888],[-56.038,-23.3923],[-56.036,-23.3949],[-56.0348,-23.3978],[-56.0323,-23.4009],[-56.0302,-23.4015],[-56.0293,-23.4022]]}},{"type":"Feature","properties":{"nome":"","tipo":"weir"},"geometry":{"type":"LineString","coordinates":[[-55.7204,-22.5478],[-55.7203,-22.5478],[-55.7203,-22.5478],[-55.7204,-22.5477],[-55.7204,-22.5478]]}},{"type":"Feature","properties":{"nome":"Córrego Peguajho","tipo":"stream"},"geometry":{"type":"LineString","coordinates":[[-55.7052,-22.4956],[-55.7048,-22.4948],[-55.7035,-22.4948]]}},{"type":"Feature","properties":{"nome":"Córrego Peguajho","tipo":"stream"},"geometry":{"type":"LineString","coordinates":[[-55.7054,-22.4957],[-55.7052,-22.4956]]}},{"type":"Feature","properties":{"nome":"","tipo":"stream"},"geometry":{"type":"LineString","coordinates":[[-56.0434,-22.4014],[-56.0399,-22.3972],[-56.0349,-22.3944],[-56.0318,-22.3916],[-56.0291,-22.3907],[-56.0276,-22.3894],[-56.0245,-22.3861],[-56.0243,-22.3844],[-56.0217,-22.3823],[-56.0203,-22.382],[-56.0183,-22.3803],[-56.0176,-22.3786],[-56.0165,-22.3781],[-56.0153,-22.3784],[-56.0147,-22.3781],[-56.0147,-22.3777],[-56.014,-22.3779],[-56.0132,-22.3772],[-56.0127,-22.3774],[-56.0126,-22.3766],[-56.0112,-22.3762],[-56.0113,-22.3755],[-56.0087,-22.3743],[-56.0081,-22.3736],[-56.008,-22.3722],[-56.0073,-22.3716],[-56.0085,-22.3699],[-56.0089,-22.3672],[-56.0113,-22.3669],[-56.0113,-22.3657],[-56.013,-22.365],[-56.0136,-22.3638],[-56.0148,-22.3583],[-56.015,-22.3526],[-56.0169,-22.3521],[-56.0178,-22.3524],[-56.0179,-22.3532],[-56.0188,-22.3528],[-56.0208,-22.3535],[-56.0218,-22.3521],[-56.0213,-22.3519],[-56.0218,-22.3514],[-56.0214,-22.3508],[-56.0204,-22.3512],[-56.0206,-22.3499],[-56.02,-22.3502],[-56.0203,-22.3498],[-56.0189,-22.3497],[-56.0195,-22.3488],[-56.0196,-22.347],[-56.0212,-22.3446],[-56.0168,-22.3434],[-56.0166,-22.3425],[-56.0173,-22.342],[-56.0202,-22.343],[-56.0211,-22.3408],[-56.0228,-22.3404],[-56.023,-22.3382],[-56.0241,-22.3371],[-56.0238,-22.3366],[-56.0228,-22.3368],[-56.0234,-22.3364],[-56.0232,-22.3349],[-56.0225,-22.3342],[-56.023,-22.3339],[-56.0225,-22.3337],[-56.0225,-22.3323],[-56.0207,-22.3317],[-56.0205,-22.3309],[-56.0212,-22.3304],[-56.0208,-22.3293],[-56.0202,-22.3296],[-56.0198,-22.3292],[-56.0194,-22.3273],[-56.0182,-22.3274],[-56.0184,-22.3263],[-56.0187,-22.3267],[-56.0186,-22.3261],[-56.0195,-22.3254],[-56.0189,-22.3249],[-56.0198,-22.3241],[-56.0193,-22.3238],[-56.0189,-22.3221],[-56.0179,-22.3215]]}},{"type":"Feature","properties":{"nome":"Córrego Ipeguajó","tipo":"stream"},"geometry":{"type":"LineString","coordinates":[[-55.7018,-22.4976],[-55.6997,-22.4998]]}},{"type":"Feature","properties":{"nome":"Córrego Ipeguajó","tipo":"stream"},"geometry":{"type":"LineString","coordinates":[[-55.6997,-22.4998],[-55.7004,-22.5021],[-55.7,-22.5026]]}},{"type":"Feature","properties":{"nome":"","tipo":"river"},"geometry":{"type":"LineString","coordinates":[[-55.9044,-23.3242],[-55.9051,-23.3239],[-55.9058,-23.3245],[-55.9056,-23.3238],[-55.9071,-23.3237],[-55.907,-23.3231],[-55.9081,-23.323],[-55.9094,-23.3234],[-55.9089,-23.3226],[-55.91,-23.3227],[-55.9104,-23.3233],[-55.9111,-23.3225],[-55.9115,-23.3234],[-55.9121,-23.3235],[-55.9123,-23.3244],[-55.9137,-23.3239],[-55.913,-23.3234],[-55.9133,-23.3228],[-55.9145,-23.3222],[-55.9153,-23.323],[-55.9156,-23.3221],[-55.9163,-23.3226],[-55.9164,-23.3242],[-55.9171,-23.3244],[-55.9182,-23.324],[-55.9189,-23.3244],[-55.9192,-23.3236],[-55.9204,-23.3241],[-55.9212,-23.3234],[-55.9213,-23.3216],[-55.9224,-23.3209],[-55.9215,-23.3196],[-55.9219,-23.3182],[-55.9251,-23.3179],[-55.9271,-23.3185],[-55.928,-23.3172],[-55.9298,-23.318],[-55.9304,-23.3173],[-55.9311,-23.3175],[-55.9306,-23.3163],[-55.9327,-23.3151],[-55.933,-23.3144]]}},{"type":"Feature","properties":{"nome":"","tipo":"river"},"geometry":{"type":"LineString","coordinates":[[-55.5723,-23.1922],[-55.5722,-23.1928],[-55.573,-23.1936],[-55.5743,-23.1938],[-55.5756,-23.1932],[-55.5771,-23.1939],[-55.5775,-23.1952],[-55.5783,-23.1953],[-55.579,-23.1967],[-55.5829,-23.196],[-55.5829,-23.1978],[-55.5845,-23.1982],[-55.5858,-23.1994],[-55.588,-23.2],[-55.5901,-23.1996],[-55.5923,-23.2001],[-55.5922,-23.1992],[-55.5957,-23.199],[-55.5954,-23.2003],[-55.5974,-23.2019],[-55.5987,-23.2021],[-55.5986,-23.2033],[-55.5992,-23.2044],[-55.6002,-23.205],[-55.6006,-23.2072],[-55.6015,-23.2069],[-55.6025,-23.2057],[-55.6036,-23.2067],[-55.6053,-23.2068],[-55.606,-23.2082],[-55.607,-23.2086],[-55.6074,-23.21],[-55.6085,-23.2104],[-55.6098,-23.2119],[-55.6106,-23.214],[-55.6115,-23.2148],[-55.6118,-23.2145],[-55.6123,-23.2152],[-55.6129,-23.2151],[-55.6131,-23.216],[-55.6119,-23.2161],[-55.6134,-23.2167],[-55.6138,-23.2195],[-55.6123,-23.2206],[-55.6141,-23.221],[-55.6148,-23.2217],[-55.6135,-23.2218],[-55.6135,-23.2226],[-55.6142,-23.2227],[-55.614,-23.2235],[-55.6152,-23.223]]}},{"type":"Feature","properties":{"nome":"","tipo":"stream"},"geometry":{"type":"LineString","coordinates":[[-55.622,-23.2218],[-55.6212,-23.2227],[-55.6212,-23.2236],[-55.6221,-23.2253]]}},{"type":"Feature","properties":{"nome":"arroyo Ypane-jhu","tipo":"river"},"geometry":{"type":"LineString","coordinates":[[-55.576,-23.2743],[-55.5767,-23.2721],[-55.5778,-23.2711],[-55.5775,-23.261],[-55.5795,-23.2569],[-55.5791,-23.2556],[-55.5798,-23.2533],[-55.5818,-23.25],[-55.5814,-23.2492],[-55.5818,-23.2477],[-55.5815,-23.2469],[-55.5826,-23.246],[-55.5833,-23.2446],[-55.5854,-23.2425],[-55.5864,-23.2423],[-55.5873,-23.2429],[-55.5877,-23.2424],[-55.5886,-23.2427],[-55.5904,-23.242],[-55.5904,-23.2412],[-55.5913,-23.2402],[-55.5932,-23.2402],[-55.5943,-23.2396],[-55.597,-23.2399],[-55.597,-23.2387],[-55.5955,-23.238],[-55.5956,-23.237],[-55.5962,-23.2355],[-55.5978,-23.2352],[-55.5983,-23.234],[-55.5992,-23.2336],[-55.5994,-23.2308],[-55.6011,-23.2316],[-55.6017,-23.2305],[-55.6043,-23.2296],[-55.6052,-23.23],[-55.6052,-23.2306],[-55.6065,-23.2307],[-55.6062,-23.2292],[-55.6068,-23.2281],[-55.6079,-23.2276],[-55.6113,-23.2289],[-55.6115,-23.228],[-55.6108,-23.2275],[-55.6107,-23.2261],[-55.6119,-23.2258],[-55.6122,-23.2251],[-55.613,-23.2251],[-55.6137,-23.2242],[-55.6151,-23.2241],[-55.6157,-23.2219],[-55.6168,-23.2225],[-55.6161,-23.2232],[-55.6159,-23.2244],[-55.6172,-23.2248],[-55.6156,-23.2255],[-55.6154,-23.2263],[-55.6189,-23.2261],[-55.6201,-23.2268],[-55.6221,-23.2253]]}},{"type":"Feature","properties":{"nome":"","tipo":"stream"},"geometry":{"type":"LineString","coordinates":[[-55.5899,-23.1465],[-55.5881,-23.1418],[-55.5808,-23.1356],[-55.5763,-23.1339],[-55.573,-23.1318],[-55.5721,-23.1306],[-55.5699,-23.1302],[-55.5649,-23.1279],[-55.563,-23.1275],[-55.5614,-23.1279],[-55.5581,-23.1279],[-55.5541,-23.1295],[-55.5521,-23.1296],[-55.5441,-23.1329],[-55.541,-23.1355],[-55.5365,-23.1343],[-55.5357,-23.1349],[-55.5331,-23.1344],[-55.5294,-23.1313],[-55.5249,-23.1293],[-55.5223,-23.1289],[-55.5212,-23.1278],[-55.516,-23.1248],[-55.5139,-23.1239],[-55.5095,-23.1234],[-55.5093,-23.1228],[-55.5066,-23.1213],[-55.5067,-23.1221],[-55.5056,-23.1217]]}},{"type":"Feature","properties":{"nome":"Corrego São Tomaz","tipo":"stream"},"geometry":{"type":"LineString","coordinates":[[-55.6977,-22.5549],[-55.6977,-22.5548]]}},{"type":"Feature","properties":{"nome":"Corrego São Tomaz","tipo":"stream"},"geometry":{"type":"LineString","coordinates":[[-55.6978,-22.555],[-55.6977,-22.5549]]}},{"type":"Feature","properties":{"nome":"Guamibé","tipo":"stream"},"geometry":{"type":"LineString","coordinates":[[-55.6231,-22.6278],[-55.6203,-22.6311],[-55.618,-22.6357],[-55.6152,-22.6395],[-55.6126,-22.6403],[-55.6098,-22.6398],[-55.6065,-22.6403],[-55.6042,-22.6413],[-55.6012,-22.6445],[-55.6002,-22.6445]]}},{"type":"Feature","properties":{"nome":"Guamibé","tipo":"stream"},"geometry":{"type":"LineString","coordinates":[[-55.6002,-22.6445],[-55.6001,-22.6445]]}},{"type":"Feature","properties":{"nome":"Córrego Peguajho","tipo":"stream"},"geometry":{"type":"LineString","coordinates":[[-55.7408,-22.4948],[-55.7407,-22.4948]]}},{"type":"Feature","properties":{"nome":"","tipo":"stream"},"geometry":{"type":"LineString","coordinates":[[-55.5944,-23.3717],[-55.6006,-23.3743]]}},{"type":"Feature","properties":{"nome":"","tipo":"stream"},"geometry":{"type":"LineString","coordinates":[[-55.5944,-23.3716],[-55.5944,-23.3717]]}},{"type":"Feature","properties":{"nome":"","tipo":"stream"},"geometry":{"type":"LineString","coordinates":[[-55.5893,-23.3408],[-55.5892,-23.3409]]}},{"type":"Feature","properties":{"nome":"","tipo":"stream"},"geometry":{"type":"LineString","coordinates":[[-55.5854,-23.3344],[-55.5852,-23.3359],[-55.5893,-23.3408]]}},{"type":"Feature","properties":{"nome":"","tipo":"stream"},"geometry":{"type":"LineString","coordinates":[[-55.7576,-22.4672],[-55.7576,-22.4668]]}},{"type":"Feature","properties":{"nome":"","tipo":"stream"},"geometry":{"type":"LineString","coordinates":[[-55.7571,-22.4692],[-55.7576,-22.4672]]}},{"type":"Feature","properties":{"nome":"","tipo":"stream"},"geometry":{"type":"LineString","coordinates":[[-55.7992,-22.6955],[-55.7988,-22.6957],[-55.799,-22.6964]]}},{"type":"Feature","properties":{"nome":"","tipo":"stream"},"geometry":{"type":"LineString","coordinates":[[-55.7993,-22.6954],[-55.7992,-22.6955]]}},{"type":"Feature","properties":{"nome":"","tipo":"stream"},"geometry":{"type":"LineString","coordinates":[[-55.6711,-22.5685],[-55.6708,-22.5684]]}},{"type":"Feature","properties":{"nome":"","tipo":"stream"},"geometry":{"type":"LineString","coordinates":[[-55.6766,-22.5701],[-55.673,-22.57],[-55.6711,-22.5685]]}},{"type":"Feature","properties":{"nome":"","tipo":"canal"},"geometry":{"type":"LineString","coordinates":[[-55.636,-22.2825],[-55.6358,-22.2835],[-55.6339,-22.2867],[-55.6336,-22.2894],[-55.6364,-22.2965]]}},{"type":"Feature","properties":{"nome":"","tipo":"canal"},"geometry":{"type":"LineString","coordinates":[[-55.66,-22.2774],[-55.6617,-22.2764],[-55.6626,-22.2763],[-55.6651,-22.2776],[-55.6659,-22.2794],[-55.6653,-22.282],[-55.6636,-22.2842],[-55.6591,-22.2855],[-55.6565,-22.2878],[-55.6527,-22.2928]]}},{"type":"Feature","properties":{"nome":"","tipo":"canal"},"geometry":{"type":"LineString","coordinates":[[-55.6727,-22.2868],[-55.6721,-22.2893],[-55.671,-22.2909],[-55.6683,-22.293],[-55.6654,-22.2965],[-55.6638,-22.2973]]}},{"type":"Feature","properties":{"nome":"","tipo":"canal"},"geometry":{"type":"LineString","coordinates":[[-55.6661,-22.3078],[-55.6675,-22.3022],[-55.6676,-22.3004]]}},{"type":"Feature","properties":{"nome":"","tipo":"canal"},"geometry":{"type":"LineString","coordinates":[[-55.6864,-22.3227],[-55.6856,-22.3141]]}},{"type":"Feature","properties":{"nome":"Arroyo Estrella / Rio Estrela","tipo":"stream"},"geometry":{"type":"LineString","coordinates":[[-55.8762,-22.2848],[-55.877,-22.2832],[-55.878,-22.2827]]}},{"type":"Feature","properties":{"nome":"","tipo":"stream"},"geometry":{"type":"LineString","coordinates":[[-55.8994,-22.2903],[-55.8999,-22.2891],[-55.9027,-22.2871],[-55.9034,-22.285]]}},{"type":"Feature","properties":{"nome":"","tipo":"stream"},"geometry":{"type":"LineString","coordinates":[[-55.902,-22.2923],[-55.9036,-22.2903],[-55.904,-22.2888],[-55.9057,-22.2874],[-55.9045,-22.2853],[-55.9046,-22.2847]]}},{"type":"Feature","properties":{"nome":"","tipo":"stream"},"geometry":{"type":"LineString","coordinates":[[-55.9062,-22.292],[-55.9064,-22.2892],[-55.9057,-22.2874]]}},{"type":"Feature","properties":{"nome":"","tipo":"stream"},"geometry":{"type":"LineString","coordinates":[[-55.9104,-22.2848],[-55.91,-22.2824],[-55.9104,-22.2809]]}},{"type":"Feature","properties":{"nome":"","tipo":"stream"},"geometry":{"type":"LineString","coordinates":[[-55.9229,-22.2857],[-55.9209,-22.2813],[-55.9211,-22.2806]]}},{"type":"Feature","properties":{"nome":"","tipo":"stream"},"geometry":{"type":"LineString","coordinates":[[-55.9166,-22.2831],[-55.9185,-22.2819],[-55.9192,-22.2806]]}},{"type":"Feature","properties":{"nome":"","tipo":"stream"},"geometry":{"type":"LineString","coordinates":[[-55.9267,-22.2906],[-55.9275,-22.2916],[-55.928,-22.2916],[-55.929,-22.2904],[-55.9317,-22.2902],[-55.9338,-22.2888],[-55.9349,-22.2887],[-55.9378,-22.2898],[-55.9423,-22.2901],[-55.9473,-22.2885]]}},{"type":"Feature","properties":{"nome":"","tipo":"stream"},"geometry":{"type":"LineString","coordinates":[[-55.9357,-22.2918],[-55.9378,-22.2897]]}},{"type":"Feature","properties":{"nome":"","tipo":"stream"},"geometry":{"type":"LineString","coordinates":[[-55.9317,-22.2856],[-55.9325,-22.2875],[-55.9336,-22.2888]]}},{"type":"Feature","properties":{"nome":"","tipo":"stream"},"geometry":{"type":"LineString","coordinates":[[-55.8801,-22.2917],[-55.8805,-22.2928],[-55.8846,-22.2951]]}},{"type":"Feature","properties":{"nome":"","tipo":"stream"},"geometry":{"type":"LineString","coordinates":[[-55.8733,-22.298],[-55.8757,-22.2975],[-55.8766,-22.2966],[-55.8774,-22.2964]]}},{"type":"Feature","properties":{"nome":"","tipo":"stream"},"geometry":{"type":"LineString","coordinates":[[-55.8411,-22.2923],[-55.8406,-22.2935],[-55.8414,-22.2951],[-55.8426,-22.2956],[-55.8431,-22.2983],[-55.8445,-22.3007],[-55.8536,-22.3074]]}},{"type":"Feature","properties":{"nome":"arroyo Tacuara","tipo":"river"},"geometry":{"type":"LineString","coordinates":[[-55.8537,-22.2835],[-55.8541,-22.2846],[-55.855,-22.2852],[-55.8566,-22.2902],[-55.8565,-22.2914],[-55.8594,-22.2947],[-55.8582,-22.3002],[-55.8575,-22.3008],[-55.8572,-22.302],[-55.8546,-22.3039],[-55.8552,-22.3049],[-55.8548,-22.3053],[-55.8546,-22.3065],[-55.8536,-22.3074],[-55.8545,-22.3091],[-55.8544,-22.31],[-55.8548,-22.3103],[-55.855,-22.3123],[-55.8569,-22.3136],[-55.8581,-22.3169],[-55.8594,-22.3182],[-55.86,-22.3203],[-55.86,-22.3232],[-55.8586,-22.3275],[-55.8587,-22.3283],[-55.8594,-22.3288],[-55.8587,-22.33],[-55.8586,-22.3349],[-55.8575,-22.3366],[-55.8582,-22.3374],[-55.8596,-22.3375],[-55.8596,-22.3392],[-55.8602,-22.3403],[-55.8599,-22.3417],[-55.862,-22.3445],[-55.8618,-22.3468],[-55.8627,-22.3476],[-55.8618,-22.348],[-55.8615,-22.3491],[-55.8629,-22.3504],[-55.8627,-22.3514],[-55.8618,-22.3518],[-55.8614,-22.3528],[-55.8622,-22.3525],[-55.8631,-22.353],[-55.8637,-22.3571],[-55.8649,-22.3576],[-55.8652,-22.3596],[-55.8661,-22.3607],[-55.867,-22.3606],[-55.8698,-22.3617],[-55.87,-22.3632],[-55.869,-22.364],[-55.8703,-22.365],[-55.8701,-22.3658],[-55.8714,-22.3667],[-55.8712,-22.3679],[-55.8705,-22.3681],[-55.8709,-22.3687],[-55.8719,-22.3693],[-55.8731,-22.369]]}},{"type":"Feature","properties":{"nome":"","tipo":"stream"},"geometry":{"type":"LineString","coordinates":[[-55.8528,-22.3266],[-55.8538,-22.3273],[-55.8587,-22.3284]]}},{"type":"Feature","properties":{"nome":"","tipo":"stream"},"geometry":{"type":"LineString","coordinates":[[-55.8675,-22.3055],[-55.8664,-22.3076],[-55.8665,-22.3119],[-55.8656,-22.3158],[-55.8638,-22.3187],[-55.8619,-22.32],[-55.8616,-22.3215],[-55.8607,-22.3215],[-55.86,-22.3231]]}},{"type":"Feature","properties":{"nome":"","tipo":"stream"},"geometry":{"type":"LineString","coordinates":[[-55.8403,-22.3137],[-55.8446,-22.3148],[-55.8455,-22.3142],[-55.8464,-22.3143],[-55.8471,-22.3159],[-55.8497,-22.3176],[-55.8581,-22.3169]]}},{"type":"Feature","properties":{"nome":"","tipo":"stream"},"geometry":{"type":"LineString","coordinates":[[-55.8671,-22.2897],[-55.8626,-22.2919],[-55.8606,-22.294],[-55.8598,-22.2943],[-55.8594,-22.2952]]}},{"type":"Feature","properties":{"nome":"","tipo":"stream"},"geometry":{"type":"LineString","coordinates":[[-55.8906,-22.2881],[-55.8935,-22.2865],[-55.8949,-22.2843]]}},{"type":"Feature","properties":{"nome":"","tipo":"stream"},"geometry":{"type":"LineString","coordinates":[[-55.8992,-22.2954],[-55.9018,-22.2968],[-55.9038,-22.3],[-55.9057,-22.3012]]}},{"type":"Feature","properties":{"nome":"","tipo":"stream"},"geometry":{"type":"LineString","coordinates":[[-55.9062,-22.2958],[-55.9076,-22.2961],[-55.9094,-22.3002]]}},{"type":"Feature","properties":{"nome":"","tipo":"stream"},"geometry":{"type":"LineString","coordinates":[[-55.9225,-22.2934],[-55.9238,-22.2943],[-55.9257,-22.294],[-55.9294,-22.2949],[-55.9299,-22.2961],[-55.9311,-22.2971]]}},{"type":"Feature","properties":{"nome":"","tipo":"stream"},"geometry":{"type":"LineString","coordinates":[[-55.9045,-22.3206],[-55.9086,-22.3199],[-55.9125,-22.3171],[-55.9169,-22.3153],[-55.9198,-22.3156],[-55.9221,-22.3151],[-55.924,-22.3169],[-55.9283,-22.318],[-55.929,-22.3199],[-55.93,-22.3205],[-55.9316,-22.3188],[-55.935,-22.3176],[-55.9377,-22.3171],[-55.9385,-22.3178],[-55.9403,-22.318],[-55.9425,-22.3175],[-55.9437,-22.3167],[-55.9464,-22.3163],[-55.9463,-22.3145],[-55.9474,-22.3136],[-55.9478,-22.3122],[-55.9469,-22.3116],[-55.9466,-22.3094],[-55.9477,-22.3086],[-55.9491,-22.3087],[-55.9494,-22.3081],[-55.9477,-22.3068],[-55.9479,-22.3054],[-55.9495,-22.3056],[-55.9502,-22.3039],[-55.9518,-22.303],[-55.9525,-22.3014],[-55.9522,-22.3002],[-55.9507,-22.3003],[-55.9504,-22.2992],[-55.9486,-22.2984],[-55.9493,-22.297],[-55.9491,-22.2957],[-55.9497,-22.2956],[-55.9497,-22.295],[-55.9507,-22.294],[-55.9504,-22.2932],[-55.9508,-22.2929]]}},{"type":"Feature","properties":{"nome":"","tipo":"stream"},"geometry":{"type":"LineString","coordinates":[[-55.9547,-22.2965],[-55.9538,-22.2957],[-55.9506,-22.2959],[-55.9498,-22.2955]]}},{"type":"Feature","properties":{"nome":"","tipo":"stream"},"geometry":{"type":"LineString","coordinates":[[-55.9407,-22.3127],[-55.9447,-22.3125],[-55.947,-22.3115]]}},{"type":"Feature","properties":{"nome":"","tipo":"stream"},"geometry":{"type":"LineString","coordinates":[[-55.9631,-22.3005],[-55.9638,-22.2977],[-55.9668,-22.2943],[-55.9678,-22.2939],[-55.9686,-22.2924],[-55.9697,-22.2922]]}},{"type":"Feature","properties":{"nome":"","tipo":"stream"},"geometry":{"type":"LineString","coordinates":[[-55.9579,-22.2986],[-55.959,-22.2954],[-55.9609,-22.2927],[-55.9612,-22.2902]]}},{"type":"Feature","properties":{"nome":"Arroyo Estrela / Rio Estrela","tipo":"river"},"geometry":{"type":"LineString","coordinates":[[-56.0493,-22.2777],[-56.05,-22.2789],[-56.0511,-22.279],[-56.0519,-22.2778],[-56.0526,-22.2782],[-56.0538,-22.2779],[-56.0541,-22.2773]]}},{"type":"Feature","properties":{"nome":"Rio Estrela/Arroyo Estrella","tipo":"river"},"geometry":{"type":"LineString","coordinates":[[-56.0305,-22.2848],[-56.0311,-22.2852],[-56.0335,-22.2845],[-56.0343,-22.2824],[-56.0338,-22.2816],[-56.0343,-22.2812],[-56.0353,-22.2815],[-56.0358,-22.2811],[-56.0367,-22.2821],[-56.0373,-22.2814],[-56.0377,-22.2827],[-56.0399,-22.2833],[-56.0415,-22.2832],[-56.043,-22.2822],[-56.0435,-22.283],[-56.0449,-22.2822],[-56.0445,-22.2808],[-56.0465,-22.28],[-56.0468,-22.2793],[-56.0464,-22.2786],[-56.0474,-22.2786],[-56.0478,-22.2795],[-56.0477,-22.2775],[-56.0493,-22.2777]]}},{"type":"Feature","properties":{"nome":"Arroyo Estrela / Rio Estrela","tipo":"river"},"geometry":{"type":"LineString","coordinates":[[-56.0599,-22.2764],[-56.06,-22.2758],[-56.0614,-22.2756],[-56.0605,-22.2766],[-56.0618,-22.2768],[-56.0618,-22.276],[-56.0625,-22.2758],[-56.0633,-22.2766],[-56.0628,-22.2774],[-56.0632,-22.2784],[-56.0647,-22.2776],[-56.0645,-22.2785],[-56.0653,-22.2783],[-56.0656,-22.2796],[-56.065,-22.2804],[-56.0663,-22.2802],[-56.0662,-22.2811],[-56.0668,-22.2812],[-56.0661,-22.2822],[-56.067,-22.2827],[-56.0675,-22.2842],[-56.0683,-22.2846],[-56.0685,-22.2858],[-56.0696,-22.2869],[-56.0699,-22.2868],[-56.0702,-22.2854],[-56.0713,-22.2871],[-56.0728,-22.2862],[-56.0732,-22.2874],[-56.0745,-22.2866],[-56.0751,-22.2855],[-56.0752,-22.2863],[-56.076,-22.2869],[-56.0776,-22.2861],[-56.0768,-22.2852],[-56.0772,-22.2847],[-56.079,-22.285],[-56.0781,-22.2857],[-56.0785,-22.2861],[-56.0803,-22.2851],[-56.0802,-22.2842],[-56.0809,-22.2842],[-56.081,-22.2849],[-56.0814,-22.2848],[-56.0817,-22.2827],[-56.0825,-22.2821],[-56.0846,-22.2832],[-56.0865,-22.2863],[-56.0879,-22.2851],[-56.0879,-22.2846],[-56.0868,-22.2841],[-56.0879,-22.2835],[-56.0884,-22.282],[-56.0889,-22.2828],[-56.0889,-22.2843],[-56.0923,-22.2856],[-56.093,-22.2852],[-56.0934,-22.2841],[-56.0975,-22.2837]]}},{"type":"Feature","properties":{"nome":"Rio Estrela/Arroyo Estrella","tipo":"river"},"geometry":{"type":"LineString","coordinates":[[-56.0975,-22.2837],[-56.0985,-22.2826],[-56.0977,-22.2822],[-56.0962,-22.2824],[-56.0984,-22.2807],[-56.1002,-22.2803],[-56.1011,-22.2789],[-56.1017,-22.2799],[-56.1022,-22.2786],[-56.1045,-22.2785],[-56.1051,-22.2773],[-56.1103,-22.2769],[-56.1106,-22.2763],[-56.1098,-22.2755],[-56.1104,-22.2748]]}},{"type":"Feature","properties":{"nome":"Rio Estrela/Arroyo Estrella","tipo":"river"},"geometry":{"type":"LineString","coordinates":[[-56.0541,-22.2773],[-56.0554,-22.2772],[-56.0567,-22.2764],[-56.0576,-22.2767],[-56.0593,-22.2764],[-56.059,-22.2769],[-56.0594,-22.2774],[-56.061,-22.2776],[-56.0611,-22.2773],[-56.0599,-22.2764]]}},{"type":"Feature","properties":{"nome":"","tipo":"stream"},"geometry":{"type":"LineString","coordinates":[[-56.0504,-22.2788],[-56.0516,-22.2785]]}},{"type":"Feature","properties":{"nome":"","tipo":"stream"},"geometry":{"type":"LineString","coordinates":[[-56.0517,-22.278],[-56.0522,-22.2784],[-56.0526,-22.2782]]}},{"type":"Feature","properties":{"nome":"Arroyo Estrela / Rio Estrela","tipo":"stream"},"geometry":{"type":"LineString","coordinates":[[-56.0699,-22.2868],[-56.0709,-22.2868]]}},{"type":"Feature","properties":{"nome":"Arroyo Estrela / Rio Estrela","tipo":"stream"},"geometry":{"type":"LineString","coordinates":[[-56.0789,-22.2849],[-56.0795,-22.2854]]}},{"type":"Feature","properties":{"nome":"","tipo":"stream"},"geometry":{"type":"LineString","coordinates":[[-56.1017,-22.2643],[-56.101,-22.2646],[-56.1016,-22.2654],[-56.1009,-22.2657],[-56.1015,-22.2665],[-56.1027,-22.2667],[-56.1021,-22.2676],[-56.1025,-22.2683],[-56.103,-22.2681],[-56.1029,-22.2703],[-56.1033,-22.2702],[-56.1039,-22.272],[-56.1073,-22.2746],[-56.1081,-22.2743],[-56.1081,-22.2736],[-56.11,-22.2738],[-56.1106,-22.2747]]}},{"type":"Feature","properties":{"nome":"","tipo":"stream"},"geometry":{"type":"LineString","coordinates":[[-56.0907,-22.3134],[-56.0901,-22.3131],[-56.0901,-22.3123],[-56.0883,-22.3104],[-56.0874,-22.3072],[-56.0847,-22.3048],[-56.0837,-22.3023],[-56.0845,-22.3002],[-56.0839,-22.2977],[-56.0854,-22.2938],[-56.0836,-22.2924],[-56.083,-22.2909],[-56.084,-22.2898],[-56.0847,-22.287],[-56.0853,-22.2862],[-56.0863,-22.2862]]}},{"type":"Feature","properties":{"nome":"","tipo":"stream"},"geometry":{"type":"LineString","coordinates":[[-56.0158,-22.2879],[-56.0172,-22.2885]]}},{"type":"Feature","properties":{"nome":"","tipo":"stream"},"geometry":{"type":"LineString","coordinates":[[-55.9683,-22.3098],[-55.9667,-22.307],[-55.9643,-22.3069],[-55.9612,-22.3052],[-55.9595,-22.3052],[-55.9576,-22.3033],[-55.9554,-22.3029],[-55.9542,-22.3016],[-55.9533,-22.3016],[-55.9525,-22.3009]]}},{"type":"Feature","properties":{"nome":"","tipo":"stream"},"geometry":{"type":"LineString","coordinates":[[-55.9325,-22.3052],[-55.9356,-22.3032],[-55.937,-22.3011],[-55.9373,-22.3001],[-55.9368,-22.2984]]}},{"type":"Feature","properties":{"nome":"","tipo":"stream"},"geometry":{"type":"LineString","coordinates":[[-55.8571,-22.2882],[-55.8561,-22.289]]}},{"type":"Feature","properties":{"nome":"","tipo":"stream"},"geometry":{"type":"LineString","coordinates":[[-55.8489,-22.2996],[-55.8493,-22.3039]]}},{"type":"Feature","properties":{"nome":"","tipo":"stream"},"geometry":{"type":"LineString","coordinates":[[-55.8663,-22.3236],[-55.8649,-22.3241],[-55.8634,-22.3233],[-55.8622,-22.3237],[-55.8598,-22.3236]]}},{"type":"Feature","properties":{"nome":"","tipo":"stream"},"geometry":{"type":"LineString","coordinates":[[-55.8749,-22.2903],[-55.8754,-22.292],[-55.8753,-22.2939]]}},{"type":"Feature","properties":{"nome":"","tipo":"stream"},"geometry":{"type":"LineString","coordinates":[[-55.939,-22.2916],[-55.9392,-22.2912],[-55.9421,-22.29]]}},{"type":"Feature","properties":{"nome":"","tipo":"stream"},"geometry":{"type":"LineString","coordinates":[[-55.8783,-22.303],[-55.8808,-22.3089],[-55.8839,-22.309],[-55.8859,-22.3097],[-55.8883,-22.3093],[-55.8893,-22.3096],[-55.891,-22.3085],[-55.8928,-22.3081],[-55.8988,-22.3037]]}},{"type":"Feature","properties":{"nome":"","tipo":"stream"},"geometry":{"type":"LineString","coordinates":[[-55.8915,-22.3062],[-55.8929,-22.308]]}},{"type":"Feature","properties":{"nome":"","tipo":"stream"},"geometry":{"type":"LineString","coordinates":[[-55.8859,-22.3165],[-55.8853,-22.3155],[-55.8854,-22.3148],[-55.8872,-22.3124],[-55.8878,-22.3094]]}},{"type":"Feature","properties":{"nome":"","tipo":"stream"},"geometry":{"type":"LineString","coordinates":[[-55.878,-22.31],[-55.8785,-22.3106],[-55.8809,-22.309]]}},{"type":"Feature","properties":{"nome":"","tipo":"stream"},"geometry":{"type":"LineString","coordinates":[[-55.9551,-22.307],[-55.9553,-22.3028]]}},{"type":"Feature","properties":{"nome":"","tipo":"stream"},"geometry":{"type":"LineString","coordinates":[[-55.9192,-22.3084],[-55.9203,-22.3069],[-55.9236,-22.3049],[-55.9247,-22.303]]}},{"type":"Feature","properties":{"nome":"","tipo":"stream"},"geometry":{"type":"LineString","coordinates":[[-55.9282,-22.3113],[-55.928,-22.3106],[-55.9288,-22.3094],[-55.9283,-22.3086],[-55.9273,-22.3083],[-55.9272,-22.3052],[-55.9275,-22.304],[-55.9288,-22.3023],[-55.9278,-22.3009]]}},{"type":"Feature","properties":{"nome":"","tipo":"stream"},"geometry":{"type":"LineString","coordinates":[[-55.965,-22.3025],[-55.9666,-22.3039],[-55.9682,-22.3039],[-55.9694,-22.3032],[-55.9738,-22.2993],[-55.9744,-22.2982],[-55.9766,-22.2973],[-55.9768,-22.2959],[-55.9791,-22.2939],[-55.9794,-22.2926],[-55.9782,-22.2902],[-55.9789,-22.2881],[-55.9802,-22.2868],[-55.9786,-22.2854],[-55.9787,-22.2838]]}},{"type":"Feature","properties":{"nome":"","tipo":"stream"},"geometry":{"type":"LineString","coordinates":[[-55.8209,-22.3741],[-55.8249,-22.3708],[-55.8277,-22.3692],[-55.8291,-22.3677],[-55.8303,-22.3649],[-55.83,-22.3624],[-55.8317,-22.3606]]}},{"type":"Feature","properties":{"nome":"","tipo":"stream"},"geometry":{"type":"LineString","coordinates":[[-55.828,-22.3504],[-55.8293,-22.3468],[-55.8317,-22.3437],[-55.8329,-22.343],[-55.8353,-22.3427],[-55.8361,-22.3414],[-55.8407,-22.3385],[-55.843,-22.3363],[-55.8468,-22.335],[-55.8506,-22.3366],[-55.8521,-22.3385],[-55.8543,-22.3376],[-55.8549,-22.3366],[-55.8575,-22.3367]]}},{"type":"Feature","properties":{"nome":"","tipo":"stream"},"geometry":{"type":"LineString","coordinates":[[-55.8324,-22.3387],[-55.8337,-22.3392],[-55.8359,-22.3389],[-55.8391,-22.3392]]}},{"type":"Feature","properties":{"nome":"","tipo":"stream"},"geometry":{"type":"LineString","coordinates":[[-55.8392,-22.3228],[-55.839,-22.3236],[-55.8405,-22.3257],[-55.8408,-22.3281],[-55.8451,-22.3321],[-55.8455,-22.333],[-55.8453,-22.3338],[-55.8463,-22.3351]]}},{"type":"Feature","properties":{"nome":"","tipo":"stream"},"geometry":{"type":"LineString","coordinates":[[-55.849,-22.3291],[-55.8492,-22.3304],[-55.8531,-22.336],[-55.8549,-22.3366]]}},{"type":"Feature","properties":{"nome":"","tipo":"stream"},"geometry":{"type":"LineString","coordinates":[[-55.867,-22.3348],[-55.8629,-22.3376],[-55.8604,-22.3381],[-55.8595,-22.3388]]}},{"type":"Feature","properties":{"nome":"","tipo":"stream"},"geometry":{"type":"LineString","coordinates":[[-55.8469,-22.3436],[-55.8487,-22.3426],[-55.8494,-22.3414],[-55.8514,-22.3406],[-55.8522,-22.3384]]}},{"type":"Feature","properties":{"nome":"","tipo":"stream"},"geometry":{"type":"LineString","coordinates":[[-55.8569,-22.3581],[-55.8577,-22.3554],[-55.8575,-22.3546],[-55.8582,-22.3535],[-55.8615,-22.3529]]}},{"type":"Feature","properties":{"nome":"","tipo":"stream"},"geometry":{"type":"LineString","coordinates":[[-55.8729,-22.3565],[-55.8701,-22.3589],[-55.8698,-22.3617]]}},{"type":"Feature","properties":{"nome":"","tipo":"stream"},"geometry":{"type":"LineString","coordinates":[[-55.8073,-22.3716],[-55.8074,-22.3656],[-55.8088,-22.3649],[-55.8089,-22.3641],[-55.8101,-22.3626],[-55.811,-22.3624],[-55.8117,-22.3617],[-55.8124,-22.3619],[-55.8138,-22.3613],[-55.8152,-22.3616],[-55.824,-22.3595],[-55.8251,-22.3602],[-55.8258,-22.3597],[-55.8298,-22.3606],[-55.8325,-22.3605],[-55.8335,-22.3613],[-55.8345,-22.3607],[-55.8354,-22.3612],[-55.8361,-22.3608],[-55.8399,-22.361],[-55.8415,-22.3606],[-55.8424,-22.3613],[-55.843,-22.3612],[-55.8437,-22.3622],[-55.8453,-22.3623],[-55.8456,-22.3632],[-55.8477,-22.3628],[-55.8488,-22.3638],[-55.8492,-22.3653],[-55.8502,-22.3661],[-55.8503,-22.3672],[-55.8522,-22.3668],[-55.8538,-22.3692],[-55.8558,-22.3683],[-55.8574,-22.3683],[-55.8584,-22.3691],[-55.86,-22.3682],[-55.8617,-22.3691],[-55.8646,-22.3683],[-55.865,-22.369],[-55.868,-22.3692],[-55.8682,-22.3697],[-55.8696,-22.37],[-55.8701,-22.3706],[-55.8715,-22.3703],[-55.8719,-22.3693]]}},{"type":"Feature","properties":{"nome":"","tipo":"stream"},"geometry":{"type":"LineString","coordinates":[[-55.8041,-22.3595],[-55.8053,-22.3593],[-55.8073,-22.3607],[-55.8112,-22.3622]]}},{"type":"Feature","properties":{"nome":"","tipo":"stream"},"geometry":{"type":"LineString","coordinates":[[-55.8137,-22.3514],[-55.8148,-22.3527],[-55.8166,-22.3533],[-55.8174,-22.3546],[-55.8227,-22.3578],[-55.8239,-22.3595]]}},{"type":"Feature","properties":{"nome":"","tipo":"stream"},"geometry":{"type":"LineString","coordinates":[[-55.8199,-22.3513],[-55.8209,-22.3535],[-55.8207,-22.3565]]}},{"type":"Feature","properties":{"nome":"","tipo":"stream"},"geometry":{"type":"LineString","coordinates":[[-55.8273,-22.3526],[-55.8274,-22.3539],[-55.8264,-22.3544]]}},{"type":"Feature","properties":{"nome":"","tipo":"stream"},"geometry":{"type":"LineString","coordinates":[[-55.8246,-22.352],[-55.8248,-22.3527],[-55.8265,-22.3542],[-55.826,-22.3598]]}},{"type":"Feature","properties":{"nome":"","tipo":"stream"},"geometry":{"type":"LineString","coordinates":[[-55.8326,-22.3581],[-55.8322,-22.3584],[-55.8324,-22.3605]]}},{"type":"Feature","properties":{"nome":"arroyo Tacuara","tipo":"river"},"geometry":{"type":"LineString","coordinates":[[-55.8731,-22.369],[-55.8739,-22.3696],[-55.8749,-22.3692],[-55.8764,-22.3703],[-55.8756,-22.3724],[-55.8758,-22.3732],[-55.8773,-22.3725],[-55.8823,-22.3752],[-55.8838,-22.3745],[-55.8854,-22.3769],[-55.8864,-22.3765],[-55.888,-22.3748],[-55.8869,-22.3712],[-55.8885,-22.3706],[-55.8913,-22.372],[-55.8922,-22.3708]]}},{"type":"Feature","properties":{"nome":"","tipo":"stream"},"geometry":{"type":"LineString","coordinates":[[-55.8577,-22.3077],[-55.856,-22.3089],[-55.8545,-22.309]]}},{"type":"Feature","properties":{"nome":"","tipo":"stream"},"geometry":{"type":"LineString","coordinates":[[-55.8521,-22.3098],[-55.8544,-22.3099]]}},{"type":"Feature","properties":{"nome":"","tipo":"stream"},"geometry":{"type":"LineString","coordinates":[[-55.8748,-22.3614],[-55.8732,-22.3623],[-55.8724,-22.3644],[-55.8702,-22.3655]]}},{"type":"Feature","properties":{"nome":"","tipo":"stream"},"geometry":{"type":"LineString","coordinates":[[-55.8647,-22.3839],[-55.8701,-22.3778],[-55.8701,-22.377],[-55.8717,-22.3729],[-55.8718,-22.3715],[-55.8714,-22.3712],[-55.8713,-22.3703]]}},{"type":"Feature","properties":{"nome":"","tipo":"stream"},"geometry":{"type":"LineString","coordinates":[[-55.872,-22.3962],[-55.8707,-22.3915],[-55.8729,-22.3903],[-55.8733,-22.3886],[-55.8724,-22.3864],[-55.8728,-22.385],[-55.8748,-22.3831],[-55.878,-22.3817],[-55.88,-22.3787],[-55.8807,-22.3765],[-55.8825,-22.3753]]}},{"type":"Feature","properties":{"nome":"","tipo":"stream"},"geometry":{"type":"LineString","coordinates":[[-55.8658,-22.391],[-55.8664,-22.3883],[-55.8706,-22.3869],[-55.8728,-22.385]]}},{"type":"Feature","properties":{"nome":"","tipo":"stream"},"geometry":{"type":"LineString","coordinates":[[-55.8843,-22.365],[-55.8876,-22.3696],[-55.889,-22.3707]]}},{"type":"Feature","properties":{"nome":"","tipo":"stream"},"geometry":{"type":"LineString","coordinates":[[-55.8893,-22.3446],[-55.8878,-22.3457],[-55.8849,-22.3495]]}},{"type":"Feature","properties":{"nome":"","tipo":"stream"},"geometry":{"type":"LineString","coordinates":[[-55.8922,-22.3497],[-55.8898,-22.3526],[-55.8861,-22.3543],[-55.8859,-22.3549]]}},{"type":"Feature","properties":{"nome":"","tipo":"stream"},"geometry":{"type":"LineString","coordinates":[[-55.8823,-22.3612],[-55.8846,-22.3594],[-55.8883,-22.3577]]}},{"type":"Feature","properties":{"nome":"","tipo":"stream"},"geometry":{"type":"LineString","coordinates":[[-55.8877,-22.3664],[-55.8862,-22.3674]]}},{"type":"Feature","properties":{"nome":"","tipo":"stream"},"geometry":{"type":"LineString","coordinates":[[-55.8643,-22.3461],[-55.8632,-22.3466],[-55.8625,-22.3474]]}},{"type":"Feature","properties":{"nome":"","tipo":"stream"},"geometry":{"type":"LineString","coordinates":[[-55.8652,-22.3483],[-55.8629,-22.3503]]}},{"type":"Feature","properties":{"nome":"","tipo":"stream"},"geometry":{"type":"LineString","coordinates":[[-55.8363,-22.3793],[-55.8382,-22.378],[-55.8401,-22.3775],[-55.844,-22.3747],[-55.8459,-22.373],[-55.8462,-22.3719],[-55.8487,-22.3714],[-55.8537,-22.3692]]}},{"type":"Feature","properties":{"nome":"","tipo":"stream"},"geometry":{"type":"LineString","coordinates":[[-55.9067,-22.3928],[-55.9075,-22.3896],[-55.9113,-22.3872],[-55.915,-22.3834],[-55.9155,-22.3821],[-55.9164,-22.3816]]}},{"type":"Feature","properties":{"nome":"","tipo":"stream"},"geometry":{"type":"LineString","coordinates":[[-55.9069,-22.3843],[-55.9074,-22.3834],[-55.9098,-22.382],[-55.9153,-22.3805]]}},{"type":"Feature","properties":{"nome":"","tipo":"stream"},"geometry":{"type":"LineString","coordinates":[[-55.8999,-22.3761],[-55.9011,-22.3754],[-55.9026,-22.3731],[-55.9055,-22.3712]]}},{"type":"Feature","properties":{"nome":"","tipo":"stream"},"geometry":{"type":"LineString","coordinates":[[-55.9025,-22.3811],[-55.9034,-22.3798],[-55.9059,-22.3788],[-55.9082,-22.3762]]}},{"type":"Feature","properties":{"nome":"","tipo":"stream"},"geometry":{"type":"LineString","coordinates":[[-55.9123,-22.3945],[-55.9152,-22.3937],[-55.9165,-22.3923],[-55.9187,-22.3909],[-55.92,-22.3865],[-55.9242,-22.3837]]}},{"type":"Feature","properties":{"nome":"","tipo":"stream"},"geometry":{"type":"LineString","coordinates":[[-55.9228,-22.3936],[-55.9232,-22.3928],[-55.9253,-22.3911],[-55.9262,-22.3896],[-55.9295,-22.388]]}},{"type":"Feature","properties":{"nome":"","tipo":"stream"},"geometry":{"type":"LineString","coordinates":[[-55.9219,-22.3994],[-55.923,-22.3988],[-55.9236,-22.3975],[-55.9256,-22.396],[-55.9261,-22.3949],[-55.9299,-22.393],[-55.9308,-22.3918]]}},{"type":"Feature","properties":{"nome":"","tipo":"stream"},"geometry":{"type":"LineString","coordinates":[[-55.9299,-22.396],[-55.9303,-22.3926]]}},{"type":"Feature","properties":{"nome":"","tipo":"stream"},"geometry":{"type":"LineString","coordinates":[[-55.9325,-22.3953],[-55.9329,-22.3946],[-55.9355,-22.3937],[-55.9361,-22.3939]]}},{"type":"Feature","properties":{"nome":"","tipo":"stream"},"geometry":{"type":"LineString","coordinates":[[-55.9165,-22.3863],[-55.9166,-22.3855],[-55.9182,-22.3843],[-55.9208,-22.3841],[-55.9225,-22.3822]]}},{"type":"Feature","properties":{"nome":"","tipo":"stream"},"geometry":{"type":"LineString","coordinates":[[-55.8961,-22.3366],[-55.8974,-22.34],[-55.8984,-22.34],[-55.8995,-22.3412],[-55.8994,-22.3418],[-55.9017,-22.3442],[-55.9049,-22.3498],[-55.9051,-22.3509],[-55.9068,-22.3529],[-55.9123,-22.3557],[-55.9136,-22.3556],[-55.9148,-22.3572],[-55.9158,-22.3615],[-55.9149,-22.3627],[-55.9146,-22.3661],[-55.9159,-22.3698],[-55.9171,-22.371],[-55.9163,-22.3727],[-55.9166,-22.3747]]}},{"type":"Feature","properties":{"nome":"","tipo":"stream"},"geometry":{"type":"LineString","coordinates":[[-55.8942,-22.3542],[-55.8942,-22.3579],[-55.8952,-22.359],[-55.8954,-22.3604],[-55.8953,-22.3613],[-55.8943,-22.3627]]}},{"type":"Feature","properties":{"nome":"","tipo":"stream"},"geometry":{"type":"LineString","coordinates":[[-55.9139,-22.3402],[-55.9145,-22.3429]]}},{"type":"Feature","properties":{"nome":"","tipo":"stream"},"geometry":{"type":"LineString","coordinates":[[-55.9408,-22.3789],[-55.9401,-22.3816],[-55.937,-22.3836],[-55.9352,-22.3838],[-55.9342,-22.3849]]}},{"type":"Feature","properties":{"nome":"","tipo":"stream"},"geometry":{"type":"LineString","coordinates":[[-55.9398,-22.3738],[-55.9392,-22.3752],[-55.9354,-22.3777],[-55.933,-22.3829]]}},{"type":"Feature","properties":{"nome":"","tipo":"stream"},"geometry":{"type":"LineString","coordinates":[[-55.9462,-22.3854],[-55.9441,-22.3858],[-55.9421,-22.389],[-55.9401,-22.3902],[-55.939,-22.3919],[-55.9368,-22.3934]]}},{"type":"Feature","properties":{"nome":"","tipo":"stream"},"geometry":{"type":"LineString","coordinates":[[-55.9422,-22.3057],[-55.9463,-22.3048],[-55.9479,-22.3053]]}},{"type":"Feature","properties":{"nome":"","tipo":"stream"},"geometry":{"type":"LineString","coordinates":[[-55.9394,-22.3066],[-55.9407,-22.3078],[-55.9426,-22.3085],[-55.9455,-22.3077],[-55.9474,-22.3087]]}},{"type":"Feature","properties":{"nome":"","tipo":"stream"},"geometry":{"type":"LineString","coordinates":[[-55.9432,-22.3227],[-55.944,-22.3207],[-55.9459,-22.3182],[-55.9464,-22.3163]]}},{"type":"Feature","properties":{"nome":"","tipo":"stream"},"geometry":{"type":"LineString","coordinates":[[-55.9452,-22.3212],[-55.9463,-22.3202],[-55.9486,-22.3158],[-55.9498,-22.3147],[-55.9496,-22.3139],[-55.9478,-22.3122]]}},{"type":"Feature","properties":{"nome":"","tipo":"stream"},"geometry":{"type":"LineString","coordinates":[[-55.928,-22.3423],[-55.9338,-22.3416],[-55.9356,-22.34],[-55.9368,-22.3399],[-55.9376,-22.3391],[-55.9403,-22.3384],[-55.9429,-22.3362],[-55.9456,-22.3355],[-55.9461,-22.3347],[-55.9495,-22.3353],[-55.9535,-22.3341],[-55.9556,-22.3344],[-55.9563,-22.334],[-55.9567,-22.3332],[-55.9564,-22.3315],[-55.9598,-22.3315],[-55.9608,-22.3295],[-55.9624,-22.328],[-55.9647,-22.3278],[-55.9663,-22.3286],[-55.9671,-22.3284],[-55.9685,-22.3267],[-55.9693,-22.3266],[-55.9702,-22.3273],[-55.9731,-22.3276],[-55.9735,-22.3282],[-55.9756,-22.3283],[-55.9759,-22.3277],[-55.9753,-22.3263],[-55.9765,-22.3252],[-55.9811,-22.3251],[-55.9817,-22.3245],[-55.9814,-22.3233],[-55.9831,-22.3228],[-55.9853,-22.3209],[-55.9868,-22.3184],[-55.9881,-22.3187],[-55.9891,-22.3194],[-55.9901,-22.3184],[-55.9908,-22.3183],[-55.9916,-22.3167],[-55.9928,-22.3172],[-55.9929,-22.3166],[-55.9941,-22.3178],[-55.996,-22.318],[-55.9959,-22.3174],[-55.9969,-22.3174],[-55.9964,-22.3168],[-55.9977,-22.3169],[-55.9976,-22.3177],[-55.9989,-22.3187],[-55.999,-22.3196],[-56.0007,-22.321],[-56.001,-22.3202],[-56.0027,-22.3202],[-56.003,-22.3198],[-56.0032,-22.3206],[-56.0047,-22.3212],[-56.0053,-22.3204],[-56.0048,-22.3196],[-56.0054,-22.3192],[-56.0076,-22.3211],[-56.0101,-22.3214],[-56.0107,-22.3209],[-56.0103,-22.3205],[-56.0104,-22.3199],[-56.012,-22.321],[-56.0123,-22.3204],[-56.0137,-22.32],[-56.014,-22.3204],[-56.0143,-22.3197],[-56.0152,-22.3202],[-56.0166,-22.3196],[-56.0173,-22.3188]]}},{"type":"Feature","properties":{"nome":"","tipo":"stream"},"geometry":{"type":"LineString","coordinates":[[-55.9672,-22.3382],[-55.9705,-22.3345],[-55.9697,-22.3335],[-55.9703,-22.3307],[-55.9716,-22.3287],[-55.9731,-22.3279]]}},{"type":"Feature","properties":{"nome":"","tipo":"stream"},"geometry":{"type":"LineString","coordinates":[[-55.9631,-22.3322],[-55.9619,-22.3311],[-55.9611,-22.3293]]}},{"type":"Feature","properties":{"nome":"","tipo":"stream"},"geometry":{"type":"LineString","coordinates":[[-55.9655,-22.3312],[-55.9651,-22.3301],[-55.966,-22.3285]]}},{"type":"Feature","properties":{"nome":"","tipo":"stream"},"geometry":{"type":"LineString","coordinates":[[-55.9566,-22.3113],[-55.9572,-22.3105],[-55.9594,-22.3108]]}},{"type":"Feature","properties":{"nome":"","tipo":"stream"},"geometry":{"type":"LineString","coordinates":[[-55.9581,-22.3085],[-55.9592,-22.3107],[-55.9617,-22.3115],[-55.9652,-22.3137],[-55.9684,-22.3143],[-55.9698,-22.3151],[-55.9731,-22.3159],[-55.9748,-22.3155],[-55.979,-22.3163],[-55.9814,-22.3159],[-55.9825,-22.3165],[-55.9834,-22.3162],[-55.9869,-22.3184]]}},{"type":"Feature","properties":{"nome":"","tipo":"stream"},"geometry":{"type":"LineString","coordinates":[[-55.9698,-22.3077],[-55.9723,-22.3103],[-55.9743,-22.3156]]}},{"type":"Feature","properties":{"nome":"","tipo":"stream"},"geometry":{"type":"LineString","coordinates":[[-55.9593,-22.3198],[-55.9656,-22.3138]]}},{"type":"Feature","properties":{"nome":"","tipo":"stream"},"geometry":{"type":"LineString","coordinates":[[-55.9536,-22.3171],[-55.9562,-22.3197],[-55.9588,-22.3206],[-55.96,-22.3217],[-55.9624,-22.3222],[-55.9667,-22.322],[-55.9707,-22.3251],[-55.9753,-22.3262]]}},{"type":"Feature","properties":{"nome":"","tipo":"stream"},"geometry":{"type":"LineString","coordinates":[[-55.9507,-22.3189],[-55.9511,-22.3209],[-55.9523,-22.3218],[-55.9565,-22.3236],[-55.9575,-22.325],[-55.9606,-22.3261],[-55.9635,-22.3278]]}},{"type":"Feature","properties":{"nome":"","tipo":"stream"},"geometry":{"type":"LineString","coordinates":[[-55.9515,-22.3239],[-55.9551,-22.3254],[-55.9575,-22.325]]}},{"type":"Feature","properties":{"nome":"","tipo":"stream"},"geometry":{"type":"LineString","coordinates":[[-55.9797,-22.3719],[-55.9807,-22.3697],[-55.9829,-22.3686],[-55.9852,-22.3661],[-55.9859,-22.3643],[-55.9858,-22.3624],[-55.9864,-22.3625],[-55.9877,-22.3614],[-55.9883,-22.3602],[-55.9906,-22.3597],[-55.9918,-22.3586],[-55.996,-22.3577],[-55.9981,-22.3556],[-56.0044,-22.3532],[-56.0061,-22.3519],[-56.0078,-22.3494],[-56.0082,-22.3478],[-56.0097,-22.3467],[-56.0106,-22.345],[-56.0132,-22.3435],[-56.0139,-22.3413],[-56.0105,-22.3399],[-56.0108,-22.3375],[-56.0118,-22.336],[-56.01,-22.334],[-56.0107,-22.3333],[-56.0107,-22.3323],[-56.0113,-22.3314],[-56.0149,-22.329],[-56.0156,-22.3275],[-56.0167,-22.3273],[-56.0165,-22.3264],[-56.0157,-22.326],[-56.0167,-22.3238],[-56.0164,-22.3229]]}},{"type":"Feature","properties":{"nome":"","tipo":"stream"},"geometry":{"type":"LineString","coordinates":[[-56.0338,-22.2894],[-56.0343,-22.287],[-56.0364,-22.2864],[-56.039,-22.2863],[-56.0405,-22.2852],[-56.0421,-22.2859],[-56.043,-22.2847],[-56.0438,-22.285],[-56.0445,-22.2845],[-56.0446,-22.2849],[-56.0454,-22.2838],[-56.0456,-22.2841],[-56.0473,-22.2837],[-56.0476,-22.2832],[-56.049,-22.2834],[-56.0497,-22.2827],[-56.0496,-22.2822],[-56.0509,-22.2824],[-56.0516,-22.2818],[-56.0519,-22.2821],[-56.0521,-22.2816],[-56.0526,-22.2819],[-56.0525,-22.2812],[-56.0521,-22.2811],[-56.0528,-22.2806],[-56.0521,-22.2799],[-56.0535,-22.2779]]}},{"type":"Feature","properties":{"nome":"","tipo":"stream"},"geometry":{"type":"LineString","coordinates":[[-56.0131,-22.3226],[-56.0138,-22.3218],[-56.0158,-22.321],[-56.017,-22.3194]]}},{"type":"Feature","properties":{"nome":"","tipo":"stream"},"geometry":{"type":"LineString","coordinates":[[-56.0154,-22.3148],[-56.0166,-22.3135],[-56.0169,-22.3123]]}},{"type":"Feature","properties":{"nome":"","tipo":"stream"},"geometry":{"type":"LineString","coordinates":[[-56.0133,-22.3043],[-56.0143,-22.3055],[-56.0172,-22.3067],[-56.0212,-22.3055]]}},{"type":"Feature","properties":{"nome":"","tipo":"stream"},"geometry":{"type":"LineString","coordinates":[[-56.0168,-22.3084],[-56.0176,-22.3079],[-56.0195,-22.3082]]}},{"type":"Feature","properties":{"nome":"","tipo":"stream"},"geometry":{"type":"LineString","coordinates":[[-56.0188,-22.3071],[-56.0189,-22.3061]]}},{"type":"Feature","properties":{"nome":"","tipo":"stream"},"geometry":{"type":"LineString","coordinates":[[-55.9809,-22.3093],[-55.9807,-22.3148],[-55.9807,-22.3156],[-55.9813,-22.3159]]}},{"type":"Feature","properties":{"nome":"","tipo":"stream"},"geometry":{"type":"LineString","coordinates":[[-56.0259,-22.2924],[-56.0246,-22.2915],[-56.0239,-22.2897],[-56.0243,-22.2877],[-56.024,-22.2864],[-56.025,-22.2859]]}},{"type":"Feature","properties":{"nome":"","tipo":"stream"},"geometry":{"type":"LineString","coordinates":[[-56.024,-22.3231],[-56.0204,-22.3236],[-56.0193,-22.3229]]}},{"type":"Feature","properties":{"nome":"","tipo":"stream"},"geometry":{"type":"LineString","coordinates":[[-55.9892,-22.3106],[-55.9896,-22.3123],[-55.9922,-22.3143],[-55.9928,-22.3166]]}},{"type":"Feature","properties":{"nome":"","tipo":"stream"},"geometry":{"type":"LineString","coordinates":[[-56.0032,-22.3344],[-56.0068,-22.3311],[-56.0079,-22.3286],[-56.0076,-22.3282],[-56.0084,-22.3274]]}},{"type":"Feature","properties":{"nome":"","tipo":"stream"},"geometry":{"type":"LineString","coordinates":[[-56.0281,-22.3032],[-56.0288,-22.3028],[-56.0295,-22.303],[-56.0299,-22.3024]]}},{"type":"Feature","properties":{"nome":"","tipo":"stream"},"geometry":{"type":"LineString","coordinates":[[-56.023,-22.3075],[-56.0237,-22.3066],[-56.0234,-22.3054]]}},{"type":"Feature","properties":{"nome":"","tipo":"stream"},"geometry":{"type":"LineString","coordinates":[[-56.0244,-22.3065],[-56.0247,-22.3054],[-56.0243,-22.3053]]}},{"type":"Feature","properties":{"nome":"","tipo":"stream"},"geometry":{"type":"LineString","coordinates":[[-56.0395,-22.3154],[-56.0404,-22.3071],[-56.0415,-22.3058],[-56.0414,-22.3048],[-56.0423,-22.3039],[-56.0422,-22.303],[-56.043,-22.3024]]}},{"type":"Feature","properties":{"nome":"","tipo":"stream"},"geometry":{"type":"LineString","coordinates":[[-56.048,-22.3008],[-56.0486,-22.2987],[-56.0477,-22.2964]]}},{"type":"Feature","properties":{"nome":"","tipo":"stream"},"geometry":{"type":"LineString","coordinates":[[-55.9247,-22.4059],[-55.9271,-22.4052],[-55.9295,-22.4032],[-55.932,-22.4025],[-55.934,-22.4012],[-55.9383,-22.4008],[-55.9394,-22.4013],[-55.9399,-22.4007],[-55.9413,-22.4005],[-55.9422,-22.401]]}},{"type":"Feature","properties":{"nome":"","tipo":"stream"},"geometry":{"type":"LineString","coordinates":[[-55.9399,-22.3922],[-55.9392,-22.3923],[-55.9383,-22.3949]]}},{"type":"Feature","properties":{"nome":"","tipo":"stream"},"geometry":{"type":"LineString","coordinates":[[-55.9481,-22.3882],[-55.9466,-22.3884],[-55.944,-22.3901],[-55.9424,-22.3921],[-55.9424,-22.3931],[-55.9406,-22.3941],[-55.9396,-22.3958]]}},{"type":"Feature","properties":{"nome":"","tipo":"stream"},"geometry":{"type":"LineString","coordinates":[[-55.9498,-22.3925],[-55.9489,-22.3936],[-55.947,-22.3947],[-55.9422,-22.3952],[-55.9407,-22.3965]]}},{"type":"Feature","properties":{"nome":"","tipo":"stream"},"geometry":{"type":"LineString","coordinates":[[-55.9393,-22.4078],[-55.9397,-22.4055]]}},{"type":"Feature","properties":{"nome":"","tipo":"stream"},"geometry":{"type":"LineString","coordinates":[[-55.9376,-22.4073],[-55.9377,-22.4067],[-55.9417,-22.4038],[-55.9436,-22.4054],[-55.945,-22.4056]]}},{"type":"Feature","properties":{"nome":"","tipo":"stream"},"geometry":{"type":"LineString","coordinates":[[-55.9411,-22.4051],[-55.9414,-22.4043]]}},{"type":"Feature","properties":{"nome":"","tipo":"stream"},"geometry":{"type":"LineString","coordinates":[[-55.9251,-22.3991],[-55.9261,-22.3988],[-55.9277,-22.3995],[-55.9296,-22.3996],[-55.9302,-22.4007],[-55.9318,-22.4014],[-55.9324,-22.4022]]}},{"type":"Feature","properties":{"nome":"","tipo":"stream"},"geometry":{"type":"LineString","coordinates":[[-55.9332,-22.4057],[-55.9342,-22.4044],[-55.9343,-22.4012]]}},{"type":"Feature","properties":{"nome":"","tipo":"stream"},"geometry":{"type":"LineString","coordinates":[[-55.9295,-22.4067],[-55.9302,-22.403]]}},{"type":"Feature","properties":{"nome":"","tipo":"stream"},"geometry":{"type":"LineString","coordinates":[[-55.9362,-22.4055],[-55.9369,-22.4016],[-55.9373,-22.4011]]}},{"type":"Feature","properties":{"nome":"","tipo":"stream"},"geometry":{"type":"LineString","coordinates":[[-55.932,-22.3979],[-55.9342,-22.3998],[-55.9347,-22.4011]]}},{"type":"Feature","properties":{"nome":"","tipo":"stream"},"geometry":{"type":"LineString","coordinates":[[-55.9113,-22.3912],[-55.9111,-22.3894],[-55.9123,-22.3884],[-55.9125,-22.3867],[-55.9137,-22.386],[-55.9134,-22.385]]}},{"type":"Feature","properties":{"nome":"","tipo":"stream"},"geometry":{"type":"LineString","coordinates":[[-55.9132,-22.3895],[-55.913,-22.3879],[-55.9136,-22.386]]}},{"type":"Feature","properties":{"nome":"","tipo":"stream"},"geometry":{"type":"LineString","coordinates":[[-55.9094,-22.3635],[-55.9099,-22.3644],[-55.9116,-22.3652],[-55.9118,-22.3659],[-55.9147,-22.3664]]}},{"type":"Feature","properties":{"nome":"","tipo":"stream"},"geometry":{"type":"LineString","coordinates":[[-55.9445,-22.3921],[-55.9425,-22.393]]}},{"type":"Feature","properties":{"nome":"","tipo":"stream"},"geometry":{"type":"LineString","coordinates":[[-55.9446,-22.3928],[-55.942,-22.3941],[-55.9415,-22.3937]]}},{"type":"Feature","properties":{"nome":"","tipo":"stream"},"geometry":{"type":"LineString","coordinates":[[-55.9496,-22.3958],[-55.9469,-22.3947]]}},{"type":"Feature","properties":{"nome":"","tipo":"stream"},"geometry":{"type":"LineString","coordinates":[[-55.9468,-22.3914],[-55.9455,-22.3947]]}},{"type":"Feature","properties":{"nome":"","tipo":"stream"},"geometry":{"type":"LineString","coordinates":[[-55.948,-22.3964],[-55.9464,-22.3947]]}},{"type":"Feature","properties":{"nome":"","tipo":"stream"},"geometry":{"type":"LineString","coordinates":[[-55.9462,-22.3978],[-55.9445,-22.3975],[-55.942,-22.3986]]}},{"type":"Feature","properties":{"nome":"","tipo":"stream"},"geometry":{"type":"LineString","coordinates":[[-55.9514,-22.4059],[-55.95,-22.406],[-55.9483,-22.4071]]}},{"type":"Feature","properties":{"nome":"","tipo":"stream"},"geometry":{"type":"LineString","coordinates":[[-55.8902,-22.2939],[-55.891,-22.2965]]}},{"type":"Feature","properties":{"nome":"","tipo":"stream"},"geometry":{"type":"LineString","coordinates":[[-55.8937,-22.3111],[-55.8938,-22.3073]]}},{"type":"Feature","properties":{"nome":"","tipo":"stream"},"geometry":{"type":"LineString","coordinates":[[-55.8984,-22.307],[-55.8976,-22.3045]]}},{"type":"Feature","properties":{"nome":"","tipo":"stream"},"geometry":{"type":"LineString","coordinates":[[-55.9016,-22.3069],[-55.9015,-22.3041]]}},{"type":"Feature","properties":{"nome":"","tipo":"stream"},"geometry":{"type":"LineString","coordinates":[[-55.9372,-22.3247],[-55.9386,-22.3244],[-55.9408,-22.3254],[-55.9412,-22.3253],[-55.9414,-22.3266],[-55.9421,-22.3273],[-55.9444,-22.3279],[-55.9454,-22.3292],[-55.9455,-22.3314],[-55.947,-22.3323],[-55.9472,-22.3331],[-55.9479,-22.3328],[-55.9498,-22.3332],[-55.9527,-22.3345]]}},{"type":"Feature","properties":{"nome":"arroyo Tacuyraro","tipo":"stream"},"geometry":{"type":"LineString","coordinates":[[-55.813,-22.3808],[-55.8151,-22.384],[-55.8164,-22.3848],[-55.8196,-22.385],[-55.8212,-22.3869],[-55.8218,-22.3883],[-55.8215,-22.3917],[-55.8198,-22.3942],[-55.8207,-22.3974],[-55.8234,-22.4015],[-55.8248,-22.4058],[-55.8257,-22.4063],[-55.8261,-22.4072],[-55.8253,-22.4094],[-55.8258,-22.4104],[-55.8256,-22.4121],[-55.8242,-22.4174],[-55.8223,-22.4214],[-55.8216,-22.4218],[-55.8224,-22.425],[-55.8219,-22.4262],[-55.8221,-22.4298],[-55.8211,-22.4313],[-55.8204,-22.4343],[-55.821,-22.4357],[-55.8197,-22.4378],[-55.8206,-22.4421],[-55.8211,-22.4425],[-55.8213,-22.4443],[-55.8207,-22.4447],[-55.8214,-22.4468],[-55.8205,-22.4474],[-55.8204,-22.4487],[-55.8195,-22.4497],[-55.8198,-22.4506],[-55.8192,-22.4516],[-55.8192,-22.4537],[-55.8181,-22.4543],[-55.8176,-22.4557],[-55.8199,-22.4571],[-55.8199,-22.4576],[-55.819,-22.4575],[-55.819,-22.4587],[-55.8199,-22.4597],[-55.8207,-22.46],[-55.8219,-22.4617],[-55.8238,-22.4621],[-55.8233,-22.4642],[-55.8247,-22.4644],[-55.8247,-22.4651],[-55.8271,-22.4661],[-55.8286,-22.4649],[-55.829,-22.4659],[-55.8302,-22.4658],[-55.8292,-22.4669],[-55.8293,-22.4688],[-55.8332,-22.4693],[-55.8326,-22.4727],[-55.8339,-22.4733],[-55.8344,-22.4747],[-55.8355,-22.4758],[-55.8368,-22.4768],[-55.8375,-22.4763],[-55.8388,-22.4769],[-55.8397,-22.4765],[-55.8407,-22.4771],[-55.8413,-22.481],[-55.8408,-22.4818],[-55.8421,-22.4832],[-55.8414,-22.4841],[-55.8425,-22.4849],[-55.8433,-22.4843],[-55.8434,-22.485],[-55.8442,-22.4842],[-55.8449,-22.4844],[-55.8468,-22.4866],[-55.8467,-22.4881],[-55.8483,-22.4892],[-55.8485,-22.4898],[-55.8499,-22.4899],[-55.8501,-22.4895],[-55.8504,-22.4901],[-55.8513,-22.49],[-55.8513,-22.4907],[-55.8527,-22.4904],[-55.8522,-22.4913],[-55.8543,-22.4912],[-55.8541,-22.4918],[-55.8548,-22.4918],[-55.8542,-22.4924],[-55.8551,-22.4928],[-55.8551,-22.4939],[-55.8557,-22.4939],[-55.8557,-22.4948],[-55.8562,-22.495],[-55.8556,-22.4961],[-55.8563,-22.4971]]}},{"type":"Feature","properties":{"nome":"","tipo":"stream"},"geometry":{"type":"LineString","coordinates":[[-55.8181,-22.3784],[-55.8182,-22.3808],[-55.8193,-22.3825],[-55.8196,-22.385]]}},{"type":"Feature","properties":{"nome":"","tipo":"stream"},"geometry":{"type":"LineString","coordinates":[[-55.8027,-22.3834],[-55.8094,-22.3872],[-55.8102,-22.3924],[-55.8117,-22.3939],[-55.8135,-22.3946],[-55.8145,-22.3946],[-55.8162,-22.3961],[-55.8207,-22.3974]]}},{"type":"Feature","properties":{"nome":"","tipo":"stream"},"geometry":{"type":"LineString","coordinates":[[-55.8081,-22.3822],[-55.8097,-22.3829],[-55.8096,-22.386],[-55.8091,-22.3869]]}},{"type":"Feature","properties":{"nome":"","tipo":"stream"},"geometry":{"type":"LineString","coordinates":[[-55.8019,-22.3898],[-55.8044,-22.3895],[-55.8073,-22.3916],[-55.8102,-22.3924]]}},{"type":"Feature","properties":{"nome":"","tipo":"stream"},"geometry":{"type":"LineString","coordinates":[[-55.8109,-22.396],[-55.8133,-22.3946]]}},{"type":"Feature","properties":{"nome":"","tipo":"stream"},"geometry":{"type":"LineString","coordinates":[[-55.7971,-22.3979],[-55.7961,-22.3994],[-55.7964,-22.4008],[-55.7958,-22.4008],[-55.7903,-22.408],[-55.7905,-22.4097],[-55.7894,-22.4104],[-55.7891,-22.4117],[-55.7897,-22.4131]]}},{"type":"Feature","properties":{"nome":"","tipo":"stream"},"geometry":{"type":"LineString","coordinates":[[-55.8208,-22.3667],[-55.822,-22.367],[-55.8242,-22.3656],[-55.8255,-22.3612],[-55.8252,-22.3602]]}},{"type":"Feature","properties":{"nome":"","tipo":"stream"},"geometry":{"type":"LineString","coordinates":[[-55.8372,-22.3677],[-55.8382,-22.3691],[-55.8383,-22.3707],[-55.8389,-22.3717],[-55.8405,-22.3719],[-55.8415,-22.3725],[-55.8444,-22.3715],[-55.8463,-22.3718]]}},{"type":"Feature","properties":{"nome":"","tipo":"stream"},"geometry":{"type":"LineString","coordinates":[[-55.8627,-22.3741],[-55.863,-22.3714],[-55.865,-22.369]]}},{"type":"Feature","properties":{"nome":"","tipo":"stream"},"geometry":{"type":"LineString","coordinates":[[-55.8959,-22.3758],[-55.8955,-22.3756],[-55.8948,-22.3691]]}},{"type":"Feature","properties":{"nome":"","tipo":"stream"},"geometry":{"type":"LineString","coordinates":[[-55.7854,-22.3945],[-55.7837,-22.3985],[-55.7802,-22.4011],[-55.779,-22.4016]]}},{"type":"Feature","properties":{"nome":"","tipo":"stream"},"geometry":{"type":"LineString","coordinates":[[-55.7773,-22.3907],[-55.7776,-22.3915],[-55.7762,-22.3961],[-55.7767,-22.3981],[-55.7778,-22.4001],[-55.7789,-22.4009],[-55.7789,-22.4043],[-55.7796,-22.4065],[-55.7812,-22.4091],[-55.7824,-22.41],[-55.7825,-22.4117],[-55.787,-22.4139],[-55.7886,-22.413],[-55.7897,-22.4131],[-55.7912,-22.4152],[-55.7923,-22.4158],[-55.7936,-22.419],[-55.7947,-22.4203],[-55.7962,-22.4206],[-55.7981,-22.4217],[-55.7987,-22.4227],[-55.7993,-22.4227],[-55.7989,-22.4232],[-55.7995,-22.4241],[-55.8013,-22.424],[-55.8019,-22.4255],[-55.8042,-22.4257],[-55.8052,-22.4273],[-55.8073,-22.4279],[-55.808,-22.4297],[-55.8094,-22.4299],[-55.8094,-22.4318],[-55.8112,-22.4323],[-55.8107,-22.4336],[-55.8115,-22.4353],[-55.8114,-22.438],[-55.8129,-22.4397],[-55.8113,-22.4406],[-55.8114,-22.4416],[-55.8122,-22.4415],[-55.8128,-22.4425],[-55.8139,-22.4429],[-55.8144,-22.4446],[-55.8138,-22.4454],[-55.8156,-22.4473],[-55.8148,-22.4471],[-55.8146,-22.4478],[-55.8152,-22.4479],[-55.8151,-22.4496],[-55.8157,-22.4502],[-55.8159,-22.4513],[-55.8152,-22.4523],[-55.815,-22.4535],[-55.816,-22.4532],[-55.8177,-22.4548]]}},{"type":"Feature","properties":{"nome":"","tipo":"stream"},"geometry":{"type":"LineString","coordinates":[[-55.7879,-22.406],[-55.7893,-22.408],[-55.7902,-22.4083]]}},{"type":"Feature","properties":{"nome":"","tipo":"stream"},"geometry":{"type":"LineString","coordinates":[[-55.7918,-22.4026],[-55.7926,-22.4047]]}},{"type":"Feature","properties":{"nome":"","tipo":"stream"},"geometry":{"type":"LineString","coordinates":[[-55.7781,-22.4076],[-55.7801,-22.4075]]}},{"type":"Feature","properties":{"nome":"","tipo":"stream"},"geometry":{"type":"LineString","coordinates":[[-55.7767,-22.403],[-55.7789,-22.4036]]}},{"type":"Feature","properties":{"nome":"","tipo":"stream"},"geometry":{"type":"LineString","coordinates":[[-55.8023,-22.4079],[-55.8009,-22.4144],[-55.7989,-22.4146],[-55.7979,-22.4164],[-55.7965,-22.4169],[-55.7951,-22.4182],[-55.7943,-22.4197]]}},{"type":"Feature","properties":{"nome":"","tipo":"stream"},"geometry":{"type":"LineString","coordinates":[[-55.8023,-22.4183],[-55.8019,-22.4191],[-55.8024,-22.4215],[-55.8013,-22.424]]}},{"type":"Feature","properties":{"nome":"","tipo":"stream"},"geometry":{"type":"LineString","coordinates":[[-55.808,-22.4112],[-55.8082,-22.4123],[-55.8101,-22.4132],[-55.8106,-22.4145],[-55.8133,-22.4162],[-55.8141,-22.4179],[-55.8177,-22.4199],[-55.8189,-22.4199],[-55.8199,-22.421],[-55.8216,-22.4219]]}},{"type":"Feature","properties":{"nome":"","tipo":"stream"},"geometry":{"type":"LineString","coordinates":[[-55.8041,-22.4395],[-55.8112,-22.4411]]}},{"type":"Feature","properties":{"nome":"","tipo":"stream"},"geometry":{"type":"LineString","coordinates":[[-55.8084,-22.4435],[-55.8104,-22.4427],[-55.8114,-22.4417]]}},{"type":"Feature","properties":{"nome":"","tipo":"stream"},"geometry":{"type":"LineString","coordinates":[[-55.8002,-22.4451],[-55.8023,-22.4469],[-55.8078,-22.4482],[-55.8117,-22.4506],[-55.8137,-22.451],[-55.8158,-22.4505]]}},{"type":"Feature","properties":{"nome":"","tipo":"stream"},"geometry":{"type":"LineString","coordinates":[[-55.7675,-22.3903],[-55.7664,-22.3911],[-55.7653,-22.3911]]}},{"type":"Feature","properties":{"nome":"","tipo":"stream"},"geometry":{"type":"LineString","coordinates":[[-55.7702,-22.3984],[-55.7647,-22.3976]]}},{"type":"Feature","properties":{"nome":"","tipo":"stream"},"geometry":{"type":"LineString","coordinates":[[-55.7677,-22.396],[-55.7681,-22.397],[-55.7678,-22.3978]]}},{"type":"Feature","properties":{"nome":"","tipo":"stream"},"geometry":{"type":"LineString","coordinates":[[-55.76,-22.3963],[-55.76,-22.3984],[-55.7606,-22.3998]]}},{"type":"Feature","properties":{"nome":"","tipo":"stream"},"geometry":{"type":"LineString","coordinates":[[-55.7539,-22.3901],[-55.7536,-22.3911],[-55.7543,-22.3924],[-55.7564,-22.3943]]}},{"type":"Feature","properties":{"nome":"","tipo":"stream"},"geometry":{"type":"LineString","coordinates":[[-55.7587,-22.4058],[-55.7575,-22.4057],[-55.7554,-22.4067]]}},{"type":"Feature","properties":{"nome":"","tipo":"stream"},"geometry":{"type":"LineString","coordinates":[[-55.7465,-22.4086],[-55.7498,-22.4108],[-55.7506,-22.4123]]}},{"type":"Feature","properties":{"nome":"","tipo":"stream"},"geometry":{"type":"LineString","coordinates":[[-55.7476,-22.4122],[-55.7502,-22.4121],[-55.7554,-22.4139],[-55.7571,-22.4138]]}},{"type":"Feature","properties":{"nome":"","tipo":"stream"},"geometry":{"type":"LineString","coordinates":[[-55.7462,-22.4162],[-55.7485,-22.4187],[-55.7488,-22.4206]]}},{"type":"Feature","properties":{"nome":"","tipo":"stream"},"geometry":{"type":"LineString","coordinates":[[-55.7437,-22.4209],[-55.7459,-22.4201]]}},{"type":"Feature","properties":{"nome":"","tipo":"stream"},"geometry":{"type":"LineString","coordinates":[[-55.7615,-22.4156],[-55.7613,-22.417],[-55.7597,-22.4193]]}},{"type":"Feature","properties":{"nome":"","tipo":"stream"},"geometry":{"type":"LineString","coordinates":[[-55.7717,-22.4138],[-55.7708,-22.414],[-55.7691,-22.4155]]}},{"type":"Feature","properties":{"nome":"","tipo":"stream"},"geometry":{"type":"LineString","coordinates":[[-55.7745,-22.4147],[-55.7679,-22.4158]]}},{"type":"Feature","properties":{"nome":"","tipo":"stream"},"geometry":{"type":"LineString","coordinates":[[-55.7697,-22.4053],[-55.7677,-22.4116],[-55.7682,-22.4143],[-55.7679,-22.4158],[-55.7648,-22.4219],[-55.7633,-22.4225]]}},{"type":"Feature","properties":{"nome":"","tipo":"stream"},"geometry":{"type":"LineString","coordinates":[[-55.7408,-22.432],[-55.7423,-22.4323],[-55.7458,-22.4343],[-55.7462,-22.435]]}},{"type":"Feature","properties":{"nome":"","tipo":"stream"},"geometry":{"type":"LineString","coordinates":[[-55.7511,-22.4398],[-55.7501,-22.4394],[-55.7492,-22.4381],[-55.7484,-22.4346]]}},{"type":"Feature","properties":{"nome":"","tipo":"stream"},"geometry":{"type":"LineString","coordinates":[[-55.7568,-22.4275],[-55.7581,-22.4294]]}},{"type":"Feature","properties":{"nome":"","tipo":"stream"},"geometry":{"type":"LineString","coordinates":[[-55.7574,-22.4316],[-55.7578,-22.4295]]}},{"type":"Feature","properties":{"nome":"","tipo":"stream"},"geometry":{"type":"LineString","coordinates":[[-55.7601,-22.4346],[-55.7594,-22.429]]}},{"type":"Feature","properties":{"nome":"","tipo":"stream"},"geometry":{"type":"LineString","coordinates":[[-55.7606,-22.4297],[-55.7607,-22.4286]]}},{"type":"Feature","properties":{"nome":"","tipo":"stream"},"geometry":{"type":"LineString","coordinates":[[-55.7638,-22.4322],[-55.7652,-22.4302],[-55.767,-22.4291]]}},{"type":"Feature","properties":{"nome":"","tipo":"stream"},"geometry":{"type":"LineString","coordinates":[[-55.7642,-22.4363],[-55.7664,-22.4333],[-55.7696,-22.4314]]}},{"type":"Feature","properties":{"nome":"","tipo":"stream"},"geometry":{"type":"LineString","coordinates":[[-55.7676,-22.4354],[-55.7676,-22.4328]]}},{"type":"Feature","properties":{"nome":"","tipo":"stream"},"geometry":{"type":"LineString","coordinates":[[-55.7452,-22.4279],[-55.7467,-22.4283],[-55.7501,-22.432],[-55.7513,-22.4326]]}},{"type":"Feature","properties":{"nome":"","tipo":"stream"},"geometry":{"type":"LineString","coordinates":[[-55.7517,-22.424],[-55.7515,-22.4232],[-55.7523,-22.4224]]}},{"type":"Feature","properties":{"nome":"","tipo":"stream"},"geometry":{"type":"LineString","coordinates":[[-55.7432,-22.4617],[-55.7444,-22.4592],[-55.7455,-22.4589],[-55.7466,-22.4578],[-55.7539,-22.4561],[-55.7548,-22.4562],[-55.7555,-22.4557],[-55.7576,-22.456],[-55.7596,-22.4548],[-55.7619,-22.4551],[-55.7629,-22.4573],[-55.7644,-22.4581],[-55.7663,-22.461]]}},{"type":"Feature","properties":{"nome":"","tipo":"stream"},"geometry":{"type":"LineString","coordinates":[[-55.739,-22.4572],[-55.7417,-22.456],[-55.7444,-22.4559],[-55.7467,-22.4578]]}},{"type":"Feature","properties":{"nome":"","tipo":"stream"},"geometry":{"type":"LineString","coordinates":[[-55.7447,-22.4502],[-55.7465,-22.4518],[-55.7475,-22.4536],[-55.75,-22.4551],[-55.7512,-22.4568]]}},{"type":"Feature","properties":{"nome":"","tipo":"stream"},"geometry":{"type":"LineString","coordinates":[[-55.7509,-22.4544],[-55.752,-22.4553],[-55.7527,-22.4566]]}},{"type":"Feature","properties":{"nome":"","tipo":"stream"},"geometry":{"type":"LineString","coordinates":[[-55.7526,-22.4529],[-55.752,-22.4546],[-55.753,-22.4561],[-55.7537,-22.4563]]}},{"type":"Feature","properties":{"nome":"","tipo":"stream"},"geometry":{"type":"LineString","coordinates":[[-55.7532,-22.4518],[-55.7543,-22.4539],[-55.756,-22.4557]]}},{"type":"Feature","properties":{"nome":"","tipo":"stream"},"geometry":{"type":"LineString","coordinates":[[-55.7564,-22.4406],[-55.7597,-22.4411],[-55.7608,-22.4407],[-55.7613,-22.4394],[-55.7649,-22.4388],[-55.7664,-22.4378],[-55.7672,-22.4379],[-55.7707,-22.4363],[-55.772,-22.4363]]}},{"type":"Feature","properties":{"nome":"","tipo":"stream"},"geometry":{"type":"LineString","coordinates":[[-55.7689,-22.4406],[-55.7696,-22.4371]]}},{"type":"Feature","properties":{"nome":"","tipo":"stream"},"geometry":{"type":"LineString","coordinates":[[-55.7662,-22.4402],[-55.7672,-22.4379]]}},{"type":"Feature","properties":{"nome":"","tipo":"stream"},"geometry":{"type":"LineString","coordinates":[[-55.7848,-22.4231],[-55.7836,-22.4241],[-55.7811,-22.4241],[-55.7772,-22.4264],[-55.7768,-22.4262],[-55.776,-22.4271],[-55.7745,-22.4332],[-55.7733,-22.4337]]}},{"type":"Feature","properties":{"nome":"","tipo":"stream"},"geometry":{"type":"LineString","coordinates":[[-55.8173,-22.4377],[-55.8197,-22.4376]]}},{"type":"Feature","properties":{"nome":"","tipo":"stream"},"geometry":{"type":"LineString","coordinates":[[-55.8171,-22.4367],[-55.8183,-22.4368],[-55.8185,-22.4375]]}},{"type":"Feature","properties":{"nome":"","tipo":"stream"},"geometry":{"type":"LineString","coordinates":[[-55.8154,-22.438],[-55.8127,-22.4391]]}},{"type":"Feature","properties":{"nome":"","tipo":"stream"},"geometry":{"type":"LineString","coordinates":[[-55.8139,-22.4344],[-55.8114,-22.4366]]}},{"type":"Feature","properties":{"nome":"","tipo":"stream"},"geometry":{"type":"LineString","coordinates":[[-55.828,-22.4496],[-55.8227,-22.4499],[-55.8198,-22.4493]]}},{"type":"Feature","properties":{"nome":"","tipo":"stream"},"geometry":{"type":"LineString","coordinates":[[-55.8267,-22.4454],[-55.8222,-22.4473],[-55.8211,-22.4472]]}},{"type":"Feature","properties":{"nome":"","tipo":"stream"},"geometry":{"type":"LineString","coordinates":[[-55.8256,-22.4398],[-55.8209,-22.4424]]}},{"type":"Feature","properties":{"nome":"","tipo":"stream"},"geometry":{"type":"LineString","coordinates":[[-55.823,-22.4364],[-55.8203,-22.44]]}},{"type":"Feature","properties":{"nome":"","tipo":"stream"},"geometry":{"type":"LineString","coordinates":[[-55.8292,-22.4176],[-55.8281,-22.4205],[-55.8259,-22.4207],[-55.8242,-22.422],[-55.8238,-22.4247],[-55.8221,-22.4268]]}},{"type":"Feature","properties":{"nome":"","tipo":"stream"},"geometry":{"type":"LineString","coordinates":[[-55.8248,-22.398],[-55.8221,-22.399]]}},{"type":"Feature","properties":{"nome":"","tipo":"stream"},"geometry":{"type":"LineString","coordinates":[[-55.8237,-22.3965],[-55.8218,-22.3986]]}},{"type":"Feature","properties":{"nome":"","tipo":"stream"},"geometry":{"type":"LineString","coordinates":[[-55.8269,-22.3883],[-55.8222,-22.3919],[-55.8213,-22.392]]}},{"type":"Feature","properties":{"nome":"","tipo":"stream"},"geometry":{"type":"LineString","coordinates":[[-55.7499,-22.4221],[-55.7503,-22.4212]]}},{"type":"Feature","properties":{"nome":"","tipo":"stream"},"geometry":{"type":"LineString","coordinates":[[-55.7585,-22.4115],[-55.7579,-22.4128],[-55.7567,-22.4133]]}},{"type":"Feature","properties":{"nome":"","tipo":"stream"},"geometry":{"type":"LineString","coordinates":[[-55.9486,-22.3212],[-55.951,-22.3207]]}},{"type":"Feature","properties":{"nome":"","tipo":"stream"},"geometry":{"type":"LineString","coordinates":[[-55.7523,-22.468],[-55.7552,-22.4677],[-55.757,-22.4663],[-55.7578,-22.4665]]}},{"type":"Feature","properties":{"nome":"","tipo":"stream"},"geometry":{"type":"LineString","coordinates":[[-55.7618,-22.4676],[-55.7607,-22.4648]]}},{"type":"Feature","properties":{"nome":"","tipo":"stream"},"geometry":{"type":"LineString","coordinates":[[-55.7554,-22.4641],[-55.7596,-22.4656]]}},{"type":"Feature","properties":{"nome":"","tipo":"stream"},"geometry":{"type":"LineString","coordinates":[[-55.7585,-22.4634],[-55.7609,-22.4646]]}},{"type":"Feature","properties":{"nome":"","tipo":"stream"},"geometry":{"type":"LineString","coordinates":[[-55.767,-22.4566],[-55.7658,-22.4581],[-55.7653,-22.4596]]}},{"type":"Feature","properties":{"nome":"","tipo":"stream"},"geometry":{"type":"LineString","coordinates":[[-55.764,-22.4598],[-55.7651,-22.4595]]}},{"type":"Feature","properties":{"nome":"","tipo":"stream"},"geometry":{"type":"LineString","coordinates":[[-55.7607,-22.4587],[-55.7638,-22.4577]]}},{"type":"Feature","properties":{"nome":"","tipo":"stream"},"geometry":{"type":"LineString","coordinates":[[-55.7664,-22.4714],[-55.7689,-22.4662],[-55.7708,-22.4647],[-55.7715,-22.4623]]}},{"type":"Feature","properties":{"nome":"","tipo":"stream"},"geometry":{"type":"LineString","coordinates":[[-55.7635,-22.4666],[-55.7632,-22.4648],[-55.7622,-22.4637]]}},{"type":"Feature","properties":{"nome":"","tipo":"stream"},"geometry":{"type":"LineString","coordinates":[[-55.7656,-22.4677],[-55.7683,-22.4674]]}},{"type":"Feature","properties":{"nome":"","tipo":"stream"},"geometry":{"type":"LineString","coordinates":[[-55.7707,-22.456],[-55.7712,-22.4573],[-55.7759,-22.4584],[-55.7762,-22.4592],[-55.7769,-22.4593],[-55.7782,-22.4609],[-55.7797,-22.4611]]}},{"type":"Feature","properties":{"nome":"","tipo":"stream"},"geometry":{"type":"LineString","coordinates":[[-55.7652,-22.442],[-55.7646,-22.4388]]}},{"type":"Feature","properties":{"nome":"","tipo":"stream"},"geometry":{"type":"LineString","coordinates":[[-55.7715,-22.4341],[-55.7727,-22.4354]]}},{"type":"Feature","properties":{"nome":"","tipo":"stream"},"geometry":{"type":"LineString","coordinates":[[-55.7782,-22.4337],[-55.7784,-22.4348],[-55.7775,-22.4357],[-55.7767,-22.4374],[-55.7746,-22.4378]]}},{"type":"Feature","properties":{"nome":"","tipo":"stream"},"geometry":{"type":"LineString","coordinates":[[-55.7697,-22.4336],[-55.77,-22.4343],[-55.7711,-22.4351],[-55.7714,-22.4362]]}},{"type":"Feature","properties":{"nome":"","tipo":"stream"},"geometry":{"type":"LineString","coordinates":[[-55.7736,-22.4475],[-55.7744,-22.4468],[-55.7754,-22.4445],[-55.7779,-22.4442]]}},{"type":"Feature","properties":{"nome":"","tipo":"stream"},"geometry":{"type":"LineString","coordinates":[[-55.7849,-22.4404],[-55.7816,-22.4442],[-55.7789,-22.4457]]}},{"type":"Feature","properties":{"nome":"","tipo":"stream"},"geometry":{"type":"LineString","coordinates":[[-55.7794,-22.4305],[-55.781,-22.4325],[-55.7817,-22.4366],[-55.7811,-22.4386],[-55.7798,-22.4389],[-55.7789,-22.4405],[-55.7775,-22.4415]]}},{"type":"Feature","properties":{"nome":"","tipo":"stream"},"geometry":{"type":"LineString","coordinates":[[-55.7986,-22.4299],[-55.7975,-22.4273],[-55.7996,-22.4241]]}},{"type":"Feature","properties":{"nome":"","tipo":"stream"},"geometry":{"type":"LineString","coordinates":[[-55.7728,-22.453],[-55.7748,-22.4524],[-55.7758,-22.4513]]}},{"type":"Feature","properties":{"nome":"","tipo":"stream"},"geometry":{"type":"LineString","coordinates":[[-55.7655,-22.4428],[-55.7657,-22.4454],[-55.7682,-22.4456],[-55.77,-22.4469],[-55.7713,-22.4494],[-55.7738,-22.4501],[-55.7743,-22.4509],[-55.7756,-22.4513],[-55.7781,-22.4509],[-55.7803,-22.451],[-55.7818,-22.4517]]}},{"type":"Feature","properties":{"nome":"","tipo":"stream"},"geometry":{"type":"LineString","coordinates":[[-55.7667,-22.4473],[-55.7679,-22.4488],[-55.7697,-22.4498],[-55.7712,-22.4493]]}},{"type":"Feature","properties":{"nome":"","tipo":"stream"},"geometry":{"type":"LineString","coordinates":[[-55.7661,-22.4498],[-55.7688,-22.4492]]}},{"type":"Feature","properties":{"nome":"","tipo":"stream"},"geometry":{"type":"LineString","coordinates":[[-55.7709,-22.4524],[-55.7736,-22.4501]]}},{"type":"Feature","properties":{"nome":"","tipo":"stream"},"geometry":{"type":"LineString","coordinates":[[-55.7733,-22.4517],[-55.7748,-22.451]]}},{"type":"Feature","properties":{"nome":"","tipo":"stream"},"geometry":{"type":"LineString","coordinates":[[-55.7748,-22.4499],[-55.7747,-22.451]]}},{"type":"Feature","properties":{"nome":"","tipo":"stream"},"geometry":{"type":"LineString","coordinates":[[-55.7752,-22.4482],[-55.7769,-22.4482],[-55.7773,-22.4492],[-55.7798,-22.4487]]}},{"type":"Feature","properties":{"nome":"","tipo":"stream"},"geometry":{"type":"LineString","coordinates":[[-55.7821,-22.4474],[-55.7808,-22.4494]]}},{"type":"Feature","properties":{"nome":"","tipo":"stream"},"geometry":{"type":"LineString","coordinates":[[-55.7862,-22.4468],[-55.7857,-22.4486],[-55.7847,-22.4498],[-55.7848,-22.451],[-55.7843,-22.4518]]}},{"type":"Feature","properties":{"nome":"","tipo":"stream"},"geometry":{"type":"LineString","coordinates":[[-55.7835,-22.4478],[-55.7837,-22.4519]]}},{"type":"Feature","properties":{"nome":"","tipo":"stream"},"geometry":{"type":"LineString","coordinates":[[-55.7894,-22.4475],[-55.7883,-22.4493],[-55.788,-22.4513],[-55.7857,-22.4547],[-55.7865,-22.4561]]}},{"type":"Feature","properties":{"nome":"","tipo":"stream"},"geometry":{"type":"LineString","coordinates":[[-55.7885,-22.4532],[-55.7867,-22.4535]]}},{"type":"Feature","properties":{"nome":"","tipo":"stream"},"geometry":{"type":"LineString","coordinates":[[-55.7916,-22.4485],[-55.7902,-22.4499],[-55.788,-22.4512]]}},{"type":"Feature","properties":{"nome":"","tipo":"stream"},"geometry":{"type":"LineString","coordinates":[[-55.7487,-22.4838],[-55.7521,-22.4855],[-55.7538,-22.4856],[-55.7547,-22.4852],[-55.7581,-22.4866],[-55.762,-22.4873],[-55.7633,-22.4868],[-55.7657,-22.4869],[-55.7663,-22.4864],[-55.77,-22.4867],[-55.7715,-22.4853],[-55.774,-22.4857],[-55.782,-22.4843],[-55.7853,-22.4832],[-55.7916,-22.4843],[-55.7946,-22.4839],[-55.7962,-22.4832],[-55.7972,-22.4815],[-55.8012,-22.4822],[-55.8029,-22.4816],[-55.8042,-22.4823],[-55.8054,-22.4819],[-55.8073,-22.4798],[-55.8102,-22.4788]]}},{"type":"Feature","properties":{"nome":"","tipo":"stream"},"geometry":{"type":"LineString","coordinates":[[-55.7705,-22.4918],[-55.77,-22.4903],[-55.771,-22.4873],[-55.7706,-22.4865]]}},{"type":"Feature","properties":{"nome":"","tipo":"stream"},"geometry":{"type":"LineString","coordinates":[[-55.7641,-22.4895],[-55.7649,-22.4868]]}},{"type":"Feature","properties":{"nome":"","tipo":"stream"},"geometry":{"type":"LineString","coordinates":[[-55.7565,-22.4902],[-55.7581,-22.4888],[-55.7591,-22.4886],[-55.76,-22.4875],[-55.7614,-22.4871]]}},{"type":"Feature","properties":{"nome":"","tipo":"stream"},"geometry":{"type":"LineString","coordinates":[[-55.7747,-22.4817],[-55.7761,-22.4837],[-55.7763,-22.4851]]}},{"type":"Feature","properties":{"nome":"","tipo":"stream"},"geometry":{"type":"LineString","coordinates":[[-55.7746,-22.4909],[-55.7756,-22.4905],[-55.7773,-22.4851]]}},{"type":"Feature","properties":{"nome":"","tipo":"stream"},"geometry":{"type":"LineString","coordinates":[[-55.7745,-22.4889],[-55.7756,-22.4853]]}},{"type":"Feature","properties":{"nome":"","tipo":"stream"},"geometry":{"type":"LineString","coordinates":[[-55.7768,-22.4927],[-55.7776,-22.4922],[-55.7793,-22.489],[-55.7812,-22.4878],[-55.7824,-22.4851],[-55.7824,-22.4841]]}},{"type":"Feature","properties":{"nome":"","tipo":"stream"},"geometry":{"type":"LineString","coordinates":[[-55.7795,-22.4866],[-55.7802,-22.4846]]}},{"type":"Feature","properties":{"nome":"","tipo":"stream"},"geometry":{"type":"LineString","coordinates":[[-55.7782,-22.482],[-55.7789,-22.4837],[-55.7799,-22.4847]]}},{"type":"Feature","properties":{"nome":"","tipo":"stream"},"geometry":{"type":"LineString","coordinates":[[-55.7797,-22.4817],[-55.7814,-22.4843]]}},{"type":"Feature","properties":{"nome":"","tipo":"stream"},"geometry":{"type":"LineString","coordinates":[[-55.7655,-22.4688],[-55.7647,-22.4666],[-55.7644,-22.4643],[-55.765,-22.4631],[-55.7644,-22.4617]]}},{"type":"Feature","properties":{"nome":"","tipo":"stream"},"geometry":{"type":"LineString","coordinates":[[-55.7723,-22.4585],[-55.7736,-22.4579]]}},{"type":"Feature","properties":{"nome":"","tipo":"stream"},"geometry":{"type":"LineString","coordinates":[[-55.7738,-22.4547],[-55.7749,-22.4558],[-55.7748,-22.4582]]}},{"type":"Feature","properties":{"nome":"","tipo":"stream"},"geometry":{"type":"LineString","coordinates":[[-55.7756,-22.4529],[-55.7767,-22.4521],[-55.7765,-22.4512]]}},{"type":"Feature","properties":{"nome":"","tipo":"stream"},"geometry":{"type":"LineString","coordinates":[[-55.7788,-22.4525],[-55.7796,-22.4512]]}},{"type":"Feature","properties":{"nome":"","tipo":"stream"},"geometry":{"type":"LineString","coordinates":[[-55.7773,-22.4557],[-55.7795,-22.4553]]}},{"type":"Feature","properties":{"nome":"","tipo":"stream"},"geometry":{"type":"LineString","coordinates":[[-55.7826,-22.4568],[-55.7824,-22.4585]]}},{"type":"Feature","properties":{"nome":"","tipo":"stream"},"geometry":{"type":"LineString","coordinates":[[-55.7791,-22.4545],[-55.7811,-22.4574],[-55.7827,-22.4587]]}},{"type":"Feature","properties":{"nome":"","tipo":"stream"},"geometry":{"type":"LineString","coordinates":[[-55.7721,-22.4688],[-55.7722,-22.4677],[-55.7737,-22.4662],[-55.7732,-22.4637],[-55.7738,-22.4624]]}},{"type":"Feature","properties":{"nome":"","tipo":"stream"},"geometry":{"type":"LineString","coordinates":[[-55.7702,-22.4687],[-55.7709,-22.4664],[-55.772,-22.4648],[-55.7722,-22.4633],[-55.7731,-22.4626]]}},{"type":"Feature","properties":{"nome":"","tipo":"stream"},"geometry":{"type":"LineString","coordinates":[[-55.7728,-22.4702],[-55.7739,-22.4691],[-55.7757,-22.4662],[-55.777,-22.4625]]}},{"type":"Feature","properties":{"nome":"","tipo":"stream"},"geometry":{"type":"LineString","coordinates":[[-55.777,-22.4672],[-55.7791,-22.4636],[-55.7792,-22.4627]]}},{"type":"Feature","properties":{"nome":"","tipo":"stream"},"geometry":{"type":"LineString","coordinates":[[-55.7763,-22.4605],[-55.7772,-22.461],[-55.7776,-22.4624]]}},{"type":"Feature","properties":{"nome":"","tipo":"stream"},"geometry":{"type":"LineString","coordinates":[[-55.7748,-22.4608],[-55.7746,-22.4624]]}},{"type":"Feature","properties":{"nome":"","tipo":"stream"},"geometry":{"type":"LineString","coordinates":[[-55.7834,-22.4633],[-55.7835,-22.46],[-55.7849,-22.4587]]}},{"type":"Feature","properties":{"nome":"","tipo":"stream"},"geometry":{"type":"LineString","coordinates":[[-55.788,-22.4311],[-55.788,-22.433],[-55.7869,-22.4341],[-55.7848,-22.4359],[-55.7817,-22.4366]]}},{"type":"Feature","properties":{"nome":"","tipo":"stream"},"geometry":{"type":"LineString","coordinates":[[-55.8075,-22.4354],[-55.8093,-22.4351],[-55.8113,-22.4362]]}},{"type":"Feature","properties":{"nome":"","tipo":"stream"},"geometry":{"type":"LineString","coordinates":[[-55.8187,-22.4402],[-55.8203,-22.4406]]}},{"type":"Feature","properties":{"nome":"","tipo":"stream"},"geometry":{"type":"LineString","coordinates":[[-55.8223,-22.4533],[-55.8194,-22.4532]]}},{"type":"Feature","properties":{"nome":"","tipo":"stream"},"geometry":{"type":"LineString","coordinates":[[-55.8183,-22.4417],[-55.8192,-22.4419],[-55.8204,-22.4408]]}},{"type":"Feature","properties":{"nome":"","tipo":"stream"},"geometry":{"type":"LineString","coordinates":[[-55.8156,-22.4396],[-55.8129,-22.4399]]}},{"type":"Feature","properties":{"nome":"","tipo":"stream"},"geometry":{"type":"LineString","coordinates":[[-55.808,-22.443],[-55.8093,-22.4425],[-55.8102,-22.4411]]}},{"type":"Feature","properties":{"nome":"","tipo":"stream"},"geometry":{"type":"LineString","coordinates":[[-55.8115,-22.4434],[-55.8138,-22.4453]]}},{"type":"Feature","properties":{"nome":"","tipo":"stream"},"geometry":{"type":"LineString","coordinates":[[-55.8156,-22.4408],[-55.8151,-22.443],[-55.8143,-22.444]]}},{"type":"Feature","properties":{"nome":"","tipo":"stream"},"geometry":{"type":"LineString","coordinates":[[-55.8178,-22.4453],[-55.817,-22.4452],[-55.815,-22.4465]]}},{"type":"Feature","properties":{"nome":"","tipo":"stream"},"geometry":{"type":"LineString","coordinates":[[-55.8162,-22.4432],[-55.8154,-22.4443],[-55.8144,-22.4447]]}},{"type":"Feature","properties":{"nome":"","tipo":"stream"},"geometry":{"type":"LineString","coordinates":[[-55.8188,-22.4473],[-55.8198,-22.4479],[-55.8202,-22.4488]]}},{"type":"Feature","properties":{"nome":"","tipo":"stream"},"geometry":{"type":"LineString","coordinates":[[-55.8194,-22.4548],[-55.821,-22.4556]]}},{"type":"Feature","properties":{"nome":"","tipo":"stream"},"geometry":{"type":"LineString","coordinates":[[-55.8206,-22.4541],[-55.821,-22.4556],[-55.8199,-22.4571]]}},{"type":"Feature","properties":{"nome":"","tipo":"stream"},"geometry":{"type":"LineString","coordinates":[[-55.8223,-22.4555],[-55.8207,-22.4561]]}},{"type":"Feature","properties":{"nome":"","tipo":"stream"},"geometry":{"type":"LineString","coordinates":[[-55.8313,-22.4413],[-55.8291,-22.4411],[-55.8277,-22.4426],[-55.8229,-22.4448],[-55.8212,-22.4444]]}},{"type":"Feature","properties":{"nome":"","tipo":"stream"},"geometry":{"type":"LineString","coordinates":[[-55.8222,-22.4584],[-55.821,-22.4604]]}},{"type":"Feature","properties":{"nome":"","tipo":"stream"},"geometry":{"type":"LineString","coordinates":[[-55.8172,-22.4603],[-55.8181,-22.4589],[-55.819,-22.4587]]}},{"type":"Feature","properties":{"nome":"","tipo":"stream"},"geometry":{"type":"LineString","coordinates":[[-55.8189,-22.4615],[-55.82,-22.4598]]}},{"type":"Feature","properties":{"nome":"","tipo":"stream"},"geometry":{"type":"LineString","coordinates":[[-55.8161,-22.4586],[-55.8182,-22.4589]]}},{"type":"Feature","properties":{"nome":"","tipo":"stream"},"geometry":{"type":"LineString","coordinates":[[-55.8141,-22.4552],[-55.8147,-22.455],[-55.8151,-22.4536]]}},{"type":"Feature","properties":{"nome":"","tipo":"stream"},"geometry":{"type":"LineString","coordinates":[[-55.8124,-22.4573],[-55.8128,-22.4567],[-55.8125,-22.456],[-55.8133,-22.4532],[-55.8151,-22.4524]]}},{"type":"Feature","properties":{"nome":"","tipo":"stream"},"geometry":{"type":"LineString","coordinates":[[-55.8093,-22.4531],[-55.8119,-22.4506]]}},{"type":"Feature","properties":{"nome":"","tipo":"stream"},"geometry":{"type":"LineString","coordinates":[[-55.7686,-22.4651],[-55.7712,-22.4636]]}},{"type":"Feature","properties":{"nome":"","tipo":"stream"},"geometry":{"type":"LineString","coordinates":[[-55.7783,-22.4701],[-55.7795,-22.4679],[-55.7807,-22.4678],[-55.7837,-22.4679],[-55.7877,-22.4697],[-55.7891,-22.4695]]}},{"type":"Feature","properties":{"nome":"","tipo":"stream"},"geometry":{"type":"LineString","coordinates":[[-55.785,-22.4713],[-55.7849,-22.4705],[-55.7866,-22.4694]]}},{"type":"Feature","properties":{"nome":"","tipo":"stream"},"geometry":{"type":"LineString","coordinates":[[-55.785,-22.4692],[-55.7849,-22.4683]]}},{"type":"Feature","properties":{"nome":"","tipo":"stream"},"geometry":{"type":"LineString","coordinates":[[-55.7808,-22.4707],[-55.782,-22.4697],[-55.783,-22.4679]]}},{"type":"Feature","properties":{"nome":"","tipo":"stream"},"geometry":{"type":"LineString","coordinates":[[-55.7777,-22.4686],[-55.7795,-22.4679]]}},{"type":"Feature","properties":{"nome":"","tipo":"stream"},"geometry":{"type":"LineString","coordinates":[[-55.7828,-22.4658],[-55.7832,-22.4679]]}},{"type":"Feature","properties":{"nome":"","tipo":"stream"},"geometry":{"type":"LineString","coordinates":[[-55.7807,-22.4662],[-55.7801,-22.4661],[-55.7791,-22.4637]]}},{"type":"Feature","properties":{"nome":"","tipo":"stream"},"geometry":{"type":"LineString","coordinates":[[-55.7795,-22.4784],[-55.7826,-22.4785]]}},{"type":"Feature","properties":{"nome":"","tipo":"stream"},"geometry":{"type":"LineString","coordinates":[[-55.7791,-22.48],[-55.781,-22.4794],[-55.7863,-22.4764],[-55.7873,-22.4712],[-55.789,-22.4701],[-55.7893,-22.469],[-55.791,-22.4672],[-55.7939,-22.466],[-55.7963,-22.4637]]}},{"type":"Feature","properties":{"nome":"","tipo":"stream"},"geometry":{"type":"LineString","coordinates":[[-55.7847,-22.4793],[-55.7841,-22.4791],[-55.7837,-22.4778]]}},{"type":"Feature","properties":{"nome":"","tipo":"stream"},"geometry":{"type":"LineString","coordinates":[[-55.79,-22.4737],[-55.7885,-22.4719],[-55.7883,-22.4706]]}},{"type":"Feature","properties":{"nome":"","tipo":"stream"},"geometry":{"type":"LineString","coordinates":[[-55.764,-22.4782],[-55.7675,-22.4788],[-55.7692,-22.4776],[-55.7825,-22.4734],[-55.7868,-22.4731]]}},{"type":"Feature","properties":{"nome":"","tipo":"stream"},"geometry":{"type":"LineString","coordinates":[[-55.784,-22.4748],[-55.7836,-22.4732]]}},{"type":"Feature","properties":{"nome":"","tipo":"stream"},"geometry":{"type":"LineString","coordinates":[[-55.7815,-22.4755],[-55.7816,-22.4738]]}},{"type":"Feature","properties":{"nome":"","tipo":"stream"},"geometry":{"type":"LineString","coordinates":[[-55.7786,-22.4775],[-55.7793,-22.4745]]}},{"type":"Feature","properties":{"nome":"","tipo":"stream"},"geometry":{"type":"LineString","coordinates":[[-55.7777,-22.4781],[-55.7766,-22.4754]]}},{"type":"Feature","properties":{"nome":"","tipo":"stream"},"geometry":{"type":"LineString","coordinates":[[-55.7725,-22.4785],[-55.7728,-22.4765]]}},{"type":"Feature","properties":{"nome":"","tipo":"stream"},"geometry":{"type":"LineString","coordinates":[[-55.7753,-22.479],[-55.7763,-22.4766],[-55.7762,-22.4755]]}},{"type":"Feature","properties":{"nome":"","tipo":"stream"},"geometry":{"type":"LineString","coordinates":[[-55.7738,-22.4786],[-55.7737,-22.476]]}},{"type":"Feature","properties":{"nome":"","tipo":"stream"},"geometry":{"type":"LineString","coordinates":[[-55.7666,-22.4736],[-55.7671,-22.4751],[-55.7711,-22.4754],[-55.7732,-22.4763]]}},{"type":"Feature","properties":{"nome":"","tipo":"stream"},"geometry":{"type":"LineString","coordinates":[[-55.768,-22.4764],[-55.7693,-22.4753]]}},{"type":"Feature","properties":{"nome":"","tipo":"stream"},"geometry":{"type":"LineString","coordinates":[[-55.7693,-22.474],[-55.7701,-22.4754]]}},{"type":"Feature","properties":{"nome":"","tipo":"stream"},"geometry":{"type":"LineString","coordinates":[[-55.77,-22.4729],[-55.7714,-22.4755]]}},{"type":"Feature","properties":{"nome":"","tipo":"stream"},"geometry":{"type":"LineString","coordinates":[[-55.7767,-22.4726],[-55.7785,-22.4746]]}},{"type":"Feature","properties":{"nome":"","tipo":"stream"},"geometry":{"type":"LineString","coordinates":[[-55.7798,-22.4716],[-55.7821,-22.4735]]}},{"type":"Feature","properties":{"nome":"","tipo":"stream"},"geometry":{"type":"LineString","coordinates":[[-55.7903,-22.4768],[-55.7885,-22.4764],[-55.7868,-22.4741]]}},{"type":"Feature","properties":{"nome":"","tipo":"stream"},"geometry":{"type":"LineString","coordinates":[[-55.7933,-22.4477],[-55.7934,-22.4488],[-55.7928,-22.4498],[-55.7934,-22.4512],[-55.7921,-22.4519],[-55.7915,-22.453],[-55.7899,-22.4579],[-55.79,-22.4588]]}},{"type":"Feature","properties":{"nome":"","tipo":"stream"},"geometry":{"type":"LineString","coordinates":[[-55.795,-22.4509],[-55.7934,-22.4512]]}},{"type":"Feature","properties":{"nome":"","tipo":"stream"},"geometry":{"type":"LineString","coordinates":[[-55.7958,-22.4523],[-55.7951,-22.4541]]}},{"type":"Feature","properties":{"nome":"","tipo":"stream"},"geometry":{"type":"LineString","coordinates":[[-55.7968,-22.4533],[-55.7951,-22.4541],[-55.7938,-22.4555],[-55.792,-22.4559],[-55.7902,-22.4574]]}},{"type":"Feature","properties":{"nome":"","tipo":"stream"},"geometry":{"type":"LineString","coordinates":[[-55.7966,-22.4561],[-55.7962,-22.4576],[-55.7939,-22.4596],[-55.794,-22.4602]]}},{"type":"Feature","properties":{"nome":"","tipo":"stream"},"geometry":{"type":"LineString","coordinates":[[-55.7919,-22.4732],[-55.7927,-22.4709],[-55.7923,-22.4665]]}},{"type":"Feature","properties":{"nome":"","tipo":"stream"},"geometry":{"type":"LineString","coordinates":[[-55.7971,-22.4694],[-55.7967,-22.4676],[-55.7981,-22.4659]]}},{"type":"Feature","properties":{"nome":"","tipo":"stream"},"geometry":{"type":"LineString","coordinates":[[-55.8052,-22.4578],[-55.8035,-22.4586],[-55.8019,-22.4614],[-55.801,-22.4619],[-55.8005,-22.4638],[-55.801,-22.4649]]}},{"type":"Feature","properties":{"nome":"","tipo":"stream"},"geometry":{"type":"LineString","coordinates":[[-55.7924,-22.4633],[-55.7933,-22.463],[-55.7936,-22.4622],[-55.7949,-22.4614]]}},{"type":"Feature","properties":{"nome":"","tipo":"stream"},"geometry":{"type":"LineString","coordinates":[[-55.7992,-22.4602],[-55.7991,-22.4614],[-55.7974,-22.4636]]}},{"type":"Feature","properties":{"nome":"","tipo":"stream"},"geometry":{"type":"LineString","coordinates":[[-55.8812,-22.3555],[-55.8829,-22.3548],[-55.8857,-22.3548]]}},{"type":"Feature","properties":{"nome":"","tipo":"stream"},"geometry":{"type":"LineString","coordinates":[[-55.8879,-22.3644],[-55.8924,-22.3637],[-55.8943,-22.363]]}},{"type":"Feature","properties":{"nome":"","tipo":"stream"},"geometry":{"type":"LineString","coordinates":[[-55.9031,-22.3514],[-55.9055,-22.3513]]}},{"type":"Feature","properties":{"nome":"","tipo":"stream"},"geometry":{"type":"LineString","coordinates":[[-55.9184,-22.3617],[-55.9157,-22.3637],[-55.9147,-22.3653]]}},{"type":"Feature","properties":{"nome":"","tipo":"stream"},"geometry":{"type":"LineString","coordinates":[[-55.9182,-22.3946],[-55.9195,-22.3921],[-55.9192,-22.3899]]}},{"type":"Feature","properties":{"nome":"","tipo":"stream"},"geometry":{"type":"LineString","coordinates":[[-55.923,-22.3864],[-55.9226,-22.3847]]}},{"type":"Feature","properties":{"nome":"","tipo":"stream"},"geometry":{"type":"LineString","coordinates":[[-55.9323,-22.3505],[-55.9355,-22.3468],[-55.9359,-22.3459],[-55.9352,-22.3454],[-55.9354,-22.3448],[-55.9364,-22.3436],[-55.9394,-22.3423],[-55.9396,-22.3398],[-55.9405,-22.3383]]}},{"type":"Feature","properties":{"nome":"","tipo":"stream"},"geometry":{"type":"LineString","coordinates":[[-56.0204,-22.29],[-56.0215,-22.2888],[-56.0234,-22.2885],[-56.0242,-22.2873]]}},{"type":"Feature","properties":{"nome":"","tipo":"stream"},"geometry":{"type":"LineString","coordinates":[[-55.9316,-22.3074],[-55.9275,-22.3041]]}},{"type":"Feature","properties":{"nome":"","tipo":"stream"},"geometry":{"type":"LineString","coordinates":[[-55.9464,-22.2997],[-55.9487,-22.2985]]}},{"type":"Feature","properties":{"nome":"","tipo":"stream"},"geometry":{"type":"LineString","coordinates":[[-55.9314,-22.3042],[-55.9288,-22.3025]]}},{"type":"Feature","properties":{"nome":"","tipo":"stream"},"geometry":{"type":"LineString","coordinates":[[-55.8507,-22.291],[-55.8519,-22.289]]}},{"type":"Feature","properties":{"nome":"","tipo":"stream"},"geometry":{"type":"LineString","coordinates":[[-56.0897,-22.293],[-56.0852,-22.2934]]}},{"type":"Feature","properties":{"nome":"","tipo":"stream"},"geometry":{"type":"LineString","coordinates":[[-56.0919,-22.2946],[-56.0854,-22.2942]]}},{"type":"Feature","properties":{"nome":"","tipo":"stream"},"geometry":{"type":"LineString","coordinates":[[-56.008,-22.3078],[-56.0058,-22.3057],[-56.0036,-22.3053],[-56.0028,-22.3032],[-56.0041,-22.3021],[-56.0049,-22.3003],[-56.0063,-22.2994],[-56.0059,-22.2989],[-56.0062,-22.2988],[-56.0059,-22.2977],[-56.0074,-22.2963],[-56.0073,-22.2945],[-56.0081,-22.2935]]}},{"type":"Feature","properties":{"nome":"","tipo":"stream"},"geometry":{"type":"LineString","coordinates":[[-55.9206,-22.2844],[-55.9204,-22.2834]]}},{"type":"Feature","properties":{"nome":"","tipo":"stream"},"geometry":{"type":"LineString","coordinates":[[-55.9199,-22.2845],[-55.9201,-22.2836],[-55.9213,-22.2822]]}},{"type":"Feature","properties":{"nome":"","tipo":"stream"},"geometry":{"type":"LineString","coordinates":[[-55.9299,-22.2888],[-55.931,-22.2897],[-55.932,-22.2899]]}},{"type":"Feature","properties":{"nome":"","tipo":"stream"},"geometry":{"type":"LineString","coordinates":[[-55.9173,-22.2982],[-55.9187,-22.2992],[-55.9189,-22.3003]]}},{"type":"Feature","properties":{"nome":"","tipo":"stream"},"geometry":{"type":"LineString","coordinates":[[-55.9208,-22.3087],[-55.9211,-22.3066]]}},{"type":"Feature","properties":{"nome":"","tipo":"stream"},"geometry":{"type":"LineString","coordinates":[[-55.9465,-22.3248],[-55.9473,-22.3269],[-55.9468,-22.3281],[-55.9454,-22.3292]]}},{"type":"Feature","properties":{"nome":"","tipo":"stream"},"geometry":{"type":"LineString","coordinates":[[-55.9532,-22.3843],[-55.9567,-22.384],[-55.9595,-22.3843],[-55.9606,-22.3853],[-55.9625,-22.3853]]}},{"type":"Feature","properties":{"nome":"","tipo":"stream"},"geometry":{"type":"LineString","coordinates":[[-55.9677,-22.3186],[-55.9696,-22.3158],[-55.9722,-22.3157]]}},{"type":"Feature","properties":{"nome":"","tipo":"stream"},"geometry":{"type":"LineString","coordinates":[[-55.9686,-22.3185],[-55.9689,-22.3168]]}},{"type":"Feature","properties":{"nome":"","tipo":"stream"},"geometry":{"type":"LineString","coordinates":[[-55.9693,-22.3186],[-55.9689,-22.317]]}},{"type":"Feature","properties":{"nome":"","tipo":"stream"},"geometry":{"type":"LineString","coordinates":[[-55.9736,-22.3199],[-55.9756,-22.3163],[-55.9762,-22.3159]]}},{"type":"Feature","properties":{"nome":"","tipo":"stream"},"geometry":{"type":"LineString","coordinates":[[-55.9766,-22.3194],[-55.979,-22.3163]]}},{"type":"Feature","properties":{"nome":"","tipo":"stream"},"geometry":{"type":"LineString","coordinates":[[-56.0579,-22.2788],[-56.0582,-22.2781],[-56.0596,-22.2775]]}},{"type":"Feature","properties":{"nome":"","tipo":"stream"},"geometry":{"type":"LineString","coordinates":[[-56.0545,-22.3968],[-56.0553,-22.3946],[-56.0591,-22.3913],[-56.0593,-22.39],[-56.0606,-22.3883],[-56.0602,-22.3853],[-56.0605,-22.3833],[-56.0619,-22.3814],[-56.0613,-22.3802],[-56.0612,-22.377],[-56.0619,-22.3758],[-56.0619,-22.3735],[-56.0632,-22.3712],[-56.0625,-22.3704],[-56.0633,-22.3691],[-56.0654,-22.3686],[-56.0655,-22.3673],[-56.0696,-22.3653],[-56.0703,-22.3621],[-56.0703,-22.3589],[-56.0699,-22.3576],[-56.0681,-22.3566],[-56.0672,-22.3552],[-56.0666,-22.3516],[-56.0643,-22.3496],[-56.0639,-22.3483],[-56.0619,-22.3472],[-56.0621,-22.3459],[-56.0605,-22.3433],[-56.0603,-22.34],[-56.0608,-22.3348],[-56.0629,-22.3329],[-56.063,-22.3315],[-56.0638,-22.33],[-56.0638,-22.3252],[-56.0653,-22.3225],[-56.0692,-22.3174],[-56.0681,-22.3125],[-56.0671,-22.3107],[-56.0669,-22.3096],[-56.0673,-22.3092],[-56.0668,-22.3091],[-56.0665,-22.3072],[-56.0655,-22.3063],[-56.0652,-22.3052],[-56.0645,-22.3003],[-56.0651,-22.2989],[-56.0648,-22.2966],[-56.0653,-22.2944],[-56.0669,-22.2923],[-56.07,-22.2907],[-56.0703,-22.2886]]}},{"type":"Feature","properties":{"nome":"","tipo":"stream"},"geometry":{"type":"LineString","coordinates":[[-56.0577,-22.3122],[-56.0619,-22.3117],[-56.0631,-22.3107],[-56.0631,-22.3102],[-56.0654,-22.309],[-56.0662,-22.3072]]}},{"type":"Feature","properties":{"nome":"","tipo":"stream"},"geometry":{"type":"LineString","coordinates":[[-55.9997,-22.3051],[-56.0003,-22.3051],[-56.0028,-22.3034]]}},{"type":"Feature","properties":{"nome":"","tipo":"stream"},"geometry":{"type":"LineString","coordinates":[[-56.0014,-22.3081],[-56.0028,-22.3066],[-56.0034,-22.3051]]}},{"type":"Feature","properties":{"nome":"","tipo":"stream"},"geometry":{"type":"LineString","coordinates":[[-56.0153,-22.294],[-56.0171,-22.2937]]}},{"type":"Feature","properties":{"nome":"","tipo":"stream"},"geometry":{"type":"LineString","coordinates":[[-56.0165,-22.2948],[-56.0173,-22.2933],[-56.0161,-22.2915],[-56.0191,-22.2879],[-56.018,-22.2872]]}},{"type":"Feature","properties":{"nome":"","tipo":"stream"},"geometry":{"type":"LineString","coordinates":[[-56.0181,-22.2921],[-56.0197,-22.2925],[-56.0208,-22.2914],[-56.0212,-22.2899],[-56.0242,-22.289]]}},{"type":"Feature","properties":{"nome":"","tipo":"stream"},"geometry":{"type":"LineString","coordinates":[[-56.0191,-22.2907],[-56.021,-22.2905]]}},{"type":"Feature","properties":{"nome":"","tipo":"stream"},"geometry":{"type":"LineString","coordinates":[[-55.9651,-22.3582],[-55.9659,-22.3574],[-55.9672,-22.357]]}},{"type":"Feature","properties":{"nome":"","tipo":"stream"},"geometry":{"type":"LineString","coordinates":[[-55.9629,-22.355],[-55.9645,-22.3556],[-55.9651,-22.3563],[-55.9671,-22.3555]]}},{"type":"Feature","properties":{"nome":"","tipo":"stream"},"geometry":{"type":"LineString","coordinates":[[-55.884,-22.3717],[-55.887,-22.3723]]}},{"type":"Feature","properties":{"nome":"","tipo":"stream"},"geometry":{"type":"LineString","coordinates":[[-55.8063,-22.3665],[-55.8065,-22.3648],[-55.8071,-22.3638],[-55.8087,-22.3625],[-55.8101,-22.3626]]}},{"type":"Feature","properties":{"nome":"","tipo":"stream"},"geometry":{"type":"LineString","coordinates":[[-55.8063,-22.3677],[-55.8073,-22.3674]]}},{"type":"Feature","properties":{"nome":"","tipo":"stream"},"geometry":{"type":"LineString","coordinates":[[-55.8883,-22.3071],[-55.8895,-22.3075],[-55.8903,-22.3089]]}},{"type":"Feature","properties":{"nome":"","tipo":"stream"},"geometry":{"type":"LineString","coordinates":[[-55.9207,-22.3107],[-55.9274,-22.3083]]}},{"type":"Feature","properties":{"nome":"","tipo":"stream"},"geometry":{"type":"LineString","coordinates":[[-56.0907,-22.392],[-56.0884,-22.3909],[-56.0865,-22.3893],[-56.0861,-22.3884],[-56.0862,-22.3833],[-56.0858,-22.3814],[-56.0839,-22.3799],[-56.084,-22.3788],[-56.0803,-22.3733],[-56.0779,-22.3683],[-56.0785,-22.3668],[-56.0805,-22.3654],[-56.0805,-22.364],[-56.0816,-22.3621],[-56.0818,-22.3597],[-56.0814,-22.3585],[-56.0835,-22.3565],[-56.0834,-22.3548],[-56.0843,-22.3522],[-56.0853,-22.351],[-56.0851,-22.3502],[-56.0868,-22.3489],[-56.0873,-22.3449],[-56.0886,-22.3445],[-56.0895,-22.3432],[-56.0891,-22.3417],[-56.0898,-22.3393],[-56.0893,-22.3383],[-56.0899,-22.3382],[-56.0908,-22.3361],[-56.0923,-22.3353],[-56.0928,-22.3332],[-56.0941,-22.3321],[-56.0939,-22.331],[-56.0943,-22.3302],[-56.0939,-22.3285],[-56.0952,-22.3271],[-56.0964,-22.3267],[-56.0963,-22.3252],[-56.0972,-22.3247],[-56.0971,-22.3238],[-56.098,-22.3232],[-56.0977,-22.3224],[-56.0983,-22.3217],[-56.099,-22.3193],[-56.1,-22.3182],[-56.1018,-22.3183],[-56.1029,-22.3168],[-56.1043,-22.3168],[-56.1045,-22.3147],[-56.1061,-22.314],[-56.1067,-22.3128],[-56.108,-22.3125],[-56.1084,-22.3114],[-56.1082,-22.3105],[-56.1097,-22.3086],[-56.1109,-22.3084],[-56.1113,-22.3077],[-56.111,-22.3071],[-56.1116,-22.3065],[-56.1132,-22.3064],[-56.1147,-22.307],[-56.1161,-22.3063],[-56.1162,-22.3069],[-56.1174,-22.3071],[-56.1197,-22.3051],[-56.1211,-22.3048],[-56.1229,-22.3012],[-56.1243,-22.3012],[-56.1267,-22.2988],[-56.1343,-22.2945],[-56.1356,-22.2923],[-56.1387,-22.2898],[-56.1397,-22.2898],[-56.1396,-22.2857]]}},{"type":"Feature","properties":{"nome":"","tipo":"stream"},"geometry":{"type":"LineString","coordinates":[[-55.9759,-22.3034],[-55.9752,-22.3016],[-55.9743,-22.3018],[-55.9738,-22.3013],[-55.9735,-22.2996]]}},{"type":"Feature","properties":{"nome":"","tipo":"stream"},"geometry":{"type":"LineString","coordinates":[[-55.9789,-22.3075],[-55.9801,-22.306]]}},{"type":"Feature","properties":{"nome":"","tipo":"stream"},"geometry":{"type":"LineString","coordinates":[[-55.9777,-22.3071],[-55.9802,-22.3059],[-55.9821,-22.3025],[-55.984,-22.3007],[-55.986,-22.3006],[-55.9865,-22.2989],[-55.9908,-22.298],[-55.992,-22.2965],[-55.9938,-22.2965],[-55.9946,-22.2953],[-55.9962,-22.295],[-55.9973,-22.2929],[-56.0026,-22.2895]]}},{"type":"Feature","properties":{"nome":"","tipo":"stream"},"geometry":{"type":"LineString","coordinates":[[-55.9807,-22.299],[-55.9799,-22.2983],[-55.9786,-22.2945]]}},{"type":"Feature","properties":{"nome":"","tipo":"stream"},"geometry":{"type":"LineString","coordinates":[[-55.9683,-22.362],[-55.9693,-22.3608],[-55.9693,-22.3596]]}},{"type":"Feature","properties":{"nome":"","tipo":"stream"},"geometry":{"type":"LineString","coordinates":[[-55.9736,-22.3592],[-55.9698,-22.3597],[-55.9676,-22.3582]]}},{"type":"Feature","properties":{"nome":"","tipo":"stream"},"geometry":{"type":"LineString","coordinates":[[-55.9632,-22.3519],[-55.9649,-22.3517],[-55.9678,-22.3503]]}},{"type":"Feature","properties":{"nome":"","tipo":"stream"},"geometry":{"type":"LineString","coordinates":[[-55.9588,-22.3452],[-55.9592,-22.343],[-55.9603,-22.3413],[-55.9593,-22.3375],[-55.9606,-22.335],[-55.9605,-22.3327],[-55.9599,-22.3315]]}},{"type":"Feature","properties":{"nome":"","tipo":"stream"},"geometry":{"type":"LineString","coordinates":[[-55.9565,-22.3469],[-55.9569,-22.3465],[-55.9566,-22.3453],[-55.9543,-22.3435],[-55.956,-22.3364],[-55.956,-22.3355],[-55.9552,-22.3345]]}},{"type":"Feature","properties":{"nome":"","tipo":"stream"},"geometry":{"type":"LineString","coordinates":[[-55.9252,-22.4003],[-55.9272,-22.3992]]}},{"type":"Feature","properties":{"nome":"","tipo":"stream"},"geometry":{"type":"LineString","coordinates":[[-55.8362,-22.357],[-55.8373,-22.3581],[-55.8382,-22.3607]]}},{"type":"Feature","properties":{"nome":"","tipo":"stream"},"geometry":{"type":"LineString","coordinates":[[-55.9593,-22.4154],[-55.9591,-22.4156]]}},{"type":"Feature","properties":{"nome":"","tipo":"stream"},"geometry":{"type":"LineString","coordinates":[[-55.9412,-22.385],[-55.9402,-22.387],[-55.9401,-22.3902]]}},{"type":"Feature","properties":{"nome":"","tipo":"stream"},"geometry":{"type":"LineString","coordinates":[[-55.9484,-22.4021],[-55.9461,-22.4027],[-55.9462,-22.4034]]}},{"type":"Feature","properties":{"nome":"","tipo":"stream"},"geometry":{"type":"LineString","coordinates":[[-55.9519,-22.3993],[-55.951,-22.4016],[-55.947,-22.4029],[-55.9456,-22.4039]]}},{"type":"Feature","properties":{"nome":"","tipo":"stream"},"geometry":{"type":"LineString","coordinates":[[-55.9476,-22.4038],[-55.9454,-22.4054]]}},{"type":"Feature","properties":{"nome":"","tipo":"stream"},"geometry":{"type":"LineString","coordinates":[[-55.9548,-22.3705],[-55.9573,-22.3703]]}},{"type":"Feature","properties":{"nome":"","tipo":"stream"},"geometry":{"type":"LineString","coordinates":[[-55.969,-22.3716],[-55.969,-22.3727],[-55.9699,-22.3742],[-55.9697,-22.3752],[-55.9675,-22.3794],[-55.9649,-22.3825],[-55.9634,-22.3835]]}},{"type":"Feature","properties":{"nome":"","tipo":"stream"},"geometry":{"type":"LineString","coordinates":[[-55.9713,-22.3742],[-55.9698,-22.3751]]}},{"type":"Feature","properties":{"nome":"","tipo":"stream"},"geometry":{"type":"LineString","coordinates":[[-55.9561,-22.3806],[-55.958,-22.3813],[-55.958,-22.3827],[-55.9595,-22.3843]]}},{"type":"Feature","properties":{"nome":"","tipo":"stream"},"geometry":{"type":"LineString","coordinates":[[-55.9636,-22.3797],[-55.9637,-22.381],[-55.9625,-22.3823]]}},{"type":"Feature","properties":{"nome":"","tipo":"stream"},"geometry":{"type":"LineString","coordinates":[[-55.9621,-22.3777],[-55.9604,-22.3793]]}},{"type":"Feature","properties":{"nome":"","tipo":"stream"},"geometry":{"type":"LineString","coordinates":[[-55.9633,-22.3911],[-55.9651,-22.3896]]}},{"type":"Feature","properties":{"nome":"","tipo":"stream"},"geometry":{"type":"LineString","coordinates":[[-55.9622,-22.3889],[-55.9642,-22.3882]]}},{"type":"Feature","properties":{"nome":"","tipo":"stream"},"geometry":{"type":"LineString","coordinates":[[-55.9569,-22.3889],[-55.9591,-22.3894],[-55.9621,-22.3866],[-55.9631,-22.3863]]}},{"type":"Feature","properties":{"nome":"","tipo":"stream"},"geometry":{"type":"LineString","coordinates":[[-55.9623,-22.3878],[-55.9641,-22.3873]]}},{"type":"Feature","properties":{"nome":"","tipo":"stream"},"geometry":{"type":"LineString","coordinates":[[-55.9733,-22.382],[-55.9689,-22.3854],[-55.9681,-22.3878],[-55.9668,-22.3896],[-55.9664,-22.3912]]}},{"type":"Feature","properties":{"nome":"","tipo":"stream"},"geometry":{"type":"LineString","coordinates":[[-55.966,-22.3946],[-55.9691,-22.395]]}},{"type":"Feature","properties":{"nome":"","tipo":"stream"},"geometry":{"type":"LineString","coordinates":[[-55.9788,-22.3848],[-55.9758,-22.3874],[-55.9744,-22.3895],[-55.9719,-22.3914],[-55.9712,-22.3932]]}},{"type":"Feature","properties":{"nome":"","tipo":"stream"},"geometry":{"type":"LineString","coordinates":[[-55.9805,-22.3927],[-55.9788,-22.3926],[-55.9781,-22.3931],[-55.9777,-22.3926],[-55.9767,-22.3924],[-55.9734,-22.3935],[-55.9711,-22.3932],[-55.969,-22.3938]]}},{"type":"Feature","properties":{"nome":"","tipo":"stream"},"geometry":{"type":"LineString","coordinates":[[-55.975,-22.3953],[-55.9732,-22.3948],[-55.9713,-22.3933]]}},{"type":"Feature","properties":{"nome":"","tipo":"stream"},"geometry":{"type":"LineString","coordinates":[[-55.9777,-22.3914],[-55.9765,-22.3918],[-55.9757,-22.3927]]}},{"type":"Feature","properties":{"nome":"","tipo":"stream"},"geometry":{"type":"LineString","coordinates":[[-55.9757,-22.3915],[-55.9759,-22.3924]]}},{"type":"Feature","properties":{"nome":"","tipo":"stream"},"geometry":{"type":"LineString","coordinates":[[-55.9727,-22.3983],[-55.9695,-22.3987],[-55.9687,-22.3981]]}},{"type":"Feature","properties":{"nome":"","tipo":"stream"},"geometry":{"type":"LineString","coordinates":[[-55.9594,-22.3949],[-55.9658,-22.399]]}},{"type":"Feature","properties":{"nome":"","tipo":"stream"},"geometry":{"type":"LineString","coordinates":[[-55.9638,-22.396],[-55.9638,-22.3977]]}},{"type":"Feature","properties":{"nome":"","tipo":"stream"},"geometry":{"type":"LineString","coordinates":[[-55.9725,-22.402],[-55.9695,-22.3987]]}},{"type":"Feature","properties":{"nome":"","tipo":"stream"},"geometry":{"type":"LineString","coordinates":[[-55.9625,-22.3992],[-55.9629,-22.3996],[-55.9626,-22.4015]]}},{"type":"Feature","properties":{"nome":"","tipo":"stream"},"geometry":{"type":"LineString","coordinates":[[-55.9597,-22.4],[-55.9608,-22.4002],[-55.9618,-22.4015]]}},{"type":"Feature","properties":{"nome":"","tipo":"stream"},"geometry":{"type":"LineString","coordinates":[[-55.9634,-22.4063],[-55.9637,-22.405],[-55.9625,-22.4041]]}},{"type":"Feature","properties":{"nome":"","tipo":"stream"},"geometry":{"type":"LineString","coordinates":[[-55.9649,-22.4042],[-55.9646,-22.4038],[-55.9628,-22.4041]]}},{"type":"Feature","properties":{"nome":"","tipo":"stream"},"geometry":{"type":"LineString","coordinates":[[-55.9719,-22.4041],[-55.9705,-22.4039],[-55.9662,-22.4008]]}},{"type":"Feature","properties":{"nome":"","tipo":"stream"},"geometry":{"type":"LineString","coordinates":[[-55.9675,-22.401],[-55.9663,-22.4007]]}},{"type":"Feature","properties":{"nome":"","tipo":"stream"},"geometry":{"type":"LineString","coordinates":[[-55.9697,-22.4051],[-55.9701,-22.4036]]}},{"type":"Feature","properties":{"nome":"","tipo":"stream"},"geometry":{"type":"LineString","coordinates":[[-55.9681,-22.4061],[-55.9649,-22.4083],[-55.9625,-22.4078],[-55.9606,-22.4081]]}},{"type":"Feature","properties":{"nome":"","tipo":"stream"},"geometry":{"type":"LineString","coordinates":[[-55.9553,-22.3952],[-55.9548,-22.3962]]}},{"type":"Feature","properties":{"nome":"","tipo":"stream"},"geometry":{"type":"LineString","coordinates":[[-55.9548,-22.3989],[-55.9571,-22.399]]}},{"type":"Feature","properties":{"nome":"","tipo":"stream"},"geometry":{"type":"LineString","coordinates":[[-55.9582,-22.394],[-55.9578,-22.3954],[-55.9588,-22.3967],[-55.9589,-22.3982],[-55.9584,-22.3993],[-55.959,-22.4009]]}},{"type":"Feature","properties":{"nome":"","tipo":"stream"},"geometry":{"type":"LineString","coordinates":[[-55.9838,-22.3714],[-55.9826,-22.3688]]}},{"type":"Feature","properties":{"nome":"","tipo":"stream"},"geometry":{"type":"LineString","coordinates":[[-55.9847,-22.3695],[-55.9856,-22.3688],[-55.9843,-22.3672]]}},{"type":"Feature","properties":{"nome":"","tipo":"stream"},"geometry":{"type":"LineString","coordinates":[[-55.9792,-22.3661],[-55.9815,-22.3673],[-55.9829,-22.3671],[-55.9837,-22.3675]]}},{"type":"Feature","properties":{"nome":"","tipo":"stream"},"geometry":{"type":"LineString","coordinates":[[-55.9799,-22.3646],[-55.9821,-22.3632],[-55.9858,-22.3626]]}},{"type":"Feature","properties":{"nome":"","tipo":"stream"},"geometry":{"type":"LineString","coordinates":[[-55.9792,-22.361],[-55.9842,-22.3616],[-55.988,-22.3607]]}},{"type":"Feature","properties":{"nome":"","tipo":"stream"},"geometry":{"type":"LineString","coordinates":[[-55.9235,-22.3604],[-55.9293,-22.3601]]}},{"type":"Feature","properties":{"nome":"","tipo":"stream"},"geometry":{"type":"LineString","coordinates":[[-55.9101,-22.33],[-55.9112,-22.3303],[-55.9125,-22.3296],[-55.9172,-22.3301],[-55.918,-22.3296],[-55.924,-22.333],[-55.9308,-22.3342],[-55.9337,-22.3363],[-55.9353,-22.3366],[-55.9372,-22.3383],[-55.939,-22.3388]]}},{"type":"Feature","properties":{"nome":"","tipo":"stream"},"geometry":{"type":"LineString","coordinates":[[-55.9196,-22.3403],[-55.9192,-22.3385],[-55.9201,-22.3367],[-55.9241,-22.333]]}},{"type":"Feature","properties":{"nome":"","tipo":"stream"},"geometry":{"type":"LineString","coordinates":[[-55.954,-22.4007],[-55.9552,-22.4003],[-55.9557,-22.4009],[-55.9574,-22.4011],[-55.9598,-22.4024]]}},{"type":"Feature","properties":{"nome":"","tipo":"stream"},"geometry":{"type":"LineString","coordinates":[[-55.9561,-22.4055],[-55.9574,-22.4052]]}},{"type":"Feature","properties":{"nome":"","tipo":"stream"},"geometry":{"type":"LineString","coordinates":[[-55.9543,-22.4033],[-55.9548,-22.4038],[-55.9556,-22.4036]]}},{"type":"Feature","properties":{"nome":"","tipo":"stream"},"geometry":{"type":"LineString","coordinates":[[-55.9584,-22.4048],[-55.958,-22.4058]]}},{"type":"Feature","properties":{"nome":"","tipo":"stream"},"geometry":{"type":"LineString","coordinates":[[-55.9569,-22.4036],[-55.9568,-22.4044]]}},{"type":"Feature","properties":{"nome":"","tipo":"stream"},"geometry":{"type":"LineString","coordinates":[[-55.9543,-22.4014],[-55.954,-22.4024]]}},{"type":"Feature","properties":{"nome":"","tipo":"stream"},"geometry":{"type":"LineString","coordinates":[[-55.9533,-22.4016],[-55.9552,-22.4035],[-55.9571,-22.4045],[-55.9585,-22.4063],[-55.9602,-22.4068]]}},{"type":"Feature","properties":{"nome":"","tipo":"stream"},"geometry":{"type":"LineString","coordinates":[[-55.9629,-22.4061],[-55.9603,-22.4057]]}},{"type":"Feature","properties":{"nome":"","tipo":"stream"},"geometry":{"type":"LineString","coordinates":[[-55.9631,-22.4109],[-55.9635,-22.4099],[-55.9643,-22.4101],[-55.9648,-22.4083]]}},{"type":"Feature","properties":{"nome":"","tipo":"stream"},"geometry":{"type":"LineString","coordinates":[[-55.826,-22.4631],[-55.8248,-22.4644]]}},{"type":"Feature","properties":{"nome":"","tipo":"stream"},"geometry":{"type":"LineString","coordinates":[[-55.8217,-22.4673],[-55.8247,-22.4659],[-55.8252,-22.465]]}},{"type":"Feature","properties":{"nome":"","tipo":"stream"},"geometry":{"type":"LineString","coordinates":[[-55.8304,-22.4706],[-55.831,-22.4691]]}},{"type":"Feature","properties":{"nome":"","tipo":"stream"},"geometry":{"type":"LineString","coordinates":[[-55.8236,-22.4699],[-55.8258,-22.4683],[-55.8292,-22.4683]]}},{"type":"Feature","properties":{"nome":"","tipo":"stream"},"geometry":{"type":"LineString","coordinates":[[-55.8251,-22.4713],[-55.827,-22.4701],[-55.8276,-22.4683]]}},{"type":"Feature","properties":{"nome":"","tipo":"stream"},"geometry":{"type":"LineString","coordinates":[[-55.8281,-22.4717],[-55.8295,-22.4689]]}},{"type":"Feature","properties":{"nome":"","tipo":"stream"},"geometry":{"type":"LineString","coordinates":[[-55.8275,-22.4584],[-55.8255,-22.461],[-55.8241,-22.4613],[-55.8235,-22.462]]}},{"type":"Feature","properties":{"nome":"","tipo":"stream"},"geometry":{"type":"LineString","coordinates":[[-55.8404,-22.458],[-55.8345,-22.4577],[-55.834,-22.4605],[-55.8297,-22.4631],[-55.8287,-22.465]]}},{"type":"Feature","properties":{"nome":"","tipo":"stream"},"geometry":{"type":"LineString","coordinates":[[-55.8392,-22.4612],[-55.8374,-22.4636],[-55.8349,-22.465],[-55.8333,-22.4668],[-55.8328,-22.4691]]}},{"type":"Feature","properties":{"nome":"","tipo":"stream"},"geometry":{"type":"LineString","coordinates":[[-55.8355,-22.463],[-55.8347,-22.4653]]}},{"type":"Feature","properties":{"nome":"","tipo":"stream"},"geometry":{"type":"LineString","coordinates":[[-55.9065,-22.4091],[-55.9072,-22.4112],[-55.9116,-22.4139],[-55.9139,-22.414],[-55.9146,-22.4146],[-55.9164,-22.4149],[-55.918,-22.4147],[-55.9222,-22.4157],[-55.9235,-22.4155],[-55.9236,-22.4158],[-55.9243,-22.4157],[-55.9255,-22.4163],[-55.9257,-22.4171],[-55.9266,-22.4165],[-55.93,-22.4167],[-55.9324,-22.4189],[-55.9337,-22.4192],[-55.9354,-22.4203],[-55.9358,-22.4212],[-55.9375,-22.4219],[-55.939,-22.4237],[-55.9399,-22.4237],[-55.9407,-22.4251],[-55.9419,-22.4257],[-55.9426,-22.4269],[-55.9451,-22.4285],[-55.948,-22.4321],[-55.9488,-22.4324],[-55.9497,-22.435],[-55.951,-22.4353],[-55.9518,-22.4365],[-55.9535,-22.4364],[-55.9559,-22.4376],[-55.9583,-22.4368],[-55.96,-22.4374]]}},{"type":"Feature","properties":{"nome":"","tipo":"stream"},"geometry":{"type":"LineString","coordinates":[[-55.9619,-22.4371],[-55.9615,-22.4382]]}},{"type":"Feature","properties":{"nome":"","tipo":"stream"},"geometry":{"type":"LineString","coordinates":[[-55.981,-22.4307],[-55.9795,-22.4301],[-55.9752,-22.4295],[-55.9701,-22.4269],[-55.9685,-22.4274],[-55.9655,-22.4294],[-55.9641,-22.4292],[-55.9633,-22.4298]]}},{"type":"Feature","properties":{"nome":"","tipo":"stream"},"geometry":{"type":"LineString","coordinates":[[-55.9599,-22.4287],[-55.9607,-22.4288],[-55.96,-22.4291]]}},{"type":"Feature","properties":{"nome":"","tipo":"stream"},"geometry":{"type":"LineString","coordinates":[[-55.9313,-22.4358],[-55.9304,-22.4382],[-55.9342,-22.4432],[-55.9381,-22.4453],[-55.9399,-22.4484],[-55.9415,-22.4501],[-55.9477,-22.452],[-55.9491,-22.4514],[-55.9492,-22.4486],[-55.9498,-22.4475],[-55.9492,-22.4453],[-55.9499,-22.4439],[-55.9494,-22.4428],[-55.9501,-22.4411],[-55.9509,-22.4405],[-55.9521,-22.4365]]}},{"type":"Feature","properties":{"nome":"","tipo":"stream"},"geometry":{"type":"LineString","coordinates":[[-55.9336,-22.4441],[-55.9353,-22.4439]]}},{"type":"Feature","properties":{"nome":"","tipo":"stream"},"geometry":{"type":"LineString","coordinates":[[-55.9347,-22.4451],[-55.9354,-22.4439]]}},{"type":"Feature","properties":{"nome":"","tipo":"stream"},"geometry":{"type":"LineString","coordinates":[[-55.9328,-22.4431],[-55.9345,-22.4439]]}},{"type":"Feature","properties":{"nome":"","tipo":"stream"},"geometry":{"type":"LineString","coordinates":[[-55.9561,-22.4501],[-55.958,-22.4501],[-55.9582,-22.4506],[-55.9592,-22.4506]]}},{"type":"Feature","properties":{"nome":"","tipo":"stream"},"geometry":{"type":"LineString","coordinates":[[-55.8965,-22.4186],[-55.899,-22.4188],[-55.9029,-22.4171],[-55.9075,-22.4162],[-55.9103,-22.4168],[-55.9119,-22.4157],[-55.9139,-22.4162],[-55.9162,-22.4149]]}},{"type":"Feature","properties":{"nome":"","tipo":"stream"},"geometry":{"type":"LineString","coordinates":[[-55.9521,-22.431],[-55.9513,-22.4331],[-55.952,-22.4356],[-55.9517,-22.4364]]}},{"type":"Feature","properties":{"nome":"","tipo":"stream"},"geometry":{"type":"LineString","coordinates":[[-55.905,-22.455],[-55.9056,-22.4547],[-55.9059,-22.4535],[-55.9083,-22.4514],[-55.9121,-22.4492],[-55.9127,-22.4478],[-55.9161,-22.446],[-55.9205,-22.4446],[-55.9224,-22.4425],[-55.9255,-22.4436],[-55.9273,-22.446],[-55.9303,-22.4484],[-55.9315,-22.451],[-55.934,-22.4523],[-55.9345,-22.4532],[-55.9356,-22.4534],[-55.9364,-22.4546],[-55.9361,-22.4552],[-55.9369,-22.4553],[-55.9371,-22.4559],[-55.9383,-22.4564],[-55.9394,-22.4579],[-55.941,-22.4576],[-55.9425,-22.4601],[-55.945,-22.4616],[-55.9468,-22.4607],[-55.9476,-22.4592],[-55.9488,-22.4595],[-55.9504,-22.4591],[-55.9506,-22.4578],[-55.9516,-22.4568],[-55.9558,-22.4557],[-55.9561,-22.4549],[-55.9571,-22.4544],[-55.9568,-22.453],[-55.9578,-22.453],[-55.9584,-22.4536],[-55.9599,-22.4536],[-55.9601,-22.455],[-55.962,-22.4549]]}},{"type":"Feature","properties":{"nome":"","tipo":"stream"},"geometry":{"type":"LineString","coordinates":[[-55.9131,-22.4358],[-55.9156,-22.4355],[-55.9186,-22.437],[-55.9196,-22.44],[-55.9213,-22.4412],[-55.9222,-22.4425]]}},{"type":"Feature","properties":{"nome":"","tipo":"stream"},"geometry":{"type":"LineString","coordinates":[[-55.9172,-22.4408],[-55.9191,-22.4408],[-55.92,-22.4403]]}},{"type":"Feature","properties":{"nome":"","tipo":"stream"},"geometry":{"type":"LineString","coordinates":[[-55.9178,-22.4421],[-55.9196,-22.4416],[-55.9208,-22.4407]]}},{"type":"Feature","properties":{"nome":"","tipo":"stream"},"geometry":{"type":"LineString","coordinates":[[-55.9167,-22.4396],[-55.9194,-22.4394]]}},{"type":"Feature","properties":{"nome":"","tipo":"stream"},"geometry":{"type":"LineString","coordinates":[[-55.9208,-22.4381],[-55.9192,-22.4386]]}},{"type":"Feature","properties":{"nome":"","tipo":"river"},"geometry":{"type":"LineString","coordinates":[[-55.8302,-22.9692],[-55.8315,-22.9671],[-55.8332,-22.966],[-55.8339,-22.9645],[-55.8352,-22.9637],[-55.8352,-22.9625],[-55.8382,-22.9612],[-55.8393,-22.9595],[-55.8427,-22.9571],[-55.8426,-22.956],[-55.8435,-22.9542],[-55.8431,-22.9526],[-55.8445,-22.9497],[-55.8468,-22.9469],[-55.8476,-22.9444]]}},{"type":"Feature","properties":{"nome":"","tipo":"stream"},"geometry":{"type":"LineString","coordinates":[[-55.8167,-22.9609],[-55.8185,-22.9658],[-55.8208,-22.9695]]}},{"type":"Feature","properties":{"nome":"","tipo":"stream"},"geometry":{"type":"LineString","coordinates":[[-55.8115,-22.9698],[-55.8127,-22.9709],[-55.813,-22.9723],[-55.8149,-22.9731]]}},{"type":"Feature","properties":{"nome":"","tipo":"stream"},"geometry":{"type":"LineString","coordinates":[[-55.7843,-22.9795],[-55.7858,-22.9798],[-55.787,-22.9794],[-55.7896,-22.9798],[-55.7906,-22.9794],[-55.7923,-22.9794],[-55.7939,-22.9799],[-55.7961,-22.9793],[-55.7973,-22.9784],[-55.7983,-22.9784],[-55.8021,-22.9789],[-55.8046,-22.9803],[-55.8077,-22.981]]}},{"type":"Feature","properties":{"nome":"","tipo":"stream"},"geometry":{"type":"LineString","coordinates":[[-55.8046,-22.9926],[-55.8045,-22.9906],[-55.8032,-22.9881]]}},{"type":"Feature","properties":{"nome":"","tipo":"stream"},"geometry":{"type":"LineString","coordinates":[[-55.7961,-22.9936],[-55.798,-22.993],[-55.7985,-22.9916],[-55.7997,-22.9903],[-55.8012,-22.989],[-55.8032,-22.9881],[-55.8066,-22.9819],[-55.8102,-22.9794],[-55.8117,-22.9769],[-55.813,-22.976],[-55.8139,-22.974],[-55.8177,-22.9707],[-55.8217,-22.969],[-55.8275,-22.9688],[-55.8302,-22.9692]]}},{"type":"Feature","properties":{"nome":"","tipo":"stream"},"geometry":{"type":"LineString","coordinates":[[-55.8215,-22.973],[-55.8207,-22.971],[-55.8211,-22.9693]]}},{"type":"Feature","properties":{"nome":"","tipo":"stream"},"geometry":{"type":"LineString","coordinates":[[-55.8188,-22.9909],[-55.8182,-22.9907],[-55.8181,-22.9892],[-55.8161,-22.9868],[-55.8162,-22.9862],[-55.8145,-22.9837],[-55.811,-22.9797],[-55.8108,-22.9785]]}},{"type":"Feature","properties":{"nome":"","tipo":"stream"},"geometry":{"type":"LineString","coordinates":[[-55.8245,-22.9986],[-55.8255,-22.9971],[-55.8289,-22.9944],[-55.8315,-22.9911],[-55.8316,-22.9897],[-55.8332,-22.9878],[-55.8337,-22.9853],[-55.8338,-22.9828],[-55.8322,-22.9773],[-55.8326,-22.9757],[-55.8302,-22.9692]]}},{"type":"Feature","properties":{"nome":"","tipo":"stream"},"geometry":{"type":"LineString","coordinates":[[-55.8259,-22.9856],[-55.8274,-22.9829],[-55.8271,-22.9826],[-55.8289,-22.9808],[-55.8301,-22.9787],[-55.8314,-22.9783],[-55.8322,-22.9773]]}},{"type":"Feature","properties":{"nome":"","tipo":"stream"},"geometry":{"type":"LineString","coordinates":[[-55.8236,-22.9813],[-55.825,-22.9823],[-55.8271,-22.9826]]}},{"type":"Feature","properties":{"nome":"","tipo":"stream"},"geometry":{"type":"LineString","coordinates":[[-55.8272,-22.9791],[-55.8295,-22.9795]]}},{"type":"Feature","properties":{"nome":"","tipo":"stream"},"geometry":{"type":"LineString","coordinates":[[-55.9973,-22.9397],[-55.9972,-22.9377],[-55.9988,-22.9346],[-55.9997,-22.9298],[-56.0022,-22.9271],[-56.0038,-22.9239],[-56.0064,-22.9223],[-56.0068,-22.9214],[-56.0099,-22.9186]]}},{"type":"Feature","properties":{"nome":"","tipo":"stream"},"geometry":{"type":"LineString","coordinates":[[-56.0178,-22.9368],[-56.0177,-22.9344],[-56.0167,-22.9326],[-56.0169,-22.9315],[-56.0161,-22.9289],[-56.0136,-22.9242],[-56.0101,-22.9193],[-56.0099,-22.9184],[-56.0109,-22.917]]}},{"type":"Feature","properties":{"nome":"","tipo":"stream"},"geometry":{"type":"LineString","coordinates":[[-56.0132,-22.9146],[-56.016,-22.913],[-56.0169,-22.9129],[-56.0183,-22.9115],[-56.0213,-22.9113],[-56.0223,-22.9082],[-56.0234,-22.9079],[-56.025,-22.9054],[-56.0267,-22.9044],[-56.028,-22.9012],[-56.0297,-22.9009],[-56.03,-22.9001],[-56.0319,-22.8996],[-56.0331,-22.8974],[-56.0331,-22.896],[-56.0338,-22.8957],[-56.034,-22.8944],[-56.0351,-22.8929],[-56.0358,-22.8929]]}},{"type":"Feature","properties":{"nome":"","tipo":"stream"},"geometry":{"type":"LineString","coordinates":[[-56.2112,-23.0949],[-56.2118,-23.1001],[-56.2109,-23.1015],[-56.2111,-23.1024],[-56.2084,-23.1055],[-56.2047,-23.1048],[-56.2007,-23.1057],[-56.1989,-23.1067],[-56.1975,-23.1063],[-56.1955,-23.1079],[-56.1947,-23.1078],[-56.1946,-23.1083],[-56.1929,-23.1089],[-56.1925,-23.1097],[-56.1877,-23.1133],[-56.1861,-23.1176],[-56.1844,-23.1198],[-56.1842,-23.1213],[-56.1851,-23.123]]}},{"type":"Feature","properties":{"nome":"","tipo":"stream"},"geometry":{"type":"LineString","coordinates":[[-56.1822,-23.1158],[-56.1818,-23.1187],[-56.181,-23.1204]]}},{"type":"Feature","properties":{"nome":"","tipo":"stream"},"geometry":{"type":"LineString","coordinates":[[-56.1949,-23.103],[-56.1952,-23.1059],[-56.1947,-23.1078]]}},{"type":"Feature","properties":{"nome":"","tipo":"stream"},"geometry":{"type":"LineString","coordinates":[[-56.1757,-23.1065],[-56.1749,-23.1111],[-56.1724,-23.1144],[-56.1728,-23.1197],[-56.1738,-23.1201]]}},{"type":"Feature","properties":{"nome":"","tipo":"stream"},"geometry":{"type":"LineString","coordinates":[[-56.3483,-23.2891],[-56.3453,-23.2921],[-56.3402,-23.2936],[-56.3382,-23.2953],[-56.3338,-23.2972],[-56.3327,-23.2989],[-56.3329,-23.2998],[-56.3309,-23.302],[-56.3306,-23.303],[-56.3296,-23.3032],[-56.3295,-23.3039],[-56.3278,-23.3055],[-56.324,-23.307],[-56.3224,-23.3085],[-56.3174,-23.3096]]}},{"type":"Feature","properties":{"nome":"","tipo":"stream"},"geometry":{"type":"LineString","coordinates":[[-56.3181,-23.3058],[-56.3185,-23.3088],[-56.319,-23.309]]}},{"type":"Feature","properties":{"nome":"","tipo":"stream"},"geometry":{"type":"LineString","coordinates":[[-56.3331,-23.3103],[-56.329,-23.3077],[-56.3278,-23.3055]]}},{"type":"Feature","properties":{"nome":"","tipo":"stream"},"geometry":{"type":"LineString","coordinates":[[-56.3162,-23.3078],[-56.3174,-23.3096]]}},{"type":"Feature","properties":{"nome":"","tipo":"stream"},"geometry":{"type":"LineString","coordinates":[[-56.3174,-23.3096],[-56.3145,-23.3118],[-56.3143,-23.3123],[-56.3104,-23.3142],[-56.3084,-23.3184],[-56.3035,-23.325],[-56.3019,-23.3257],[-56.3016,-23.3266]]}},{"type":"Feature","properties":{"nome":"","tipo":"stream"},"geometry":{"type":"LineString","coordinates":[[-56.3463,-23.2921],[-56.3458,-23.2914]]}},{"type":"Feature","properties":{"nome":"","tipo":"stream"},"geometry":{"type":"LineString","coordinates":[[-56.3459,-23.2925],[-56.3449,-23.2923]]}},{"type":"Feature","properties":{"nome":"","tipo":"stream"},"geometry":{"type":"LineString","coordinates":[[-56.3454,-23.2927],[-56.3451,-23.2924]]}},{"type":"Feature","properties":{"nome":"","tipo":"stream"},"geometry":{"type":"LineString","coordinates":[[-55.9105,-22.4564],[-55.912,-22.4574],[-55.9165,-22.4551],[-55.9204,-22.4547],[-55.9224,-22.4551],[-55.9235,-22.4547],[-55.9241,-22.4558],[-55.9272,-22.4564],[-55.9323,-22.4535],[-55.9334,-22.4535],[-55.9364,-22.4546]]}},{"type":"Feature","properties":{"nome":"","tipo":"stream"},"geometry":{"type":"LineString","coordinates":[[-55.9163,-22.4482],[-55.9168,-22.4458]]}},{"type":"Feature","properties":{"nome":"","tipo":"stream"},"geometry":{"type":"LineString","coordinates":[[-55.9549,-22.4649],[-55.9527,-22.4639],[-55.95,-22.4609],[-55.9504,-22.459]]}},{"type":"Feature","properties":{"nome":"","tipo":"stream"},"geometry":{"type":"LineString","coordinates":[[-55.9123,-22.4551],[-55.9153,-22.4557]]}},{"type":"Feature","properties":{"nome":"","tipo":"stream"},"geometry":{"type":"LineString","coordinates":[[-55.9523,-22.4608],[-55.9515,-22.4601],[-55.9515,-22.4594],[-55.9526,-22.4582],[-55.9552,-22.4567],[-55.9558,-22.4557]]}},{"type":"Feature","properties":{"nome":"","tipo":"stream"},"geometry":{"type":"LineString","coordinates":[[-55.959,-22.4542],[-55.9594,-22.4537]]}},{"type":"Feature","properties":{"nome":"","tipo":"stream"},"geometry":{"type":"LineString","coordinates":[[-55.9613,-22.4647],[-55.9612,-22.4634],[-55.9641,-22.4609],[-55.9651,-22.4579]]}},{"type":"Feature","properties":{"nome":"","tipo":"stream"},"geometry":{"type":"LineString","coordinates":[[-55.9965,-22.4333],[-56.0011,-22.437]]}},{"type":"Feature","properties":{"nome":"","tipo":"stream"},"geometry":{"type":"LineString","coordinates":[[-55.998,-22.4432],[-55.9996,-22.4415],[-56.002,-22.4411],[-56.0046,-22.4396]]}},{"type":"Feature","properties":{"nome":"","tipo":"stream"},"geometry":{"type":"LineString","coordinates":[[-55.9878,-22.3923],[-55.9884,-22.3938]]}},{"type":"Feature","properties":{"nome":"","tipo":"stream"},"geometry":{"type":"LineString","coordinates":[[-55.9928,-22.3976],[-55.9907,-22.3986],[-55.9901,-22.3996],[-55.9871,-22.4006]]}},{"type":"Feature","properties":{"nome":"","tipo":"stream"},"geometry":{"type":"LineString","coordinates":[[-55.9924,-22.4049],[-55.9904,-22.4033],[-55.9881,-22.4032],[-55.9861,-22.4022]]}},{"type":"Feature","properties":{"nome":"","tipo":"stream"},"geometry":{"type":"LineString","coordinates":[[-55.9892,-22.4077],[-55.9882,-22.408],[-55.9856,-22.4069],[-55.9829,-22.4075]]}},{"type":"Feature","properties":{"nome":"","tipo":"stream"},"geometry":{"type":"LineString","coordinates":[[-55.9794,-22.404],[-55.981,-22.4069],[-55.9826,-22.4082]]}},{"type":"Feature","properties":{"nome":"","tipo":"stream"},"geometry":{"type":"LineString","coordinates":[[-55.9754,-22.4055],[-55.9773,-22.4078],[-55.9795,-22.409],[-55.9822,-22.4096]]}},{"type":"Feature","properties":{"nome":"","tipo":"stream"},"geometry":{"type":"LineString","coordinates":[[-55.9881,-22.4133],[-55.9871,-22.412],[-55.9839,-22.4098],[-55.9822,-22.4096]]}},{"type":"Feature","properties":{"nome":"","tipo":"stream"},"geometry":{"type":"LineString","coordinates":[[-55.9795,-22.4214],[-55.9783,-22.4176],[-55.9761,-22.4154],[-55.9749,-22.4148]]}},{"type":"Feature","properties":{"nome":"","tipo":"stream"},"geometry":{"type":"LineString","coordinates":[[-55.9849,-22.4178],[-55.9835,-22.4169],[-55.9825,-22.4148],[-55.9792,-22.4118]]}},{"type":"Feature","properties":{"nome":"","tipo":"stream"},"geometry":{"type":"LineString","coordinates":[[-55.9744,-22.4209],[-55.9706,-22.4196],[-55.9685,-22.4197],[-55.9648,-22.422],[-55.9645,-22.4232],[-55.9641,-22.4233]]}},{"type":"Feature","properties":{"nome":"","tipo":"stream"},"geometry":{"type":"LineString","coordinates":[[-55.9796,-22.4262],[-55.9782,-22.4252],[-55.9717,-22.424],[-55.9689,-22.4219],[-55.9654,-22.4217]]}},{"type":"Feature","properties":{"nome":"","tipo":"stream"},"geometry":{"type":"LineString","coordinates":[[-55.9775,-22.4332],[-55.9707,-22.4322],[-55.9683,-22.4298],[-55.9654,-22.4294]]}},{"type":"Feature","properties":{"nome":"","tipo":"stream"},"geometry":{"type":"LineString","coordinates":[[-55.9904,-22.4419],[-55.9854,-22.4386],[-55.9836,-22.4387],[-55.9819,-22.4398],[-55.98,-22.44],[-55.9787,-22.4411],[-55.9747,-22.4424],[-55.973,-22.4437],[-55.972,-22.4439],[-55.9701,-22.4456],[-55.9696,-22.4473],[-55.9678,-22.447],[-55.966,-22.4496],[-55.9647,-22.4495],[-55.9643,-22.4505],[-55.9632,-22.4501],[-55.9628,-22.4512],[-55.9618,-22.4514],[-55.9622,-22.4516],[-55.9618,-22.4523]]}},{"type":"Feature","properties":{"nome":"","tipo":"stream"},"geometry":{"type":"LineString","coordinates":[[-55.9865,-22.4457],[-55.986,-22.449],[-55.9836,-22.4487],[-55.9811,-22.4501],[-55.9788,-22.4506],[-55.9777,-22.4519],[-55.9724,-22.451],[-55.9712,-22.4515],[-55.9696,-22.4511],[-55.9695,-22.4506],[-55.9687,-22.4508],[-55.9668,-22.4502],[-55.9661,-22.4493]]}},{"type":"Feature","properties":{"nome":"","tipo":"stream"},"geometry":{"type":"LineString","coordinates":[[-55.9842,-22.4446],[-55.9788,-22.4435],[-55.9763,-22.4419]]}},{"type":"Feature","properties":{"nome":"","tipo":"stream"},"geometry":{"type":"LineString","coordinates":[[-55.9823,-22.4426],[-55.9803,-22.4436]]}},{"type":"Feature","properties":{"nome":"","tipo":"stream"},"geometry":{"type":"LineString","coordinates":[[-55.985,-22.4366],[-55.9828,-22.439]]}},{"type":"Feature","properties":{"nome":"","tipo":"stream"},"geometry":{"type":"LineString","coordinates":[[-55.9856,-22.4415],[-55.9853,-22.4406],[-55.9819,-22.4398]]}},{"type":"Feature","properties":{"nome":"","tipo":"stream"},"geometry":{"type":"LineString","coordinates":[[-56.0005,-22.4523],[-56.0014,-22.4512],[-56.0036,-22.4505],[-56.0063,-22.4468],[-56.0076,-22.4461],[-56.007,-22.4449],[-56.0081,-22.4452],[-56.0103,-22.4447],[-56.0117,-22.4418]]}},{"type":"Feature","properties":{"nome":"","tipo":"stream"},"geometry":{"type":"LineString","coordinates":[[-55.9973,-22.4523],[-56.0012,-22.4513]]}},{"type":"Feature","properties":{"nome":"","tipo":"stream"},"geometry":{"type":"LineString","coordinates":[[-56.0021,-22.4493],[-56.0039,-22.4497]]}},{"type":"Feature","properties":{"nome":"","tipo":"stream"},"geometry":{"type":"LineString","coordinates":[[-56.0019,-22.4485],[-56.0029,-22.4484],[-56.0046,-22.449]]}},{"type":"Feature","properties":{"nome":"","tipo":"stream"},"geometry":{"type":"LineString","coordinates":[[-55.9813,-22.4358],[-55.9804,-22.4373]]}},{"type":"Feature","properties":{"nome":"","tipo":"stream"},"geometry":{"type":"LineString","coordinates":[[-55.9801,-22.4359],[-55.9802,-22.4372],[-55.9808,-22.4378],[-55.98,-22.4401]]}},{"type":"Feature","properties":{"nome":"","tipo":"stream"},"geometry":{"type":"LineString","coordinates":[[-55.9764,-22.4419],[-55.9756,-22.4414],[-55.9734,-22.4416],[-55.9734,-22.4425],[-55.972,-22.4439]]}},{"type":"Feature","properties":{"nome":"","tipo":"stream"},"geometry":{"type":"LineString","coordinates":[[-55.7043,-22.572],[-55.7056,-22.5718],[-55.7061,-22.5713],[-55.7082,-22.5728],[-55.7095,-22.5748],[-55.7094,-22.5769]]}},{"type":"Feature","properties":{"nome":"arroyo Capiibary","tipo":"stream"},"geometry":{"type":"LineString","coordinates":[[-55.7046,-22.5765],[-55.7067,-22.5771],[-55.7093,-22.5768],[-55.7101,-22.5772],[-55.7122,-22.582],[-55.714,-22.5844],[-55.7175,-22.5873],[-55.718,-22.5897],[-55.7191,-22.5908],[-55.7192,-22.5918],[-55.7212,-22.593],[-55.7216,-22.596],[-55.7238,-22.5989],[-55.7238,-22.6018],[-55.7242,-22.6029],[-55.7252,-22.6039],[-55.7257,-22.6064],[-55.7264,-22.6073],[-55.7292,-22.6087],[-55.7291,-22.6105],[-55.7301,-22.6133],[-55.7315,-22.6154],[-55.7329,-22.6161],[-55.7319,-22.6203],[-55.734,-22.6224],[-55.7342,-22.6278],[-55.735,-22.6296],[-55.7364,-22.6303],[-55.7373,-22.6316],[-55.7376,-22.6327],[-55.7372,-22.6337],[-55.7381,-22.6343],[-55.7387,-22.6357],[-55.7385,-22.6364],[-55.7399,-22.6373],[-55.7392,-22.6376],[-55.7396,-22.6379],[-55.7393,-22.6385]]}},{"type":"Feature","properties":{"nome":"","tipo":"stream"},"geometry":{"type":"LineString","coordinates":[[-55.7737,-22.5627],[-55.773,-22.5645]]}},{"type":"Feature","properties":{"nome":"","tipo":"stream"},"geometry":{"type":"LineString","coordinates":[[-55.778,-22.5041],[-55.7801,-22.5033],[-55.7824,-22.5032],[-55.7829,-22.5023],[-55.7846,-22.5013]]}},{"type":"Feature","properties":{"nome":"","tipo":"stream"},"geometry":{"type":"LineString","coordinates":[[-55.7793,-22.5055],[-55.7806,-22.5045],[-55.7812,-22.5033]]}},{"type":"Feature","properties":{"nome":"","tipo":"stream"},"geometry":{"type":"LineString","coordinates":[[-55.7767,-22.5029],[-55.7786,-22.5024],[-55.779,-22.5017],[-55.7823,-22.5008]]}},{"type":"Feature","properties":{"nome":"","tipo":"stream"},"geometry":{"type":"LineString","coordinates":[[-55.7845,-22.5094],[-55.7848,-22.5087],[-55.7888,-22.5075],[-55.7896,-22.5063],[-55.7925,-22.5046]]}},{"type":"Feature","properties":{"nome":"","tipo":"stream"},"geometry":{"type":"LineString","coordinates":[[-55.7513,-22.5037],[-55.7521,-22.5021],[-55.7527,-22.5019],[-55.7534,-22.5026],[-55.7537,-22.5021],[-55.7546,-22.5028],[-55.756,-22.5029],[-55.7562,-22.5037],[-55.7571,-22.5041],[-55.7586,-22.5034],[-55.76,-22.5039],[-55.7624,-22.5037],[-55.7633,-22.5049],[-55.7623,-22.5069],[-55.7645,-22.5087],[-55.7651,-22.5099],[-55.7677,-22.5116],[-55.7689,-22.5132],[-55.772,-22.5148],[-55.7741,-22.5152],[-55.7763,-22.5168],[-55.7772,-22.518],[-55.7784,-22.5183],[-55.7806,-22.5205],[-55.7842,-22.5226],[-55.7845,-22.5242],[-55.785,-22.5244],[-55.7854,-22.5275],[-55.7855,-22.5296],[-55.785,-22.5311],[-55.7856,-22.5352],[-55.7859,-22.5361],[-55.7868,-22.5362],[-55.787,-22.5381]]}},{"type":"Feature","properties":{"nome":"","tipo":"stream"},"geometry":{"type":"LineString","coordinates":[[-55.7513,-22.5188],[-55.7512,-22.5206],[-55.7536,-22.5224],[-55.7536,-22.5238],[-55.7546,-22.5246],[-55.7551,-22.5266],[-55.7565,-22.5268],[-55.7574,-22.5278],[-55.7629,-22.5296],[-55.7656,-22.5314],[-55.7691,-22.5323],[-55.7753,-22.536],[-55.7839,-22.5362],[-55.7854,-22.5366],[-55.7862,-22.5379],[-55.7904,-22.5391],[-55.7927,-22.5382],[-55.7989,-22.5402],[-55.7999,-22.5411],[-55.7997,-22.5419],[-55.8005,-22.5434],[-55.8029,-22.5445],[-55.8024,-22.5455],[-55.8026,-22.5459],[-55.8045,-22.5463],[-55.8068,-22.548],[-55.8078,-22.5481],[-55.8079,-22.5499],[-55.8087,-22.5489],[-55.8094,-22.5469],[-55.8093,-22.5445],[-55.8185,-22.5485],[-55.8219,-22.5482],[-55.8242,-22.549],[-55.8246,-22.5478],[-55.8242,-22.5454],[-55.8255,-22.5453],[-55.8276,-22.5465],[-55.8314,-22.5498]]}},{"type":"Feature","properties":{"nome":"","tipo":"stream"},"geometry":{"type":"LineString","coordinates":[[-55.7691,-22.5399],[-55.7711,-22.5389],[-55.7729,-22.5365],[-55.7744,-22.5355]]}},{"type":"Feature","properties":{"nome":"","tipo":"stream"},"geometry":{"type":"LineString","coordinates":[[-55.789,-22.5437],[-55.7895,-22.5424],[-55.791,-22.5412],[-55.7911,-22.539]]}},{"type":"Feature","properties":{"nome":"","tipo":"stream"},"geometry":{"type":"LineString","coordinates":[[-55.7915,-22.545],[-55.7922,-22.5459],[-55.794,-22.5459],[-55.7993,-22.5481],[-55.8042,-22.5481],[-55.8058,-22.5473]]}},{"type":"Feature","properties":{"nome":"","tipo":"stream"},"geometry":{"type":"LineString","coordinates":[[-55.7918,-22.5508],[-55.7933,-22.551],[-55.7953,-22.5522],[-55.8,-22.5525],[-55.8045,-22.5519],[-55.8064,-22.5497],[-55.8077,-22.5495]]}},{"type":"Feature","properties":{"nome":"","tipo":"stream"},"geometry":{"type":"LineString","coordinates":[[-55.8308,-22.5455],[-55.8334,-22.5471],[-55.8346,-22.5486]]}},{"type":"Feature","properties":{"nome":"","tipo":"stream"},"geometry":{"type":"LineString","coordinates":[[-55.81,-22.5562],[-55.8103,-22.5582],[-55.8148,-22.559],[-55.8182,-22.5612]]}},{"type":"Feature","properties":{"nome":"","tipo":"stream"},"geometry":{"type":"LineString","coordinates":[[-55.8161,-22.5556],[-55.8191,-22.5564],[-55.8196,-22.5572],[-55.8195,-22.5595],[-55.82,-22.5602]]}},{"type":"Feature","properties":{"nome":"","tipo":"stream"},"geometry":{"type":"LineString","coordinates":[[-55.7932,-22.5255],[-55.7937,-22.5265],[-55.7936,-22.5284],[-55.795,-22.5321],[-55.797,-22.5327],[-55.8,-22.5314],[-55.8014,-22.5314],[-55.8062,-22.5344],[-55.8074,-22.5346],[-55.8106,-22.537],[-55.8107,-22.5391],[-55.8129,-22.5426],[-55.8128,-22.5458]]}},{"type":"Feature","properties":{"nome":"","tipo":"stream"},"geometry":{"type":"LineString","coordinates":[[-55.7532,-22.529],[-55.7542,-22.5274],[-55.756,-22.5266]]}},{"type":"Feature","properties":{"nome":"","tipo":"stream"},"geometry":{"type":"LineString","coordinates":[[-55.7512,-22.5278],[-55.752,-22.5278],[-55.7548,-22.5261]]}},{"type":"Feature","properties":{"nome":"","tipo":"stream"},"geometry":{"type":"LineString","coordinates":[[-55.755,-22.5305],[-55.7571,-22.5295],[-55.7606,-22.5288]]}},{"type":"Feature","properties":{"nome":"","tipo":"stream"},"geometry":{"type":"LineString","coordinates":[[-55.7601,-22.5326],[-55.7621,-22.5308],[-55.7635,-22.5302]]}},{"type":"Feature","properties":{"nome":"","tipo":"stream"},"geometry":{"type":"LineString","coordinates":[[-55.7612,-22.5343],[-55.7631,-22.532],[-55.7649,-22.5309]]}},{"type":"Feature","properties":{"nome":"","tipo":"stream"},"geometry":{"type":"LineString","coordinates":[[-55.7645,-22.5226],[-55.7634,-22.5275],[-55.7623,-22.5294]]}},{"type":"Feature","properties":{"nome":"","tipo":"stream"},"geometry":{"type":"LineString","coordinates":[[-55.7588,-22.5403],[-55.7605,-22.539],[-55.7624,-22.5387],[-55.7667,-22.537],[-55.7697,-22.5344],[-55.7716,-22.534]]}},{"type":"Feature","properties":{"nome":"","tipo":"stream"},"geometry":{"type":"LineString","coordinates":[[-55.792,-22.5563],[-55.7929,-22.5548],[-55.7951,-22.5536],[-55.7955,-22.5522]]}},{"type":"Feature","properties":{"nome":"","tipo":"stream"},"geometry":{"type":"LineString","coordinates":[[-55.7303,-22.5831],[-55.7319,-22.5853],[-55.7319,-22.587],[-55.7338,-22.5877],[-55.7348,-22.589],[-55.7346,-22.5943],[-55.7365,-22.597],[-55.7366,-22.5991],[-55.7376,-22.6012]]}},{"type":"Feature","properties":{"nome":"","tipo":"stream"},"geometry":{"type":"LineString","coordinates":[[-55.7077,-22.5867],[-55.7084,-22.5876],[-55.7112,-22.5881],[-55.7152,-22.5875],[-55.7165,-22.5867]]}},{"type":"Feature","properties":{"nome":"arroyo Falcon","tipo":"stream"},"geometry":{"type":"LineString","coordinates":[[-55.6914,-22.5817],[-55.6915,-22.5864],[-55.6925,-22.5872],[-55.6928,-22.5902],[-55.6934,-22.5918],[-55.6934,-22.5936],[-55.6942,-22.5945],[-55.6938,-22.5964],[-55.695,-22.598],[-55.695,-22.601],[-55.6942,-22.602],[-55.6935,-22.6053],[-55.6938,-22.6062],[-55.6968,-22.6104],[-55.6976,-22.6107],[-55.6986,-22.6123],[-55.7015,-22.6153],[-55.7032,-22.6159],[-55.7082,-22.6197],[-55.709,-22.6194],[-55.7096,-22.62],[-55.7122,-22.6206],[-55.7134,-22.622],[-55.7141,-22.6216],[-55.717,-22.6219],[-55.7176,-22.6225],[-55.7191,-22.6223],[-55.7207,-22.623],[-55.7222,-22.6228],[-55.7239,-22.6234],[-55.7259,-22.6259],[-55.7268,-22.628],[-55.7292,-22.6297],[-55.7295,-22.6316],[-55.7323,-22.6319],[-55.7327,-22.6331],[-55.7363,-22.635],[-55.7378,-22.6365],[-55.7386,-22.6364]]}},{"type":"Feature","properties":{"nome":"","tipo":"stream"},"geometry":{"type":"LineString","coordinates":[[-55.6825,-22.5975],[-55.6819,-22.5986],[-55.6829,-22.604],[-55.6823,-22.605],[-55.6826,-22.6072],[-55.6822,-22.6082],[-55.6826,-22.6094],[-55.6798,-22.6146],[-55.6789,-22.6196],[-55.6791,-22.6217],[-55.68,-22.623],[-55.6799,-22.6244],[-55.6814,-22.6264],[-55.6811,-22.6272],[-55.6829,-22.6325],[-55.6826,-22.6329],[-55.683,-22.6336],[-55.6815,-22.636]]}},{"type":"Feature","properties":{"nome":"","tipo":"stream"},"geometry":{"type":"LineString","coordinates":[[-55.6474,-22.6127],[-55.6475,-22.6129]]}},{"type":"Feature","properties":{"nome":"","tipo":"stream"},"geometry":{"type":"LineString","coordinates":[[-55.6475,-22.6129],[-55.6461,-22.6167],[-55.6469,-22.6177],[-55.6484,-22.6173],[-55.6501,-22.6184],[-55.6518,-22.6175],[-55.6544,-22.6179],[-55.6566,-22.6175],[-55.6571,-22.6179],[-55.6593,-22.6179],[-55.6595,-22.6186],[-55.6602,-22.6185],[-55.6625,-22.6198],[-55.6666,-22.6187]]}},{"type":"Feature","properties":{"nome":"","tipo":"stream"},"geometry":{"type":"LineString","coordinates":[[-55.6473,-22.6126],[-55.6474,-22.6127]]}},{"type":"Feature","properties":{"nome":"","tipo":"stream"},"geometry":{"type":"LineString","coordinates":[[-55.6493,-22.6149],[-55.65,-22.6157],[-55.6485,-22.6173]]}},{"type":"Feature","properties":{"nome":"","tipo":"stream"},"geometry":{"type":"LineString","coordinates":[[-55.6677,-22.6078],[-55.6643,-22.6111],[-55.6642,-22.6139],[-55.6667,-22.6188],[-55.6682,-22.6203],[-55.6694,-22.6208],[-55.6695,-22.6218],[-55.6706,-22.6234],[-55.6715,-22.6233],[-55.6725,-22.624],[-55.6723,-22.6259],[-55.6746,-22.6289],[-55.6745,-22.6308],[-55.6766,-22.6327],[-55.6783,-22.6333],[-55.6801,-22.6354],[-55.6815,-22.6359],[-55.6834,-22.6393],[-55.6849,-22.6402],[-55.685,-22.6409],[-55.6831,-22.6435],[-55.6843,-22.6454],[-55.6839,-22.6463],[-55.6842,-22.6479],[-55.6836,-22.6477],[-55.6825,-22.6484],[-55.6823,-22.6502],[-55.6842,-22.6504],[-55.6848,-22.6511],[-55.6849,-22.6526],[-55.6835,-22.6529],[-55.6833,-22.6555],[-55.6839,-22.6555],[-55.6836,-22.656],[-55.6849,-22.6569],[-55.6848,-22.6582],[-55.6854,-22.6586],[-55.6854,-22.6593],[-55.6863,-22.6595],[-55.6868,-22.6591],[-55.6877,-22.6595],[-55.6877,-22.6609],[-55.6884,-22.6617],[-55.6881,-22.6639],[-55.6899,-22.6634],[-55.6908,-22.6625],[-55.6918,-22.6627],[-55.6927,-22.6621],[-55.693,-22.6625],[-55.6941,-22.6624],[-55.6941,-22.6633],[-55.6949,-22.6637],[-55.6945,-22.6641],[-55.6954,-22.664],[-55.6958,-22.6645],[-55.6967,-22.6638],[-55.698,-22.6643],[-55.7015,-22.6637],[-55.7029,-22.6645],[-55.704,-22.6637],[-55.7044,-22.6648],[-55.7049,-22.6649],[-55.7043,-22.6653],[-55.705,-22.6659],[-55.705,-22.6665],[-55.7072,-22.666],[-55.707,-22.6671],[-55.7077,-22.6673],[-55.7087,-22.669],[-55.7094,-22.6686],[-55.71,-22.6689],[-55.7093,-22.6724],[-55.71,-22.6736],[-55.7094,-22.6753]]}},{"type":"Feature","properties":{"nome":"","tipo":"stream"},"geometry":{"type":"LineString","coordinates":[[-55.6927,-22.6362],[-55.6906,-22.639],[-55.6894,-22.6389],[-55.6893,-22.6396],[-55.6877,-22.6409],[-55.6867,-22.6404],[-55.685,-22.6408]]}},{"type":"Feature","properties":{"nome":"","tipo":"stream"},"geometry":{"type":"LineString","coordinates":[[-55.6903,-22.6225],[-55.687,-22.6269],[-55.6856,-22.6314],[-55.6841,-22.6318],[-55.683,-22.6333]]}},{"type":"Feature","properties":{"nome":"","tipo":"stream"},"geometry":{"type":"LineString","coordinates":[[-55.6812,-22.6666],[-55.6833,-22.6669],[-55.687,-22.6651],[-55.6876,-22.664],[-55.6881,-22.6639]]}},{"type":"Feature","properties":{"nome":"","tipo":"stream"},"geometry":{"type":"LineString","coordinates":[[-55.6798,-22.6625],[-55.6813,-22.6623],[-55.6832,-22.663],[-55.6866,-22.6631],[-55.6881,-22.6637]]}},{"type":"Feature","properties":{"nome":"","tipo":"stream"},"geometry":{"type":"LineString","coordinates":[[-55.6733,-22.6582],[-55.6748,-22.6584],[-55.6777,-22.6576],[-55.6814,-22.6546],[-55.6833,-22.6553]]}},{"type":"Feature","properties":{"nome":"","tipo":"stream"},"geometry":{"type":"LineString","coordinates":[[-55.6735,-22.6544],[-55.6774,-22.6539],[-55.6804,-22.6553]]}},{"type":"Feature","properties":{"nome":"","tipo":"stream"},"geometry":{"type":"LineString","coordinates":[[-55.7011,-22.6006],[-55.7023,-22.6029],[-55.705,-22.6048],[-55.7131,-22.6077],[-55.718,-22.6101],[-55.7191,-22.6124],[-55.7211,-22.6128],[-55.7225,-22.614],[-55.7223,-22.6156],[-55.7233,-22.6181],[-55.7237,-22.6208],[-55.7235,-22.6232]]}},{"type":"Feature","properties":{"nome":"","tipo":"stream"},"geometry":{"type":"LineString","coordinates":[[-55.7255,-22.6286],[-55.7264,-22.6294],[-55.7284,-22.6293]]}},{"type":"Feature","properties":{"nome":"","tipo":"stream"},"geometry":{"type":"LineString","coordinates":[[-55.7192,-22.6148],[-55.7203,-22.6168],[-55.7219,-22.6177],[-55.7235,-22.6195]]}},{"type":"Feature","properties":{"nome":"","tipo":"stream"},"geometry":{"type":"LineString","coordinates":[[-55.7251,-22.6163],[-55.7247,-22.6165],[-55.7246,-22.6177],[-55.7234,-22.619]]}},{"type":"Feature","properties":{"nome":"","tipo":"stream"},"geometry":{"type":"LineString","coordinates":[[-55.7082,-22.6231],[-55.7102,-22.6224],[-55.7116,-22.6206]]}},{"type":"Feature","properties":{"nome":"","tipo":"stream"},"geometry":{"type":"LineString","coordinates":[[-55.7112,-22.6309],[-55.7132,-22.6306],[-55.714,-22.6312],[-55.7164,-22.6312],[-55.7203,-22.6309],[-55.7208,-22.6305],[-55.7246,-22.6314],[-55.7257,-22.6313],[-55.7259,-22.6306],[-55.7266,-22.6305],[-55.7273,-22.6308],[-55.728,-22.6319],[-55.7296,-22.6316]]}},{"type":"Feature","properties":{"nome":"","tipo":"stream"},"geometry":{"type":"LineString","coordinates":[[-55.7197,-22.6343],[-55.7231,-22.6312]]}},{"type":"Feature","properties":{"nome":"","tipo":"stream"},"geometry":{"type":"LineString","coordinates":[[-55.7444,-22.6283],[-55.7436,-22.6297],[-55.7401,-22.6323],[-55.7398,-22.6331],[-55.7386,-22.6336],[-55.7384,-22.6351]]}},{"type":"Feature","properties":{"nome":"","tipo":"stream"},"geometry":{"type":"LineString","coordinates":[[-55.7372,-22.592],[-55.7357,-22.593],[-55.7349,-22.5947]]}},{"type":"Feature","properties":{"nome":"","tipo":"stream"},"geometry":{"type":"LineString","coordinates":[[-55.7668,-22.6301],[-55.7655,-22.631],[-55.7657,-22.6326],[-55.7645,-22.633],[-55.7632,-22.6345],[-55.7611,-22.6357]]}},{"type":"Feature","properties":{"nome":"","tipo":"stream"},"geometry":{"type":"LineString","coordinates":[[-55.7947,-22.5093],[-55.7949,-22.5085],[-55.7966,-22.5069],[-55.7969,-22.5055]]}},{"type":"Feature","properties":{"nome":"","tipo":"stream"},"geometry":{"type":"LineString","coordinates":[[-55.9051,-22.427],[-55.9107,-22.4249],[-55.9109,-22.4238],[-55.9122,-22.4228],[-55.9125,-22.4214],[-55.9136,-22.4205],[-55.9145,-22.418],[-55.9146,-22.4164],[-55.9155,-22.4162],[-55.9165,-22.4149]]}},{"type":"Feature","properties":{"nome":"","tipo":"stream"},"geometry":{"type":"LineString","coordinates":[[-55.9141,-22.4296],[-55.9141,-22.4291],[-55.9107,-22.4248]]}},{"type":"Feature","properties":{"nome":"","tipo":"stream"},"geometry":{"type":"LineString","coordinates":[[-55.9153,-22.4298],[-55.9158,-22.4294],[-55.9156,-22.4283],[-55.9162,-22.4273],[-55.9161,-22.4261],[-55.9145,-22.422],[-55.9135,-22.4205]]}},{"type":"Feature","properties":{"nome":"","tipo":"stream"},"geometry":{"type":"LineString","coordinates":[[-55.9088,-22.4197],[-55.9092,-22.419],[-55.9122,-22.4192],[-55.9133,-22.4207]]}},{"type":"Feature","properties":{"nome":"","tipo":"stream"},"geometry":{"type":"LineString","coordinates":[[-55.9011,-22.4252],[-55.9046,-22.4209],[-55.9054,-22.4166]]}},{"type":"Feature","properties":{"nome":"","tipo":"stream"},"geometry":{"type":"LineString","coordinates":[[-55.898,-22.4155],[-55.9004,-22.4147],[-55.9021,-22.4149],[-55.9055,-22.4166]]}},{"type":"Feature","properties":{"nome":"","tipo":"stream"},"geometry":{"type":"LineString","coordinates":[[-55.9261,-22.4177],[-55.9274,-22.4186],[-55.931,-22.419],[-55.9319,-22.4185]]}},{"type":"Feature","properties":{"nome":"","tipo":"stream"},"geometry":{"type":"LineString","coordinates":[[-55.8903,-22.3683],[-55.8915,-22.37],[-55.8925,-22.3701]]}},{"type":"Feature","properties":{"nome":"","tipo":"stream"},"geometry":{"type":"LineString","coordinates":[[-55.6753,-22.607],[-55.6764,-22.6087],[-55.6776,-22.6091],[-55.6804,-22.613]]}},{"type":"Feature","properties":{"nome":"","tipo":"stream"},"geometry":{"type":"LineString","coordinates":[[-55.6303,-22.6474],[-55.6318,-22.6474],[-55.6352,-22.6457],[-55.6393,-22.6449],[-55.6429,-22.6434]]}},{"type":"Feature","properties":{"nome":"","tipo":"stream"},"geometry":{"type":"LineString","coordinates":[[-55.6177,-22.6986],[-55.6262,-22.7003],[-55.6288,-22.7017],[-55.6319,-22.7043],[-55.6365,-22.7098],[-55.6382,-22.7139],[-55.6415,-22.7151],[-55.6423,-22.716],[-55.6453,-22.7167],[-55.6469,-22.7184],[-55.6487,-22.7189],[-55.6489,-22.7205],[-55.6511,-22.7211],[-55.652,-22.7219]]}},{"type":"Feature","properties":{"nome":"","tipo":"stream"},"geometry":{"type":"LineString","coordinates":[[-55.631,-22.7084],[-55.6344,-22.7076]]}},{"type":"Feature","properties":{"nome":"","tipo":"stream"},"geometry":{"type":"LineString","coordinates":[[-55.6317,-22.7089],[-55.6332,-22.7086],[-55.6338,-22.7079]]}},{"type":"Feature","properties":{"nome":"","tipo":"stream"},"geometry":{"type":"LineString","coordinates":[[-55.6253,-22.7175],[-55.6264,-22.7165]]}},{"type":"Feature","properties":{"nome":"","tipo":"stream"},"geometry":{"type":"LineString","coordinates":[[-55.6231,-22.7177],[-55.6253,-22.7163],[-55.631,-22.7164],[-55.6353,-22.715],[-55.6362,-22.714],[-55.6381,-22.7136]]}},{"type":"Feature","properties":{"nome":"","tipo":"stream"},"geometry":{"type":"LineString","coordinates":[[-55.6249,-22.7175],[-55.6257,-22.7164]]}},{"type":"Feature","properties":{"nome":"","tipo":"stream"},"geometry":{"type":"LineString","coordinates":[[-55.6224,-22.7168],[-55.6253,-22.7163]]}},{"type":"Feature","properties":{"nome":"","tipo":"stream"},"geometry":{"type":"LineString","coordinates":[[-55.6226,-22.7454],[-55.624,-22.7433],[-55.6265,-22.742],[-55.6303,-22.739],[-55.6314,-22.7388],[-55.6327,-22.7374],[-55.6361,-22.7358],[-55.6387,-22.7328],[-55.6386,-22.7319],[-55.6412,-22.7297],[-55.6423,-22.7281],[-55.6443,-22.7273],[-55.645,-22.7278],[-55.6465,-22.7275],[-55.647,-22.7268],[-55.6472,-22.7271],[-55.648,-22.7267],[-55.6492,-22.7252],[-55.651,-22.7244],[-55.6554,-22.7234],[-55.6557,-22.7224],[-55.6577,-22.7213],[-55.6617,-22.7223]]}},{"type":"Feature","properties":{"nome":"","tipo":"stream"},"geometry":{"type":"LineString","coordinates":[[-55.634,-22.6387],[-55.6401,-22.6405],[-55.642,-22.6404]]}},{"type":"Feature","properties":{"nome":"","tipo":"stream"},"geometry":{"type":"LineString","coordinates":[[-55.6379,-22.6319],[-55.6391,-22.6312]]}},{"type":"Feature","properties":{"nome":"","tipo":"stream"},"geometry":{"type":"LineString","coordinates":[[-55.653,-22.6305],[-55.6533,-22.6319],[-55.6506,-22.6386],[-55.6503,-22.6431],[-55.6494,-22.6449],[-55.6477,-22.6463],[-55.6476,-22.6491]]}},{"type":"Feature","properties":{"nome":"","tipo":"stream"},"geometry":{"type":"LineString","coordinates":[[-55.6468,-22.6349],[-55.6459,-22.6356],[-55.6455,-22.6366],[-55.642,-22.6378]]}},{"type":"Feature","properties":{"nome":"","tipo":"stream"},"geometry":{"type":"LineString","coordinates":[[-55.6547,-22.651],[-55.6511,-22.6526],[-55.6488,-22.653]]}},{"type":"Feature","properties":{"nome":"","tipo":"stream"},"geometry":{"type":"LineString","coordinates":[[-55.6392,-22.6213],[-55.6386,-22.6232],[-55.6406,-22.624],[-55.6421,-22.629],[-55.6421,-22.6311],[-55.6411,-22.6329]]}},{"type":"Feature","properties":{"nome":"","tipo":"stream"},"geometry":{"type":"LineString","coordinates":[[-55.6493,-22.6355],[-55.6509,-22.6379]]}},{"type":"Feature","properties":{"nome":"","tipo":"stream"},"geometry":{"type":"LineString","coordinates":[[-55.651,-22.6282],[-55.6519,-22.6289],[-55.6523,-22.6312],[-55.6531,-22.6324]]}},{"type":"Feature","properties":{"nome":"","tipo":"stream"},"geometry":{"type":"LineString","coordinates":[[-55.6516,-22.6463],[-55.6493,-22.645]]}},{"type":"Feature","properties":{"nome":"","tipo":"stream"},"geometry":{"type":"LineString","coordinates":[[-55.6451,-22.6303],[-55.6441,-22.6336],[-55.6426,-22.6344],[-55.6421,-22.6352]]}},{"type":"Feature","properties":{"nome":"","tipo":"stream"},"geometry":{"type":"LineString","coordinates":[[-55.684,-22.6868],[-55.6843,-22.687]]}},{"type":"Feature","properties":{"nome":"","tipo":"stream"},"geometry":{"type":"LineString","coordinates":[[-55.6557,-22.6406],[-55.6548,-22.6413],[-55.6503,-22.6424]]}},{"type":"Feature","properties":{"nome":"","tipo":"stream"},"geometry":{"type":"LineString","coordinates":[[-55.6567,-22.6565],[-55.6535,-22.6577],[-55.6517,-22.6589],[-55.6508,-22.66],[-55.6512,-22.6609]]}},{"type":"Feature","properties":{"nome":"","tipo":"stream"},"geometry":{"type":"LineString","coordinates":[[-55.6224,-22.6627],[-55.6233,-22.6632],[-55.6244,-22.6623],[-55.6269,-22.6614],[-55.6278,-22.6623],[-55.6298,-22.6627],[-55.6322,-22.6614],[-55.6354,-22.6612],[-55.6378,-22.6625],[-55.6404,-22.6649],[-55.6448,-22.6674],[-55.6468,-22.6672],[-55.6511,-22.6714],[-55.654,-22.6725]]}},{"type":"Feature","properties":{"nome":"","tipo":"stream"},"geometry":{"type":"LineString","coordinates":[[-55.6324,-22.6587],[-55.6353,-22.6612]]}},{"type":"Feature","properties":{"nome":"","tipo":"stream"},"geometry":{"type":"LineString","coordinates":[[-55.6652,-22.6634],[-55.6635,-22.6649],[-55.6628,-22.6671],[-55.6628,-22.6702],[-55.664,-22.673],[-55.6639,-22.6759]]}},{"type":"Feature","properties":{"nome":"","tipo":"stream"},"geometry":{"type":"LineString","coordinates":[[-55.6499,-22.6822],[-55.6511,-22.6814],[-55.6537,-22.6779],[-55.6554,-22.6772]]}},{"type":"Feature","properties":{"nome":"","tipo":"stream"},"geometry":{"type":"LineString","coordinates":[[-55.6479,-22.6778],[-55.6509,-22.6768],[-55.6545,-22.6776]]}},{"type":"Feature","properties":{"nome":"","tipo":"stream"},"geometry":{"type":"LineString","coordinates":[[-55.6675,-22.7004],[-55.6685,-22.6989],[-55.669,-22.6963],[-55.671,-22.6952],[-55.6723,-22.6951],[-55.6747,-22.6928],[-55.6792,-22.6931],[-55.6818,-22.6888],[-55.683,-22.6883],[-55.6841,-22.6873]]}},{"type":"Feature","properties":{"nome":"","tipo":"stream"},"geometry":{"type":"LineString","coordinates":[[-55.6786,-22.7006],[-55.6785,-22.697],[-55.6779,-22.6953],[-55.6783,-22.6937],[-55.6792,-22.6931]]}},{"type":"Feature","properties":{"nome":"","tipo":"stream"},"geometry":{"type":"LineString","coordinates":[[-55.665,-22.6982],[-55.6674,-22.694],[-55.6674,-22.693],[-55.6666,-22.6917],[-55.6677,-22.6902]]}},{"type":"Feature","properties":{"nome":"","tipo":"stream"},"geometry":{"type":"LineString","coordinates":[[-55.6607,-22.6967],[-55.6622,-22.6938],[-55.6658,-22.6908],[-55.6704,-22.6893],[-55.6768,-22.685]]}},{"type":"Feature","properties":{"nome":"","tipo":"stream"},"geometry":{"type":"LineString","coordinates":[[-55.6597,-22.6833],[-55.6627,-22.6833],[-55.6656,-22.6817],[-55.6665,-22.6807],[-55.6673,-22.6809]]}},{"type":"Feature","properties":{"nome":"","tipo":"stream"},"geometry":{"type":"LineString","coordinates":[[-55.66,-22.6862],[-55.6627,-22.6861],[-55.6643,-22.6867],[-55.6658,-22.6858],[-55.6674,-22.6856],[-55.669,-22.6847],[-55.6715,-22.6846],[-55.6721,-22.6841]]}},{"type":"Feature","properties":{"nome":"arroyo Mbutu-y","tipo":"stream"},"geometry":{"type":"LineString","coordinates":[[-55.6203,-22.6799],[-55.623,-22.681],[-55.6237,-22.6826],[-55.6256,-22.6843],[-55.6257,-22.6852],[-55.6275,-22.686],[-55.6312,-22.6863],[-55.6358,-22.6857],[-55.6391,-22.6869],[-55.6424,-22.6868],[-55.6435,-22.6872],[-55.6458,-22.6868],[-55.6479,-22.6872],[-55.6486,-22.6883],[-55.6522,-22.6905],[-55.6578,-22.6891],[-55.6589,-22.6907],[-55.6602,-22.6908],[-55.6618,-22.6904],[-55.6645,-22.688],[-55.666,-22.6892],[-55.668,-22.6883],[-55.6694,-22.6857],[-55.6708,-22.6847]]}},{"type":"Feature","properties":{"nome":"","tipo":"stream"},"geometry":{"type":"LineString","coordinates":[[-55.619,-22.6866],[-55.6198,-22.6878],[-55.6224,-22.6872],[-55.6261,-22.6875],[-55.6272,-22.6879],[-55.6288,-22.6862]]}},{"type":"Feature","properties":{"nome":"","tipo":"stream"},"geometry":{"type":"LineString","coordinates":[[-55.649,-22.6954],[-55.651,-22.6914],[-55.6522,-22.6905]]}},{"type":"Feature","properties":{"nome":"","tipo":"stream"},"geometry":{"type":"LineString","coordinates":[[-55.6474,-22.6943],[-55.65,-22.6934]]}},{"type":"Feature","properties":{"nome":"","tipo":"stream"},"geometry":{"type":"LineString","coordinates":[[-55.6375,-22.6797],[-55.6402,-22.6818],[-55.644,-22.683],[-55.647,-22.6835],[-55.65,-22.6834],[-55.6541,-22.6847],[-55.6571,-22.6876],[-55.6578,-22.6891]]}},{"type":"Feature","properties":{"nome":"","tipo":"stream"},"geometry":{"type":"LineString","coordinates":[[-55.6579,-22.6957],[-55.6587,-22.6947],[-55.6586,-22.6927],[-55.6593,-22.6907]]}},{"type":"Feature","properties":{"nome":"","tipo":"stream"},"geometry":{"type":"LineString","coordinates":[[-55.6545,-22.6813],[-55.6571,-22.6792],[-55.6585,-22.6767]]}},{"type":"Feature","properties":{"nome":"","tipo":"stream"},"geometry":{"type":"LineString","coordinates":[[-55.6683,-22.6698],[-55.667,-22.6707],[-55.6664,-22.6718],[-55.664,-22.6732]]}},{"type":"Feature","properties":{"nome":"","tipo":"stream"},"geometry":{"type":"LineString","coordinates":[[-55.6734,-22.668],[-55.6779,-22.6714],[-55.6796,-22.6747],[-55.6809,-22.6748],[-55.6825,-22.6769],[-55.6855,-22.6784],[-55.6856,-22.6794],[-55.6851,-22.6806],[-55.6863,-22.6833],[-55.689,-22.6843],[-55.6901,-22.6839]]}},{"type":"Feature","properties":{"nome":"","tipo":"stream"},"geometry":{"type":"LineString","coordinates":[[-55.67,-22.676],[-55.6713,-22.6774],[-55.6716,-22.6787],[-55.6733,-22.6785],[-55.6764,-22.6794],[-55.6783,-22.6794],[-55.6814,-22.6785],[-55.6854,-22.6818]]}},{"type":"Feature","properties":{"nome":"","tipo":"stream"},"geometry":{"type":"LineString","coordinates":[[-55.6823,-22.683],[-55.6835,-22.6839],[-55.6864,-22.6834]]}},{"type":"Feature","properties":{"nome":"","tipo":"stream"},"geometry":{"type":"LineString","coordinates":[[-55.6834,-22.6686],[-55.6859,-22.6677],[-55.6869,-22.6651]]}},{"type":"Feature","properties":{"nome":"","tipo":"stream"},"geometry":{"type":"LineString","coordinates":[[-55.6639,-22.6227],[-55.6664,-22.6208],[-55.668,-22.6202]]}},{"type":"Feature","properties":{"nome":"","tipo":"stream"},"geometry":{"type":"LineString","coordinates":[[-55.6769,-22.6159],[-55.6775,-22.6163],[-55.6794,-22.6161]]}},{"type":"Feature","properties":{"nome":"","tipo":"stream"},"geometry":{"type":"LineString","coordinates":[[-55.6837,-22.6233],[-55.6813,-22.6262]]}},{"type":"Feature","properties":{"nome":"","tipo":"stream"},"geometry":{"type":"LineString","coordinates":[[-55.6901,-22.6457],[-55.6894,-22.6446],[-55.6895,-22.6437],[-55.688,-22.643],[-55.6873,-22.6407]]}},{"type":"Feature","properties":{"nome":"","tipo":"stream"},"geometry":{"type":"LineString","coordinates":[[-55.6651,-22.6389],[-55.6679,-22.6433],[-55.6689,-22.6437],[-55.6696,-22.645],[-55.6712,-22.6452],[-55.6733,-22.6467],[-55.676,-22.6475],[-55.6783,-22.6493],[-55.6806,-22.6491],[-55.6823,-22.6507],[-55.6835,-22.6529]]}},{"type":"Feature","properties":{"nome":"","tipo":"stream"},"geometry":{"type":"LineString","coordinates":[[-55.6693,-22.6336],[-55.6731,-22.6324],[-55.6746,-22.6308]]}},{"type":"Feature","properties":{"nome":"","tipo":"stream"},"geometry":{"type":"LineString","coordinates":[[-55.6886,-22.6492],[-55.6861,-22.6478],[-55.6842,-22.6479]]}},{"type":"Feature","properties":{"nome":"","tipo":"stream"},"geometry":{"type":"LineString","coordinates":[[-55.6943,-22.6534],[-55.6925,-22.6539],[-55.6895,-22.6575],[-55.688,-22.658],[-55.6877,-22.6595]]}},{"type":"Feature","properties":{"nome":"arroyo guavira","tipo":"stream"},"geometry":{"type":"LineString","coordinates":[[-56.0563,-22.6861],[-56.0587,-22.6847],[-56.0595,-22.683],[-56.059,-22.6818],[-56.0609,-22.6785],[-56.0649,-22.6769],[-56.0666,-22.6754],[-56.071,-22.6731],[-56.0736,-22.6731],[-56.0768,-22.6697],[-56.0783,-22.6694],[-56.0791,-22.6701],[-56.082,-22.6694],[-56.0833,-22.6695],[-56.0836,-22.6699],[-56.0868,-22.669],[-56.089,-22.6699],[-56.0897,-22.6694],[-56.0905,-22.6704],[-56.0922,-22.6706],[-56.0928,-22.6719],[-56.0957,-22.6739],[-56.0979,-22.6733],[-56.1001,-22.6706],[-56.1019,-22.6713],[-56.1051,-22.6691],[-56.1056,-22.6677],[-56.1065,-22.6672],[-56.1075,-22.6632],[-56.1092,-22.6598],[-56.1098,-22.6599],[-56.1103,-22.6592],[-56.1141,-22.6572],[-56.1146,-22.6562],[-56.1151,-22.6513],[-56.1159,-22.6512],[-56.1161,-22.6496],[-56.1171,-22.649],[-56.1173,-22.648],[-56.1184,-22.6475]]}},{"type":"Feature","properties":{"nome":"","tipo":"stream"},"geometry":{"type":"LineString","coordinates":[[-55.6924,-22.651],[-55.6909,-22.6521],[-55.6895,-22.6522],[-55.6884,-22.6531],[-55.6869,-22.6533],[-55.6843,-22.6562]]}},{"type":"Feature","properties":{"nome":"","tipo":"stream"},"geometry":{"type":"LineString","coordinates":[[-55.6954,-22.6482],[-55.6953,-22.6493],[-55.6984,-22.6505],[-55.702,-22.6502],[-55.7043,-22.6495]]}},{"type":"Feature","properties":{"nome":"","tipo":"stream"},"geometry":{"type":"LineString","coordinates":[[-55.7063,-22.6417],[-55.7031,-22.6478]]}},{"type":"Feature","properties":{"nome":"","tipo":"stream"},"geometry":{"type":"LineString","coordinates":[[-55.6974,-22.6393],[-55.6999,-22.6413],[-55.7016,-22.6453],[-55.7029,-22.6467],[-55.7033,-22.6483],[-55.7053,-22.6506],[-55.7047,-22.6544],[-55.7057,-22.6555],[-55.7058,-22.6564],[-55.7051,-22.6576],[-55.7051,-22.6599],[-55.7057,-22.6606],[-55.7067,-22.6605],[-55.7082,-22.6618],[-55.7077,-22.6636],[-55.7083,-22.6648],[-55.7084,-22.6681]]}},{"type":"Feature","properties":{"nome":"","tipo":"stream"},"geometry":{"type":"LineString","coordinates":[[-55.6743,-22.6731],[-55.6767,-22.6744],[-55.6793,-22.6744]]}},{"type":"Feature","properties":{"nome":"","tipo":"stream"},"geometry":{"type":"LineString","coordinates":[[-55.6751,-22.6748],[-55.6759,-22.675],[-55.6769,-22.6744]]}},{"type":"Feature","properties":{"nome":"","tipo":"stream"},"geometry":{"type":"LineString","coordinates":[[-55.6873,-22.6821],[-55.6882,-22.6839]]}},{"type":"Feature","properties":{"nome":"","tipo":"stream"},"geometry":{"type":"LineString","coordinates":[[-55.6871,-22.6853],[-55.6888,-22.6842]]}},{"type":"Feature","properties":{"nome":"","tipo":"stream"},"geometry":{"type":"LineString","coordinates":[[-55.6929,-22.6784],[-55.6938,-22.6812],[-55.6923,-22.6822]]}},{"type":"Feature","properties":{"nome":"","tipo":"stream"},"geometry":{"type":"LineString","coordinates":[[-55.6907,-22.6794],[-55.6911,-22.6807],[-55.6929,-22.6819]]}},{"type":"Feature","properties":{"nome":"","tipo":"stream"},"geometry":{"type":"LineString","coordinates":[[-55.6836,-22.6722],[-55.6838,-22.6739],[-55.6832,-22.6755],[-55.6821,-22.6765]]}},{"type":"Feature","properties":{"nome":"","tipo":"stream"},"geometry":{"type":"LineString","coordinates":[[-55.6758,-22.6806],[-55.6758,-22.6842]]}},{"type":"Feature","properties":{"nome":"","tipo":"stream"},"geometry":{"type":"LineString","coordinates":[[-55.6931,-22.6899],[-55.694,-22.6907],[-55.6963,-22.6911],[-55.6999,-22.69]]}},{"type":"Feature","properties":{"nome":"","tipo":"stream"},"geometry":{"type":"LineString","coordinates":[[-55.6918,-22.6896],[-55.6931,-22.6872],[-55.6932,-22.6844],[-55.6941,-22.6835]]}},{"type":"Feature","properties":{"nome":"","tipo":"stream"},"geometry":{"type":"LineString","coordinates":[[-55.9541,-22.4489],[-55.9537,-22.4474],[-55.9508,-22.4456],[-55.9506,-22.4444],[-55.9498,-22.4441]]}},{"type":"Feature","properties":{"nome":"","tipo":"stream"},"geometry":{"type":"LineString","coordinates":[[-55.9034,-22.4045],[-55.906,-22.4055],[-55.9089,-22.4023],[-55.9121,-22.4029],[-55.9133,-22.404],[-55.9153,-22.4074],[-55.9153,-22.4082],[-55.9161,-22.4086],[-55.9161,-22.4106],[-55.9175,-22.413],[-55.9182,-22.4138],[-55.9198,-22.4143],[-55.9202,-22.415]]}},{"type":"Feature","properties":{"nome":"","tipo":"stream"},"geometry":{"type":"LineString","coordinates":[[-55.9182,-22.4028],[-55.9171,-22.4042],[-55.9153,-22.4076]]}},{"type":"Feature","properties":{"nome":"","tipo":"stream"},"geometry":{"type":"LineString","coordinates":[[-55.9174,-22.4005],[-55.9166,-22.4012],[-55.9148,-22.4069]]}},{"type":"Feature","properties":{"nome":"","tipo":"stream"},"geometry":{"type":"LineString","coordinates":[[-55.9077,-22.3991],[-55.9077,-22.4],[-55.9091,-22.4013],[-55.9093,-22.4022]]}},{"type":"Feature","properties":{"nome":"","tipo":"stream"},"geometry":{"type":"LineString","coordinates":[[-55.9104,-22.4066],[-55.9111,-22.4062],[-55.9117,-22.4038],[-55.9127,-22.4037]]}},{"type":"Feature","properties":{"nome":"","tipo":"stream"},"geometry":{"type":"LineString","coordinates":[[-55.9285,-22.4372],[-55.9304,-22.4382]]}},{"type":"Feature","properties":{"nome":"","tipo":"stream"},"geometry":{"type":"LineString","coordinates":[[-55.8384,-22.4681],[-55.8395,-22.4713],[-55.8397,-22.4746],[-55.8407,-22.4771]]}},{"type":"Feature","properties":{"nome":"","tipo":"stream"},"geometry":{"type":"LineString","coordinates":[[-55.8424,-22.4712],[-55.8419,-22.4735],[-55.8397,-22.4742]]}},{"type":"Feature","properties":{"nome":"","tipo":"stream"},"geometry":{"type":"LineString","coordinates":[[-55.8439,-22.4668],[-55.8442,-22.4697],[-55.8437,-22.4725],[-55.844,-22.4733]]}},{"type":"Feature","properties":{"nome":"","tipo":"stream"},"geometry":{"type":"LineString","coordinates":[[-55.8518,-22.4703],[-55.8478,-22.4719],[-55.8468,-22.4728],[-55.8445,-22.473],[-55.843,-22.4742],[-55.8417,-22.477],[-55.8421,-22.4793],[-55.8412,-22.4803]]}},{"type":"Feature","properties":{"nome":"","tipo":"stream"},"geometry":{"type":"LineString","coordinates":[[-55.8498,-22.4774],[-55.8485,-22.4771],[-55.8469,-22.4774],[-55.8459,-22.4782],[-55.8442,-22.4782],[-55.842,-22.4794]]}},{"type":"Feature","properties":{"nome":"","tipo":"stream"},"geometry":{"type":"LineString","coordinates":[[-55.8521,-22.4796],[-55.8489,-22.4819],[-55.8488,-22.4844],[-55.8479,-22.4854],[-55.8477,-22.4869],[-55.8468,-22.4871]]}},{"type":"Feature","properties":{"nome":"","tipo":"stream"},"geometry":{"type":"LineString","coordinates":[[-55.8484,-22.4956],[-55.8522,-22.4923],[-55.8541,-22.4918]]}},{"type":"Feature","properties":{"nome":"","tipo":"stream"},"geometry":{"type":"LineString","coordinates":[[-55.8039,-22.4634],[-55.803,-22.4653],[-55.8035,-22.4663],[-55.8045,-22.4664]]}},{"type":"Feature","properties":{"nome":"","tipo":"stream"},"geometry":{"type":"LineString","coordinates":[[-55.8076,-22.4572],[-55.8089,-22.4601],[-55.8073,-22.4631],[-55.8061,-22.4668]]}},{"type":"Feature","properties":{"nome":"","tipo":"stream"},"geometry":{"type":"LineString","coordinates":[[-55.8149,-22.4682],[-55.8079,-22.4692]]}},{"type":"Feature","properties":{"nome":"","tipo":"stream"},"geometry":{"type":"LineString","coordinates":[[-55.8151,-22.4642],[-55.8148,-22.4649],[-55.8134,-22.4654],[-55.8113,-22.4656],[-55.81,-22.4649],[-55.808,-22.465],[-55.8065,-22.4658]]}},{"type":"Feature","properties":{"nome":"","tipo":"stream"},"geometry":{"type":"LineString","coordinates":[[-55.813,-22.463],[-55.811,-22.4646],[-55.8099,-22.4649]]}},{"type":"Feature","properties":{"nome":"","tipo":"stream"},"geometry":{"type":"LineString","coordinates":[[-55.8132,-22.4639],[-55.8119,-22.4646],[-55.8111,-22.4645]]}},{"type":"Feature","properties":{"nome":"","tipo":"stream"},"geometry":{"type":"LineString","coordinates":[[-55.8058,-22.4608],[-55.8056,-22.4638],[-55.8065,-22.4655]]}},{"type":"Feature","properties":{"nome":"","tipo":"stream"},"geometry":{"type":"LineString","coordinates":[[-55.8115,-22.4629],[-55.8096,-22.4635],[-55.8078,-22.4626]]}},{"type":"Feature","properties":{"nome":"","tipo":"stream"},"geometry":{"type":"LineString","coordinates":[[-55.8113,-22.4596],[-55.8088,-22.463]]}},{"type":"Feature","properties":{"nome":"","tipo":"stream"},"geometry":{"type":"LineString","coordinates":[[-55.8172,-22.4695],[-55.8154,-22.4697],[-55.8152,-22.4693],[-55.8143,-22.4701],[-55.8098,-22.4706],[-55.8089,-22.4704],[-55.8075,-22.4691],[-55.8053,-22.4698]]}},{"type":"Feature","properties":{"nome":"","tipo":"stream"},"geometry":{"type":"LineString","coordinates":[[-55.7979,-22.4719],[-55.7992,-22.4707],[-55.8008,-22.4707],[-55.8033,-22.4695],[-55.8043,-22.4696]]}},{"type":"Feature","properties":{"nome":"","tipo":"stream"},"geometry":{"type":"LineString","coordinates":[[-55.7996,-22.469],[-55.8032,-22.4696]]}},{"type":"Feature","properties":{"nome":"","tipo":"stream"},"geometry":{"type":"LineString","coordinates":[[-55.7898,-22.5572],[-55.7902,-22.5559],[-55.7911,-22.555],[-55.7921,-22.5545],[-55.7933,-22.5546]]}},{"type":"Feature","properties":{"nome":"","tipo":"stream"},"geometry":{"type":"LineString","coordinates":[[-55.7885,-22.5569],[-55.7901,-22.5559]]}},{"type":"Feature","properties":{"nome":"","tipo":"stream"},"geometry":{"type":"LineString","coordinates":[[-55.7639,-22.5736],[-55.7646,-22.5739],[-55.7657,-22.5734],[-55.7672,-22.5739],[-55.7712,-22.5731],[-55.7732,-22.5718],[-55.775,-22.5714],[-55.776,-22.5693],[-55.7777,-22.5677]]}},{"type":"Feature","properties":{"nome":"","tipo":"stream"},"geometry":{"type":"LineString","coordinates":[[-55.7655,-22.5717],[-55.7658,-22.5735]]}},{"type":"Feature","properties":{"nome":"","tipo":"stream"},"geometry":{"type":"LineString","coordinates":[[-55.7694,-22.5687],[-55.7739,-22.5662]]}},{"type":"Feature","properties":{"nome":"","tipo":"stream"},"geometry":{"type":"LineString","coordinates":[[-55.7432,-22.5442],[-55.7448,-22.5458],[-55.747,-22.5491]]}},{"type":"Feature","properties":{"nome":"","tipo":"stream"},"geometry":{"type":"LineString","coordinates":[[-55.807,-22.4837],[-55.8079,-22.4796]]}},{"type":"Feature","properties":{"nome":"","tipo":"stream"},"geometry":{"type":"LineString","coordinates":[[-55.7858,-22.4866],[-55.7864,-22.4845],[-55.7872,-22.4837]]}},{"type":"Feature","properties":{"nome":"","tipo":"stream"},"geometry":{"type":"LineString","coordinates":[[-55.785,-22.4854],[-55.7857,-22.4832]]}},{"type":"Feature","properties":{"nome":"","tipo":"stream"},"geometry":{"type":"LineString","coordinates":[[-55.7883,-22.4813],[-55.7894,-22.4836]]}},{"type":"Feature","properties":{"nome":"","tipo":"stream"},"geometry":{"type":"LineString","coordinates":[[-55.7838,-22.4938],[-55.784,-22.4928],[-55.7868,-22.4911],[-55.7872,-22.4888],[-55.7886,-22.4861],[-55.7905,-22.4849],[-55.7909,-22.484]]}},{"type":"Feature","properties":{"nome":"","tipo":"stream"},"geometry":{"type":"LineString","coordinates":[[-55.793,-22.4876],[-55.7926,-22.4841]]}},{"type":"Feature","properties":{"nome":"","tipo":"stream"},"geometry":{"type":"LineString","coordinates":[[-55.7952,-22.4869],[-55.7941,-22.4852],[-55.794,-22.4839]]}},{"type":"Feature","properties":{"nome":"","tipo":"stream"},"geometry":{"type":"LineString","coordinates":[[-55.7982,-22.4882],[-55.8002,-22.4873],[-55.8016,-22.4861],[-55.802,-22.483],[-55.8027,-22.4824],[-55.8038,-22.4822]]}},{"type":"Feature","properties":{"nome":"","tipo":"stream"},"geometry":{"type":"LineString","coordinates":[[-55.7903,-22.495],[-55.7891,-22.4951],[-55.7886,-22.4961],[-55.7887,-22.4971],[-55.7897,-22.4982],[-55.7888,-22.5023],[-55.7884,-22.5026]]}},{"type":"Feature","properties":{"nome":"","tipo":"stream"},"geometry":{"type":"LineString","coordinates":[[-55.7869,-22.4965],[-55.7877,-22.4988],[-55.789,-22.5003]]}},{"type":"Feature","properties":{"nome":"","tipo":"stream"},"geometry":{"type":"LineString","coordinates":[[-55.7858,-22.4984],[-55.7856,-22.5013]]}},{"type":"Feature","properties":{"nome":"","tipo":"stream"},"geometry":{"type":"LineString","coordinates":[[-55.784,-22.5055],[-55.7859,-22.5016]]}},{"type":"Feature","properties":{"nome":"","tipo":"stream"},"geometry":{"type":"LineString","coordinates":[[-55.7918,-22.5001],[-55.7905,-22.504]]}},{"type":"Feature","properties":{"nome":"","tipo":"stream"},"geometry":{"type":"LineString","coordinates":[[-55.7828,-22.4944],[-55.783,-22.4975],[-55.782,-22.4992]]}},{"type":"Feature","properties":{"nome":"","tipo":"stream"},"geometry":{"type":"LineString","coordinates":[[-55.7974,-22.5135],[-55.7985,-22.5133],[-55.7981,-22.5121],[-55.8005,-22.5075]]}},{"type":"Feature","properties":{"nome":"","tipo":"stream"},"geometry":{"type":"LineString","coordinates":[[-55.8005,-22.5124],[-55.7997,-22.5122],[-55.7994,-22.5114],[-55.7998,-22.5089]]}},{"type":"Feature","properties":{"nome":"","tipo":"stream"},"geometry":{"type":"LineString","coordinates":[[-55.7969,-22.5099],[-55.7965,-22.507]]}},{"type":"Feature","properties":{"nome":"","tipo":"stream"},"geometry":{"type":"LineString","coordinates":[[-55.7925,-22.5121],[-55.793,-22.5118],[-55.7932,-22.5106],[-55.7922,-22.5097],[-55.7923,-22.5084],[-55.7926,-22.5076],[-55.7934,-22.5074],[-55.794,-22.5059]]}},{"type":"Feature","properties":{"nome":"","tipo":"stream"},"geometry":{"type":"LineString","coordinates":[[-55.8031,-22.5106],[-55.8028,-22.5094],[-55.8033,-22.5078]]}},{"type":"Feature","properties":{"nome":"","tipo":"stream"},"geometry":{"type":"LineString","coordinates":[[-55.8046,-22.512],[-55.8053,-22.508]]}},{"type":"Feature","properties":{"nome":"","tipo":"stream"},"geometry":{"type":"LineString","coordinates":[[-55.8151,-22.5129],[-55.8149,-22.5116],[-55.8137,-22.5095],[-55.8142,-22.5085],[-55.8141,-22.5065]]}},{"type":"Feature","properties":{"nome":"","tipo":"stream"},"geometry":{"type":"LineString","coordinates":[[-55.8166,-22.5095],[-55.817,-22.5078],[-55.8161,-22.5057]]}},{"type":"Feature","properties":{"nome":"","tipo":"stream"},"geometry":{"type":"LineString","coordinates":[[-55.8203,-22.5048],[-55.8189,-22.5021]]}},{"type":"Feature","properties":{"nome":"","tipo":"stream"},"geometry":{"type":"LineString","coordinates":[[-55.8248,-22.5048],[-55.8255,-22.5041],[-55.8258,-22.5026],[-55.8302,-22.5005]]}},{"type":"Feature","properties":{"nome":"","tipo":"stream"},"geometry":{"type":"LineString","coordinates":[[-55.8246,-22.502],[-55.8258,-22.5014],[-55.8282,-22.5011]]}},{"type":"Feature","properties":{"nome":"","tipo":"stream"},"geometry":{"type":"LineString","coordinates":[[-55.8227,-22.5094],[-55.8243,-22.508],[-55.8267,-22.5074],[-55.828,-22.5066],[-55.8316,-22.506],[-55.8337,-22.5038]]}},{"type":"Feature","properties":{"nome":"","tipo":"stream"},"geometry":{"type":"LineString","coordinates":[[-55.8219,-22.5028],[-55.8214,-22.4995]]}},{"type":"Feature","properties":{"nome":"","tipo":"stream"},"geometry":{"type":"LineString","coordinates":[[-55.8038,-22.5009],[-55.8072,-22.5008],[-55.8105,-22.5026],[-55.812,-22.5025],[-55.8143,-22.5004],[-55.813,-22.4981],[-55.814,-22.4957],[-55.8161,-22.4948]]}},{"type":"Feature","properties":{"nome":"","tipo":"stream"},"geometry":{"type":"LineString","coordinates":[[-55.8147,-22.4983],[-55.8169,-22.4972],[-55.8189,-22.4972],[-55.82,-22.4987],[-55.8215,-22.4993]]}},{"type":"Feature","properties":{"nome":"","tipo":"stream"},"geometry":{"type":"LineString","coordinates":[[-55.8194,-22.4726],[-55.8201,-22.4761],[-55.8195,-22.4788],[-55.8197,-22.4801],[-55.8202,-22.4819],[-55.8216,-22.4831],[-55.8229,-22.4855],[-55.8229,-22.489]]}},{"type":"Feature","properties":{"nome":"","tipo":"stream"},"geometry":{"type":"LineString","coordinates":[[-55.8205,-22.4721],[-55.8198,-22.474]]}},{"type":"Feature","properties":{"nome":"","tipo":"stream"},"geometry":{"type":"LineString","coordinates":[[-55.8227,-22.4738],[-55.8201,-22.4767]]}},{"type":"Feature","properties":{"nome":"","tipo":"stream"},"geometry":{"type":"LineString","coordinates":[[-55.8175,-22.4764],[-55.8187,-22.4784],[-55.8195,-22.4788]]}},{"type":"Feature","properties":{"nome":"","tipo":"stream"},"geometry":{"type":"LineString","coordinates":[[-55.8174,-22.4808],[-55.8165,-22.4835],[-55.8186,-22.4867],[-55.8184,-22.4884]]}},{"type":"Feature","properties":{"nome":"","tipo":"stream"},"geometry":{"type":"LineString","coordinates":[[-55.8169,-22.4802],[-55.8147,-22.4837],[-55.8141,-22.4862]]}},{"type":"Feature","properties":{"nome":"","tipo":"stream"},"geometry":{"type":"LineString","coordinates":[[-55.8213,-22.494],[-55.8215,-22.4931],[-55.8209,-22.4919],[-55.8199,-22.4916]]}},{"type":"Feature","properties":{"nome":"","tipo":"stream"},"geometry":{"type":"LineString","coordinates":[[-55.8253,-22.4739],[-55.8247,-22.4768],[-55.8251,-22.4794],[-55.8248,-22.4806],[-55.8216,-22.4832]]}},{"type":"Feature","properties":{"nome":"","tipo":"stream"},"geometry":{"type":"LineString","coordinates":[[-55.822,-22.4783],[-55.8224,-22.4805],[-55.8221,-22.4825]]}},{"type":"Feature","properties":{"nome":"","tipo":"stream"},"geometry":{"type":"LineString","coordinates":[[-55.8237,-22.475],[-55.8233,-22.4769],[-55.824,-22.4788],[-55.8237,-22.4814]]}},{"type":"Feature","properties":{"nome":"","tipo":"stream"},"geometry":{"type":"LineString","coordinates":[[-55.8277,-22.4797],[-55.8251,-22.4799]]}},{"type":"Feature","properties":{"nome":"","tipo":"stream"},"geometry":{"type":"LineString","coordinates":[[-55.8276,-22.4774],[-55.8261,-22.4776],[-55.8251,-22.4787]]}},{"type":"Feature","properties":{"nome":"","tipo":"stream"},"geometry":{"type":"LineString","coordinates":[[-55.8259,-22.4762],[-55.8249,-22.4779]]}},{"type":"Feature","properties":{"nome":"","tipo":"stream"},"geometry":{"type":"LineString","coordinates":[[-55.8322,-22.4814],[-55.8306,-22.4832],[-55.828,-22.4834],[-55.827,-22.4841],[-55.8257,-22.4842],[-55.8245,-22.4855],[-55.823,-22.486]]}},{"type":"Feature","properties":{"nome":"","tipo":"stream"},"geometry":{"type":"LineString","coordinates":[[-55.8324,-22.484],[-55.8316,-22.4843],[-55.8304,-22.4839],[-55.8276,-22.4845],[-55.8269,-22.4841]]}},{"type":"Feature","properties":{"nome":"","tipo":"stream"},"geometry":{"type":"LineString","coordinates":[[-55.8331,-22.4877],[-55.8318,-22.4874],[-55.8304,-22.4878],[-55.8278,-22.4895],[-55.8266,-22.4912]]}},{"type":"Feature","properties":{"nome":"","tipo":"stream"},"geometry":{"type":"LineString","coordinates":[[-55.8291,-22.4869],[-55.8286,-22.4879],[-55.8288,-22.489]]}},{"type":"Feature","properties":{"nome":"","tipo":"stream"},"geometry":{"type":"LineString","coordinates":[[-55.83,-22.4898],[-55.8279,-22.4911],[-55.8266,-22.4912],[-55.826,-22.4922]]}},{"type":"Feature","properties":{"nome":"","tipo":"stream"},"geometry":{"type":"LineString","coordinates":[[-55.8352,-22.4875],[-55.8344,-22.4881],[-55.8332,-22.4928],[-55.8301,-22.4951]]}},{"type":"Feature","properties":{"nome":"","tipo":"stream"},"geometry":{"type":"LineString","coordinates":[[-55.8361,-22.489],[-55.8354,-22.4909],[-55.8332,-22.4928]]}},{"type":"Feature","properties":{"nome":"","tipo":"stream"},"geometry":{"type":"LineString","coordinates":[[-55.8319,-22.4991],[-55.8329,-22.5003],[-55.8334,-22.5027],[-55.835,-22.5031],[-55.8352,-22.5039]]}},{"type":"Feature","properties":{"nome":"","tipo":"stream"},"geometry":{"type":"LineString","coordinates":[[-55.8386,-22.4979],[-55.8373,-22.5008]]}},{"type":"Feature","properties":{"nome":"","tipo":"stream"},"geometry":{"type":"LineString","coordinates":[[-55.8405,-22.5001],[-55.8373,-22.5008],[-55.8368,-22.5023],[-55.8355,-22.5041]]}},{"type":"Feature","properties":{"nome":"","tipo":"stream"},"geometry":{"type":"LineString","coordinates":[[-55.8362,-22.4925],[-55.8372,-22.4928],[-55.8388,-22.4924],[-55.844,-22.4891],[-55.8445,-22.4878],[-55.8455,-22.4875],[-55.8466,-22.4879]]}},{"type":"Feature","properties":{"nome":"","tipo":"stream"},"geometry":{"type":"LineString","coordinates":[[-55.8309,-22.5214],[-55.8315,-22.5182]]}},{"type":"Feature","properties":{"nome":"","tipo":"stream"},"geometry":{"type":"LineString","coordinates":[[-55.8295,-22.5213],[-55.8299,-22.5199],[-55.8331,-22.517],[-55.8342,-22.5146],[-55.8336,-22.5111],[-55.8341,-22.5079]]}},{"type":"Feature","properties":{"nome":"","tipo":"stream"},"geometry":{"type":"LineString","coordinates":[[-55.8327,-22.5109],[-55.8336,-22.5083]]}},{"type":"Feature","properties":{"nome":"","tipo":"stream"},"geometry":{"type":"LineString","coordinates":[[-55.8449,-22.5071],[-55.8431,-22.5042]]}},{"type":"Feature","properties":{"nome":"","tipo":"stream"},"geometry":{"type":"LineString","coordinates":[[-55.8372,-22.5558],[-55.8376,-22.5544],[-55.8399,-22.5521],[-55.84,-22.5507]]}},{"type":"Feature","properties":{"nome":"","tipo":"stream"},"geometry":{"type":"LineString","coordinates":[[-55.7892,-22.5153],[-55.791,-22.5145],[-55.796,-22.5171],[-55.7965,-22.5187],[-55.7981,-22.5192],[-55.8006,-22.5226],[-55.8066,-22.5239],[-55.8111,-22.524],[-55.8133,-22.5235],[-55.815,-22.524],[-55.8156,-22.525],[-55.8168,-22.5251],[-55.8171,-22.5264],[-55.8184,-22.5275],[-55.8187,-22.5294],[-55.8207,-22.5299],[-55.821,-22.5308],[-55.8229,-22.5316],[-55.823,-22.533],[-55.8248,-22.5333],[-55.8262,-22.5357],[-55.8283,-22.5354],[-55.829,-22.5357],[-55.8288,-22.5376],[-55.8303,-22.5399],[-55.8312,-22.5406],[-55.8323,-22.5398],[-55.8338,-22.5397],[-55.8357,-22.5408],[-55.836,-22.5406],[-55.8371,-22.5421],[-55.8366,-22.5431],[-55.8376,-22.5434],[-55.8385,-22.5431],[-55.839,-22.5437],[-55.8421,-22.545],[-55.8425,-22.5459],[-55.8445,-22.547]]}},{"type":"Feature","properties":{"nome":"","tipo":"stream"},"geometry":{"type":"LineString","coordinates":[[-55.9852,-22.2883],[-55.985,-22.2869],[-55.9871,-22.2841],[-55.9885,-22.2835],[-55.9895,-22.282]]}},{"type":"Feature","properties":{"nome":"","tipo":"stream"},"geometry":{"type":"LineString","coordinates":[[-56.0472,-22.282],[-56.0483,-22.281],[-56.0486,-22.2799],[-56.0506,-22.279]]}},{"type":"Feature","properties":{"nome":"","tipo":"stream"},"geometry":{"type":"LineString","coordinates":[[-56.0375,-22.3132],[-56.0388,-22.3113],[-56.0402,-22.3104]]}},{"type":"Feature","properties":{"nome":"","tipo":"stream"},"geometry":{"type":"LineString","coordinates":[[-56.0472,-22.2935],[-56.0465,-22.2908],[-56.0473,-22.286],[-56.0509,-22.2824]]}},{"type":"Feature","properties":{"nome":"","tipo":"stream"},"geometry":{"type":"LineString","coordinates":[[-56.0511,-22.3014],[-56.0493,-22.2992],[-56.0497,-22.2979],[-56.0494,-22.2965]]}},{"type":"Feature","properties":{"nome":"","tipo":"stream"},"geometry":{"type":"LineString","coordinates":[[-56.0984,-22.2885],[-56.0964,-22.2869],[-56.0963,-22.2858],[-56.0971,-22.284]]}},{"type":"Feature","properties":{"nome":"","tipo":"stream"},"geometry":{"type":"LineString","coordinates":[[-56.0938,-22.3343],[-56.094,-22.3322]]}},{"type":"Feature","properties":{"nome":"","tipo":"stream"},"geometry":{"type":"LineString","coordinates":[[-56.0764,-22.3329],[-56.0765,-22.3317],[-56.0756,-22.3293],[-56.0758,-22.3277],[-56.0731,-22.3249],[-56.0727,-22.3231],[-56.0706,-22.3207],[-56.0704,-22.3182],[-56.0692,-22.3174]]}},{"type":"Feature","properties":{"nome":"","tipo":"stream"},"geometry":{"type":"LineString","coordinates":[[-56.0361,-22.3362],[-56.0349,-22.3353],[-56.0271,-22.3332],[-56.0258,-22.3319],[-56.0241,-22.3277],[-56.0219,-22.3253],[-56.0221,-22.3233]]}},{"type":"Feature","properties":{"nome":"","tipo":"stream"},"geometry":{"type":"LineString","coordinates":[[-56.041,-22.3958],[-56.0402,-22.397]]}},{"type":"Feature","properties":{"nome":"","tipo":"stream"},"geometry":{"type":"LineString","coordinates":[[-56.0425,-22.3969],[-56.0415,-22.3963],[-56.0399,-22.3972]]}},{"type":"Feature","properties":{"nome":"","tipo":"stream"},"geometry":{"type":"LineString","coordinates":[[-56.0386,-22.3984],[-56.0379,-22.3977],[-56.0382,-22.3963]]}},{"type":"Feature","properties":{"nome":"","tipo":"stream"},"geometry":{"type":"LineString","coordinates":[[-56.0336,-22.3985],[-56.0347,-22.3978],[-56.0357,-22.3949]]}},{"type":"Feature","properties":{"nome":"","tipo":"stream"},"geometry":{"type":"LineString","coordinates":[[-56.0195,-22.3919],[-56.0209,-22.3912],[-56.0226,-22.3886],[-56.0246,-22.3879],[-56.0254,-22.387]]}},{"type":"Feature","properties":{"nome":"","tipo":"stream"},"geometry":{"type":"LineString","coordinates":[[-56.0197,-22.3905],[-56.0211,-22.3907]]}},{"type":"Feature","properties":{"nome":"","tipo":"stream"},"geometry":{"type":"LineString","coordinates":[[-56.0231,-22.3913],[-56.0233,-22.389],[-56.0245,-22.3879]]}},{"type":"Feature","properties":{"nome":"","tipo":"stream"},"geometry":{"type":"LineString","coordinates":[[-56.0245,-22.3908],[-56.024,-22.3894],[-56.0243,-22.3883]]}},{"type":"Feature","properties":{"nome":"","tipo":"stream"},"geometry":{"type":"LineString","coordinates":[[-56.0236,-22.3902],[-56.0239,-22.3884]]}},{"type":"Feature","properties":{"nome":"","tipo":"stream"},"geometry":{"type":"LineString","coordinates":[[-56.0248,-22.3895],[-56.0246,-22.3878]]}},{"type":"Feature","properties":{"nome":"","tipo":"stream"},"geometry":{"type":"LineString","coordinates":[[-56.0324,-22.3976],[-56.0328,-22.3947],[-56.0336,-22.3933]]}},{"type":"Feature","properties":{"nome":"","tipo":"stream"},"geometry":{"type":"LineString","coordinates":[[-56.0396,-22.3943],[-56.038,-22.3952],[-56.0376,-22.396]]}},{"type":"Feature","properties":{"nome":"","tipo":"stream"},"geometry":{"type":"LineString","coordinates":[[-56.0332,-22.3858],[-56.0309,-22.3844],[-56.0301,-22.3813],[-56.0321,-22.3776],[-56.0327,-22.3775],[-56.0333,-22.3765]]}},{"type":"Feature","properties":{"nome":"","tipo":"stream"},"geometry":{"type":"LineString","coordinates":[[-55.9877,-22.3669],[-55.9857,-22.3669],[-55.9853,-22.3661]]}},{"type":"Feature","properties":{"nome":"","tipo":"stream"},"geometry":{"type":"LineString","coordinates":[[-56.0395,-22.3931],[-56.0379,-22.392],[-56.0338,-22.3934]]}},{"type":"Feature","properties":{"nome":"","tipo":"stream"},"geometry":{"type":"LineString","coordinates":[[-56.0403,-22.3925],[-56.0382,-22.3906],[-56.0374,-22.389],[-56.0365,-22.3886],[-56.0342,-22.3892],[-56.0314,-22.3915]]}},{"type":"Feature","properties":{"nome":"","tipo":"stream"},"geometry":{"type":"LineString","coordinates":[[-56.0305,-22.3947],[-56.0331,-22.3928]]}},{"type":"Feature","properties":{"nome":"","tipo":"stream"},"geometry":{"type":"LineString","coordinates":[[-56.0322,-22.3933],[-56.0328,-22.3924]]}},{"type":"Feature","properties":{"nome":"","tipo":"stream"},"geometry":{"type":"LineString","coordinates":[[-56.0298,-22.389],[-56.0288,-22.3902]]}},{"type":"Feature","properties":{"nome":"","tipo":"stream"},"geometry":{"type":"LineString","coordinates":[[-56.0283,-22.3882],[-56.028,-22.3877],[-56.027,-22.3886]]}},{"type":"Feature","properties":{"nome":"","tipo":"stream"},"geometry":{"type":"LineString","coordinates":[[-56.0234,-22.3871],[-56.0245,-22.386]]}},{"type":"Feature","properties":{"nome":"","tipo":"stream"},"geometry":{"type":"LineString","coordinates":[[-56.0235,-22.3803],[-56.0208,-22.3821]]}},{"type":"Feature","properties":{"nome":"","tipo":"stream"},"geometry":{"type":"LineString","coordinates":[[-56.024,-22.3812],[-56.0227,-22.3831]]}},{"type":"Feature","properties":{"nome":"","tipo":"stream"},"geometry":{"type":"LineString","coordinates":[[-56.0253,-22.383],[-56.0244,-22.3828],[-56.0234,-22.3836]]}},{"type":"Feature","properties":{"nome":"","tipo":"stream"},"geometry":{"type":"LineString","coordinates":[[-56.0213,-22.386],[-56.0219,-22.3826]]}},{"type":"Feature","properties":{"nome":"","tipo":"stream"},"geometry":{"type":"LineString","coordinates":[[-56.0197,-22.3847],[-56.0203,-22.3844],[-56.021,-22.3821]]}},{"type":"Feature","properties":{"nome":"","tipo":"stream"},"geometry":{"type":"LineString","coordinates":[[-56.0209,-22.384],[-56.0216,-22.3822]]}},{"type":"Feature","properties":{"nome":"","tipo":"stream"},"geometry":{"type":"LineString","coordinates":[[-56.0227,-22.382],[-56.0222,-22.3826]]}},{"type":"Feature","properties":{"nome":"","tipo":"stream"},"geometry":{"type":"LineString","coordinates":[[-56.02,-22.3829],[-56.0203,-22.3819]]}},{"type":"Feature","properties":{"nome":"","tipo":"stream"},"geometry":{"type":"LineString","coordinates":[[-56.0229,-22.3846],[-56.0235,-22.3839]]}},{"type":"Feature","properties":{"nome":"","tipo":"stream"},"geometry":{"type":"LineString","coordinates":[[-56.0276,-22.3829],[-56.0257,-22.385],[-56.0248,-22.3851],[-56.0244,-22.3847]]}},{"type":"Feature","properties":{"nome":"","tipo":"stream"},"geometry":{"type":"LineString","coordinates":[[-56.036,-22.3909],[-56.034,-22.3895]]}},{"type":"Feature","properties":{"nome":"","tipo":"stream"},"geometry":{"type":"LineString","coordinates":[[-56.0158,-22.3812],[-56.016,-22.3803],[-56.0177,-22.3795]]}},{"type":"Feature","properties":{"nome":"","tipo":"stream"},"geometry":{"type":"LineString","coordinates":[[-56.0184,-22.3773],[-56.0166,-22.3782]]}},{"type":"Feature","properties":{"nome":"","tipo":"stream"},"geometry":{"type":"LineString","coordinates":[[-56.0105,-22.3892],[-56.0112,-22.3866],[-56.0125,-22.3858],[-56.0131,-22.3847],[-56.0126,-22.3838],[-56.0128,-22.383],[-56.0121,-22.3828],[-56.012,-22.3822],[-56.0129,-22.3774]]}},{"type":"Feature","properties":{"nome":"","tipo":"stream"},"geometry":{"type":"LineString","coordinates":[[-56.0056,-22.3816],[-56.0089,-22.3803],[-56.0103,-22.3803],[-56.0124,-22.3792]]}},{"type":"Feature","properties":{"nome":"","tipo":"stream"},"geometry":{"type":"LineString","coordinates":[[-56.0153,-22.3861],[-56.0131,-22.3847]]}},{"type":"Feature","properties":{"nome":"","tipo":"stream"},"geometry":{"type":"LineString","coordinates":[[-56.0146,-22.3872],[-56.0132,-22.3868],[-56.0125,-22.3858]]}},{"type":"Feature","properties":{"nome":"","tipo":"stream"},"geometry":{"type":"LineString","coordinates":[[-56.0045,-22.3837],[-56.0038,-22.3825],[-56.004,-22.3806],[-56.0028,-22.3784],[-56.0071,-22.3769],[-56.0097,-22.375]]}},{"type":"Feature","properties":{"nome":"","tipo":"stream"},"geometry":{"type":"LineString","coordinates":[[-56.0069,-22.3607],[-56.0113,-22.3657]]}},{"type":"Feature","properties":{"nome":"","tipo":"stream"},"geometry":{"type":"LineString","coordinates":[[-56.0028,-22.3749],[-56.0026,-22.3734],[-56.0011,-22.3702],[-56.0014,-22.3693]]}},{"type":"Feature","properties":{"nome":"","tipo":"stream"},"geometry":{"type":"LineString","coordinates":[[-56.0155,-22.3321],[-56.017,-22.3313],[-56.0169,-22.33],[-56.0156,-22.3287],[-56.016,-22.3274]]}},{"type":"Feature","properties":{"nome":"","tipo":"stream"},"geometry":{"type":"LineString","coordinates":[[-56.0087,-22.3565],[-56.0118,-22.3554],[-56.0151,-22.3552]]}},{"type":"Feature","properties":{"nome":"","tipo":"stream"},"geometry":{"type":"LineString","coordinates":[[-56.0106,-22.3587],[-56.0115,-22.3581],[-56.0128,-22.3555]]}},{"type":"Feature","properties":{"nome":"","tipo":"stream"},"geometry":{"type":"LineString","coordinates":[[-56.0446,-22.3935],[-56.0441,-22.3925],[-56.045,-22.3914],[-56.0432,-22.3895],[-56.0424,-22.3874],[-56.0409,-22.3862],[-56.04,-22.3837],[-56.0371,-22.3812],[-56.036,-22.3793],[-56.0339,-22.378],[-56.0328,-22.3749],[-56.033,-22.373],[-56.032,-22.3704],[-56.0307,-22.3689],[-56.0297,-22.3684],[-56.0276,-22.3629],[-56.0239,-22.3592],[-56.0226,-22.3585],[-56.0226,-22.3545],[-56.0217,-22.3533],[-56.0212,-22.3532]]}},{"type":"Feature","properties":{"nome":"","tipo":"stream"},"geometry":{"type":"LineString","coordinates":[[-55.9885,-22.3643],[-55.9893,-22.3624],[-55.9905,-22.3616],[-55.9906,-22.3597]]}},{"type":"Feature","properties":{"nome":"","tipo":"stream"},"geometry":{"type":"LineString","coordinates":[[-56.0203,-22.3754],[-56.0185,-22.3751],[-56.0183,-22.3745],[-56.0173,-22.3742],[-56.0156,-22.3725],[-56.014,-22.3722],[-56.0114,-22.3703],[-56.0099,-22.3672]]}},{"type":"Feature","properties":{"nome":"","tipo":"stream"},"geometry":{"type":"LineString","coordinates":[[-56.0199,-22.3721],[-56.0182,-22.3707],[-56.0149,-22.3703],[-56.0115,-22.3667]]}},{"type":"Feature","properties":{"nome":"","tipo":"stream"},"geometry":{"type":"LineString","coordinates":[[-56.0063,-22.3789],[-56.007,-22.3782],[-56.007,-22.3769]]}},{"type":"Feature","properties":{"nome":"","tipo":"stream"},"geometry":{"type":"LineString","coordinates":[[-56.0109,-22.3842],[-56.0105,-22.3831],[-56.012,-22.3819]]}},{"type":"Feature","properties":{"nome":"","tipo":"stream"},"geometry":{"type":"LineString","coordinates":[[-56.0197,-22.3657],[-56.014,-22.3622]]}},{"type":"Feature","properties":{"nome":"","tipo":"stream"},"geometry":{"type":"LineString","coordinates":[[-56.022,-22.3783],[-56.0177,-22.3789]]}},{"type":"Feature","properties":{"nome":"","tipo":"stream"},"geometry":{"type":"LineString","coordinates":[[-56.0283,-22.382],[-56.0301,-22.3814]]}},{"type":"Feature","properties":{"nome":"","tipo":"stream"},"geometry":{"type":"LineString","coordinates":[[-56.0456,-22.3907],[-56.0427,-22.3882]]}},{"type":"Feature","properties":{"nome":"","tipo":"stream"},"geometry":{"type":"LineString","coordinates":[[-56.0396,-22.3896],[-56.0413,-22.3883],[-56.0421,-22.387]]}},{"type":"Feature","properties":{"nome":"","tipo":"stream"},"geometry":{"type":"LineString","coordinates":[[-56.0457,-22.3886],[-56.0443,-22.3874],[-56.0426,-22.3877]]}},{"type":"Feature","properties":{"nome":"","tipo":"stream"},"geometry":{"type":"LineString","coordinates":[[-56.0396,-22.3872],[-56.0408,-22.3859]]}},{"type":"Feature","properties":{"nome":"","tipo":"stream"},"geometry":{"type":"LineString","coordinates":[[-56.0377,-22.385],[-56.0395,-22.3832]]}},{"type":"Feature","properties":{"nome":"","tipo":"stream"},"geometry":{"type":"LineString","coordinates":[[-56.0397,-22.3816],[-56.038,-22.3819]]}},{"type":"Feature","properties":{"nome":"","tipo":"stream"},"geometry":{"type":"LineString","coordinates":[[-56.0349,-22.3828],[-56.0356,-22.3814],[-56.0367,-22.3804]]}},{"type":"Feature","properties":{"nome":"","tipo":"stream"},"geometry":{"type":"LineString","coordinates":[[-56.0358,-22.3828],[-56.0371,-22.3822],[-56.0374,-22.3815]]}},{"type":"Feature","properties":{"nome":"","tipo":"stream"},"geometry":{"type":"LineString","coordinates":[[-56.0396,-22.3805],[-56.0379,-22.3794],[-56.0363,-22.3797]]}},{"type":"Feature","properties":{"nome":"","tipo":"stream"},"geometry":{"type":"LineString","coordinates":[[-56.0397,-22.3794],[-56.0392,-22.38]]}},{"type":"Feature","properties":{"nome":"","tipo":"stream"},"geometry":{"type":"LineString","coordinates":[[-56.0392,-22.3782],[-56.0389,-22.3787],[-56.036,-22.3793]]}},{"type":"Feature","properties":{"nome":"","tipo":"stream"},"geometry":{"type":"LineString","coordinates":[[-56.0325,-22.3817],[-56.0337,-22.38],[-56.0356,-22.3792]]}},{"type":"Feature","properties":{"nome":"","tipo":"stream"},"geometry":{"type":"LineString","coordinates":[[-56.0341,-22.3848],[-56.032,-22.3849]]}},{"type":"Feature","properties":{"nome":"","tipo":"stream"},"geometry":{"type":"LineString","coordinates":[[-56.0285,-22.3792],[-56.0292,-22.379],[-56.0309,-22.3796]]}},{"type":"Feature","properties":{"nome":"","tipo":"stream"},"geometry":{"type":"LineString","coordinates":[[-56.0288,-22.3781],[-56.0316,-22.3786]]}},{"type":"Feature","properties":{"nome":"","tipo":"stream"},"geometry":{"type":"LineString","coordinates":[[-56.0318,-22.3802],[-56.0311,-22.3793]]}},{"type":"Feature","properties":{"nome":"","tipo":"stream"},"geometry":{"type":"LineString","coordinates":[[-56.0302,-22.3763],[-56.0306,-22.3771],[-56.0321,-22.3777]]}},{"type":"Feature","properties":{"nome":"","tipo":"stream"},"geometry":{"type":"LineString","coordinates":[[-56.0291,-22.3773],[-56.0306,-22.3771]]}},{"type":"Feature","properties":{"nome":"","tipo":"stream"},"geometry":{"type":"LineString","coordinates":[[-56.0229,-22.3603],[-56.0224,-22.3597],[-56.0226,-22.3585]]}},{"type":"Feature","properties":{"nome":"","tipo":"stream"},"geometry":{"type":"LineString","coordinates":[[-56.0212,-22.3631],[-56.0245,-22.36]]}},{"type":"Feature","properties":{"nome":"","tipo":"stream"},"geometry":{"type":"LineString","coordinates":[[-56.0207,-22.3647],[-56.0266,-22.363],[-56.0272,-22.3624]]}},{"type":"Feature","properties":{"nome":"","tipo":"stream"},"geometry":{"type":"LineString","coordinates":[[-55.9972,-22.3724],[-56.0,-22.3697],[-56.0089,-22.3672]]}},{"type":"Feature","properties":{"nome":"","tipo":"stream"},"geometry":{"type":"LineString","coordinates":[[-55.9997,-22.3469],[-56.0025,-22.3469],[-56.0047,-22.3477],[-56.0082,-22.3478]]}},{"type":"Feature","properties":{"nome":"","tipo":"stream"},"geometry":{"type":"LineString","coordinates":[[-55.9755,-22.356],[-55.9755,-22.3531],[-55.9746,-22.3504],[-55.9754,-22.3488],[-55.9753,-22.347],[-55.976,-22.3454],[-55.9752,-22.3441],[-55.9754,-22.3429]]}},{"type":"Feature","properties":{"nome":"","tipo":"stream"},"geometry":{"type":"LineString","coordinates":[[-55.9827,-22.42],[-55.9807,-22.418],[-55.9778,-22.4163],[-55.9774,-22.4165]]}},{"type":"Feature","properties":{"nome":"","tipo":"stream"},"geometry":{"type":"LineString","coordinates":[[-56.0373,-22.4067],[-56.0364,-22.4068],[-56.0358,-22.4077],[-56.0337,-22.4084],[-56.0317,-22.4101],[-56.0291,-22.411]]}},{"type":"Feature","properties":{"nome":"","tipo":"stream"},"geometry":{"type":"LineString","coordinates":[[-56.0375,-22.408],[-56.0365,-22.4078],[-56.0332,-22.4088]]}},{"type":"Feature","properties":{"nome":"","tipo":"stream"},"geometry":{"type":"LineString","coordinates":[[-56.0369,-22.4092],[-56.0352,-22.4084]]}},{"type":"Feature","properties":{"nome":"","tipo":"stream"},"geometry":{"type":"LineString","coordinates":[[-56.0248,-22.406],[-56.022,-22.41],[-56.0227,-22.4117],[-56.0219,-22.4126],[-56.0218,-22.4139],[-56.021,-22.4155]]}},{"type":"Feature","properties":{"nome":"","tipo":"stream"},"geometry":{"type":"LineString","coordinates":[[-56.019,-22.4067],[-56.0209,-22.4091],[-56.0221,-22.4099]]}},{"type":"Feature","properties":{"nome":"","tipo":"stream"},"geometry":{"type":"LineString","coordinates":[[-55.9972,-22.4285],[-55.9975,-22.4296],[-55.999,-22.4307],[-56.0014,-22.4303],[-56.0026,-22.4314],[-56.0059,-22.4304],[-56.0078,-22.4302],[-56.0083,-22.4307],[-56.0097,-22.4302],[-56.0112,-22.4308]]}},{"type":"Feature","properties":{"nome":"","tipo":"stream"},"geometry":{"type":"LineString","coordinates":[[-55.9972,-22.4313],[-55.9999,-22.4308]]}},{"type":"Feature","properties":{"nome":"","tipo":"stream"},"geometry":{"type":"LineString","coordinates":[[-55.9978,-22.4234],[-56.0004,-22.4227],[-56.0032,-22.4209],[-56.006,-22.4219],[-56.0084,-22.4216],[-56.0085,-22.4223],[-56.0096,-22.4227],[-56.0107,-22.4242]]}},{"type":"Feature","properties":{"nome":"","tipo":"stream"},"geometry":{"type":"LineString","coordinates":[[-55.9969,-22.4251],[-55.9998,-22.4238],[-56.0004,-22.4227]]}},{"type":"Feature","properties":{"nome":"","tipo":"stream"},"geometry":{"type":"LineString","coordinates":[[-55.9974,-22.4196],[-56.0012,-22.422]]}},{"type":"Feature","properties":{"nome":"","tipo":"stream"},"geometry":{"type":"LineString","coordinates":[[-56.0021,-22.418],[-56.0035,-22.4211]]}},{"type":"Feature","properties":{"nome":"","tipo":"stream"},"geometry":{"type":"LineString","coordinates":[[-56.0069,-22.4089],[-56.0066,-22.4102],[-56.0071,-22.4146],[-56.0077,-22.4163],[-56.0069,-22.4184],[-56.0082,-22.4216]]}},{"type":"Feature","properties":{"nome":"","tipo":"stream"},"geometry":{"type":"LineString","coordinates":[[-56.0032,-22.4163],[-56.004,-22.4179],[-56.0072,-22.4194]]}},{"type":"Feature","properties":{"nome":"","tipo":"stream"},"geometry":{"type":"LineString","coordinates":[[-56.0161,-22.4385],[-56.0176,-22.439]]}},{"type":"Feature","properties":{"nome":"","tipo":"stream"},"geometry":{"type":"LineString","coordinates":[[-55.9776,-22.4482],[-55.9722,-22.4469],[-55.9696,-22.4473]]}},{"type":"Feature","properties":{"nome":"","tipo":"stream"},"geometry":{"type":"LineString","coordinates":[[-55.9795,-22.4478],[-55.9769,-22.4456],[-55.9767,-22.4447],[-55.974,-22.4429]]}},{"type":"Feature","properties":{"nome":"","tipo":"stream"},"geometry":{"type":"LineString","coordinates":[[-55.9792,-22.4448],[-55.9767,-22.4447]]}},{"type":"Feature","properties":{"nome":"","tipo":"stream"},"geometry":{"type":"LineString","coordinates":[[-55.9301,-22.4723],[-55.9326,-22.4703],[-55.9353,-22.4695],[-55.9364,-22.4687],[-55.9407,-22.4625],[-55.9415,-22.462],[-55.9444,-22.4621],[-55.945,-22.4616]]}},{"type":"Feature","properties":{"nome":"","tipo":"stream"},"geometry":{"type":"LineString","coordinates":[[-55.9297,-22.4675],[-55.9309,-22.4668],[-55.9328,-22.4665],[-55.9351,-22.467],[-55.9381,-22.4661]]}},{"type":"Feature","properties":{"nome":"","tipo":"stream"},"geometry":{"type":"LineString","coordinates":[[-55.9292,-22.4645],[-55.9347,-22.463],[-55.9389,-22.4647]]}},{"type":"Feature","properties":{"nome":"","tipo":"stream"},"geometry":{"type":"LineString","coordinates":[[-55.9217,-22.4477],[-55.9205,-22.4446]]}},{"type":"Feature","properties":{"nome":"","tipo":"stream"},"geometry":{"type":"LineString","coordinates":[[-55.9057,-22.4468],[-55.9098,-22.4454],[-55.9125,-22.4457],[-55.9146,-22.4467]]}},{"type":"Feature","properties":{"nome":"","tipo":"stream"},"geometry":{"type":"LineString","coordinates":[[-55.9111,-22.4428],[-55.9122,-22.4457]]}},{"type":"Feature","properties":{"nome":"","tipo":"stream"},"geometry":{"type":"LineString","coordinates":[[-55.9231,-22.4464],[-55.9268,-22.4455]]}},{"type":"Feature","properties":{"nome":"","tipo":"stream"},"geometry":{"type":"LineString","coordinates":[[-55.9286,-22.4396],[-55.929,-22.4444],[-55.9284,-22.4466]]}},{"type":"Feature","properties":{"nome":"","tipo":"stream"},"geometry":{"type":"LineString","coordinates":[[-55.9434,-22.4737],[-55.9451,-22.4713],[-55.952,-22.4682],[-55.9559,-22.4686],[-55.9574,-22.4691],[-55.9588,-22.4725],[-55.96,-22.4733],[-55.9638,-22.4723],[-55.9656,-22.4709],[-55.9673,-22.471],[-55.9681,-22.4716],[-55.9684,-22.471],[-55.9696,-22.4706],[-55.9698,-22.47],[-55.9715,-22.4695],[-55.9725,-22.4701],[-55.9734,-22.4698]]}},{"type":"Feature","properties":{"nome":"","tipo":"stream"},"geometry":{"type":"LineString","coordinates":[[-55.9432,-22.4723],[-55.9442,-22.4713],[-55.9451,-22.4713]]}},{"type":"Feature","properties":{"nome":"","tipo":"stream"},"geometry":{"type":"LineString","coordinates":[[-55.9462,-22.4738],[-55.9469,-22.4705]]}},{"type":"Feature","properties":{"nome":"","tipo":"stream"},"geometry":{"type":"LineString","coordinates":[[-55.935,-22.4732],[-55.9354,-22.4694]]}},{"type":"Feature","properties":{"nome":"","tipo":"stream"},"geometry":{"type":"LineString","coordinates":[[-55.946,-22.4679],[-55.9512,-22.4686]]}},{"type":"Feature","properties":{"nome":"","tipo":"stream"},"geometry":{"type":"LineString","coordinates":[[-55.9478,-22.4746],[-55.9508,-22.4721],[-55.9512,-22.4697],[-55.9526,-22.4684]]}},{"type":"Feature","properties":{"nome":"","tipo":"stream"},"geometry":{"type":"LineString","coordinates":[[-55.9491,-22.4742],[-55.949,-22.4734]]}},{"type":"Feature","properties":{"nome":"","tipo":"stream"},"geometry":{"type":"LineString","coordinates":[[-55.9578,-22.4659],[-55.9571,-22.4669],[-55.9574,-22.4691]]}},{"type":"Feature","properties":{"nome":"","tipo":"stream"},"geometry":{"type":"LineString","coordinates":[[-55.9611,-22.4666],[-55.959,-22.4681],[-55.9577,-22.4699]]}},{"type":"Feature","properties":{"nome":"","tipo":"stream"},"geometry":{"type":"LineString","coordinates":[[-55.956,-22.4839],[-55.957,-22.4817],[-55.9562,-22.4803],[-55.9564,-22.4795],[-55.9587,-22.4769],[-55.9595,-22.4745],[-55.9606,-22.4733]]}},{"type":"Feature","properties":{"nome":"","tipo":"stream"},"geometry":{"type":"LineString","coordinates":[[-55.9541,-22.481],[-55.9545,-22.4799],[-55.9566,-22.4791]]}},{"type":"Feature","properties":{"nome":"","tipo":"stream"},"geometry":{"type":"LineString","coordinates":[[-55.9604,-22.4801],[-55.9598,-22.4792],[-55.96,-22.4777],[-55.9595,-22.4746]]}},{"type":"Feature","properties":{"nome":"","tipo":"stream"},"geometry":{"type":"LineString","coordinates":[[-55.9518,-22.4774],[-55.9548,-22.4747],[-55.9593,-22.473]]}},{"type":"Feature","properties":{"nome":"","tipo":"stream"},"geometry":{"type":"LineString","coordinates":[[-55.9599,-22.4834],[-55.9669,-22.4816],[-55.969,-22.4818],[-55.9724,-22.4831]]}},{"type":"Feature","properties":{"nome":"","tipo":"stream"},"geometry":{"type":"LineString","coordinates":[[-55.9832,-22.4636],[-55.9796,-22.4645],[-55.9783,-22.4654],[-55.9758,-22.4651],[-55.9751,-22.4656]]}},{"type":"Feature","properties":{"nome":"","tipo":"stream"},"geometry":{"type":"LineString","coordinates":[[-55.9822,-22.4668],[-55.9787,-22.4652]]}},{"type":"Feature","properties":{"nome":"","tipo":"stream"},"geometry":{"type":"LineString","coordinates":[[-55.9842,-22.4565],[-55.9794,-22.4541],[-55.9777,-22.4519]]}},{"type":"Feature","properties":{"nome":"","tipo":"stream"},"geometry":{"type":"LineString","coordinates":[[-55.9789,-22.4588],[-55.9757,-22.4609],[-55.9733,-22.4636]]}},{"type":"Feature","properties":{"nome":"","tipo":"stream"},"geometry":{"type":"LineString","coordinates":[[-55.9647,-22.4657],[-55.9672,-22.465],[-55.9699,-22.4658],[-55.9707,-22.4666],[-55.9734,-22.4665],[-55.975,-22.467]]}},{"type":"Feature","properties":{"nome":"","tipo":"dam"},"geometry":{"type":"LineString","coordinates":[[-56.0172,-22.4418],[-56.0166,-22.4423]]}},{"type":"Feature","properties":{"nome":"","tipo":"stream"},"geometry":{"type":"LineString","coordinates":[[-56.0486,-22.408],[-56.0483,-22.4088],[-56.0489,-22.4105],[-56.0505,-22.4118],[-56.0507,-22.4132],[-56.0525,-22.4144],[-56.0521,-22.4165],[-56.0525,-22.4183],[-56.0452,-22.4219],[-56.0444,-22.4239],[-56.0427,-22.425],[-56.0423,-22.4247],[-56.0414,-22.4258],[-56.0403,-22.4256],[-56.039,-22.4278],[-56.0364,-22.4282],[-56.034,-22.4308],[-56.0301,-22.4306],[-56.0298,-22.4311],[-56.0247,-22.433],[-56.0205,-22.4365],[-56.0194,-22.4393]]}},{"type":"Feature","properties":{"nome":"","tipo":"stream"},"geometry":{"type":"LineString","coordinates":[[-56.0357,-22.4404],[-56.0346,-22.4401],[-56.0335,-22.4384],[-56.0315,-22.4379],[-56.0291,-22.4342],[-56.0257,-22.4327]]}},{"type":"Feature","properties":{"nome":"","tipo":"stream"},"geometry":{"type":"LineString","coordinates":[[-56.0396,-22.4151],[-56.0398,-22.4225],[-56.041,-22.425],[-56.0404,-22.4256]]}},{"type":"Feature","properties":{"nome":"","tipo":"stream"},"geometry":{"type":"LineString","coordinates":[[-56.0367,-22.4223],[-56.039,-22.422],[-56.0398,-22.4225]]}},{"type":"Feature","properties":{"nome":"","tipo":"stream"},"geometry":{"type":"LineString","coordinates":[[-56.0315,-22.4176],[-56.029,-22.4222],[-56.0295,-22.4233],[-56.0291,-22.4248],[-56.0296,-22.4263],[-56.0284,-22.4282],[-56.0286,-22.429],[-56.0279,-22.4299],[-56.0276,-22.4318]]}},{"type":"Feature","properties":{"nome":"","tipo":"stream"},"geometry":{"type":"LineString","coordinates":[[-56.046,-22.4369],[-56.0427,-22.4341],[-56.0406,-22.433],[-56.0384,-22.4294]]}},{"type":"Feature","properties":{"nome":"","tipo":"stream"},"geometry":{"type":"LineString","coordinates":[[-56.0455,-22.434],[-56.0432,-22.4334],[-56.0421,-22.4339]]}},{"type":"Feature","properties":{"nome":"","tipo":"stream"},"geometry":{"type":"LineString","coordinates":[[-56.0518,-22.4303],[-56.0501,-22.4292],[-56.05,-22.4285]]}},{"type":"Feature","properties":{"nome":"","tipo":"stream"},"geometry":{"type":"LineString","coordinates":[[-56.0534,-22.4294],[-56.0492,-22.4284],[-56.0452,-22.4287],[-56.0437,-22.428],[-56.0413,-22.4284],[-56.0399,-22.4294],[-56.039,-22.429],[-56.0384,-22.4294],[-56.036,-22.4293],[-56.0349,-22.4301]]}},{"type":"Feature","properties":{"nome":"","tipo":"stream"},"geometry":{"type":"LineString","coordinates":[[-56.0502,-22.4272],[-56.047,-22.4264],[-56.0434,-22.4245]]}},{"type":"Feature","properties":{"nome":"","tipo":"stream"},"geometry":{"type":"LineString","coordinates":[[-56.0538,-22.422],[-56.0508,-22.4231],[-56.0452,-22.4219]]}},{"type":"Feature","properties":{"nome":"","tipo":"stream"},"geometry":{"type":"LineString","coordinates":[[-56.0543,-22.42],[-56.0514,-22.4188]]}},{"type":"Feature","properties":{"nome":"","tipo":"stream"},"geometry":{"type":"LineString","coordinates":[[-56.0606,-22.4137],[-56.0561,-22.4164],[-56.0535,-22.4165],[-56.0525,-22.4181]]}},{"type":"Feature","properties":{"nome":"","tipo":"stream"},"geometry":{"type":"LineString","coordinates":[[-56.0566,-22.4135],[-56.0574,-22.415],[-56.0542,-22.4166]]}},{"type":"Feature","properties":{"nome":"","tipo":"stream"},"geometry":{"type":"LineString","coordinates":[[-56.0456,-22.4102],[-56.0478,-22.4123],[-56.0481,-22.4133],[-56.0461,-22.4178],[-56.0458,-22.42],[-56.0463,-22.4212]]}},{"type":"Feature","properties":{"nome":"","tipo":"stream"},"geometry":{"type":"LineString","coordinates":[[-56.0283,-22.4597],[-56.027,-22.4614],[-56.0247,-22.462]]}},{"type":"Feature","properties":{"nome":"","tipo":"stream"},"geometry":{"type":"LineString","coordinates":[[-55.8136,-22.4798],[-55.8121,-22.4805],[-55.8098,-22.4804]]}},{"type":"Feature","properties":{"nome":"","tipo":"stream"},"geometry":{"type":"LineString","coordinates":[[-56.3418,-22.251],[-56.3373,-22.2464],[-56.3356,-22.2456],[-56.332,-22.2451],[-56.3302,-22.2436],[-56.3289,-22.2432],[-56.3276,-22.241],[-56.3259,-22.2403],[-56.3252,-22.236],[-56.3231,-22.2338],[-56.3235,-22.233],[-56.3226,-22.2295],[-56.3231,-22.2281],[-56.3223,-22.2228],[-56.3232,-22.2185],[-56.3248,-22.2165],[-56.3238,-22.2151],[-56.3238,-22.2142],[-56.322,-22.2143]]}},{"type":"Feature","properties":{"nome":"","tipo":"stream"},"geometry":{"type":"LineString","coordinates":[[-56.3354,-22.2375],[-56.3347,-22.2367],[-56.335,-22.2342],[-56.3341,-22.2308],[-56.3311,-22.2273],[-56.3294,-22.2242],[-56.3238,-22.2178]]}},{"type":"Feature","properties":{"nome":"","tipo":"stream"},"geometry":{"type":"LineString","coordinates":[[-55.5755,-23.244],[-55.5764,-23.2441],[-55.5797,-23.2464],[-55.5815,-23.2469]]}},{"type":"Feature","properties":{"nome":"","tipo":"stream"},"geometry":{"type":"LineString","coordinates":[[-55.5753,-23.244],[-55.5755,-23.244]]}},{"type":"Feature","properties":{"nome":"","tipo":"stream"},"geometry":{"type":"LineString","coordinates":[[-56.3262,-22.2744],[-56.3267,-22.2732],[-56.3252,-22.2705]]}},{"type":"Feature","properties":{"nome":"","tipo":"stream"},"geometry":{"type":"LineString","coordinates":[[-56.3121,-22.237],[-56.3103,-22.2367]]}},{"type":"Feature","properties":{"nome":"","tipo":"stream"},"geometry":{"type":"LineString","coordinates":[[-56.317,-22.2458],[-56.3158,-22.2441],[-56.3098,-22.2392],[-56.3094,-22.2386],[-56.3097,-22.2378]]}},{"type":"Feature","properties":{"nome":"","tipo":"stream"},"geometry":{"type":"LineString","coordinates":[[-56.3156,-22.2743],[-56.3157,-22.2684],[-56.3166,-22.2667]]}},{"type":"Feature","properties":{"nome":"","tipo":"stream"},"geometry":{"type":"LineString","coordinates":[[-56.3213,-22.2745],[-56.3206,-22.2726],[-56.3187,-22.2699],[-56.3187,-22.2679]]}},{"type":"Feature","properties":{"nome":"","tipo":"stream"},"geometry":{"type":"LineString","coordinates":[[-56.3233,-22.2634],[-56.3222,-22.2636],[-56.3171,-22.267]]}},{"type":"Feature","properties":{"nome":"","tipo":"stream"},"geometry":{"type":"LineString","coordinates":[[-56.3105,-22.2695],[-56.3108,-22.2648],[-56.3116,-22.2623]]}},{"type":"Feature","properties":{"nome":"","tipo":"stream"},"geometry":{"type":"LineString","coordinates":[[-56.3203,-22.259],[-56.3189,-22.2609],[-56.3122,-22.2629]]}},{"type":"Feature","properties":{"nome":"","tipo":"stream"},"geometry":{"type":"LineString","coordinates":[[-56.3006,-22.2718],[-56.3025,-22.2673],[-56.3042,-22.2653],[-56.306,-22.2606],[-56.3077,-22.2588]]}},{"type":"Feature","properties":{"nome":"","tipo":"stream"},"geometry":{"type":"LineString","coordinates":[[-56.2963,-22.2596],[-56.2984,-22.254],[-56.301,-22.2516],[-56.3018,-22.2502]]}},{"type":"Feature","properties":{"nome":"","tipo":"stream"},"geometry":{"type":"LineString","coordinates":[[-56.2943,-22.2519],[-56.2946,-22.251],[-56.2971,-22.2495],[-56.2976,-22.2486],[-56.2991,-22.2486],[-56.3006,-22.2478]]}},{"type":"Feature","properties":{"nome":"","tipo":"stream"},"geometry":{"type":"LineString","coordinates":[[-56.2971,-22.2433],[-56.3014,-22.2448]]}},{"type":"Feature","properties":{"nome":"","tipo":"stream"},"geometry":{"type":"LineString","coordinates":[[-56.3016,-22.2372],[-56.3056,-22.2407]]}},{"type":"Feature","properties":{"nome":"","tipo":"stream"},"geometry":{"type":"LineString","coordinates":[[-56.3029,-22.2563],[-56.3048,-22.2546]]}},{"type":"Feature","properties":{"nome":"","tipo":"stream"},"geometry":{"type":"LineString","coordinates":[[-56.3167,-22.2563],[-56.3129,-22.2581],[-56.3095,-22.2604]]}},{"type":"Feature","properties":{"nome":"","tipo":"stream"},"geometry":{"type":"LineString","coordinates":[[-56.3148,-22.2526],[-56.3105,-22.246],[-56.3079,-22.2437],[-56.307,-22.2411],[-56.3071,-22.2401]]}},{"type":"Feature","properties":{"nome":"","tipo":"stream"},"geometry":{"type":"LineString","coordinates":[[-56.3184,-22.2415],[-56.3207,-22.2418],[-56.3255,-22.2383]]}},{"type":"Feature","properties":{"nome":"","tipo":"stream"},"geometry":{"type":"LineString","coordinates":[[-56.3264,-22.2577],[-56.3289,-22.2538],[-56.3287,-22.2495],[-56.3299,-22.2475],[-56.329,-22.2433]]}},{"type":"Feature","properties":{"nome":"","tipo":"stream"},"geometry":{"type":"LineString","coordinates":[[-56.3335,-22.2521],[-56.332,-22.2494],[-56.3301,-22.2486],[-56.3297,-22.2479]]}},{"type":"Feature","properties":{"nome":"","tipo":"stream"},"geometry":{"type":"LineString","coordinates":[[-56.3217,-22.2477],[-56.3226,-22.2471],[-56.3259,-22.2423],[-56.3262,-22.2405]]}},{"type":"Feature","properties":{"nome":"","tipo":"stream"},"geometry":{"type":"LineString","coordinates":[[-56.3359,-22.2503],[-56.3342,-22.2456]]}},{"type":"Feature","properties":{"nome":"","tipo":"stream"},"geometry":{"type":"LineString","coordinates":[[-56.2907,-22.2384],[-56.2894,-22.2354],[-56.2852,-22.2315]]}},{"type":"Feature","properties":{"nome":"","tipo":"stream"},"geometry":{"type":"LineString","coordinates":[[-56.2924,-22.2913],[-56.2904,-22.2879],[-56.2873,-22.2851],[-56.2869,-22.2814],[-56.285,-22.2791],[-56.2827,-22.2618],[-56.2816,-22.2596],[-56.2809,-22.2592],[-56.2804,-22.2572],[-56.2791,-22.2559],[-56.28,-22.252],[-56.28,-22.2493],[-56.2787,-22.2432],[-56.2772,-22.242],[-56.2773,-22.2402],[-56.2764,-22.2391],[-56.2762,-22.2378],[-56.2769,-22.2368]]}},{"type":"Feature","properties":{"nome":"","tipo":"stream"},"geometry":{"type":"LineString","coordinates":[[-56.2709,-22.2613],[-56.2761,-22.259],[-56.278,-22.2565],[-56.2791,-22.2558]]}},{"type":"Feature","properties":{"nome":"","tipo":"stream"},"geometry":{"type":"LineString","coordinates":[[-56.2869,-22.2367],[-56.286,-22.2363],[-56.283,-22.2335],[-56.2825,-22.2328],[-56.2828,-22.2319]]}},{"type":"Feature","properties":{"nome":"","tipo":"stream"},"geometry":{"type":"LineString","coordinates":[[-56.2621,-22.2477],[-56.2614,-22.2435],[-56.2617,-22.2402],[-56.2622,-22.2395]]}},{"type":"Feature","properties":{"nome":"","tipo":"stream"},"geometry":{"type":"LineString","coordinates":[[-56.243,-22.2566],[-56.2373,-22.2536],[-56.2357,-22.2531],[-56.2341,-22.2516]]}},{"type":"Feature","properties":{"nome":"","tipo":"stream"},"geometry":{"type":"LineString","coordinates":[[-56.2363,-22.2514],[-56.2344,-22.2505]]}},{"type":"Feature","properties":{"nome":"","tipo":"stream"},"geometry":{"type":"LineString","coordinates":[[-56.2496,-22.2806],[-56.2439,-22.2796],[-56.2413,-22.2799],[-56.2402,-22.279]]}},{"type":"Feature","properties":{"nome":"","tipo":"stream"},"geometry":{"type":"LineString","coordinates":[[-56.1629,-22.2978],[-56.1594,-22.2975]]}},{"type":"Feature","properties":{"nome":"","tipo":"stream"},"geometry":{"type":"LineString","coordinates":[[-56.0692,-22.3243],[-56.0692,-22.3232],[-56.0699,-22.3228],[-56.0709,-22.3234],[-56.0723,-22.3226]]}},{"type":"Feature","properties":{"nome":"","tipo":"stream"},"geometry":{"type":"LineString","coordinates":[[-56.0555,-22.3975],[-56.0577,-22.3944],[-56.0588,-22.394],[-56.0591,-22.3913]]}},{"type":"Feature","properties":{"nome":"","tipo":"stream"},"geometry":{"type":"LineString","coordinates":[[-56.0633,-22.3959],[-56.061,-22.3951],[-56.0592,-22.3916]]}},{"type":"Feature","properties":{"nome":"","tipo":"stream"},"geometry":{"type":"LineString","coordinates":[[-56.049,-22.3834],[-56.0499,-22.3821],[-56.0525,-22.3813],[-56.0536,-22.3814],[-56.0556,-22.3788],[-56.0572,-22.3786],[-56.0589,-22.3772],[-56.0608,-22.3766],[-56.0611,-22.3752],[-56.0617,-22.3747]]}},{"type":"Feature","properties":{"nome":"","tipo":"stream"},"geometry":{"type":"LineString","coordinates":[[-56.0938,-22.3853],[-56.0915,-22.3854],[-56.091,-22.3846],[-56.0885,-22.383],[-56.0859,-22.3792],[-56.0839,-22.3785]]}},{"type":"Feature","properties":{"nome":"","tipo":"stream"},"geometry":{"type":"LineString","coordinates":[[-56.0796,-22.3836],[-56.0808,-22.3822],[-56.0828,-22.381],[-56.0839,-22.3795]]}},{"type":"Feature","properties":{"nome":"","tipo":"stream"},"geometry":{"type":"LineString","coordinates":[[-56.0471,-22.374],[-56.0474,-22.3734]]}},{"type":"Feature","properties":{"nome":"","tipo":"stream"},"geometry":{"type":"LineString","coordinates":[[-56.0443,-22.3741],[-56.0447,-22.3739]]}},{"type":"Feature","properties":{"nome":"","tipo":"stream"},"geometry":{"type":"LineString","coordinates":[[-56.0444,-22.3744],[-56.0455,-22.3727]]}},{"type":"Feature","properties":{"nome":"","tipo":"stream"},"geometry":{"type":"LineString","coordinates":[[-56.0442,-22.3732],[-56.0451,-22.373]]}},{"type":"Feature","properties":{"nome":"","tipo":"stream"},"geometry":{"type":"LineString","coordinates":[[-56.0442,-22.3724],[-56.0457,-22.3712]]}},{"type":"Feature","properties":{"nome":"","tipo":"stream"},"geometry":{"type":"LineString","coordinates":[[-56.0432,-22.3708],[-56.0449,-22.3713]]}},{"type":"Feature","properties":{"nome":"","tipo":"stream"},"geometry":{"type":"LineString","coordinates":[[-56.0428,-22.3722],[-56.0434,-22.3716],[-56.0464,-22.3709]]}},{"type":"Feature","properties":{"nome":"","tipo":"stream"},"geometry":{"type":"LineString","coordinates":[[-56.0427,-22.369],[-56.0461,-22.371]]}},{"type":"Feature","properties":{"nome":"","tipo":"stream"},"geometry":{"type":"LineString","coordinates":[[-56.0474,-22.3748],[-56.0476,-22.3704]]}},{"type":"Feature","properties":{"nome":"","tipo":"stream"},"geometry":{"type":"LineString","coordinates":[[-56.0466,-22.3751],[-56.0455,-22.3738],[-56.0456,-22.3723],[-56.0465,-22.3708],[-56.0497,-22.3695],[-56.05,-22.3685],[-56.0518,-22.367],[-56.0532,-22.3642],[-56.0573,-22.3628],[-56.0591,-22.3634],[-56.0629,-22.3616],[-56.0632,-22.359],[-56.0667,-22.3519]]}},{"type":"Feature","properties":{"nome":"","tipo":"stream"},"geometry":{"type":"LineString","coordinates":[[-56.0455,-22.3689],[-56.0478,-22.3678],[-56.0485,-22.3658],[-56.0502,-22.3661],[-56.0527,-22.3648]]}},{"type":"Feature","properties":{"nome":"","tipo":"stream"},"geometry":{"type":"LineString","coordinates":[[-56.0473,-22.3636],[-56.0487,-22.3658]]}},{"type":"Feature","properties":{"nome":"","tipo":"stream"},"geometry":{"type":"LineString","coordinates":[[-56.0455,-22.3663],[-56.0482,-22.3662]]}},{"type":"Feature","properties":{"nome":"","tipo":"stream"},"geometry":{"type":"LineString","coordinates":[[-56.0453,-22.3679],[-56.0481,-22.3672]]}},{"type":"Feature","properties":{"nome":"","tipo":"stream"},"geometry":{"type":"LineString","coordinates":[[-56.051,-22.3785],[-56.0514,-22.3776],[-56.0542,-22.3754],[-56.0547,-22.374],[-56.0567,-22.3736],[-56.0571,-22.3731],[-56.0577,-22.3693],[-56.0575,-22.3669],[-56.0577,-22.3661],[-56.0586,-22.3655],[-56.0591,-22.3634]]}},{"type":"Feature","properties":{"nome":"","tipo":"stream"},"geometry":{"type":"LineString","coordinates":[[-56.0501,-22.3777],[-56.0528,-22.3764]]}},{"type":"Feature","properties":{"nome":"","tipo":"stream"},"geometry":{"type":"LineString","coordinates":[[-56.0484,-22.3764],[-56.05,-22.3755],[-56.0527,-22.3752],[-56.0534,-22.3744],[-56.0546,-22.3741]]}},{"type":"Feature","properties":{"nome":"","tipo":"stream"},"geometry":{"type":"LineString","coordinates":[[-56.05,-22.3774],[-56.051,-22.3772]]}},{"type":"Feature","properties":{"nome":"","tipo":"stream"},"geometry":{"type":"LineString","coordinates":[[-56.0495,-22.3769],[-56.0508,-22.3754]]}},{"type":"Feature","properties":{"nome":"","tipo":"stream"},"geometry":{"type":"LineString","coordinates":[[-56.0482,-22.3758],[-56.0494,-22.3758]]}},{"type":"Feature","properties":{"nome":"","tipo":"stream"},"geometry":{"type":"LineString","coordinates":[[-56.0488,-22.3765],[-56.0492,-22.376]]}},{"type":"Feature","properties":{"nome":"","tipo":"stream"},"geometry":{"type":"LineString","coordinates":[[-56.0481,-22.3752],[-56.0507,-22.374],[-56.0515,-22.3741],[-56.0525,-22.3753]]}},{"type":"Feature","properties":{"nome":"","tipo":"stream"},"geometry":{"type":"LineString","coordinates":[[-56.0396,-22.3788],[-56.0389,-22.3787]]}},{"type":"Feature","properties":{"nome":"","tipo":"stream"},"geometry":{"type":"LineString","coordinates":[[-56.0495,-22.3891],[-56.0498,-22.3884]]}},{"type":"Feature","properties":{"nome":"","tipo":"stream"},"geometry":{"type":"LineString","coordinates":[[-56.0509,-22.3886],[-56.0498,-22.3884],[-56.0496,-22.3878],[-56.048,-22.3868],[-56.0461,-22.3839],[-56.0437,-22.3825],[-56.0435,-22.382],[-56.0442,-22.3788],[-56.0437,-22.377],[-56.0421,-22.3753],[-56.041,-22.3755],[-56.0382,-22.3745],[-56.0366,-22.375],[-56.0358,-22.3742],[-56.033,-22.3737]]}},{"type":"Feature","properties":{"nome":"","tipo":"stream"},"geometry":{"type":"LineString","coordinates":[[-56.0462,-22.3857],[-56.0435,-22.384],[-56.0435,-22.3822]]}},{"type":"Feature","properties":{"nome":"","tipo":"stream"},"geometry":{"type":"LineString","coordinates":[[-56.0425,-22.3776],[-56.0425,-22.3765]]}},{"type":"Feature","properties":{"nome":"","tipo":"stream"},"geometry":{"type":"LineString","coordinates":[[-56.0419,-22.3776],[-56.0426,-22.3761]]}},{"type":"Feature","properties":{"nome":"","tipo":"stream"},"geometry":{"type":"LineString","coordinates":[[-56.0424,-22.3782],[-56.0436,-22.3779]]}},{"type":"Feature","properties":{"nome":"","tipo":"stream"},"geometry":{"type":"LineString","coordinates":[[-56.0435,-22.3788],[-56.0439,-22.3785]]}},{"type":"Feature","properties":{"nome":"","tipo":"stream"},"geometry":{"type":"LineString","coordinates":[[-56.0456,-22.3779],[-56.0451,-22.3781],[-56.0437,-22.3771]]}},{"type":"Feature","properties":{"nome":"","tipo":"stream"},"geometry":{"type":"LineString","coordinates":[[-56.0415,-22.3775],[-56.0419,-22.3759],[-56.0423,-22.3758]]}},{"type":"Feature","properties":{"nome":"","tipo":"stream"},"geometry":{"type":"LineString","coordinates":[[-56.0457,-22.3775],[-56.0444,-22.376],[-56.0426,-22.376]]}},{"type":"Feature","properties":{"nome":"","tipo":"stream"},"geometry":{"type":"LineString","coordinates":[[-56.0462,-22.3765],[-56.0447,-22.3762]]}},{"type":"Feature","properties":{"nome":"","tipo":"stream"},"geometry":{"type":"LineString","coordinates":[[-56.0459,-22.3759],[-56.0444,-22.3751],[-56.0421,-22.3753]]}},{"type":"Feature","properties":{"nome":"","tipo":"stream"},"geometry":{"type":"LineString","coordinates":[[-56.0452,-22.3749],[-56.0445,-22.3751]]}},{"type":"Feature","properties":{"nome":"","tipo":"stream"},"geometry":{"type":"LineString","coordinates":[[-56.0463,-22.3755],[-56.0451,-22.3754]]}},{"type":"Feature","properties":{"nome":"","tipo":"stream"},"geometry":{"type":"LineString","coordinates":[[-56.043,-22.3748],[-56.0428,-22.3755]]}},{"type":"Feature","properties":{"nome":"","tipo":"stream"},"geometry":{"type":"LineString","coordinates":[[-56.0549,-22.3773],[-56.0554,-22.377],[-56.0566,-22.3737]]}},{"type":"Feature","properties":{"nome":"","tipo":"stream"},"geometry":{"type":"LineString","coordinates":[[-56.0592,-22.3714],[-56.0617,-22.3711],[-56.0625,-22.3706]]}},{"type":"Feature","properties":{"nome":"","tipo":"stream"},"geometry":{"type":"LineString","coordinates":[[-56.0417,-22.373],[-56.0407,-22.3744]]}},{"type":"Feature","properties":{"nome":"","tipo":"stream"},"geometry":{"type":"LineString","coordinates":[[-56.0424,-22.3734],[-56.0413,-22.3738]]}},{"type":"Feature","properties":{"nome":"","tipo":"stream"},"geometry":{"type":"LineString","coordinates":[[-56.0418,-22.3714],[-56.0401,-22.3751]]}},{"type":"Feature","properties":{"nome":"","tipo":"stream"},"geometry":{"type":"LineString","coordinates":[[-56.0423,-22.3747],[-56.0419,-22.3753]]}},{"type":"Feature","properties":{"nome":"","tipo":"stream"},"geometry":{"type":"LineString","coordinates":[[-56.0402,-22.3736],[-56.0395,-22.375]]}},{"type":"Feature","properties":{"nome":"","tipo":"stream"},"geometry":{"type":"LineString","coordinates":[[-56.0394,-22.3733],[-56.0391,-22.3743],[-56.0383,-22.3745]]}},{"type":"Feature","properties":{"nome":"","tipo":"stream"},"geometry":{"type":"LineString","coordinates":[[-56.0395,-22.3724],[-56.0371,-22.3747]]}},{"type":"Feature","properties":{"nome":"","tipo":"stream"},"geometry":{"type":"LineString","coordinates":[[-56.0388,-22.3737],[-56.038,-22.3741]]}},{"type":"Feature","properties":{"nome":"","tipo":"stream"},"geometry":{"type":"LineString","coordinates":[[-56.0373,-22.3733],[-56.0363,-22.3746]]}},{"type":"Feature","properties":{"nome":"","tipo":"stream"},"geometry":{"type":"LineString","coordinates":[[-56.021,-22.37],[-56.0275,-22.3686],[-56.0285,-22.368],[-56.0289,-22.3668]]}},{"type":"Feature","properties":{"nome":"","tipo":"stream"},"geometry":{"type":"LineString","coordinates":[[-56.0254,-22.3742],[-56.0268,-22.3688]]}},{"type":"Feature","properties":{"nome":"","tipo":"stream"},"geometry":{"type":"LineString","coordinates":[[-56.0357,-22.3586],[-56.0369,-22.3568],[-56.0367,-22.3539],[-56.0352,-22.3519],[-56.0348,-22.3493],[-56.034,-22.3483],[-56.0337,-22.3471],[-56.0309,-22.3446],[-56.0307,-22.3436],[-56.0296,-22.3424],[-56.0265,-22.3415],[-56.0252,-22.3405],[-56.0229,-22.3402]]}},{"type":"Feature","properties":{"nome":"","tipo":"stream"},"geometry":{"type":"LineString","coordinates":[[-56.0555,-22.3383],[-56.0606,-22.3373]]}},{"type":"Feature","properties":{"nome":"","tipo":"stream"},"geometry":{"type":"LineString","coordinates":[[-56.0311,-22.3563],[-56.0355,-22.3526]]}},{"type":"Feature","properties":{"nome":"","tipo":"stream"},"geometry":{"type":"LineString","coordinates":[[-56.0381,-22.3454],[-56.0361,-22.3456],[-56.0335,-22.3468]]}},{"type":"Feature","properties":{"nome":"","tipo":"stream"},"geometry":{"type":"LineString","coordinates":[[-56.0266,-22.3457],[-56.0284,-22.3441],[-56.03,-22.3446],[-56.0308,-22.3443]]}},{"type":"Feature","properties":{"nome":"","tipo":"stream"},"geometry":{"type":"LineString","coordinates":[[-56.1726,-22.3823],[-56.1734,-22.38],[-56.1748,-22.3788],[-56.174,-22.3758],[-56.1756,-22.3728],[-56.1752,-22.3718]]}},{"type":"Feature","properties":{"nome":"","tipo":"stream"},"geometry":{"type":"LineString","coordinates":[[-56.1816,-22.3546],[-56.1869,-22.3519],[-56.1898,-22.3515]]}},{"type":"Feature","properties":{"nome":"","tipo":"stream"},"geometry":{"type":"LineString","coordinates":[[-56.1933,-22.3489],[-56.1914,-22.3483]]}},{"type":"Feature","properties":{"nome":"","tipo":"stream"},"geometry":{"type":"LineString","coordinates":[[-56.1815,-22.3437],[-56.1844,-22.3424],[-56.1871,-22.338],[-56.189,-22.3369]]}},{"type":"Feature","properties":{"nome":"","tipo":"dam"},"geometry":{"type":"LineString","coordinates":[[-56.1872,-22.3395],[-56.1859,-22.3395]]}},{"type":"Feature","properties":{"nome":"","tipo":"stream"},"geometry":{"type":"LineString","coordinates":[[-56.1959,-22.3367],[-56.1937,-22.3355],[-56.1892,-22.3363]]}},{"type":"Feature","properties":{"nome":"","tipo":"stream"},"geometry":{"type":"LineString","coordinates":[[-56.1705,-22.2906],[-56.1715,-22.2901],[-56.1716,-22.2883],[-56.173,-22.2861]]}},{"type":"Feature","properties":{"nome":"","tipo":"stream"},"geometry":{"type":"LineString","coordinates":[[-56.2069,-22.3386],[-56.2055,-22.3379],[-56.2015,-22.3314],[-56.2008,-22.3295],[-56.201,-22.3279],[-56.2004,-22.3269],[-56.1999,-22.3242],[-56.1994,-22.3237],[-56.1997,-22.3233],[-56.1974,-22.3206],[-56.1958,-22.3199]]}},{"type":"Feature","properties":{"nome":"","tipo":"stream"},"geometry":{"type":"LineString","coordinates":[[-56.2047,-22.334],[-56.2028,-22.3337]]}},{"type":"Feature","properties":{"nome":"","tipo":"stream"},"geometry":{"type":"LineString","coordinates":[[-56.2029,-22.3362],[-56.2044,-22.3361]]}},{"type":"Feature","properties":{"nome":"","tipo":"stream"},"geometry":{"type":"LineString","coordinates":[[-56.198,-22.3266],[-56.1994,-22.3273],[-56.2004,-22.3269]]}},{"type":"Feature","properties":{"nome":"","tipo":"stream"},"geometry":{"type":"LineString","coordinates":[[-56.2024,-22.3273],[-56.2017,-22.3272],[-56.201,-22.3279]]}},{"type":"Feature","properties":{"nome":"","tipo":"stream"},"geometry":{"type":"LineString","coordinates":[[-56.1957,-22.3115],[-56.1937,-22.3109]]}},{"type":"Feature","properties":{"nome":"","tipo":"stream"},"geometry":{"type":"LineString","coordinates":[[-56.2176,-22.3227],[-56.2164,-22.3221],[-56.2075,-22.3222],[-56.2069,-22.3217],[-56.2034,-22.3231],[-56.1997,-22.3233]]}},{"type":"Feature","properties":{"nome":"","tipo":"stream"},"geometry":{"type":"LineString","coordinates":[[-56.2082,-22.3212],[-56.2081,-22.3221]]}},{"type":"Feature","properties":{"nome":"","tipo":"stream"},"geometry":{"type":"LineString","coordinates":[[-56.2082,-22.3226],[-56.2082,-22.3221]]}},{"type":"Feature","properties":{"nome":"","tipo":"stream"},"geometry":{"type":"LineString","coordinates":[[-56.2074,-22.323],[-56.2075,-22.3222]]}},{"type":"Feature","properties":{"nome":"","tipo":"stream"},"geometry":{"type":"LineString","coordinates":[[-56.2046,-22.322],[-56.204,-22.3229]]}},{"type":"Feature","properties":{"nome":"","tipo":"stream"},"geometry":{"type":"LineString","coordinates":[[-56.2032,-22.3242],[-56.2022,-22.3232]]}},{"type":"Feature","properties":{"nome":"","tipo":"stream"},"geometry":{"type":"LineString","coordinates":[[-56.1862,-22.3099],[-56.19,-22.3076],[-56.1919,-22.3053]]}},{"type":"Feature","properties":{"nome":"","tipo":"stream"},"geometry":{"type":"LineString","coordinates":[[-56.1984,-22.3059],[-56.1968,-22.306],[-56.195,-22.305],[-56.1922,-22.3055]]}},{"type":"Feature","properties":{"nome":"","tipo":"stream"},"geometry":{"type":"LineString","coordinates":[[-56.1849,-22.3017],[-56.187,-22.3007]]}},{"type":"Feature","properties":{"nome":"","tipo":"stream"},"geometry":{"type":"LineString","coordinates":[[-56.184,-22.3037],[-56.1868,-22.3008],[-56.1886,-22.2998]]}},{"type":"Feature","properties":{"nome":"","tipo":"stream"},"geometry":{"type":"LineString","coordinates":[[-56.1997,-22.2832],[-56.1993,-22.2824]]}},{"type":"Feature","properties":{"nome":"","tipo":"stream"},"geometry":{"type":"LineString","coordinates":[[-56.1977,-22.283],[-56.1982,-22.282],[-56.1992,-22.2814]]}},{"type":"Feature","properties":{"nome":"","tipo":"stream"},"geometry":{"type":"LineString","coordinates":[[-56.2247,-22.2727],[-56.2227,-22.2679],[-56.2211,-22.2672]]}},{"type":"Feature","properties":{"nome":"","tipo":"stream"},"geometry":{"type":"LineString","coordinates":[[-56.2541,-22.2418],[-56.2522,-22.2385]]}},{"type":"Feature","properties":{"nome":"","tipo":"stream"},"geometry":{"type":"LineString","coordinates":[[-56.3395,-22.2869],[-56.3419,-22.2885],[-56.3453,-22.2932],[-56.3486,-22.2938],[-56.3529,-22.2963],[-56.3577,-22.2958],[-56.3584,-22.2945],[-56.36,-22.2938],[-56.3614,-22.2924],[-56.3661,-22.291],[-56.3687,-22.289],[-56.373,-22.2884],[-56.3749,-22.2891]]}},{"type":"Feature","properties":{"nome":"","tipo":"stream"},"geometry":{"type":"LineString","coordinates":[[-56.3523,-22.3008],[-56.3569,-22.2961]]}},{"type":"Feature","properties":{"nome":"","tipo":"stream"},"geometry":{"type":"LineString","coordinates":[[-56.344,-22.2803],[-56.3478,-22.2796],[-56.3503,-22.2798],[-56.3549,-22.2834],[-56.3567,-22.2843],[-56.3595,-22.2834],[-56.3607,-22.2842],[-56.3645,-22.2852],[-56.3672,-22.2868],[-56.3685,-22.2891]]}},{"type":"Feature","properties":{"nome":"","tipo":"stream"},"geometry":{"type":"LineString","coordinates":[[-56.3454,-22.2854],[-56.348,-22.2842],[-56.3549,-22.2834]]}},{"type":"Feature","properties":{"nome":"","tipo":"stream"},"geometry":{"type":"LineString","coordinates":[[-56.3445,-22.2589],[-56.3461,-22.2589],[-56.3481,-22.2604],[-56.3518,-22.2618],[-56.3537,-22.263]]}},{"type":"Feature","properties":{"nome":"","tipo":"stream"},"geometry":{"type":"LineString","coordinates":[[-56.3429,-22.2667],[-56.3466,-22.2652],[-56.349,-22.2655]]}},{"type":"Feature","properties":{"nome":"","tipo":"stream"},"geometry":{"type":"LineString","coordinates":[[-56.3459,-22.2761],[-56.3458,-22.2733],[-56.3464,-22.2721],[-56.3464,-22.2705]]}},{"type":"Feature","properties":{"nome":"","tipo":"stream"},"geometry":{"type":"LineString","coordinates":[[-56.3375,-22.2758],[-56.3404,-22.2727],[-56.343,-22.2723],[-56.3464,-22.2705],[-56.3497,-22.2646],[-56.353,-22.2641],[-56.3542,-22.2626],[-56.3577,-22.2629],[-56.3615,-22.261],[-56.3631,-22.2614],[-56.3637,-22.2592],[-56.3655,-22.2578],[-56.3676,-22.2504],[-56.3707,-22.2502],[-56.3721,-22.2491],[-56.3743,-22.2487],[-56.378,-22.2494],[-56.381,-22.2531],[-56.3834,-22.2528],[-56.386,-22.2557],[-56.3883,-22.2558],[-56.389,-22.2582],[-56.3902,-22.2581],[-56.3914,-22.2593],[-56.3925,-22.2591],[-56.394,-22.2574],[-56.3955,-22.2564],[-56.3959,-22.2567],[-56.399,-22.2566],[-56.4,-22.2575],[-56.4016,-22.2569],[-56.4045,-22.2585],[-56.4097,-22.26],[-56.4122,-22.259]]}},{"type":"Feature","properties":{"nome":"","tipo":"stream"},"geometry":{"type":"LineString","coordinates":[[-56.3535,-22.2577],[-56.3564,-22.2578]]}},{"type":"Feature","properties":{"nome":"","tipo":"stream"},"geometry":{"type":"LineString","coordinates":[[-56.3435,-22.2445],[-56.3456,-22.2441],[-56.3487,-22.2447],[-56.3516,-22.2458],[-56.353,-22.2459],[-56.3551,-22.2475],[-56.3595,-22.2466],[-56.3622,-22.2472],[-56.3639,-22.2458],[-56.3672,-22.2457],[-56.3685,-22.2462],[-56.3705,-22.2483],[-56.372,-22.2491]]}},{"type":"Feature","properties":{"nome":"","tipo":"stream"},"geometry":{"type":"LineString","coordinates":[[-56.3502,-22.2395],[-56.3497,-22.2451]]}},{"type":"Feature","properties":{"nome":"","tipo":"stream"},"geometry":{"type":"LineString","coordinates":[[-56.3486,-22.256],[-56.3488,-22.2522],[-56.3536,-22.2497],[-56.355,-22.2474]]}},{"type":"Feature","properties":{"nome":"","tipo":"stream"},"geometry":{"type":"LineString","coordinates":[[-56.3448,-22.2514],[-56.3494,-22.2516]]}},{"type":"Feature","properties":{"nome":"","tipo":"stream"},"geometry":{"type":"LineString","coordinates":[[-56.3366,-22.2842],[-56.3323,-22.2882],[-56.3312,-22.2886],[-56.3303,-22.2922],[-56.3314,-22.2942],[-56.3309,-22.2952],[-56.3317,-22.2961],[-56.332,-22.2984],[-56.334,-22.2999],[-56.3356,-22.302],[-56.3354,-22.3054],[-56.3346,-22.3076],[-56.3352,-22.3102],[-56.3351,-22.3136],[-56.3369,-22.3164],[-56.3384,-22.3176],[-56.3388,-22.3198],[-56.3403,-22.3203],[-56.3473,-22.3259],[-56.3504,-22.3264],[-56.3534,-22.3291],[-56.3539,-22.3301],[-56.3538,-22.3328],[-56.3549,-22.3339],[-56.3561,-22.3364],[-56.357,-22.3369]]}},{"type":"Feature","properties":{"nome":"","tipo":"stream"},"geometry":{"type":"LineString","coordinates":[[-56.3262,-22.2993],[-56.3295,-22.2963],[-56.3297,-22.2952]]}},{"type":"Feature","properties":{"nome":"","tipo":"stream"},"geometry":{"type":"LineString","coordinates":[[-56.3174,-22.2996],[-56.3238,-22.2949]]}},{"type":"Feature","properties":{"nome":"","tipo":"stream"},"geometry":{"type":"LineString","coordinates":[[-56.3277,-22.2853],[-56.3297,-22.2864],[-56.3306,-22.2906]]}},{"type":"Feature","properties":{"nome":"","tipo":"stream"},"geometry":{"type":"LineString","coordinates":[[-56.3186,-22.2917],[-56.3209,-22.2937],[-56.3233,-22.2948],[-56.3274,-22.2953],[-56.3288,-22.295],[-56.331,-22.2956]]}},{"type":"Feature","properties":{"nome":"","tipo":"stream"},"geometry":{"type":"LineString","coordinates":[[-56.3272,-22.3084],[-56.3286,-22.3092],[-56.3352,-22.3103]]}},{"type":"Feature","properties":{"nome":"","tipo":"stream"},"geometry":{"type":"LineString","coordinates":[[-56.3184,-22.3084],[-56.3179,-22.3094]]}},{"type":"Feature","properties":{"nome":"","tipo":"stream"},"geometry":{"type":"LineString","coordinates":[[-56.3154,-22.3095],[-56.3177,-22.3092]]}},{"type":"Feature","properties":{"nome":"","tipo":"stream"},"geometry":{"type":"LineString","coordinates":[[-56.3166,-22.3082],[-56.3189,-22.3103],[-56.3233,-22.3129],[-56.3285,-22.313],[-56.3298,-22.3139],[-56.3306,-22.3151],[-56.3315,-22.3153],[-56.3356,-22.3144]]}},{"type":"Feature","properties":{"nome":"","tipo":"stream"},"geometry":{"type":"LineString","coordinates":[[-56.3177,-22.3182],[-56.323,-22.3127]]}},{"type":"Feature","properties":{"nome":"","tipo":"stream"},"geometry":{"type":"LineString","coordinates":[[-56.3238,-22.3197],[-56.3276,-22.3178],[-56.3283,-22.3166],[-56.3306,-22.3151]]}},{"type":"Feature","properties":{"nome":"","tipo":"stream"},"geometry":{"type":"LineString","coordinates":[[-56.3389,-22.3068],[-56.3378,-22.3089],[-56.3352,-22.31]]}},{"type":"Feature","properties":{"nome":"","tipo":"stream"},"geometry":{"type":"LineString","coordinates":[[-56.3299,-22.3282],[-56.3313,-22.3272]]}},{"type":"Feature","properties":{"nome":"","tipo":"stream"},"geometry":{"type":"LineString","coordinates":[[-56.3286,-22.3272],[-56.33,-22.3273]]}},{"type":"Feature","properties":{"nome":"","tipo":"stream"},"geometry":{"type":"LineString","coordinates":[[-56.3292,-22.3282],[-56.33,-22.3273],[-56.3314,-22.3272],[-56.3344,-22.3244],[-56.3389,-22.323],[-56.3416,-22.3216]]}},{"type":"Feature","properties":{"nome":"","tipo":"stream"},"geometry":{"type":"LineString","coordinates":[[-56.3421,-22.3154],[-56.3411,-22.3155]]}},{"type":"Feature","properties":{"nome":"","tipo":"stream"},"geometry":{"type":"LineString","coordinates":[[-56.342,-22.3138],[-56.3412,-22.3154],[-56.3385,-22.3179]]}},{"type":"Feature","properties":{"nome":"","tipo":"stream"},"geometry":{"type":"LineString","coordinates":[[-56.3344,-22.2981],[-56.334,-22.2999]]}},{"type":"Feature","properties":{"nome":"","tipo":"stream"},"geometry":{"type":"LineString","coordinates":[[-56.3387,-22.3053],[-56.3364,-22.3049],[-56.3354,-22.3055]]}},{"type":"Feature","properties":{"nome":"","tipo":"stream"},"geometry":{"type":"LineString","coordinates":[[-56.2144,-22.3695],[-56.216,-22.3679],[-56.2159,-22.3671]]}},{"type":"Feature","properties":{"nome":"","tipo":"dam"},"geometry":{"type":"LineString","coordinates":[[-56.2366,-22.3326],[-56.2381,-22.3335]]}},{"type":"Feature","properties":{"nome":"","tipo":"stream"},"geometry":{"type":"LineString","coordinates":[[-56.281,-22.3034],[-56.2811,-22.3024],[-56.2804,-22.3013],[-56.2802,-22.2999],[-56.2805,-22.2969],[-56.2796,-22.2942],[-56.28,-22.2923],[-56.2814,-22.2901],[-56.2835,-22.2891],[-56.287,-22.2845]]}},{"type":"Feature","properties":{"nome":"","tipo":"stream"},"geometry":{"type":"LineString","coordinates":[[-56.2476,-22.3936],[-56.2513,-22.3895],[-56.2537,-22.3886],[-56.2563,-22.3863],[-56.2584,-22.3833],[-56.2601,-22.3817],[-56.2607,-22.3801],[-56.2645,-22.3791],[-56.2688,-22.3763],[-56.2711,-22.3759],[-56.2729,-22.3745],[-56.2734,-22.3734],[-56.2751,-22.3729],[-56.2774,-22.37],[-56.2807,-22.3676],[-56.2818,-22.3658],[-56.2831,-22.3648],[-56.2837,-22.3632],[-56.2849,-22.3624],[-56.2866,-22.3604],[-56.2912,-22.3499],[-56.2914,-22.3468]]}},{"type":"Feature","properties":{"nome":"","tipo":"stream"},"geometry":{"type":"LineString","coordinates":[[-56.256,-22.3534],[-56.2585,-22.3508],[-56.2598,-22.3482],[-56.2632,-22.3459],[-56.265,-22.343],[-56.2665,-22.3421]]}},{"type":"Feature","properties":{"nome":"","tipo":"stream"},"geometry":{"type":"LineString","coordinates":[[-56.2701,-22.3801],[-56.2706,-22.3794],[-56.272,-22.3794],[-56.2721,-22.379]]}},{"type":"Feature","properties":{"nome":"","tipo":"stream"},"geometry":{"type":"LineString","coordinates":[[-56.2731,-22.3806],[-56.2723,-22.3803],[-56.2728,-22.3797],[-56.2721,-22.379],[-56.2714,-22.3757]]}},{"type":"Feature","properties":{"nome":"","tipo":"stream"},"geometry":{"type":"LineString","coordinates":[[-56.2739,-22.3804],[-56.2721,-22.3783]]}},{"type":"Feature","properties":{"nome":"","tipo":"stream"},"geometry":{"type":"LineString","coordinates":[[-56.2741,-22.3792],[-56.2732,-22.3788],[-56.272,-22.3775]]}},{"type":"Feature","properties":{"nome":"","tipo":"stream"},"geometry":{"type":"LineString","coordinates":[[-56.2736,-22.3768],[-56.2727,-22.3746]]}},{"type":"Feature","properties":{"nome":"","tipo":"stream"},"geometry":{"type":"LineString","coordinates":[[-56.2651,-22.3746],[-56.2662,-22.3743],[-56.2672,-22.3732],[-56.268,-22.3732]]}},{"type":"Feature","properties":{"nome":"","tipo":"stream"},"geometry":{"type":"LineString","coordinates":[[-56.2673,-22.3704],[-56.2682,-22.3736],[-56.2708,-22.376]]}},{"type":"Feature","properties":{"nome":"","tipo":"stream"},"geometry":{"type":"LineString","coordinates":[[-56.2898,-22.3616],[-56.2873,-22.359]]}},{"type":"Feature","properties":{"nome":"","tipo":"stream"},"geometry":{"type":"LineString","coordinates":[[-56.2985,-22.3494],[-56.3006,-22.3475],[-56.3,-22.3437]]}},{"type":"Feature","properties":{"nome":"","tipo":"stream"},"geometry":{"type":"LineString","coordinates":[[-56.2936,-22.3417],[-56.2943,-22.3427],[-56.294,-22.3445],[-56.2946,-22.3451]]}},{"type":"Feature","properties":{"nome":"","tipo":"stream"},"geometry":{"type":"LineString","coordinates":[[-56.2874,-22.3414],[-56.2879,-22.3457]]}},{"type":"Feature","properties":{"nome":"","tipo":"stream"},"geometry":{"type":"LineString","coordinates":[[-56.2818,-22.342],[-56.2815,-22.3447]]}},{"type":"Feature","properties":{"nome":"","tipo":"stream"},"geometry":{"type":"LineString","coordinates":[[-56.2694,-22.3445],[-56.2702,-22.3431]]}},{"type":"Feature","properties":{"nome":"","tipo":"stream"},"geometry":{"type":"LineString","coordinates":[[-56.2953,-22.3503],[-56.2934,-22.3486],[-56.2912,-22.3483]]}},{"type":"Feature","properties":{"nome":"","tipo":"stream"},"geometry":{"type":"LineString","coordinates":[[-56.3206,-22.3267],[-56.3198,-22.3279],[-56.3196,-22.3294],[-56.3163,-22.3319],[-56.3159,-22.3329],[-56.3163,-22.3338],[-56.3152,-22.335],[-56.3124,-22.3404],[-56.3121,-22.343]]}},{"type":"Feature","properties":{"nome":"","tipo":"stream"},"geometry":{"type":"LineString","coordinates":[[-56.3092,-22.3228],[-56.3062,-22.3234],[-56.3048,-22.3242]]}},{"type":"Feature","properties":{"nome":"","tipo":"stream"},"geometry":{"type":"LineString","coordinates":[[-56.3073,-22.3162],[-56.3063,-22.3174],[-56.3052,-22.3206],[-56.3053,-22.3235]]}},{"type":"Feature","properties":{"nome":"","tipo":"stream"},"geometry":{"type":"LineString","coordinates":[[-56.3066,-22.3213],[-56.3059,-22.3233],[-56.3045,-22.3244],[-56.3042,-22.3253],[-56.303,-22.3258],[-56.3062,-22.3306],[-56.3065,-22.3339],[-56.3077,-22.3356],[-56.3077,-22.3368],[-56.3089,-22.3394],[-56.3087,-22.3412]]}},{"type":"Feature","properties":{"nome":"","tipo":"stream"},"geometry":{"type":"LineString","coordinates":[[-56.3009,-22.3123],[-56.3,-22.3134],[-56.3001,-22.3162],[-56.2995,-22.32],[-56.3009,-22.3237],[-56.3036,-22.3254]]}},{"type":"Feature","properties":{"nome":"","tipo":"stream"},"geometry":{"type":"LineString","coordinates":[[-56.2934,-22.3175],[-56.2995,-22.3201]]}},{"type":"Feature","properties":{"nome":"","tipo":"stream"},"geometry":{"type":"LineString","coordinates":[[-56.2975,-22.317],[-56.2973,-22.319]]}},{"type":"Feature","properties":{"nome":"","tipo":"stream"},"geometry":{"type":"LineString","coordinates":[[-56.299,-22.3156],[-56.2996,-22.3158],[-56.2999,-22.3169]]}},{"type":"Feature","properties":{"nome":"","tipo":"stream"},"geometry":{"type":"LineString","coordinates":[[-56.3014,-22.3143],[-56.3001,-22.3158]]}},{"type":"Feature","properties":{"nome":"","tipo":"stream"},"geometry":{"type":"LineString","coordinates":[[-56.3075,-22.3212],[-56.3076,-22.3224],[-56.3067,-22.3234]]}},{"type":"Feature","properties":{"nome":"","tipo":"stream"},"geometry":{"type":"LineString","coordinates":[[-56.3032,-22.331],[-56.3058,-22.33]]}},{"type":"Feature","properties":{"nome":"","tipo":"stream"},"geometry":{"type":"LineString","coordinates":[[-56.2985,-22.3246],[-56.2994,-22.3233],[-56.3008,-22.3234]]}},{"type":"Feature","properties":{"nome":"","tipo":"stream"},"geometry":{"type":"LineString","coordinates":[[-56.3238,-22.3389],[-56.3212,-22.3401]]}},{"type":"Feature","properties":{"nome":"","tipo":"stream"},"geometry":{"type":"LineString","coordinates":[[-56.3233,-22.3355],[-56.3221,-22.3361],[-56.3213,-22.3371],[-56.321,-22.3411],[-56.3192,-22.3444],[-56.3199,-22.3463]]}},{"type":"Feature","properties":{"nome":"","tipo":"stream"},"geometry":{"type":"LineString","coordinates":[[-56.3265,-22.3432],[-56.3258,-22.346],[-56.3247,-22.3468],[-56.3246,-22.3481]]}},{"type":"Feature","properties":{"nome":"","tipo":"stream"},"geometry":{"type":"LineString","coordinates":[[-56.3099,-22.3625],[-56.3121,-22.3613],[-56.3142,-22.3586],[-56.3156,-22.3581],[-56.3173,-22.3562],[-56.3179,-22.3561],[-56.3187,-22.3541],[-56.3196,-22.3539],[-56.3226,-22.3495],[-56.3236,-22.349],[-56.324,-22.3479]]}},{"type":"Feature","properties":{"nome":"","tipo":"stream"},"geometry":{"type":"LineString","coordinates":[[-56.3143,-22.3601],[-56.3172,-22.3588],[-56.3179,-22.3562]]}},{"type":"Feature","properties":{"nome":"","tipo":"stream"},"geometry":{"type":"LineString","coordinates":[[-56.3141,-22.352],[-56.3157,-22.3501],[-56.3169,-22.3458]]}},{"type":"Feature","properties":{"nome":"","tipo":"stream"},"geometry":{"type":"LineString","coordinates":[[-56.3119,-22.3495],[-56.313,-22.3462],[-56.3137,-22.3451],[-56.3146,-22.3447]]}},{"type":"Feature","properties":{"nome":"","tipo":"stream"},"geometry":{"type":"LineString","coordinates":[[-56.3209,-22.3614],[-56.3214,-22.3597],[-56.3237,-22.3579],[-56.3259,-22.353],[-56.3262,-22.3503],[-56.3274,-22.3496]]}},{"type":"Feature","properties":{"nome":"","tipo":"stream"},"geometry":{"type":"LineString","coordinates":[[-56.3473,-22.3603],[-56.3474,-22.3586],[-56.3464,-22.3575],[-56.3468,-22.3527],[-56.3461,-22.3519],[-56.346,-22.3507],[-56.3467,-22.3493],[-56.3466,-22.348],[-56.348,-22.3465]]}},{"type":"Feature","properties":{"nome":"","tipo":"stream"},"geometry":{"type":"LineString","coordinates":[[-56.3323,-22.3541],[-56.3343,-22.3494]]}},{"type":"Feature","properties":{"nome":"","tipo":"stream"},"geometry":{"type":"LineString","coordinates":[[-56.3433,-22.3412],[-56.345,-22.346]]}},{"type":"Feature","properties":{"nome":"","tipo":"stream"},"geometry":{"type":"LineString","coordinates":[[-56.3507,-22.3415],[-56.3524,-22.3447]]}},{"type":"Feature","properties":{"nome":"","tipo":"stream"},"geometry":{"type":"LineString","coordinates":[[-56.3472,-22.341],[-56.3472,-22.3432],[-56.3487,-22.3454],[-56.3496,-22.3458]]}},{"type":"Feature","properties":{"nome":"","tipo":"stream"},"geometry":{"type":"LineString","coordinates":[[-56.2843,-22.4368],[-56.2859,-22.4376],[-56.2877,-22.4376],[-56.2891,-22.4367],[-56.2898,-22.4367],[-56.2955,-22.4313],[-56.2998,-22.4226],[-56.3,-22.42],[-56.3011,-22.4171],[-56.3035,-22.4135],[-56.3037,-22.4089],[-56.3048,-22.4064],[-56.3116,-22.3979],[-56.3192,-22.3929],[-56.3208,-22.3925],[-56.3216,-22.3909],[-56.3252,-22.3881],[-56.3261,-22.3865],[-56.3269,-22.3863],[-56.3277,-22.3853],[-56.3292,-22.3823],[-56.329,-22.3812],[-56.3312,-22.3772],[-56.3308,-22.3766],[-56.3311,-22.3755],[-56.3307,-22.3739],[-56.3321,-22.3731],[-56.3321,-22.3703],[-56.3366,-22.3647],[-56.3394,-22.3631],[-56.3408,-22.3612],[-56.3393,-22.3576],[-56.3408,-22.3558],[-56.34,-22.355],[-56.342,-22.3519],[-56.3422,-22.3495],[-56.3435,-22.3478],[-56.3435,-22.3471]]}},{"type":"Feature","properties":{"nome":"","tipo":"stream"},"geometry":{"type":"LineString","coordinates":[[-56.2936,-22.4258],[-56.2956,-22.4273],[-56.2972,-22.4279]]}},{"type":"Feature","properties":{"nome":"","tipo":"stream"},"geometry":{"type":"LineString","coordinates":[[-56.2917,-22.4208],[-56.2966,-22.4216],[-56.3,-22.4211]]}},{"type":"Feature","properties":{"nome":"","tipo":"stream"},"geometry":{"type":"LineString","coordinates":[[-56.3201,-22.3927],[-56.3216,-22.3909]]}},{"type":"Feature","properties":{"nome":"","tipo":"stream"},"geometry":{"type":"LineString","coordinates":[[-56.2763,-22.4082],[-56.2844,-22.4065],[-56.2891,-22.4061],[-56.2954,-22.4062],[-56.3041,-22.4076]]}},{"type":"Feature","properties":{"nome":"","tipo":"stream"},"geometry":{"type":"LineString","coordinates":[[-56.336,-22.4021],[-56.3368,-22.401],[-56.3378,-22.3967]]}},{"type":"Feature","properties":{"nome":"","tipo":"stream"},"geometry":{"type":"LineString","coordinates":[[-56.3335,-22.3981],[-56.3364,-22.3953]]}},{"type":"Feature","properties":{"nome":"","tipo":"stream"},"geometry":{"type":"LineString","coordinates":[[-56.3414,-22.3959],[-56.3393,-22.3975]]}},{"type":"Feature","properties":{"nome":"","tipo":"stream"},"geometry":{"type":"LineString","coordinates":[[-56.3437,-22.3983],[-56.3423,-22.3988]]}},{"type":"Feature","properties":{"nome":"","tipo":"stream"},"geometry":{"type":"LineString","coordinates":[[-56.3434,-22.397],[-56.341,-22.3981]]}},{"type":"Feature","properties":{"nome":"","tipo":"stream"},"geometry":{"type":"LineString","coordinates":[[-56.3394,-22.4011],[-56.3372,-22.3994]]}},{"type":"Feature","properties":{"nome":"","tipo":"stream"},"geometry":{"type":"LineString","coordinates":[[-56.3395,-22.3935],[-56.3356,-22.3943]]}},{"type":"Feature","properties":{"nome":"","tipo":"stream"},"geometry":{"type":"LineString","coordinates":[[-56.3325,-22.3948],[-56.3335,-22.3935],[-56.3353,-22.3927]]}},{"type":"Feature","properties":{"nome":"","tipo":"stream"},"geometry":{"type":"LineString","coordinates":[[-56.3415,-22.393],[-56.3413,-22.3905]]}},{"type":"Feature","properties":{"nome":"","tipo":"stream"},"geometry":{"type":"LineString","coordinates":[[-56.3403,-22.3925],[-56.3397,-22.3898]]}},{"type":"Feature","properties":{"nome":"","tipo":"stream"},"geometry":{"type":"LineString","coordinates":[[-56.3444,-22.3902],[-56.3416,-22.3907]]}},{"type":"Feature","properties":{"nome":"","tipo":"stream"},"geometry":{"type":"LineString","coordinates":[[-56.3445,-22.3928],[-56.3401,-22.3899],[-56.3339,-22.3879]]}},{"type":"Feature","properties":{"nome":"","tipo":"stream"},"geometry":{"type":"LineString","coordinates":[[-56.3453,-22.4035],[-56.3423,-22.3988],[-56.3378,-22.3967],[-56.3355,-22.3941],[-56.3341,-22.3897],[-56.3336,-22.3854],[-56.3329,-22.3839],[-56.3316,-22.3828],[-56.3315,-22.3808],[-56.3303,-22.3794]]}},{"type":"Feature","properties":{"nome":"","tipo":"stream"},"geometry":{"type":"LineString","coordinates":[[-56.3406,-22.3867],[-56.34,-22.3835]]}},{"type":"Feature","properties":{"nome":"","tipo":"stream"},"geometry":{"type":"LineString","coordinates":[[-56.3443,-22.3845],[-56.3424,-22.3848]]}},{"type":"Feature","properties":{"nome":"","tipo":"stream"},"geometry":{"type":"LineString","coordinates":[[-56.345,-22.3892],[-56.3445,-22.3878],[-56.3431,-22.3865],[-56.3419,-22.3843],[-56.3396,-22.3834],[-56.3367,-22.3814],[-56.3337,-22.3805],[-56.3325,-22.381],[-56.3315,-22.3808]]}},{"type":"Feature","properties":{"nome":"","tipo":"stream"},"geometry":{"type":"LineString","coordinates":[[-56.3245,-22.4083],[-56.3261,-22.4055]]}},{"type":"Feature","properties":{"nome":"","tipo":"stream"},"geometry":{"type":"LineString","coordinates":[[-56.3321,-22.412],[-56.3291,-22.4096],[-56.3284,-22.4081],[-56.3261,-22.4055],[-56.3247,-22.4008],[-56.3238,-22.3999],[-56.3248,-22.399],[-56.3247,-22.3962],[-56.3226,-22.39]]}},{"type":"Feature","properties":{"nome":"","tipo":"stream"},"geometry":{"type":"LineString","coordinates":[[-56.3002,-22.3935],[-56.3017,-22.3947],[-56.3024,-22.3943],[-56.3037,-22.3957],[-56.3087,-22.3986],[-56.3098,-22.4001]]}},{"type":"Feature","properties":{"nome":"","tipo":"stream"},"geometry":{"type":"LineString","coordinates":[[-56.3028,-22.4027],[-56.3041,-22.4043],[-56.306,-22.4048]]}},{"type":"Feature","properties":{"nome":"","tipo":"stream"},"geometry":{"type":"LineString","coordinates":[[-56.3077,-22.3904],[-56.3122,-22.3948],[-56.3133,-22.3969]]}},{"type":"Feature","properties":{"nome":"","tipo":"stream"},"geometry":{"type":"LineString","coordinates":[[-56.3177,-22.3893],[-56.3196,-22.3928]]}},{"type":"Feature","properties":{"nome":"","tipo":"stream"},"geometry":{"type":"LineString","coordinates":[[-56.323,-22.3826],[-56.3273,-22.3856]]}},{"type":"Feature","properties":{"nome":"","tipo":"stream"},"geometry":{"type":"LineString","coordinates":[[-56.3249,-22.381],[-56.329,-22.3813]]}},{"type":"Feature","properties":{"nome":"","tipo":"stream"},"geometry":{"type":"LineString","coordinates":[[-56.3227,-22.3779],[-56.321,-22.3759]]}},{"type":"Feature","properties":{"nome":"","tipo":"stream"},"geometry":{"type":"LineString","coordinates":[[-56.3154,-22.3777],[-56.3187,-22.376],[-56.3217,-22.3756],[-56.3227,-22.3745]]}},{"type":"Feature","properties":{"nome":"","tipo":"stream"},"geometry":{"type":"LineString","coordinates":[[-56.3129,-22.3719],[-56.3171,-22.3722],[-56.3227,-22.3745],[-56.3284,-22.3745],[-56.3294,-22.375],[-56.3307,-22.3748]]}},{"type":"Feature","properties":{"nome":"","tipo":"stream"},"geometry":{"type":"LineString","coordinates":[[-56.3249,-22.3695],[-56.3273,-22.3697],[-56.3302,-22.372],[-56.331,-22.3718],[-56.3322,-22.3705]]}},{"type":"Feature","properties":{"nome":"","tipo":"stream"},"geometry":{"type":"LineString","coordinates":[[-56.3246,-22.3668],[-56.3292,-22.3655],[-56.3335,-22.3664],[-56.3345,-22.367]]}},{"type":"Feature","properties":{"nome":"","tipo":"stream"},"geometry":{"type":"LineString","coordinates":[[-56.3265,-22.3628],[-56.3299,-22.3646],[-56.3309,-22.3661]]}},{"type":"Feature","properties":{"nome":"","tipo":"stream"},"geometry":{"type":"LineString","coordinates":[[-56.3476,-22.373],[-56.3468,-22.3716],[-56.3452,-22.3702],[-56.3448,-22.3666],[-56.3441,-22.3652],[-56.3417,-22.3637],[-56.3394,-22.3631]]}},{"type":"Feature","properties":{"nome":"","tipo":"stream"},"geometry":{"type":"LineString","coordinates":[[-56.3355,-22.3632],[-56.3368,-22.3642],[-56.3375,-22.3641]]}},{"type":"Feature","properties":{"nome":"","tipo":"stream"},"geometry":{"type":"LineString","coordinates":[[-56.3362,-22.3606],[-56.3379,-22.3607],[-56.3401,-22.3599]]}},{"type":"Feature","properties":{"nome":"","tipo":"stream"},"geometry":{"type":"LineString","coordinates":[[-56.3363,-22.3589],[-56.3395,-22.3583]]}},{"type":"Feature","properties":{"nome":"","tipo":"stream"},"geometry":{"type":"LineString","coordinates":[[-56.3374,-22.3575],[-56.3393,-22.3577]]}},{"type":"Feature","properties":{"nome":"","tipo":"stream"},"geometry":{"type":"LineString","coordinates":[[-56.3438,-22.3539],[-56.3421,-22.354],[-56.3408,-22.3536]]}},{"type":"Feature","properties":{"nome":"","tipo":"stream"},"geometry":{"type":"LineString","coordinates":[[-56.3511,-22.3677],[-56.3494,-22.368],[-56.3472,-22.3664],[-56.3445,-22.3659]]}},{"type":"Feature","properties":{"nome":"","tipo":"stream"},"geometry":{"type":"LineString","coordinates":[[-56.3323,-22.3393],[-56.3344,-22.3444],[-56.3363,-22.3477],[-56.3371,-22.3481]]}},{"type":"Feature","properties":{"nome":"","tipo":"stream"},"geometry":{"type":"LineString","coordinates":[[-56.3532,-22.3893],[-56.3543,-22.3875],[-56.3549,-22.3834],[-56.3574,-22.3799],[-56.3578,-22.3785],[-56.358,-22.3729],[-56.3592,-22.3712],[-56.3604,-22.3676],[-56.3635,-22.3629],[-56.362,-22.3601],[-56.3586,-22.3584],[-56.3574,-22.3557],[-56.3569,-22.3534],[-56.3582,-22.3522],[-56.3583,-22.3511],[-56.3595,-22.35],[-56.3609,-22.3466],[-56.3592,-22.3433],[-56.3581,-22.3426]]}},{"type":"Feature","properties":{"nome":"","tipo":"stream"},"geometry":{"type":"LineString","coordinates":[[-56.3489,-22.374],[-56.353,-22.3741],[-56.3552,-22.375],[-56.3577,-22.3736]]}},{"type":"Feature","properties":{"nome":"","tipo":"stream"},"geometry":{"type":"LineString","coordinates":[[-56.3469,-22.3743],[-56.3476,-22.3752],[-56.3477,-22.377],[-56.3504,-22.3795],[-56.3526,-22.3799],[-56.3533,-22.3805],[-56.3573,-22.3801]]}},{"type":"Feature","properties":{"nome":"","tipo":"stream"},"geometry":{"type":"LineString","coordinates":[[-56.3492,-22.3373],[-56.3508,-22.3365],[-56.3554,-22.3372],[-56.3566,-22.3368]]}},{"type":"Feature","properties":{"nome":"","tipo":"stream"},"geometry":{"type":"LineString","coordinates":[[-56.3565,-22.3253],[-56.3528,-22.3286]]}},{"type":"Feature","properties":{"nome":"","tipo":"stream"},"geometry":{"type":"LineString","coordinates":[[-56.3528,-22.3243],[-56.3527,-22.3255],[-56.3514,-22.3273]]}},{"type":"Feature","properties":{"nome":"","tipo":"stream"},"geometry":{"type":"LineString","coordinates":[[-56.3509,-22.3248],[-56.3504,-22.3264]]}},{"type":"Feature","properties":{"nome":"","tipo":"stream"},"geometry":{"type":"LineString","coordinates":[[-56.347,-22.3185],[-56.3484,-22.3197]]}},{"type":"Feature","properties":{"nome":"","tipo":"stream"},"geometry":{"type":"LineString","coordinates":[[-56.3476,-22.3166],[-56.3484,-22.3199],[-56.3482,-22.3234],[-56.3468,-22.3256]]}},{"type":"Feature","properties":{"nome":"","tipo":"stream"},"geometry":{"type":"LineString","coordinates":[[-56.0768,-22.329],[-56.0758,-22.3277]]}},{"type":"Feature","properties":{"nome":"","tipo":"stream"},"geometry":{"type":"LineString","coordinates":[[-56.0744,-22.3925],[-56.0755,-22.3914],[-56.0769,-22.3878],[-56.076,-22.385],[-56.0764,-22.3843],[-56.0756,-22.3792],[-56.0756,-22.3762],[-56.0754,-22.3754],[-56.0735,-22.3748]]}},{"type":"Feature","properties":{"nome":"","tipo":"stream"},"geometry":{"type":"LineString","coordinates":[[-56.0765,-22.3817],[-56.0766,-22.38],[-56.0757,-22.3768]]}},{"type":"Feature","properties":{"nome":"","tipo":"stream"},"geometry":{"type":"LineString","coordinates":[[-56.0663,-22.3771],[-56.0692,-22.3755],[-56.0707,-22.3757],[-56.0716,-22.375],[-56.0735,-22.3748],[-56.074,-22.3737],[-56.0769,-22.371],[-56.0779,-22.3684]]}},{"type":"Feature","properties":{"nome":"","tipo":"stream"},"geometry":{"type":"LineString","coordinates":[[-56.0732,-22.3832],[-56.0733,-22.3788],[-56.0741,-22.3771],[-56.0738,-22.3759],[-56.0749,-22.3753]]}},{"type":"Feature","properties":{"nome":"","tipo":"stream"},"geometry":{"type":"LineString","coordinates":[[-56.0779,-22.3811],[-56.0767,-22.3823],[-56.0769,-22.3834],[-56.0764,-22.3843]]}},{"type":"Feature","properties":{"nome":"Córrego São João Mirim","tipo":"stream"},"geometry":{"type":"LineString","coordinates":[[-55.7223,-22.5141],[-55.7222,-22.514]]}},{"type":"Feature","properties":{"nome":"Córrego São João Mirim","tipo":"stream"},"geometry":{"type":"LineString","coordinates":[[-55.7233,-22.5146],[-55.7223,-22.5141]]}},{"type":"Feature","properties":{"nome":"Córrego São João Mirim","tipo":"stream"},"geometry":{"type":"LineString","coordinates":[[-55.7248,-22.515],[-55.7247,-22.515]]}},{"type":"Feature","properties":{"nome":"","tipo":"stream"},"geometry":{"type":"LineString","coordinates":[[-56.084,-22.3984],[-56.0842,-22.3968],[-56.0827,-22.3959],[-56.0827,-22.3946],[-56.0834,-22.3935],[-56.0838,-22.3904],[-56.0861,-22.3883]]}},{"type":"Feature","properties":{"nome":"","tipo":"stream"},"geometry":{"type":"LineString","coordinates":[[-56.0802,-22.3959],[-56.0826,-22.3949]]}},{"type":"Feature","properties":{"nome":"","tipo":"stream"},"geometry":{"type":"LineString","coordinates":[[-56.0676,-22.3912],[-56.0668,-22.3893],[-56.0646,-22.3882],[-56.0621,-22.388],[-56.0605,-22.3864]]}},{"type":"Feature","properties":{"nome":"","tipo":"stream"},"geometry":{"type":"LineString","coordinates":[[-56.0676,-22.3824],[-56.0702,-22.3819],[-56.0707,-22.3812],[-56.0706,-22.3803],[-56.0717,-22.3788],[-56.0735,-22.3783]]}},{"type":"Feature","properties":{"nome":"","tipo":"stream"},"geometry":{"type":"LineString","coordinates":[[-56.0671,-22.3789],[-56.068,-22.3788],[-56.0685,-22.3779],[-56.0698,-22.3778],[-56.0705,-22.3757]]}},{"type":"Feature","properties":{"nome":"","tipo":"stream"},"geometry":{"type":"LineString","coordinates":[[-55.9718,-22.4063],[-55.9726,-22.407],[-55.9738,-22.4069],[-55.9779,-22.4081]]}},{"type":"Feature","properties":{"nome":"","tipo":"stream"},"geometry":{"type":"LineString","coordinates":[[-56.3451,-22.491],[-56.3478,-22.4912],[-56.349,-22.4908],[-56.3514,-22.4917]]}},{"type":"Feature","properties":{"nome":"","tipo":"stream"},"geometry":{"type":"LineString","coordinates":[[-56.3442,-22.5074],[-56.3454,-22.5026],[-56.3464,-22.5014],[-56.3478,-22.4976],[-56.3505,-22.495],[-56.3504,-22.494],[-56.3515,-22.4927],[-56.3514,-22.4917],[-56.3526,-22.4907],[-56.3545,-22.49],[-56.354,-22.4872]]}},{"type":"Feature","properties":{"nome":"","tipo":"stream"},"geometry":{"type":"LineString","coordinates":[[-56.3508,-22.498],[-56.3498,-22.4959]]}},{"type":"Feature","properties":{"nome":"","tipo":"stream"},"geometry":{"type":"LineString","coordinates":[[-56.3415,-22.4974],[-56.3443,-22.4989],[-56.3472,-22.4989]]}},{"type":"Feature","properties":{"nome":"","tipo":"stream"},"geometry":{"type":"LineString","coordinates":[[-56.3405,-22.5018],[-56.3456,-22.5022]]}},{"type":"Feature","properties":{"nome":"","tipo":"stream"},"geometry":{"type":"LineString","coordinates":[[-56.3447,-22.501],[-56.3468,-22.5001]]}},{"type":"Feature","properties":{"nome":"","tipo":"stream"},"geometry":{"type":"LineString","coordinates":[[-56.0243,-22.4389],[-56.0214,-22.4404]]}},{"type":"Feature","properties":{"nome":"","tipo":"stream"},"geometry":{"type":"LineString","coordinates":[[-56.0258,-22.4421],[-56.0232,-22.4429]]}},{"type":"Feature","properties":{"nome":"","tipo":"stream"},"geometry":{"type":"LineString","coordinates":[[-56.0039,-22.4607],[-56.0075,-22.4624],[-56.009,-22.4636],[-56.0131,-22.4639],[-56.0162,-22.4631],[-56.0222,-22.4648]]}},{"type":"Feature","properties":{"nome":"","tipo":"stream"},"geometry":{"type":"LineString","coordinates":[[-56.0049,-22.4537],[-56.0081,-22.4545],[-56.0116,-22.453],[-56.013,-22.453],[-56.0151,-22.4547],[-56.0186,-22.4564],[-56.0204,-22.4585]]}},{"type":"Feature","properties":{"nome":"","tipo":"stream"},"geometry":{"type":"LineString","coordinates":[[-56.0067,-22.4573],[-56.009,-22.4543]]}},{"type":"Feature","properties":{"nome":"","tipo":"stream"},"geometry":{"type":"LineString","coordinates":[[-56.0109,-22.4602],[-56.012,-22.4598],[-56.0135,-22.4602],[-56.016,-22.4631]]}},{"type":"Feature","properties":{"nome":"","tipo":"stream"},"geometry":{"type":"LineString","coordinates":[[-56.0121,-22.468],[-56.0148,-22.4688],[-56.0159,-22.4698],[-56.0169,-22.4699],[-56.0202,-22.4688],[-56.0228,-22.47]]}},{"type":"Feature","properties":{"nome":"","tipo":"stream"},"geometry":{"type":"LineString","coordinates":[[-56.0174,-22.471],[-56.0218,-22.4695]]}},{"type":"Feature","properties":{"nome":"","tipo":"stream"},"geometry":{"type":"LineString","coordinates":[[-56.0494,-22.4342],[-56.0468,-22.4334],[-56.0457,-22.4326],[-56.0454,-22.4302],[-56.0444,-22.4284]]}},{"type":"Feature","properties":{"nome":"","tipo":"stream"},"geometry":{"type":"LineString","coordinates":[[-56.0484,-22.4314],[-56.0454,-22.4302]]}},{"type":"Feature","properties":{"nome":"","tipo":"stream"},"geometry":{"type":"LineString","coordinates":[[-56.0414,-22.4275],[-56.0398,-22.4268]]}},{"type":"Feature","properties":{"nome":"","tipo":"stream"},"geometry":{"type":"LineString","coordinates":[[-56.0718,-22.4505],[-56.0697,-22.4497],[-56.0673,-22.4495]]}},{"type":"Feature","properties":{"nome":"","tipo":"stream"},"geometry":{"type":"LineString","coordinates":[[-56.075,-22.4447],[-56.0732,-22.4432]]}},{"type":"Feature","properties":{"nome":"","tipo":"stream"},"geometry":{"type":"LineString","coordinates":[[-56.0769,-22.4425],[-56.0741,-22.4429]]}},{"type":"Feature","properties":{"nome":"","tipo":"stream"},"geometry":{"type":"LineString","coordinates":[[-56.0689,-22.4399],[-56.0695,-22.444]]}},{"type":"Feature","properties":{"nome":"","tipo":"stream"},"geometry":{"type":"LineString","coordinates":[[-56.0738,-22.4416],[-56.0743,-22.4428]]}},{"type":"Feature","properties":{"nome":"","tipo":"stream"},"geometry":{"type":"LineString","coordinates":[[-56.067,-22.4426],[-56.0682,-22.4454]]}},{"type":"Feature","properties":{"nome":"","tipo":"stream"},"geometry":{"type":"LineString","coordinates":[[-56.0614,-22.4451],[-56.0677,-22.4464]]}},{"type":"Feature","properties":{"nome":"","tipo":"stream"},"geometry":{"type":"LineString","coordinates":[[-56.0644,-22.4444],[-56.0666,-22.446]]}},{"type":"Feature","properties":{"nome":"","tipo":"stream"},"geometry":{"type":"LineString","coordinates":[[-56.0661,-22.4437],[-56.0679,-22.4449]]}},{"type":"Feature","properties":{"nome":"","tipo":"stream"},"geometry":{"type":"LineString","coordinates":[[-56.0694,-22.4482],[-56.0686,-22.4476]]}},{"type":"Feature","properties":{"nome":"","tipo":"stream"},"geometry":{"type":"LineString","coordinates":[[-56.0713,-22.4476],[-56.0686,-22.4476],[-56.068,-22.4472]]}},{"type":"Feature","properties":{"nome":"","tipo":"stream"},"geometry":{"type":"LineString","coordinates":[[-56.0424,-22.4575],[-56.0413,-22.4587]]}},{"type":"Feature","properties":{"nome":"","tipo":"stream"},"geometry":{"type":"LineString","coordinates":[[-56.0723,-22.4559],[-56.0687,-22.4541],[-56.0675,-22.453],[-56.0662,-22.4526],[-56.0651,-22.451]]}},{"type":"Feature","properties":{"nome":"","tipo":"stream"},"geometry":{"type":"LineString","coordinates":[[-56.0716,-22.4605],[-56.0664,-22.4568],[-56.065,-22.4553],[-56.0635,-22.4548],[-56.0622,-22.4532],[-56.0612,-22.4533]]}},{"type":"Feature","properties":{"nome":"","tipo":"stream"},"geometry":{"type":"LineString","coordinates":[[-56.0629,-22.4547],[-56.0612,-22.4538]]}},{"type":"Feature","properties":{"nome":"","tipo":"stream"},"geometry":{"type":"LineString","coordinates":[[-56.0566,-22.4461],[-56.06,-22.4486],[-56.0615,-22.4485],[-56.0613,-22.4493],[-56.062,-22.4501],[-56.0624,-22.4516]]}},{"type":"Feature","properties":{"nome":"","tipo":"stream"},"geometry":{"type":"LineString","coordinates":[[-56.0582,-22.452],[-56.0584,-22.4533],[-56.0577,-22.4539]]}},{"type":"Feature","properties":{"nome":"","tipo":"stream"},"geometry":{"type":"LineString","coordinates":[[-56.0561,-22.4573],[-56.0543,-22.4564]]}},{"type":"Feature","properties":{"nome":"","tipo":"stream"},"geometry":{"type":"LineString","coordinates":[[-56.0666,-22.4655],[-56.0653,-22.4643],[-56.0635,-22.4635],[-56.0626,-22.4623],[-56.0574,-22.4603],[-56.0562,-22.4591],[-56.053,-22.4585]]}},{"type":"Feature","properties":{"nome":"","tipo":"stream"},"geometry":{"type":"LineString","coordinates":[[-56.054,-22.4639],[-56.0527,-22.463],[-56.0519,-22.459]]}},{"type":"Feature","properties":{"nome":"","tipo":"stream"},"geometry":{"type":"LineString","coordinates":[[-56.058,-22.4635],[-56.0537,-22.4614],[-56.0524,-22.4614]]}},{"type":"Feature","properties":{"nome":"","tipo":"stream"},"geometry":{"type":"LineString","coordinates":[[-56.0544,-22.4319],[-56.0525,-22.4332],[-56.0513,-22.4367],[-56.0519,-22.4394],[-56.0526,-22.4399],[-56.0542,-22.4424],[-56.0539,-22.4441],[-56.0543,-22.4454],[-56.0529,-22.4468],[-56.0527,-22.4484]]}},{"type":"Feature","properties":{"nome":"","tipo":"stream"},"geometry":{"type":"LineString","coordinates":[[-56.0611,-22.4349],[-56.0601,-22.4356],[-56.0594,-22.4372],[-56.0587,-22.4376],[-56.0573,-22.4406],[-56.0554,-22.441],[-56.0541,-22.4423]]}},{"type":"Feature","properties":{"nome":"","tipo":"stream"},"geometry":{"type":"LineString","coordinates":[[-56.0637,-22.4426],[-56.0621,-22.4427],[-56.0571,-22.4406]]}},{"type":"Feature","properties":{"nome":"","tipo":"stream"},"geometry":{"type":"LineString","coordinates":[[-56.047,-22.4407],[-56.0481,-22.4414],[-56.0482,-22.4421],[-56.0508,-22.4433],[-56.0539,-22.4458]]}},{"type":"Feature","properties":{"nome":"","tipo":"stream"},"geometry":{"type":"LineString","coordinates":[[-56.0328,-22.4476],[-56.0355,-22.4479],[-56.0367,-22.4485],[-56.0368,-22.4531],[-56.0364,-22.4538],[-56.0381,-22.4552],[-56.039,-22.4564],[-56.0392,-22.4575],[-56.0405,-22.4584]]}},{"type":"Feature","properties":{"nome":"","tipo":"stream"},"geometry":{"type":"LineString","coordinates":[[-56.0436,-22.4647],[-56.042,-22.4635],[-56.0412,-22.4635],[-56.0401,-22.4625],[-56.0396,-22.4613],[-56.0391,-22.4614]]}},{"type":"Feature","properties":{"nome":"","tipo":"stream"},"geometry":{"type":"LineString","coordinates":[[-56.032,-22.4598],[-56.0318,-22.4613]]}},{"type":"Feature","properties":{"nome":"","tipo":"stream"},"geometry":{"type":"LineString","coordinates":[[-56.0343,-22.4632],[-56.034,-22.4627],[-56.0312,-22.4621]]}},{"type":"Feature","properties":{"nome":"","tipo":"stream"},"geometry":{"type":"LineString","coordinates":[[-56.0357,-22.46],[-56.0357,-22.4615]]}},{"type":"Feature","properties":{"nome":"","tipo":"stream"},"geometry":{"type":"LineString","coordinates":[[-56.0297,-22.4647],[-56.0311,-22.4641]]}},{"type":"Feature","properties":{"nome":"","tipo":"stream"},"geometry":{"type":"LineString","coordinates":[[-56.0457,-22.4348],[-56.0515,-22.4376]]}},{"type":"Feature","properties":{"nome":"","tipo":"stream"},"geometry":{"type":"LineString","coordinates":[[-56.0388,-22.4515],[-56.0418,-22.4526],[-56.0421,-22.4547]]}},{"type":"Feature","properties":{"nome":"","tipo":"stream"},"geometry":{"type":"LineString","coordinates":[[-56.045,-22.4514],[-56.0438,-22.4541],[-56.042,-22.4548],[-56.0412,-22.4575]]}},{"type":"Feature","properties":{"nome":"","tipo":"stream"},"geometry":{"type":"LineString","coordinates":[[-56.0554,-22.474],[-56.0554,-22.473]]}},{"type":"Feature","properties":{"nome":"","tipo":"stream"},"geometry":{"type":"LineString","coordinates":[[-56.066,-22.4802],[-56.0626,-22.4785],[-56.0612,-22.4767],[-56.0595,-22.4758],[-56.0592,-22.4749],[-56.0585,-22.4747],[-56.057,-22.4733],[-56.052,-22.4722],[-56.0502,-22.4715],[-56.0497,-22.4708],[-56.0462,-22.4713],[-56.0447,-22.4706],[-56.0418,-22.4707],[-56.0404,-22.4697],[-56.0378,-22.4697]]}},{"type":"Feature","properties":{"nome":"","tipo":"stream"},"geometry":{"type":"LineString","coordinates":[[-56.0439,-22.4676],[-56.0425,-22.4682],[-56.041,-22.47]]}},{"type":"Feature","properties":{"nome":"","tipo":"stream"},"geometry":{"type":"LineString","coordinates":[[-56.0182,-22.4669],[-56.02,-22.4641]]}},{"type":"Feature","properties":{"nome":"","tipo":"stream"},"geometry":{"type":"LineString","coordinates":[[-56.0131,-22.466],[-56.0171,-22.4656],[-56.019,-22.4639]]}},{"type":"Feature","properties":{"nome":"","tipo":"stream"},"geometry":{"type":"LineString","coordinates":[[-56.0188,-22.4724],[-56.0236,-22.4732]]}},{"type":"Feature","properties":{"nome":"","tipo":"stream"},"geometry":{"type":"LineString","coordinates":[[-56.02,-22.4791],[-56.0222,-22.4788],[-56.0255,-22.4805]]}},{"type":"Feature","properties":{"nome":"","tipo":"stream"},"geometry":{"type":"LineString","coordinates":[[-56.0055,-22.4834],[-56.0074,-22.4825],[-56.0087,-22.481],[-56.0135,-22.4802],[-56.0193,-22.4826],[-56.0213,-22.4845],[-56.0232,-22.4855]]}},{"type":"Feature","properties":{"nome":"","tipo":"stream"},"geometry":{"type":"LineString","coordinates":[[-56.0166,-22.4592],[-56.0171,-22.457],[-56.018,-22.4561]]}},{"type":"Feature","properties":{"nome":"","tipo":"stream"},"geometry":{"type":"LineString","coordinates":[[-56.0137,-22.4859],[-56.0144,-22.4859],[-56.0172,-22.4842],[-56.0187,-22.4825]]}},{"type":"Feature","properties":{"nome":"","tipo":"stream"},"geometry":{"type":"LineString","coordinates":[[-56.0109,-22.483],[-56.0123,-22.4815],[-56.0124,-22.4805]]}},{"type":"Feature","properties":{"nome":"","tipo":"stream"},"geometry":{"type":"LineString","coordinates":[[-56.0092,-22.4824],[-56.0099,-22.4807]]}},{"type":"Feature","properties":{"nome":"","tipo":"stream"},"geometry":{"type":"LineString","coordinates":[[-56.0055,-22.4798],[-56.0076,-22.4802],[-56.0086,-22.4811]]}},{"type":"Feature","properties":{"nome":"","tipo":"stream"},"geometry":{"type":"LineString","coordinates":[[-56.0082,-22.4786],[-56.01,-22.4807]]}},{"type":"Feature","properties":{"nome":"","tipo":"stream"},"geometry":{"type":"LineString","coordinates":[[-56.0111,-22.4785],[-56.013,-22.4803]]}},{"type":"Feature","properties":{"nome":"","tipo":"stream"},"geometry":{"type":"LineString","coordinates":[[-56.01,-22.4768],[-56.0107,-22.4775],[-56.013,-22.4778]]}},{"type":"Feature","properties":{"nome":"","tipo":"stream"},"geometry":{"type":"LineString","coordinates":[[-56.0112,-22.4745],[-56.0145,-22.4806]]}},{"type":"Feature","properties":{"nome":"","tipo":"stream"},"geometry":{"type":"LineString","coordinates":[[-55.8396,-22.5141],[-55.8367,-22.5142],[-55.8349,-22.5149],[-55.8342,-22.5146]]}},{"type":"Feature","properties":{"nome":"","tipo":"stream"},"geometry":{"type":"LineString","coordinates":[[-55.8733,-22.5007],[-55.8724,-22.4997],[-55.8704,-22.4987],[-55.8683,-22.4986]]}},{"type":"Feature","properties":{"nome":"","tipo":"stream"},"geometry":{"type":"LineString","coordinates":[[-55.8539,-22.3918],[-55.853,-22.3961],[-55.8547,-22.3999],[-55.8567,-22.4017],[-55.8581,-22.4051],[-55.8597,-22.4065],[-55.8602,-22.4084],[-55.8609,-22.4091],[-55.8611,-22.4111],[-55.8621,-22.4117],[-55.8629,-22.4129],[-55.8642,-22.4134],[-55.865,-22.4152],[-55.865,-22.4184],[-55.8659,-22.4194],[-55.8668,-22.4194],[-55.868,-22.4205],[-55.8679,-22.4221],[-55.866,-22.4255],[-55.8663,-22.4288],[-55.8675,-22.4304],[-55.8665,-22.4317],[-55.8674,-22.4362],[-55.8672,-22.4389],[-55.8678,-22.4393],[-55.8676,-22.4407],[-55.8679,-22.4408],[-55.8675,-22.4423],[-55.869,-22.4449],[-55.8693,-22.447],[-55.8708,-22.4487],[-55.8714,-22.4484],[-55.8719,-22.4495],[-55.8712,-22.4513],[-55.8704,-22.4519],[-55.8686,-22.4521],[-55.8679,-22.4526],[-55.8677,-22.4537],[-55.8662,-22.4537],[-55.8659,-22.4544],[-55.8667,-22.4582],[-55.8675,-22.4593],[-55.867,-22.4607],[-55.8663,-22.4609],[-55.8666,-22.4613],[-55.8657,-22.4622],[-55.866,-22.4632],[-55.8656,-22.4636],[-55.8663,-22.4636],[-55.867,-22.4643],[-55.8665,-22.4646],[-55.8669,-22.4647],[-55.8668,-22.4655],[-55.8675,-22.4658],[-55.8675,-22.4664],[-55.8682,-22.4672],[-55.8676,-22.4675],[-55.868,-22.4684],[-55.8674,-22.4693],[-55.8663,-22.4694],[-55.8667,-22.47],[-55.8664,-22.4704],[-55.8674,-22.4712],[-55.8665,-22.471],[-55.8664,-22.4717],[-55.8669,-22.4719],[-55.8658,-22.4727],[-55.866,-22.4734],[-55.8648,-22.474],[-55.8642,-22.4733],[-55.8639,-22.4735],[-55.8644,-22.4739],[-55.8633,-22.4754],[-55.8637,-22.4758],[-55.8644,-22.4756],[-55.8655,-22.4766],[-55.8653,-22.4783],[-55.8648,-22.4783],[-55.8665,-22.4805],[-55.866,-22.4805],[-55.8659,-22.4811],[-55.8669,-22.4819],[-55.8643,-22.4836],[-55.864,-22.4852],[-55.8633,-22.4853],[-55.8631,-22.4864],[-55.8619,-22.4866],[-55.8624,-22.4874],[-55.8634,-22.4875],[-55.8642,-22.4889],[-55.8651,-22.4894],[-55.8652,-22.4911],[-55.8642,-22.4922],[-55.8651,-22.4932],[-55.866,-22.4935],[-55.8659,-22.4939],[-55.8668,-22.495],[-55.8659,-22.4968],[-55.8683,-22.4986],[-55.8678,-22.4996]]}},{"type":"Feature","properties":{"nome":"","tipo":"stream"},"geometry":{"type":"LineString","coordinates":[[-56.0539,-22.4812],[-56.0496,-22.4782],[-56.049,-22.4771],[-56.0473,-22.4761],[-56.0456,-22.4736],[-56.0457,-22.4712]]}},{"type":"Feature","properties":{"nome":"","tipo":"stream"},"geometry":{"type":"LineString","coordinates":[[-56.0501,-22.4658],[-56.0505,-22.4668],[-56.0501,-22.4683]]}},{"type":"Feature","properties":{"nome":"","tipo":"stream"},"geometry":{"type":"LineString","coordinates":[[-56.0528,-22.4665],[-56.0508,-22.4682],[-56.0488,-22.469],[-56.0487,-22.47],[-56.0493,-22.4708]]}},{"type":"Feature","properties":{"nome":"","tipo":"stream"},"geometry":{"type":"LineString","coordinates":[[-56.0524,-22.4694],[-56.0522,-22.4713],[-56.0515,-22.4719]]}},{"type":"Feature","properties":{"nome":"","tipo":"stream"},"geometry":{"type":"LineString","coordinates":[[-56.057,-22.4682],[-56.0551,-22.4698],[-56.0549,-22.4717],[-56.0542,-22.4726]]}},{"type":"Feature","properties":{"nome":"","tipo":"stream"},"geometry":{"type":"LineString","coordinates":[[-56.0651,-22.4678],[-56.0643,-22.4676],[-56.0623,-22.4686],[-56.0612,-22.4704],[-56.0593,-22.4722],[-56.057,-22.4733]]}},{"type":"Feature","properties":{"nome":"","tipo":"stream"},"geometry":{"type":"LineString","coordinates":[[-56.0611,-22.464],[-56.0629,-22.4627]]}},{"type":"Feature","properties":{"nome":"","tipo":"stream"},"geometry":{"type":"LineString","coordinates":[[-56.0675,-22.4772],[-56.0642,-22.4758],[-56.0615,-22.474],[-56.0611,-22.4743],[-56.0587,-22.4737],[-56.0582,-22.4728]]}},{"type":"Feature","properties":{"nome":"","tipo":"stream"},"geometry":{"type":"LineString","coordinates":[[-56.0639,-22.4734],[-56.0617,-22.4741]]}},{"type":"Feature","properties":{"nome":"","tipo":"stream"},"geometry":{"type":"LineString","coordinates":[[-55.9664,-22.424],[-55.9652,-22.425],[-55.9642,-22.4246]]}},{"type":"Feature","properties":{"nome":"","tipo":"stream"},"geometry":{"type":"LineString","coordinates":[[-55.8962,-22.348],[-55.9012,-22.3483],[-55.9035,-22.3474]]}},{"type":"Feature","properties":{"nome":"","tipo":"stream"},"geometry":{"type":"LineString","coordinates":[[-55.9346,-22.3607],[-55.934,-22.3619],[-55.9322,-22.3631],[-55.9294,-22.3636]]}},{"type":"Feature","properties":{"nome":"","tipo":"stream"},"geometry":{"type":"LineString","coordinates":[[-55.8819,-22.4839],[-55.8778,-22.4832],[-55.8749,-22.4845],[-55.8742,-22.4859],[-55.8724,-22.4878],[-55.8731,-22.4887],[-55.8742,-22.4887],[-55.8745,-22.49],[-55.8772,-22.4888],[-55.877,-22.4908],[-55.8777,-22.4915],[-55.8763,-22.4932],[-55.8731,-22.4934],[-55.8702,-22.495],[-55.8686,-22.4966],[-55.8678,-22.4982]]}},{"type":"Feature","properties":{"nome":"","tipo":"stream"},"geometry":{"type":"LineString","coordinates":[[-55.87,-22.4861],[-55.8734,-22.4865]]}},{"type":"Feature","properties":{"nome":"","tipo":"stream"},"geometry":{"type":"LineString","coordinates":[[-55.8801,-22.4951],[-55.8784,-22.4945],[-55.8777,-22.4933],[-55.8763,-22.4932]]}},{"type":"Feature","properties":{"nome":"","tipo":"stream"},"geometry":{"type":"LineString","coordinates":[[-55.8829,-22.4912],[-55.8811,-22.4925],[-55.8793,-22.4928],[-55.877,-22.4926]]}},{"type":"Feature","properties":{"nome":"","tipo":"stream"},"geometry":{"type":"LineString","coordinates":[[-55.8819,-22.4892],[-55.8808,-22.491],[-55.8777,-22.4915]]}},{"type":"Feature","properties":{"nome":"","tipo":"stream"},"geometry":{"type":"LineString","coordinates":[[-55.88,-22.4873],[-55.8788,-22.4914]]}},{"type":"Feature","properties":{"nome":"","tipo":"stream"},"geometry":{"type":"LineString","coordinates":[[-55.872,-22.4909],[-55.8736,-22.4933]]}},{"type":"Feature","properties":{"nome":"","tipo":"stream"},"geometry":{"type":"LineString","coordinates":[[-55.855,-22.4673],[-55.8568,-22.468],[-55.8601,-22.4715],[-55.8621,-22.4719],[-55.8639,-22.4735]]}},{"type":"Feature","properties":{"nome":"","tipo":"stream"},"geometry":{"type":"LineString","coordinates":[[-55.855,-22.4639],[-55.8603,-22.4647],[-55.8621,-22.4656],[-55.8628,-22.4639],[-55.8642,-22.464]]}},{"type":"Feature","properties":{"nome":"","tipo":"stream"},"geometry":{"type":"LineString","coordinates":[[-55.848,-22.4116],[-55.8471,-22.4163],[-55.848,-22.4184],[-55.8474,-22.4192],[-55.8459,-22.4199],[-55.8456,-22.4207],[-55.8457,-22.4229],[-55.8466,-22.4254],[-55.8465,-22.4275],[-55.847,-22.4286],[-55.8466,-22.4312],[-55.8475,-22.4337],[-55.8459,-22.4387],[-55.8474,-22.4475],[-55.8515,-22.4535],[-55.8553,-22.4572],[-55.8562,-22.4574],[-55.8588,-22.4568],[-55.8608,-22.4575],[-55.8622,-22.4616],[-55.8649,-22.4649],[-55.8658,-22.4645],[-55.866,-22.4636]]}},{"type":"Feature","properties":{"nome":"","tipo":"stream"},"geometry":{"type":"LineString","coordinates":[[-55.8864,-22.4759],[-55.8813,-22.476],[-55.8731,-22.481],[-55.8684,-22.481],[-55.8672,-22.4811],[-55.8668,-22.4818]]}},{"type":"Feature","properties":{"nome":"","tipo":"stream"},"geometry":{"type":"LineString","coordinates":[[-55.8843,-22.481],[-55.8822,-22.4797],[-55.8769,-22.4788]]}},{"type":"Feature","properties":{"nome":"","tipo":"stream"},"geometry":{"type":"LineString","coordinates":[[-55.8799,-22.4734],[-55.8776,-22.4735],[-55.8767,-22.4725]]}},{"type":"Feature","properties":{"nome":"","tipo":"stream"},"geometry":{"type":"LineString","coordinates":[[-55.8821,-22.4707],[-55.8793,-22.4709],[-55.8778,-22.4721],[-55.8756,-22.473],[-55.8747,-22.474],[-55.8714,-22.4753],[-55.8698,-22.4747],[-55.8678,-22.4758],[-55.867,-22.4777],[-55.867,-22.4812]]}},{"type":"Feature","properties":{"nome":"","tipo":"stream"},"geometry":{"type":"LineString","coordinates":[[-55.8677,-22.4738],[-55.8684,-22.4717],[-55.8682,-22.4711],[-55.8674,-22.4711]]}},{"type":"Feature","properties":{"nome":"","tipo":"stream"},"geometry":{"type":"LineString","coordinates":[[-55.8906,-22.4604],[-55.886,-22.4606],[-55.8797,-22.462],[-55.8771,-22.4633],[-55.8715,-22.4637],[-55.8709,-22.4646],[-55.8684,-22.4657],[-55.8677,-22.4666]]}},{"type":"Feature","properties":{"nome":"","tipo":"stream"},"geometry":{"type":"LineString","coordinates":[[-55.8827,-22.4659],[-55.8804,-22.4631],[-55.8786,-22.4627]]}},{"type":"Feature","properties":{"nome":"","tipo":"stream"},"geometry":{"type":"LineString","coordinates":[[-55.8788,-22.4674],[-55.8779,-22.4643],[-55.8772,-22.4633]]}},{"type":"Feature","properties":{"nome":"","tipo":"stream"},"geometry":{"type":"LineString","coordinates":[[-55.8724,-22.4592],[-55.8723,-22.4601],[-55.8706,-22.4614],[-55.8689,-22.4616],[-55.8673,-22.4628],[-55.8667,-22.4641]]}},{"type":"Feature","properties":{"nome":"","tipo":"stream"},"geometry":{"type":"LineString","coordinates":[[-55.8762,-22.4561],[-55.8718,-22.4573],[-55.8708,-22.4581],[-55.8673,-22.4587]]}},{"type":"Feature","properties":{"nome":"","tipo":"stream"},"geometry":{"type":"LineString","coordinates":[[-55.8783,-22.4484],[-55.8763,-22.4494],[-55.8744,-22.4498],[-55.8717,-22.4491]]}},{"type":"Feature","properties":{"nome":"","tipo":"stream"},"geometry":{"type":"LineString","coordinates":[[-55.8747,-22.4513],[-55.8705,-22.4518]]}},{"type":"Feature","properties":{"nome":"","tipo":"stream"},"geometry":{"type":"LineString","coordinates":[[-55.847,-22.4107],[-55.848,-22.4081],[-55.851,-22.4062],[-55.8521,-22.4044]]}},{"type":"Feature","properties":{"nome":"","tipo":"stream"},"geometry":{"type":"LineString","coordinates":[[-55.8481,-22.4032],[-55.8491,-22.4039],[-55.8531,-22.4045],[-55.8556,-22.4053],[-55.8581,-22.4051]]}},{"type":"Feature","properties":{"nome":"","tipo":"stream"},"geometry":{"type":"LineString","coordinates":[[-55.8649,-22.4036],[-55.8628,-22.4061],[-55.86,-22.4079]]}},{"type":"Feature","properties":{"nome":"","tipo":"stream"},"geometry":{"type":"LineString","coordinates":[[-55.8672,-22.4099],[-55.8664,-22.4104],[-55.8644,-22.4139]]}},{"type":"Feature","properties":{"nome":"","tipo":"stream"},"geometry":{"type":"LineString","coordinates":[[-55.8751,-22.4283],[-55.8736,-22.4291],[-55.8715,-22.429],[-55.8683,-22.4297],[-55.8674,-22.4304]]}},{"type":"Feature","properties":{"nome":"","tipo":"stream"},"geometry":{"type":"LineString","coordinates":[[-55.8823,-22.5015],[-55.8816,-22.5033],[-55.8807,-22.5041],[-55.8789,-22.5044],[-55.8757,-22.504],[-55.8742,-22.505],[-55.8714,-22.504],[-55.8673,-22.5048],[-55.8667,-22.5054]]}},{"type":"Feature","properties":{"nome":"","tipo":"stream"},"geometry":{"type":"LineString","coordinates":[[-55.8439,-22.5206],[-55.8482,-22.5197],[-55.8505,-22.5176],[-55.8526,-22.5176],[-55.8572,-22.5145],[-55.8596,-22.5153],[-55.8625,-22.5153],[-55.8649,-22.5165],[-55.8661,-22.5157]]}},{"type":"Feature","properties":{"nome":"","tipo":"stream"},"geometry":{"type":"LineString","coordinates":[[-55.8741,-22.5246],[-55.8752,-22.5245],[-55.8771,-22.5211],[-55.8787,-22.5204]]}},{"type":"Feature","properties":{"nome":"","tipo":"stream"},"geometry":{"type":"LineString","coordinates":[[-55.8776,-22.5262],[-55.8787,-22.5252],[-55.8803,-22.5253],[-55.8815,-22.5248],[-55.8828,-22.5219]]}},{"type":"Feature","properties":{"nome":"","tipo":"stream"},"geometry":{"type":"LineString","coordinates":[[-55.8814,-22.5278],[-55.8814,-22.5248]]}},{"type":"Feature","properties":{"nome":"","tipo":"stream"},"geometry":{"type":"LineString","coordinates":[[-55.8789,-22.5275],[-55.8801,-22.5267],[-55.8802,-22.5253]]}},{"type":"Feature","properties":{"nome":"","tipo":"stream"},"geometry":{"type":"LineString","coordinates":[[-55.8683,-22.51],[-55.8657,-22.5084]]}},{"type":"Feature","properties":{"nome":"","tipo":"stream"},"geometry":{"type":"LineString","coordinates":[[-55.8432,-22.408],[-55.844,-22.4063],[-55.8455,-22.4059],[-55.8467,-22.407],[-55.8497,-22.4071]]}},{"type":"Feature","properties":{"nome":"","tipo":"stream"},"geometry":{"type":"LineString","coordinates":[[-55.8378,-22.4147],[-55.8377,-22.4159],[-55.8392,-22.4195],[-55.8392,-22.4233],[-55.8396,-22.4247],[-55.8444,-22.4283],[-55.845,-22.4304],[-55.8466,-22.4312]]}},{"type":"Feature","properties":{"nome":"","tipo":"stream"},"geometry":{"type":"LineString","coordinates":[[-55.8554,-22.4622],[-55.8566,-22.4618],[-55.8602,-22.4621],[-55.8622,-22.4616]]}},{"type":"Feature","properties":{"nome":"","tipo":"stream"},"geometry":{"type":"LineString","coordinates":[[-55.8565,-22.4633],[-55.8633,-22.4628]]}},{"type":"Feature","properties":{"nome":"","tipo":"stream"},"geometry":{"type":"LineString","coordinates":[[-55.8338,-22.5524],[-55.8361,-22.5529],[-55.837,-22.5541],[-55.8377,-22.5543]]}},{"type":"Feature","properties":{"nome":"","tipo":"stream"},"geometry":{"type":"LineString","coordinates":[[-55.8381,-22.5571],[-55.8381,-22.5554],[-55.8395,-22.5539],[-55.8394,-22.553]]}},{"type":"Feature","properties":{"nome":"","tipo":"stream"},"geometry":{"type":"LineString","coordinates":[[-55.8375,-22.5564],[-55.8381,-22.5554]]}},{"type":"Feature","properties":{"nome":"","tipo":"stream"},"geometry":{"type":"LineString","coordinates":[[-55.8426,-22.5601],[-55.8408,-22.5583],[-55.8396,-22.5538]]}},{"type":"Feature","properties":{"nome":"","tipo":"stream"},"geometry":{"type":"LineString","coordinates":[[-55.8437,-22.556],[-55.8471,-22.5544],[-55.8482,-22.5531],[-55.85,-22.5526]]}},{"type":"Feature","properties":{"nome":"","tipo":"stream"},"geometry":{"type":"LineString","coordinates":[[-55.79,-22.5729],[-55.7937,-22.5705],[-55.7961,-22.5666],[-55.7981,-22.5655],[-55.7995,-22.5632],[-55.8024,-22.5624],[-55.8027,-22.5618]]}},{"type":"Feature","properties":{"nome":"","tipo":"stream"},"geometry":{"type":"LineString","coordinates":[[-55.8047,-22.5703],[-55.8067,-22.5694],[-55.8075,-22.5678],[-55.8076,-22.5656],[-55.8083,-22.5651],[-55.8089,-22.5633],[-55.8108,-22.5626]]}},{"type":"Feature","properties":{"nome":"","tipo":"stream"},"geometry":{"type":"LineString","coordinates":[[-55.8032,-22.5689],[-55.805,-22.5672],[-55.8062,-22.5648],[-55.806,-22.5623]]}},{"type":"Feature","properties":{"nome":"","tipo":"stream"},"geometry":{"type":"LineString","coordinates":[[-55.8093,-22.5692],[-55.8104,-22.568],[-55.811,-22.5645],[-55.8118,-22.5634]]}},{"type":"Feature","properties":{"nome":"","tipo":"stream"},"geometry":{"type":"LineString","coordinates":[[-55.7823,-22.5744],[-55.7835,-22.5711],[-55.7839,-22.5661],[-55.7847,-22.5647],[-55.786,-22.5642]]}},{"type":"Feature","properties":{"nome":"","tipo":"stream"},"geometry":{"type":"LineString","coordinates":[[-55.7966,-22.5548],[-55.7983,-22.5524]]}},{"type":"Feature","properties":{"nome":"","tipo":"stream"},"geometry":{"type":"LineString","coordinates":[[-55.8143,-22.5566],[-55.8132,-22.5562],[-55.8125,-22.5553],[-55.8125,-22.5545],[-55.8111,-22.5539],[-55.808,-22.5498]]}},{"type":"Feature","properties":{"nome":"","tipo":"stream"},"geometry":{"type":"LineString","coordinates":[[-55.8068,-22.5567],[-55.806,-22.5562],[-55.8055,-22.5545],[-55.8048,-22.5542],[-55.8046,-22.5518]]}},{"type":"Feature","properties":{"nome":"","tipo":"stream"},"geometry":{"type":"LineString","coordinates":[[-55.8037,-22.5559],[-55.8048,-22.5542]]}},{"type":"Feature","properties":{"nome":"","tipo":"stream"},"geometry":{"type":"LineString","coordinates":[[-55.7934,-22.5343],[-55.7928,-22.5363],[-55.7931,-22.5382]]}},{"type":"Feature","properties":{"nome":"","tipo":"stream"},"geometry":{"type":"LineString","coordinates":[[-55.7733,-22.5403],[-55.774,-22.5393],[-55.7753,-22.5384],[-55.7761,-22.536]]}},{"type":"Feature","properties":{"nome":"","tipo":"stream"},"geometry":{"type":"LineString","coordinates":[[-55.8145,-22.5543],[-55.8151,-22.5511],[-55.8159,-22.5498],[-55.8168,-22.5494],[-55.8174,-22.548]]}},{"type":"Feature","properties":{"nome":"","tipo":"stream"},"geometry":{"type":"LineString","coordinates":[[-55.7949,-22.5018],[-55.7973,-22.5029],[-55.7983,-22.5044],[-55.7984,-22.5055]]}},{"type":"Feature","properties":{"nome":"","tipo":"stream"},"geometry":{"type":"LineString","coordinates":[[-55.802,-22.501],[-55.8018,-22.5025],[-55.7993,-22.5047],[-55.7984,-22.505]]}},{"type":"Feature","properties":{"nome":"","tipo":"stream"},"geometry":{"type":"LineString","coordinates":[[-55.7989,-22.5019],[-55.798,-22.5041]]}},{"type":"Feature","properties":{"nome":"","tipo":"stream"},"geometry":{"type":"LineString","coordinates":[[-55.8093,-22.5035],[-55.8113,-22.5074]]}},{"type":"Feature","properties":{"nome":"","tipo":"stream"},"geometry":{"type":"LineString","coordinates":[[-55.804,-22.5036],[-55.8019,-22.5057],[-55.8027,-22.5071]]}},{"type":"Feature","properties":{"nome":"","tipo":"stream"},"geometry":{"type":"LineString","coordinates":[[-55.8313,-22.5426],[-55.8356,-22.5422],[-55.8366,-22.5429]]}},{"type":"Feature","properties":{"nome":"","tipo":"stream"},"geometry":{"type":"LineString","coordinates":[[-55.7823,-22.5336],[-55.7856,-22.5344]]}},{"type":"Feature","properties":{"nome":"","tipo":"stream"},"geometry":{"type":"LineString","coordinates":[[-55.7908,-22.5237],[-55.7905,-22.5262],[-55.7897,-22.5277],[-55.7871,-22.5301],[-55.7851,-22.5302]]}},{"type":"Feature","properties":{"nome":"","tipo":"stream"},"geometry":{"type":"LineString","coordinates":[[-55.7985,-22.5455],[-55.7996,-22.5436],[-55.8005,-22.5434]]}},{"type":"Feature","properties":{"nome":"","tipo":"stream"},"geometry":{"type":"LineString","coordinates":[[-55.8018,-22.5473],[-55.8033,-22.5462]]}},{"type":"Feature","properties":{"nome":"","tipo":"stream"},"geometry":{"type":"LineString","coordinates":[[-55.8037,-22.5493],[-55.8041,-22.5481]]}},{"type":"Feature","properties":{"nome":"","tipo":"stream"},"geometry":{"type":"LineString","coordinates":[[-55.7995,-22.549],[-55.7999,-22.5482]]}},{"type":"Feature","properties":{"nome":"","tipo":"stream"},"geometry":{"type":"LineString","coordinates":[[-55.8037,-22.5355],[-55.8059,-22.5341]]}},{"type":"Feature","properties":{"nome":"","tipo":"stream"},"geometry":{"type":"LineString","coordinates":[[-55.8023,-22.5344],[-55.8031,-22.5338],[-55.8049,-22.5335]]}},{"type":"Feature","properties":{"nome":"","tipo":"stream"},"geometry":{"type":"LineString","coordinates":[[-55.8002,-22.5296],[-55.8013,-22.5314]]}},{"type":"Feature","properties":{"nome":"","tipo":"stream"},"geometry":{"type":"LineString","coordinates":[[-55.8049,-22.5297],[-55.8045,-22.5303],[-55.8047,-22.5333]]}},{"type":"Feature","properties":{"nome":"","tipo":"stream"},"geometry":{"type":"LineString","coordinates":[[-55.807,-22.5317],[-55.8064,-22.5344]]}},{"type":"Feature","properties":{"nome":"","tipo":"stream"},"geometry":{"type":"LineString","coordinates":[[-55.8119,-22.5343],[-55.8112,-22.5345],[-55.81,-22.5365]]}},{"type":"Feature","properties":{"nome":"","tipo":"stream"},"geometry":{"type":"LineString","coordinates":[[-55.794,-22.5226],[-55.7984,-22.5236],[-55.7997,-22.5234],[-55.8005,-22.5226]]}},{"type":"Feature","properties":{"nome":"","tipo":"stream"},"geometry":{"type":"LineString","coordinates":[[-55.7911,-22.5193],[-55.7933,-22.5202],[-55.7967,-22.5188]]}},{"type":"Feature","properties":{"nome":"","tipo":"stream"},"geometry":{"type":"LineString","coordinates":[[-55.8194,-22.5364],[-55.8201,-22.5353],[-55.8235,-22.5332]]}},{"type":"Feature","properties":{"nome":"","tipo":"stream"},"geometry":{"type":"LineString","coordinates":[[-55.8126,-22.5293],[-55.8138,-22.529],[-55.8178,-22.5297]]}},{"type":"Feature","properties":{"nome":"","tipo":"stream"},"geometry":{"type":"LineString","coordinates":[[-55.8136,-22.5333],[-55.8171,-22.5315],[-55.8178,-22.5297],[-55.8186,-22.5293]]}},{"type":"Feature","properties":{"nome":"","tipo":"stream"},"geometry":{"type":"LineString","coordinates":[[-55.8192,-22.5261],[-55.8184,-22.5274]]}},{"type":"Feature","properties":{"nome":"","tipo":"stream"},"geometry":{"type":"LineString","coordinates":[[-55.8154,-22.5283],[-55.8172,-22.5281],[-55.8183,-22.5287]]}},{"type":"Feature","properties":{"nome":"","tipo":"stream"},"geometry":{"type":"LineString","coordinates":[[-55.8124,-22.5281],[-55.8132,-22.5279],[-55.8143,-22.5258],[-55.8159,-22.525]]}},{"type":"Feature","properties":{"nome":"","tipo":"stream"},"geometry":{"type":"LineString","coordinates":[[-55.8119,-22.5263],[-55.8139,-22.5263]]}},{"type":"Feature","properties":{"nome":"","tipo":"stream"},"geometry":{"type":"LineString","coordinates":[[-55.8182,-22.5209],[-55.818,-22.5233],[-55.8168,-22.525]]}},{"type":"Feature","properties":{"nome":"","tipo":"stream"},"geometry":{"type":"LineString","coordinates":[[-55.8134,-22.5198],[-55.8139,-22.5236]]}},{"type":"Feature","properties":{"nome":"","tipo":"stream"},"geometry":{"type":"LineString","coordinates":[[-55.8054,-22.527],[-55.8058,-22.5256],[-55.8075,-22.5237]]}},{"type":"Feature","properties":{"nome":"","tipo":"stream"},"geometry":{"type":"LineString","coordinates":[[-55.8025,-22.5273],[-55.8041,-22.524],[-55.805,-22.5234]]}},{"type":"Feature","properties":{"nome":"","tipo":"stream"},"geometry":{"type":"LineString","coordinates":[[-55.7964,-22.5147],[-55.7955,-22.5168]]}},{"type":"Feature","properties":{"nome":"","tipo":"stream"},"geometry":{"type":"LineString","coordinates":[[-55.7909,-22.516],[-55.7926,-22.5153]]}},{"type":"Feature","properties":{"nome":"","tipo":"stream"},"geometry":{"type":"LineString","coordinates":[[-55.8319,-22.5595],[-55.8321,-22.5572]]}},{"type":"Feature","properties":{"nome":"","tipo":"stream"},"geometry":{"type":"LineString","coordinates":[[-55.8365,-22.5578],[-55.8362,-22.5571],[-55.8351,-22.5565],[-55.8335,-22.5563]]}},{"type":"Feature","properties":{"nome":"","tipo":"stream"},"geometry":{"type":"LineString","coordinates":[[-55.8387,-22.5489],[-55.8398,-22.5493],[-55.8407,-22.5502]]}},{"type":"Feature","properties":{"nome":"","tipo":"stream"},"geometry":{"type":"LineString","coordinates":[[-55.8418,-22.5518],[-55.8416,-22.5497]]}},{"type":"Feature","properties":{"nome":"","tipo":"stream"},"geometry":{"type":"LineString","coordinates":[[-55.8362,-22.5227],[-55.836,-22.526],[-55.8375,-22.5288],[-55.8379,-22.5315],[-55.8389,-22.5328],[-55.8415,-22.5341],[-55.8427,-22.5355],[-55.8431,-22.5376],[-55.8441,-22.5386],[-55.8435,-22.5416],[-55.8451,-22.5422],[-55.8453,-22.5432],[-55.8471,-22.5449],[-55.8471,-22.546],[-55.8478,-22.5464],[-55.8479,-22.5473]]}},{"type":"Feature","properties":{"nome":"","tipo":"stream"},"geometry":{"type":"LineString","coordinates":[[-55.8067,-22.558],[-55.8083,-22.5595],[-55.8084,-22.561]]}},{"type":"Feature","properties":{"nome":"","tipo":"stream"},"geometry":{"type":"LineString","coordinates":[[-55.7939,-22.5757],[-55.802,-22.5757],[-55.8049,-22.5742],[-55.8081,-22.5745],[-55.8098,-22.5737],[-55.8117,-22.572],[-55.8129,-22.5693],[-55.8147,-22.5679],[-55.8155,-22.5662],[-55.8152,-22.5643]]}},{"type":"Feature","properties":{"nome":"","tipo":"stream"},"geometry":{"type":"LineString","coordinates":[[-55.7951,-22.5778],[-55.7952,-22.5774],[-55.7975,-22.5765],[-55.7983,-22.5756]]}},{"type":"Feature","properties":{"nome":"","tipo":"stream"},"geometry":{"type":"LineString","coordinates":[[-55.8182,-22.5743],[-55.8166,-22.5707],[-55.8141,-22.5687]]}},{"type":"Feature","properties":{"nome":"","tipo":"stream"},"geometry":{"type":"LineString","coordinates":[[-55.8188,-22.5825],[-55.8166,-22.5779],[-55.8155,-22.5771],[-55.8155,-22.5762],[-55.8146,-22.5757],[-55.8138,-22.5741],[-55.8118,-22.5719]]}},{"type":"Feature","properties":{"nome":"","tipo":"stream"},"geometry":{"type":"LineString","coordinates":[[-55.809,-22.5703],[-55.8122,-22.5704]]}},{"type":"Feature","properties":{"nome":"","tipo":"stream"},"geometry":{"type":"LineString","coordinates":[[-55.8122,-22.5858],[-55.8116,-22.584],[-55.8122,-22.5808],[-55.8116,-22.5777],[-55.8121,-22.5726]]}},{"type":"Feature","properties":{"nome":"","tipo":"stream"},"geometry":{"type":"LineString","coordinates":[[-55.8055,-22.5829],[-55.8059,-22.5808],[-55.8084,-22.5765],[-55.8082,-22.5745]]}},{"type":"Feature","properties":{"nome":"","tipo":"stream"},"geometry":{"type":"LineString","coordinates":[[-55.8,-22.5824],[-55.8,-22.581],[-55.802,-22.5757]]}},{"type":"Feature","properties":{"nome":"","tipo":"stream"},"geometry":{"type":"LineString","coordinates":[[-55.8022,-22.5794],[-55.8015,-22.5769]]}},{"type":"Feature","properties":{"nome":"","tipo":"stream"},"geometry":{"type":"LineString","coordinates":[[-55.8037,-22.5726],[-55.8049,-22.5742]]}},{"type":"Feature","properties":{"nome":"","tipo":"stream"},"geometry":{"type":"LineString","coordinates":[[-55.8116,-22.5611],[-55.8113,-22.5628]]}},{"type":"Feature","properties":{"nome":"","tipo":"stream"},"geometry":{"type":"LineString","coordinates":[[-55.8299,-22.5703],[-55.8263,-22.5681],[-55.825,-22.5659],[-55.8252,-22.5628],[-55.8238,-22.5601]]}},{"type":"Feature","properties":{"nome":"","tipo":"stream"},"geometry":{"type":"LineString","coordinates":[[-55.8298,-22.5665],[-55.8251,-22.5642]]}},{"type":"Feature","properties":{"nome":"","tipo":"stream"},"geometry":{"type":"LineString","coordinates":[[-55.8283,-22.5592],[-55.8264,-22.5579]]}},{"type":"Feature","properties":{"nome":"","tipo":"stream"},"geometry":{"type":"LineString","coordinates":[[-55.8264,-22.5548],[-55.8266,-22.5558]]}},{"type":"Feature","properties":{"nome":"","tipo":"stream"},"geometry":{"type":"LineString","coordinates":[[-55.8266,-22.5534],[-55.8272,-22.5528],[-55.8299,-22.5519]]}},{"type":"Feature","properties":{"nome":"","tipo":"stream"},"geometry":{"type":"LineString","coordinates":[[-55.8283,-22.5428],[-55.8271,-22.543],[-55.8259,-22.5455]]}},{"type":"Feature","properties":{"nome":"","tipo":"stream"},"geometry":{"type":"LineString","coordinates":[[-55.824,-22.5508],[-55.8242,-22.549]]}},{"type":"Feature","properties":{"nome":"","tipo":"stream"},"geometry":{"type":"LineString","coordinates":[[-55.8088,-22.5308],[-55.8076,-22.5349]]}},{"type":"Feature","properties":{"nome":"","tipo":"stream"},"geometry":{"type":"LineString","coordinates":[[-55.8351,-22.5236],[-55.8351,-22.5249],[-55.8359,-22.5251]]}},{"type":"Feature","properties":{"nome":"","tipo":"stream"},"geometry":{"type":"LineString","coordinates":[[-55.8375,-22.5233],[-55.8361,-22.5263]]}},{"type":"Feature","properties":{"nome":"","tipo":"stream"},"geometry":{"type":"LineString","coordinates":[[-55.8332,-22.525],[-55.8362,-22.5266]]}},{"type":"Feature","properties":{"nome":"","tipo":"stream"},"geometry":{"type":"LineString","coordinates":[[-55.8396,-22.5238],[-55.8389,-22.5254],[-55.8375,-22.5262],[-55.8367,-22.5273]]}},{"type":"Feature","properties":{"nome":"","tipo":"stream"},"geometry":{"type":"LineString","coordinates":[[-55.8342,-22.5288],[-55.8358,-22.5286],[-55.8375,-22.5292]]}},{"type":"Feature","properties":{"nome":"","tipo":"stream"},"geometry":{"type":"LineString","coordinates":[[-55.8494,-22.531],[-55.8465,-22.5299],[-55.8426,-22.5327],[-55.8415,-22.5341]]}},{"type":"Feature","properties":{"nome":"","tipo":"stream"},"geometry":{"type":"LineString","coordinates":[[-55.8416,-22.5304],[-55.8426,-22.5326]]}},{"type":"Feature","properties":{"nome":"","tipo":"stream"},"geometry":{"type":"LineString","coordinates":[[-55.8458,-22.5332],[-55.8432,-22.5324]]}},{"type":"Feature","properties":{"nome":"","tipo":"stream"},"geometry":{"type":"LineString","coordinates":[[-55.8479,-22.5283],[-55.8465,-22.5299]]}},{"type":"Feature","properties":{"nome":"","tipo":"stream"},"geometry":{"type":"LineString","coordinates":[[-55.8486,-22.5292],[-55.848,-22.5302]]}},{"type":"Feature","properties":{"nome":"","tipo":"stream"},"geometry":{"type":"LineString","coordinates":[[-55.8493,-22.5343],[-55.8478,-22.5327],[-55.8487,-22.5307]]}},{"type":"Feature","properties":{"nome":"","tipo":"stream"},"geometry":{"type":"LineString","coordinates":[[-55.8438,-22.543],[-55.8452,-22.5431]]}},{"type":"Feature","properties":{"nome":"","tipo":"stream"},"geometry":{"type":"LineString","coordinates":[[-55.85,-22.5389],[-55.8472,-22.5393],[-55.8439,-22.5404]]}},{"type":"Feature","properties":{"nome":"","tipo":"stream"},"geometry":{"type":"LineString","coordinates":[[-55.8379,-22.5346],[-55.8394,-22.533]]}},{"type":"Feature","properties":{"nome":"","tipo":"stream"},"geometry":{"type":"LineString","coordinates":[[-55.848,-22.5362],[-55.8466,-22.536],[-55.8432,-22.5372]]}},{"type":"Feature","properties":{"nome":"","tipo":"stream"},"geometry":{"type":"LineString","coordinates":[[-55.8393,-22.539],[-55.8409,-22.5408],[-55.8434,-22.5412]]}},{"type":"Feature","properties":{"nome":"","tipo":"stream"},"geometry":{"type":"LineString","coordinates":[[-55.8526,-22.5387],[-55.8535,-22.5406],[-55.8564,-22.5425],[-55.8586,-22.5459]]}},{"type":"Feature","properties":{"nome":"","tipo":"stream"},"geometry":{"type":"LineString","coordinates":[[-55.8548,-22.5444],[-55.8557,-22.5467]]}},{"type":"Feature","properties":{"nome":"","tipo":"stream"},"geometry":{"type":"LineString","coordinates":[[-55.8568,-22.5511],[-55.8578,-22.5492],[-55.8574,-22.5479]]}},{"type":"Feature","properties":{"nome":"","tipo":"stream"},"geometry":{"type":"LineString","coordinates":[[-55.8562,-22.5371],[-55.859,-22.5394],[-55.8578,-22.5431],[-55.8596,-22.5459]]}},{"type":"Feature","properties":{"nome":"","tipo":"stream"},"geometry":{"type":"LineString","coordinates":[[-55.8554,-22.539],[-55.8573,-22.5399],[-55.858,-22.5422]]}},{"type":"Feature","properties":{"nome":"","tipo":"stream"},"geometry":{"type":"LineString","coordinates":[[-55.8612,-22.5365],[-55.8615,-22.5417],[-55.8621,-22.5431],[-55.8613,-22.5442],[-55.8616,-22.5455]]}},{"type":"Feature","properties":{"nome":"","tipo":"stream"},"geometry":{"type":"LineString","coordinates":[[-55.8676,-22.5547],[-55.8676,-22.5494],[-55.8681,-22.5476],[-55.869,-22.547]]}},{"type":"Feature","properties":{"nome":"","tipo":"stream"},"geometry":{"type":"LineString","coordinates":[[-55.8632,-22.5526],[-55.8676,-22.5497]]}},{"type":"Feature","properties":{"nome":"","tipo":"stream"},"geometry":{"type":"LineString","coordinates":[[-55.8738,-22.5514],[-55.8741,-22.5501],[-55.8725,-22.5483],[-55.8717,-22.546]]}},{"type":"Feature","properties":{"nome":"","tipo":"stream"},"geometry":{"type":"LineString","coordinates":[[-55.8677,-22.5407],[-55.8721,-22.5451]]}},{"type":"Feature","properties":{"nome":"","tipo":"stream"},"geometry":{"type":"LineString","coordinates":[[-55.8787,-22.5462],[-55.8786,-22.5426],[-55.8791,-22.5419]]}},{"type":"Feature","properties":{"nome":"","tipo":"stream"},"geometry":{"type":"LineString","coordinates":[[-55.8574,-22.5253],[-55.8608,-22.5274],[-55.8672,-22.5297],[-55.87,-22.5323],[-55.8717,-22.5327],[-55.8738,-22.5354],[-55.8742,-22.5365],[-55.8753,-22.537],[-55.8761,-22.5385],[-55.8786,-22.5399],[-55.8796,-22.5398]]}},{"type":"Feature","properties":{"nome":"","tipo":"stream"},"geometry":{"type":"LineString","coordinates":[[-55.8824,-22.5508],[-55.8799,-22.5495],[-55.8793,-22.5474],[-55.8778,-22.5467],[-55.8766,-22.5451],[-55.8756,-22.5424]]}},{"type":"Feature","properties":{"nome":"","tipo":"stream"},"geometry":{"type":"LineString","coordinates":[[-55.7993,-22.5784],[-55.801,-22.5778]]}},{"type":"Feature","properties":{"nome":"","tipo":"stream"},"geometry":{"type":"LineString","coordinates":[[-55.841,-22.5282],[-55.8375,-22.5289]]}},{"type":"Feature","properties":{"nome":"","tipo":"stream"},"geometry":{"type":"LineString","coordinates":[[-55.8527,-22.5212],[-55.8532,-22.5193],[-55.8526,-22.5176]]}},{"type":"Feature","properties":{"nome":"","tipo":"stream"},"geometry":{"type":"LineString","coordinates":[[-55.845,-22.5149],[-55.8461,-22.5152],[-55.8502,-22.5178]]}},{"type":"Feature","properties":{"nome":"","tipo":"stream"},"geometry":{"type":"LineString","coordinates":[[-55.8578,-22.5201],[-55.8591,-22.5177],[-55.8598,-22.5153]]}},{"type":"Feature","properties":{"nome":"","tipo":"stream"},"geometry":{"type":"LineString","coordinates":[[-55.8547,-22.5115],[-55.8557,-22.5122],[-55.8565,-22.5142],[-55.8571,-22.5145]]}},{"type":"Feature","properties":{"nome":"","tipo":"stream"},"geometry":{"type":"LineString","coordinates":[[-55.8608,-22.5082],[-55.8644,-22.5099]]}},{"type":"Feature","properties":{"nome":"","tipo":"stream"},"geometry":{"type":"LineString","coordinates":[[-55.8709,-22.5119],[-55.8724,-22.5134],[-55.8743,-22.5138],[-55.8745,-22.5152]]}},{"type":"Feature","properties":{"nome":"","tipo":"stream"},"geometry":{"type":"LineString","coordinates":[[-55.8986,-22.4767],[-55.8963,-22.4769],[-55.8942,-22.4785],[-55.8935,-22.4807],[-55.894,-22.4813],[-55.8931,-22.4824],[-55.8939,-22.4828],[-55.8938,-22.4839],[-55.8923,-22.4855],[-55.8937,-22.4885],[-55.8931,-22.4933],[-55.8939,-22.4953],[-55.8948,-22.4957],[-55.8962,-22.4989],[-55.8972,-22.4998],[-55.8981,-22.5033],[-55.8967,-22.5047],[-55.896,-22.5046],[-55.8952,-22.5056],[-55.8929,-22.5115],[-55.8909,-22.5134],[-55.8893,-22.5134],[-55.8873,-22.5157],[-55.8865,-22.5177],[-55.8884,-22.5177],[-55.8884,-22.5197]]}},{"type":"Feature","properties":{"nome":"","tipo":"stream"},"geometry":{"type":"LineString","coordinates":[[-55.8876,-22.5103],[-55.8869,-22.5112],[-55.8874,-22.5122],[-55.8875,-22.5137],[-55.8883,-22.5145]]}},{"type":"Feature","properties":{"nome":"","tipo":"stream"},"geometry":{"type":"LineString","coordinates":[[-55.8895,-22.5085],[-55.8936,-22.5092]]}},{"type":"Feature","properties":{"nome":"","tipo":"stream"},"geometry":{"type":"LineString","coordinates":[[-55.8931,-22.5019],[-55.8945,-22.5019],[-55.8954,-22.5012]]}},{"type":"Feature","properties":{"nome":"","tipo":"stream"},"geometry":{"type":"LineString","coordinates":[[-55.8927,-22.4999],[-55.893,-22.5005],[-55.8965,-22.5017],[-55.8974,-22.5016]]}},{"type":"Feature","properties":{"nome":"","tipo":"stream"},"geometry":{"type":"LineString","coordinates":[[-55.9017,-22.4971],[-55.8972,-22.4999]]}},{"type":"Feature","properties":{"nome":"","tipo":"stream"},"geometry":{"type":"LineString","coordinates":[[-55.9052,-22.4832],[-55.9057,-22.4847],[-55.9057,-22.4867],[-55.9042,-22.4898]]}},{"type":"Feature","properties":{"nome":"","tipo":"stream"},"geometry":{"type":"LineString","coordinates":[[-55.9091,-22.4896],[-55.9073,-22.4901],[-55.904,-22.4898],[-55.9012,-22.4917],[-55.896,-22.4937],[-55.8946,-22.4956]]}},{"type":"Feature","properties":{"nome":"","tipo":"stream"},"geometry":{"type":"LineString","coordinates":[[-55.8884,-22.4937],[-55.8917,-22.496],[-55.8933,-22.4962],[-55.894,-22.497],[-55.8957,-22.4975]]}},{"type":"Feature","properties":{"nome":"","tipo":"stream"},"geometry":{"type":"LineString","coordinates":[[-55.8883,-22.4837],[-55.8907,-22.4847],[-55.891,-22.4857],[-55.8925,-22.4862]]}},{"type":"Feature","properties":{"nome":"","tipo":"stream"},"geometry":{"type":"LineString","coordinates":[[-55.9089,-22.512],[-55.9055,-22.5087],[-55.8967,-22.5113],[-55.8945,-22.5109],[-55.893,-22.5114]]}},{"type":"Feature","properties":{"nome":"","tipo":"stream"},"geometry":{"type":"LineString","coordinates":[[-55.9076,-22.5073],[-55.907,-22.5087],[-55.9062,-22.5089]]}},{"type":"Feature","properties":{"nome":"","tipo":"stream"},"geometry":{"type":"LineString","coordinates":[[-55.902,-22.5113],[-55.9022,-22.5096]]}},{"type":"Feature","properties":{"nome":"","tipo":"stream"},"geometry":{"type":"LineString","coordinates":[[-55.8861,-22.5031],[-55.889,-22.5058],[-55.8924,-22.5064],[-55.8942,-22.5084]]}},{"type":"Feature","properties":{"nome":"","tipo":"stream"},"geometry":{"type":"LineString","coordinates":[[-55.8956,-22.5024],[-55.8961,-22.5045]]}},{"type":"Feature","properties":{"nome":"","tipo":"stream"},"geometry":{"type":"LineString","coordinates":[[-55.9171,-22.5012],[-55.9148,-22.5022],[-55.9132,-22.5035],[-55.9119,-22.5038],[-55.9043,-22.5029],[-55.9026,-22.5021],[-55.9003,-22.502],[-55.8996,-22.5015],[-55.898,-22.5027]]}},{"type":"Feature","properties":{"nome":"","tipo":"stream"},"geometry":{"type":"LineString","coordinates":[[-55.9042,-22.5051],[-55.9032,-22.5046],[-55.9015,-22.502]]}},{"type":"Feature","properties":{"nome":"","tipo":"stream"},"geometry":{"type":"LineString","coordinates":[[-55.9144,-22.508],[-55.9116,-22.5047],[-55.9113,-22.5038]]}},{"type":"Feature","properties":{"nome":"","tipo":"stream"},"geometry":{"type":"LineString","coordinates":[[-55.911,-22.4954],[-55.9033,-22.4983],[-55.8999,-22.5006],[-55.8996,-22.5015]]}},{"type":"Feature","properties":{"nome":"","tipo":"stream"},"geometry":{"type":"LineString","coordinates":[[-55.8987,-22.5058],[-55.8967,-22.5057],[-55.8958,-22.5066],[-55.8949,-22.5068]]}},{"type":"Feature","properties":{"nome":"","tipo":"stream"},"geometry":{"type":"LineString","coordinates":[[-55.8851,-22.4891],[-55.8885,-22.4907],[-55.8918,-22.4912],[-55.8931,-22.4919]]}},{"type":"Feature","properties":{"nome":"","tipo":"stream"},"geometry":{"type":"LineString","coordinates":[[-55.8996,-22.5154],[-55.899,-22.5168],[-55.8957,-22.5181],[-55.8934,-22.5205],[-55.8932,-22.5216]]}},{"type":"Feature","properties":{"nome":"","tipo":"stream"},"geometry":{"type":"LineString","coordinates":[[-55.8631,-22.5372],[-55.8625,-22.5382]]}},{"type":"Feature","properties":{"nome":"","tipo":"stream"},"geometry":{"type":"LineString","coordinates":[[-55.8654,-22.5384],[-55.8615,-22.5384]]}},{"type":"Feature","properties":{"nome":"","tipo":"stream"},"geometry":{"type":"LineString","coordinates":[[-55.8642,-22.5328],[-55.8687,-22.5329],[-55.8699,-22.5322]]}},{"type":"Feature","properties":{"nome":"","tipo":"stream"},"geometry":{"type":"LineString","coordinates":[[-55.8688,-22.5263],[-55.8704,-22.5324]]}},{"type":"Feature","properties":{"nome":"","tipo":"stream"},"geometry":{"type":"LineString","coordinates":[[-55.8632,-22.5248],[-55.8641,-22.5262],[-55.8664,-22.5278],[-55.8668,-22.5296]]}},{"type":"Feature","properties":{"nome":"","tipo":"stream"},"geometry":{"type":"LineString","coordinates":[[-55.8543,-22.5286],[-55.8564,-22.5289],[-55.8614,-22.5286],[-55.8627,-22.5279]]}},{"type":"Feature","properties":{"nome":"","tipo":"stream"},"geometry":{"type":"LineString","coordinates":[[-55.8785,-22.5378],[-55.8793,-22.5384],[-55.8802,-22.538]]}},{"type":"Feature","properties":{"nome":"","tipo":"stream"},"geometry":{"type":"LineString","coordinates":[[-55.8756,-22.529],[-55.8751,-22.5324]]}},{"type":"Feature","properties":{"nome":"","tipo":"stream"},"geometry":{"type":"LineString","coordinates":[[-55.8711,-22.5305],[-55.8724,-22.5315],[-55.8751,-22.5324],[-55.8761,-22.5347],[-55.8781,-22.5366],[-55.8817,-22.5385]]}},{"type":"Feature","properties":{"nome":"","tipo":"stream"},"geometry":{"type":"LineString","coordinates":[[-55.8795,-22.5348],[-55.8776,-22.5349],[-55.8771,-22.5355]]}},{"type":"Feature","properties":{"nome":"","tipo":"stream"},"geometry":{"type":"LineString","coordinates":[[-55.8807,-22.5291],[-55.8753,-22.532]]}},{"type":"Feature","properties":{"nome":"","tipo":"stream"},"geometry":{"type":"LineString","coordinates":[[-55.8771,-22.537],[-55.8775,-22.539]]}},{"type":"Feature","properties":{"nome":"","tipo":"stream"},"geometry":{"type":"LineString","coordinates":[[-55.8804,-22.5301],[-55.8798,-22.532],[-55.8804,-22.5347],[-55.8803,-22.5365],[-55.881,-22.5372],[-55.8833,-22.538]]}},{"type":"Feature","properties":{"nome":"","tipo":"stream"},"geometry":{"type":"LineString","coordinates":[[-55.882,-22.5302],[-55.8814,-22.5338]]}},{"type":"Feature","properties":{"nome":"","tipo":"stream"},"geometry":{"type":"LineString","coordinates":[[-55.8851,-22.5329],[-55.8839,-22.5326],[-55.883,-22.533]]}},{"type":"Feature","properties":{"nome":"","tipo":"stream"},"geometry":{"type":"LineString","coordinates":[[-55.8832,-22.5317],[-55.883,-22.5331],[-55.8814,-22.5338],[-55.8804,-22.5355]]}},{"type":"Feature","properties":{"nome":"","tipo":"stream"},"geometry":{"type":"LineString","coordinates":[[-55.889,-22.5346],[-55.888,-22.5368]]}},{"type":"Feature","properties":{"nome":"","tipo":"river"},"geometry":{"type":"LineString","coordinates":[[-56.0471,-22.6401],[-56.0495,-22.6433],[-56.0502,-22.6431],[-56.0499,-22.6409],[-56.0466,-22.6387],[-56.0473,-22.6384],[-56.048,-22.6392]]}},{"type":"Feature","properties":{"nome":"","tipo":"river"},"geometry":{"type":"LineString","coordinates":[[-56.0137,-22.6281],[-56.0154,-22.6282]]}},{"type":"Feature","properties":{"nome":"","tipo":"stream"},"geometry":{"type":"LineString","coordinates":[[-55.8747,-22.3582],[-55.8744,-22.3592],[-55.8724,-22.361],[-55.871,-22.3616],[-55.87,-22.363]]}},{"type":"Feature","properties":{"nome":"","tipo":"stream"},"geometry":{"type":"LineString","coordinates":[[-55.9135,-22.3924],[-55.9155,-22.3915]]}},{"type":"Feature","properties":{"nome":"","tipo":"stream"},"geometry":{"type":"LineString","coordinates":[[-55.914,-22.391],[-55.9162,-22.3917],[-55.9165,-22.3923]]}},{"type":"Feature","properties":{"nome":"","tipo":"stream"},"geometry":{"type":"LineString","coordinates":[[-55.9263,-22.4033],[-55.9284,-22.4032],[-55.9292,-22.4036]]}},{"type":"Feature","properties":{"nome":"","tipo":"stream"},"geometry":{"type":"LineString","coordinates":[[-55.9796,-22.4713],[-55.9783,-22.4728]]}},{"type":"Feature","properties":{"nome":"","tipo":"stream"},"geometry":{"type":"LineString","coordinates":[[-55.9736,-22.4773],[-55.9744,-22.4795]]}},{"type":"Feature","properties":{"nome":"","tipo":"stream"},"geometry":{"type":"LineString","coordinates":[[-55.997,-22.4593],[-55.9968,-22.4648],[-55.995,-22.4674],[-55.9954,-22.4703],[-55.9946,-22.4723],[-55.9919,-22.4738],[-55.9915,-22.4748],[-55.9897,-22.4757],[-55.9873,-22.478],[-55.9856,-22.4787],[-55.9846,-22.4786],[-55.9841,-22.4799],[-55.9822,-22.4813],[-55.9821,-22.4827],[-55.9813,-22.4842],[-55.9803,-22.485],[-55.978,-22.4854]]}},{"type":"Feature","properties":{"nome":"","tipo":"stream"},"geometry":{"type":"LineString","coordinates":[[-55.9897,-22.4628],[-55.9875,-22.4642]]}},{"type":"Feature","properties":{"nome":"","tipo":"stream"},"geometry":{"type":"LineString","coordinates":[[-55.986,-22.4601],[-55.9851,-22.4606],[-55.985,-22.4612],[-55.9873,-22.4636],[-55.9876,-22.465],[-55.9852,-22.471],[-55.985,-22.4733],[-55.9868,-22.4764],[-55.9864,-22.478],[-55.9854,-22.4785]]}},{"type":"Feature","properties":{"nome":"","tipo":"stream"},"geometry":{"type":"LineString","coordinates":[[-55.9842,-22.4653],[-55.9857,-22.4668],[-55.9862,-22.4685]]}},{"type":"Feature","properties":{"nome":"","tipo":"stream"},"geometry":{"type":"LineString","coordinates":[[-55.9847,-22.4636],[-55.9856,-22.4647],[-55.9858,-22.4671]]}},{"type":"Feature","properties":{"nome":"","tipo":"stream"},"geometry":{"type":"LineString","coordinates":[[-55.9982,-22.4666],[-55.996,-22.4662]]}},{"type":"Feature","properties":{"nome":"","tipo":"stream"},"geometry":{"type":"LineString","coordinates":[[-55.9996,-22.464],[-55.9967,-22.4652]]}},{"type":"Feature","properties":{"nome":"","tipo":"stream"},"geometry":{"type":"LineString","coordinates":[[-55.9993,-22.461],[-55.9971,-22.463]]}},{"type":"Feature","properties":{"nome":"","tipo":"stream"},"geometry":{"type":"LineString","coordinates":[[-56.0016,-22.4736],[-55.9983,-22.4738],[-55.9963,-22.4725],[-55.9945,-22.4724]]}},{"type":"Feature","properties":{"nome":"","tipo":"stream"},"geometry":{"type":"LineString","coordinates":[[-56.0012,-22.4714],[-55.9983,-22.4738]]}},{"type":"Feature","properties":{"nome":"","tipo":"stream"},"geometry":{"type":"LineString","coordinates":[[-55.9996,-22.4706],[-55.9982,-22.4701],[-55.9954,-22.4701]]}},{"type":"Feature","properties":{"nome":"","tipo":"stream"},"geometry":{"type":"LineString","coordinates":[[-55.9906,-22.4655],[-55.9916,-22.467],[-55.9952,-22.4684]]}},{"type":"Feature","properties":{"nome":"","tipo":"stream"},"geometry":{"type":"LineString","coordinates":[[-55.9923,-22.4621],[-55.9932,-22.4645],[-55.9956,-22.4665]]}},{"type":"Feature","properties":{"nome":"","tipo":"stream"},"geometry":{"type":"LineString","coordinates":[[-55.9971,-22.4798],[-55.9951,-22.4799],[-55.9933,-22.4782],[-55.9903,-22.4768],[-55.9881,-22.4772]]}},{"type":"Feature","properties":{"nome":"","tipo":"stream"},"geometry":{"type":"LineString","coordinates":[[-55.983,-22.4868],[-55.9811,-22.4862],[-55.9801,-22.485]]}},{"type":"Feature","properties":{"nome":"","tipo":"stream"},"geometry":{"type":"LineString","coordinates":[[-55.9536,-22.4917],[-55.9581,-22.492],[-55.9612,-22.4907],[-55.9626,-22.4906]]}},{"type":"Feature","properties":{"nome":"","tipo":"stream"},"geometry":{"type":"LineString","coordinates":[[-55.966,-22.4971],[-55.9703,-22.4955],[-55.9726,-22.4938],[-55.9739,-22.4918]]}},{"type":"Feature","properties":{"nome":"","tipo":"stream"},"geometry":{"type":"LineString","coordinates":[[-55.9607,-22.4982],[-55.9621,-22.4975],[-55.9638,-22.4954],[-55.9659,-22.4906]]}},{"type":"Feature","properties":{"nome":"","tipo":"stream"},"geometry":{"type":"LineString","coordinates":[[-55.9049,-22.5153],[-55.9041,-22.5188],[-55.9029,-22.5204],[-55.9026,-22.5219],[-55.8992,-22.5249],[-55.899,-22.5258]]}},{"type":"Feature","properties":{"nome":"","tipo":"stream"},"geometry":{"type":"LineString","coordinates":[[-55.9076,-22.5174],[-55.9057,-22.5183],[-55.9046,-22.5195],[-55.9034,-22.5198]]}},{"type":"Feature","properties":{"nome":"","tipo":"stream"},"geometry":{"type":"LineString","coordinates":[[-55.8998,-22.5253],[-55.8993,-22.5249]]}},{"type":"Feature","properties":{"nome":"","tipo":"stream"},"geometry":{"type":"LineString","coordinates":[[-55.9055,-22.5317],[-55.9048,-22.5317],[-55.9036,-22.5307],[-55.902,-22.5311],[-55.9003,-22.5306]]}},{"type":"Feature","properties":{"nome":"","tipo":"stream"},"geometry":{"type":"LineString","coordinates":[[-55.9079,-22.5284],[-55.9026,-22.5284],[-55.9017,-22.5297],[-55.9013,-22.5295],[-55.9002,-22.5302]]}},{"type":"Feature","properties":{"nome":"","tipo":"stream"},"geometry":{"type":"LineString","coordinates":[[-55.8939,-22.5522],[-55.8971,-22.5475],[-55.8998,-22.5458],[-55.9011,-22.5458],[-55.9023,-22.545]]}},{"type":"Feature","properties":{"nome":"","tipo":"stream"},"geometry":{"type":"LineString","coordinates":[[-55.8843,-22.5526],[-55.8886,-22.5509],[-55.8899,-22.5497],[-55.8912,-22.547],[-55.8927,-22.5454],[-55.8933,-22.5435],[-55.8928,-22.5416],[-55.8941,-22.5399]]}},{"type":"Feature","properties":{"nome":"","tipo":"stream"},"geometry":{"type":"LineString","coordinates":[[-55.9455,-22.5326],[-55.9424,-22.5344],[-55.938,-22.5348],[-55.9362,-22.5359],[-55.9335,-22.5386],[-55.9331,-22.5402],[-55.9311,-22.5432],[-55.9265,-22.5454],[-55.926,-22.5465],[-55.9235,-22.5473],[-55.9221,-22.5487],[-55.9207,-22.5492],[-55.9183,-22.5512],[-55.9173,-22.5526],[-55.9169,-22.5539]]}},{"type":"Feature","properties":{"nome":"","tipo":"stream"},"geometry":{"type":"LineString","coordinates":[[-55.9389,-22.5362],[-55.9369,-22.5355]]}},{"type":"Feature","properties":{"nome":"","tipo":"stream"},"geometry":{"type":"LineString","coordinates":[[-55.9364,-22.5343],[-55.9363,-22.5358]]}},{"type":"Feature","properties":{"nome":"","tipo":"stream"},"geometry":{"type":"LineString","coordinates":[[-55.9351,-22.5346],[-55.9358,-22.5364]]}},{"type":"Feature","properties":{"nome":"","tipo":"stream"},"geometry":{"type":"LineString","coordinates":[[-55.9378,-22.5375],[-55.9365,-22.5378],[-55.9351,-22.5371]]}},{"type":"Feature","properties":{"nome":"","tipo":"stream"},"geometry":{"type":"LineString","coordinates":[[-55.9377,-22.5392],[-55.9363,-22.5403],[-55.933,-22.5403]]}},{"type":"Feature","properties":{"nome":"","tipo":"stream"},"geometry":{"type":"LineString","coordinates":[[-55.9212,-22.5114],[-55.921,-22.5134],[-55.9228,-22.5151],[-55.9231,-22.519],[-55.921,-22.5219],[-55.9149,-22.5265],[-55.9133,-22.5282],[-55.9126,-22.5304],[-55.911,-22.5313],[-55.9114,-22.5329],[-55.9109,-22.5343],[-55.9096,-22.5357],[-55.9101,-22.5373],[-55.9098,-22.54],[-55.9103,-22.5404],[-55.9122,-22.5407]]}},{"type":"Feature","properties":{"nome":"","tipo":"stream"},"geometry":{"type":"LineString","coordinates":[[-55.9186,-22.5296],[-55.9176,-22.5289],[-55.9167,-22.529],[-55.9142,-22.5297],[-55.9137,-22.5304],[-55.9125,-22.5305]]}},{"type":"Feature","properties":{"nome":"","tipo":"stream"},"geometry":{"type":"LineString","coordinates":[[-55.9246,-22.5124],[-55.923,-22.5157]]}},{"type":"Feature","properties":{"nome":"","tipo":"stream"},"geometry":{"type":"LineString","coordinates":[[-55.9334,-22.5187],[-55.9309,-22.5189],[-55.9279,-22.5199],[-55.9254,-22.5191],[-55.9231,-22.519]]}},{"type":"Feature","properties":{"nome":"","tipo":"stream"},"geometry":{"type":"LineString","coordinates":[[-55.9311,-22.52],[-55.9279,-22.5199]]}},{"type":"Feature","properties":{"nome":"","tipo":"stream"},"geometry":{"type":"LineString","coordinates":[[-55.9295,-22.5158],[-55.9266,-22.5166],[-55.9236,-22.5191]]}},{"type":"Feature","properties":{"nome":"","tipo":"stream"},"geometry":{"type":"LineString","coordinates":[[-55.9265,-22.5258],[-55.9258,-22.5244]]}},{"type":"Feature","properties":{"nome":"","tipo":"stream"},"geometry":{"type":"LineString","coordinates":[[-55.9287,-22.5217],[-55.9281,-22.5214],[-55.9276,-22.52]]}},{"type":"Feature","properties":{"nome":"","tipo":"stream"},"geometry":{"type":"LineString","coordinates":[[-55.9287,-22.5223],[-55.9257,-22.5244]]}},{"type":"Feature","properties":{"nome":"","tipo":"stream"},"geometry":{"type":"LineString","coordinates":[[-55.9259,-22.5225],[-55.9245,-22.523],[-55.9235,-22.5241]]}},{"type":"Feature","properties":{"nome":"","tipo":"stream"},"geometry":{"type":"LineString","coordinates":[[-55.9292,-22.525],[-55.9284,-22.5245],[-55.9236,-22.5241],[-55.9194,-22.523]]}},{"type":"Feature","properties":{"nome":"","tipo":"stream"},"geometry":{"type":"LineString","coordinates":[[-55.9243,-22.5223],[-55.9212,-22.5217]]}},{"type":"Feature","properties":{"nome":"","tipo":"stream"},"geometry":{"type":"LineString","coordinates":[[-55.9245,-22.5212],[-55.9217,-22.521]]}},{"type":"Feature","properties":{"nome":"","tipo":"stream"},"geometry":{"type":"LineString","coordinates":[[-55.9179,-22.512],[-55.916,-22.5129],[-55.9143,-22.515],[-55.9132,-22.5182],[-55.9141,-22.5195],[-55.9168,-22.5212],[-55.9177,-22.5243]]}},{"type":"Feature","properties":{"nome":"","tipo":"stream"},"geometry":{"type":"LineString","coordinates":[[-55.9124,-22.5241],[-55.9131,-22.5263],[-55.9143,-22.5271]]}},{"type":"Feature","properties":{"nome":"","tipo":"stream"},"geometry":{"type":"LineString","coordinates":[[-55.9127,-22.5335],[-55.9125,-22.5349],[-55.9106,-22.5357],[-55.9101,-22.537]]}},{"type":"Feature","properties":{"nome":"","tipo":"stream"},"geometry":{"type":"LineString","coordinates":[[-55.9126,-22.5372],[-55.9099,-22.5389]]}},{"type":"Feature","properties":{"nome":"","tipo":"stream"},"geometry":{"type":"LineString","coordinates":[[-55.9374,-22.5225],[-55.937,-22.5239],[-55.9361,-22.5247],[-55.9352,-22.5263],[-55.9326,-22.5281],[-55.9296,-22.529],[-55.9277,-22.5301],[-55.9268,-22.5314],[-55.9265,-22.533],[-55.9244,-22.5348],[-55.9224,-22.538],[-55.9175,-22.5394],[-55.9173,-22.5403]]}},{"type":"Feature","properties":{"nome":"","tipo":"stream"},"geometry":{"type":"LineString","coordinates":[[-55.9325,-22.5339],[-55.9302,-22.5356],[-55.928,-22.5357],[-55.9255,-22.5369],[-55.9233,-22.5369]]}},{"type":"Feature","properties":{"nome":"","tipo":"stream"},"geometry":{"type":"LineString","coordinates":[[-55.9224,-22.5315],[-55.9225,-22.5325],[-55.924,-22.5354]]}},{"type":"Feature","properties":{"nome":"","tipo":"stream"},"geometry":{"type":"LineString","coordinates":[[-55.9396,-22.5294],[-55.9353,-22.5297],[-55.9326,-22.5281]]}},{"type":"Feature","properties":{"nome":"","tipo":"stream"},"geometry":{"type":"LineString","coordinates":[[-55.9332,-22.5309],[-55.9305,-22.5288]]}},{"type":"Feature","properties":{"nome":"","tipo":"stream"},"geometry":{"type":"LineString","coordinates":[[-55.9306,-22.5254],[-55.9314,-22.5259],[-55.9314,-22.5283]]}},{"type":"Feature","properties":{"nome":"","tipo":"stream"},"geometry":{"type":"LineString","coordinates":[[-55.9305,-22.5305],[-55.9286,-22.5298]]}},{"type":"Feature","properties":{"nome":"","tipo":"stream"},"geometry":{"type":"LineString","coordinates":[[-55.9282,-22.5487],[-55.9265,-22.5483],[-55.9252,-22.5468]]}},{"type":"Feature","properties":{"nome":"","tipo":"stream"},"geometry":{"type":"LineString","coordinates":[[-55.9323,-22.5482],[-55.9294,-22.5474],[-55.927,-22.5452]]}},{"type":"Feature","properties":{"nome":"","tipo":"stream"},"geometry":{"type":"LineString","coordinates":[[-55.9317,-22.5473],[-55.9301,-22.5453]]}},{"type":"Feature","properties":{"nome":"","tipo":"stream"},"geometry":{"type":"LineString","coordinates":[[-55.9372,-22.5469],[-55.9361,-22.5464],[-55.9332,-22.5465],[-55.9311,-22.5452],[-55.9283,-22.5448]]}},{"type":"Feature","properties":{"nome":"","tipo":"stream"},"geometry":{"type":"LineString","coordinates":[[-55.9356,-22.545],[-55.9344,-22.5444],[-55.933,-22.5444]]}},{"type":"Feature","properties":{"nome":"","tipo":"stream"},"geometry":{"type":"LineString","coordinates":[[-55.936,-22.5454],[-55.9345,-22.5455],[-55.9326,-22.5441],[-55.9301,-22.5436]]}},{"type":"Feature","properties":{"nome":"","tipo":"stream"},"geometry":{"type":"LineString","coordinates":[[-55.9363,-22.5435],[-55.935,-22.5426]]}},{"type":"Feature","properties":{"nome":"","tipo":"stream"},"geometry":{"type":"LineString","coordinates":[[-55.9373,-22.5431],[-55.9362,-22.5424],[-55.9325,-22.5424],[-55.9313,-22.5429]]}},{"type":"Feature","properties":{"nome":"","tipo":"stream"},"geometry":{"type":"LineString","coordinates":[[-55.9087,-22.5559],[-55.9104,-22.5565],[-55.9113,-22.5578],[-55.9116,-22.5596],[-55.9127,-22.5602]]}},{"type":"Feature","properties":{"nome":"","tipo":"stream"},"geometry":{"type":"LineString","coordinates":[[-55.9369,-22.5601],[-55.935,-22.5601],[-55.9328,-22.5609],[-55.931,-22.5606],[-55.9293,-22.561],[-55.9271,-22.5604],[-55.9253,-22.5606],[-55.9246,-22.5611]]}},{"type":"Feature","properties":{"nome":"","tipo":"stream"},"geometry":{"type":"LineString","coordinates":[[-55.9427,-22.5497],[-55.9418,-22.5507],[-55.9358,-22.5515],[-55.9284,-22.5555],[-55.9276,-22.5564],[-55.9255,-22.5566],[-55.9223,-22.5596],[-55.9223,-22.5608],[-55.9233,-22.5615]]}},{"type":"Feature","properties":{"nome":"","tipo":"stream"},"geometry":{"type":"LineString","coordinates":[[-55.9379,-22.5557],[-55.9344,-22.5562],[-55.9312,-22.5543]]}},{"type":"Feature","properties":{"nome":"","tipo":"stream"},"geometry":{"type":"LineString","coordinates":[[-55.9304,-22.5525],[-55.9308,-22.5545]]}},{"type":"Feature","properties":{"nome":"","tipo":"stream"},"geometry":{"type":"LineString","coordinates":[[-55.9321,-22.551],[-55.9325,-22.5534]]}},{"type":"Feature","properties":{"nome":"","tipo":"stream"},"geometry":{"type":"LineString","coordinates":[[-55.936,-22.5474],[-55.9335,-22.5499],[-55.9335,-22.5511],[-55.9343,-22.5524]]}},{"type":"Feature","properties":{"nome":"","tipo":"stream"},"geometry":{"type":"LineString","coordinates":[[-55.9345,-22.5492],[-55.9341,-22.5521]]}},{"type":"Feature","properties":{"nome":"","tipo":"stream"},"geometry":{"type":"LineString","coordinates":[[-55.9354,-22.549],[-55.9355,-22.5517]]}},{"type":"Feature","properties":{"nome":"","tipo":"stream"},"geometry":{"type":"LineString","coordinates":[[-55.9371,-22.5527],[-55.9358,-22.5515]]}},{"type":"Feature","properties":{"nome":"","tipo":"stream"},"geometry":{"type":"LineString","coordinates":[[-55.9376,-22.5482],[-55.9367,-22.5512]]}},{"type":"Feature","properties":{"nome":"","tipo":"stream"},"geometry":{"type":"LineString","coordinates":[[-55.9363,-22.5489],[-55.9367,-22.5506]]}},{"type":"Feature","properties":{"nome":"","tipo":"stream"},"geometry":{"type":"LineString","coordinates":[[-55.9439,-22.5523],[-55.9401,-22.5531],[-55.9382,-22.5512]]}},{"type":"Feature","properties":{"nome":"","tipo":"stream"},"geometry":{"type":"LineString","coordinates":[[-55.9418,-22.5542],[-55.9402,-22.5531]]}},{"type":"Feature","properties":{"nome":"","tipo":"stream"},"geometry":{"type":"LineString","coordinates":[[-55.9414,-22.5515],[-55.9403,-22.5519],[-55.9389,-22.5516]]}},{"type":"Feature","properties":{"nome":"","tipo":"stream"},"geometry":{"type":"LineString","coordinates":[[-55.9414,-22.5494],[-55.9403,-22.5498],[-55.9398,-22.5508]]}},{"type":"Feature","properties":{"nome":"","tipo":"stream"},"geometry":{"type":"LineString","coordinates":[[-55.941,-22.5477],[-55.937,-22.5512]]}},{"type":"Feature","properties":{"nome":"","tipo":"stream"},"geometry":{"type":"LineString","coordinates":[[-55.9384,-22.5466],[-55.938,-22.5502]]}},{"type":"Feature","properties":{"nome":"","tipo":"stream"},"geometry":{"type":"LineString","coordinates":[[-55.9193,-22.5734],[-55.921,-22.572]]}},{"type":"Feature","properties":{"nome":"","tipo":"stream"},"geometry":{"type":"LineString","coordinates":[[-55.9171,-22.5726],[-55.9195,-22.5699],[-55.9206,-22.5701]]}},{"type":"Feature","properties":{"nome":"","tipo":"stream"},"geometry":{"type":"LineString","coordinates":[[-55.9157,-22.5723],[-55.9128,-22.5706],[-55.9128,-22.5695]]}},{"type":"Feature","properties":{"nome":"","tipo":"stream"},"geometry":{"type":"LineString","coordinates":[[-55.888,-22.5748],[-55.8892,-22.5748],[-55.8918,-22.5726]]}},{"type":"Feature","properties":{"nome":"","tipo":"stream"},"geometry":{"type":"LineString","coordinates":[[-55.8845,-22.5734],[-55.8926,-22.5725],[-55.8957,-22.5702],[-55.8962,-22.5682],[-55.8976,-22.5679],[-55.8984,-22.5685],[-55.8991,-22.5683]]}},{"type":"Feature","properties":{"nome":"","tipo":"stream"},"geometry":{"type":"LineString","coordinates":[[-55.9028,-22.5631],[-55.9024,-22.5644],[-55.9007,-22.5659],[-55.9,-22.5673],[-55.9004,-22.5683],[-55.8999,-22.5686]]}},{"type":"Feature","properties":{"nome":"","tipo":"stream"},"geometry":{"type":"LineString","coordinates":[[-55.901,-22.5624],[-55.8999,-22.5628],[-55.8983,-22.5659],[-55.8974,-22.5662]]}},{"type":"Feature","properties":{"nome":"","tipo":"stream"},"geometry":{"type":"LineString","coordinates":[[-55.8932,-22.5612],[-55.8926,-22.5623],[-55.8929,-22.5633]]}},{"type":"Feature","properties":{"nome":"","tipo":"stream"},"geometry":{"type":"LineString","coordinates":[[-55.8914,-22.5583],[-55.8915,-22.562],[-55.891,-22.5636]]}},{"type":"Feature","properties":{"nome":"","tipo":"stream"},"geometry":{"type":"LineString","coordinates":[[-55.8895,-22.5603],[-55.8887,-22.5637]]}},{"type":"Feature","properties":{"nome":"","tipo":"stream"},"geometry":{"type":"LineString","coordinates":[[-55.8751,-22.5527],[-55.8766,-22.5535],[-55.8768,-22.5543],[-55.8788,-22.5542],[-55.8815,-22.5563],[-55.8828,-22.5598],[-55.8842,-22.5607],[-55.8853,-22.5622],[-55.8872,-22.5629],[-55.888,-22.5639],[-55.8896,-22.5638]]}},{"type":"Feature","properties":{"nome":"","tipo":"stream"},"geometry":{"type":"LineString","coordinates":[[-55.8761,-22.5569],[-55.8784,-22.5579],[-55.8808,-22.5602],[-55.8834,-22.5604]]}},{"type":"Feature","properties":{"nome":"","tipo":"stream"},"geometry":{"type":"LineString","coordinates":[[-55.8821,-22.5768],[-55.8811,-22.5759],[-55.881,-22.5744]]}},{"type":"Feature","properties":{"nome":"","tipo":"stream"},"geometry":{"type":"LineString","coordinates":[[-55.8843,-22.5761],[-55.8799,-22.5736],[-55.8789,-22.5703]]}},{"type":"Feature","properties":{"nome":"","tipo":"stream"},"geometry":{"type":"LineString","coordinates":[[-55.8818,-22.5735],[-55.8799,-22.5737]]}},{"type":"Feature","properties":{"nome":"","tipo":"stream"},"geometry":{"type":"LineString","coordinates":[[-55.8769,-22.5759],[-55.8782,-22.5736],[-55.8793,-22.5727]]}},{"type":"Feature","properties":{"nome":"","tipo":"stream"},"geometry":{"type":"LineString","coordinates":[[-55.873,-22.573],[-55.8732,-22.5724],[-55.8753,-22.5716]]}},{"type":"Feature","properties":{"nome":"","tipo":"stream"},"geometry":{"type":"LineString","coordinates":[[-55.8709,-22.5771],[-55.8715,-22.5752],[-55.8706,-22.5739],[-55.8706,-22.573],[-55.871,-22.5714],[-55.8716,-22.5711]]}},{"type":"Feature","properties":{"nome":"","tipo":"stream"},"geometry":{"type":"LineString","coordinates":[[-55.8747,-22.5595],[-55.8728,-22.5609],[-55.8718,-22.5634],[-55.8724,-22.5642]]}},{"type":"Feature","properties":{"nome":"","tipo":"stream"},"geometry":{"type":"LineString","coordinates":[[-55.8529,-22.601],[-55.8529,-22.6],[-55.8514,-22.599],[-55.8502,-22.5968],[-55.8512,-22.5948],[-55.8509,-22.5921],[-55.8513,-22.5908],[-55.851,-22.5897],[-55.8517,-22.5888],[-55.8533,-22.5829],[-55.8545,-22.5816],[-55.8556,-22.5813],[-55.8585,-22.5791],[-55.86,-22.5789],[-55.861,-22.5767],[-55.8618,-22.5764],[-55.8627,-22.577],[-55.8621,-22.5761],[-55.8621,-22.5751],[-55.8638,-22.5737],[-55.8641,-22.5729],[-55.865,-22.5726],[-55.8656,-22.5713],[-55.8683,-22.5708],[-55.8717,-22.5711],[-55.8728,-22.5707],[-55.8737,-22.5713],[-55.8745,-22.5711]]}},{"type":"Feature","properties":{"nome":"","tipo":"stream"},"geometry":{"type":"LineString","coordinates":[[-55.853,-22.597],[-55.8512,-22.5951]]}},{"type":"Feature","properties":{"nome":"","tipo":"stream"},"geometry":{"type":"LineString","coordinates":[[-55.8566,-22.5927],[-55.8513,-22.5905]]}},{"type":"Feature","properties":{"nome":"","tipo":"stream"},"geometry":{"type":"LineString","coordinates":[[-55.8612,-22.5881],[-55.8614,-22.5858],[-55.8622,-22.5844],[-55.86,-22.5789]]}},{"type":"Feature","properties":{"nome":"","tipo":"stream"},"geometry":{"type":"LineString","coordinates":[[-55.8648,-22.582],[-55.8608,-22.5811]]}},{"type":"Feature","properties":{"nome":"","tipo":"stream"},"geometry":{"type":"LineString","coordinates":[[-55.8561,-22.5761],[-55.8572,-22.5761],[-55.8594,-22.5774],[-55.8607,-22.5774]]}},{"type":"Feature","properties":{"nome":"","tipo":"stream"},"geometry":{"type":"LineString","coordinates":[[-55.8593,-22.5721],[-55.8608,-22.5746],[-55.8625,-22.5748]]}},{"type":"Feature","properties":{"nome":"","tipo":"stream"},"geometry":{"type":"LineString","coordinates":[[-55.8696,-22.5751],[-55.8659,-22.5736],[-55.865,-22.5726]]}},{"type":"Feature","properties":{"nome":"","tipo":"stream"},"geometry":{"type":"LineString","coordinates":[[-55.8685,-22.5768],[-55.8652,-22.5769],[-55.8641,-22.576],[-55.8633,-22.5742]]}},{"type":"Feature","properties":{"nome":"","tipo":"stream"},"geometry":{"type":"LineString","coordinates":[[-55.8625,-22.5691],[-55.8649,-22.5721]]}},{"type":"Feature","properties":{"nome":"","tipo":"stream"},"geometry":{"type":"LineString","coordinates":[[-55.869,-22.5674],[-55.8687,-22.5683],[-55.8677,-22.5692],[-55.8674,-22.5709]]}},{"type":"Feature","properties":{"nome":"","tipo":"stream"},"geometry":{"type":"LineString","coordinates":[[-55.8623,-22.5794],[-55.8607,-22.5777]]}},{"type":"Feature","properties":{"nome":"","tipo":"stream"},"geometry":{"type":"LineString","coordinates":[[-55.8463,-22.5908],[-55.851,-22.5895]]}},{"type":"Feature","properties":{"nome":"","tipo":"stream"},"geometry":{"type":"LineString","coordinates":[[-55.8392,-22.5994],[-55.8377,-22.5965]]}},{"type":"Feature","properties":{"nome":"","tipo":"stream"},"geometry":{"type":"LineString","coordinates":[[-55.8333,-22.595],[-55.8354,-22.5907],[-55.8381,-22.5893]]}},{"type":"Feature","properties":{"nome":"","tipo":"stream"},"geometry":{"type":"LineString","coordinates":[[-55.8192,-22.5946],[-55.8225,-22.5937]]}},{"type":"Feature","properties":{"nome":"","tipo":"stream"},"geometry":{"type":"LineString","coordinates":[[-55.8239,-22.5946],[-55.8248,-22.5924],[-55.8249,-22.5909]]}},{"type":"Feature","properties":{"nome":"","tipo":"stream"},"geometry":{"type":"LineString","coordinates":[[-55.826,-22.5951],[-55.8267,-22.5917],[-55.8279,-22.5905],[-55.8282,-22.5891]]}},{"type":"Feature","properties":{"nome":"","tipo":"stream"},"geometry":{"type":"LineString","coordinates":[[-55.822,-22.5963],[-55.8221,-22.5942],[-55.823,-22.5925],[-55.8254,-22.5904],[-55.8273,-22.5894],[-55.8331,-22.5876],[-55.8363,-22.5883],[-55.8384,-22.5882]]}},{"type":"Feature","properties":{"nome":"","tipo":"stream"},"geometry":{"type":"LineString","coordinates":[[-55.8549,-22.5699],[-55.8532,-22.5676]]}},{"type":"Feature","properties":{"nome":"","tipo":"stream"},"geometry":{"type":"LineString","coordinates":[[-55.8485,-22.5622],[-55.8507,-22.5641],[-55.8507,-22.566],[-55.8502,-22.5666]]}},{"type":"Feature","properties":{"nome":"","tipo":"stream"},"geometry":{"type":"LineString","coordinates":[[-55.8407,-22.5646],[-55.8422,-22.5651],[-55.8445,-22.5672],[-55.8497,-22.5662],[-55.8511,-22.5678],[-55.8525,-22.5681]]}},{"type":"Feature","properties":{"nome":"","tipo":"stream"},"geometry":{"type":"LineString","coordinates":[[-55.8399,-22.5704],[-55.842,-22.5683],[-55.8445,-22.5671]]}},{"type":"Feature","properties":{"nome":"","tipo":"stream"},"geometry":{"type":"LineString","coordinates":[[-55.858,-22.5667],[-55.8574,-22.5645],[-55.8568,-22.5642]]}},{"type":"Feature","properties":{"nome":"","tipo":"stream"},"geometry":{"type":"LineString","coordinates":[[-55.8614,-22.5676],[-55.8633,-22.5632]]}},{"type":"Feature","properties":{"nome":"","tipo":"stream"},"geometry":{"type":"LineString","coordinates":[[-55.8652,-22.566],[-55.8661,-22.5649],[-55.8684,-22.5643]]}},{"type":"Feature","properties":{"nome":"","tipo":"stream"},"geometry":{"type":"LineString","coordinates":[[-55.854,-22.5597],[-55.8576,-22.5611],[-55.8593,-22.5624]]}},{"type":"Feature","properties":{"nome":"","tipo":"stream"},"geometry":{"type":"LineString","coordinates":[[-55.9118,-22.5657],[-55.9124,-22.5645],[-55.9122,-22.5625],[-55.9128,-22.5615]]}},{"type":"Feature","properties":{"nome":"","tipo":"stream"},"geometry":{"type":"LineString","coordinates":[[-55.9248,-22.576],[-55.9261,-22.5742],[-55.9261,-22.573]]}},{"type":"Feature","properties":{"nome":"","tipo":"stream"},"geometry":{"type":"LineString","coordinates":[[-55.9402,-22.5625],[-55.9384,-22.5647],[-55.9338,-22.5671]]}},{"type":"Feature","properties":{"nome":"","tipo":"stream"},"geometry":{"type":"LineString","coordinates":[[-55.9365,-22.5622],[-55.9348,-22.5639],[-55.934,-22.5668]]}},{"type":"Feature","properties":{"nome":"","tipo":"stream"},"geometry":{"type":"LineString","coordinates":[[-55.9444,-22.5659],[-55.9375,-22.5652]]}},{"type":"Feature","properties":{"nome":"","tipo":"stream"},"geometry":{"type":"LineString","coordinates":[[-55.9226,-22.4903],[-55.9235,-22.4915],[-55.9268,-22.4928],[-55.9297,-22.4923],[-55.931,-22.4926],[-55.9313,-22.492],[-55.9336,-22.4922],[-55.9366,-22.4935],[-55.9375,-22.4931],[-55.9388,-22.4934],[-55.9396,-22.4949],[-55.9431,-22.4956],[-55.9438,-22.4964],[-55.9439,-22.498],[-55.9456,-22.4985],[-55.9458,-22.499],[-55.9451,-22.4996],[-55.9448,-22.5013],[-55.9428,-22.5039],[-55.9429,-22.5051],[-55.9446,-22.5066],[-55.9471,-22.5064],[-55.948,-22.5078],[-55.9489,-22.5073],[-55.9501,-22.5082],[-55.9514,-22.5085],[-55.9521,-22.5074],[-55.952,-22.5068],[-55.9533,-22.5064],[-55.9545,-22.5072],[-55.9554,-22.507],[-55.9554,-22.5074],[-55.9573,-22.5071],[-55.9599,-22.5078],[-55.9609,-22.5076],[-55.9622,-22.5091],[-55.9639,-22.5092],[-55.9648,-22.5101],[-55.9656,-22.5097],[-55.9675,-22.5102],[-55.9686,-22.5096],[-55.9695,-22.5099],[-55.9705,-22.5088],[-55.9715,-22.5098],[-55.9734,-22.5091],[-55.9734,-22.5097],[-55.975,-22.5107],[-55.9782,-22.5109],[-55.9799,-22.5101],[-55.9801,-22.5108],[-55.9811,-22.5111],[-55.9813,-22.5099],[-55.9835,-22.509],[-55.9849,-22.5069],[-55.9862,-22.5061]]}},{"type":"Feature","properties":{"nome":"","tipo":"stream"},"geometry":{"type":"LineString","coordinates":[[-55.9321,-22.4958],[-55.9344,-22.4927]]}},{"type":"Feature","properties":{"nome":"","tipo":"stream"},"geometry":{"type":"LineString","coordinates":[[-55.9322,-22.4943],[-55.9328,-22.4922]]}},{"type":"Feature","properties":{"nome":"","tipo":"stream"},"geometry":{"type":"LineString","coordinates":[[-55.9342,-22.4983],[-55.9364,-22.4973],[-55.9383,-22.4949],[-55.9392,-22.4946]]}},{"type":"Feature","properties":{"nome":"","tipo":"stream"},"geometry":{"type":"LineString","coordinates":[[-55.9342,-22.4967],[-55.9351,-22.4957],[-55.9364,-22.4952],[-55.9369,-22.4934]]}},{"type":"Feature","properties":{"nome":"","tipo":"stream"},"geometry":{"type":"LineString","coordinates":[[-55.9251,-22.4951],[-55.9266,-22.4942],[-55.9269,-22.4928]]}},{"type":"Feature","properties":{"nome":"","tipo":"stream"},"geometry":{"type":"LineString","coordinates":[[-55.9301,-22.4896],[-55.9319,-22.4906],[-55.9335,-22.4922]]}},{"type":"Feature","properties":{"nome":"","tipo":"stream"},"geometry":{"type":"LineString","coordinates":[[-55.9461,-22.4859],[-55.9455,-22.4863],[-55.945,-22.4878],[-55.943,-22.4887]]}},{"type":"Feature","properties":{"nome":"","tipo":"stream"},"geometry":{"type":"LineString","coordinates":[[-55.9415,-22.4846],[-55.9416,-22.486],[-55.9423,-22.4864],[-55.9431,-22.4889],[-55.9419,-22.491],[-55.9417,-22.4932],[-55.9411,-22.4943],[-55.9413,-22.4952]]}},{"type":"Feature","properties":{"nome":"","tipo":"stream"},"geometry":{"type":"LineString","coordinates":[[-55.9386,-22.4891],[-55.9405,-22.4894],[-55.9419,-22.491]]}},{"type":"Feature","properties":{"nome":"","tipo":"stream"},"geometry":{"type":"LineString","coordinates":[[-55.9444,-22.4933],[-55.9432,-22.4958]]}},{"type":"Feature","properties":{"nome":"","tipo":"stream"},"geometry":{"type":"LineString","coordinates":[[-55.9488,-22.4954],[-55.9457,-22.4974],[-55.9453,-22.4985]]}},{"type":"Feature","properties":{"nome":"","tipo":"stream"},"geometry":{"type":"LineString","coordinates":[[-55.9488,-22.4967],[-55.9462,-22.4995]]}},{"type":"Feature","properties":{"nome":"","tipo":"stream"},"geometry":{"type":"LineString","coordinates":[[-55.9516,-22.4965],[-55.9518,-22.498]]}},{"type":"Feature","properties":{"nome":"","tipo":"stream"},"geometry":{"type":"LineString","coordinates":[[-55.9532,-22.4973],[-55.9501,-22.4994],[-55.9452,-22.4996]]}},{"type":"Feature","properties":{"nome":"","tipo":"stream"},"geometry":{"type":"LineString","coordinates":[[-55.9427,-22.4998],[-55.9438,-22.5006],[-55.945,-22.5006]]}},{"type":"Feature","properties":{"nome":"","tipo":"stream"},"geometry":{"type":"LineString","coordinates":[[-55.9496,-22.5018],[-55.9451,-22.5004]]}},{"type":"Feature","properties":{"nome":"","tipo":"stream"},"geometry":{"type":"LineString","coordinates":[[-55.9401,-22.5036],[-55.9418,-22.5033],[-55.9428,-22.5039]]}},{"type":"Feature","properties":{"nome":"","tipo":"stream"},"geometry":{"type":"LineString","coordinates":[[-55.9419,-22.5204],[-55.9411,-22.52],[-55.9384,-22.5165],[-55.9378,-22.5119]]}},{"type":"Feature","properties":{"nome":"","tipo":"stream"},"geometry":{"type":"LineString","coordinates":[[-55.9363,-22.5196],[-55.9365,-22.5181],[-55.938,-22.5151]]}},{"type":"Feature","properties":{"nome":"","tipo":"stream"},"geometry":{"type":"LineString","coordinates":[[-55.9381,-22.5192],[-55.938,-22.5179],[-55.9384,-22.5165]]}},{"type":"Feature","properties":{"nome":"","tipo":"stream"},"geometry":{"type":"LineString","coordinates":[[-55.9224,-22.506],[-55.9232,-22.5068],[-55.9271,-22.5076],[-55.9317,-22.5117],[-55.9366,-22.5121],[-55.9393,-22.5112],[-55.9404,-22.5089],[-55.9419,-22.5085],[-55.9426,-22.5071],[-55.9439,-22.506]]}},{"type":"Feature","properties":{"nome":"","tipo":"stream"},"geometry":{"type":"LineString","coordinates":[[-55.9345,-22.5073],[-55.9357,-22.5058],[-55.9382,-22.506]]}},{"type":"Feature","properties":{"nome":"","tipo":"stream"},"geometry":{"type":"LineString","coordinates":[[-55.9343,-22.5008],[-55.9357,-22.502],[-55.9358,-22.5032],[-55.9382,-22.506],[-55.9415,-22.5074],[-55.9426,-22.5071]]}},{"type":"Feature","properties":{"nome":"","tipo":"stream"},"geometry":{"type":"LineString","coordinates":[[-55.9312,-22.5137],[-55.9325,-22.5119]]}},{"type":"Feature","properties":{"nome":"","tipo":"stream"},"geometry":{"type":"LineString","coordinates":[[-55.9342,-22.5136],[-55.9357,-22.5119]]}},{"type":"Feature","properties":{"nome":"","tipo":"stream"},"geometry":{"type":"LineString","coordinates":[[-55.9356,-22.5102],[-55.9356,-22.5119]]}},{"type":"Feature","properties":{"nome":"","tipo":"stream"},"geometry":{"type":"LineString","coordinates":[[-55.9355,-22.5141],[-55.9364,-22.5121]]}},{"type":"Feature","properties":{"nome":"","tipo":"stream"},"geometry":{"type":"LineString","coordinates":[[-55.9367,-22.5092],[-55.9383,-22.5106],[-55.9395,-22.511]]}},{"type":"Feature","properties":{"nome":"","tipo":"stream"},"geometry":{"type":"LineString","coordinates":[[-55.9408,-22.5142],[-55.9378,-22.5136]]}},{"type":"Feature","properties":{"nome":"","tipo":"stream"},"geometry":{"type":"LineString","coordinates":[[-55.9362,-22.5164],[-55.9378,-22.5155]]}},{"type":"Feature","properties":{"nome":"","tipo":"stream"},"geometry":{"type":"LineString","coordinates":[[-55.9366,-22.5149],[-55.9378,-22.514]]}},{"type":"Feature","properties":{"nome":"","tipo":"stream"},"geometry":{"type":"LineString","coordinates":[[-55.9366,-22.5142],[-55.9378,-22.5134]]}},{"type":"Feature","properties":{"nome":"","tipo":"stream"},"geometry":{"type":"LineString","coordinates":[[-55.9417,-22.5135],[-55.9397,-22.5107]]}},{"type":"Feature","properties":{"nome":"","tipo":"stream"},"geometry":{"type":"LineString","coordinates":[[-55.9435,-22.5134],[-55.9434,-22.5126],[-55.9419,-22.5111],[-55.9413,-22.5097],[-55.9414,-22.5086]]}},{"type":"Feature","properties":{"nome":"","tipo":"stream"},"geometry":{"type":"LineString","coordinates":[[-55.9446,-22.5116],[-55.9456,-22.5083],[-55.9463,-22.5075],[-55.9475,-22.5073]]}},{"type":"Feature","properties":{"nome":"","tipo":"stream"},"geometry":{"type":"LineString","coordinates":[[-55.9598,-22.4996],[-55.959,-22.5004],[-55.9584,-22.5018],[-55.9555,-22.5047],[-55.9543,-22.5068]]}},{"type":"Feature","properties":{"nome":"","tipo":"stream"},"geometry":{"type":"LineString","coordinates":[[-55.9579,-22.4995],[-55.9567,-22.5015],[-55.9566,-22.5037]]}},{"type":"Feature","properties":{"nome":"","tipo":"stream"},"geometry":{"type":"LineString","coordinates":[[-55.9563,-22.5001],[-55.9567,-22.5015]]}},{"type":"Feature","properties":{"nome":"","tipo":"stream"},"geometry":{"type":"LineString","coordinates":[[-55.9541,-22.5004],[-55.9545,-22.5041],[-55.9553,-22.5053]]}},{"type":"Feature","properties":{"nome":"","tipo":"stream"},"geometry":{"type":"LineString","coordinates":[[-55.9515,-22.5032],[-55.9513,-22.5055],[-55.952,-22.5067]]}},{"type":"Feature","properties":{"nome":"","tipo":"stream"},"geometry":{"type":"LineString","coordinates":[[-55.9504,-22.5025],[-55.9501,-22.5041],[-55.9489,-22.5057],[-55.9488,-22.5073]]}},{"type":"Feature","properties":{"nome":"","tipo":"stream"},"geometry":{"type":"LineString","coordinates":[[-55.9482,-22.5025],[-55.9483,-22.5035],[-55.9493,-22.5049]]}},{"type":"Feature","properties":{"nome":"","tipo":"stream"},"geometry":{"type":"LineString","coordinates":[[-55.949,-22.5027],[-55.9489,-22.5041]]}},{"type":"Feature","properties":{"nome":"","tipo":"stream"},"geometry":{"type":"LineString","coordinates":[[-55.944,-22.5178],[-55.9475,-22.5156],[-55.9495,-22.5129],[-55.9501,-22.5082]]}},{"type":"Feature","properties":{"nome":"","tipo":"stream"},"geometry":{"type":"LineString","coordinates":[[-55.9453,-22.5131],[-55.9491,-22.5112],[-55.9499,-22.5104]]}},{"type":"Feature","properties":{"nome":"","tipo":"stream"},"geometry":{"type":"LineString","coordinates":[[-55.9481,-22.5204],[-55.9531,-22.5183],[-55.9549,-22.5157],[-55.9554,-22.5123],[-55.9581,-22.51],[-55.9592,-22.5075]]}},{"type":"Feature","properties":{"nome":"","tipo":"stream"},"geometry":{"type":"LineString","coordinates":[[-55.9572,-22.5176],[-55.9551,-22.5167],[-55.9548,-22.5158]]}},{"type":"Feature","properties":{"nome":"","tipo":"stream"},"geometry":{"type":"LineString","coordinates":[[-55.9566,-22.5167],[-55.9549,-22.516]]}},{"type":"Feature","properties":{"nome":"","tipo":"stream"},"geometry":{"type":"LineString","coordinates":[[-55.9562,-22.5182],[-55.9544,-22.5165]]}},{"type":"Feature","properties":{"nome":"","tipo":"stream"},"geometry":{"type":"LineString","coordinates":[[-55.9549,-22.5194],[-55.9534,-22.518]]}},{"type":"Feature","properties":{"nome":"","tipo":"stream"},"geometry":{"type":"LineString","coordinates":[[-55.9528,-22.5203],[-55.9529,-22.5185]]}},{"type":"Feature","properties":{"nome":"","tipo":"stream"},"geometry":{"type":"LineString","coordinates":[[-55.9515,-22.5173],[-55.9536,-22.5174]]}},{"type":"Feature","properties":{"nome":"","tipo":"stream"},"geometry":{"type":"LineString","coordinates":[[-55.9507,-22.5202],[-55.9518,-22.5212]]}},{"type":"Feature","properties":{"nome":"","tipo":"stream"},"geometry":{"type":"LineString","coordinates":[[-55.9495,-22.5207],[-55.9509,-22.5216],[-55.9553,-22.5208],[-55.9568,-22.5221]]}},{"type":"Feature","properties":{"nome":"","tipo":"stream"},"geometry":{"type":"LineString","coordinates":[[-55.9513,-22.5242],[-55.953,-22.5233],[-55.9551,-22.5238]]}},{"type":"Feature","properties":{"nome":"","tipo":"stream"},"geometry":{"type":"LineString","coordinates":[[-55.9498,-22.5272],[-55.951,-22.5256],[-55.9539,-22.5249],[-55.9581,-22.5209],[-55.9612,-22.5192],[-55.9631,-22.5171],[-55.9638,-22.5156],[-55.9662,-22.5129],[-55.966,-22.5116],[-55.9651,-22.511],[-55.9648,-22.5101]]}},{"type":"Feature","properties":{"nome":"","tipo":"stream"},"geometry":{"type":"LineString","coordinates":[[-55.9595,-22.5244],[-55.9611,-22.5229],[-55.961,-22.5193]]}},{"type":"Feature","properties":{"nome":"","tipo":"stream"},"geometry":{"type":"LineString","coordinates":[[-55.9576,-22.519],[-55.9605,-22.5197]]}},{"type":"Feature","properties":{"nome":"","tipo":"stream"},"geometry":{"type":"LineString","coordinates":[[-55.9526,-22.5268],[-55.9536,-22.525]]}},{"type":"Feature","properties":{"nome":"","tipo":"stream"},"geometry":{"type":"LineString","coordinates":[[-55.9628,-22.5231],[-55.9639,-22.5235]]}},{"type":"Feature","properties":{"nome":"","tipo":"stream"},"geometry":{"type":"LineString","coordinates":[[-55.9631,-22.5249],[-55.965,-22.5227],[-55.9693,-22.5222],[-55.9705,-22.5213],[-55.9727,-22.5209],[-55.9735,-22.5199],[-55.9745,-22.5203],[-55.9751,-22.5195],[-55.9799,-22.5172],[-55.9805,-22.5176],[-55.9817,-22.5174],[-55.9838,-22.5156],[-55.9877,-22.5156],[-55.9887,-22.5145],[-55.9899,-22.5149]]}},{"type":"Feature","properties":{"nome":"","tipo":"stream"},"geometry":{"type":"LineString","coordinates":[[-56.0066,-22.4664],[-56.009,-22.4636]]}},{"type":"Feature","properties":{"nome":"","tipo":"stream"},"geometry":{"type":"LineString","coordinates":[[-56.0508,-22.4597],[-56.0513,-22.4591]]}},{"type":"Feature","properties":{"nome":"","tipo":"stream"},"geometry":{"type":"LineString","coordinates":[[-56.0357,-22.4593],[-56.0354,-22.4577]]}},{"type":"Feature","properties":{"nome":"","tipo":"stream"},"geometry":{"type":"LineString","coordinates":[[-56.0506,-22.5053],[-56.0495,-22.5059],[-56.0476,-22.5052],[-56.0456,-22.5057],[-56.0424,-22.5027],[-56.0406,-22.5019],[-56.0352,-22.5009],[-56.0326,-22.502],[-56.0314,-22.5033],[-56.0314,-22.5041],[-56.0324,-22.5049]]}},{"type":"Feature","properties":{"nome":"","tipo":"stream"},"geometry":{"type":"LineString","coordinates":[[-56.0283,-22.4804],[-56.0268,-22.4827]]}},{"type":"Feature","properties":{"nome":"","tipo":"stream"},"geometry":{"type":"LineString","coordinates":[[-56.0299,-22.4752],[-56.0281,-22.4777],[-56.0262,-22.478]]}},{"type":"Feature","properties":{"nome":"","tipo":"stream"},"geometry":{"type":"LineString","coordinates":[[-56.0266,-22.4633],[-56.0244,-22.4624]]}},{"type":"Feature","properties":{"nome":"","tipo":"stream"},"geometry":{"type":"LineString","coordinates":[[-56.0269,-22.4592],[-56.0245,-22.4602]]}},{"type":"Feature","properties":{"nome":"","tipo":"stream"},"geometry":{"type":"LineString","coordinates":[[-56.026,-22.4573],[-56.0247,-22.4579],[-56.0242,-22.4617]]}},{"type":"Feature","properties":{"nome":"","tipo":"stream"},"geometry":{"type":"LineString","coordinates":[[-56.025,-22.4452],[-56.0244,-22.4457],[-56.0219,-22.4459]]}},{"type":"Feature","properties":{"nome":"","tipo":"stream"},"geometry":{"type":"LineString","coordinates":[[-56.0434,-22.4664],[-56.0425,-22.4666],[-56.0403,-22.466],[-56.0388,-22.4664],[-56.0376,-22.4679]]}},{"type":"Feature","properties":{"nome":"","tipo":"stream"},"geometry":{"type":"LineString","coordinates":[[-56.0613,-22.4724],[-56.0597,-22.4729],[-56.0592,-22.4736]]}},{"type":"Feature","properties":{"nome":"","tipo":"stream"},"geometry":{"type":"LineString","coordinates":[[-56.029,-22.4833],[-56.0271,-22.4829]]}},{"type":"Feature","properties":{"nome":"","tipo":"stream"},"geometry":{"type":"LineString","coordinates":[[-56.0389,-22.4879],[-56.0378,-22.4895]]}},{"type":"Feature","properties":{"nome":"","tipo":"stream"},"geometry":{"type":"LineString","coordinates":[[-56.0406,-22.489],[-56.0381,-22.49]]}},{"type":"Feature","properties":{"nome":"","tipo":"stream"},"geometry":{"type":"LineString","coordinates":[[-56.0502,-22.4835],[-56.0478,-22.4819],[-56.0425,-22.4808],[-56.0396,-22.4814],[-56.0358,-22.4834],[-56.0341,-22.4865],[-56.0343,-22.4884],[-56.0349,-22.4887],[-56.0357,-22.4884],[-56.0372,-22.4889],[-56.0382,-22.49],[-56.0378,-22.4907]]}},{"type":"Feature","properties":{"nome":"","tipo":"stream"},"geometry":{"type":"LineString","coordinates":[[-56.0425,-22.4788],[-56.0411,-22.481]]}},{"type":"Feature","properties":{"nome":"","tipo":"stream"},"geometry":{"type":"LineString","coordinates":[[-56.0362,-22.4875],[-56.0358,-22.4884]]}},{"type":"Feature","properties":{"nome":"","tipo":"stream"},"geometry":{"type":"LineString","coordinates":[[-56.0437,-22.4879],[-56.0441,-22.4898],[-56.0432,-22.491],[-56.0425,-22.4932],[-56.04,-22.4934],[-56.0402,-22.4937],[-56.0372,-22.495],[-56.0362,-22.4947],[-56.0332,-22.4954]]}},{"type":"Feature","properties":{"nome":"","tipo":"stream"},"geometry":{"type":"LineString","coordinates":[[-56.0479,-22.4804],[-56.0474,-22.4813],[-56.0465,-22.4816]]}},{"type":"Feature","properties":{"nome":"","tipo":"stream"},"geometry":{"type":"LineString","coordinates":[[-56.0505,-22.4818],[-56.048,-22.482]]}},{"type":"Feature","properties":{"nome":"","tipo":"stream"},"geometry":{"type":"LineString","coordinates":[[-56.068,-22.4813],[-56.0672,-22.4841],[-56.0642,-22.4886],[-56.0642,-22.4897],[-56.0624,-22.4912],[-56.0612,-22.4915],[-56.0607,-22.4925],[-56.0589,-22.4938],[-56.0581,-22.4938],[-56.0556,-22.4919],[-56.0507,-22.4915],[-56.0484,-22.4919],[-56.0452,-22.4939],[-56.0446,-22.4937],[-56.0433,-22.4942],[-56.042,-22.4937],[-56.041,-22.4939],[-56.0406,-22.4934]]}},{"type":"Feature","properties":{"nome":"","tipo":"stream"},"geometry":{"type":"LineString","coordinates":[[-56.0692,-22.4821],[-56.0672,-22.484]]}},{"type":"Feature","properties":{"nome":"","tipo":"stream"},"geometry":{"type":"LineString","coordinates":[[-56.0701,-22.4845],[-56.0672,-22.4841]]}},{"type":"Feature","properties":{"nome":"","tipo":"stream"},"geometry":{"type":"LineString","coordinates":[[-56.0687,-22.4833],[-56.0684,-22.4841]]}},{"type":"Feature","properties":{"nome":"","tipo":"stream"},"geometry":{"type":"LineString","coordinates":[[-56.0681,-22.4857],[-56.066,-22.4859]]}},{"type":"Feature","properties":{"nome":"","tipo":"stream"},"geometry":{"type":"LineString","coordinates":[[-56.0638,-22.4833],[-56.0646,-22.484],[-56.0655,-22.4863]]}},{"type":"Feature","properties":{"nome":"","tipo":"stream"},"geometry":{"type":"LineString","coordinates":[[-56.0674,-22.4869],[-56.0653,-22.4872]]}},{"type":"Feature","properties":{"nome":"","tipo":"stream"},"geometry":{"type":"LineString","coordinates":[[-56.0715,-22.4883],[-56.0648,-22.4879]]}},{"type":"Feature","properties":{"nome":"","tipo":"stream"},"geometry":{"type":"LineString","coordinates":[[-56.0681,-22.4896],[-56.0666,-22.4889],[-56.0659,-22.488]]}},{"type":"Feature","properties":{"nome":"","tipo":"stream"},"geometry":{"type":"LineString","coordinates":[[-56.0639,-22.4933],[-56.0603,-22.4944],[-56.0591,-22.4937]]}},{"type":"Feature","properties":{"nome":"","tipo":"stream"},"geometry":{"type":"LineString","coordinates":[[-56.0317,-22.467],[-56.0324,-22.4681],[-56.0322,-22.4696],[-56.0326,-22.4704]]}},{"type":"Feature","properties":{"nome":"","tipo":"stream"},"geometry":{"type":"LineString","coordinates":[[-56.0396,-22.4637],[-56.0389,-22.4647],[-56.0391,-22.4663]]}},{"type":"Feature","properties":{"nome":"","tipo":"stream"},"geometry":{"type":"LineString","coordinates":[[-56.0366,-22.4555],[-56.0383,-22.4565],[-56.0389,-22.4562]]}},{"type":"Feature","properties":{"nome":"","tipo":"stream"},"geometry":{"type":"LineString","coordinates":[[-55.9911,-22.4945],[-55.9889,-22.4938]]}},{"type":"Feature","properties":{"nome":"","tipo":"stream"},"geometry":{"type":"LineString","coordinates":[[-55.9986,-22.4896],[-55.9961,-22.4907],[-55.9938,-22.4893],[-55.9919,-22.4892],[-55.9908,-22.4901],[-55.9902,-22.49],[-55.9896,-22.4912],[-55.9899,-22.492],[-55.9897,-22.4929],[-55.9889,-22.4938],[-55.9868,-22.4952],[-55.9833,-22.4958]]}},{"type":"Feature","properties":{"nome":"","tipo":"stream"},"geometry":{"type":"LineString","coordinates":[[-55.9988,-22.4908],[-55.9971,-22.491],[-55.9962,-22.4906]]}},{"type":"Feature","properties":{"nome":"","tipo":"stream"},"geometry":{"type":"LineString","coordinates":[[-55.9936,-22.4834],[-55.991,-22.4875],[-55.9912,-22.489],[-55.9918,-22.4893]]}},{"type":"Feature","properties":{"nome":"","tipo":"stream"},"geometry":{"type":"LineString","coordinates":[[-55.9886,-22.4847],[-55.991,-22.4874]]}},{"type":"Feature","properties":{"nome":"","tipo":"stream"},"geometry":{"type":"LineString","coordinates":[[-55.9971,-22.485],[-55.9958,-22.487],[-55.9947,-22.4875],[-55.993,-22.4892]]}},{"type":"Feature","properties":{"nome":"","tipo":"stream"},"geometry":{"type":"LineString","coordinates":[[-55.9948,-22.4842],[-55.9945,-22.4877]]}},{"type":"Feature","properties":{"nome":"","tipo":"stream"},"geometry":{"type":"LineString","coordinates":[[-55.9932,-22.4977],[-55.993,-22.4988],[-55.9915,-22.4991],[-55.991,-22.5001],[-55.9864,-22.5008],[-55.9848,-22.5017]]}},{"type":"Feature","properties":{"nome":"","tipo":"stream"},"geometry":{"type":"LineString","coordinates":[[-55.9912,-22.5045],[-55.9896,-22.5044],[-55.9887,-22.5053]]}},{"type":"Feature","properties":{"nome":"","tipo":"stream"},"geometry":{"type":"LineString","coordinates":[[-55.9632,-22.507],[-55.9655,-22.5082],[-55.9673,-22.5102]]}},{"type":"Feature","properties":{"nome":"","tipo":"stream"},"geometry":{"type":"LineString","coordinates":[[-55.9595,-22.5152],[-55.9604,-22.5152],[-55.9614,-22.5161],[-55.9634,-22.5164]]}},{"type":"Feature","properties":{"nome":"","tipo":"stream"},"geometry":{"type":"LineString","coordinates":[[-55.9583,-22.5168],[-55.9612,-22.5172],[-55.9623,-22.518]]}},{"type":"Feature","properties":{"nome":"","tipo":"stream"},"geometry":{"type":"LineString","coordinates":[[-55.9576,-22.5159],[-55.9551,-22.5143]]}},{"type":"Feature","properties":{"nome":"","tipo":"stream"},"geometry":{"type":"LineString","coordinates":[[-55.9832,-22.5119],[-55.9835,-22.509]]}},{"type":"Feature","properties":{"nome":"","tipo":"stream"},"geometry":{"type":"LineString","coordinates":[[-55.9699,-22.5255],[-55.9696,-22.5227],[-55.9699,-22.5217]]}},{"type":"Feature","properties":{"nome":"","tipo":"stream"},"geometry":{"type":"LineString","coordinates":[[-55.9328,-22.5652],[-55.9333,-22.5667]]}},{"type":"Feature","properties":{"nome":"","tipo":"stream"},"geometry":{"type":"LineString","coordinates":[[-55.9323,-22.5646],[-55.9318,-22.5662],[-55.9323,-22.5671]]}},{"type":"Feature","properties":{"nome":"","tipo":"stream"},"geometry":{"type":"LineString","coordinates":[[-55.9287,-22.5666],[-55.929,-22.5681],[-55.9303,-22.5685]]}},{"type":"Feature","properties":{"nome":"","tipo":"stream"},"geometry":{"type":"LineString","coordinates":[[-55.9363,-22.5639],[-55.9358,-22.5661]]}},{"type":"Feature","properties":{"nome":"","tipo":"stream"},"geometry":{"type":"LineString","coordinates":[[-55.9364,-22.5746],[-55.937,-22.576],[-55.9363,-22.5772]]}},{"type":"Feature","properties":{"nome":"","tipo":"stream"},"geometry":{"type":"LineString","coordinates":[[-55.9047,-22.5858],[-55.9043,-22.5814]]}},{"type":"Feature","properties":{"nome":"","tipo":"stream"},"geometry":{"type":"LineString","coordinates":[[-55.9065,-22.587],[-55.908,-22.586],[-55.9091,-22.5835],[-55.9104,-22.5823]]}},{"type":"Feature","properties":{"nome":"","tipo":"stream"},"geometry":{"type":"LineString","coordinates":[[-55.9103,-22.586],[-55.914,-22.5835]]}},{"type":"Feature","properties":{"nome":"","tipo":"stream"},"geometry":{"type":"LineString","coordinates":[[-55.9114,-22.5873],[-55.9127,-22.5859],[-55.9133,-22.5838]]}},{"type":"Feature","properties":{"nome":"","tipo":"stream"},"geometry":{"type":"LineString","coordinates":[[-55.9141,-22.5861],[-55.9146,-22.5836]]}},{"type":"Feature","properties":{"nome":"","tipo":"stream"},"geometry":{"type":"LineString","coordinates":[[-55.9152,-22.5772],[-55.9132,-22.5783],[-55.913,-22.5803],[-55.9135,-22.5814]]}},{"type":"Feature","properties":{"nome":"","tipo":"stream"},"geometry":{"type":"LineString","coordinates":[[-55.8939,-22.584],[-55.8935,-22.5821]]}},{"type":"Feature","properties":{"nome":"","tipo":"stream"},"geometry":{"type":"LineString","coordinates":[[-55.8947,-22.584],[-55.895,-22.5835],[-55.8941,-22.5815]]}},{"type":"Feature","properties":{"nome":"","tipo":"stream"},"geometry":{"type":"LineString","coordinates":[[-55.8838,-22.5813],[-55.8878,-22.5818],[-55.8893,-22.5826],[-55.8915,-22.5812],[-55.8928,-22.5812],[-55.8953,-22.5784],[-55.8966,-22.5786],[-55.8975,-22.5781],[-55.8989,-22.5785]]}},{"type":"Feature","properties":{"nome":"","tipo":"stream"},"geometry":{"type":"LineString","coordinates":[[-55.8775,-22.6116],[-55.8737,-22.6106],[-55.8715,-22.6089]]}},{"type":"Feature","properties":{"nome":"","tipo":"stream"},"geometry":{"type":"LineString","coordinates":[[-55.8755,-22.6137],[-55.8737,-22.6136],[-55.8711,-22.6115]]}},{"type":"Feature","properties":{"nome":"","tipo":"stream"},"geometry":{"type":"LineString","coordinates":[[-55.8739,-22.6086],[-55.8718,-22.6092]]}},{"type":"Feature","properties":{"nome":"","tipo":"stream"},"geometry":{"type":"LineString","coordinates":[[-55.8675,-22.6144],[-55.8683,-22.6138],[-55.8711,-22.6133]]}},{"type":"Feature","properties":{"nome":"","tipo":"stream"},"geometry":{"type":"LineString","coordinates":[[-55.8667,-22.613],[-55.8674,-22.6126],[-55.8706,-22.6124]]}},{"type":"Feature","properties":{"nome":"","tipo":"stream"},"geometry":{"type":"LineString","coordinates":[[-55.8677,-22.6104],[-55.8697,-22.611],[-55.8712,-22.6103]]}},{"type":"Feature","properties":{"nome":"","tipo":"stream"},"geometry":{"type":"LineString","coordinates":[[-55.8752,-22.603],[-55.8743,-22.6023],[-55.8729,-22.5996]]}},{"type":"Feature","properties":{"nome":"","tipo":"stream"},"geometry":{"type":"LineString","coordinates":[[-55.9631,-22.3355],[-55.9606,-22.333]]}},{"type":"Feature","properties":{"nome":"","tipo":"stream"},"geometry":{"type":"LineString","coordinates":[[-55.9632,-22.3412],[-55.9601,-22.3404]]}},{"type":"Feature","properties":{"nome":"","tipo":"stream"},"geometry":{"type":"LineString","coordinates":[[-55.9632,-22.3441],[-55.9599,-22.3421]]}},{"type":"Feature","properties":{"nome":"","tipo":"stream"},"geometry":{"type":"LineString","coordinates":[[-55.9671,-22.3314],[-55.9652,-22.3297]]}},{"type":"Feature","properties":{"nome":"","tipo":"stream"},"geometry":{"type":"LineString","coordinates":[[-56.0397,-22.2977],[-56.0386,-22.2991],[-56.0389,-22.3015]]}},{"type":"Feature","properties":{"nome":"","tipo":"stream"},"geometry":{"type":"LineString","coordinates":[[-56.035,-22.3052],[-56.0362,-22.3048],[-56.0361,-22.3035]]}},{"type":"Feature","properties":{"nome":"","tipo":"stream"},"geometry":{"type":"LineString","coordinates":[[-56.0375,-22.3061],[-56.0371,-22.3049],[-56.038,-22.3029]]}},{"type":"Feature","properties":{"nome":"","tipo":"stream"},"geometry":{"type":"LineString","coordinates":[[-56.0332,-22.304],[-56.0346,-22.303]]}},{"type":"Feature","properties":{"nome":"","tipo":"stream"},"geometry":{"type":"LineString","coordinates":[[-56.2107,-22.445],[-56.2108,-22.4479],[-56.2113,-22.4494],[-56.2112,-22.4524],[-56.2118,-22.4545],[-56.2136,-22.4563],[-56.216,-22.4616],[-56.2174,-22.4632]]}},{"type":"Feature","properties":{"nome":"","tipo":"stream"},"geometry":{"type":"LineString","coordinates":[[-56.2343,-22.433],[-56.2312,-22.4355],[-56.2289,-22.4364],[-56.2271,-22.4417],[-56.227,-22.4497],[-56.2263,-22.4523],[-56.2256,-22.4537],[-56.2232,-22.4553],[-56.2234,-22.4563],[-56.2223,-22.4572],[-56.2221,-22.458],[-56.2212,-22.4582],[-56.2198,-22.4613],[-56.2158,-22.4647],[-56.2153,-22.4671],[-56.2128,-22.4705],[-56.2124,-22.4723],[-56.2112,-22.473],[-56.2113,-22.4735],[-56.2095,-22.4766]]}},{"type":"Feature","properties":{"nome":"","tipo":"stream"},"geometry":{"type":"LineString","coordinates":[[-56.0118,-22.372],[-56.0102,-22.373],[-56.0107,-22.3751]]}},{"type":"Feature","properties":{"nome":"","tipo":"stream"},"geometry":{"type":"LineString","coordinates":[[-56.0082,-22.3782],[-56.0108,-22.3759],[-56.0111,-22.376]]}},{"type":"Feature","properties":{"nome":"","tipo":"stream"},"geometry":{"type":"LineString","coordinates":[[-56.014,-22.3795],[-56.0147,-22.3782]]}},{"type":"Feature","properties":{"nome":"","tipo":"stream"},"geometry":{"type":"LineString","coordinates":[[-56.0242,-22.3487],[-56.0206,-22.3499]]}},{"type":"Feature","properties":{"nome":"","tipo":"stream"},"geometry":{"type":"LineString","coordinates":[[-56.0205,-22.3566],[-56.0217,-22.355],[-56.0226,-22.3547]]}},{"type":"Feature","properties":{"nome":"","tipo":"stream"},"geometry":{"type":"LineString","coordinates":[[-56.0326,-22.3589],[-56.0302,-22.3594],[-56.0286,-22.3606],[-56.0264,-22.3615]]}},{"type":"Feature","properties":{"nome":"","tipo":"stream"},"geometry":{"type":"LineString","coordinates":[[-56.0371,-22.3678],[-56.0352,-22.3692],[-56.0319,-22.3703]]}},{"type":"Feature","properties":{"nome":"","tipo":"stream"},"geometry":{"type":"LineString","coordinates":[[-56.029,-22.4533],[-56.0268,-22.4531]]}},{"type":"Feature","properties":{"nome":"","tipo":"stream"},"geometry":{"type":"LineString","coordinates":[[-56.019,-22.4586],[-56.0203,-22.4582]]}},{"type":"Feature","properties":{"nome":"","tipo":"stream"},"geometry":{"type":"LineString","coordinates":[[-56.0376,-22.5101],[-56.0354,-22.5076],[-56.033,-22.5073]]}},{"type":"Feature","properties":{"nome":"","tipo":"stream"},"geometry":{"type":"LineString","coordinates":[[-56.0758,-22.491],[-56.0744,-22.496],[-56.0747,-22.4993]]}},{"type":"Feature","properties":{"nome":"","tipo":"stream"},"geometry":{"type":"LineString","coordinates":[[-56.0835,-22.4994],[-56.0821,-22.5005],[-56.0781,-22.5005],[-56.0744,-22.5015]]}},{"type":"Feature","properties":{"nome":"","tipo":"stream"},"geometry":{"type":"LineString","coordinates":[[-56.0793,-22.4935],[-56.0796,-22.4965],[-56.0784,-22.4977],[-56.0763,-22.4982],[-56.0749,-22.4991],[-56.0744,-22.4997],[-56.0744,-22.5015],[-56.0738,-22.5016],[-56.0727,-22.5031],[-56.0717,-22.5029],[-56.07,-22.5035],[-56.0688,-22.5056],[-56.0685,-22.5074],[-56.067,-22.5087],[-56.0665,-22.5108],[-56.0656,-22.5115],[-56.0624,-22.5119],[-56.0592,-22.5143],[-56.0595,-22.5157],[-56.0588,-22.5217],[-56.0601,-22.5252]]}},{"type":"Feature","properties":{"nome":"","tipo":"stream"},"geometry":{"type":"LineString","coordinates":[[-56.081,-22.4945],[-56.0803,-22.4956],[-56.0798,-22.4956]]}},{"type":"Feature","properties":{"nome":"","tipo":"stream"},"geometry":{"type":"LineString","coordinates":[[-56.0722,-22.4958],[-56.0743,-22.4971]]}},{"type":"Feature","properties":{"nome":"","tipo":"stream"},"geometry":{"type":"LineString","coordinates":[[-55.9892,-22.5231],[-55.9918,-22.5218]]}},{"type":"Feature","properties":{"nome":"","tipo":"stream"},"geometry":{"type":"LineString","coordinates":[[-55.9887,-22.5308],[-55.9892,-22.5292],[-55.9908,-22.5275],[-55.9926,-22.5269],[-55.9945,-22.5241],[-55.9968,-22.5237],[-55.9985,-22.5229],[-56.0005,-22.5232]]}},{"type":"Feature","properties":{"nome":"","tipo":"stream"},"geometry":{"type":"LineString","coordinates":[[-56.0072,-22.5167],[-56.0018,-22.5206]]}},{"type":"Feature","properties":{"nome":"","tipo":"stream"},"geometry":{"type":"LineString","coordinates":[[-56.0083,-22.5291],[-56.0078,-22.5306],[-56.0063,-22.5313]]}},{"type":"Feature","properties":{"nome":"","tipo":"stream"},"geometry":{"type":"LineString","coordinates":[[-55.9448,-22.5532],[-55.9477,-22.5527],[-55.949,-22.5509],[-55.9509,-22.5499],[-55.9531,-22.5463],[-55.9553,-22.5444],[-55.9569,-22.5441],[-55.9582,-22.5427],[-55.961,-22.5426],[-55.9645,-22.54],[-55.966,-22.5406],[-55.9674,-22.5405],[-55.9677,-22.5412],[-55.9689,-22.5415],[-55.9705,-22.5411],[-55.9741,-22.5428],[-55.9759,-22.5422],[-55.976,-22.5429],[-55.9779,-22.5435],[-55.9802,-22.5422],[-55.9803,-22.5427],[-55.9814,-22.5427],[-55.9821,-22.542],[-55.9852,-22.5419],[-55.9894,-22.5378],[-55.9922,-22.537],[-55.9947,-22.5372],[-55.9958,-22.5365],[-55.9975,-22.5373],[-56.0007,-22.5361],[-56.0053,-22.5371],[-56.0076,-22.5381],[-56.0093,-22.5369],[-56.0101,-22.5375],[-56.0099,-22.5392]]}},{"type":"Feature","properties":{"nome":"","tipo":"stream"},"geometry":{"type":"LineString","coordinates":[[-55.9636,-22.5277],[-55.9659,-22.5292],[-55.9669,-22.5289],[-55.9693,-22.5299],[-55.9699,-22.5318],[-55.9696,-22.534],[-55.9681,-22.5344],[-55.9673,-22.5358],[-55.9689,-22.5382],[-55.9698,-22.5413]]}},{"type":"Feature","properties":{"nome":"","tipo":"stream"},"geometry":{"type":"LineString","coordinates":[[-55.9606,-22.5552],[-55.9583,-22.5527],[-55.957,-22.5496],[-55.9574,-22.546],[-55.9588,-22.5452],[-55.9589,-22.5438],[-55.9605,-22.5428]]}},{"type":"Feature","properties":{"nome":"","tipo":"stream"},"geometry":{"type":"LineString","coordinates":[[-55.9626,-22.5525],[-55.9615,-22.5521],[-55.9612,-22.5513],[-55.9616,-22.5495],[-55.9612,-22.5477],[-55.9588,-22.545]]}},{"type":"Feature","properties":{"nome":"","tipo":"stream"},"geometry":{"type":"LineString","coordinates":[[-55.9628,-22.546],[-55.963,-22.5453],[-55.9643,-22.5444],[-55.966,-22.5406]]}},{"type":"Feature","properties":{"nome":"","tipo":"stream"},"geometry":{"type":"LineString","coordinates":[[-55.9726,-22.5307],[-55.9713,-22.5307],[-55.9699,-22.5317]]}},{"type":"Feature","properties":{"nome":"","tipo":"stream"},"geometry":{"type":"LineString","coordinates":[[-55.9721,-22.5286],[-55.9697,-22.531]]}},{"type":"Feature","properties":{"nome":"","tipo":"stream"},"geometry":{"type":"LineString","coordinates":[[-55.9698,-22.5286],[-55.9691,-22.5296]]}},{"type":"Feature","properties":{"nome":"","tipo":"stream"},"geometry":{"type":"LineString","coordinates":[[-55.9666,-22.5275],[-55.9677,-22.5292]]}},{"type":"Feature","properties":{"nome":"","tipo":"stream"},"geometry":{"type":"LineString","coordinates":[[-55.955,-22.5266],[-55.9569,-22.5277],[-55.9586,-22.53],[-55.9617,-22.5319],[-55.9627,-22.5337],[-55.9634,-22.5338],[-55.9636,-22.5349],[-55.9628,-22.5369],[-55.9639,-22.5392],[-55.965,-22.54]]}},{"type":"Feature","properties":{"nome":"","tipo":"stream"},"geometry":{"type":"LineString","coordinates":[[-55.9458,-22.5486],[-55.9481,-22.5459]]}},{"type":"Feature","properties":{"nome":"","tipo":"stream"},"geometry":{"type":"LineString","coordinates":[[-55.9448,-22.5466],[-55.9462,-22.5457],[-55.947,-22.5459]]}},{"type":"Feature","properties":{"nome":"","tipo":"stream"},"geometry":{"type":"LineString","coordinates":[[-55.943,-22.5458],[-55.9456,-22.5446]]}},{"type":"Feature","properties":{"nome":"","tipo":"stream"},"geometry":{"type":"LineString","coordinates":[[-55.9438,-22.5431],[-55.9443,-22.5438],[-55.9466,-22.5451],[-55.947,-22.5459],[-55.9502,-22.5454],[-55.9529,-22.5457],[-55.9541,-22.5454]]}},{"type":"Feature","properties":{"nome":"","tipo":"stream"},"geometry":{"type":"LineString","coordinates":[[-55.9448,-22.542],[-55.946,-22.543],[-55.9477,-22.5431],[-55.9502,-22.544],[-55.9508,-22.5454]]}},{"type":"Feature","properties":{"nome":"","tipo":"stream"},"geometry":{"type":"LineString","coordinates":[[-55.9513,-22.5404],[-55.9504,-22.5442]]}},{"type":"Feature","properties":{"nome":"","tipo":"stream"},"geometry":{"type":"LineString","coordinates":[[-55.9481,-22.5406],[-55.9475,-22.5417],[-55.9475,-22.543]]}},{"type":"Feature","properties":{"nome":"","tipo":"stream"},"geometry":{"type":"LineString","coordinates":[[-55.9459,-22.5364],[-55.9485,-22.5382],[-55.9508,-22.5382],[-55.9528,-22.5376],[-55.9579,-22.5387],[-55.9588,-22.5383],[-55.9613,-22.5394],[-55.9638,-22.539]]}},{"type":"Feature","properties":{"nome":"","tipo":"stream"},"geometry":{"type":"LineString","coordinates":[[-55.9466,-22.5352],[-55.9499,-22.5343],[-55.9538,-22.5364],[-55.9587,-22.5383]]}},{"type":"Feature","properties":{"nome":"","tipo":"stream"},"geometry":{"type":"LineString","coordinates":[[-55.9539,-22.5303],[-55.9538,-22.5313],[-55.9545,-22.5331],[-55.9575,-22.5367],[-55.9576,-22.5377]]}},{"type":"Feature","properties":{"nome":"","tipo":"stream"},"geometry":{"type":"LineString","coordinates":[[-55.9627,-22.5575],[-55.9668,-22.556],[-55.9683,-22.5566]]}},{"type":"Feature","properties":{"nome":"","tipo":"stream"},"geometry":{"type":"LineString","coordinates":[[-55.9736,-22.5617],[-55.9696,-22.5592],[-55.9688,-22.5583],[-55.9683,-22.5567],[-55.969,-22.5555],[-55.9713,-22.5544],[-55.972,-22.5534],[-55.9739,-22.5529],[-55.9755,-22.5514],[-55.9788,-22.5497],[-55.9789,-22.5487],[-55.9805,-22.5478],[-55.9814,-22.5427]]}},{"type":"Feature","properties":{"nome":"","tipo":"stream"},"geometry":{"type":"LineString","coordinates":[[-55.9796,-22.5626],[-55.9791,-22.5608],[-55.9804,-22.5583],[-55.9857,-22.5565],[-55.9873,-22.5554],[-55.9874,-22.5548],[-55.9883,-22.555],[-55.9896,-22.5542],[-55.9907,-22.5525],[-55.9929,-22.5518],[-55.9947,-22.5505],[-55.9975,-22.5502],[-56.0008,-22.5478],[-56.005,-22.5472],[-56.0091,-22.5431]]}},{"type":"Feature","properties":{"nome":"","tipo":"stream"},"geometry":{"type":"LineString","coordinates":[[-55.9845,-22.5627],[-55.9855,-22.561],[-55.9861,-22.5608],[-55.9862,-22.5562]]}},{"type":"Feature","properties":{"nome":"","tipo":"stream"},"geometry":{"type":"LineString","coordinates":[[-55.9906,-22.5676],[-55.9921,-22.5637],[-55.994,-22.5613],[-55.9955,-22.5608],[-55.9976,-22.5587],[-55.9997,-22.5546],[-56.0,-22.5504],[-55.9996,-22.5491]]}},{"type":"Feature","properties":{"nome":"","tipo":"stream"},"geometry":{"type":"LineString","coordinates":[[-55.9722,-22.5472],[-55.9742,-22.548],[-55.9762,-22.5475],[-55.9776,-22.5459],[-55.9781,-22.5445],[-55.9779,-22.5435]]}},{"type":"Feature","properties":{"nome":"","tipo":"stream"},"geometry":{"type":"LineString","coordinates":[[-55.9956,-22.5326],[-55.9981,-22.5314],[-56.0023,-22.5307]]}},{"type":"Feature","properties":{"nome":"","tipo":"stream"},"geometry":{"type":"LineString","coordinates":[[-56.0033,-22.4906],[-56.0049,-22.4911],[-56.0108,-22.4905],[-56.0117,-22.492],[-56.0144,-22.4928],[-56.015,-22.494],[-56.0155,-22.4939],[-56.0162,-22.4961],[-56.0179,-22.497],[-56.0188,-22.4984],[-56.0187,-22.5008],[-56.0199,-22.5036],[-56.0208,-22.5042],[-56.0217,-22.5057],[-56.022,-22.5085],[-56.0229,-22.5099]]}},{"type":"Feature","properties":{"nome":"","tipo":"stream"},"geometry":{"type":"LineString","coordinates":[[-56.0003,-22.4831],[-56.0012,-22.4847],[-56.0034,-22.486],[-56.0048,-22.4876],[-56.0061,-22.4881],[-56.0074,-22.49],[-56.0084,-22.4906]]}},{"type":"Feature","properties":{"nome":"","tipo":"stream"},"geometry":{"type":"LineString","coordinates":[[-56.0094,-22.4866],[-56.0081,-22.4873],[-56.0068,-22.4889]]}},{"type":"Feature","properties":{"nome":"","tipo":"stream"},"geometry":{"type":"LineString","coordinates":[[-56.0055,-22.4851],[-56.0059,-22.488]]}},{"type":"Feature","properties":{"nome":"","tipo":"stream"},"geometry":{"type":"LineString","coordinates":[[-56.0016,-22.4883],[-56.004,-22.4884],[-56.0072,-22.4898]]}},{"type":"Feature","properties":{"nome":"","tipo":"stream"},"geometry":{"type":"LineString","coordinates":[[-56.0478,-22.5001],[-56.0434,-22.5017],[-56.0425,-22.5027]]}},{"type":"Feature","properties":{"nome":"","tipo":"stream"},"geometry":{"type":"LineString","coordinates":[[-56.0484,-22.5102],[-56.0459,-22.5069],[-56.0456,-22.5057]]}},{"type":"Feature","properties":{"nome":"","tipo":"stream"},"geometry":{"type":"LineString","coordinates":[[-56.0486,-22.5031],[-56.0471,-22.5035],[-56.0454,-22.503],[-56.0441,-22.5042]]}},{"type":"Feature","properties":{"nome":"","tipo":"stream"},"geometry":{"type":"LineString","coordinates":[[-56.0347,-22.5136],[-56.0312,-22.5092],[-56.0311,-22.5083]]}},{"type":"Feature","properties":{"nome":"","tipo":"stream"},"geometry":{"type":"LineString","coordinates":[[-55.9491,-22.5542],[-55.9473,-22.5546],[-55.946,-22.5568],[-55.9459,-22.5616],[-55.9468,-22.5641],[-55.949,-22.566],[-55.9494,-22.5673],[-55.9511,-22.5682],[-55.9521,-22.5696],[-55.9528,-22.5695],[-55.954,-22.5718],[-55.9538,-22.5726],[-55.9546,-22.5738],[-55.955,-22.5758],[-55.9545,-22.577],[-55.9558,-22.5794],[-55.9557,-22.582],[-55.9571,-22.5834],[-55.9578,-22.5835],[-55.9584,-22.585],[-55.9574,-22.5866],[-55.9573,-22.5886],[-55.9586,-22.5894],[-55.9588,-22.5922]]}},{"type":"Feature","properties":{"nome":"","tipo":"stream"},"geometry":{"type":"LineString","coordinates":[[-55.9646,-22.5841],[-55.9602,-22.5856],[-55.9584,-22.5853]]}},{"type":"Feature","properties":{"nome":"","tipo":"stream"},"geometry":{"type":"LineString","coordinates":[[-55.9645,-22.5624],[-55.9641,-22.5684],[-55.9617,-22.5703],[-55.9581,-22.5709],[-55.9572,-22.5743],[-55.9552,-22.5774],[-55.9548,-22.5775]]}},{"type":"Feature","properties":{"nome":"","tipo":"stream"},"geometry":{"type":"LineString","coordinates":[[-55.9671,-22.5651],[-55.9661,-22.5656],[-55.9653,-22.5673],[-55.9641,-22.5678]]}},{"type":"Feature","properties":{"nome":"","tipo":"stream"},"geometry":{"type":"LineString","coordinates":[[-55.9609,-22.558],[-55.9572,-22.5595],[-55.9571,-22.5617],[-55.9554,-22.5645],[-55.9529,-22.5663],[-55.9512,-22.5664]]}},{"type":"Feature","properties":{"nome":"","tipo":"stream"},"geometry":{"type":"LineString","coordinates":[[-55.9525,-22.5578],[-55.9518,-22.5624],[-55.9519,-22.5656],[-55.9505,-22.5678]]}},{"type":"Feature","properties":{"nome":"","tipo":"stream"},"geometry":{"type":"LineString","coordinates":[[-55.9425,-22.5636],[-55.9446,-22.5643],[-55.9467,-22.5638]]}},{"type":"Feature","properties":{"nome":"","tipo":"stream"},"geometry":{"type":"LineString","coordinates":[[-55.949,-22.5601],[-55.948,-22.5618],[-55.9464,-22.5629]]}},{"type":"Feature","properties":{"nome":"","tipo":"stream"},"geometry":{"type":"LineString","coordinates":[[-55.9429,-22.5603],[-55.944,-22.5604],[-55.9459,-22.5615]]}},{"type":"Feature","properties":{"nome":"","tipo":"stream"},"geometry":{"type":"LineString","coordinates":[[-55.9448,-22.5546],[-55.946,-22.5568]]}},{"type":"Feature","properties":{"nome":"","tipo":"stream"},"geometry":{"type":"LineString","coordinates":[[-55.8881,-22.594],[-55.888,-22.5928],[-55.8889,-22.5906],[-55.8886,-22.5897]]}},{"type":"Feature","properties":{"nome":"","tipo":"stream"},"geometry":{"type":"LineString","coordinates":[[-55.8739,-22.6042],[-55.8712,-22.602]]}},{"type":"Feature","properties":{"nome":"","tipo":"stream"},"geometry":{"type":"LineString","coordinates":[[-55.8728,-22.6044],[-55.8724,-22.6031]]}},{"type":"Feature","properties":{"nome":"","tipo":"stream"},"geometry":{"type":"LineString","coordinates":[[-55.8731,-22.6027],[-55.8716,-22.6014]]}},{"type":"Feature","properties":{"nome":"","tipo":"stream"},"geometry":{"type":"LineString","coordinates":[[-55.8737,-22.6019],[-55.8726,-22.6004]]}},{"type":"Feature","properties":{"nome":"","tipo":"stream"},"geometry":{"type":"LineString","coordinates":[[-55.8714,-22.606],[-55.8695,-22.6055]]}},{"type":"Feature","properties":{"nome":"","tipo":"stream"},"geometry":{"type":"LineString","coordinates":[[-55.8725,-22.6056],[-55.8703,-22.6036]]}},{"type":"Feature","properties":{"nome":"","tipo":"stream"},"geometry":{"type":"LineString","coordinates":[[-55.8812,-22.6009],[-55.8799,-22.5993],[-55.8784,-22.5987],[-55.876,-22.5962],[-55.8758,-22.5954]]}},{"type":"Feature","properties":{"nome":"","tipo":"stream"},"geometry":{"type":"LineString","coordinates":[[-55.8764,-22.603],[-55.8773,-22.599],[-55.8757,-22.5968],[-55.876,-22.5962]]}},{"type":"Feature","properties":{"nome":"","tipo":"stream"},"geometry":{"type":"LineString","coordinates":[[-55.8795,-22.6014],[-55.8772,-22.599]]}},{"type":"Feature","properties":{"nome":"","tipo":"stream"},"geometry":{"type":"LineString","coordinates":[[-55.8548,-22.6053],[-55.8566,-22.6064],[-55.8599,-22.6072],[-55.8656,-22.6058],[-55.8674,-22.6046],[-55.8703,-22.6009],[-55.8729,-22.5985]]}},{"type":"Feature","properties":{"nome":"","tipo":"stream"},"geometry":{"type":"LineString","coordinates":[[-55.8607,-22.6119],[-55.8612,-22.611],[-55.8622,-22.6069]]}},{"type":"Feature","properties":{"nome":"","tipo":"stream"},"geometry":{"type":"LineString","coordinates":[[-55.8609,-22.6059],[-55.863,-22.6065]]}},{"type":"Feature","properties":{"nome":"","tipo":"stream"},"geometry":{"type":"LineString","coordinates":[[-55.8801,-22.5873],[-55.8795,-22.5887],[-55.8798,-22.5896],[-55.8813,-22.5905],[-55.8811,-22.5912],[-55.8821,-22.5915]]}},{"type":"Feature","properties":{"nome":"","tipo":"stream"},"geometry":{"type":"LineString","coordinates":[[-55.883,-22.5978],[-55.8813,-22.5972],[-55.8805,-22.5956],[-55.8786,-22.5944],[-55.8782,-22.593]]}},{"type":"Feature","properties":{"nome":"","tipo":"stream"},"geometry":{"type":"LineString","coordinates":[[-55.8806,-22.5945],[-55.8808,-22.5921]]}},{"type":"Feature","properties":{"nome":"","tipo":"stream"},"geometry":{"type":"LineString","coordinates":[[-55.8863,-22.5948],[-55.8852,-22.5937],[-55.8844,-22.5915]]}},{"type":"Feature","properties":{"nome":"","tipo":"stream"},"geometry":{"type":"LineString","coordinates":[[-55.8874,-22.5934],[-55.8873,-22.5926],[-55.8857,-22.5906]]}},{"type":"Feature","properties":{"nome":"","tipo":"stream"},"geometry":{"type":"LineString","coordinates":[[-55.8907,-22.5934],[-55.8896,-22.5924],[-55.8889,-22.5906]]}},{"type":"Feature","properties":{"nome":"","tipo":"stream"},"geometry":{"type":"LineString","coordinates":[[-55.8858,-22.5873],[-55.8897,-22.5893]]}},{"type":"Feature","properties":{"nome":"","tipo":"stream"},"geometry":{"type":"LineString","coordinates":[[-55.9641,-22.6618],[-55.9657,-22.6599],[-55.9667,-22.66]]}},{"type":"Feature","properties":{"nome":"","tipo":"stream"},"geometry":{"type":"LineString","coordinates":[[-55.934,-22.6593],[-55.933,-22.661]]}},{"type":"Feature","properties":{"nome":"","tipo":"stream"},"geometry":{"type":"LineString","coordinates":[[-55.9347,-22.6534],[-55.9379,-22.6551],[-55.9392,-22.659],[-55.9407,-22.6608]]}},{"type":"Feature","properties":{"nome":"","tipo":"stream"},"geometry":{"type":"LineString","coordinates":[[-55.9333,-22.6566],[-55.9354,-22.6564],[-55.9365,-22.6577],[-55.9391,-22.6581]]}},{"type":"Feature","properties":{"nome":"","tipo":"stream"},"geometry":{"type":"LineString","coordinates":[[-55.9338,-22.6549],[-55.9354,-22.6564]]}},{"type":"Feature","properties":{"nome":"","tipo":"stream"},"geometry":{"type":"LineString","coordinates":[[-55.9416,-22.6543],[-55.9451,-22.6556],[-55.9479,-22.6558],[-55.9497,-22.6573],[-55.9505,-22.659],[-55.9521,-22.6596]]}},{"type":"Feature","properties":{"nome":"","tipo":"stream"},"geometry":{"type":"LineString","coordinates":[[-55.9653,-22.6478],[-55.9655,-22.6464],[-55.9671,-22.6438],[-55.9693,-22.6424],[-55.9697,-22.6431],[-55.9702,-22.643],[-55.9727,-22.6398],[-55.9735,-22.6397],[-55.972,-22.6376],[-55.9725,-22.6367],[-55.9749,-22.6357],[-55.9775,-22.636],[-55.9829,-22.6352]]}},{"type":"Feature","properties":{"nome":"","tipo":"stream"},"geometry":{"type":"LineString","coordinates":[[-55.9705,-22.6176],[-55.9732,-22.6164],[-55.9746,-22.6146],[-55.9773,-22.6144]]}},{"type":"Feature","properties":{"nome":"","tipo":"stream"},"geometry":{"type":"LineString","coordinates":[[-55.935,-22.6249],[-55.9339,-22.6244],[-55.9335,-22.6233],[-55.9343,-22.6222],[-55.9344,-22.6167],[-55.9332,-22.616],[-55.9322,-22.6145],[-55.9301,-22.6088],[-55.9302,-22.6078],[-55.9291,-22.6069],[-55.9294,-22.6055],[-55.9302,-22.6047],[-55.9303,-22.602],[-55.9291,-22.5993],[-55.9278,-22.5983],[-55.9293,-22.5958],[-55.929,-22.5948],[-55.9304,-22.5941],[-55.9309,-22.5933],[-55.9305,-22.5926],[-55.932,-22.5911],[-55.9329,-22.5914],[-55.9334,-22.591],[-55.9336,-22.5915],[-55.9345,-22.5911],[-55.935,-22.5916],[-55.9355,-22.5911],[-55.9366,-22.5914],[-55.9378,-22.5911]]}},{"type":"Feature","properties":{"nome":"","tipo":"stream"},"geometry":{"type":"LineString","coordinates":[[-55.8815,-22.6195],[-55.8835,-22.6207]]}},{"type":"Feature","properties":{"nome":"","tipo":"stream"},"geometry":{"type":"LineString","coordinates":[[-55.8842,-22.6237],[-55.8848,-22.6203]]}},{"type":"Feature","properties":{"nome":"","tipo":"stream"},"geometry":{"type":"LineString","coordinates":[[-55.8871,-22.6232],[-55.8872,-22.622],[-55.8883,-22.6205],[-55.8884,-22.6191]]}},{"type":"Feature","properties":{"nome":"","tipo":"stream"},"geometry":{"type":"LineString","coordinates":[[-55.8814,-22.6182],[-55.8823,-22.6188],[-55.8848,-22.619],[-55.8856,-22.6196]]}},{"type":"Feature","properties":{"nome":"","tipo":"stream"},"geometry":{"type":"LineString","coordinates":[[-55.8897,-22.6235],[-55.8904,-22.6226],[-55.8935,-22.621],[-55.8943,-22.6177]]}},{"type":"Feature","properties":{"nome":"","tipo":"stream"},"geometry":{"type":"LineString","coordinates":[[-55.8931,-22.6231],[-55.8935,-22.621]]}},{"type":"Feature","properties":{"nome":"","tipo":"stream"},"geometry":{"type":"LineString","coordinates":[[-55.8909,-22.615],[-55.8952,-22.6139],[-55.8968,-22.6146]]}},{"type":"Feature","properties":{"nome":"","tipo":"stream"},"geometry":{"type":"LineString","coordinates":[[-55.8931,-22.5943],[-55.8944,-22.5968],[-55.8969,-22.5972],[-55.8974,-22.5976],[-55.8972,-22.5983]]}},{"type":"Feature","properties":{"nome":"","tipo":"stream"},"geometry":{"type":"LineString","coordinates":[[-55.9089,-22.5921],[-55.91,-22.5934],[-55.913,-22.5947]]}},{"type":"Feature","properties":{"nome":"","tipo":"stream"},"geometry":{"type":"LineString","coordinates":[[-55.9255,-22.5954],[-55.929,-22.5949]]}},{"type":"Feature","properties":{"nome":"","tipo":"stream"},"geometry":{"type":"LineString","coordinates":[[-55.9101,-22.6081],[-55.9087,-22.6081],[-55.9069,-22.6058]]}},{"type":"Feature","properties":{"nome":"","tipo":"stream"},"geometry":{"type":"LineString","coordinates":[[-56.0711,-22.3977],[-56.0722,-22.3976],[-56.0747,-22.3991],[-56.0761,-22.4005],[-56.0813,-22.4033],[-56.0821,-22.4043],[-56.0864,-22.4055],[-56.0877,-22.4087],[-56.0873,-22.4091],[-56.0874,-22.4099],[-56.0884,-22.4109],[-56.0897,-22.4157],[-56.0908,-22.4172],[-56.0916,-22.4175],[-56.0918,-22.4194],[-56.0928,-22.4199],[-56.093,-22.424],[-56.0938,-22.4246],[-56.094,-22.4258],[-56.0946,-22.4263],[-56.0949,-22.4287],[-56.0961,-22.4293],[-56.0978,-22.4324],[-56.1008,-22.4331],[-56.1024,-22.4354],[-56.1077,-22.4372],[-56.1082,-22.4379],[-56.1073,-22.4385],[-56.1074,-22.4392],[-56.109,-22.4391],[-56.1114,-22.4377],[-56.1112,-22.4393],[-56.1127,-22.4398],[-56.113,-22.4408],[-56.1139,-22.4411],[-56.1148,-22.4432],[-56.1182,-22.4466],[-56.1185,-22.4498],[-56.1204,-22.4499],[-56.121,-22.4514],[-56.1224,-22.4516],[-56.1233,-22.4525],[-56.1213,-22.4528],[-56.1215,-22.4536],[-56.1167,-22.4556],[-56.1157,-22.4571],[-56.1169,-22.4578],[-56.1174,-22.4588],[-56.1185,-22.459],[-56.1186,-22.4599],[-56.1178,-22.4607],[-56.1181,-22.4645],[-56.1213,-22.4662],[-56.1224,-22.4708],[-56.1218,-22.4711],[-56.1213,-22.4705],[-56.1202,-22.4704],[-56.1191,-22.4728],[-56.1196,-22.4739],[-56.1189,-22.4739],[-56.1186,-22.4748],[-56.1179,-22.4751],[-56.1182,-22.4759],[-56.1175,-22.4762],[-56.1179,-22.4769],[-56.1189,-22.476],[-56.1195,-22.4762],[-56.1195,-22.4776],[-56.1191,-22.4781],[-56.1178,-22.4781],[-56.1174,-22.4795],[-56.1177,-22.4803],[-56.1196,-22.4802],[-56.1199,-22.4806],[-56.1192,-22.4812],[-56.1184,-22.4834],[-56.12,-22.4837],[-56.1201,-22.4842],[-56.1186,-22.485],[-56.1178,-22.4861],[-56.1187,-22.4864],[-56.1192,-22.4873],[-56.1163,-22.4882],[-56.1151,-22.4876],[-56.1143,-22.4878],[-56.1134,-22.4897],[-56.1139,-22.4901],[-56.1126,-22.4905],[-56.1117,-22.4918]]}},{"type":"Feature","properties":{"nome":"","tipo":"stream"},"geometry":{"type":"LineString","coordinates":[[-55.9679,-22.5728],[-55.9655,-22.573],[-55.9638,-22.5726],[-55.9573,-22.5741]]}},{"type":"Feature","properties":{"nome":"","tipo":"stream"},"geometry":{"type":"LineString","coordinates":[[-55.9396,-22.5811],[-55.9391,-22.5788]]}},{"type":"Feature","properties":{"nome":"","tipo":"stream"},"geometry":{"type":"LineString","coordinates":[[-55.9283,-22.5904],[-55.9316,-22.5915]]}},{"type":"Feature","properties":{"nome":"","tipo":"stream"},"geometry":{"type":"LineString","coordinates":[[-55.9254,-22.5979],[-55.9283,-22.5974]]}},{"type":"Feature","properties":{"nome":"","tipo":"stream"},"geometry":{"type":"LineString","coordinates":[[-55.9355,-22.6066],[-55.9335,-22.6065],[-55.9322,-22.6048],[-55.9306,-22.6052],[-55.9301,-22.6049]]}},{"type":"Feature","properties":{"nome":"","tipo":"stream"},"geometry":{"type":"LineString","coordinates":[[-55.9384,-22.6117],[-55.9317,-22.6126]]}},{"type":"Feature","properties":{"nome":"","tipo":"stream"},"geometry":{"type":"LineString","coordinates":[[-55.9659,-22.6785],[-55.9673,-22.679],[-55.9675,-22.6797],[-55.969,-22.6799],[-55.9708,-22.6791],[-55.9713,-22.6792],[-55.9709,-22.6799],[-55.9742,-22.6791],[-55.9764,-22.6795],[-55.978,-22.6779],[-55.9791,-22.6772],[-55.98,-22.6774],[-55.9815,-22.676],[-55.9822,-22.6761],[-55.9855,-22.6739],[-55.9867,-22.6717],[-55.9862,-22.6699],[-55.9874,-22.6673],[-55.9871,-22.6671],[-55.9872,-22.6661],[-55.9882,-22.6657],[-55.9896,-22.6659],[-55.9903,-22.6649],[-55.992,-22.6639],[-55.9931,-22.6636],[-55.9942,-22.664],[-55.9939,-22.6635],[-55.9944,-22.6627],[-55.9958,-22.6617],[-55.9966,-22.6617],[-55.9965,-22.6622],[-55.9986,-22.6616],[-55.9993,-22.6619],[-56.0035,-22.6593],[-56.0047,-22.6593],[-56.0058,-22.661],[-56.0066,-22.6599],[-56.0095,-22.6584],[-56.0112,-22.6555],[-56.0131,-22.6549],[-56.0156,-22.6518],[-56.0167,-22.6514],[-56.0169,-22.6491],[-56.0177,-22.6479],[-56.0175,-22.646],[-56.0195,-22.6442],[-56.0207,-22.6438],[-56.0223,-22.6445],[-56.023,-22.6442],[-56.0259,-22.645],[-56.0268,-22.6447],[-56.0279,-22.645],[-56.0281,-22.646],[-56.0294,-22.6462],[-56.0311,-22.6454],[-56.0311,-22.6458],[-56.0323,-22.6462],[-56.0336,-22.6454],[-56.0347,-22.646]]}},{"type":"Feature","properties":{"nome":"","tipo":"stream"},"geometry":{"type":"LineString","coordinates":[[-56.0443,-22.7047],[-56.0374,-22.7033],[-56.036,-22.7014],[-56.0334,-22.6997],[-56.0321,-22.696],[-56.032,-22.6914],[-56.0313,-22.6898],[-56.0306,-22.6898],[-56.031,-22.6888],[-56.03,-22.6884],[-56.0304,-22.6873],[-56.0302,-22.6857],[-56.0292,-22.6842],[-56.0285,-22.6816],[-56.0265,-22.6796],[-56.0261,-22.6784],[-56.0248,-22.6773],[-56.0242,-22.6753],[-56.0244,-22.6732],[-56.0233,-22.6711],[-56.0238,-22.6692],[-56.0262,-22.667],[-56.0261,-22.665],[-56.0279,-22.6634],[-56.0282,-22.6608],[-56.0314,-22.6578],[-56.0314,-22.6568],[-56.0304,-22.6558],[-56.0298,-22.6508],[-56.0313,-22.6491],[-56.0322,-22.6497],[-56.0327,-22.6495],[-56.0347,-22.6459],[-56.0361,-22.6455],[-56.0371,-22.6469],[-56.0397,-22.6453],[-56.0404,-22.6458],[-56.0408,-22.6443]]}},{"type":"Feature","properties":{"nome":"","tipo":"stream"},"geometry":{"type":"LineString","coordinates":[[-56.0246,-22.6859],[-56.0248,-22.6837],[-56.0276,-22.6804]]}},{"type":"Feature","properties":{"nome":"","tipo":"stream"},"geometry":{"type":"LineString","coordinates":[[-55.9799,-22.7026],[-55.9802,-22.7017],[-55.9825,-22.7005],[-55.9867,-22.6958],[-55.9899,-22.693],[-55.9912,-22.6926],[-55.9922,-22.6928],[-55.9931,-22.6923],[-55.9948,-22.6923],[-55.9972,-22.69],[-56.0001,-22.6894],[-56.0012,-22.688],[-56.0027,-22.6873],[-56.0032,-22.685],[-56.0047,-22.6835],[-56.0089,-22.6833],[-56.0096,-22.6814],[-56.0121,-22.6809],[-56.0129,-22.679],[-56.015,-22.6792],[-56.0165,-22.6788],[-56.0168,-22.6771],[-56.018,-22.6762],[-56.0181,-22.6743],[-56.0194,-22.6738],[-56.0228,-22.6709],[-56.0234,-22.6709]]}},{"type":"Feature","properties":{"nome":"","tipo":"stream"},"geometry":{"type":"LineString","coordinates":[[-55.9989,-22.6996],[-55.9999,-22.6971],[-55.9999,-22.6954],[-56.0015,-22.6938],[-56.0006,-22.6888]]}},{"type":"Feature","properties":{"nome":"","tipo":"stream"},"geometry":{"type":"LineString","coordinates":[[-56.0103,-22.6954],[-56.009,-22.6941],[-56.0085,-22.6942],[-56.0068,-22.691],[-56.0065,-22.6891],[-56.007,-22.6868],[-56.0059,-22.6852],[-56.0072,-22.6833]]}},{"type":"Feature","properties":{"nome":"","tipo":"stream"},"geometry":{"type":"LineString","coordinates":[[-56.0093,-22.6933],[-56.0096,-22.6904],[-56.0087,-22.6877],[-56.0085,-22.6835]]}},{"type":"Feature","properties":{"nome":"","tipo":"stream"},"geometry":{"type":"LineString","coordinates":[[-56.0159,-22.6934],[-56.0142,-22.6932],[-56.0115,-22.6919],[-56.0098,-22.6865],[-56.0088,-22.686]]}},{"type":"Feature","properties":{"nome":"","tipo":"stream"},"geometry":{"type":"LineString","coordinates":[[-56.0197,-22.6871],[-56.0135,-22.6918],[-56.0123,-22.6922]]}},{"type":"Feature","properties":{"nome":"","tipo":"stream"},"geometry":{"type":"LineString","coordinates":[[-56.0146,-22.7214],[-56.0137,-22.7193]]}},{"type":"Feature","properties":{"nome":"","tipo":"stream"},"geometry":{"type":"LineString","coordinates":[[-56.0148,-22.7236],[-56.0137,-22.7192]]}},{"type":"Feature","properties":{"nome":"","tipo":"stream"},"geometry":{"type":"LineString","coordinates":[[-55.9673,-22.6485],[-55.9707,-22.6451],[-55.9709,-22.6442],[-55.9702,-22.643]]}},{"type":"Feature","properties":{"nome":"","tipo":"stream"},"geometry":{"type":"LineString","coordinates":[[-55.9071,-22.6448],[-55.9104,-22.6455],[-55.9127,-22.6469]]}},{"type":"Feature","properties":{"nome":"","tipo":"stream"},"geometry":{"type":"LineString","coordinates":[[-56.0534,-22.4121],[-56.0533,-22.4131],[-56.0524,-22.4143]]}},{"type":"Feature","properties":{"nome":"","tipo":"stream"},"geometry":{"type":"LineString","coordinates":[[-56.0843,-22.4081],[-56.0875,-22.4079]]}},{"type":"Feature","properties":{"nome":"","tipo":"stream"},"geometry":{"type":"LineString","coordinates":[[-56.0844,-22.407],[-56.0875,-22.4076]]}},{"type":"Feature","properties":{"nome":"","tipo":"stream"},"geometry":{"type":"LineString","coordinates":[[-56.0776,-22.4005],[-56.0779,-22.4013]]}},{"type":"Feature","properties":{"nome":"","tipo":"stream"},"geometry":{"type":"LineString","coordinates":[[-56.0798,-22.4056],[-56.0821,-22.4056],[-56.0836,-22.405]]}},{"type":"Feature","properties":{"nome":"","tipo":"stream"},"geometry":{"type":"LineString","coordinates":[[-56.0823,-22.4067],[-56.0857,-22.4053]]}},{"type":"Feature","properties":{"nome":"","tipo":"stream"},"geometry":{"type":"LineString","coordinates":[[-56.0887,-22.4039],[-56.0887,-22.4053],[-56.0871,-22.4071]]}},{"type":"Feature","properties":{"nome":"","tipo":"stream"},"geometry":{"type":"LineString","coordinates":[[-56.0742,-22.4208],[-56.0748,-22.4232],[-56.0795,-22.4264],[-56.0802,-22.4276],[-56.0814,-22.4276],[-56.0826,-22.4304],[-56.0841,-22.432],[-56.0882,-22.4333],[-56.0908,-22.4372],[-56.0949,-22.4388],[-56.0962,-22.4388],[-56.0972,-22.4397],[-56.0999,-22.4386],[-56.1024,-22.4354]]}},{"type":"Feature","properties":{"nome":"","tipo":"stream"},"geometry":{"type":"LineString","coordinates":[[-56.081,-22.4176],[-56.0828,-22.4182],[-56.0854,-22.4175],[-56.0877,-22.4179],[-56.091,-22.4173]]}},{"type":"Feature","properties":{"nome":"","tipo":"stream"},"geometry":{"type":"LineString","coordinates":[[-56.0828,-22.413],[-56.085,-22.4117],[-56.0887,-22.4121]]}},{"type":"Feature","properties":{"nome":"","tipo":"stream"},"geometry":{"type":"LineString","coordinates":[[-56.0841,-22.414],[-56.0857,-22.4133],[-56.0889,-22.4134]]}},{"type":"Feature","properties":{"nome":"","tipo":"stream"},"geometry":{"type":"LineString","coordinates":[[-56.0942,-22.4134],[-56.0921,-22.4127],[-56.0908,-22.4128],[-56.0896,-22.4134],[-56.0891,-22.4143]]}},{"type":"Feature","properties":{"nome":"","tipo":"stream"},"geometry":{"type":"LineString","coordinates":[[-56.0952,-22.4169],[-56.0936,-22.4167],[-56.0917,-22.4176]]}},{"type":"Feature","properties":{"nome":"","tipo":"stream"},"geometry":{"type":"LineString","coordinates":[[-56.0877,-22.4206],[-56.092,-22.4196]]}},{"type":"Feature","properties":{"nome":"","tipo":"stream"},"geometry":{"type":"LineString","coordinates":[[-56.0817,-22.435],[-56.0851,-22.4336],[-56.0861,-22.4327]]}},{"type":"Feature","properties":{"nome":"","tipo":"stream"},"geometry":{"type":"LineString","coordinates":[[-56.096,-22.3874],[-56.0977,-22.3903],[-56.1028,-22.3955],[-56.1027,-22.3966],[-56.1034,-22.3972],[-56.1023,-22.3986],[-56.1026,-22.3994]]}},{"type":"Feature","properties":{"nome":"","tipo":"stream"},"geometry":{"type":"LineString","coordinates":[[-56.0934,-22.394],[-56.0949,-22.3952],[-56.0952,-22.397],[-56.0973,-22.3988]]}},{"type":"Feature","properties":{"nome":"","tipo":"stream"},"geometry":{"type":"LineString","coordinates":[[-56.0932,-22.3959],[-56.0951,-22.3967]]}},{"type":"Feature","properties":{"nome":"","tipo":"stream"},"geometry":{"type":"LineString","coordinates":[[-56.0966,-22.3942],[-56.0985,-22.3947],[-56.1012,-22.3937]]}},{"type":"Feature","properties":{"nome":"","tipo":"stream"},"geometry":{"type":"LineString","coordinates":[[-56.0929,-22.3981],[-56.0948,-22.3986],[-56.0966,-22.3982]]}},{"type":"Feature","properties":{"nome":"","tipo":"stream"},"geometry":{"type":"LineString","coordinates":[[-56.102,-22.3902],[-56.1003,-22.3926]]}},{"type":"Feature","properties":{"nome":"","tipo":"stream"},"geometry":{"type":"LineString","coordinates":[[-56.1103,-22.3909],[-56.1061,-22.3926],[-56.1029,-22.3956]]}},{"type":"Feature","properties":{"nome":"","tipo":"stream"},"geometry":{"type":"LineString","coordinates":[[-56.0969,-22.4035],[-56.0991,-22.3992]]}},{"type":"Feature","properties":{"nome":"","tipo":"stream"},"geometry":{"type":"LineString","coordinates":[[-56.0905,-22.4026],[-56.092,-22.4011],[-56.0934,-22.401],[-56.0943,-22.4],[-56.096,-22.3998],[-56.0972,-22.3988],[-56.0992,-22.3992],[-56.1009,-22.3988],[-56.1027,-22.3994],[-56.106,-22.4022],[-56.1061,-22.4055],[-56.1054,-22.4067],[-56.1055,-22.4086],[-56.1062,-22.4097],[-56.1056,-22.4103],[-56.1058,-22.4128],[-56.1076,-22.414],[-56.1078,-22.4176],[-56.1087,-22.4177],[-56.1094,-22.4191],[-56.1097,-22.4209],[-56.1091,-22.4215],[-56.109,-22.4225],[-56.1105,-22.4229],[-56.1105,-22.4243],[-56.1115,-22.4247],[-56.111,-22.4265],[-56.1116,-22.4265],[-56.112,-22.4278],[-56.1129,-22.4279],[-56.1139,-22.4291],[-56.1142,-22.4304],[-56.1136,-22.4313],[-56.1151,-22.4326],[-56.1144,-22.433],[-56.1141,-22.4353],[-56.1153,-22.4368],[-56.116,-22.4359],[-56.1168,-22.4358],[-56.1181,-22.4369],[-56.1179,-22.4377],[-56.1165,-22.4385],[-56.1175,-22.4392],[-56.1168,-22.4411],[-56.1148,-22.4419],[-56.1145,-22.4425]]}},{"type":"Feature","properties":{"nome":"","tipo":"stream"},"geometry":{"type":"LineString","coordinates":[[-56.0925,-22.3996],[-56.0943,-22.4]]}},{"type":"Feature","properties":{"nome":"","tipo":"stream"},"geometry":{"type":"LineString","coordinates":[[-56.0997,-22.3973],[-56.0996,-22.3981],[-56.1004,-22.3988]]}},{"type":"Feature","properties":{"nome":"","tipo":"stream"},"geometry":{"type":"LineString","coordinates":[[-56.1003,-22.4055],[-56.1036,-22.4049],[-56.1061,-22.4055]]}},{"type":"Feature","properties":{"nome":"","tipo":"stream"},"geometry":{"type":"LineString","coordinates":[[-56.0963,-22.3912],[-56.0974,-22.3914],[-56.0984,-22.391]]}},{"type":"Feature","properties":{"nome":"","tipo":"stream"},"geometry":{"type":"LineString","coordinates":[[-56.1064,-22.3972],[-56.1039,-22.3988],[-56.1034,-22.4001]]}},{"type":"Feature","properties":{"nome":"","tipo":"stream"},"geometry":{"type":"LineString","coordinates":[[-56.0859,-22.4241],[-56.0876,-22.4257],[-56.0896,-22.4265],[-56.0945,-22.4266]]}},{"type":"Feature","properties":{"nome":"","tipo":"stream"},"geometry":{"type":"LineString","coordinates":[[-56.0835,-22.4242],[-56.0848,-22.4231],[-56.0871,-22.4222],[-56.0907,-22.4234],[-56.093,-22.4234]]}},{"type":"Feature","properties":{"nome":"","tipo":"stream"},"geometry":{"type":"LineString","coordinates":[[-56.0921,-22.4307],[-56.0943,-22.4306],[-56.0963,-22.4299]]}},{"type":"Feature","properties":{"nome":"","tipo":"stream"},"geometry":{"type":"LineString","coordinates":[[-56.1009,-22.4277],[-56.1005,-22.4286],[-56.0974,-22.431]]}},{"type":"Feature","properties":{"nome":"","tipo":"stream"},"geometry":{"type":"LineString","coordinates":[[-56.0993,-22.4249],[-56.0973,-22.425],[-56.0946,-22.4263]]}},{"type":"Feature","properties":{"nome":"","tipo":"stream"},"geometry":{"type":"LineString","coordinates":[[-56.0994,-22.4239],[-56.0966,-22.4241],[-56.0939,-22.4254]]}},{"type":"Feature","properties":{"nome":"","tipo":"stream"},"geometry":{"type":"LineString","coordinates":[[-56.0988,-22.4228],[-56.0952,-22.4232],[-56.0936,-22.4244]]}},{"type":"Feature","properties":{"nome":"","tipo":"stream"},"geometry":{"type":"LineString","coordinates":[[-56.0943,-22.435],[-56.0951,-22.4335],[-56.0978,-22.4324]]}},{"type":"Feature","properties":{"nome":"","tipo":"stream"},"geometry":{"type":"LineString","coordinates":[[-56.0964,-22.4373],[-56.0966,-22.4393]]}},{"type":"Feature","properties":{"nome":"","tipo":"stream"},"geometry":{"type":"LineString","coordinates":[[-56.1006,-22.44],[-56.1003,-22.4382]]}},{"type":"Feature","properties":{"nome":"","tipo":"stream"},"geometry":{"type":"LineString","coordinates":[[-56.0964,-22.4471],[-56.0988,-22.4448],[-56.0989,-22.4418],[-56.0997,-22.4407],[-56.0988,-22.4397],[-56.0989,-22.4391]]}},{"type":"Feature","properties":{"nome":"","tipo":"stream"},"geometry":{"type":"LineString","coordinates":[[-56.0983,-22.4469],[-56.0985,-22.4454]]}},{"type":"Feature","properties":{"nome":"","tipo":"stream"},"geometry":{"type":"LineString","coordinates":[[-56.096,-22.4442],[-56.0989,-22.4418]]}},{"type":"Feature","properties":{"nome":"","tipo":"stream"},"geometry":{"type":"LineString","coordinates":[[-56.0956,-22.4436],[-56.096,-22.4428]]}},{"type":"Feature","properties":{"nome":"","tipo":"stream"},"geometry":{"type":"LineString","coordinates":[[-56.0948,-22.4431],[-56.0961,-22.4427],[-56.0974,-22.4412],[-56.0972,-22.4397]]}},{"type":"Feature","properties":{"nome":"","tipo":"stream"},"geometry":{"type":"LineString","coordinates":[[-56.0932,-22.4484],[-56.0936,-22.4468],[-56.092,-22.4408],[-56.0922,-22.4397],[-56.0933,-22.4383]]}},{"type":"Feature","properties":{"nome":"","tipo":"stream"},"geometry":{"type":"LineString","coordinates":[[-56.0941,-22.445],[-56.0928,-22.4443]]}},{"type":"Feature","properties":{"nome":"","tipo":"stream"},"geometry":{"type":"LineString","coordinates":[[-56.0908,-22.4442],[-56.0913,-22.4427],[-56.0922,-22.4422]]}},{"type":"Feature","properties":{"nome":"","tipo":"stream"},"geometry":{"type":"LineString","coordinates":[[-56.093,-22.4429],[-56.0923,-22.4424]]}},{"type":"Feature","properties":{"nome":"","tipo":"stream"},"geometry":{"type":"LineString","coordinates":[[-56.0941,-22.4426],[-56.0922,-22.4418]]}},{"type":"Feature","properties":{"nome":"","tipo":"stream"},"geometry":{"type":"LineString","coordinates":[[-56.0873,-22.4409],[-56.0904,-22.4394],[-56.0923,-22.4378]]}},{"type":"Feature","properties":{"nome":"","tipo":"stream"},"geometry":{"type":"LineString","coordinates":[[-56.1063,-22.4332],[-56.106,-22.435],[-56.1063,-22.4366]]}},{"type":"Feature","properties":{"nome":"","tipo":"stream"},"geometry":{"type":"LineString","coordinates":[[-56.0972,-22.449],[-56.0988,-22.4491],[-56.1042,-22.448],[-56.1065,-22.4465],[-56.107,-22.4458],[-56.1073,-22.441],[-56.1084,-22.4392]]}},{"type":"Feature","properties":{"nome":"","tipo":"stream"},"geometry":{"type":"LineString","coordinates":[[-56.1041,-22.4395],[-56.1056,-22.4389],[-56.1073,-22.4391]]}},{"type":"Feature","properties":{"nome":"","tipo":"stream"},"geometry":{"type":"LineString","coordinates":[[-56.1055,-22.4399],[-56.1064,-22.439]]}},{"type":"Feature","properties":{"nome":"","tipo":"stream"},"geometry":{"type":"LineString","coordinates":[[-56.1029,-22.4408],[-56.1036,-22.4405],[-56.1073,-22.4409]]}},{"type":"Feature","properties":{"nome":"","tipo":"stream"},"geometry":{"type":"LineString","coordinates":[[-56.1007,-22.4443],[-56.1024,-22.4432],[-56.1054,-22.4435],[-56.1069,-22.4432]]}},{"type":"Feature","properties":{"nome":"","tipo":"stream"},"geometry":{"type":"LineString","coordinates":[[-56.106,-22.4462],[-56.1071,-22.4435]]}},{"type":"Feature","properties":{"nome":"","tipo":"stream"},"geometry":{"type":"LineString","coordinates":[[-56.1117,-22.4525],[-56.1128,-22.4495]]}},{"type":"Feature","properties":{"nome":"","tipo":"stream"},"geometry":{"type":"LineString","coordinates":[[-56.1096,-22.4522],[-56.1115,-22.4498],[-56.1154,-22.4485],[-56.1172,-22.449],[-56.1176,-22.4486],[-56.1186,-22.4486]]}},{"type":"Feature","properties":{"nome":"","tipo":"stream"},"geometry":{"type":"LineString","coordinates":[[-56.1082,-22.45],[-56.1084,-22.448],[-56.107,-22.4458]]}},{"type":"Feature","properties":{"nome":"","tipo":"stream"},"geometry":{"type":"LineString","coordinates":[[-56.106,-22.4498],[-56.1056,-22.4473]]}},{"type":"Feature","properties":{"nome":"","tipo":"stream"},"geometry":{"type":"LineString","coordinates":[[-56.1032,-22.4497],[-56.104,-22.448]]}},{"type":"Feature","properties":{"nome":"","tipo":"stream"},"geometry":{"type":"LineString","coordinates":[[-56.109,-22.4449],[-56.1088,-22.4444],[-56.1072,-22.4438]]}},{"type":"Feature","properties":{"nome":"","tipo":"stream"},"geometry":{"type":"LineString","coordinates":[[-56.1104,-22.4492],[-56.1115,-22.4491],[-56.1122,-22.4496]]}},{"type":"Feature","properties":{"nome":"","tipo":"stream"},"geometry":{"type":"LineString","coordinates":[[-56.1099,-22.4447],[-56.1143,-22.442]]}},{"type":"Feature","properties":{"nome":"","tipo":"stream"},"geometry":{"type":"LineString","coordinates":[[-56.1107,-22.4451],[-56.1112,-22.4437]]}},{"type":"Feature","properties":{"nome":"","tipo":"stream"},"geometry":{"type":"LineString","coordinates":[[-56.1062,-22.4308],[-56.109,-22.4286],[-56.1103,-22.4279],[-56.112,-22.4278]]}},{"type":"Feature","properties":{"nome":"","tipo":"stream"},"geometry":{"type":"LineString","coordinates":[[-56.1002,-22.4239],[-56.1012,-22.4247],[-56.1045,-22.425],[-56.1082,-22.4234],[-56.1091,-22.4226]]}},{"type":"Feature","properties":{"nome":"","tipo":"stream"},"geometry":{"type":"LineString","coordinates":[[-56.1053,-22.4228],[-56.1078,-22.4195]]}},{"type":"Feature","properties":{"nome":"","tipo":"stream"},"geometry":{"type":"LineString","coordinates":[[-56.0949,-22.4217],[-56.0974,-22.4196]]}},{"type":"Feature","properties":{"nome":"","tipo":"stream"},"geometry":{"type":"LineString","coordinates":[[-56.0947,-22.418],[-56.0957,-22.4189],[-56.1006,-22.4209],[-56.1057,-22.4196],[-56.1094,-22.4195]]}},{"type":"Feature","properties":{"nome":"","tipo":"stream"},"geometry":{"type":"LineString","coordinates":[[-56.1176,-22.4083],[-56.1177,-22.4119],[-56.1173,-22.4133],[-56.1137,-22.4171],[-56.1107,-22.418],[-56.1094,-22.4192]]}},{"type":"Feature","properties":{"nome":"","tipo":"stream"},"geometry":{"type":"LineString","coordinates":[[-56.0976,-22.4152],[-56.1024,-22.415],[-56.105,-22.4161],[-56.1066,-22.416],[-56.1076,-22.4165]]}},{"type":"Feature","properties":{"nome":"","tipo":"stream"},"geometry":{"type":"LineString","coordinates":[[-56.0972,-22.4113],[-56.0981,-22.412],[-56.1013,-22.4122],[-56.1034,-22.413],[-56.1059,-22.4126]]}},{"type":"Feature","properties":{"nome":"","tipo":"stream"},"geometry":{"type":"LineString","coordinates":[[-56.098,-22.4092],[-56.1026,-22.4108],[-56.1057,-22.4108]]}},{"type":"Feature","properties":{"nome":"","tipo":"stream"},"geometry":{"type":"LineString","coordinates":[[-56.135,-22.4299],[-56.1372,-22.4286],[-56.1383,-22.4266],[-56.1404,-22.4263],[-56.1431,-22.4246],[-56.144,-22.4246],[-56.144,-22.426],[-56.1446,-22.4265],[-56.1444,-22.4289],[-56.1457,-22.4294],[-56.146,-22.4308],[-56.1466,-22.4316],[-56.148,-22.4318],[-56.1492,-22.4331],[-56.1496,-22.4349],[-56.1525,-22.4363],[-56.1546,-22.4367],[-56.1547,-22.4375],[-56.1563,-22.4386],[-56.1581,-22.4382],[-56.1595,-22.4397],[-56.1623,-22.441],[-56.1657,-22.4406],[-56.1672,-22.4417],[-56.1686,-22.4418],[-56.17,-22.4455],[-56.1726,-22.4464],[-56.1738,-22.448],[-56.1747,-22.4477],[-56.1754,-22.4483],[-56.176,-22.448],[-56.1781,-22.4489],[-56.1794,-22.4479],[-56.1819,-22.4475],[-56.1836,-22.4491],[-56.1875,-22.4494],[-56.1884,-22.4505],[-56.1872,-22.4516],[-56.1872,-22.4542],[-56.189,-22.4544],[-56.191,-22.4556],[-56.1923,-22.4576],[-56.1943,-22.4593],[-56.1951,-22.4617],[-56.1966,-22.4627],[-56.1975,-22.4643],[-56.1971,-22.4652],[-56.1972,-22.467],[-56.201,-22.4691],[-56.2015,-22.4699],[-56.2022,-22.4699],[-56.2055,-22.4719],[-56.2064,-22.4732],[-56.207,-22.4732],[-56.2097,-22.4758]]}},{"type":"Feature","properties":{"nome":"","tipo":"stream"},"geometry":{"type":"LineString","coordinates":[[-56.1416,-22.4353],[-56.1454,-22.4319],[-56.1466,-22.4315]]}},{"type":"Feature","properties":{"nome":"","tipo":"stream"},"geometry":{"type":"LineString","coordinates":[[-56.1375,-22.4213],[-56.1391,-22.4241],[-56.1413,-22.4258]]}},{"type":"Feature","properties":{"nome":"","tipo":"stream"},"geometry":{"type":"LineString","coordinates":[[-56.1363,-22.426],[-56.1384,-22.4265]]}},{"type":"Feature","properties":{"nome":"","tipo":"stream"},"geometry":{"type":"LineString","coordinates":[[-56.1409,-22.4294],[-56.1432,-22.4285],[-56.1444,-22.4286]]}},{"type":"Feature","properties":{"nome":"","tipo":"stream"},"geometry":{"type":"LineString","coordinates":[[-56.2373,-22.4437],[-56.2317,-22.446],[-56.2301,-22.4478],[-56.2293,-22.4477],[-56.227,-22.4494]]}},{"type":"Feature","properties":{"nome":"","tipo":"stream"},"geometry":{"type":"LineString","coordinates":[[-56.1883,-22.4769],[-56.1889,-22.4749],[-56.1899,-22.4739],[-56.1929,-22.4731],[-56.1958,-22.471],[-56.1973,-22.4692],[-56.199,-22.4683]]}},{"type":"Feature","properties":{"nome":"","tipo":"stream"},"geometry":{"type":"LineString","coordinates":[[-56.1947,-22.476],[-56.1953,-22.4754],[-56.1947,-22.4739],[-56.1955,-22.4712]]}},{"type":"Feature","properties":{"nome":"","tipo":"stream"},"geometry":{"type":"LineString","coordinates":[[-56.3034,-22.6751],[-56.2998,-22.6758],[-56.2969,-22.6779],[-56.2957,-22.6781],[-56.2945,-22.6791],[-56.2924,-22.6799],[-56.2908,-22.6815]]}},{"type":"Feature","properties":{"nome":"","tipo":"stream"},"geometry":{"type":"LineString","coordinates":[[-56.0687,-22.467],[-56.0695,-22.4679],[-56.0704,-22.468]]}},{"type":"Feature","properties":{"nome":"","tipo":"river"},"geometry":{"type":"LineString","coordinates":[[-56.0717,-22.4649],[-56.0712,-22.4661],[-56.0715,-22.4667],[-56.071,-22.467],[-56.0712,-22.4676],[-56.0704,-22.4679],[-56.0704,-22.4684],[-56.0712,-22.4687],[-56.071,-22.469],[-56.0728,-22.4694],[-56.0727,-22.4716],[-56.0739,-22.4725],[-56.0738,-22.473],[-56.0745,-22.4736],[-56.0743,-22.4743],[-56.0763,-22.4762],[-56.0766,-22.4776],[-56.0762,-22.4781],[-56.0777,-22.4785],[-56.0776,-22.4798],[-56.0793,-22.4801],[-56.0793,-22.4807],[-56.081,-22.4807],[-56.081,-22.4815],[-56.0817,-22.482],[-56.0825,-22.4814],[-56.0831,-22.482],[-56.0849,-22.4818],[-56.0851,-22.4825],[-56.0862,-22.4826],[-56.0862,-22.4829],[-56.0874,-22.483],[-56.0905,-22.4817],[-56.0904,-22.4822],[-56.0912,-22.483],[-56.0951,-22.484],[-56.0962,-22.4833],[-56.0994,-22.4834],[-56.1003,-22.4826],[-56.1017,-22.4846],[-56.1019,-22.4877],[-56.1058,-22.488],[-56.1067,-22.4886],[-56.1079,-22.4886],[-56.108,-22.4896],[-56.1092,-22.4904]]}},{"type":"Feature","properties":{"nome":"","tipo":"stream"},"geometry":{"type":"LineString","coordinates":[[-56.1206,-22.413],[-56.1187,-22.4134],[-56.1183,-22.414],[-56.1169,-22.4138]]}},{"type":"Feature","properties":{"nome":"","tipo":"stream"},"geometry":{"type":"LineString","coordinates":[[-56.1166,-22.4165],[-56.117,-22.4157],[-56.1167,-22.4148]]}},{"type":"Feature","properties":{"nome":"","tipo":"stream"},"geometry":{"type":"LineString","coordinates":[[-56.1201,-22.4169],[-56.1187,-22.4155],[-56.1163,-22.4144]]}},{"type":"Feature","properties":{"nome":"","tipo":"stream"},"geometry":{"type":"LineString","coordinates":[[-56.3318,-22.3758],[-56.3311,-22.3758]]}},{"type":"Feature","properties":{"nome":"","tipo":"stream"},"geometry":{"type":"LineString","coordinates":[[-55.9974,-22.6156],[-56.0002,-22.6189],[-56.0052,-22.6223],[-56.0059,-22.6249],[-56.0053,-22.626]]}},{"type":"Feature","properties":{"nome":"","tipo":"stream"},"geometry":{"type":"LineString","coordinates":[[-56.0151,-22.5578],[-56.0161,-22.5575],[-56.0194,-22.5582],[-56.0218,-22.5577],[-56.0252,-22.5587],[-56.0279,-22.5577]]}},{"type":"Feature","properties":{"nome":"","tipo":"stream"},"geometry":{"type":"LineString","coordinates":[[-56.0152,-22.5538],[-56.0168,-22.5542],[-56.0184,-22.5534],[-56.0206,-22.5554],[-56.0223,-22.5554],[-56.0256,-22.5539],[-56.0271,-22.5543]]}},{"type":"Feature","properties":{"nome":"","tipo":"stream"},"geometry":{"type":"LineString","coordinates":[[-55.9554,-22.4732],[-55.9567,-22.4727]]}},{"type":"Feature","properties":{"nome":"","tipo":"stream"},"geometry":{"type":"LineString","coordinates":[[-55.9538,-22.4729],[-55.9555,-22.4726]]}},{"type":"Feature","properties":{"nome":"","tipo":"stream"},"geometry":{"type":"LineString","coordinates":[[-55.9541,-22.472],[-55.9557,-22.4727],[-55.957,-22.4726],[-55.9582,-22.4734]]}},{"type":"Feature","properties":{"nome":"","tipo":"stream"},"geometry":{"type":"LineString","coordinates":[[-55.9545,-22.4672],[-55.9567,-22.4688]]}},{"type":"Feature","properties":{"nome":"","tipo":"stream"},"geometry":{"type":"LineString","coordinates":[[-55.9894,-22.5649],[-55.9921,-22.5637]]}},{"type":"Feature","properties":{"nome":"","tipo":"stream"},"geometry":{"type":"LineString","coordinates":[[-56.0231,-22.5958],[-56.0241,-22.5949],[-56.0264,-22.5953],[-56.027,-22.5947],[-56.0289,-22.5946],[-56.0293,-22.5954],[-56.031,-22.5959],[-56.0321,-22.5971],[-56.0345,-22.598],[-56.0356,-22.6001],[-56.0386,-22.6007],[-56.0407,-22.6026],[-56.0417,-22.6027],[-56.0418,-22.6033],[-56.0437,-22.6043],[-56.0441,-22.6054],[-56.0449,-22.6054],[-56.0454,-22.606],[-56.0462,-22.6058],[-56.0463,-22.6066],[-56.0474,-22.6065],[-56.0483,-22.6075],[-56.0505,-22.6082],[-56.0532,-22.6102],[-56.0547,-22.6124],[-56.056,-22.6126],[-56.0562,-22.6135],[-56.0571,-22.6136],[-56.0577,-22.6145],[-56.0588,-22.6149]]}},{"type":"Feature","properties":{"nome":"","tipo":"stream"},"geometry":{"type":"LineString","coordinates":[[-56.0374,-22.5907],[-56.0334,-22.595],[-56.0331,-22.5973]]}},{"type":"Feature","properties":{"nome":"","tipo":"stream"},"geometry":{"type":"LineString","coordinates":[[-56.0514,-22.6133],[-56.0537,-22.6123],[-56.0547,-22.6124]]}},{"type":"Feature","properties":{"nome":"","tipo":"stream"},"geometry":{"type":"LineString","coordinates":[[-56.0836,-22.5943],[-56.0814,-22.5961],[-56.0775,-22.5968],[-56.0722,-22.5985],[-56.0705,-22.5974]]}},{"type":"Feature","properties":{"nome":"","tipo":"stream"},"geometry":{"type":"LineString","coordinates":[[-56.0675,-22.4702],[-56.069,-22.4705],[-56.0695,-22.4715],[-56.0705,-22.4721],[-56.0728,-22.4717]]}},{"type":"Feature","properties":{"nome":"","tipo":"stream"},"geometry":{"type":"LineString","coordinates":[[-56.0746,-22.4662],[-56.0751,-22.4665],[-56.0755,-22.4682],[-56.0742,-22.4731]]}},{"type":"Feature","properties":{"nome":"","tipo":"stream"},"geometry":{"type":"LineString","coordinates":[[-56.0818,-22.4804],[-56.0821,-22.481],[-56.0813,-22.4817]]}},{"type":"Feature","properties":{"nome":"","tipo":"stream"},"geometry":{"type":"LineString","coordinates":[[-56.0819,-22.4726],[-56.0825,-22.4739],[-56.0821,-22.4779],[-56.0826,-22.4814]]}},{"type":"Feature","properties":{"nome":"","tipo":"stream"},"geometry":{"type":"LineString","coordinates":[[-56.0602,-22.4576],[-56.0589,-22.4578],[-56.0571,-22.4601]]}},{"type":"Feature","properties":{"nome":"","tipo":"stream"},"geometry":{"type":"LineString","coordinates":[[-56.0749,-22.462],[-56.0753,-22.4628],[-56.0772,-22.4639],[-56.0775,-22.4649],[-56.0804,-22.4661],[-56.0828,-22.4683],[-56.0866,-22.4703],[-56.0887,-22.4749],[-56.0912,-22.4757],[-56.0914,-22.479],[-56.0905,-22.4817]]}},{"type":"Feature","properties":{"nome":"","tipo":"stream"},"geometry":{"type":"LineString","coordinates":[[-56.0601,-22.4858],[-56.059,-22.4874],[-56.0578,-22.4881]]}},{"type":"Feature","properties":{"nome":"","tipo":"stream"},"geometry":{"type":"LineString","coordinates":[[-56.0601,-22.4845],[-56.0594,-22.4852]]}},{"type":"Feature","properties":{"nome":"","tipo":"stream"},"geometry":{"type":"LineString","coordinates":[[-56.0602,-22.4838],[-56.059,-22.4857],[-56.0577,-22.4865]]}},{"type":"Feature","properties":{"nome":"","tipo":"stream"},"geometry":{"type":"LineString","coordinates":[[-56.0586,-22.4834],[-56.0582,-22.4854],[-56.0577,-22.486]]}},{"type":"Feature","properties":{"nome":"","tipo":"stream"},"geometry":{"type":"LineString","coordinates":[[-56.0548,-22.4827],[-56.0577,-22.4859],[-56.0577,-22.4885],[-56.0558,-22.4902],[-56.0557,-22.492]]}},{"type":"Feature","properties":{"nome":"","tipo":"stream"},"geometry":{"type":"LineString","coordinates":[[-56.0512,-22.4865],[-56.0541,-22.4873],[-56.0553,-22.4881],[-56.0558,-22.4902]]}},{"type":"Feature","properties":{"nome":"","tipo":"stream"},"geometry":{"type":"LineString","coordinates":[[-56.0485,-22.4976],[-56.0472,-22.4953],[-56.0453,-22.4939]]}},{"type":"Feature","properties":{"nome":"","tipo":"stream"},"geometry":{"type":"LineString","coordinates":[[-56.0465,-22.4968],[-56.0474,-22.4958]]}},{"type":"Feature","properties":{"nome":"","tipo":"stream"},"geometry":{"type":"LineString","coordinates":[[-56.0494,-22.4966],[-56.0472,-22.4953]]}},{"type":"Feature","properties":{"nome":"","tipo":"stream"},"geometry":{"type":"LineString","coordinates":[[-55.8763,-22.3064],[-55.8802,-22.3081]]}},{"type":"Feature","properties":{"nome":"","tipo":"stream"},"geometry":{"type":"LineString","coordinates":[[-55.8503,-22.2885],[-55.8554,-22.2899],[-55.8564,-22.2909]]}},{"type":"Feature","properties":{"nome":"","tipo":"stream"},"geometry":{"type":"LineString","coordinates":[[-55.7402,-22.4469],[-55.7401,-22.4456],[-55.741,-22.4432],[-55.7411,-22.4392],[-55.7415,-22.4386],[-55.7422,-22.4388],[-55.7432,-22.4374],[-55.7459,-22.4352],[-55.7482,-22.4347],[-55.7498,-22.4334],[-55.7545,-22.431],[-55.7551,-22.4301],[-55.7608,-22.4286],[-55.762,-22.4275],[-55.7662,-22.4271],[-55.7668,-22.4274]]}},{"type":"Feature","properties":{"nome":"","tipo":"stream"},"geometry":{"type":"LineString","coordinates":[[-55.7408,-22.4148],[-55.7406,-22.4157],[-55.7415,-22.417],[-55.7429,-22.4173],[-55.7459,-22.4202],[-55.7499,-22.4209],[-55.7523,-22.4224],[-55.7543,-22.4222],[-55.7599,-22.4203]]}},{"type":"Feature","properties":{"nome":"","tipo":"stream"},"geometry":{"type":"LineString","coordinates":[[-55.7446,-22.3931],[-55.7449,-22.394],[-55.7468,-22.3958],[-55.7492,-22.3971],[-55.7512,-22.3972],[-55.7541,-22.3987]]}},{"type":"Feature","properties":{"nome":"","tipo":"stream"},"geometry":{"type":"LineString","coordinates":[[-55.7596,-22.3887],[-55.759,-22.3909],[-55.7563,-22.3945],[-55.7558,-22.3973],[-55.7541,-22.3987],[-55.7549,-22.4008],[-55.7564,-22.4022],[-55.756,-22.4047]]}},{"type":"Feature","properties":{"nome":"","tipo":"dam"},"geometry":{"type":"LineString","coordinates":[[-55.9055,-22.3926],[-55.9076,-22.3937]]}},{"type":"Feature","properties":{"nome":"","tipo":"dam"},"geometry":{"type":"LineString","coordinates":[[-55.9041,-22.393],[-55.9038,-22.3949]]}},{"type":"Feature","properties":{"nome":"","tipo":"stream"},"geometry":{"type":"LineString","coordinates":[[-55.8059,-22.6719],[-55.8052,-22.6729]]}},{"type":"Feature","properties":{"nome":"","tipo":"stream"},"geometry":{"type":"LineString","coordinates":[[-55.6527,-22.695],[-55.6561,-22.6918],[-55.6589,-22.6907]]}},{"type":"Feature","properties":{"nome":"","tipo":"stream"},"geometry":{"type":"LineString","coordinates":[[-55.9352,-22.4135],[-55.9359,-22.4137],[-55.9389,-22.4124],[-55.9444,-22.4125],[-55.9471,-22.4114],[-55.9485,-22.4114]]}},{"type":"Feature","properties":{"nome":"","tipo":"stream"},"geometry":{"type":"LineString","coordinates":[[-55.9369,-22.4116],[-55.939,-22.4119],[-55.9396,-22.4124]]}},{"type":"Feature","properties":{"nome":"","tipo":"stream"},"geometry":{"type":"LineString","coordinates":[[-55.9355,-22.4081],[-55.9383,-22.4096],[-55.9413,-22.4104],[-55.9426,-22.4122]]}},{"type":"Feature","properties":{"nome":"","tipo":"dam"},"geometry":{"type":"LineString","coordinates":[[-56.1443,-22.4258],[-56.1432,-22.4263]]}},{"type":"Feature","properties":{"nome":"","tipo":"dam"},"geometry":{"type":"LineString","coordinates":[[-56.1453,-22.428],[-56.1444,-22.429],[-56.1439,-22.4289]]}},{"type":"Feature","properties":{"nome":"","tipo":"stream"},"geometry":{"type":"LineString","coordinates":[[-56.052,-22.5114],[-56.0536,-22.5127],[-56.0577,-22.5129]]}},{"type":"Feature","properties":{"nome":"","tipo":"stream"},"geometry":{"type":"LineString","coordinates":[[-56.0516,-22.5074],[-56.0556,-22.5099],[-56.0566,-22.5116],[-56.0564,-22.5127]]}},{"type":"Feature","properties":{"nome":"","tipo":"stream"},"geometry":{"type":"LineString","coordinates":[[-56.0581,-22.5027],[-56.0592,-22.5038],[-56.0593,-22.5051],[-56.0582,-22.5067],[-56.0572,-22.5103],[-56.0579,-22.5119],[-56.0577,-22.513],[-56.0593,-22.5141]]}},{"type":"Feature","properties":{"nome":"","tipo":"stream"},"geometry":{"type":"LineString","coordinates":[[-55.9932,-22.5069],[-55.9894,-22.5085]]}},{"type":"Feature","properties":{"nome":"","tipo":"stream"},"geometry":{"type":"LineString","coordinates":[[-56.017,-22.49],[-56.0165,-22.4931],[-56.0155,-22.4939]]}},{"type":"Feature","properties":{"nome":"","tipo":"stream"},"geometry":{"type":"LineString","coordinates":[[-56.007,-22.4986],[-56.0045,-22.5006],[-56.0038,-22.5023],[-56.0021,-22.503],[-56.0015,-22.5044],[-55.9998,-22.5062],[-56.0001,-22.5069],[-55.9995,-22.5075],[-55.9979,-22.5121],[-55.999,-22.5155],[-55.9985,-22.5195]]}},{"type":"Feature","properties":{"nome":"","tipo":"stream"},"geometry":{"type":"LineString","coordinates":[[-56.0067,-22.5155],[-56.0061,-22.5176]]}},{"type":"Feature","properties":{"nome":"","tipo":"stream"},"geometry":{"type":"LineString","coordinates":[[-56.0069,-22.5159],[-56.0061,-22.517]]}},{"type":"Feature","properties":{"nome":"","tipo":"stream"},"geometry":{"type":"LineString","coordinates":[[-56.0081,-22.5097],[-56.0047,-22.5104],[-56.0035,-22.5101]]}},{"type":"Feature","properties":{"nome":"","tipo":"stream"},"geometry":{"type":"LineString","coordinates":[[-56.0064,-22.5071],[-56.0053,-22.5072],[-56.0036,-22.5101],[-56.0006,-22.5103],[-55.999,-22.5119],[-55.998,-22.512]]}},{"type":"Feature","properties":{"nome":"","tipo":"stream"},"geometry":{"type":"LineString","coordinates":[[-55.9758,-22.5265],[-55.9795,-22.5282],[-55.9817,-22.5312],[-55.9827,-22.5346],[-55.9842,-22.5369],[-55.9876,-22.5393]]}},{"type":"Feature","properties":{"nome":"","tipo":"stream"},"geometry":{"type":"LineString","coordinates":[[-56.0306,-22.519],[-56.0309,-22.52],[-56.0291,-22.5222],[-56.0303,-22.5241],[-56.0289,-22.5287],[-56.0235,-22.5317]]}},{"type":"Feature","properties":{"nome":"","tipo":"stream"},"geometry":{"type":"LineString","coordinates":[[-56.0302,-22.5309],[-56.0257,-22.5304]]}},{"type":"Feature","properties":{"nome":"","tipo":"stream"},"geometry":{"type":"LineString","coordinates":[[-56.0292,-22.5328],[-56.0263,-22.5346],[-56.0252,-22.5366],[-56.0238,-22.5374],[-56.0223,-22.5393]]}},{"type":"Feature","properties":{"nome":"","tipo":"stream"},"geometry":{"type":"LineString","coordinates":[[-56.038,-22.545],[-56.0363,-22.5439],[-56.036,-22.543],[-56.0354,-22.5427]]}},{"type":"Feature","properties":{"nome":"","tipo":"stream"},"geometry":{"type":"LineString","coordinates":[[-56.0428,-22.5286],[-56.0415,-22.5314],[-56.0415,-22.5328],[-56.0404,-22.5345]]}},{"type":"Feature","properties":{"nome":"","tipo":"stream"},"geometry":{"type":"LineString","coordinates":[[-56.0388,-22.5247],[-56.038,-22.5264],[-56.0379,-22.5278],[-56.0384,-22.5286],[-56.0382,-22.5304],[-56.0388,-22.532],[-56.0398,-22.5329],[-56.0399,-22.5343]]}},{"type":"Feature","properties":{"nome":"","tipo":"stream"},"geometry":{"type":"LineString","coordinates":[[-56.0643,-22.4978],[-56.0646,-22.4987],[-56.0657,-22.4989],[-56.0674,-22.5011],[-56.0692,-22.502],[-56.0701,-22.5035]]}},{"type":"Feature","properties":{"nome":"","tipo":"stream"},"geometry":{"type":"LineString","coordinates":[[-56.0814,-22.5123],[-56.0818,-22.5144],[-56.083,-22.5158],[-56.0829,-22.5171],[-56.0828,-22.5182],[-56.0814,-22.5205],[-56.0807,-22.5226],[-56.0804,-22.5269]]}},{"type":"Feature","properties":{"nome":"","tipo":"stream"},"geometry":{"type":"LineString","coordinates":[[-56.0878,-22.4896],[-56.0886,-22.4875],[-56.0895,-22.4869],[-56.0901,-22.4835],[-56.0911,-22.4829]]}},{"type":"Feature","properties":{"nome":"","tipo":"stream"},"geometry":{"type":"LineString","coordinates":[[-56.114,-22.4977],[-56.1148,-22.4969]]}},{"type":"Feature","properties":{"nome":"","tipo":"stream"},"geometry":{"type":"LineString","coordinates":[[-56.1072,-22.4986],[-56.1086,-22.4983],[-56.111,-22.4966],[-56.1138,-22.4962]]}},{"type":"Feature","properties":{"nome":"","tipo":"stream"},"geometry":{"type":"LineString","coordinates":[[-55.9449,-22.5871],[-55.9446,-22.5882],[-55.9451,-22.5896],[-55.9466,-22.5901]]}},{"type":"Feature","properties":{"nome":"","tipo":"stream"},"geometry":{"type":"LineString","coordinates":[[-55.7945,-22.5803],[-55.7968,-22.5767]]}},{"type":"Feature","properties":{"nome":"","tipo":"stream"},"geometry":{"type":"LineString","coordinates":[[-55.8465,-22.5566],[-55.8471,-22.5557],[-55.8471,-22.5544]]}},{"type":"Feature","properties":{"nome":"","tipo":"stream"},"geometry":{"type":"LineString","coordinates":[[-55.849,-22.5566],[-55.8504,-22.5528]]}},{"type":"Feature","properties":{"nome":"","tipo":"stream"},"geometry":{"type":"LineString","coordinates":[[-55.9248,-22.5289],[-55.9243,-22.5298],[-55.9268,-22.5323]]}},{"type":"Feature","properties":{"nome":"","tipo":"stream"},"geometry":{"type":"LineString","coordinates":[[-55.8272,-22.618],[-55.8298,-22.6201],[-55.8302,-22.621],[-55.8321,-22.6219],[-55.8335,-22.6217],[-55.8342,-22.6239],[-55.8365,-22.6242],[-55.8378,-22.6256],[-55.8382,-22.627],[-55.8398,-22.6285]]}},{"type":"Feature","properties":{"nome":"","tipo":"stream"},"geometry":{"type":"LineString","coordinates":[[-55.7997,-22.4679],[-55.8001,-22.4669],[-55.7989,-22.4657]]}},{"type":"Feature","properties":{"nome":"","tipo":"stream"},"geometry":{"type":"LineString","coordinates":[[-56.0302,-22.6287],[-56.0305,-22.629],[-56.0301,-22.6296]]}},{"type":"Feature","properties":{"nome":"","tipo":"stream"},"geometry":{"type":"LineString","coordinates":[[-56.038,-22.6206],[-56.0373,-22.6227],[-56.0373,-22.6239],[-56.0364,-22.6256],[-56.0326,-22.6264],[-56.0305,-22.629]]}},{"type":"Feature","properties":{"nome":"","tipo":"stream"},"geometry":{"type":"LineString","coordinates":[[-56.0313,-22.6946],[-56.0321,-22.694]]}},{"type":"Feature","properties":{"nome":"","tipo":"stream"},"geometry":{"type":"LineString","coordinates":[[-56.0834,-22.5009],[-56.0824,-22.5002]]}},{"type":"Feature","properties":{"nome":"","tipo":"stream"},"geometry":{"type":"LineString","coordinates":[[-56.0872,-22.5058],[-56.0865,-22.507],[-56.0844,-22.5079],[-56.0832,-22.5094],[-56.0805,-22.5084],[-56.0766,-22.5082],[-56.0732,-22.5058],[-56.069,-22.5054]]}},{"type":"Feature","properties":{"nome":"","tipo":"stream"},"geometry":{"type":"LineString","coordinates":[[-56.0708,-22.5433],[-56.0737,-22.5478]]}},{"type":"Feature","properties":{"nome":"","tipo":"stream"},"geometry":{"type":"LineString","coordinates":[[-56.0462,-22.5292],[-56.0476,-22.532],[-56.0479,-22.5348],[-56.0515,-22.5374]]}},{"type":"Feature","properties":{"nome":"","tipo":"stream"},"geometry":{"type":"LineString","coordinates":[[-55.7628,-22.5967],[-55.7632,-22.5971],[-55.7629,-22.5979]]}},{"type":"Feature","properties":{"nome":"","tipo":"stream"},"geometry":{"type":"LineString","coordinates":[[-55.7323,-22.5812],[-55.7317,-22.585]]}},{"type":"Feature","properties":{"nome":"","tipo":"stream"},"geometry":{"type":"LineString","coordinates":[[-55.9813,-22.7018],[-55.9829,-22.7001]]}},{"type":"Feature","properties":{"nome":"","tipo":"stream"},"geometry":{"type":"LineString","coordinates":[[-55.9808,-22.7013],[-55.9826,-22.7003]]}},{"type":"Feature","properties":{"nome":"","tipo":"stream"},"geometry":{"type":"LineString","coordinates":[[-55.7862,-22.4655],[-55.7901,-22.4682]]}},{"type":"Feature","properties":{"nome":"","tipo":"stream"},"geometry":{"type":"LineString","coordinates":[[-55.789,-22.4663],[-55.7894,-22.4677]]}},{"type":"Feature","properties":{"nome":"","tipo":"stream"},"geometry":{"type":"LineString","coordinates":[[-55.7902,-22.4637],[-55.7911,-22.4647],[-55.7925,-22.4644],[-55.7948,-22.4651]]}},{"type":"Feature","properties":{"nome":"","tipo":"stream"},"geometry":{"type":"LineString","coordinates":[[-55.7878,-22.4623],[-55.7887,-22.4608],[-55.7888,-22.4593]]}},{"type":"Feature","properties":{"nome":"","tipo":"stream"},"geometry":{"type":"LineString","coordinates":[[-55.7506,-22.5028],[-55.7517,-22.5027]]}},{"type":"Feature","properties":{"nome":"","tipo":"ditch"},"geometry":{"type":"LineString","coordinates":[[-55.7002,-22.5377],[-55.7016,-22.5365]]}},{"type":"Feature","properties":{"nome":"","tipo":"ditch"},"geometry":{"type":"LineString","coordinates":[[-55.7002,-22.5377],[-55.7002,-22.5377]]}},{"type":"Feature","properties":{"nome":"","tipo":"stream"},"geometry":{"type":"LineString","coordinates":[[-55.7059,-22.5803],[-55.7077,-22.5803],[-55.7105,-22.5784]]}},{"type":"Feature","properties":{"nome":"","tipo":"stream"},"geometry":{"type":"LineString","coordinates":[[-55.7029,-22.5706],[-55.7036,-22.5715],[-55.7047,-22.5718]]}}]}