{
"type": "FeatureCollection",
"name": "limite",
"crs": { "type": "name", "properties": { "name": "urn:ogc:def:crs:OGC:1.3:CRS84" } },
"features": [
{ "type": "Feature", "properties": { "fid": 1, "GID_0": "PRY", "COUNTRY": "Paraguay" }, "geometry": { "type": "MultiPolygon", "coordinates": [ [ [ [ -55.701522826999962, -27.402626036999891 ], [ -55.704032896999877, -27.405391692999842 ], [ -55.707405089999952, -27.409551620999935 ], [ -55.716033934999984, -27.424697875999925 ], [ -55.720008850999875, -27.431001662999961 ], [ -55.721458435999978, -27.433303833999958 ], [ -55.72599411099992, -27.439798354999937 ], [ -55.732601165999938, -27.444799422999949 ], [ -55.741771697999923, -27.447576522999952 ], [ -55.752460478999978, -27.448402403999978 ], [ -55.76518249499992, -27.447021483999947 ], [ -55.783210754999971, -27.445220946999939 ], [ -55.795890808999957, -27.442888259999904 ], [ -55.796001433999947, -27.44286346399997 ], [ -55.802337645999899, -27.441394804999959 ], [ -55.80670166099992, -27.440380095999956 ], [ -55.817222595999965, -27.437408445999836 ], [ -55.828491211999903, -27.43322181699989 ], [ -55.834918975999983, -27.428010940999968 ], [ -55.844371795999962, -27.418899535999969 ], [ -55.850463866999917, -27.412038801999927 ], [ -55.857181548999904, -27.401355743999943 ], [ -55.863124846999881, -27.39117431699998 ], [ -55.865447997999979, -27.387130737999883 ], [ -55.867576597999971, -27.383424758999922 ], [ -55.871421813999973, -27.374027250999973 ], [ -55.875072478999982, -27.366300581999894 ], [ -55.877544402999945, -27.361940384999912 ], [ -55.882617950999986, -27.356302260999882 ], [ -55.886466980999955, -27.353082656999959 ], [ -55.890346527999952, -27.350568771999974 ], [ -55.893196105999948, -27.348808288999976 ], [ -55.897373198999958, -27.34700012199994 ], [ -55.89997863699989, -27.345722197999976 ], [ -55.904449462999878, -27.344615935999911 ], [ -55.908168792999959, -27.344484328999954 ], [ -55.912185668999939, -27.34505653399998 ], [ -55.917018889999895, -27.346073150999871 ], [ -55.922119140999939, -27.347082137999962 ], [ -55.924381254999957, -27.347776412999849 ], [ -55.926975248999895, -27.348573683999916 ], [ -55.932094573999905, -27.35005569499998 ], [ -55.938259124999888, -27.351026535999893 ], [ -55.944400787999939, -27.351520538999921 ], [ -55.950519561999954, -27.351543424999875 ], [ -55.959808349999946, -27.350976943999967 ], [ -55.966163634999987, -27.350276945999951 ], [ -55.97224044799998, -27.349348066999937 ], [ -55.980613707999908, -27.346200941999882 ], [ -55.989242553999986, -27.342805862999967 ], [ -55.993968962999986, -27.341449736999948 ], [ -55.99607467699991, -27.340900420999958 ], [ -55.998397825999973, -27.339391707999937 ], [ -56.001991271999827, -27.336414335999962 ], [ -56.006641386999888, -27.333396911999955 ], [ -56.014415740999937, -27.32884216399998 ], [ -56.021957396999881, -27.325012206999872 ], [ -56.025833128999977, -27.322496413999943 ], [ -56.028438568999945, -27.320478438999942 ], [ -56.030975341999977, -27.318511961999945 ], [ -56.035381316999917, -27.31598091099994 ], [ -56.041328429999965, -27.312202453999873 ], [ -56.045490264999955, -27.310152052999968 ], [ -56.051372527999945, -27.307254791999924 ], [ -56.053295135999917, -27.3063087459999 ], [ -56.059593200999927, -27.304418563999945 ], [ -56.064369201999966, -27.304243087999964 ], [ -56.076606750999986, -27.304275512999823 ], [ -56.09283828699995, -27.30439949099997 ], [ -56.102130888999966, -27.304059981999842 ], [ -56.106399536999902, -27.304380416999891 ], [ -56.112018584999987, -27.305124281999952 ], [ -56.117950439999959, -27.306806563999885 ], [ -56.124698638999973, -27.308935165999969 ], [ -56.131942748999961, -27.310331343999962 ], [ -56.138381957999911, -27.311519621999935 ], [ -56.143482208999956, -27.312519073999965 ], [ -56.14865875199996, -27.315179823999927 ], [ -56.15550613299996, -27.319442747999858 ], [ -56.163173674999939, -27.324144363999949 ], [ -56.170036315999937, -27.328643798999963 ], [ -56.174472808999951, -27.332515715999875 ], [ -56.180049895999957, -27.338008880999837 ], [ -56.180557251999971, -27.338630674999933 ], [ -56.185131072999923, -27.344232559999909 ], [ -56.190986632999909, -27.349952697999981 ], [ -56.197441100999981, -27.357074736999948 ], [ -56.202743530999953, -27.36234283399989 ], [ -56.207481383999948, -27.366914747999829 ], [ -56.211448668999935, -27.371992110999827 ], [ -56.217262268999889, -27.376762388999964 ], [ -56.224140166999916, -27.381492613999967 ], [ -56.228534697999976, -27.384418487999937 ], [ -56.237506865999933, -27.38835716299991 ], [ -56.243984221999938, -27.390251158999945 ], [ -56.252090453999983, -27.392797470999881 ], [ -56.260196685999972, -27.395341872999893 ], [ -56.266986846999885, -27.398174284999982 ], [ -56.272983549999935, -27.401491164999982 ], [ -56.273822784999936, -27.401956557999938 ], [ -56.277122496999937, -27.404205322999928 ], [ -56.282653807999964, -27.408508299999937 ], [ -56.285514831999933, -27.412677764999955 ], [ -56.286621093999884, -27.416149139999959 ], [ -56.287494659999936, -27.421340942999905 ], [ -56.288288116999979, -27.426771162999955 ], [ -56.288490294999974, -27.431037902999947 ], [ -56.287677763999909, -27.43629455599995 ], [ -56.285476684999878, -27.440416334999952 ], [ -56.283908844999985, -27.446649551999883 ], [ -56.283039093999889, -27.450721739999949 ], [ -56.282779693999942, -27.456430434999959 ], [ -56.283439634999979, -27.464721678999865 ], [ -56.284057616999974, -27.472057341999914 ], [ -56.284713744999976, -27.474943159999953 ], [ -56.285091399999885, -27.476528166999913 ], [ -56.285774231999881, -27.479406356999959 ], [ -56.287605285999973, -27.484325408999894 ], [ -56.289649963999921, -27.488048553999931 ], [ -56.294097899999883, -27.491918562999956 ], [ -56.299976347999916, -27.497871398999962 ], [ -56.308090209999875, -27.505876541999953 ], [ -56.318088530999887, -27.514284133999979 ], [ -56.32883834799992, -27.521713256999931 ], [ -56.334342955999944, -27.525304794999897 ], [ -56.339893340999879, -27.529842376999909 ], [ -56.344676971999888, -27.535123824999914 ], [ -56.348934173999908, -27.540424345999895 ], [ -56.351501464999956, -27.543888090999872 ], [ -56.353557585999908, -27.547847747999867 ], [ -56.356922148999956, -27.556743620999953 ], [ -56.357376097999918, -27.557962417999931 ], [ -56.357109069999865, -27.561195373999965 ], [ -56.355949402999897, -27.564804075999973 ], [ -56.355648040999938, -27.569568633999836 ], [ -56.356258391999972, -27.576667783999937 ], [ -56.357700347999923, -27.584453581999981 ], [ -56.357990263999966, -27.585107801999982 ], [ -56.360698699999944, -27.59122467099985 ], [ -56.362461090999943, -27.593606947999945 ], [ -56.364120482999908, -27.595844267999894 ], [ -56.368797302999894, -27.598751068999889 ], [ -56.375335693999887, -27.601589201999957 ], [ -56.383209227999885, -27.604375839999875 ], [ -56.392074585999922, -27.605697631999817 ], [ -56.400085448999903, -27.605861663999974 ], [ -56.409126281999932, -27.60527419999994 ], [ -56.4173431399999, -27.604246138999883 ], [ -56.424774169999978, -27.603483200999904 ], [ -56.429988859999924, -27.600904464999871 ], [ -56.433593748999954, -27.598390579999887 ], [ -56.439666747999979, -27.591741560999878 ], [ -56.444980621999946, -27.585836410999889 ], [ -56.449100494999925, -27.582822799999917 ], [ -56.452732085999855, -27.580783843999882 ], [ -56.458240508999893, -27.578905105999979 ], [ -56.463344572999972, -27.579654693999828 ], [ -56.466888426999901, -27.581178664999982 ], [ -56.471206663999965, -27.582199095999954 ], [ -56.475173949999942, -27.581569670999897 ], [ -56.480670929999974, -27.579452514999957 ], [ -56.482219694999912, -27.578443526999877 ], [ -56.484775541999909, -27.576206206999871 ], [ -56.487274168999875, -27.572784424999895 ], [ -56.489479064999898, -27.568895339999983 ], [ -56.492897032999906, -27.562587736999888 ], [ -56.495967863999965, -27.554626463999966 ], [ -56.497493742999836, -27.551103590999958 ], [ -56.500991821999889, -27.543027877999862 ], [ -56.503681182999912, -27.538173674999939 ], [ -56.505950926999958, -27.530244826999933 ], [ -56.508697510999923, -27.521108627999979 ], [ -56.511360167999953, -27.515777587999878 ], [ -56.515830992999952, -27.50918960499996 ], [ -56.518993377999948, -27.503126142999918 ], [ -56.524776458999895, -27.496246337999821 ], [ -56.528869628999985, -27.492759704999969 ], [ -56.537158966999925, -27.482692717999896 ], [ -56.542407989999901, -27.475835798999981 ], [ -56.54795074499998, -27.469436644999973 ], [ -56.557380676999912, -27.460990905999893 ], [ -56.564067839999893, -27.456207274999883 ], [ -56.571357726999963, -27.452829360999885 ], [ -56.58103942799994, -27.449356078999926 ], [ -56.586284636999949, -27.447721481999963 ], [ -56.591274261999956, -27.44644164999994 ], [ -56.592861174999882, -27.44603347799989 ], [ -56.598140716999922, -27.445108413999947 ], [ -56.602416991999974, -27.445411680999882 ], [ -56.607528686999956, -27.446395874999951 ], [ -56.613739012999929, -27.448047636999945 ], [ -56.621570586999894, -27.450105665999956 ], [ -56.63099288899997, -27.45210265999998 ], [ -56.636142729999904, -27.453794478999896 ], [ -56.641014098999904, -27.455261229999962 ], [ -56.646957396999937, -27.456920622999917 ], [ -56.654510497999979, -27.458753585999887 ], [ -56.662815094999928, -27.45960426399995 ], [ -56.667648315999884, -27.46036148099995 ], [ -56.672676086999957, -27.459678649999944 ], [ -56.680046081999933, -27.457954405999942 ], [ -56.684783934999984, -27.457458495999845 ], [ -56.687465667999902, -27.45717811499992 ], [ -56.694946287999983, -27.457586288999948 ], [ -56.703285216999916, -27.459144591999973 ], [ -56.707672118999881, -27.461578368999938 ], [ -56.711341858999958, -27.464729308999949 ], [ -56.712692259999926, -27.465887069999894 ], [ -56.716102599999942, -27.470024108999894 ], [ -56.718185424999888, -27.474193571999933 ], [ -56.718776701999957, -27.475378035999881 ], [ -56.719329832999961, -27.477966308999896 ], [ -56.719470976999958, -27.47825050299997 ], [ -56.720878600999981, -27.484842300999958 ], [ -56.721122741999977, -27.489585875999921 ], [ -56.719993591999923, -27.498657225999978 ], [ -56.719871520999959, -27.499456405999922 ], [ -56.719627379999906, -27.501081466999949 ], [ -56.718406676999962, -27.509174346999941 ], [ -56.717914581999935, -27.515134810999825 ], [ -56.718921661999957, -27.519317626999964 ], [ -56.719127653999976, -27.520170211999982 ], [ -56.719615936999958, -27.52218818599988 ], [ -56.725547789999951, -27.533824920999905 ], [ -56.733703613999921, -27.552257537999935 ], [ -56.737277983999888, -27.559476850999886 ], [ -56.743984222999927, -27.565376281999875 ], [ -56.748401642999966, -27.568281173999878 ], [ -56.751911162999875, -27.569086073999983 ], [ -56.757308959999932, -27.570293425999921 ], [ -56.762729644999979, -27.57196807899993 ], [ -56.770874023999909, -27.574720382999942 ], [ -56.778739929999972, -27.577245710999875 ], [ -56.787948608999955, -27.579950332999942 ], [ -56.792549133999898, -27.581188200999975 ], [ -56.797462463999921, -27.583358764999957 ], [ -56.801235198999962, -27.5861091619999 ], [ -56.803012846999877, -27.58740424999985 ], [ -56.806331634999935, -27.589641569999969 ], [ -56.811779022999986, -27.591793059999873 ], [ -56.81670761099997, -27.594200132999902 ], [ -56.821102141999916, -27.596630096999888 ], [ -56.833343505999892, -27.601108551999971 ], [ -56.841987610999979, -27.603122710999912 ], [ -56.850048065999943, -27.604213714999958 ], [ -56.856929778999927, -27.60321044799997 ], [ -56.868476866999913, -27.59963989299996 ], [ -56.880798339999956, -27.595556258999977 ], [ -56.889938354999913, -27.591846465999936 ], [ -56.897933959999875, -27.586757659999819 ], [ -56.904613494999921, -27.581962584999928 ], [ -56.907653807999964, -27.578981399999975 ], [ -56.913814543999877, -27.574445724999975 ], [ -56.916839598999957, -27.571226118999903 ], [ -56.922580719999985, -27.563859938999826 ], [ -56.930355071999941, -27.554737090999936 ], [ -56.939437866999981, -27.545085906999873 ], [ -56.945781706999867, -27.539113996999959 ], [ -56.951644896999937, -27.534116744999892 ], [ -56.956226348999962, -27.53011512799992 ], [ -56.962459563999914, -27.526409148999903 ], [ -56.962684631999878, -27.526277542999935 ], [ -56.973068237999883, -27.52108192399993 ], [ -56.980430602999945, -27.517780304999974 ], [ -56.984779356999979, -27.515827177999824 ], [ -56.997325896999882, -27.511251448999928 ], [ -56.999999999999886, -27.51063346799998 ], [ -56.999999999999886, -27.499998091999828 ], [ -56.999999999999886, -27.495557785999949 ], [ -56.999999999999886, -27.46483421399995 ], [ -57.015884399999948, -27.472871779999878 ], [ -57.020511626999905, -27.474407194999912 ], [ -57.027580259999979, -27.476749419999919 ], [ -57.033584593999933, -27.478740692999907 ], [ -57.075878142999898, -27.487102506999975 ], [ -57.122184752999885, -27.479534149999949 ], [ -57.157333372999972, -27.468547819999969 ], [ -57.16205978399995, -27.467069625999954 ], [ -57.177444457999968, -27.459251403999929 ], [ -57.195606230999942, -27.452472686999954 ], [ -57.232856749999826, -27.442218778999916 ], [ -57.250286102999894, -27.43741989199998 ], [ -57.288253784999938, -27.421615600999928 ], [ -57.30812454099987, -27.416278838999858 ], [ -57.32575607299998, -27.414058684999929 ], [ -57.333484649999946, -27.414117811999915 ], [ -57.351497650999875, -27.414255140999899 ], [ -57.370044707999966, -27.415540693999958 ], [ -57.38664245599989, -27.416694640999879 ], [ -57.397674559999984, -27.418802261999929 ], [ -57.410140991999924, -27.421180725999875 ], [ -57.453418731999875, -27.42943954499998 ], [ -57.47713470399998, -27.436130523999964 ], [ -57.492740631999936, -27.440534591999949 ], [ -57.50613784799998, -27.439399718999937 ], [ -57.510852813999975, -27.438997267999923 ], [ -57.53501892099996, -27.43297767599995 ], [ -57.545566557999848, -27.430343627999889 ], [ -57.555366516999982, -27.425237655999922 ], [ -57.569004057999905, -27.410865782999963 ], [ -57.581233978999933, -27.403560637999931 ], [ -57.599933624999949, -27.395603179999966 ], [ -57.642520903999923, -27.368860243999961 ], [ -57.651443480999944, -27.365550993999875 ], [ -57.652168272999972, -27.36509704499997 ], [ -57.702507018999881, -27.333625792999896 ], [ -57.715686798999968, -27.327493667999931 ], [ -57.725337981999985, -27.32489967399988 ], [ -57.733566284999881, -27.3250026689999 ], [ -57.766868589999945, -27.332786558999942 ], [ -57.779170988999908, -27.333740233999947 ], [ -57.801391600999921, -27.33187484799987 ], [ -57.809803008999893, -27.328304290999938 ], [ -57.826221465999936, -27.315919875999953 ], [ -57.852054596999949, -27.296432494999976 ], [ -57.860240935999968, -27.293893813999887 ], [ -57.861202239999841, -27.293594359999872 ], [ -57.873737334999873, -27.289705276999882 ], [ -57.908733367999901, -27.289245605999952 ], [ -57.937240600999871, -27.283956527999919 ], [ -57.943511962999878, -27.282793045999938 ], [ -57.986389158999827, -27.268373489999874 ], [ -57.996753691999857, -27.265991210999857 ], [ -58.006931303999977, -27.263650893999909 ], [ -58.021064758999898, -27.263734817999932 ], [ -58.02679824799992, -27.264394758999913 ], [ -58.062995910999973, -27.268560408999974 ], [ -58.071239470999956, -27.268186568999965 ], [ -58.097251891999974, -27.272621153999978 ], [ -58.107559204999973, -27.272092818999965 ], [ -58.12236404399988, -27.268976210999938 ], [ -58.13647842499995, -27.269506453999895 ], [ -58.151416777999941, -27.268920897999976 ], [ -58.160530089999838, -27.266504287999851 ], [ -58.18805313099989, -27.249837873999923 ], [ -58.20460510199996, -27.24769592399997 ], [ -58.243350982999971, -27.249126433999947 ], [ -58.256629944999929, -27.250970839999979 ], [ -58.260791777999941, -27.251546858999859 ], [ -58.281658172999983, -27.254440306999982 ], [ -58.311695097999973, -27.260822295999901 ], [ -58.338245391999919, -27.269964216999938 ], [ -58.340038298999957, -27.270582198999932 ], [ -58.376415252999834, -27.279014586999949 ], [ -58.391056060999915, -27.279310224999904 ], [ -58.397571563999975, -27.277809142999956 ], [ -58.417816162999941, -27.273141860999885 ], [ -58.433258056999932, -27.272769928999935 ], [ -58.439525604999915, -27.274806976999969 ], [ -58.44935989399994, -27.278005598999982 ], [ -58.451499938999916, -27.278699873999926 ], [ -58.461788177999949, -27.278604506999955 ], [ -58.475044249999939, -27.275394438999911 ], [ -58.485607146999939, -27.274845122999864 ], [ -58.496486663999974, -27.27628898599994 ], [ -58.497364042999891, -27.27640533399989 ], [ -58.505485533999945, -27.278759001999958 ], [ -58.5265502929999, -27.290752410999914 ], [ -58.531707762999872, -27.29260635299994 ], [ -58.539966583999956, -27.295583724999972 ], [ -58.578819274999944, -27.300830840999936 ], [ -58.596546172999922, -27.30121040399996 ], [ -58.602024077999943, -27.299331665999944 ], [ -58.606357574999947, -27.295326232999912 ], [ -58.606578825999975, -27.295120238999914 ], [ -58.607822418999888, -27.290105818999905 ], [ -58.607192991999966, -27.287239073999956 ], [ -58.605434416999856, -27.279233931999897 ], [ -58.605407715999945, -27.27911567599989 ], [ -58.604812622999987, -27.276365279999936 ], [ -58.59539794899996, -27.259212493999939 ], [ -58.595043182999916, -27.258565902999919 ], [ -58.592319487999987, -27.238481521999915 ], [ -58.593734740999935, -27.229570388999946 ], [ -58.603698730999952, -27.213136671999962 ], [ -58.634227751999958, -27.196254730999954 ], [ -58.643856047999975, -27.193365097999958 ], [ -58.65496444799993, -27.185928343999876 ], [ -58.658988951999959, -27.178564071999972 ], [ -58.662368774999891, -27.17238426199998 ], [ -58.662487030999898, -27.172166824999977 ], [ -58.657779692999895, -27.15615272399998 ], [ -58.647392272999923, -27.134889602999976 ], [ -58.640148163999982, -27.124303816999941 ], [ -58.626914978999935, -27.115581512999881 ], [ -58.616516113999978, -27.112699507999878 ], [ -58.579956055999958, -27.109376906999955 ], [ -58.575164793999932, -27.107374190999906 ], [ -58.559570312999938, -27.105918884999937 ], [ -58.553798674999882, -27.102958678999869 ], [ -58.551235199999894, -27.100122450999947 ], [ -58.550369261999833, -27.099163055999952 ], [ -58.553764342999898, -27.068492888999913 ], [ -58.552295684999876, -27.047142028999929 ], [ -58.552196502999948, -27.045688627999937 ], [ -58.550350188999857, -27.041028976999939 ], [ -58.547641753999926, -27.038408278999896 ], [ -58.527153013999964, -27.037694930999976 ], [ -58.521190641999908, -27.039094923999983 ], [ -58.517955779999966, -27.042659758999946 ], [ -58.512466430999893, -27.056484221999938 ], [ -58.508762359999935, -27.059112548999963 ], [ -58.505233763999911, -27.057611463999933 ], [ -58.501903532999961, -27.051223754999967 ], [ -58.501449584999875, -27.05035591199993 ], [ -58.500732420999952, -27.043436049999968 ], [ -58.502120970999954, -27.037630079999929 ], [ -58.506397246999882, -27.019735336999872 ], [ -58.507907866999915, -27.007877348999955 ], [ -58.507968902999892, -27.007381437999925 ], [ -58.506626129999916, -27.002969740999959 ], [ -58.501644133999832, -26.999578474999907 ], [ -58.487998961999949, -26.994962690999955 ], [ -58.482624054999974, -26.994773864999956 ], [ -58.477622985999972, -26.991840361999948 ], [ -58.475921630999949, -26.98813438399992 ], [ -58.475051879999967, -26.98623466499987 ], [ -58.47986984299996, -26.964345930999968 ], [ -58.488899230999948, -26.945821760999877 ], [ -58.491104124999936, -26.933870315999911 ], [ -58.49125671399986, -26.933036803999983 ], [ -58.487796782999908, -26.924413679999873 ], [ -58.48255538899997, -26.921243666999942 ], [ -58.452308653999864, -26.92132186799995 ], [ -58.442394256999933, -26.919591903999901 ], [ -58.431610106999926, -26.914379119999978 ], [ -58.414440154999909, -26.902971267999931 ], [ -58.40462875299994, -26.898942946999966 ], [ -58.388420104999966, -26.88917160099993 ], [ -58.380504606999978, -26.879138945999898 ], [ -58.369766235999919, -26.865520477999951 ], [ -58.364337921999947, -26.864974974999939 ], [ -58.364448546999938, -26.867773055999976 ], [ -58.363285064999957, -26.867658614999925 ], [ -58.351112364999949, -26.870666503999928 ], [ -58.340358733999892, -26.871391295999956 ], [ -58.333381653999936, -26.871860504999972 ], [ -58.327808379999908, -26.870508193999967 ], [ -58.322353361999944, -26.866634367999893 ], [ -58.319107054999961, -26.859163284999909 ], [ -58.319347380999943, -26.85838317799994 ], [ -58.31844711399998, -26.856307983999841 ], [ -58.320850371999938, -26.848581313999944 ], [ -58.331600187999982, -26.837482451999961 ], [ -58.354000091999978, -26.823587417999875 ], [ -58.35789108299997, -26.81683540399996 ], [ -58.358242033999943, -26.812936781999952 ], [ -58.354705810999917, -26.808521269999858 ], [ -58.348197935999963, -26.805297850999978 ], [ -58.337699888999907, -26.80537795999993 ], [ -58.335521696999876, -26.805818557999942 ], [ -58.334888456999977, -26.8056793209999 ], [ -58.331832885999859, -26.805690764999952 ], [ -58.328582763999975, -26.806207655999913 ], [ -58.32809829699994, -26.807325362999848 ], [ -58.324260711999955, -26.808105467999894 ], [ -58.318817138999918, -26.808025358999942 ], [ -58.313774107999848, -26.807954787999961 ], [ -58.289558410999973, -26.800174712999819 ], [ -58.284679411999946, -26.794940947999919 ], [ -58.283580779999909, -26.790992735999907 ], [ -58.283668516999967, -26.790826797999955 ], [ -58.282920836999949, -26.788135528999874 ], [ -58.290245054999843, -26.774219511999888 ], [ -58.295261382999854, -26.764692305999972 ], [ -58.294731139999953, -26.761680601999899 ], [ -58.287147521999884, -26.758033750999971 ], [ -58.261913299999833, -26.761470794999923 ], [ -58.250267028999986, -26.753227232999905 ], [ -58.245925902999886, -26.742036818999907 ], [ -58.246013641999923, -26.741113662999908 ], [ -58.245265959999983, -26.739181517999953 ], [ -58.246021269999972, -26.731336592999924 ], [ -58.246746063999979, -26.723842620999903 ], [ -58.253181457999972, -26.706386565999935 ], [ -58.25093841599994, -26.683092116999887 ], [ -58.252426147999927, -26.650917053999933 ], [ -58.252456664999954, -26.650289534999899 ], [ -58.250011444999984, -26.642385481999952 ], [ -58.238677978999874, -26.644264219999968 ], [ -58.21314620999982, -26.654575347999923 ], [ -58.203712462999874, -26.653993605999972 ], [ -58.196228026999961, -26.650037764999922 ], [ -58.19035720699992, -26.644302366999852 ], [ -58.189094542999896, -26.641460418999884 ], [ -58.188278196999875, -26.639627454999925 ], [ -58.189029694999874, -26.634599684999955 ], [ -58.202949523999905, -26.621103286999983 ], [ -58.204818724999939, -26.617078780999975 ], [ -58.204051970999899, -26.614553449999903 ], [ -58.196739195999953, -26.606927870999925 ], [ -58.192981719999921, -26.599891662999937 ], [ -58.192623137999931, -26.597608565999963 ], [ -58.192321776999961, -26.59704017699994 ], [ -58.190887451999913, -26.587854383999968 ], [ -58.19055175799997, -26.585714338999935 ], [ -58.193119048999904, -26.57455062799994 ], [ -58.197357177999947, -26.560459137999942 ], [ -58.206092833999946, -26.548381804999849 ], [ -58.213809965999928, -26.5417766569999 ], [ -58.217655180999941, -26.535942076999959 ], [ -58.218982695999898, -26.529783247999944 ], [ -58.217056274999948, -26.521234511999978 ], [ -58.207302093999886, -26.506675719999976 ], [ -58.206684111999891, -26.50381278899988 ], [ -58.204948425999987, -26.495801925999842 ], [ -58.204341887999988, -26.49293518099995 ], [ -58.207412718999876, -26.48730659499995 ], [ -58.218513488999974, -26.479221343999939 ], [ -58.224288939999951, -26.471889494999914 ], [ -58.22502136199995, -26.470960616999889 ], [ -58.220226286999946, -26.464349746999915 ], [ -58.20906829899991, -26.46278381299993 ], [ -58.197540283999899, -26.463729857999965 ], [ -58.185440063999977, -26.460519789999921 ], [ -58.178787231999934, -26.455444334999925 ], [ -58.177692413999921, -26.452575682999964 ], [ -58.176742553999929, -26.450084685999911 ], [ -58.182159422999973, -26.443391799999915 ], [ -58.195346832999974, -26.43423652599995 ], [ -58.203212736999944, -26.424190519999968 ], [ -58.206401823999897, -26.416038512999876 ], [ -58.206367491999913, -26.395469663999961 ], [ -58.206367491999913, -26.394897459999925 ], [ -58.205551146999881, -26.392074584999875 ], [ -58.205417632999911, -26.392177581999931 ], [ -58.200439451999955, -26.374984741999924 ], [ -58.198055267999962, -26.371446608999918 ], [ -58.189361572999985, -26.366525649999971 ], [ -58.170318602999885, -26.359373092999874 ], [ -58.164543151999965, -26.352033613999936 ], [ -58.153900145999899, -26.323598860999937 ], [ -58.154006958999958, -26.32280158899988 ], [ -58.153240202999939, -26.320751189999953 ], [ -58.155597685999851, -26.303148269999838 ], [ -58.168788908999886, -26.28273773199993 ], [ -58.169525145999955, -26.277938841999969 ], [ -58.167385100999923, -26.265592575999847 ], [ -58.16096115199997, -26.260219573999905 ], [ -58.133464813999979, -26.249065398999903 ], [ -58.125408172999869, -26.24715232899996 ], [ -58.120441435999965, -26.244436263999944 ], [ -58.113174437999987, -26.236576080999953 ], [ -58.112888336999958, -26.234136581999962 ], [ -58.112514496999836, -26.233730314999946 ], [ -58.111244201999966, -26.222883223999929 ], [ -58.113880157999915, -26.210296629999903 ], [ -58.126266478999923, -26.201398849999919 ], [ -58.145263671999942, -26.192699431999984 ], [ -58.152893065999876, -26.187475204999942 ], [ -58.156486511999958, -26.183132171999944 ], [ -58.1554794299999, -26.180549620999955 ], [ -58.141189574999828, -26.179002760999936 ], [ -58.137340544999859, -26.17979240499983 ], [ -58.128921507999962, -26.181518553999922 ], [ -58.127357482999969, -26.181585311999925 ], [ -58.11674499499992, -26.182043075999957 ], [ -58.112472534999824, -26.178888319999885 ], [ -58.112007140999935, -26.176185607999912 ], [ -58.111812591999922, -26.17604255699996 ], [ -58.110946655999953, -26.17102432199988 ], [ -58.115875243999881, -26.160255431999815 ], [ -58.115341186999956, -26.153213499999879 ], [ -58.107692717999953, -26.139835357999914 ], [ -58.102596281999979, -26.132642745999874 ], [ -58.090740203999985, -26.123302459999934 ], [ -58.080005645999961, -26.116224288999945 ], [ -58.077690124999947, -26.115184782999847 ], [ -58.069171905999951, -26.111362455999938 ], [ -58.061134338999977, -26.111049651999906 ], [ -58.060386656999924, -26.110841751999942 ], [ -58.057727813999918, -26.110160826999902 ], [ -58.055641173999959, -26.109821318999877 ], [ -58.054119109999931, -26.109825133999948 ], [ -58.045562743999881, -26.111707686999921 ], [ -58.043090820999964, -26.112051010999892 ], [ -58.040802001999964, -26.112461089999897 ], [ -58.029891967999902, -26.109819410999933 ], [ -58.014202117999901, -26.103647231999844 ], [ -57.99147415199991, -26.090541839999958 ], [ -57.986488341999973, -26.088817596999945 ], [ -57.976963042999898, -26.085525512999936 ], [ -57.943576812999936, -26.064210891999949 ], [ -57.913200376999953, -26.031911849999858 ], [ -57.904941557999962, -26.024919509999961 ], [ -57.895294189999959, -26.021198272999982 ], [ -57.880687713999919, -26.01838874699996 ], [ -57.876087187999985, -26.016572951999933 ], [ -57.849353789999952, -26.006015776999959 ], [ -57.846168517999843, -25.995895384999926 ], [ -57.846256254999901, -25.995435713999939 ], [ -57.845504759999983, -25.993051528999899 ], [ -57.847171782999965, -25.984239578999905 ], [ -57.877468109999938, -25.967714309999963 ], [ -57.884033202999888, -25.959100723999939 ], [ -57.885715483999832, -25.950286865999885 ], [ -57.883312223999951, -25.939676283999916 ], [ -57.882675171999892, -25.936849593999966 ], [ -57.869522094999979, -25.929653166999969 ], [ -57.850135801999897, -25.924425123999981 ], [ -57.839439392999964, -25.917329788999893 ], [ -57.838050842999905, -25.912052153999923 ], [ -57.837375640999824, -25.909475325999892 ], [ -57.837760924999884, -25.901720046999912 ], [ -57.860961913999915, -25.879362106999906 ], [ -57.862541197999974, -25.868862152999952 ], [ -57.856540679999966, -25.860910414999978 ], [ -57.843292235999968, -25.855928420999874 ], [ -57.837848663999978, -25.854509352999969 ], [ -57.834594725999921, -25.853660582999908 ], [ -57.827884673999961, -25.851909637999938 ], [ -57.813011169999982, -25.848026275999928 ], [ -57.801265716999978, -25.837554930999943 ], [ -57.796756742999946, -25.829599379999934 ], [ -57.796894073999965, -25.828174590999936 ], [ -57.798210143999938, -25.814502715999879 ], [ -57.799289703999932, -25.808115005999923 ], [ -57.807830809999984, -25.791059493999967 ], [ -57.810565947999976, -25.785596847999898 ], [ -57.815010070999961, -25.772108078999906 ], [ -57.815349578999985, -25.771087645999955 ], [ -57.814781187999984, -25.767295837999939 ], [ -57.8138275149999, -25.760919569999942 ], [ -57.813564300999985, -25.760742186999892 ], [ -57.806705473999955, -25.756265638999878 ], [ -57.796546935999913, -25.756538391999982 ], [ -57.788772583999958, -25.75989913899997 ], [ -57.781223297999986, -25.758674621999887 ], [ -57.764854430999833, -25.751342772999976 ], [ -57.732040405999953, -25.723344801999929 ], [ -57.731132507999973, -25.721239089999983 ], [ -57.728790282999967, -25.712411878999944 ], [ -57.728851318999943, -25.712301253999954 ], [ -57.728126524999936, -25.709571837999817 ], [ -57.731750486999942, -25.70305824299993 ], [ -57.748886107999965, -25.705141067999932 ], [ -57.758300780999889, -25.704378127999973 ], [ -57.76576614399994, -25.697105406999867 ], [ -57.766819, -25.690498351999963 ], [ -57.765254974999948, -25.684251784999958 ], [ -57.764526367999963, -25.681430816999864 ], [ -57.757034301999909, -25.674232482999969 ], [ -57.750408173999858, -25.659946440999931 ], [ -57.746486662999928, -25.657258986999977 ], [ -57.734844206999924, -25.657011032999947 ], [ -57.706756590999987, -25.651256560999968 ], [ -57.700344084999983, -25.652828216999978 ], [ -57.687301636999905, -25.660099029999856 ], [ -57.682430267999905, -25.661275862999958 ], [ -57.678714751999962, -25.65951347299989 ], [ -57.673213958999952, -25.651569365999933 ], [ -57.672817229999964, -25.65099716099985 ], [ -57.671756743999879, -25.641992568999967 ], [ -57.675048827999944, -25.617317199999889 ], [ -57.674507141999982, -25.607015609999905 ], [ -57.671100616999979, -25.601356504999956 ], [ -57.665901183999893, -25.599069594999889 ], [ -57.657535551999956, -25.599180220999983 ], [ -57.651077269999917, -25.601669311999956 ], [ -57.636516571999891, -25.613922118999938 ], [ -57.630058288999976, -25.616411207999818 ], [ -57.622161864999953, -25.617227553999953 ], [ -57.60898971499995, -25.617506026999877 ], [ -57.603168486999891, -25.61170768799991 ], [ -57.602886200999876, -25.609256744999982 ], [ -57.602500915999883, -25.608871459999932 ], [ -57.598590849999937, -25.57475471399988 ], [ -57.592956542999957, -25.572427749999918 ], [ -57.575744628999928, -25.573909758999946 ], [ -57.56643676799996, -25.564628600999981 ], [ -57.563232422999931, -25.555612563999944 ], [ -57.563148498999908, -25.554418562999842 ], [ -57.562564848999955, -25.552776335999852 ], [ -57.561862945999962, -25.542757033999976 ], [ -57.569118498999956, -25.520872115999907 ], [ -57.569416044999969, -25.515134811999928 ], [ -57.555118559999983, -25.476469039999927 ], [ -57.555065154999909, -25.475297927999975 ], [ -57.554450988999974, -25.473634719999893 ], [ -57.554424284999982, -25.472452162999957 ], [ -57.55427169799998, -25.465223310999932 ], [ -57.554092406999985, -25.456970213999966 ], [ -57.555946348999896, -25.444845198999872 ], [ -57.571678160999909, -25.42443847699991 ], [ -57.58101654099994, -25.409303665999971 ], [ -57.59627914399988, -25.397752761999925 ], [ -57.597236633999955, -25.397203445999878 ], [ -57.614963531999877, -25.387029646999906 ], [ -57.621467589999952, -25.383295058999977 ], [ -57.635105132999911, -25.379438400999845 ], [ -57.639045714999895, -25.374057768999876 ], [ -57.639526367999963, -25.364694594999946 ], [ -57.638122558999896, -25.360179900999981 ], [ -57.638225554999906, -25.359809875999872 ], [ -57.63745880099998, -25.357345580999947 ], [ -57.640464781999981, -25.346380233999923 ], [ -57.653049468999939, -25.339149475999932 ], [ -57.660728453999923, -25.336578367999891 ], [ -57.666164398999911, -25.332725524999887 ], [ -57.668155669999919, -25.329956054999968 ], [ -57.672302245999902, -25.324174880999919 ], [ -57.672309875999986, -25.32405853299997 ], [ -57.673725127999944, -25.304670332999933 ], [ -57.672306060999972, -25.294300078999981 ], [ -57.668052671999988, -25.283163069999887 ], [ -57.667957304999959, -25.281818388999909 ], [ -57.667388915999879, -25.280332564999981 ], [ -57.667205809999928, -25.277759551999907 ], [ -57.666946410999969, -25.274110792999977 ], [ -57.668956756999933, -25.272785185999908 ], [ -57.675876616999972, -25.275390624999829 ], [ -57.6759757989999, -25.275526046999914 ], [ -57.680351255999938, -25.277214221999884 ], [ -57.686015998999949, -25.279400000999942 ], [ -57.689845095999942, -25.279293345999974 ], [ -57.695855915999971, -25.279125919999956 ], [ -57.695889, -25.279125 ], [ -57.702124400999935, -25.275939588999961 ], [ -57.707502437999949, -25.272234276999882 ], [ -57.711547850999921, -25.269447326999966 ], [ -57.716552476999937, -25.266866901999947 ], [ -57.719413046999932, -25.26539204099987 ], [ -57.722058946999823, -25.264025659999959 ], [ -57.722974, -25.262455999999872 ], [ -57.729108064999878, -25.251928900999872 ], [ -57.729115000999911, -25.251916998999945 ], [ -57.736148999999898, -25.240149 ], [ -57.739508456999943, -25.237363088999871 ], [ -57.740501, -25.236539999999877 ], [ -57.745114632999901, -25.233293608999873 ], [ -57.74836, -25.23101 ], [ -57.756325, -25.223414999999818 ], [ -57.756542, -25.223101 ], [ -57.761629869999922, -25.215725234999923 ], [ -57.761638999999889, -25.215711999999826 ], [ -57.761863, -25.211208 ], [ -57.761997, -25.208516999999858 ], [ -57.76150988299986, -25.206752520999942 ], [ -57.760750000999963, -25.203999998999961 ], [ -57.760811000999922, -25.203779 ], [ -57.76009000099998, -25.201172000999975 ], [ -57.76241300099997, -25.192653999999891 ], [ -57.763308891999941, -25.187070437999921 ], [ -57.764061, -25.182383 ], [ -57.766226, -25.178444999999897 ], [ -57.767174355999941, -25.176718651999977 ], [ -57.767395019999981, -25.176317214999983 ], [ -57.777863484999898, -25.166468284999894 ], [ -57.77932, -25.165098 ], [ -57.780521, -25.162048 ], [ -57.781321931999969, -25.160013561999961 ], [ -57.782791138999869, -25.156282423999983 ], [ -57.787567137999986, -25.151655196999968 ], [ -57.792995451999957, -25.149122238999894 ], [ -57.797481520999952, -25.14761830499998 ], [ -57.79884, -25.147163 ], [ -57.807629, -25.144217 ], [ -57.82235, -25.137588999999878 ], [ -57.830337, -25.13184299999989 ], [ -57.834129, -25.129114 ], [ -57.843117412999902, -25.12247610999998 ], [ -57.847145615999864, -25.119501213999968 ], [ -57.848274, -25.118668 ], [ -57.8545, -25.107552999999882 ], [ -57.854603, -25.10727 ], [ -57.85636953799991, -25.102402706999897 ], [ -57.858444213999974, -25.096687316999976 ], [ -57.863071440999931, -25.087228775999961 ], [ -57.864217937999967, -25.08571380199993 ], [ -57.864513, -25.085324 ], [ -57.867118999999832, -25.081881 ], [ -57.870372, -25.080646999999828 ], [ -57.871669947999976, -25.080154376999928 ], [ -57.873676299999886, -25.079393385999936 ], [ -57.879243483999971, -25.078530648999958 ], [ -57.885607, -25.077545 ], [ -57.896557, -25.075848 ], [ -57.913693, -25.075119 ], [ -57.915864797999859, -25.075026591999915 ], [ -57.928852080999889, -25.074474333999888 ], [ -57.939319610999917, -25.071924208999917 ], [ -57.943080901999906, -25.072311401999968 ], [ -57.946395361999976, -25.074578010999915 ], [ -57.948236, -25.075837 ], [ -57.948444, -25.075979 ], [ -57.949981, -25.076245 ], [ -57.951942, -25.076584 ], [ -57.953185523999935, -25.076394848999882 ], [ -57.962618560999886, -25.074962196999934 ], [ -57.966981, -25.075758 ], [ -57.969109, -25.076146999999821 ], [ -57.978889, -25.082294 ], [ -57.983504, -25.081319999999891 ], [ -57.98526, -25.08095 ], [ -57.995354, -25.071029999999894 ], [ -57.99452600099994, -25.067375 ], [ -57.994402491999892, -25.066819800999895 ], [ -57.993896483999947, -25.064542769999889 ], [ -57.99472045999994, -25.058149337999964 ], [ -57.998666940999954, -25.051984328999879 ], [ -58.000197445999959, -25.049593852999976 ], [ -58.000214, -25.049568 ], [ -58.000629, -25.048920999999893 ], [ -58.000736, -25.048754 ], [ -58.000719780999987, -25.048726335999959 ], [ -57.997098, -25.042548999999894 ], [ -57.996603267999944, -25.041705865999973 ], [ -57.996807000999979, -25.040942138999981 ], [ -57.997208000999876, -25.039462999999898 ], [ -57.999268, -25.038630000999831 ], [ -57.99927979399996, -25.038632942999982 ], [ -58.005704, -25.040236 ], [ -58.010358819999965, -25.041396859999963 ], [ -58.014702, -25.04248 ], [ -58.032001, -25.044337999999868 ], [ -58.044048, -25.04265 ], [ -58.045444, -25.042456 ], [ -58.047233760999916, -25.042208032999952 ], [ -58.048855, -25.045027 ], [ -58.04900811199991, -25.045061395999937 ], [ -58.049496487999932, -25.045171495999909 ], [ -58.05135, -25.045588999999893 ], [ -58.053745999999819, -25.044618 ], [ -58.056492, -25.043504999999868 ], [ -58.058883009999931, -25.044177392999813 ], [ -58.06220999999988, -25.045113 ], [ -58.065694, -25.043789999999888 ], [ -58.06657799899989, -25.043454999999881 ], [ -58.080148485999985, -25.0239827179999 ], [ -58.085563688999969, -25.01621244699993 ], [ -58.087207480999894, -25.015340319999893 ], [ -58.089184000999978, -25.014292000999944 ], [ -58.095261211999969, -25.013588460999983 ], [ -58.096534727999881, -25.013441085999887 ], [ -58.098980025999879, -25.014532788999873 ], [ -58.100574999999878, -25.015245 ], [ -58.106111082999973, -25.017716730999894 ], [ -58.106151999999895, -25.017735 ], [ -58.10978132199989, -25.01822597599994 ], [ -58.113411, -25.018717 ], [ -58.121773, -25.012625 ], [ -58.121818613999949, -25.012616211999955 ], [ -58.124991033999891, -25.01200506299989 ], [ -58.129634145999944, -25.011110594999877 ], [ -58.129658, -25.011106 ], [ -58.131402, -25.006702 ], [ -58.133622400999968, -25.001094944999863 ], [ -58.134056000999976, -25.000000000999933 ], [ -58.134293346999982, -24.999400033999962 ], [ -58.135117000999912, -24.997318000999883 ], [ -58.139476824999974, -24.990606270999933 ], [ -58.142784117999952, -24.988058088999878 ], [ -58.143527975999973, -24.987485984999978 ], [ -58.145288999999821, -24.986132 ], [ -58.146278011999925, -24.98537095599994 ], [ -58.146282408999923, -24.985354707999932 ], [ -58.147662, -24.980257 ], [ -58.14843, -24.977419 ], [ -58.15509, -24.975159 ], [ -58.15520228299988, -24.975060045999896 ], [ -58.159824370999956, -24.970987318999903 ], [ -58.171726782999883, -24.970613274999948 ], [ -58.172691, -24.970583 ], [ -58.180680679999909, -24.97205149999985 ], [ -58.183246999999881, -24.971288 ], [ -58.186813, -24.970226 ], [ -58.186824369999954, -24.970211841999969 ], [ -58.191781064999986, -24.964040354999952 ], [ -58.198589381999909, -24.955563444999939 ], [ -58.198605, -24.955544 ], [ -58.207371, -24.952743999999882 ], [ -58.208836, -24.952276 ], [ -58.218868, -24.942572 ], [ -58.218870459999948, -24.942549174999954 ], [ -58.219533254999988, -24.936401613999976 ], [ -58.21978, -24.934113 ], [ -58.221618, -24.932965999999851 ], [ -58.222710942999925, -24.932283382999856 ], [ -58.223930357999905, -24.931522369999925 ], [ -58.227401154999939, -24.9306641149999 ], [ -58.229538, -24.930135999999891 ], [ -58.237907160999953, -24.934141051999973 ], [ -58.24648284899996, -24.933790205999912 ], [ -58.249080650999872, -24.935441743999945 ], [ -58.255161, -24.939308 ], [ -58.261876960999928, -24.943577160999951 ], [ -58.261887478999938, -24.943586223999887 ], [ -58.264299, -24.946399 ], [ -58.268413999999893, -24.951197 ], [ -58.271664, -24.954985 ], [ -58.274467, -24.956765 ], [ -58.277358115999903, -24.958600716999968 ], [ -58.284378052999955, -24.963058471999943 ], [ -58.28651786599994, -24.966989725999895 ], [ -58.289002, -24.971554 ], [ -58.290634, -24.974552 ], [ -58.29064249299995, -24.974558130999924 ], [ -58.29271157799991, -24.976052016999915 ], [ -58.30476, -24.984751 ], [ -58.314781030999939, -24.996620012999983 ], [ -58.317635154999834, -24.997811368999976 ], [ -58.321453000999952, -24.999405 ], [ -58.322756642999934, -24.99935223499989 ], [ -58.327259, -24.99917 ], [ -58.328855066999949, -24.99754043799993 ], [ -58.332024, -24.994305 ], [ -58.340515, -24.979712 ], [ -58.34899, -24.971892 ], [ -58.34986128699984, -24.971088037999891 ], [ -58.353416372999902, -24.967807833999927 ], [ -58.354527, -24.967313 ], [ -58.36444346899998, -24.962893053999949 ], [ -58.364475, -24.962879 ], [ -58.368587, -24.961045999999897 ], [ -58.368649058999949, -24.959735125999885 ], [ -58.368652, -24.959672999999896 ], [ -58.380169166999906, -24.955750856999828 ], [ -58.380538801999933, -24.955433483999968 ], [ -58.380846130999885, -24.955169602999945 ], [ -58.380854082999917, -24.955162742999903 ], [ -58.382917435999957, -24.953380334999963 ], [ -58.388824461999945, -24.948278426999821 ], [ -58.402149200999929, -24.926977156999953 ], [ -58.407871246999889, -24.923065185999974 ], [ -58.41044866999988, -24.923063523999929 ], [ -58.411363, -24.923063 ], [ -58.419704, -24.923058 ], [ -58.419718796999973, -24.92304673599989 ], [ -58.422573015999944, -24.920873840999946 ], [ -58.422636158999921, -24.920248148999974 ], [ -58.423035, -24.916295999999818 ], [ -58.422421, -24.913467 ], [ -58.419678, -24.900799 ], [ -58.420379185999877, -24.897856597999919 ], [ -58.420982360999972, -24.895326613999941 ], [ -58.42232690599991, -24.893302900999913 ], [ -58.422778, -24.892624 ], [ -58.423957962999964, -24.890848054999935 ], [ -58.438030242999901, -24.880365371999972 ], [ -58.443103789999952, -24.877447127999858 ], [ -58.46387481599993, -24.865505218999942 ], [ -58.4811248769999, -24.862480163999976 ], [ -58.493457794999983, -24.851238249999881 ], [ -58.494499211999937, -24.85083145699997 ], [ -58.496977, -24.849864 ], [ -58.49935169399987, -24.848936118999916 ], [ -58.50015325499993, -24.849104485999931 ], [ -58.50231, -24.849558 ], [ -58.507324, -24.850611 ], [ -58.512649999999894, -24.849663 ], [ -58.512706833999971, -24.849637424999969 ], [ -58.51821001299993, -24.847161090999975 ], [ -58.526775360999977, -24.843307495999966 ], [ -58.547695158999886, -24.831230162999873 ], [ -58.565067290999934, -24.82643699599987 ], [ -58.566037287999904, -24.826171005999981 ], [ -58.570777863999922, -24.827073248999966 ], [ -58.588482048999822, -24.830442403999825 ], [ -58.604286, -24.832017999999891 ], [ -58.606758, -24.832263999999896 ], [ -58.639469, -24.833149 ], [ -58.654742999999883, -24.833561 ], [ -58.665412999999887, -24.831194 ], [ -58.671128101999898, -24.827039995999939 ], [ -58.673682, -24.822395 ], [ -58.677685, -24.815113000999872 ], [ -58.683090000999925, -24.812323 ], [ -58.686863, -24.81246 ], [ -58.691124, -24.812614 ], [ -58.6914, -24.812426 ], [ -58.691707998999959, -24.812216000999967 ], [ -58.691743945999917, -24.812191532999975 ], [ -58.695402999999885, -24.809701 ], [ -58.696568, -24.808908 ], [ -58.711945, -24.784902999999872 ], [ -58.718758, -24.77849 ], [ -58.721939392999957, -24.777853393999862 ], [ -58.72459, -24.777323000999957 ], [ -58.730238197999938, -24.779523206999897 ], [ -58.734974, -24.781368000999976 ], [ -58.74269486999998, -24.779953064999972 ], [ -58.758033999999839, -24.777142000999959 ], [ -58.777538436999976, -24.775940607999871 ], [ -58.795845, -24.774813 ], [ -58.795862084999897, -24.774806701999921 ], [ -58.802247170999976, -24.772453172999974 ], [ -58.808048, -24.770315 ], [ -58.813465, -24.768318 ], [ -58.820130335999863, -24.760569331999932 ], [ -58.826667434999933, -24.752969741999948 ], [ -58.826687, -24.752947 ], [ -58.831576, -24.748812 ], [ -58.83179679999995, -24.748625250999851 ], [ -58.843105316999925, -24.739061355999979 ], [ -58.847382, -24.738983 ], [ -58.85098, -24.737204 ], [ -58.857928978999951, -24.733767044999979 ], [ -58.859958648999964, -24.732763290999969 ], [ -58.867763519999926, -24.732349395999904 ], [ -58.870967864999955, -24.733837126999902 ], [ -58.875534056999925, -24.7328472129999 ], [ -58.876545666999959, -24.731126826999912 ], [ -58.879117999999892, -24.726753 ], [ -58.881484999999884, -24.722727 ], [ -58.881493596999974, -24.72272027199989 ], [ -58.885644073999856, -24.719472319999909 ], [ -58.89175415099993, -24.714691161999838 ], [ -58.902267318999918, -24.706464872999959 ], [ -58.915039, -24.701396999999872 ], [ -58.915277, -24.701185999999836 ], [ -58.923393061999946, -24.693974309999817 ], [ -58.925731658999894, -24.691896437999844 ], [ -58.933407, -24.688485999999898 ], [ -58.933659761999934, -24.688239137999915 ], [ -58.935548961999928, -24.686394370999949 ], [ -58.940216064999902, -24.681837081999902 ], [ -58.945118387999912, -24.679803437999965 ], [ -58.960148, -24.673568999999873 ], [ -58.963553, -24.670768 ], [ -58.963840225999888, -24.670531718999939 ], [ -58.968723297999986, -24.666515348999894 ], [ -58.974025075999975, -24.664651336999952 ], [ -58.977642, -24.66338 ], [ -58.990653999999893, -24.664511 ], [ -58.997631, -24.659697 ], [ -59.004356, -24.659651 ], [ -59.008933999999897, -24.65962 ], [ -59.015452, -24.654087999999888 ], [ -59.024277, -24.646599 ], [ -59.027325, -24.645814 ], [ -59.031441, -24.644754 ], [ -59.039249, -24.642742 ], [ -59.043380999999897, -24.639896 ], [ -59.048444192999966, -24.632172177999962 ], [ -59.049267, -24.630917000999943 ], [ -59.049285078999901, -24.630906070999913 ], [ -59.051711999999895, -24.629439 ], [ -59.052122141999973, -24.629190998999945 ], [ -59.05286788899997, -24.628740310999945 ], [ -59.059846241999935, -24.627224979999824 ], [ -59.064737362999892, -24.626163084999973 ], [ -59.06477, -24.626156 ], [ -59.077314423999951, -24.621106805999943 ], [ -59.089519836999955, -24.616194065999878 ], [ -59.090409141999942, -24.616971236999973 ], [ -59.091267999999843, -24.617721999999844 ], [ -59.096068999999886, -24.621918 ], [ -59.10228, -24.623501 ], [ -59.104829, -24.623412 ], [ -59.109066, -24.623263999999892 ], [ -59.111663279999902, -24.620917967999958 ], [ -59.113231884999948, -24.61950110399988 ], [ -59.113697118999937, -24.619479107999837 ], [ -59.115739, -24.619383 ], [ -59.121784074999937, -24.619096878999983 ], [ -59.122161, -24.618486 ], [ -59.125798433999876, -24.61259311699996 ], [ -59.125809, -24.612576000999923 ], [ -59.126851339999973, -24.611904362999951 ], [ -59.13224796999998, -24.608427018999919 ], [ -59.144228744999907, -24.60376789899982 ], [ -59.14505, -24.60284 ], [ -59.146622, -24.60106299999984 ], [ -59.146631206999984, -24.601052580999863 ], [ -59.147130999999888, -24.600486999999873 ], [ -59.147381000999985, -24.600203998999973 ], [ -59.149906072999897, -24.593402942999944 ], [ -59.156379999999899, -24.588339 ], [ -59.163468549999948, -24.585381220999864 ], [ -59.170666, -24.582378 ], [ -59.171788714999934, -24.581053492999899 ], [ -59.181454000999906, -24.569651 ], [ -59.181564545999834, -24.569600963999903 ], [ -59.206415, -24.558353 ], [ -59.208648720999975, -24.557341892999887 ], [ -59.210311888999854, -24.556589125999949 ], [ -59.211018801999899, -24.556542597999908 ], [ -59.212017999999887, -24.556477 ], [ -59.217322389999936, -24.556128078999905 ], [ -59.217354, -24.556125999999892 ], [ -59.217380337999941, -24.556117467999911 ], [ -59.22731, -24.552901 ], [ -59.23539, -24.550283 ], [ -59.248772, -24.53511 ], [ -59.248889907999967, -24.534812384999896 ], [ -59.249518196999986, -24.533227474999933 ], [ -59.25124740699988, -24.528865813999914 ], [ -59.2518271429999, -24.527406934999931 ], [ -59.263058000999933, -24.522259000999952 ], [ -59.277128000999937, -24.520651691999831 ], [ -59.289762166999935, -24.519206893999922 ], [ -59.292336024999884, -24.51815848799987 ], [ -59.299669284999936, -24.515171436999879 ], [ -59.299689999999885, -24.515163 ], [ -59.305448, -24.51044 ], [ -59.306423000999985, -24.509639999999877 ], [ -59.316132000999971, -24.504897999999855 ], [ -59.327316328999984, -24.497098883999968 ], [ -59.327461006999954, -24.496997997999983 ], [ -59.335810694999964, -24.494569230999957 ], [ -59.342418999999893, -24.492647 ], [ -59.343598098999848, -24.491762826999889 ], [ -59.344361860999982, -24.491190128999961 ], [ -59.352992999999856, -24.484718000999919 ], [ -59.360649000999956, -24.465750000999833 ], [ -59.360701477999953, -24.465619924999885 ], [ -59.36488, -24.455262999999889 ], [ -59.373337, -24.44359999999989 ], [ -59.37338304099984, -24.443500201999882 ], [ -59.381161388999942, -24.42664052299989 ], [ -59.381793348999906, -24.425275134999879 ], [ -59.384117, -24.423287 ], [ -59.386051698999893, -24.42163131999996 ], [ -59.388000487999932, -24.419963835999908 ], [ -59.402729034999936, -24.414682387999903 ], [ -59.416522978999922, -24.414192199999945 ], [ -59.421836852999945, -24.412750242999891 ], [ -59.429035185999908, -24.401042936999886 ], [ -59.451744079999912, -24.382926939999948 ], [ -59.453309242999921, -24.381048907999968 ], [ -59.46273655799996, -24.369737328999918 ], [ -59.462746, -24.369726 ], [ -59.462745246999987, -24.369710110999904 ], [ -59.46248735599994, -24.364260932999969 ], [ -59.462322234999874, -24.360767363999912 ], [ -59.470119475999923, -24.352977751999958 ], [ -59.471791437999968, -24.349232791999952 ], [ -59.472520949999932, -24.347598907999952 ], [ -59.472847, -24.346869 ], [ -59.472263335999969, -24.342258451999953 ], [ -59.475955963999922, -24.337097167999957 ], [ -59.477789380999923, -24.336821254999961 ], [ -59.479063460999953, -24.336628562999977 ], [ -59.480008227999861, -24.336077090999936 ], [ -59.490032369999881, -24.33022587399995 ], [ -59.490051926999968, -24.330214035999859 ], [ -59.492658, -24.327504 ], [ -59.494984, -24.325085 ], [ -59.516582564999908, -24.313302520999912 ], [ -59.556164, -24.29171 ], [ -59.55748993099985, -24.290490568999928 ], [ -59.560036, -24.288149 ], [ -59.56008263699988, -24.288122856999962 ], [ -59.571066264999956, -24.281966218999912 ], [ -59.587493895999842, -24.272758482999848 ], [ -59.60340739999998, -24.263843277999911 ], [ -59.61814899899997, -24.255585000999815 ], [ -59.618186317999971, -24.255565916999899 ], [ -59.651075999999875, -24.238747 ], [ -59.656044, -24.236206 ], [ -59.681522070999961, -24.22164533199998 ], [ -59.705395000999886, -24.208002000999898 ], [ -59.790831364999917, -24.159085923999896 ], [ -59.821945, -24.141272 ], [ -59.880157262999887, -24.10785569199993 ], [ -59.938357999999823, -24.074446 ], [ -59.938394063999965, -24.074425242999951 ], [ -59.964565999999877, -24.059362 ], [ -59.991442135999876, -24.043892710999899 ], [ -59.999999999999829, -24.038967132999858 ], [ -60.017436958999895, -24.028931108999927 ], [ -60.046622999999897, -24.012133000999938 ], [ -60.055686998999875, -24.014603000999955 ], [ -60.055697109999983, -24.014605748999884 ], [ -60.05806699999988, -24.01525 ], [ -60.059214204999932, -24.015561580999929 ], [ -60.060485839999899, -24.015907286999948 ], [ -60.075218199999938, -24.024057388999893 ], [ -60.089628905999916, -24.029420480999931 ], [ -60.116694998999833, -24.039494 ], [ -60.154541853999945, -24.042449918999978 ], [ -60.158173046999821, -24.042104399999914 ], [ -60.175811766999971, -24.040426253999954 ], [ -60.180172521999907, -24.040819349999879 ], [ -60.186671959999956, -24.041405641999916 ], [ -60.186686999999893, -24.041407 ], [ -60.186705954999866, -24.041408708999882 ], [ -60.196225656999957, -24.042267425999967 ], [ -60.203193664999901, -24.042896269999972 ], [ -60.295669554999904, -24.046833038999921 ], [ -60.297382182999968, -24.047334294999928 ], [ -60.301613, -24.048573 ], [ -60.32008, -24.048525 ], [ -60.321557582999958, -24.048232955999936 ], [ -60.323399, -24.047869 ], [ -60.323426039999958, -24.047863631999917 ], [ -60.333251, -24.045913 ], [ -60.334625217999928, -24.045639751999943 ], [ -60.33463758399995, -24.045634506999875 ], [ -60.337154999999882, -24.044317 ], [ -60.358128557999919, -24.033337599999982 ], [ -60.358166000999915, -24.033317999999895 ], [ -60.360654829999987, -24.032616049999888 ], [ -60.369479999999896, -24.030127 ], [ -60.372547243999918, -24.027776812999889 ], [ -60.37615, -24.025016999999877 ], [ -60.377628, -24.023884 ], [ -60.379098999999883, -24.02181499999989 ], [ -60.380997, -24.019144 ], [ -60.384174, -24.009596 ], [ -60.385874792999971, -24.004483499999935 ], [ -60.387367247999919, -23.999998091999885 ], [ -60.390499113999965, -23.995708465999883 ], [ -60.393199504999927, -23.993768638999882 ], [ -60.394753, -23.992653 ], [ -60.397055448999936, -23.990999015999876 ], [ -60.397068000999923, -23.990990000999943 ], [ -60.422314, -23.983103 ], [ -60.432769440999891, -23.978422365999961 ], [ -60.435898446999943, -23.977021589999936 ], [ -60.435909322999976, -23.977014286999975 ], [ -60.436425237999856, -23.976612465999949 ], [ -60.452503203999925, -23.96409034699991 ], [ -60.469322204999855, -23.960855484999968 ], [ -60.505252838999922, -23.962093352999887 ], [ -60.513778005999939, -23.964948427999957 ], [ -60.517025, -23.966036 ], [ -60.52113, -23.965199 ], [ -60.521147352999947, -23.965196764999973 ], [ -60.526232390999951, -23.96454220499993 ], [ -60.528113999999846, -23.96430000099997 ], [ -60.53978559199993, -23.962622065999938 ], [ -60.54958, -23.96121399999987 ], [ -60.56742899999989, -23.95698 ], [ -60.58015, -23.94780999999989 ], [ -60.584038, -23.945007 ], [ -60.584444902999962, -23.94400964599987 ], [ -60.58592934099994, -23.940371557999924 ], [ -60.588021239999932, -23.935244565999938 ], [ -60.588028, -23.935227999999881 ], [ -60.588022276999936, -23.934991199999899 ], [ -60.587970246999987, -23.932828225999913 ], [ -60.587608337999939, -23.917776108999931 ], [ -60.593567844999939, -23.910405140999956 ], [ -60.594138, -23.909699999999873 ], [ -60.594770064999921, -23.90891823599992 ], [ -60.594783915999926, -23.908901104999927 ], [ -60.595045924999908, -23.908680932999914 ], [ -60.596242, -23.907676 ], [ -60.603061854999964, -23.901945121999916 ], [ -60.613155399999982, -23.902426455999887 ], [ -60.622998542999937, -23.902895975999911 ], [ -60.62302, -23.902896999999825 ], [ -60.631595748999985, -23.903306987999883 ], [ -60.633169253999881, -23.903618356999914 ], [ -60.64420300099988, -23.905802000999927 ], [ -60.644229850999977, -23.905803013999844 ], [ -60.651539, -23.906079 ], [ -60.660824, -23.906429 ], [ -60.660856913999908, -23.906421234999925 ], [ -60.674422131999904, -23.903221380999923 ], [ -60.687787564999894, -23.900068649999923 ], [ -60.68782, -23.900061 ], [ -60.691208999999844, -23.898718 ], [ -60.702756674999875, -23.8941396969999 ], [ -60.702766000999929, -23.894136 ], [ -60.715508, -23.884750000999873 ], [ -60.715534915999967, -23.88474374499998 ], [ -60.720388, -23.883616 ], [ -60.729866, -23.881412999999895 ], [ -60.734866999999895, -23.876431 ], [ -60.740266, -23.875736 ], [ -60.741658450999978, -23.87555657799993 ], [ -60.743152618999943, -23.875364303999959 ], [ -60.747161864999953, -23.873899459999961 ], [ -60.752570930999923, -23.875431640999977 ], [ -60.752850999999851, -23.875511 ], [ -60.753384, -23.875662 ], [ -60.755881, -23.874837999999897 ], [ -60.756878064999967, -23.874508822999928 ], [ -60.758285522999984, -23.87404441699988 ], [ -60.762741088999974, -23.870922087999929 ], [ -60.767700194999861, -23.871574400999975 ], [ -60.770226, -23.873793 ], [ -60.771269, -23.874312 ], [ -60.773047172999952, -23.875196823999943 ], [ -60.776066, -23.876699 ], [ -60.779007, -23.875957 ], [ -60.78031281299991, -23.875627229999907 ], [ -60.780974999999899, -23.875460000999965 ], [ -60.783005067999909, -23.874312986999882 ], [ -60.785850524999887, -23.87270545899986 ], [ -60.788568797999915, -23.873691443999974 ], [ -60.789463442999931, -23.874016495999967 ], [ -60.790153, -23.874788 ], [ -60.792565768999964, -23.877485607999972 ], [ -60.794491999999821, -23.878538999999876 ], [ -60.795902, -23.879309 ], [ -60.79908799999987, -23.879511 ], [ -60.799904, -23.874679999999898 ], [ -60.799397, -23.871874999999875 ], [ -60.799171399999921, -23.870851204999894 ], [ -60.798854997999968, -23.869414983999832 ], [ -60.800125, -23.867103998999937 ], [ -60.80572325199995, -23.868444180999973 ], [ -60.805923083999971, -23.86849203599985 ], [ -60.808804887999941, -23.869740304999937 ], [ -60.815085998999962, -23.872460999999873 ], [ -60.825004786999898, -23.873765971999944 ], [ -60.836734999999862, -23.871487 ], [ -60.839710298999933, -23.869984455999941 ], [ -60.842628477999881, -23.868511199999944 ], [ -60.845633598999939, -23.867715726999904 ], [ -60.847492086999864, -23.867223874999979 ], [ -60.852657048999902, -23.859918949999894 ], [ -60.853629191999971, -23.858982060999892 ], [ -60.857482908999884, -23.855268476999981 ], [ -60.866428375999988, -23.85091209299992 ], [ -60.872486114999845, -23.846237181999925 ], [ -60.876952253999889, -23.843689247999976 ], [ -60.886284, -23.838365998999961 ], [ -60.900112, -23.831629 ], [ -60.901593088999959, -23.829821578999884 ], [ -60.907696, -23.822374 ], [ -60.909102207999979, -23.820606538999925 ], [ -60.911681998999939, -23.817363999999884 ], [ -60.918591000999925, -23.813805 ], [ -60.926682, -23.808324998999922 ], [ -60.931941999999879, -23.804804000999923 ], [ -60.938503, -23.803900000999931 ], [ -60.942657000999986, -23.805322999999873 ], [ -60.943952605999982, -23.808629535999899 ], [ -60.943980998999905, -23.808702 ], [ -60.945550688999958, -23.810077572999887 ], [ -60.947352998999918, -23.811657 ], [ -60.948586417999934, -23.812038611999981 ], [ -60.951920000999962, -23.813070000999971 ], [ -60.958897, -23.812160000999882 ], [ -60.96527288499982, -23.812017404999892 ], [ -60.969180999999878, -23.81193 ], [ -60.975746, -23.811027999999851 ], [ -60.981937, -23.811645998999893 ], [ -60.986774072999879, -23.807752919999928 ], [ -60.993979998999976, -23.800018 ], [ -61.002472, -23.794147 ], [ -61.008823000999939, -23.785295000999895 ], [ -61.018763998999987, -23.772197998999957 ], [ -61.020606998999881, -23.764203998999847 ], [ -61.02534099899998, -23.756523000999891 ], [ -61.031882998999947, -23.747295000999941 ], [ -61.039782998999954, -23.742565000999889 ], [ -61.04251099999982, -23.736821998999972 ], [ -61.044746, -23.728061999999852 ], [ -61.048576, -23.723333 ], [ -61.057906998999954, -23.712616000999844 ], [ -61.06578800099993, -23.707984999999837 ], [ -61.074701918999949, -23.700185482999927 ], [ -61.079673999999898, -23.695835 ], [ -61.086838000999876, -23.686959999999885 ], [ -61.088130955999929, -23.681268928999941 ], [ -61.087234408999905, -23.679827124999974 ], [ -61.08420562799995, -23.674949644999913 ], [ -61.084663391999982, -23.673854828999936 ], [ -61.083614349999891, -23.672166824999977 ], [ -61.084777831999986, -23.669382093999957 ], [ -61.091392516999974, -23.666002272999833 ], [ -61.09637069799993, -23.663116454999965 ], [ -61.099456787999941, -23.658227920999877 ], [ -61.098728180999956, -23.655254364999962 ], [ -61.095222473999968, -23.647380827999882 ], [ -61.09537506099997, -23.646266935999904 ], [ -61.094631193999987, -23.644598007999946 ], [ -61.095661162999932, -23.636999128999946 ], [ -61.09840393099995, -23.63201141299993 ], [ -61.102100371999882, -23.626983641999857 ], [ -61.101623533999884, -23.625644683999894 ], [ -61.094154356999979, -23.623165130999837 ], [ -61.092273710999962, -23.620857237999928 ], [ -61.093036651999853, -23.619737624999914 ], [ -61.091682433999893, -23.618074416999889 ], [ -61.095802306999985, -23.611999510999965 ], [ -61.10222244199997, -23.606170654999971 ], [ -61.110309600999926, -23.601062774999946 ], [ -61.122531890999937, -23.596990584999958 ], [ -61.12656784099994, -23.594247817999872 ], [ -61.130771637999942, -23.586324691999948 ], [ -61.135372160999907, -23.582309721999934 ], [ -61.13887023999996, -23.578054426999927 ], [ -61.144905089999952, -23.576784132999876 ], [ -61.148708342999953, -23.577068328999871 ], [ -61.154369353999925, -23.573526381999898 ], [ -61.159961699999883, -23.567714689999889 ], [ -61.165073394999979, -23.559261321999827 ], [ -61.171764373999906, -23.548500059999924 ], [ -61.175785064999957, -23.545698165999909 ], [ -61.183689116999972, -23.548599241999966 ], [ -61.187374114999955, -23.548135757999887 ], [ -61.193767546999879, -23.54154586899989 ], [ -61.19702148499988, -23.54033279399988 ], [ -61.199508665999986, -23.541030884999827 ], [ -61.205490111999893, -23.549224853999931 ], [ -61.211715697999978, -23.551349640999888 ], [ -61.219104766999919, -23.550796507999962 ], [ -61.226879118999932, -23.54938125599989 ], [ -61.234661102999894, -23.548534393999944 ], [ -61.239883422999981, -23.544242857999848 ], [ -61.244548796999936, -23.541797637999935 ], [ -61.24893569999989, -23.538927078999905 ], [ -61.254371641999967, -23.532478331999982 ], [ -61.260017393999931, -23.529371260999937 ], [ -61.265983580999944, -23.522411346999945 ], [ -61.275119781999933, -23.517581938999967 ], [ -61.275714874999949, -23.513923644999977 ], [ -61.274421691999976, -23.512123107999855 ], [ -61.274616240999933, -23.510433195999894 ], [ -61.273834228999988, -23.509344099999964 ], [ -61.274494169999969, -23.503644942999927 ], [ -61.279380798999966, -23.502012251999929 ], [ -61.286071776999961, -23.502149582999948 ], [ -61.290866851999965, -23.501358032999974 ], [ -61.293643951999968, -23.497882842999957 ], [ -61.298313140999937, -23.488676070999873 ], [ -61.302234649999889, -23.486574172999951 ], [ -61.30640029999995, -23.484624861999976 ], [ -61.316226959999938, -23.473119734999898 ], [ -61.322582245999911, -23.469732283999917 ], [ -61.346878051999852, -23.465663909999932 ], [ -61.350593565999986, -23.463544845999934 ], [ -61.35294723599992, -23.45969772299992 ], [ -61.352794646999939, -23.454399107999905 ], [ -61.354705810999974, -23.449428557999966 ], [ -61.35789108299997, -23.445941923999953 ], [ -61.364536283999939, -23.448429107999971 ], [ -61.374065397999857, -23.451227186999915 ], [ -61.380611419999866, -23.450309753999875 ], [ -61.387229919999982, -23.447315215999822 ], [ -61.388313292999953, -23.450038908999943 ], [ -61.388111113999912, -23.450830459999963 ], [ -61.386924742999895, -23.455457686999921 ], [ -61.387912749999941, -23.456666945999871 ], [ -61.389053344999979, -23.458057403999931 ], [ -61.39157104599991, -23.459890364999978 ], [ -61.395278929999961, -23.460178375999931 ], [ -61.400108337999939, -23.456649780999896 ], [ -61.404083251999907, -23.452005385999939 ], [ -61.408111570999893, -23.449253081999927 ], [ -61.414268493999941, -23.44910240199988 ], [ -61.417778013999964, -23.446464537999873 ], [ -61.42522811799995, -23.444662093999966 ], [ -61.429199218999941, -23.440017698999895 ], [ -61.437152861999891, -23.431106565999926 ], [ -61.449604034999936, -23.424016951999818 ], [ -61.464397430999952, -23.421712875999958 ], [ -61.475933073999954, -23.422939300999928 ], [ -61.486526487999924, -23.420021056999929 ], [ -61.495021820999909, -23.415639876999933 ], [ -61.499237060999974, -23.409248351999906 ], [ -61.498538970999959, -23.406599044999894 ], [ -61.498588560999963, -23.406230925999978 ], [ -61.497955320999893, -23.403823852999949 ], [ -61.498630522999974, -23.398876190999943 ], [ -61.508823394999922, -23.396352767999872 ], [ -61.511379242999851, -23.385675429999822 ], [ -61.514911650999977, -23.380283354999904 ], [ -61.522747039999956, -23.374011992999954 ], [ -61.527702331999933, -23.368593214999976 ], [ -61.528152465999881, -23.363605497999913 ], [ -61.523788451999962, -23.358221053999841 ], [ -61.516723632999913, -23.355367659999899 ], [ -61.507949828999983, -23.35028648399998 ], [ -61.510669708999956, -23.349426268999935 ], [ -61.507366179999963, -23.347511291999922 ], [ -61.513874053999928, -23.345451354999852 ], [ -61.531967162999933, -23.346506118999969 ], [ -61.536411285999975, -23.344032287999937 ], [ -61.548717499999952, -23.343809127999862 ], [ -61.555534361999833, -23.338329313999964 ], [ -61.564727782999967, -23.330135344999917 ], [ -61.571128844999976, -23.32467079099996 ], [ -61.575916289999952, -23.32000160199982 ], [ -61.576938629999972, -23.315721511999982 ], [ -61.576202392999903, -23.312931060999915 ], [ -61.576248169999872, -23.31255340599995 ], [ -61.576862335999976, -23.307609556999978 ], [ -61.580047607999973, -23.304742812999848 ], [ -61.586021422999977, -23.30403137199994 ], [ -61.587715149999894, -23.30382919199991 ], [ -61.592594145999897, -23.301166534999879 ], [ -61.595588683999949, -23.29419517599996 ], [ -61.598579405999885, -23.294570922999924 ], [ -61.605915069999924, -23.29132461599994 ], [ -61.611473082999908, -23.285118102999945 ], [ -61.62125778199993, -23.282968519999883 ], [ -61.639286040999821, -23.282123564999893 ], [ -61.657375335999973, -23.283168791999969 ], [ -61.672637938999969, -23.285800932999962 ], [ -61.678684234999935, -23.282230376999848 ], [ -61.689170836999949, -23.276271820999966 ], [ -61.692787170999907, -23.261310576999904 ], [ -61.693241119999982, -23.260971068999879 ], [ -61.699806211999885, -23.256057738999971 ], [ -61.715602874999888, -23.246185302999947 ], [ -61.727611541999977, -23.245698927999968 ], [ -61.73932266199995, -23.239704131999929 ], [ -61.744277953999983, -23.214559553999891 ], [ -61.744907377999823, -23.208478926999931 ], [ -61.746322631999931, -23.201240539999958 ], [ -61.749927520999961, -23.190561293999963 ], [ -61.75799941899993, -23.181222914999921 ], [ -61.770496366999907, -23.171190261999925 ], [ -61.771316527999829, -23.17042160099993 ], [ -61.776851654999973, -23.167833326999983 ], [ -61.781383514999845, -23.168470381999953 ], [ -61.788745879999965, -23.167894362999903 ], [ -61.792182922999984, -23.164060592999931 ], [ -61.794254302999946, -23.160543440999902 ], [ -61.798759460999918, -23.160423279999975 ], [ -61.805751800999985, -23.160995483999898 ], [ -61.814296721999938, -23.157888410999874 ], [ -61.819812774999889, -23.151895522999894 ], [ -61.820850371999938, -23.145803451999939 ], [ -61.821865081999988, -23.140220642999964 ], [ -61.824592589999952, -23.133024215999967 ], [ -61.830162047999977, -23.129186630999982 ], [ -61.835563658999888, -23.127645491999829 ], [ -61.847450255999945, -23.118549346999941 ], [ -61.850112914999954, -23.112037657999906 ], [ -61.851516723999964, -23.10834693899983 ], [ -61.853549956999984, -23.103008269999975 ], [ -61.865375517999894, -23.100814818999936 ], [ -61.864425658999835, -23.098112104999871 ], [ -61.863067626999907, -23.094247818999975 ], [ -61.86317825299983, -23.093433380999898 ], [ -61.862491607999857, -23.091480253999976 ], [ -61.863159178999922, -23.086622238999894 ], [ -61.870044708999956, -23.084072111999944 ], [ -61.88273620699988, -23.083724975999814 ], [ -61.892902372999913, -23.081172943999945 ], [ -61.90338897699985, -23.075956343999962 ], [ -61.909008024999878, -23.071910856999921 ], [ -61.910591124999883, -23.070451735999882 ], [ -61.927314757999909, -23.070661543999961 ], [ -61.93708419799998, -23.065929411999889 ], [ -61.94244766199995, -23.054409026999906 ], [ -61.95406341599994, -23.048559187999956 ], [ -61.959289550999983, -23.04270362799997 ], [ -61.974742889999959, -23.026977538999972 ], [ -61.984649656999977, -23.023910522999927 ], [ -61.989246367999897, -23.020784378999906 ], [ -61.999427794999974, -22.998189924999963 ], [ -62.005767821999882, -22.992544172999942 ], [ -62.00690078699995, -22.984273910999889 ], [ -62.007083892999958, -22.982946395999932 ], [ -62.003211974999886, -22.975561141999947 ], [ -62.00219726499995, -22.973627088999876 ], [ -62.005966185999966, -22.966541289999952 ], [ -62.006164550999927, -22.966169356999899 ], [ -62.003944396999941, -22.959276198999873 ], [ -62.003253936999897, -22.957134245999953 ], [ -62.005661011999848, -22.944583892999958 ], [ -62.011592864999841, -22.930297850999921 ], [ -62.016689300999985, -22.926084518999915 ], [ -62.022953033999897, -22.923971174999963 ], [ -62.03623580999988, -22.925624846999881 ], [ -62.037647247999985, -22.923398970999926 ], [ -62.038089751999905, -22.922702787999981 ], [ -62.036716461999958, -22.919900893999966 ], [ -62.034156799999948, -22.917339323999954 ], [ -62.03386306799996, -22.917043684999896 ], [ -62.033500670999899, -22.913820266999835 ], [ -62.040847777999943, -22.891809462999959 ], [ -62.039478301999964, -22.881763456999977 ], [ -62.043266295999956, -22.872234344999981 ], [ -62.050956726999971, -22.86442375199988 ], [ -62.054248808999944, -22.862222670999927 ], [ -62.059387206999929, -22.856632231999924 ], [ -62.06440353399995, -22.847366332999854 ], [ -62.073474883999893, -22.849920271999963 ], [ -62.076305389999959, -22.846788405999973 ], [ -62.079120635999914, -22.832599639999898 ], [ -62.080474852999885, -22.825794218999931 ], [ -62.087192534999986, -22.817266464999932 ], [ -62.08970641999997, -22.816190718999906 ], [ -62.103977203999932, -22.818662642999982 ], [ -62.106704711999896, -22.818508147999978 ], [ -62.111446380999837, -22.809923170999923 ], [ -62.114852905999953, -22.796707153999876 ], [ -62.117431641999985, -22.793567656999983 ], [ -62.125663757999973, -22.791505812999901 ], [ -62.135719298999902, -22.78674125699996 ], [ -62.140316008999946, -22.774936675999982 ], [ -62.138439178999988, -22.764326095999934 ], [ -62.141513824999947, -22.761201857999879 ], [ -62.155429839999897, -22.759298323999872 ], [ -62.161521910999909, -22.754648207999878 ], [ -62.164569854999968, -22.747148513999832 ], [ -62.161277770999959, -22.736957548999953 ], [ -62.161502836999944, -22.736658094999939 ], [ -62.160709381999936, -22.734199524999838 ], [ -62.180358885999908, -22.708126067999956 ], [ -62.186321257999964, -22.707374572999981 ], [ -62.195228576999966, -22.714740752999887 ], [ -62.198696136999956, -22.714605331999962 ], [ -62.201316832999908, -22.710088729999939 ], [ -62.202705382999966, -22.688837051999883 ], [ -62.202796936999903, -22.687408446999882 ], [ -62.199626922999983, -22.681047438999826 ], [ -62.198852539999962, -22.679494856999952 ], [ -62.200992584999824, -22.666929244999892 ], [ -62.200534820999962, -22.657192228999918 ], [ -62.200408934999928, -22.654521940999871 ], [ -62.191806791999966, -22.652902602999916 ], [ -62.19028091499996, -22.650810241999977 ], [ -62.188732147999872, -22.648685454999963 ], [ -62.20034789999994, -22.641206741999952 ], [ -62.213329314999953, -22.629629134999902 ], [ -62.223564147999923, -22.618900298999961 ], [ -62.22879791299988, -22.617668151999965 ], [ -62.233371734999878, -22.621469496999964 ], [ -62.238765716999865, -22.622764587999939 ], [ -62.240882873999965, -22.61088561899993 ], [ -62.249908446999882, -22.607004164999921 ], [ -62.252307891999976, -22.601562499999886 ], [ -62.264995573999954, -22.596000670999956 ], [ -62.266593933999957, -22.595298765999871 ], [ -62.260360716999969, -22.589387893999969 ], [ -62.246417998999902, -22.584871291999889 ], [ -62.242435454999907, -22.578102111999897 ], [ -62.236640929999908, -22.558662413999855 ], [ -62.23495483399995, -22.554561614999841 ], [ -62.235244749999936, -22.545522688999881 ], [ -62.239955902999952, -22.537389754999936 ], [ -62.243038177999949, -22.535547255999973 ], [ -62.248771666999971, -22.532123565999939 ], [ -62.252033233999839, -22.530605316999925 ], [ -62.254344939999953, -22.520111082999904 ], [ -62.256729126999971, -22.515125273999956 ], [ -62.266090392999956, -22.508268354999871 ], [ -62.270053863999976, -22.507919310999966 ], [ -62.273418425999978, -22.510765074999938 ], [ -62.280021667999961, -22.52058982799997 ], [ -62.283454893999988, -22.521371841999951 ], [ -62.285575865999874, -22.516839981999965 ], [ -62.28576660199991, -22.503070831999878 ], [ -62.28490829499998, -22.491340636999837 ], [ -62.287288665999938, -22.486354827999946 ], [ -62.297283171999879, -22.482725142999925 ], [ -62.325492858999951, -22.480970382999942 ], [ -62.333316802999889, -22.475673674999939 ], [ -62.332328796999946, -22.473211287999959 ], [ -62.332752226999901, -22.472925185999884 ], [ -62.330619811999952, -22.467599868999969 ], [ -62.329776764999906, -22.465497970999877 ], [ -62.330844879999916, -22.462999343999911 ], [ -62.344058990999883, -22.45885085999987 ], [ -62.346309661999953, -22.458139418999963 ], [ -62.354656219999981, -22.455741881999927 ], [ -62.357608795999965, -22.454896926999936 ], [ -62.367485046999889, -22.452056883999944 ], [ -62.375679015999935, -22.466281889999834 ], [ -62.378368376999958, -22.467041015999939 ], [ -62.383071899999948, -22.458904266999923 ], [ -62.383682250999982, -22.455249785999968 ], [ -62.389530181999987, -22.449899672999891 ], [ -62.412113189999957, -22.438333510999939 ], [ -62.420700072999978, -22.432136534999927 ], [ -62.42496108999984, -22.422149656999977 ], [ -62.430900572999917, -22.41381072899992 ], [ -62.437820434999878, -22.413541793999968 ], [ -62.445629120999911, -22.416498184999966 ], [ -62.450801848999959, -22.416639326999928 ], [ -62.452434539999956, -22.41568756199996 ], [ -62.452228544999969, -22.415281295999932 ], [ -62.44358062699996, -22.407470701999898 ], [ -62.443611143999988, -22.40655136099997 ], [ -62.444660185999965, -22.406200407999961 ], [ -62.443023680999886, -22.404724120999958 ], [ -62.443050384999879, -22.403810500999953 ], [ -62.448040008999897, -22.402099609999937 ], [ -62.457408904999966, -22.402582167999924 ], [ -62.461650848999966, -22.401086807999832 ], [ -62.462917327999946, -22.389047622999954 ], [ -62.456901548999895, -22.375913620999938 ], [ -62.457099913999969, -22.374820708999948 ], [ -62.456340789999956, -22.373168944999975 ], [ -62.45753097599993, -22.36654090899998 ], [ -62.462551115999986, -22.363918303999981 ], [ -62.471809387999883, -22.367612838999946 ], [ -62.485309599999937, -22.378065108999976 ], [ -62.496688842999902, -22.377218246999973 ], [ -62.507141112999818, -22.374280928999951 ], [ -62.517280577999941, -22.373624800999949 ], [ -62.525520324999945, -22.370399474999942 ], [ -62.530811309999933, -22.366863250999927 ], [ -62.534812926999848, -22.348831176999909 ], [ -62.545108794999976, -22.343931196999961 ], [ -62.542530058999944, -22.335235594999972 ], [ -62.540542602999892, -22.327608106999946 ], [ -62.540710448999846, -22.327671049999879 ], [ -62.539978026999904, -22.324859618999881 ], [ -62.561470031999932, -22.332309722999923 ], [ -62.566219328999978, -22.330133437999962 ], [ -62.570739745999958, -22.319229124999879 ], [ -62.571159362999879, -22.313503265999941 ], [ -62.575000762999935, -22.309009550999917 ], [ -62.579700470999853, -22.308441161999895 ], [ -62.590778349999937, -22.317449568999962 ], [ -62.595264434999933, -22.315961836999975 ], [ -62.605213165999942, -22.304967878999946 ], [ -62.617202757999962, -22.299995422999928 ], [ -62.620391844999858, -22.300537108999947 ], [ -62.622085571999946, -22.301605223999957 ], [ -62.625720976999901, -22.303888320999931 ], [ -62.632656096999938, -22.302917479999905 ], [ -62.635658262999925, -22.301387785999907 ], [ -62.63578033399989, -22.2972774509999 ], [ -62.632373808999944, -22.292324065999935 ], [ -62.631389617999957, -22.292301177999946 ], [ -62.621818541999971, -22.282413481999924 ], [ -62.621990204999918, -22.280420302999914 ], [ -62.621261595999954, -22.27966880799994 ], [ -62.621639250999863, -22.275320051999927 ], [ -62.635459898999954, -22.26671028099986 ], [ -62.635509490999937, -22.264820097999973 ], [ -62.629459379999957, -22.257581710999943 ], [ -62.629463194999914, -22.255508422999981 ], [ -62.628898620999905, -22.254840849999937 ], [ -62.628917694999984, -22.246112822999919 ], [ -62.637886046999938, -22.24290084799992 ], [ -62.642415670999924, -22.242894843999977 ], [ -62.641420363999885, -22.24024498499989 ], [ -62.639834757999893, -22.235112683999887 ], [ -62.638051508999979, -22.229671123999879 ], [ -62.636689561999901, -22.225650115999883 ], [ -62.635153745999901, -22.220609398999898 ], [ -62.633668859999887, -22.216783259999886 ], [ -62.632182789999945, -22.211914349999972 ], [ -62.630820094999933, -22.206999504999942 ], [ -62.629668668999955, -22.203333505999922 ], [ -62.62859115699996, -22.199552861999962 ], [ -62.627248086999941, -22.194912400999954 ], [ -62.625694506999935, -22.189838296999937 ], [ -62.624715982999987, -22.18617213899995 ], [ -62.62348874199995, -22.183070588999897 ], [ -62.622717645999899, -22.179505889999916 ], [ -62.621124472999895, -22.174979135999934 ], [ -62.620283198999914, -22.17269958199995 ], [ -62.619456742999944, -22.170158976999971 ], [ -62.565356214999952, -22.003645732999928 ], [ -62.511526507999918, -21.83757032799997 ], [ -62.457366123999975, -21.670079518999898 ], [ -62.456128297999953, -21.666242602999944 ], [ -62.403721447999885, -21.503795950999972 ], [ -62.35041483599997, -21.338181371999951 ], [ -62.315099404999899, -21.228212707999944 ], [ -62.296451489999981, -21.170144996999909 ], [ -62.260665158999927, -21.058500006999964 ], [ -62.261239565999972, -21.003673042999935 ], [ -62.26134690799995, -20.992515082999944 ], [ -62.262839980999956, -20.837157930999979 ], [ -62.26284014099997, -20.837145 ], [ -62.263974057999974, -20.745360115999972 ], [ -62.264054871999917, -20.738818651999964 ], [ -62.26489743399992, -20.670439825999892 ], [ -62.264897688999952, -20.670419109999955 ], [ -62.264959680999937, -20.66692432799988 ], [ -62.265064391999942, -20.651405017999934 ], [ -62.265612964999946, -20.630518696999957 ], [ -62.265929736999965, -20.611373992999972 ], [ -62.266075993999891, -20.606630955999833 ], [ -62.266146608999975, -20.600126088999957 ], [ -62.266325139999935, -20.583675030999927 ], [ -62.266360635999945, -20.583013810999887 ], [ -62.266377406999879, -20.581598336999946 ], [ -62.266389443999913, -20.58095867399993 ], [ -62.26639024699989, -20.580921577999902 ], [ -62.266612794999901, -20.565410116999885 ], [ -62.266645604999951, -20.562743267999963 ], [ -62.26451026899997, -20.559847793999836 ], [ -62.261795735999954, -20.556233049999889 ], [ -62.254078088999904, -20.545702056999914 ], [ -62.246147841999971, -20.534363330999952 ], [ -62.240590422999958, -20.526667114999896 ], [ -62.229002449999939, -20.510812858999941 ], [ -62.223812435999946, -20.50379335699995 ], [ -62.205648923999888, -20.479221063999944 ], [ -62.191836405999936, -20.462522894999893 ], [ -62.179371293999907, -20.442616376999922 ], [ -62.17719270799995, -20.439136664999978 ], [ -62.166222598999923, -20.424142679999875 ], [ -62.15583060899985, -20.409795553999857 ], [ -62.140782957999932, -20.389156410999931 ], [ -62.124188756999956, -20.366147136999871 ], [ -62.115281663999895, -20.353772698999819 ], [ -62.099585100999946, -20.332089551999957 ], [ -62.082394693999959, -20.30833367799994 ], [ -62.063467621999962, -20.28233884399998 ], [ -62.044877403999919, -20.256726975999982 ], [ -62.028089364999971, -20.233247784999833 ], [ -61.999235138999893, -20.193263314999967 ], [ -61.998386596999978, -20.192087455999911 ], [ -61.982377135999968, -20.170183135999878 ], [ -61.982221199999856, -20.170309132999932 ], [ -61.98132555799998, -20.169207276999884 ], [ -61.978815567999959, -20.16561545999997 ], [ -61.97624913899989, -20.162220954999952 ], [ -61.973640607999982, -20.158799172999977 ], [ -61.972134687999983, -20.156661489999919 ], [ -61.971591883999963, -20.155853289999925 ], [ -61.969692140999939, -20.153378998999926 ], [ -61.968140087999984, -20.151269781999872 ], [ -61.966044502999978, -20.148475805999965 ], [ -61.961269844999947, -20.142019953999977 ], [ -61.951412353999956, -20.128540495999971 ], [ -61.944329928999878, -20.119051829999933 ], [ -61.944270790999951, -20.118972588999952 ], [ -61.939306632999944, -20.112202741999965 ], [ -61.929323353999905, -20.098791020999954 ], [ -61.927605012999948, -20.096512131999873 ], [ -61.923500983999986, -20.091069307999931 ], [ -61.922404906999986, -20.089239512999882 ], [ -61.918728345999909, -20.080528172999948 ], [ -61.9141231669999, -20.069604270999832 ], [ -61.910139841999921, -20.060249465999959 ], [ -61.90901446099997, -20.05762259699992 ], [ -61.905938521999929, -20.050442728999883 ], [ -61.901333900999987, -20.039678779999917 ], [ -61.89432484699995, -20.023023774999899 ], [ -61.890409384999884, -20.013684237999939 ], [ -61.884137554999938, -19.9985651369999 ], [ -61.87385243499989, -19.973771453999973 ], [ -61.864708617999952, -19.951637133999895 ], [ -61.848784450999915, -19.91297214399998 ], [ -61.843909525999891, -19.901108319999878 ], [ -61.832847880999907, -19.874188230999948 ], [ -61.822015563999912, -19.847189899999876 ], [ -61.817752809999888, -19.837090663999959 ], [ -61.818023493999988, -19.837371627999914 ], [ -61.816025563999972, -19.83115454599988 ], [ -61.800323486999844, -19.79303148799994 ], [ -61.787052965999976, -19.761493012999892 ], [ -61.772572102999959, -19.725633989999949 ], [ -61.757308058999911, -19.689136951999956 ], [ -61.749513886999921, -19.670171075999974 ], [ -61.746825670999897, -19.663683911999954 ], [ -61.746163242999899, -19.662132148999888 ], [ -61.745541873999912, -19.660645967999926 ], [ -61.745210323999913, -19.65985440999998 ], [ -61.74406941999996, -19.657181039999955 ], [ -61.743238994999956, -19.655190852999965 ], [ -61.742131167999958, -19.652617868999869 ], [ -61.741607968999858, -19.651268225999843 ], [ -61.740552750999939, -19.648411423999903 ], [ -61.739350618999936, -19.645030505999955 ], [ -61.738102243999947, -19.641513673999839 ], [ -61.736258372999885, -19.636512947999961 ], [ -61.735471104999931, -19.63417819599988 ], [ -61.72316148099992, -19.632296635999978 ], [ -61.70885955499989, -19.630123989999959 ], [ -61.707654013999957, -19.629940852999937 ], [ -61.69872368699987, -19.628616459999932 ], [ -61.681765411999947, -19.625988423999843 ], [ -61.659828127999958, -19.622619076999968 ], [ -61.638611168999944, -19.619443455999942 ], [ -61.596623174999934, -19.613107415999878 ], [ -61.539711763999946, -19.60456050199997 ], [ -61.501336818999903, -19.598594596999874 ], [ -61.501621748999867, -19.598478739999905 ], [ -61.481024343999934, -19.595111877999955 ], [ -61.458143836999966, -19.591508651999959 ], [ -61.447570616999883, -19.589843579999979 ], [ -61.423521780999977, -19.586039986999936 ], [ -61.398753867999972, -19.582178007999971 ], [ -61.380609606999883, -19.579331160999971 ], [ -61.364862347999917, -19.576823891999879 ], [ -61.345851884999945, -19.573793413999965 ], [ -61.328691349999986, -19.571206164999978 ], [ -61.308245494999937, -19.567946789999837 ], [ -61.30098395999994, -19.566789192999977 ], [ -61.291233420999845, -19.565147193999906 ], [ -61.282566994999968, -19.563545541999929 ], [ -61.272526341999935, -19.562032700999964 ], [ -61.268106672999977, -19.561366781999936 ], [ -61.253861949999987, -19.55918897499987 ], [ -61.244796515999894, -19.557958342999939 ], [ -61.224800911999864, -19.554906064999955 ], [ -61.207087154999897, -19.552184773999954 ], [ -61.194501438999851, -19.550345327999935 ], [ -61.169749618999901, -19.546545690999949 ], [ -61.162405645999968, -19.545410068999956 ], [ -61.131953428999907, -19.540661869999951 ], [ -61.122205559999941, -19.539132486999961 ], [ -61.105053210999984, -19.536219204999952 ], [ -61.090087568999934, -19.533980390999886 ], [ -61.07780880699994, -19.531932200999904 ], [ -61.06773650599996, -19.530291850999959 ], [ -61.065827275999879, -19.529980854999906 ], [ -61.053924287999848, -19.528026101999899 ], [ -61.042802146999918, -19.526128416999939 ], [ -61.025837775999946, -19.523313729999927 ], [ -61.015078525999968, -19.521614916999965 ], [ -61.001270965999879, -19.519239525999978 ], [ -60.900644530999898, -19.503680232999898 ], [ -60.882623123999963, -19.500776879999933 ], [ -60.869249199999899, -19.498624411999913 ], [ -60.8501227349999, -19.4955625099999 ], [ -60.836225797999987, -19.493293377999976 ], [ -60.829987091999953, -19.492273474999877 ], [ -60.813804123999944, -19.489685556999916 ], [ -60.775609501999952, -19.483456608999916 ], [ -60.758678258999964, -19.48075537599982 ], [ -60.741843640999946, -19.47771535999982 ], [ -60.735644907999983, -19.476753046999931 ], [ -60.721949824999967, -19.474538636999966 ], [ -60.694231644999832, -19.470067658999938 ], [ -60.670144721999918, -19.466263095999921 ], [ -60.667940761999944, -19.465881920999948 ], [ -60.664380758999982, -19.46530842899989 ], [ -60.656744592999985, -19.464084467999953 ], [ -60.645710636999922, -19.462300355999957 ], [ -60.639001393999933, -19.46124244899994 ], [ -60.632888734999881, -19.460259977999897 ], [ -60.618731777999926, -19.457959029999927 ], [ -60.61215832299996, -19.456909185999962 ], [ -60.60695291299993, -19.45607999099991 ], [ -60.604168053999842, -19.455941796999923 ], [ -60.600998481999966, -19.455933679999873 ], [ -60.593714938999938, -19.454147036999927 ], [ -60.588535056999888, -19.452810639999939 ], [ -60.579079594999939, -19.450411548999966 ], [ -60.570778305999909, -19.448255525999969 ], [ -60.556702149999921, -19.444652442999939 ], [ -60.55131533399998, -19.443267068999887 ], [ -60.541676420999977, -19.440797416999942 ], [ -60.529621001999942, -19.437663124999915 ], [ -60.517930662999959, -19.434634101999961 ], [ -60.51307427099988, -19.433415775999947 ], [ -60.502695532999894, -19.430692840999825 ], [ -60.462508411999977, -19.420383483999899 ], [ -60.430157924999889, -19.412008232999881 ], [ -60.399549749999835, -19.404216342999916 ], [ -60.389887814999952, -19.401721017999876 ], [ -60.34570268799996, -19.390302288999919 ], [ -60.300701121999964, -19.378551005999896 ], [ -60.275416462999885, -19.371979727999928 ], [ -60.247022764999826, -19.36480509099988 ], [ -60.201439681999886, -19.353371498999934 ], [ -60.1767514309999, -19.346739725999953 ], [ -60.142394515999911, -19.338085583999941 ], [ -60.117231774999937, -19.331516283999974 ], [ -60.095529265999971, -19.325729883999941 ], [ -60.055506580999975, -19.315114288999894 ], [ -60.032864851999932, -19.309549375999893 ], [ -60.002021474999935, -19.301443618999883 ], [ -59.976918299999966, -19.295172724999929 ], [ -59.932762498999921, -19.298830672999884 ], [ -59.883842898999944, -19.300118753999982 ], [ -59.712967780999861, -19.308990851999965 ], [ -59.645691137999847, -19.312483958999962 ], [ -59.536134125999979, -19.320315679999965 ], [ -59.249743714999909, -19.340788396999926 ], [ -59.151553490999959, -19.343239050999955 ], [ -59.135184006999907, -19.343578523999952 ], [ -59.114492127999938, -19.344007635999958 ], [ -59.099570379999932, -19.34943319599995 ], [ -59.098951116999956, -19.349767760999953 ], [ -59.098345248999919, -19.35006941599994 ], [ -59.091738449999866, -19.353583305999962 ], [ -59.0881590219999, -19.355435945999943 ], [ -59.084469656999829, -19.357368539999982 ], [ -59.08072409499988, -19.359249206999891 ], [ -59.070102061999876, -19.364766632999874 ], [ -59.065634092999915, -19.367087439999978 ], [ -59.054232437999985, -19.372966316999964 ], [ -59.050432674999911, -19.37500455299994 ], [ -59.03511913199992, -19.382948024999905 ], [ -59.0121478719999, -19.395018529999959 ], [ -59.008318642999882, -19.39700377999992 ], [ -59.000660555999957, -19.401026554999873 ], [ -58.999644350999915, -19.401540481999859 ], [ -58.999649786999896, -19.402359255999841 ], [ -58.998329986999977, -19.403114081999945 ], [ -58.972584592999965, -19.417122045999974 ], [ -58.970494104999943, -19.41830169799988 ], [ -58.968347940999934, -19.419429640999965 ], [ -58.966202374999853, -19.42060984799997 ], [ -58.961746560999927, -19.423011189999897 ], [ -58.957401110999854, -19.425450465999916 ], [ -58.955364795999856, -19.426577085999895 ], [ -58.943908216999887, -19.432622272999936 ], [ -58.936471737999909, -19.436649882999859 ], [ -58.925315370999897, -19.442612364999889 ], [ -58.923524683999972, -19.443605321999883 ], [ -58.919887897999899, -19.445565613999918 ], [ -58.898391832999891, -19.457008861999952 ], [ -58.894686232999959, -19.459021711999924 ], [ -58.893185234999976, -19.459784505999892 ], [ -58.891489352999884, -19.46068140899996 ], [ -58.882353918999854, -19.465580962999979 ], [ -58.878346097999952, -19.467675063999877 ], [ -58.874092304999976, -19.469928510999978 ], [ -58.867623583999887, -19.473453222999865 ], [ -58.860742948999984, -19.477086553999925 ], [ -58.856161059999977, -19.479578299999957 ], [ -58.851509470999929, -19.482005296999944 ], [ -58.846858180999959, -19.484471393999968 ], [ -58.837555743999872, -19.489455539999881 ], [ -58.835202082999899, -19.490662579999935 ], [ -58.828169268999943, -19.49436166799984 ], [ -58.825829653999961, -19.495607665999898 ], [ -58.823490586999981, -19.496905925999954 ], [ -58.811708486999976, -19.503070841999943 ], [ -58.810174659999916, -19.503776489999893 ], [ -58.751244461999931, -19.532891436999932 ], [ -58.750684107999916, -19.533133531999908 ], [ -58.750638118999916, -19.533163246999891 ], [ -58.744267252999862, -19.536388301999921 ], [ -58.640578025999844, -19.586381850999885 ], [ -58.501757678999979, -19.650403618999974 ], [ -58.501127549999978, -19.650166921999926 ], [ -58.459902919999934, -19.670241043999965 ], [ -58.459169521999968, -19.670278122999946 ], [ -58.458636348999903, -19.67060791199998 ], [ -58.458063037999921, -19.670962285999963 ], [ -58.457662760999938, -19.671205331999943 ], [ -58.456611667999823, -19.671653498999945 ], [ -58.456243740999923, -19.671866310999974 ], [ -58.455593115999932, -19.672091404999946 ], [ -58.455257369999856, -19.672254001999931 ], [ -58.452901872999917, -19.673411346999842 ], [ -58.450318113999913, -19.674592207999922 ], [ -58.447734315999924, -19.675773033999917 ], [ -58.445151014999965, -19.677013820999946 ], [ -58.442241619999947, -19.67828719399995 ], [ -58.439333159999876, -19.679670512999905 ], [ -58.43639183099998, -19.681034046999912 ], [ -58.433450446999984, -19.682397535999939 ], [ -58.430509102999963, -19.683770979999906 ], [ -58.427568325999914, -19.685214374999873 ], [ -58.424616617999845, -19.686657810999918 ], [ -58.421610462999979, -19.688101631999928 ], [ -58.418593376999922, -19.689545491999922 ], [ -58.415304884999955, -19.691061444999946 ], [ -58.412287944999946, -19.692535207999867 ], [ -58.409151100999907, -19.693989861999967 ], [ -58.406057713999928, -19.695444121999856 ], [ -58.402975151999954, -19.696898247999911 ], [ -58.399914722999881, -19.69840214899989 ], [ -58.396766411999977, -19.699816687999885 ], [ -58.39361821499989, -19.701251168999931 ], [ -58.390459431999943, -19.702725685999951 ], [ -58.387322603999905, -19.704229974999976 ], [ -58.384185714999887, -19.705734212999914 ], [ -58.381048849999956, -19.70724839899998 ], [ -58.377845874999878, -19.708673037999915 ], [ -58.374664854999935, -19.710127457999818 ], [ -58.371473489999971, -19.71165190499994 ], [ -58.368282398999895, -19.713216293999949 ], [ -58.365036337999982, -19.714721045999909 ], [ -58.361790380999821, -19.71624574599997 ], [ -58.35853372999992, -19.717800464999982 ], [ -58.35527701299992, -19.71935512899995 ], [ -58.351998468999909, -19.720909902999949 ], [ -58.348719858999971, -19.722464618999879 ], [ -58.345441180999956, -19.724019278999947 ], [ -58.342118913999968, -19.725574206999966 ], [ -58.338796577999972, -19.727129078999951 ], [ -58.335474175999934, -19.728683892999982 ], [ -58.332151706999923, -19.730238647999897 ], [ -58.328829168999903, -19.731793343999925 ], [ -58.325506564999898, -19.733347981999941 ], [ -58.322183892999988, -19.734902561999888 ], [ -58.318861153999933, -19.736457084999927 ], [ -58.315538349999883, -19.738011547999918 ], [ -58.31219395599993, -19.739596116999905 ], [ -58.308838778999984, -19.741200707999894 ], [ -58.305483777999939, -19.742835234999973 ], [ -58.302128705999962, -19.744469701999947 ], [ -58.298707051999941, -19.745954592999965 ], [ -58.295275170999901, -19.747529492999888 ], [ -58.291843539999945, -19.749144326999897 ], [ -58.288444491999883, -19.75075886399992 ], [ -58.285046091999902, -19.752463341999885 ], [ -58.281581518999872, -19.754068230999906 ], [ -58.278116872999988, -19.7556730579999 ], [ -58.274652156999935, -19.757277819999899 ], [ -58.271187367999971, -19.758882518999883 ], [ -58.267722663999905, -19.760507149999853 ], [ -58.26424754999988, -19.762201791999928 ], [ -58.260728429999915, -19.763846679999858 ], [ -58.257209233999902, -19.765491504999943 ], [ -58.253689963999932, -19.767136261999894 ], [ -58.251406925999959, -19.768192281999973 ], [ -58.251125274999936, -19.768002833999901 ], [ -58.249298930999885, -19.768919800999925 ], [ -58.248192523999933, -19.769424020999907 ], [ -58.245201085999952, -19.770820319999871 ], [ -58.241947779999975, -19.772365994999973 ], [ -58.238694511999938, -19.77392502899994 ], [ -58.23544117799986, -19.775484008999968 ], [ -58.234082784999885, -19.776479690999906 ], [ -58.232615583999916, -19.777576754999927 ], [ -58.2297170679999, -19.779696796999815 ], [ -58.226774649999982, -19.781817093999905 ], [ -58.22386167399992, -19.783977404999973 ], [ -58.220919401999936, -19.786137873999849 ], [ -58.217962540999963, -19.788311811999961 ], [ -58.21500539199991, -19.790458862999969 ], [ -58.212048161999917, -19.792605869999875 ], [ -58.209076239999945, -19.794752928999969 ], [ -58.206104640999911, -19.796953618999908 ], [ -58.203001653999877, -19.799181990999898 ], [ -58.199899281999933, -19.801504236999904 ], [ -58.196795815999963, -19.803692248999937 ], [ -58.19366374599997, -19.805974331999948 ], [ -58.190473828999984, -19.808350689999941 ], [ -58.187239376999969, -19.810646776999931 ], [ -58.18409300899998, -19.813009320999981 ], [ -58.18094565399997, -19.815251042999932 ], [ -58.177755163999961, -19.81760035699989 ], [ -58.174491507999846, -19.819950097999879 ], [ -58.171242565999876, -19.822326519999876 ], [ -58.168037661999904, -19.824742860999947 ], [ -58.164758995999875, -19.827079106999918 ], [ -58.164404113999922, -19.827517547999946 ], [ -58.165491763999853, -19.828355862999956 ], [ -58.166095268999982, -19.82894236899989 ], [ -58.166691331999971, -19.829508789999863 ], [ -58.167120057999909, -19.830176956999878 ], [ -58.167416860999879, -19.830792297999835 ], [ -58.16783529199995, -19.831331044999899 ], [ -58.169625670999949, -19.832606512999917 ], [ -58.170830607999903, -19.833294012999886 ], [ -58.171780828999829, -19.833693423999875 ], [ -58.172888923999949, -19.834091801999875 ], [ -58.173870515999965, -19.834462016999964 ], [ -58.174347339999883, -19.834893511999951 ], [ -58.174794713999972, -19.835614942999882 ], [ -58.174798546999853, -19.836136469999872 ], [ -58.174590363999926, -19.837011359999963 ], [ -58.176018650999879, -19.841241966999974 ], [ -58.17811549399994, -19.844561759999863 ], [ -58.182903558999953, -19.847471503999827 ], [ -58.187894652999944, -19.849791472999925 ], [ -58.19206571899997, -19.853293345999873 ], [ -58.195211024999935, -19.858174653999981 ], [ -58.197521631999962, -19.862277128999949 ], [ -58.201893107999979, -19.864796928999908 ], [ -58.202131392999888, -19.868913292999878 ], [ -58.203832394999949, -19.874588527999947 ], [ -58.204069278999839, -19.878508797999871 ], [ -58.203676944999984, -19.881452851999939 ], [ -58.205145666999897, -19.883796041999915 ], [ -58.204756309999937, -19.887132262999899 ], [ -58.204384732999983, -19.892821481999817 ], [ -58.204836395999962, -19.897720755999899 ], [ -58.202384370999937, -19.902443571999981 ], [ -58.200332036999953, -19.905202732999896 ], [ -58.199747067999965, -19.91010900699996 ], [ -58.198318024999935, -19.91306003699998 ], [ -58.198374151999985, -19.920511194999904 ], [ -58.197165618999975, -19.925225565999881 ], [ -58.19594374199994, -19.92817518499993 ], [ -58.199289238999938, -19.931878407999932 ], [ -58.200346679999939, -19.934616564999942 ], [ -58.202032138999925, -19.93813483699995 ], [ -58.204542631999914, -19.941059216999975 ], [ -58.207469421999974, -19.944176821999918 ], [ -58.211239231999969, -19.949053448999905 ], [ -58.213123475999964, -19.951393685999847 ], [ -58.21314145599996, -19.953746660999911 ], [ -58.210051839999949, -19.956513023999946 ], [ -58.204886857999895, -19.959097343999872 ], [ -58.203737865999926, -19.95986948399991 ], [ -58.200760088999857, -19.961870593999947 ], [ -58.197239052999919, -19.962482653999928 ], [ -58.194323899999972, -19.960933553999951 ], [ -58.192047137999964, -19.961537134999958 ], [ -58.190408681999941, -19.964293425999927 ], [ -58.187736166999969, -19.967448809999894 ], [ -58.186637996999877, -19.969271830999901 ], [ -58.185482729999933, -19.971189637999942 ], [ -58.182858274999944, -19.980815691999908 ], [ -58.181868026999894, -19.987097256999959 ], [ -58.17982161499998, -19.99083664099993 ], [ -58.177601213999935, -19.99908728999992 ], [ -58.176486823999937, -20.004774716999975 ], [ -58.17748381399997, -20.010015915999929 ], [ -58.177417112999876, -20.013587808999944 ], [ -58.176169441999946, -20.016507041999944 ], [ -58.174296188999961, -20.018576676999942 ], [ -58.173670003999973, -20.021554058999982 ], [ -58.174648753999975, -20.025573083999973 ], [ -58.175089157999935, -20.028361022999889 ], [ -58.173571913999979, -20.031002362999971 ], [ -58.171153702999902, -20.033047332999956 ], [ -58.167858309999986, -20.035901146999947 ], [ -58.165006462999941, -20.038023918999954 ], [ -58.162974126999984, -20.039704226999902 ], [ -58.161715294999851, -20.040485691999891 ], [ -58.159217056999978, -20.041377208999961 ], [ -58.156785939999907, -20.043864094999947 ], [ -58.158527515999879, -20.046485353999913 ], [ -58.161733331999983, -20.049013801999877 ], [ -58.163857789999838, -20.049571756999853 ], [ -58.166186499999981, -20.050137804999963 ], [ -58.16684522699984, -20.050793101999943 ], [ -58.166397585999903, -20.051769375999982 ], [ -58.164924251999878, -20.053773649999982 ], [ -58.163350022999907, -20.056939514999897 ], [ -58.163369938999949, -20.059642304999898 ], [ -58.16456171499982, -20.063057728999979 ], [ -58.164873415999921, -20.065052775999902 ], [ -58.163416466999934, -20.067282015999979 ], [ -58.162512850999917, -20.068861560999949 ], [ -58.161117400999956, -20.070878001999972 ], [ -58.160406527999896, -20.073014619999924 ], [ -58.161907067999891, -20.074935579999874 ], [ -58.162099304999913, -20.076662540999962 ], [ -58.161444238999877, -20.077454632999945 ], [ -58.159657163999896, -20.077094516999978 ], [ -58.158072545999971, -20.075111585999878 ], [ -58.15481830199991, -20.075306659999853 ], [ -58.152822618999835, -20.075426289999882 ], [ -58.153299415999925, -20.077291736999939 ], [ -58.15400150399995, -20.080038625999975 ], [ -58.154577279999955, -20.082786012999975 ], [ -58.154490388999875, -20.085295980999831 ], [ -58.153758261999883, -20.086760262999917 ], [ -58.15288168099994, -20.08870576299995 ], [ -58.151467228999934, -20.09052750799998 ], [ -58.149895184999821, -20.092302345999826 ], [ -58.144600055999945, -20.097837176999917 ], [ -58.143151718999889, -20.100879728999871 ], [ -58.142480499999976, -20.104507883999929 ], [ -58.141143622999948, -20.108374645999959 ], [ -58.140253838999854, -20.11109 ], [ -58.139248961999954, -20.113279828999907 ], [ -58.138556266999899, -20.114851750999946 ], [ -58.138462343999947, -20.115064887999893 ], [ -58.137422452999886, -20.117112684999881 ], [ -58.136942741999974, -20.118691511999941 ], [ -58.136554098999966, -20.120950221999976 ], [ -58.137613345999966, -20.124032651999926 ], [ -58.140054181999858, -20.126154633999818 ], [ -58.140717128999881, -20.126730977999898 ], [ -58.141962708999927, -20.128325344999837 ], [ -58.142408197999941, -20.130583930999933 ], [ -58.14242136699994, -20.130651251999893 ], [ -58.143001871999957, -20.133618903999945 ], [ -58.143383344999961, -20.136376959999893 ], [ -58.145441609999921, -20.139742207999973 ], [ -58.151711439999985, -20.142565151999975 ], [ -58.155676850999896, -20.143693160999931 ], [ -58.156761117999906, -20.144001593999974 ], [ -58.159357131999968, -20.145367055999884 ], [ -58.162296693999906, -20.148318956999958 ], [ -58.162446388999854, -20.148469279999972 ], [ -58.163915826999926, -20.149547852999945 ], [ -58.164299255999936, -20.149829291999879 ], [ -58.167215900999963, -20.152722635999908 ], [ -58.167540478999967, -20.153656156999944 ], [ -58.167591839999886, -20.153803876999916 ], [ -58.168789879999963, -20.157249571999841 ], [ -58.169495292999898, -20.161268652999922 ], [ -58.169829657999969, -20.165862961999949 ], [ -58.166147177999903, -20.163903916999914 ], [ -58.162684860999946, -20.160596095999949 ], [ -58.162464251999893, -20.161864599999944 ], [ -58.162433623999959, -20.162040709999928 ], [ -58.161617277999824, -20.166763305999893 ], [ -58.159919737999985, -20.174396513999966 ], [ -58.144172667999896, -20.176282882999942 ], [ -58.134483336999949, -20.179685591999885 ], [ -58.13111114599991, -20.181596755999919 ], [ -58.124404906999985, -20.185403822999888 ], [ -58.124279514999898, -20.188986616999955 ], [ -58.124195098999962, -20.191398620999962 ], [ -58.124134063999975, -20.193201064999982 ], [ -58.126068114999953, -20.197673797999926 ], [ -58.135620116999974, -20.203887938999912 ], [ -58.144794463999915, -20.207805632999964 ], [ -58.148017882999909, -20.209180831999902 ], [ -58.154697417999955, -20.212720869999885 ], [ -58.161426543999937, -20.222536086999924 ], [ -58.161441801999956, -20.224454879999882 ], [ -58.161442110999985, -20.224492595999891 ], [ -58.161514282999917, -20.23329353399987 ], [ -58.162513731999923, -20.23956107999993 ], [ -58.156021117999956, -20.255590438999889 ], [ -58.153182982999965, -20.261148451999873 ], [ -58.148628233999887, -20.262796401999879 ], [ -58.145595549999939, -20.263891219999891 ], [ -58.140842436999947, -20.263923644999977 ], [ -58.134124756999881, -20.255899428999896 ], [ -58.12458038199992, -20.250583648999964 ], [ -58.114685058999839, -20.247545241999944 ], [ -58.100811003999866, -20.249847411999895 ], [ -58.091339111999957, -20.254392622999831 ], [ -58.086647034999885, -20.262491224999962 ], [ -58.08670806799995, -20.2705631259999 ], [ -58.089656830999957, -20.283096312999874 ], [ -58.094230651999965, -20.303295134999928 ], [ -58.094909666999968, -20.306306837999898 ], [ -58.095664976999956, -20.309638976999906 ], [ -58.096210479999968, -20.321315765999884 ], [ -58.092437743999938, -20.341817854999931 ], [ -58.081504820999953, -20.369714736999924 ], [ -58.076782226999967, -20.376808166999922 ], [ -58.075241087999927, -20.378087996999966 ], [ -58.064579010999978, -20.386945723999929 ], [ -58.053840636999894, -20.393503188999887 ], [ -58.044803618999936, -20.397022246999938 ], [ -58.043510435999963, -20.397474287999842 ], [ -58.038889294999876, -20.399086917999966 ], [ -58.030944824999892, -20.401859282999908 ], [ -58.017749785999968, -20.409793852999883 ], [ -58.017258435999906, -20.410260827999878 ], [ -58.01336669899996, -20.413959502999944 ], [ -58.003658293999933, -20.423196792999875 ], [ -57.998992919999921, -20.430391311999813 ], [ -57.993526458999895, -20.445600509999963 ], [ -57.995185851999963, -20.448404311999923 ], [ -57.99736343099994, -20.45208293099995 ], [ -58.013824461999832, -20.479890821999959 ], [ -58.013832256999933, -20.480967804999977 ], [ -58.013858793999987, -20.484634398999958 ], [ -58.013938902999882, -20.495403288999853 ], [ -58.018249511999954, -20.510410308999951 ], [ -58.005512237999881, -20.539508817999888 ], [ -58.002719878999926, -20.550081252999973 ], [ -57.99980544999994, -20.561120985999935 ], [ -57.996509550999974, -20.569831848999911 ], [ -57.997228854999889, -20.57230475199998 ], [ -57.998229980999952, -20.575746535999883 ], [ -58.001056670999901, -20.578994750999982 ], [ -58.005420685999923, -20.583999632999962 ], [ -58.013065338999979, -20.596591947999912 ], [ -58.014804840999943, -20.605270384999983 ], [ -58.013117853999972, -20.608200898999939 ], [ -58.012359618999938, -20.609518050999952 ], [ -58.010242461999837, -20.61319732599992 ], [ -58.003437042999963, -20.622362135999879 ], [ -58.003173827999944, -20.622720717999982 ], [ -58.002567291999924, -20.623220442999923 ], [ -57.996913909999876, -20.627893446999963 ], [ -57.981369018999942, -20.635421752999889 ], [ -57.977474211999834, -20.638324735999902 ], [ -57.975973118999889, -20.63944554099993 ], [ -57.974334716999863, -20.640668868999967 ], [ -57.97222137499989, -20.648147583999901 ], [ -57.971874236999952, -20.649372100999983 ], [ -57.973484038999914, -20.652202605999946 ], [ -57.976123810999923, -20.656850813999938 ], [ -57.985031127999889, -20.669832229999884 ], [ -57.987171172999979, -20.675745009999901 ], [ -57.988933562999932, -20.687980650999918 ], [ -57.988578796999889, -20.688863753999897 ], [ -57.988452382999924, -20.689179083999875 ], [ -57.986869811999895, -20.693126678999931 ], [ -57.980926512999929, -20.698213576999933 ], [ -57.976295470999901, -20.70033073399992 ], [ -57.965957641999978, -20.701904295999952 ], [ -57.957935332999909, -20.699617385999886 ], [ -57.950305937999985, -20.688995360999968 ], [ -57.944351196999946, -20.677181243999883 ], [ -57.940937041999916, -20.669300079999914 ], [ -57.934616087999984, -20.665386198999897 ], [ -57.931334130999915, -20.665139082999872 ], [ -57.930740356999934, -20.66509437499991 ], [ -57.928466796999942, -20.664922714999932 ], [ -57.92541958299995, -20.664340545999892 ], [ -57.922286987999939, -20.663742064999951 ], [ -57.916755675999923, -20.66667938199987 ], [ -57.914821624999945, -20.667705534999982 ], [ -57.913494110999977, -20.669738767999945 ], [ -57.910495757999968, -20.674331665999944 ], [ -57.908241271999941, -20.677780149999876 ], [ -57.901168822999978, -20.687692641999888 ], [ -57.89741897499988, -20.692848205999894 ], [ -57.889472960999967, -20.698026655999968 ], [ -57.883636473999957, -20.704378128999963 ], [ -57.878444670999897, -20.71320915299998 ], [ -57.878305883999872, -20.713445932999832 ], [ -57.877815246999944, -20.714282989999901 ], [ -57.869922636999888, -20.728149412999869 ], [ -57.868686153999931, -20.73170466199997 ], [ -57.868270873999904, -20.732898712999884 ], [ -57.868391776999886, -20.73397649799989 ], [ -57.868560790999936, -20.735483168999963 ], [ -57.868713379999861, -20.736843109999938 ], [ -57.872100830999898, -20.740777968999907 ], [ -57.87841033899997, -20.742326736999871 ], [ -57.907596586999887, -20.744407653999929 ], [ -57.911361693999936, -20.744653700999947 ], [ -57.913701601999946, -20.744806893999908 ], [ -57.91497421299988, -20.744890211999973 ], [ -57.919788360999974, -20.746614455999918 ], [ -57.935604094999917, -20.752275465999958 ], [ -57.942867279999916, -20.756755827999939 ], [ -57.947280883999895, -20.762567519999948 ], [ -57.948707580999894, -20.764448165999966 ], [ -57.949367920999919, -20.764958699999909 ], [ -57.953777313999979, -20.768367766999972 ], [ -57.957672118999824, -20.776288985999827 ], [ -57.960166930999833, -20.781364440999937 ], [ -57.959781646999943, -20.786895750999918 ], [ -57.959343726999919, -20.787945546999822 ], [ -57.95812988299997, -20.79085540799997 ], [ -57.955207824999945, -20.793638228999839 ], [ -57.94976425099992, -20.796434401999932 ], [ -57.941516875999923, -20.79590034499995 ], [ -57.931613921999883, -20.794662474999939 ], [ -57.922832488999916, -20.790662764999922 ], [ -57.914413451999962, -20.788339614999927 ], [ -57.906324250999887, -20.788145758999974 ], [ -57.905436791999819, -20.788124490999962 ], [ -57.900962828999923, -20.78801727299998 ], [ -57.893409729999973, -20.789638518999936 ], [ -57.88209915199991, -20.794837949999874 ], [ -57.871650694999971, -20.803976057999876 ], [ -57.862483977999943, -20.817058563999979 ], [ -57.858871458999886, -20.824125289999927 ], [ -57.85458755499991, -20.832502364999982 ], [ -57.854614233999826, -20.836644308999951 ], [ -57.854625701999964, -20.838424682999914 ], [ -57.855918884999937, -20.843950271999972 ], [ -57.857326506999982, -20.845544813999823 ], [ -57.859733581999933, -20.848274230999948 ], [ -57.870780944999865, -20.852817534999929 ], [ -57.874904632999915, -20.854513168999972 ], [ -57.905273437999881, -20.870937345999891 ], [ -57.920055388999913, -20.881124495999927 ], [ -57.924285888999918, -20.885446547999948 ], [ -57.926425933999894, -20.890964506999978 ], [ -57.926334542999882, -20.891787501999943 ], [ -57.926059721999877, -20.894262313999889 ], [ -57.926029205999953, -20.894519805999892 ], [ -57.923313140999937, -20.898077010999941 ], [ -57.914287567999907, -20.899324415999956 ], [ -57.89953994699988, -20.898815154999909 ], [ -57.892623900999979, -20.902170181999963 ], [ -57.889049529999909, -20.904321669999888 ], [ -57.886689939999883, -20.908533843999976 ], [ -57.883918761999951, -20.913480756999945 ], [ -57.879094396999903, -20.922094311999956 ], [ -57.875358580999887, -20.928764342999898 ], [ -57.866966247999983, -20.938924788999941 ], [ -57.859039306999932, -20.94227981399996 ], [ -57.850208282999972, -20.942323683999973 ], [ -57.840930937999985, -20.938423155999885 ], [ -57.835315704999914, -20.934955595999952 ], [ -57.834051495999915, -20.93417511499996 ], [ -57.832504272999984, -20.933219909999877 ], [ -57.828281402999892, -20.932958601999928 ], [ -57.82676021799989, -20.933906586999967 ], [ -57.824069975999976, -20.935583114999929 ], [ -57.820869445999847, -20.939491270999895 ], [ -57.820915222999986, -20.94056892399982 ], [ -57.821220396999934, -20.948001861999956 ], [ -57.821365355999944, -20.950429915999905 ], [ -57.821529322999822, -20.953204643999982 ], [ -57.821907043999886, -20.959596632999876 ], [ -57.817161559999931, -20.97369194099997 ], [ -57.817696102999889, -20.977917449999893 ], [ -57.81778335599995, -20.978607176999958 ], [ -57.818077086999892, -20.980911254999967 ], [ -57.818104338999945, -20.981123078999929 ], [ -57.818119048999904, -20.981237411999871 ], [ -57.82356262199994, -20.986637114999894 ], [ -57.828315734999933, -20.991352080999945 ], [ -57.829203937999864, -20.992114878999871 ], [ -57.831584929999963, -20.994159697999976 ], [ -57.837713236999946, -21.002231457999926 ], [ -57.840970249999941, -21.006521358999976 ], [ -57.860851286999946, -21.03270721399997 ], [ -57.864085208999882, -21.03720361399985 ], [ -57.86509704599996, -21.03861045799988 ], [ -57.865108490999944, -21.038724898999931 ], [ -57.865989684999931, -21.046899793999899 ], [ -57.866619109999931, -21.053363799999886 ], [ -57.867336272999978, -21.060716628999955 ], [ -57.865366119999919, -21.067193150999969 ], [ -57.864448547999928, -21.070209503999877 ], [ -57.853656768999826, -21.084905624999919 ], [ -57.852236675999904, -21.086840090999942 ], [ -57.84672164899996, -21.094352722999815 ], [ -57.846555990999946, -21.095932721999873 ], [ -57.846519469999919, -21.096281050999949 ], [ -57.846320652999907, -21.098156374999917 ], [ -57.846237181999925, -21.098943709999958 ], [ -57.854202269999917, -21.115678786999979 ], [ -57.859310149999942, -21.124734878999902 ], [ -57.86049651999997, -21.128782270999977 ], [ -57.861030577999941, -21.13059425299997 ], [ -57.862319945999957, -21.134988783999859 ], [ -57.86234664899996, -21.139488219999976 ], [ -57.862350463999974, -21.140005111999926 ], [ -57.862380980999944, -21.144834517999925 ], [ -57.855527934999941, -21.170093735999842 ], [ -57.8496131899999, -21.191894530999946 ], [ -57.848994744999914, -21.200705846999881 ], [ -57.848834990999933, -21.202981947999888 ], [ -57.85016250599989, -21.21403312599989 ], [ -57.851362957999925, -21.217654285999856 ], [ -57.853168486999948, -21.223100660999933 ], [ -57.856761931999984, -21.230337141999939 ], [ -57.857860563999907, -21.232551573999956 ], [ -57.860069020999958, -21.234598414999937 ], [ -57.862525939999955, -21.236875533999921 ], [ -57.866760253999985, -21.240800857999943 ], [ -57.870918272999859, -21.242717742999901 ], [ -57.872873076999952, -21.24362113199993 ], [ -57.876056671999947, -21.245092390999901 ], [ -57.887271881999823, -21.251913070999819 ], [ -57.890865325999982, -21.254096985999865 ], [ -57.903980254999908, -21.262317657999972 ], [ -57.914569853999922, -21.270551681999905 ], [ -57.916972858999884, -21.274676839999927 ], [ -57.917087553999977, -21.274873733999868 ], [ -57.91755294799998, -21.275669096999934 ], [ -57.915664672999981, -21.283443450999982 ], [ -57.911102293999875, -21.291900634999934 ], [ -57.90583801199989, -21.297014236999928 ], [ -57.90353012099996, -21.29925727899996 ], [ -57.898311614999955, -21.301427840999963 ], [ -57.888660429999959, -21.305442808999885 ], [ -57.873500823999848, -21.308288574999892 ], [ -57.858760833999895, -21.310735701999874 ], [ -57.854465484999935, -21.315120697999873 ], [ -57.854274750999878, -21.31670760999998 ], [ -57.854127126999913, -21.317945721999934 ], [ -57.852975836999974, -21.327601530999857 ], [ -57.852958678999983, -21.327745436999862 ], [ -57.854274750999878, -21.336034774999973 ], [ -57.857088450999981, -21.341656939999893 ], [ -57.859397887999933, -21.346271514999898 ], [ -57.867893218999939, -21.356098174999829 ], [ -57.875610797999968, -21.364091173999839 ], [ -57.878101349999895, -21.366670607999936 ], [ -57.879250025999909, -21.367176162999897 ], [ -57.881923675999985, -21.368352889999926 ], [ -57.885269165999944, -21.369825363999894 ], [ -57.888352295999937, -21.374865178999983 ], [ -57.890808104999849, -21.378879547999873 ], [ -57.898891448999962, -21.389495849999946 ], [ -57.902301788999864, -21.395401 ], [ -57.90413665799997, -21.400180815999931 ], [ -57.904472350999868, -21.401044843999841 ], [ -57.90487670899995, -21.40209960899989 ], [ -57.905445098999962, -21.405761717999951 ], [ -57.907516478999923, -21.419065475999957 ], [ -57.910068512999885, -21.422603606999871 ], [ -57.911785125999984, -21.424558638999827 ], [ -57.91403176599988, -21.427113376999898 ], [ -57.915596008999898, -21.428892135999888 ], [ -57.916757864999965, -21.432716687999971 ], [ -57.917308806999984, -21.434530257999938 ], [ -57.917751312999883, -21.435987471999965 ], [ -57.919918059999929, -21.444660185999908 ], [ -57.922092438999982, -21.454916000999901 ], [ -57.925163269999985, -21.462432860999968 ], [ -57.925255430999869, -21.462658857999941 ], [ -57.927238464999959, -21.467521666999914 ], [ -57.932361602999947, -21.476179121999962 ], [ -57.946388244999923, -21.491106033999813 ], [ -57.957870482999965, -21.50407028199993 ], [ -57.963832854999907, -21.511539458999835 ], [ -57.964774094999825, -21.515591334999954 ], [ -57.965572355999882, -21.519027709999818 ], [ -57.966880797999977, -21.525335310999822 ], [ -57.966793060999976, -21.526075362999961 ], [ -57.964736938999863, -21.543031691999943 ], [ -57.962818144999972, -21.549051284999905 ], [ -57.956111907999968, -21.556198119999976 ], [ -57.951492308999832, -21.559093474999941 ], [ -57.930252075999931, -21.572412491999899 ], [ -57.923576355999955, -21.576526641999862 ], [ -57.920326232999969, -21.579925535999962 ], [ -57.918277739999951, -21.582073211999955 ], [ -57.916531557999974, -21.585150687999942 ], [ -57.915355682999916, -21.587223052999889 ], [ -57.915504454999962, -21.587663650999957 ], [ -57.917076110999972, -21.592344282999875 ], [ -57.924285888999918, -21.597045898999966 ], [ -57.93108749299995, -21.603717803999928 ], [ -57.934516905999942, -21.611200331999953 ], [ -57.934625127999936, -21.612286800999982 ], [ -57.934856414999956, -21.614608763999968 ], [ -57.936584472999925, -21.631992338999964 ], [ -57.93301773099995, -21.645570754999937 ], [ -57.928668976999973, -21.653871535999883 ], [ -57.915397644999928, -21.664129256999956 ], [ -57.913745879999965, -21.665405273999966 ], [ -57.911964416999979, -21.666442870999902 ], [ -57.902801514999908, -21.671781539999927 ], [ -57.901115417999847, -21.674158096999918 ], [ -57.899043562999907, -21.677078847999951 ], [ -57.896488188999967, -21.680681227999912 ], [ -57.893165587999931, -21.684467314999836 ], [ -57.893623351999963, -21.690387724999937 ], [ -57.896221160999971, -21.699850082999944 ], [ -57.903873442999952, -21.706912993999822 ], [ -57.911090850999926, -21.712007522999897 ], [ -57.913230895999959, -21.713190078999958 ], [ -57.921695709999938, -21.71786880499991 ], [ -57.936553953999976, -21.72765541099983 ], [ -57.943786620999958, -21.734720229999937 ], [ -57.945146306999959, -21.739465153999959 ], [ -57.946384429999966, -21.743785856999978 ], [ -57.945999145999963, -21.744482039999923 ], [ -57.942207335999967, -21.751310347999947 ], [ -57.935634612999934, -21.756986617999928 ], [ -57.929168700999981, -21.76164817699987 ], [ -57.923671722999927, -21.761678695999933 ], [ -57.915657042999896, -21.764091490999817 ], [ -57.912025451999966, -21.76892852799989 ], [ -57.911640166999973, -21.769441603999894 ], [ -57.911584482999899, -21.769577749999883 ], [ -57.910045623999963, -21.77334022499997 ], [ -57.910087585999975, -21.773687362999908 ], [ -57.910640813999976, -21.778307092999967 ], [ -57.912014006999925, -21.789773939999918 ], [ -57.915271758999893, -21.799371718999907 ], [ -57.921459198999912, -21.811431884999934 ], [ -57.927722929999902, -21.817611693999822 ], [ -57.928671542999894, -21.818547235999972 ], [ -57.939765929999908, -21.82948875299985 ], [ -57.949096678999922, -21.832988738999973 ], [ -57.960254669999983, -21.837684631999934 ], [ -57.966056823999907, -21.838813781999932 ], [ -57.968185423999898, -21.841169357999945 ], [ -57.967700957999966, -21.842397689999927 ], [ -57.967246246999935, -21.843552653999893 ], [ -57.966938017999894, -21.844335555999919 ], [ -57.962177276999967, -21.847614287999875 ], [ -57.957244872999979, -21.853132247999895 ], [ -57.955227946999912, -21.855390167999929 ], [ -57.95516967899988, -21.855455397999947 ], [ -57.945972442999903, -21.860841749999906 ], [ -57.942270444999906, -21.862249334999944 ], [ -57.931274413999972, -21.866430281999897 ], [ -57.930873869999971, -21.866582870999935 ], [ -57.928596495999898, -21.867448806999903 ], [ -57.925765990999935, -21.869186400999979 ], [ -57.920166015999939, -21.872627256999976 ], [ -57.919810697999935, -21.873902873999953 ], [ -57.918514250999976, -21.878557204999936 ], [ -57.91981506399992, -21.883287428999893 ], [ -57.923210143999938, -21.885242460999905 ], [ -57.926982879999969, -21.884773253999981 ], [ -57.930397032999849, -21.886520385999972 ], [ -57.931167601999903, -21.886911391999888 ], [ -57.931636810999919, -21.887176513999975 ], [ -57.934377384999948, -21.888705093999874 ], [ -57.936479789999964, -21.88987772899992 ], [ -57.939331053999979, -21.891468047999979 ], [ -57.944454193999945, -21.897754668999937 ], [ -57.944469170999866, -21.898001791999945 ], [ -57.944480895999959, -21.898195266999949 ], [ -57.94492721599994, -21.905647276999957 ], [ -57.943485258999885, -21.908836363999967 ], [ -57.942424773999903, -21.911186218999944 ], [ -57.941505687999893, -21.913664519999941 ], [ -57.939929961999894, -21.917913436999925 ], [ -57.940856932999964, -21.929750441999943 ], [ -57.94731903099995, -21.94668578999989 ], [ -57.953330992999895, -21.95928191999991 ], [ -57.959770201999959, -21.972269058999871 ], [ -57.96022796599982, -21.974239348999902 ], [ -57.960292016999972, -21.974514462999934 ], [ -57.961513518999936, -21.979761122999832 ], [ -57.963020323999956, -21.985479354999939 ], [ -57.964746466999941, -21.992024813999876 ], [ -57.966293334999932, -21.997890471999881 ], [ -57.969299315999876, -22.003793715999848 ], [ -57.978237151999963, -22.010450362999961 ], [ -57.988868712999817, -22.016702650999889 ], [ -57.99950408899997, -22.023744582999882 ], [ -58.004627228999937, -22.02923965399998 ], [ -58.004960411999946, -22.03044968599994 ], [ -58.006538390999935, -22.036180495999815 ], [ -58.00679779099994, -22.037122724999961 ], [ -58.005149840999934, -22.043447493999963 ], [ -57.999343870999951, -22.047531127999889 ], [ -57.992938995999964, -22.053783415999931 ], [ -57.98844013199988, -22.058734545999982 ], [ -57.987892149999936, -22.059337615999937 ], [ -57.987770080999951, -22.059715270999959 ], [ -57.986236571999882, -22.0644798269999 ], [ -57.987979888999973, -22.071571349999942 ], [ -57.989719389999948, -22.078273772999978 ], [ -57.989284514999952, -22.079372404999958 ], [ -57.988670348999904, -22.080915449999964 ], [ -57.988360459999967, -22.081698502999927 ], [ -57.988315581999984, -22.081811903999892 ], [ -57.984546660999968, -22.08355140599997 ], [ -57.980224609999937, -22.08554839999988 ], [ -57.973323821999884, -22.084917067999982 ], [ -57.964599704999955, -22.081403080999905 ], [ -57.96047210699993, -22.07974052499992 ], [ -57.959662009999874, -22.079693529999872 ], [ -57.957019805999948, -22.079540252999891 ], [ -57.952857970999958, -22.082328795999956 ], [ -57.942268371999944, -22.082412719999979 ], [ -57.938358305999884, -22.085887907999904 ], [ -57.937762754999824, -22.087373903999946 ], [ -57.936573077999981, -22.090342341999872 ], [ -57.934020994999912, -22.096710204999965 ], [ -57.927181244999872, -22.103193283999929 ], [ -57.926422375999948, -22.106855478999876 ], [ -57.92641448899991, -22.10689353999993 ], [ -57.926235197999915, -22.107767104999937 ], [ -57.928268432999914, -22.114891051999962 ], [ -57.927897356999949, -22.115668906999929 ], [ -57.927059173999965, -22.117425917999981 ], [ -57.926311493999947, -22.11764717099993 ], [ -57.920669554999961, -22.119312286999957 ], [ -57.911056518999942, -22.118240355999887 ], [ -57.907867431999932, -22.119873047999874 ], [ -57.895053863999976, -22.120363235999946 ], [ -57.892845152999882, -22.120447159999969 ], [ -57.88616561799995, -22.123954771999934 ], [ -57.873443603999817, -22.128400801999817 ], [ -57.86633300799997, -22.131059646999972 ], [ -57.862083434999931, -22.129108427999938 ], [ -57.856960296999944, -22.123214721999886 ], [ -57.848892210999963, -22.120494841999971 ], [ -57.837013244999923, -22.118186950999927 ], [ -57.827537535999909, -22.118221282999912 ], [ -57.823463439999955, -22.119832992999932 ], [ -57.823310851999963, -22.121644972999945 ], [ -57.823223484999914, -22.12269201499987 ], [ -57.823074125999938, -22.124481978999938 ], [ -57.82306671099991, -22.124570845999983 ], [ -57.820995330999949, -22.132472990999929 ], [ -57.818912505999947, -22.134925842999962 ], [ -57.817626953999877, -22.136436461999892 ], [ -57.812980650999918, -22.138826370999936 ], [ -57.807052612999883, -22.140041350999979 ], [ -57.805374144999917, -22.142814635999969 ], [ -57.802845000999923, -22.145193098999925 ], [ -57.797740936999958, -22.142061232999879 ], [ -57.793041228999925, -22.135374068999909 ], [ -57.78450012199994, -22.123966216999975 ], [ -57.780258177999883, -22.123594284999854 ], [ -57.773891448999962, -22.122045516999947 ], [ -57.769199371999889, -22.122589109999979 ], [ -57.766006469999923, -22.123531341999978 ], [ -57.762062072999981, -22.128416060999939 ], [ -57.7557182299999, -22.130813597999975 ], [ -57.744686125999976, -22.128889082999876 ], [ -57.739147185999968, -22.123390197999925 ], [ -57.738827898999943, -22.118763419999823 ], [ -57.738723753999864, -22.117254257999832 ], [ -57.738685606999979, -22.116685865999955 ], [ -57.740219115999935, -22.10875892699994 ], [ -57.740399843999967, -22.107824729999891 ], [ -57.740749358999949, -22.106018065999876 ], [ -57.73826817999992, -22.10373115099992 ], [ -57.73690032899998, -22.102470396999877 ], [ -57.736488341999916, -22.102090834999956 ], [ -57.734481811999956, -22.101444243999879 ], [ -57.73020305499989, -22.100068061999878 ], [ -57.729103087999931, -22.099714277999851 ], [ -57.719142913999974, -22.106903074999934 ], [ -57.715293883999891, -22.100606917999983 ], [ -57.710620879999965, -22.097864150999897 ], [ -57.707630156999869, -22.093536375999918 ], [ -57.707284007999931, -22.093336612999906 ], [ -57.705997467999964, -22.092594146999943 ], [ -57.704234705999966, -22.091579663999937 ], [ -57.702991484999927, -22.090864180999972 ], [ -57.700832365999986, -22.089618682999969 ], [ -57.69320297299987, -22.088861464999923 ], [ -57.692117735999943, -22.089081743999941 ], [ -57.690769195999849, -22.089355467999951 ], [ -57.688650576999976, -22.089788651999982 ], [ -57.68752288699983, -22.090019225999981 ], [ -57.687274932999912, -22.090070723999872 ], [ -57.683929443999943, -22.091869352999936 ], [ -57.672485351999967, -22.09802818199995 ], [ -57.657466888999977, -22.103689193999912 ], [ -57.649513243999934, -22.103630066999926 ], [ -57.64170455999988, -22.103570938999894 ], [ -57.636859892999894, -22.100551604999964 ], [ -57.631809233999888, -22.097402571999964 ], [ -57.621196746999942, -22.093891142999951 ], [ -57.615768431999868, -22.093425750999927 ], [ -57.615184347999957, -22.09460173399998 ], [ -57.614627838999979, -22.095722198999965 ], [ -57.613170622999974, -22.098657608999929 ], [ -57.612902375999965, -22.104988855999977 ], [ -57.612834929999963, -22.106580734999909 ], [ -57.612827301999971, -22.106775283999923 ], [ -57.612785339999959, -22.107738493999932 ], [ -57.612666321999882, -22.110723560999929 ], [ -57.61240768499988, -22.117210387999933 ], [ -57.610292889999982, -22.118315537999877 ], [ -57.609451293999882, -22.11875533999995 ], [ -57.609050749999938, -22.118965147999972 ], [ -57.603958128999921, -22.122768400999973 ], [ -57.602287292999961, -22.128694533999976 ], [ -57.601468892999947, -22.130623960999912 ], [ -57.600975036999955, -22.131788253999957 ], [ -57.600608826999917, -22.132648468999889 ], [ -57.597076415999936, -22.13299369799995 ], [ -57.596714671999962, -22.133027119999952 ], [ -57.596374510999965, -22.133058547999894 ], [ -57.594268799999895, -22.135828017999927 ], [ -57.593496801999891, -22.136372604999849 ], [ -57.593284605999941, -22.136522292999871 ], [ -57.593021393999891, -22.136707305999892 ], [ -57.592911348999962, -22.136785095999869 ], [ -57.592578887999878, -22.13702011099997 ], [ -57.586555480999948, -22.138849256999947 ], [ -57.586622243999955, -22.139592001999858 ], [ -57.586647032999963, -22.139867781999953 ], [ -57.587104796999938, -22.144933699999967 ], [ -57.588405609999825, -22.15203285199982 ], [ -57.58772642699995, -22.156589028999917 ], [ -57.587581633999946, -22.157560348999937 ], [ -57.586975097999925, -22.158527373999902 ], [ -57.583374023999966, -22.164285658999916 ], [ -57.571956633999946, -22.170642851999958 ], [ -57.563922882999975, -22.173999786999957 ], [ -57.560527800999978, -22.175416945999928 ], [ -57.558662413999912, -22.176065443999903 ], [ -57.558010100999923, -22.17629051199998 ], [ -57.552486418999877, -22.178209303999949 ], [ -57.542308806999927, -22.178638458999899 ], [ -57.53254699699994, -22.175514219999968 ], [ -57.525321960999975, -22.171195982999961 ], [ -57.525150740999948, -22.171185650999917 ], [ -57.524658202999944, -22.171155928999951 ], [ -57.52022344299985, -22.170875362999936 ], [ -57.519985198999962, -22.170860289999894 ], [ -57.519386290999932, -22.170822142999953 ], [ -57.512966154999958, -22.174720762999925 ], [ -57.511975689999986, -22.175413314999957 ], [ -57.511150217999898, -22.175990500999944 ], [ -57.510036467999953, -22.176769255999886 ], [ -57.509977164999839, -22.176812765999955 ], [ -57.505302428999926, -22.180242538999948 ], [ -57.499076843999887, -22.180753707999941 ], [ -57.495262145999902, -22.18037032999996 ], [ -57.485099791999914, -22.1839561459999 ], [ -57.473655699999824, -22.184778213999948 ], [ -57.468578337999986, -22.187162398999874 ], [ -57.461479186999952, -22.186025619999953 ], [ -57.450748813999951, -22.187838836999902 ], [ -57.450485229999913, -22.187883376999935 ], [ -57.445972442999903, -22.188644407999959 ], [ -57.445793151999908, -22.188730239999927 ], [ -57.444747070999938, -22.189238947999911 ], [ -57.432567596999945, -22.195161818999964 ], [ -57.421550750999927, -22.197166441999912 ], [ -57.411796568999875, -22.196008682999945 ], [ -57.402477264999902, -22.198402404999968 ], [ -57.398511156999916, -22.201818589999903 ], [ -57.398391723999907, -22.201921462999962 ], [ -57.397514342999955, -22.202676772999951 ], [ -57.396015377999959, -22.203967613999907 ], [ -57.395069122999985, -22.204782485999942 ], [ -57.390636444999927, -22.205497741999864 ], [ -57.389567413999941, -22.205062244999965 ], [ -57.388455654999973, -22.20460934099998 ], [ -57.386188506999986, -22.203685759999928 ], [ -57.381305694999924, -22.207139968999911 ], [ -57.38047409099994, -22.211879728999975 ], [ -57.380478495999967, -22.211927641999921 ], [ -57.380908966999982, -22.216609953999921 ], [ -57.379877760999818, -22.218381612999963 ], [ -57.379386902999954, -22.219224928999949 ], [ -57.378650665999885, -22.220483779999824 ], [ -57.375457763999862, -22.221799848999979 ], [ -57.370754240999986, -22.223739624999894 ], [ -57.363124847999927, -22.22494125399993 ], [ -57.350830077999888, -22.225229261999971 ], [ -57.344314574999942, -22.224227904999907 ], [ -57.332168577999937, -22.226591110999948 ], [ -57.32793044999994, -22.229484556999978 ], [ -57.318183899999951, -22.229782102999934 ], [ -57.310546874999943, -22.228219984999896 ], [ -57.306301115999986, -22.22625541799988 ], [ -57.300346373999957, -22.219953536999981 ], [ -57.296318052999879, -22.218406676999905 ], [ -57.289741516999925, -22.217214583999976 ], [ -57.282115936999958, -22.220781325999951 ], [ -57.274494170999958, -22.225135802999887 ], [ -57.268989562999934, -22.229488371999935 ], [ -57.263912201999972, -22.233840942999905 ], [ -57.256050110999922, -22.237525938999909 ], [ -57.255756377999887, -22.237663269999928 ], [ -57.254417419999925, -22.238201139999831 ], [ -57.249507903999984, -22.240177154999969 ], [ -57.242301941999983, -22.241376875999947 ], [ -57.234241485999917, -22.241390226999897 ], [ -57.227874755999892, -22.238637922999885 ], [ -57.222778319999918, -22.235095976999958 ], [ -57.219367981999937, -22.226024626999958 ], [ -57.217227936999961, -22.216951369999947 ], [ -57.21552657999996, -22.214584350999928 ], [ -57.210285186999897, -22.214471815999957 ], [ -57.207035063999911, -22.209075927999891 ], [ -57.202369690999831, -22.207107542999893 ], [ -57.200454710999907, -22.207824706999929 ], [ -57.198131561999901, -22.208692549999967 ], [ -57.196102926999913, -22.211940717999937 ], [ -57.195171355999946, -22.213432311999895 ], [ -57.194984436999903, -22.213838575999944 ], [ -57.192638396999882, -22.21896171599991 ], [ -57.192334303999928, -22.219716316999893 ], [ -57.192226409999876, -22.219984053999951 ], [ -57.191444395999952, -22.221937179999884 ], [ -57.191371917999902, -22.222120283999971 ], [ -57.190399169999978, -22.222948072999884 ], [ -57.183490752999887, -22.228826522999896 ], [ -57.178066253999987, -22.228162764999979 ], [ -57.167953490999878, -22.226371765999943 ], [ -57.158092497999974, -22.225959776999957 ], [ -57.135826109999982, -22.224563598999964 ], [ -57.128585815999884, -22.22379493699998 ], [ -57.124794005999945, -22.223390578999897 ], [ -57.109100341999977, -22.220251083999926 ], [ -57.106986998999901, -22.223407744999975 ], [ -57.109459440999956, -22.226034119999952 ], [ -57.109958647999861, -22.226564406999955 ], [ -57.110801696999886, -22.228326796999966 ], [ -57.11166000299994, -22.230113983999956 ], [ -57.110816955999894, -22.234062193999932 ], [ -57.109413146999941, -22.234792707999873 ], [ -57.109304272999964, -22.234849469999972 ], [ -57.108341216999975, -22.235351561999948 ], [ -57.104457854999907, -22.237224578999928 ], [ -57.102344512999935, -22.241960525999843 ], [ -57.098770140999932, -22.245031356999903 ], [ -57.090465544999915, -22.237630843999966 ], [ -57.085376738999969, -22.239608763999854 ], [ -57.081138609999925, -22.241191862999926 ], [ -57.076045990999944, -22.237251280999942 ], [ -57.067028045999962, -22.234943389999842 ], [ -57.06374359199998, -22.234102247999942 ], [ -57.059885520999956, -22.234588414999962 ], [ -57.059036253999864, -22.234695433999946 ], [ -57.057109833999959, -22.234935759999928 ], [ -57.053131102999942, -22.235342025999955 ], [ -57.049327848999951, -22.238454818999855 ], [ -57.049114226999961, -22.235212324999964 ], [ -57.048713682999903, -22.23791313199996 ], [ -57.048544522999975, -22.237764010999967 ], [ -57.043754577999948, -22.233541488999947 ], [ -57.037834167999904, -22.231727598999953 ], [ -57.029388426999958, -22.23096847599993 ], [ -57.02090453999989, -22.227024078999875 ], [ -57.011150359999931, -22.225847243999965 ], [ -57.003940581999984, -22.222301482999853 ], [ -56.999843597999984, -22.222686767999846 ], [ -56.99969372299995, -22.222904662999952 ], [ -56.99835586599994, -22.224849699999936 ], [ -56.995349884999882, -22.229219436999983 ], [ -56.991197719999889, -22.235263099999827 ], [ -56.991016386999888, -22.235527037999816 ], [ -56.990036010999972, -22.236951826999928 ], [ -56.984867095999959, -22.2396717069999 ], [ -56.979354857999851, -22.240068434999955 ], [ -56.970870972999819, -22.2361240379999 ], [ -56.965782164999951, -22.234941481999954 ], [ -56.960948942999892, -22.235902784999894 ], [ -56.958399573999884, -22.238200663999976 ], [ -56.957733815999973, -22.238800745999981 ], [ -56.947124479999957, -22.248363493999932 ], [ -56.93482589599995, -22.248758314999975 ], [ -56.931182860999968, -22.248758314999975 ], [ -56.92676544099993, -22.248758314999975 ], [ -56.922401428999933, -22.249952315999906 ], [ -56.919555662999983, -22.25073051499993 ], [ -56.915313721999951, -22.254281997999954 ], [ -56.909797667999953, -22.255071639999926 ], [ -56.905132294999873, -22.249151230999814 ], [ -56.903011322999987, -22.244808196999827 ], [ -56.900466918999939, -22.243627546999903 ], [ -56.893184661999953, -22.243690489999892 ], [ -56.88980466299995, -22.246381927999892 ], [ -56.887641907999978, -22.248104093999927 ], [ -56.887321472999929, -22.248359680999954 ], [ -56.882228851999912, -22.254278182999826 ], [ -56.881381988999919, -22.2590122229999 ], [ -56.883075713999915, -22.264932632999944 ], [ -56.881805418999875, -22.271247863999974 ], [ -56.879625302999898, -22.273477940999896 ], [ -56.878143309999928, -22.274993896999945 ], [ -56.877563475999921, -22.2755851739999 ], [ -56.87250518799982, -22.280912398999874 ], [ -56.871885232999944, -22.281565791999924 ], [ -56.871196746999829, -22.28229141099996 ], [ -56.869979957999874, -22.282496104999893 ], [ -56.869155883999895, -22.282634734999931 ], [ -56.866920471999947, -22.283012389999897 ], [ -56.856591926999954, -22.289101334999941 ], [ -56.855010985999968, -22.290033340999969 ], [ -56.85362625099998, -22.290853499999969 ], [ -56.852918153999951, -22.29093814099997 ], [ -56.852317809999818, -22.291009901999928 ], [ -56.847713469999974, -22.291559217999918 ], [ -56.841072082999972, -22.29648971599994 ], [ -56.835983276999912, -22.297668456999929 ], [ -56.832697240999892, -22.297667319999903 ], [ -56.83046722399996, -22.297666548999928 ], [ -56.827720937999914, -22.296205271999838 ], [ -56.82749557399984, -22.296085357999971 ], [ -56.82321104499988, -22.290279151999982 ], [ -56.822834015999945, -22.289768218999939 ], [ -56.81990051299988, -22.289764403999982 ], [ -56.819015501999957, -22.289764403999982 ], [ -56.815811156999928, -22.289205549999963 ], [ -56.812229155999944, -22.288578032999965 ], [ -56.810193747999847, -22.286682998999936 ], [ -56.809684751999896, -22.286209106999934 ], [ -56.809581756999933, -22.285726546999967 ], [ -56.80883788999995, -22.282262801999877 ], [ -56.809265136999841, -22.276340484999878 ], [ -56.810119629999917, -22.269241331999922 ], [ -56.811397552999949, -22.260166166999909 ], [ -56.81013107299998, -22.250694274999944 ], [ -56.807163238999919, -22.247140883999919 ], [ -56.797836303999929, -22.242795942999862 ], [ -56.79652845899983, -22.24435192899989 ], [ -56.796127318999936, -22.244829177999975 ], [ -56.794860839999956, -22.252262113999905 ], [ -56.792736052999942, -22.254629134999902 ], [ -56.789340973999856, -22.25738716199993 ], [ -56.784675597999922, -22.259357451999961 ], [ -56.781604599999923, -22.257449989999884 ], [ -56.780864716999986, -22.256990432999885 ], [ -56.777469634999932, -22.253828047999946 ], [ -56.772808073999954, -22.247905729999957 ], [ -56.769416809999939, -22.245927809999898 ], [ -56.767761017999987, -22.245323468999914 ], [ -56.76389312699996, -22.243911742999899 ], [ -56.759666442999958, -22.242366789999949 ], [ -56.759632111999963, -22.242258072999959 ], [ -56.759607604999871, -22.242181981999977 ], [ -56.758396148999907, -22.238420485999939 ], [ -56.757129668999937, -22.234867095999903 ], [ -56.752887725999869, -22.234075546999975 ], [ -56.747982025999931, -22.236026762999927 ], [ -56.747840755999903, -22.236130660999947 ], [ -56.746604918999878, -22.237039565999908 ], [ -56.7463090359999, -22.237256687999945 ], [ -56.74312973099984, -22.239589689999946 ], [ -56.741911920999883, -22.241426654999884 ], [ -56.739730833999886, -22.24471664299989 ], [ -56.738029479999909, -22.251028060999943 ], [ -56.736551840999937, -22.253182003999882 ], [ -56.735480244999906, -22.254744059999894 ], [ -56.735054014999832, -22.255365371999972 ], [ -56.73440753899996, -22.255890542999907 ], [ -56.732858331999978, -22.257149056999936 ], [ -56.731658935999917, -22.258123397999896 ], [ -56.731164060999959, -22.258081466999897 ], [ -56.729610442999899, -22.257949827999937 ], [ -56.726993559999926, -22.257722854999884 ], [ -56.717670440999882, -22.252187727999967 ], [ -56.715553283999952, -22.247056959999895 ], [ -56.71556091399998, -22.24232101299998 ], [ -56.714714049999884, -22.239162444999977 ], [ -56.710903167999959, -22.236396787999922 ], [ -56.709632873999965, -22.23205375699996 ], [ -56.707096099999944, -22.227315902999976 ], [ -56.706050872999867, -22.22096443199996 ], [ -56.704990385999963, -22.215078353999957 ], [ -56.697784423999963, -22.213491439999927 ], [ -56.692924498999957, -22.215715408999927 ], [ -56.689739226999905, -22.217176436999978 ], [ -56.689546017999987, -22.219812359999935 ], [ -56.689445494999916, -22.221183776999908 ], [ -56.689285277999943, -22.223346708999827 ], [ -56.687999724999941, -22.233999252999979 ], [ -56.687572479999972, -22.237945555999886 ], [ -56.683750152999949, -22.241888045999872 ], [ -56.679787158999886, -22.243581373999916 ], [ -56.678241729999911, -22.244241712999951 ], [ -56.677417753999976, -22.244594574999894 ], [ -56.677179921999937, -22.24469626299998 ], [ -56.674811629999965, -22.245708855999908 ], [ -56.656352996999942, -22.253601073999846 ], [ -56.653542249999987, -22.254803532999858 ], [ -56.651178354999956, -22.255814824999959 ], [ -56.65064620999982, -22.256042480999952 ], [ -56.642158506999976, -22.258399963999977 ], [ -56.642589569999984, -22.253664016999892 ], [ -56.64557266199995, -22.244987487999936 ], [ -56.644618987999934, -22.239206314999933 ], [ -56.640922546999946, -22.237878799999976 ], [ -56.637367247999975, -22.238973616999886 ], [ -56.632011413999919, -22.24062347399996 ], [ -56.626613615999986, -22.237382888999889 ], [ -56.614219664999894, -22.229940412999952 ], [ -56.612541198999963, -22.220071792999931 ], [ -56.60915756299994, -22.215330122999887 ], [ -56.603652954999916, -22.210584640999912 ], [ -56.595127105999893, -22.207599638999966 ], [ -56.583316801999956, -22.201864241999942 ], [ -56.574256897999987, -22.196783066999899 ], [ -56.565536498999904, -22.189992903999951 ], [ -56.563426970999956, -22.185249328999873 ], [ -56.562583922999863, -22.182880400999977 ], [ -56.560043333999886, -22.180507658999943 ], [ -56.559631346999879, -22.175769804999959 ], [ -56.559642792999966, -22.170642851999958 ], [ -56.556266784999934, -22.163528440999983 ], [ -56.549991607999971, -22.162204741999972 ], [ -56.546520232999967, -22.162324904999878 ], [ -56.54398345899989, -22.159952162999957 ], [ -56.543144224999878, -22.155214308999973 ], [ -56.540978068999891, -22.149114278999832 ], [ -56.540382730999966, -22.147437769999954 ], [ -56.540199278999978, -22.146921157999827 ], [ -56.533424376999903, -22.144144057999881 ], [ -56.52622301599996, -22.131411527999944 ], [ -56.525825500999929, -22.130708692999974 ], [ -56.525894163999908, -22.130430221999973 ], [ -56.526069641999982, -22.129711150999981 ], [ -56.526079467999978, -22.129671340999948 ], [ -56.527965545999962, -22.122030258999928 ], [ -56.526287079999918, -22.115316391999897 ], [ -56.518272398999898, -22.100301742999875 ], [ -56.510658264999961, -22.095546722999927 ], [ -56.503036497999972, -22.093555449999883 ], [ -56.490329741999915, -22.091945648999911 ], [ -56.48398208499998, -22.088773727999921 ], [ -56.480182646999936, -22.083238600999891 ], [ -56.475959776999957, -22.078098297999929 ], [ -56.47130584599995, -22.076507567999954 ], [ -56.460540771999888, -22.078950882999948 ], [ -56.453083036999942, -22.078041076999909 ], [ -56.451630766999926, -22.078517522999903 ], [ -56.450908659999982, -22.078754423999953 ], [ -56.450641632999975, -22.078842162999933 ], [ -56.448585510999976, -22.079517363999969 ], [ -56.447490692999963, -22.079875945999959 ], [ -56.44708368299996, -22.079698175999965 ], [ -56.438682556999936, -22.076028822999945 ], [ -56.427238463999913, -22.077573775999895 ], [ -56.420883177999883, -22.077556609999874 ], [ -56.407756805999952, -22.075151441999935 ], [ -56.40267562799994, -22.074739455999861 ], [ -56.400100706999922, -22.078060150999818 ], [ -56.399898529999973, -22.079624176999971 ], [ -56.399769161999927, -22.080622376999884 ], [ -56.399253844999862, -22.084598539999888 ], [ -56.400089263999973, -22.088943480999944 ], [ -56.399227142999962, -22.092887877999829 ], [ -56.396244048999961, -22.098405836999859 ], [ -56.391994476999969, -22.101943969999866 ], [ -56.386440276999963, -22.115741728999922 ], [ -56.381755829999975, -22.123226164999949 ], [ -56.378765106999879, -22.130319594999946 ], [ -56.38000488299997, -22.139795303999961 ], [ -56.379981993999934, -22.146505355999977 ], [ -56.376987456999984, -22.154388427999947 ], [ -56.368091581999977, -22.165107726999906 ], [ -56.36402130099998, -22.168783186999917 ], [ -56.363980457999958, -22.168820127999936 ], [ -56.362011787999961, -22.170600743999955 ], [ -56.360527037999873, -22.171943664999958 ], [ -56.357593915999985, -22.173475323999924 ], [ -56.355972288999965, -22.174322128999904 ], [ -56.355724334999934, -22.174453734999872 ], [ -56.354994901999987, -22.175128260999827 ], [ -56.351898192999897, -22.177991865999957 ], [ -56.349552155999959, -22.182508467999924 ], [ -56.34634017999997, -22.190996169999835 ], [ -56.34078597999985, -22.203210830999978 ], [ -56.331775664999952, -22.209070204999932 ], [ -56.329311369999971, -22.210672377999913 ], [ -56.321958843999937, -22.210971412999982 ], [ -56.32101059099989, -22.211009978999869 ], [ -56.316646575999982, -22.211187361999976 ], [ -56.310581206999927, -22.213663099999906 ], [ -56.309761315999936, -22.213996986999916 ], [ -56.309368132999907, -22.214157103999923 ], [ -56.292770384999926, -22.229490279999936 ], [ -56.286403656999937, -22.231046676999938 ], [ -56.284956229999977, -22.231137448999959 ], [ -56.280807494999976, -22.2313976289999 ], [ -56.268585203999976, -22.232166289999839 ], [ -56.259254454999962, -22.232526778999897 ], [ -56.249656676999962, -22.236312866999981 ], [ -56.248119354999972, -22.236919402999888 ], [ -56.247499517999984, -22.237165468999933 ], [ -56.247360229999913, -22.237220763999971 ], [ -56.244346617999895, -22.247468946999959 ], [ -56.242198944999927, -22.253772734999927 ], [ -56.236240385999963, -22.258487700999865 ], [ -56.22827964499993, -22.262153643999966 ], [ -56.227116987999921, -22.262689050999938 ], [ -56.223491668999884, -22.264358520999963 ], [ -56.220235225999943, -22.267015894999929 ], [ -56.218349742999976, -22.268554516999927 ], [ -56.213714599999889, -22.272336959999905 ], [ -56.213655742999833, -22.272385020999877 ], [ -56.212425231999987, -22.273389815999906 ], [ -56.209121704999916, -22.276712416999942 ], [ -56.208240647999958, -22.27760075499998 ], [ -56.207736967999949, -22.278108596999971 ], [ -56.19754409799998, -22.280826567999895 ], [ -56.191085814999951, -22.280782699999975 ], [ -56.189060502999894, -22.281580783999857 ], [ -56.187128709999911, -22.282342015999973 ], [ -56.186080932999914, -22.282754897999837 ], [ -56.180137634999937, -22.283912658999952 ], [ -56.174938751999946, -22.283885367999915 ], [ -56.174324034999984, -22.283882140999935 ], [ -56.168411254999967, -22.283849716999896 ], [ -56.162952421999933, -22.28466605999995 ], [ -56.160844743999974, -22.284982212999921 ], [ -56.159149048999893, -22.285236567999902 ], [ -56.158069610999974, -22.285398483999813 ], [ -56.157836914999962, -22.28543472299998 ], [ -56.157542617999979, -22.285481063999896 ], [ -56.148303984999984, -22.286935805999974 ], [ -56.144851683999889, -22.287267683999914 ], [ -56.142471313999977, -22.28729057299995 ], [ -56.142345428999931, -22.287292479999849 ], [ -56.135997770999893, -22.287673950999874 ], [ -56.125835417999895, -22.284074781999891 ], [ -56.119495392999966, -22.279312133999895 ], [ -56.108901976999846, -22.277288436999982 ], [ -56.106044769999983, -22.277744292999955 ], [ -56.104897326999946, -22.27792750299983 ], [ -56.101684570999964, -22.278440475999901 ], [ -56.094028471999934, -22.282350538999935 ], [ -56.089885710999908, -22.284591673999955 ], [ -56.089642816999969, -22.284723062999944 ], [ -56.088161468999886, -22.285524367999926 ], [ -56.087524414999962, -22.285873413999923 ], [ -56.086795805999884, -22.286264419999952 ], [ -56.086649192999914, -22.286281944999814 ], [ -56.086571339999978, -22.286291250999966 ], [ -56.080429076999962, -22.287025450999977 ], [ -56.073211668999932, -22.287780760999908 ], [ -56.060043334999875, -22.29047965999996 ], [ -56.050949095999897, -22.288360595999848 ], [ -56.036079406999875, -22.283695221999835 ], [ -56.034000468999977, -22.283044338999957 ], [ -56.030364990999942, -22.281906127999946 ], [ -56.021976470999959, -22.283031462999872 ], [ -56.020015715999932, -22.284044265999853 ], [ -56.015750883999942, -22.286243438999975 ], [ -56.014377565999894, -22.286951144999932 ], [ -56.013759612999934, -22.287269591999973 ], [ -56.012003406999895, -22.288175570999897 ], [ -56.01135635299994, -22.288509367999893 ], [ -56.005928038999969, -22.289642332999961 ], [ -56.002229386999886, -22.286654849999934 ], [ -56.001599046999956, -22.286145710999904 ], [ -56.001037596999879, -22.28569221499987 ], [ -56.000068760999909, -22.284909057999982 ], [ -55.999670610999942, -22.284587214999931 ], [ -55.998967948999962, -22.284019219999891 ], [ -55.998798369999975, -22.283882140999935 ], [ -55.998402149999947, -22.283666863999883 ], [ -55.996597288999908, -22.282686231999946 ], [ -55.991168974999937, -22.279733658999874 ], [ -55.987945555999943, -22.279832840999916 ], [ -55.986511230999952, -22.279878615999962 ], [ -55.984508514999959, -22.279941558999951 ], [ -55.984416636999981, -22.27998791999994 ], [ -55.977936445999944, -22.283257795999873 ], [ -55.976207733999956, -22.284130096999945 ], [ -55.966502005999928, -22.289031832999967 ], [ -55.965980528999921, -22.289295196999888 ], [ -55.962680816999864, -22.289932251999858 ], [ -55.961506726999971, -22.290156423999917 ], [ -55.961292266999976, -22.290197371999966 ], [ -55.959583281999983, -22.289754867999932 ], [ -55.954151152999941, -22.288341521999939 ], [ -55.946923289999916, -22.284593277999875 ], [ -55.945323943999938, -22.283763884999928 ], [ -55.944611112999951, -22.283394926999961 ], [ -55.944139956999948, -22.28315105899992 ], [ -55.944023132999973, -22.283090590999905 ], [ -55.94371651199998, -22.28293155199998 ], [ -55.943032131999928, -22.282576575999826 ], [ -55.942626325999925, -22.282366090999972 ], [ -55.935447692999958, -22.278642654999942 ], [ -55.922138214999904, -22.277912138999966 ], [ -55.918083259999946, -22.278860294999902 ], [ -55.918010711999898, -22.278877258999898 ], [ -55.91096056899994, -22.28052616399998 ], [ -55.904815672999973, -22.281963347999977 ], [ -55.897949218999941, -22.283567427999913 ], [ -55.890960720999885, -22.283401707999872 ], [ -55.886608122999917, -22.283298492999961 ], [ -55.884536742999956, -22.28273452499991 ], [ -55.860996246999889, -22.276325225999926 ], [ -55.858894348999968, -22.276948927999968 ], [ -55.853343963999919, -22.278594969999972 ], [ -55.848651885999914, -22.283613204999881 ], [ -55.845826223999893, -22.286636075999979 ], [ -55.843322753999985, -22.289314269999977 ], [ -55.842437744999927, -22.290258406999953 ], [ -55.838733978999983, -22.301092636999897 ], [ -55.838330335999956, -22.302273371999831 ], [ -55.836136149999959, -22.308691787999919 ], [ -55.834851662999938, -22.31244916199995 ], [ -55.83453369199998, -22.313379287999908 ], [ -55.832067809999955, -22.320588641999905 ], [ -55.831935882999971, -22.320974348999925 ], [ -55.824237822999976, -22.332189558999914 ], [ -55.801364897999974, -22.355043409999951 ], [ -55.801156091999928, -22.355252216999872 ], [ -55.800774758999978, -22.355633549999823 ], [ -55.800441741999975, -22.355966567999928 ], [ -55.797897337999927, -22.364013670999952 ], [ -55.797687530999895, -22.364677428999983 ], [ -55.788978576999909, -22.379331587999957 ], [ -55.78476714999988, -22.382986068999969 ], [ -55.780248653999934, -22.384493074999966 ], [ -55.776447592999943, -22.385760802999982 ], [ -55.776056734999941, -22.38589116199995 ], [ -55.774524687999985, -22.386402129999908 ], [ -55.768993437999939, -22.384618271999955 ], [ -55.766702734999967, -22.38387950799995 ], [ -55.765541076999909, -22.383504866999942 ], [ -55.765694937999967, -22.384417286999906 ], [ -55.766059875999872, -22.386581420999846 ], [ -55.763103484999931, -22.386566161999895 ], [ -55.754589080999949, -22.386533735999876 ], [ -55.747613007999973, -22.386504518999971 ], [ -55.745025634999877, -22.386493681999866 ], [ -55.740875243999938, -22.391269682999962 ], [ -55.739067076999959, -22.393352507999907 ], [ -55.73319244399994, -22.430507658999886 ], [ -55.733394622999924, -22.438995361999957 ], [ -55.734066095999822, -22.44114137199989 ], [ -55.734330261999901, -22.441985637999949 ], [ -55.737277984999935, -22.451406477999967 ], [ -55.736564636999958, -22.456632612999897 ], [ -55.736513515999889, -22.457010478999905 ], [ -55.73624801699998, -22.458972929999845 ], [ -55.737013488999878, -22.459984445999964 ], [ -55.74287032999996, -22.467723845999956 ], [ -55.744815825999922, -22.473009107999928 ], [ -55.745265961999962, -22.481042861999981 ], [ -55.741157531999932, -22.511547088999976 ], [ -55.737861632999966, -22.52093887399991 ], [ -55.734886169999982, -22.529418943999815 ], [ -55.729808807999973, -22.536575316999972 ], [ -55.723690032999968, -22.545202255999925 ], [ -55.717491149999944, -22.549272536999979 ], [ -55.701126098999907, -22.560018539999874 ], [ -55.69914245599989, -22.56194114799996 ], [ -55.694934845999853, -22.566032409999934 ], [ -55.661380767999844, -22.598613738999973 ], [ -55.650959014999955, -22.606365203999928 ], [ -55.644977569999924, -22.608623504999969 ], [ -55.631149291999918, -22.61384391799993 ], [ -55.626670836999949, -22.618640899999889 ], [ -55.626392885999962, -22.626728591999893 ], [ -55.626358031999985, -22.627742765999983 ], [ -55.626071928999863, -22.636072158999923 ], [ -55.623656997999888, -22.640724004999981 ], [ -55.622138976999963, -22.643648146999965 ], [ -55.621318815999985, -22.645229337999979 ], [ -55.613868711999942, -22.65161704999997 ], [ -55.612110136999888, -22.655740737999906 ], [ -55.612335204999965, -22.659639357999879 ], [ -55.614398956999935, -22.664102554999943 ], [ -55.615898131999984, -22.677663802999973 ], [ -55.612732205999976, -22.68410406299995 ], [ -55.610008931999971, -22.689643862999844 ], [ -55.609603881999931, -22.6904678329999 ], [ -55.611750106999978, -22.695234290999906 ], [ -55.613792418999935, -22.699769973999935 ], [ -55.614684091999891, -22.699409058999947 ], [ -55.615955352999833, -22.698894499999881 ], [ -55.613956450999979, -22.71769523599994 ], [ -55.614184855999952, -22.718785734999983 ], [ -55.61602783099994, -22.727584839999906 ], [ -55.616540131999898, -22.730034517999911 ], [ -55.617801665999934, -22.73606681699988 ], [ -55.625381468999933, -22.75033187799994 ], [ -55.626083373999904, -22.753690719999952 ], [ -55.625717855999937, -22.756972069999961 ], [ -55.625495909999984, -22.758964537999873 ], [ -55.621112361999906, -22.763495375999923 ], [ -55.619405465999932, -22.765259624999885 ], [ -55.619308471999886, -22.765359877999913 ], [ -55.617347717999905, -22.768140792999816 ], [ -55.627353668999945, -22.766738891999978 ], [ -55.634906767999951, -22.770605087999968 ], [ -55.636519939999971, -22.77552458699995 ], [ -55.63869341599991, -22.782152778999944 ], [ -55.639022827999838, -22.783157348999907 ], [ -55.641392329999974, -22.784789772999886 ], [ -55.652266110999847, -22.792281060999926 ], [ -55.652304769999944, -22.792307693999931 ], [ -55.653015136999898, -22.792797087999929 ], [ -55.649772643999938, -22.802555082999959 ], [ -55.655990600999985, -22.808557508999911 ], [ -55.654107457999942, -22.818061104999856 ], [ -55.653987884999935, -22.818664549999937 ], [ -55.658309936999956, -22.825292585999932 ], [ -55.658798217999959, -22.842428205999909 ], [ -55.663150769999902, -22.858555018999937 ], [ -55.663177489999896, -22.858654021999882 ], [ -55.6658515929999, -22.868566512999905 ], [ -55.661346081999966, -22.881132204999972 ], [ -55.661151884999981, -22.88167381299985 ], [ -55.66101074099987, -22.882068633999836 ], [ -55.660889744999963, -22.882406242999878 ], [ -55.64987182699997, -22.913148879999881 ], [ -55.64987182699997, -22.929184259999886 ], [ -55.64987182699997, -22.929975508999973 ], [ -55.64987182699997, -22.93249130199996 ], [ -55.650432585999908, -22.934106826999937 ], [ -55.650584266999942, -22.934543200999826 ], [ -55.653671264999957, -22.943424223999955 ], [ -55.656597136999892, -22.951837539999929 ], [ -55.668811798999968, -22.965488432999962 ], [ -55.670898436999948, -22.967819213999917 ], [ -55.682674408999958, -22.980436325999904 ], [ -55.684543608999945, -22.987909315999957 ], [ -55.685195921999878, -22.990528105999942 ], [ -55.680992126999968, -22.992210387999933 ], [ -55.680435180999893, -22.992767333999836 ], [ -55.679306030999896, -22.993894575999946 ], [ -55.676784514999895, -22.996416091999947 ], [ -55.670898436999948, -22.998098372999948 ], [ -55.662487029999966, -22.993892668999933 ], [ -55.655578613999921, -22.991590498999983 ], [ -55.654914855999891, -22.991369247999955 ], [ -55.644824982999921, -22.989688873999853 ], [ -55.641605376999905, -22.992446898999958 ], [ -55.638935088999972, -22.99473381099989 ], [ -55.638187408999897, -22.996728896999969 ], [ -55.63641357399996, -23.001462935999882 ], [ -55.640865324999936, -23.012910842999929 ], [ -55.642299651999963, -23.016605377999895 ], [ -55.639300781999907, -23.025662515999954 ], [ -55.639222359999906, -23.025899365999919 ], [ -55.638992308999889, -23.026594160999935 ], [ -55.631119047999903, -23.029968550999968 ], [ -55.624245090999977, -23.032914649999952 ], [ -55.623357391999946, -23.033295107999891 ], [ -55.623046874999943, -23.033428191999974 ], [ -55.621823322999944, -23.034540511999978 ], [ -55.613968854999939, -23.041680937999956 ], [ -55.613605499999892, -23.042011260999971 ], [ -55.612718260999941, -23.044504591999839 ], [ -55.611356471999898, -23.048331509999912 ], [ -55.611103057999969, -23.049043655999981 ], [ -55.611426352999899, -23.049558843999876 ], [ -55.612622168999906, -23.051464441999883 ], [ -55.614603631999898, -23.05462201399996 ], [ -55.614772796999944, -23.054891586999929 ], [ -55.613685799999985, -23.056324503999917 ], [ -55.611488342999962, -23.059221267999874 ], [ -55.611166761999925, -23.065297883999961 ], [ -55.610903498999903, -23.0702725189999 ], [ -55.610515594999981, -23.07760238599991 ], [ -55.614691638999886, -23.084081293999873 ], [ -55.615001677999885, -23.084562301999881 ], [ -55.617630005999899, -23.088632582999878 ], [ -55.612106321999931, -23.100530622999941 ], [ -55.603195189999894, -23.111398696999913 ], [ -55.601615905999893, -23.113323209999976 ], [ -55.59780120899984, -23.120853422999971 ], [ -55.597746930999961, -23.120960797999885 ], [ -55.597099303999926, -23.122241972999916 ], [ -55.596643012999948, -23.127691751999919 ], [ -55.596557615999984, -23.128711700999929 ], [ -55.595947264999893, -23.135990141999969 ], [ -55.595904566999934, -23.136504651999928 ], [ -55.59575653099995, -23.138288497999895 ], [ -55.59300613399995, -23.142404555999917 ], [ -55.589275359999874, -23.143989561999888 ], [ -55.576141356999926, -23.142776487999981 ], [ -55.573480733999986, -23.143388970999922 ], [ -55.571998594999911, -23.14373016299993 ], [ -55.565776607999965, -23.145161708999979 ], [ -55.56520080599995, -23.145294188999912 ], [ -55.563480375999973, -23.145690916999968 ], [ -55.55890274099994, -23.148315429999968 ], [ -55.547893522999971, -23.154630660999885 ], [ -55.545621741999923, -23.155934160999891 ], [ -55.544067383999902, -23.15682601899988 ], [ -55.542610167999953, -23.158535003999816 ], [ -55.54090853699995, -23.160534506999966 ], [ -55.538818359999937, -23.162990569999977 ], [ -55.537487029999909, -23.176742553999873 ], [ -55.520999907999908, -23.194309234999935 ], [ -55.518966674999888, -23.201866148999898 ], [ -55.521884918999945, -23.210136413999862 ], [ -55.529537200999926, -23.216142652999963 ], [ -55.532478332999915, -23.221433638999883 ], [ -55.533657073999905, -23.230611800999895 ], [ -55.532363890999932, -23.238401413999952 ], [ -55.53021140199985, -23.243531139999902 ], [ -55.528331756999933, -23.248010633999911 ], [ -55.526031493999938, -23.25081062299995 ], [ -55.519325256999934, -23.258966444999942 ], [ -55.522769927999889, -23.263114928999983 ], [ -55.526787519999971, -23.263267387999974 ], [ -55.528198242999963, -23.263320921999878 ], [ -55.529716490999931, -23.263380049999967 ], [ -55.53490829499998, -23.26615714999997 ], [ -55.540180206999821, -23.271087645999899 ], [ -55.541320799999937, -23.272155760999908 ], [ -55.542443015999879, -23.273882654999966 ], [ -55.548198699999887, -23.282739638999885 ], [ -55.548492430999943, -23.314153670999929 ], [ -55.542972564999957, -23.322837829999912 ], [ -55.534000396999886, -23.328063964999956 ], [ -55.528255462999937, -23.333765029999881 ], [ -55.521736144999977, -23.343126295999923 ], [ -55.5141792309999, -23.359136580999916 ], [ -55.505455016999974, -23.36436271599996 ], [ -55.504222868999932, -23.366264342999898 ], [ -55.502941131999933, -23.368246077999913 ], [ -55.501125335999973, -23.379241942999954 ], [ -55.508270986999946, -23.389718414999948 ], [ -55.50850295999993, -23.390058517999933 ], [ -55.508696292999957, -23.390980621999915 ], [ -55.511631011999953, -23.404977798999937 ], [ -55.518741606999924, -23.418542861999924 ], [ -55.525897979999911, -23.429643629999873 ], [ -55.530078887999878, -23.432359694999889 ], [ -55.536952972999984, -23.444549560999974 ], [ -55.539367675999983, -23.455106735999948 ], [ -55.53856658899997, -23.463584899999944 ], [ -55.540252684999928, -23.477905273999966 ], [ -55.536663054999963, -23.479425429999935 ], [ -55.540493010999967, -23.479948042999979 ], [ -55.540627748999896, -23.48110085899998 ], [ -55.54093551699998, -23.483734129999903 ], [ -55.54256057799995, -23.497533798999939 ], [ -55.535724639999955, -23.534978865999904 ], [ -55.524463652999884, -23.565057752999962 ], [ -55.525131225999985, -23.566732406999904 ], [ -55.526287077999939, -23.569627761999925 ], [ -55.528244017999953, -23.574525831999892 ], [ -55.529366694999965, -23.577339517999917 ], [ -55.532531737999875, -23.585271834999958 ], [ -55.532605843999875, -23.58619093499982 ], [ -55.532825469999977, -23.588914870999872 ], [ -55.534599304999972, -23.610954283999888 ], [ -55.53032302999992, -23.618038177999892 ], [ -55.524585723999962, -23.620756147999828 ], [ -55.517902374999949, -23.615907668999853 ], [ -55.511676788999978, -23.617248533999941 ], [ -55.508174896999947, -23.619981764999977 ], [ -55.504386901999965, -23.628669738999918 ], [ -55.476692198999842, -23.640888213999972 ], [ -55.473415374999945, -23.646602629999904 ], [ -55.47307586699992, -23.65010833599996 ], [ -55.472957611999902, -23.651296613999875 ], [ -55.47180938799994, -23.663093566999862 ], [ -55.469772339999963, -23.66632461599994 ], [ -55.465641020999954, -23.672780990999911 ], [ -55.461265563999916, -23.676097868999818 ], [ -55.458724974999939, -23.683645247999891 ], [ -55.457927704999975, -23.690517424999882 ], [ -55.461059568999929, -23.704744338999944 ], [ -55.460510253999871, -23.712076186999923 ], [ -55.458885393999878, -23.713553412999943 ], [ -55.457004546999883, -23.715263366999864 ], [ -55.456188611999949, -23.715221443999951 ], [ -55.452101073999984, -23.715011424999886 ], [ -55.452030180999884, -23.71500778199993 ], [ -55.448493371999973, -23.712365444999875 ], [ -55.448417663999919, -23.712308882999935 ], [ -55.442127226999958, -23.707612990999962 ], [ -55.436656950999861, -23.707351683999946 ], [ -55.433391569999969, -23.711229324999863 ], [ -55.433364868999945, -23.71466636599996 ], [ -55.435325622999926, -23.717042922999951 ], [ -55.440769195999849, -23.723646163999945 ], [ -55.441646576999972, -23.72924613899994 ], [ -55.441955565999933, -23.731216428999971 ], [ -55.437244415999885, -23.758012771999972 ], [ -55.436763762999817, -23.76074981599993 ], [ -55.430934904999901, -23.774923324999918 ], [ -55.432003019999968, -23.782148360999884 ], [ -55.432142074999945, -23.78309213499989 ], [ -55.432594299999892, -23.786161421999907 ], [ -55.438421897999945, -23.800036038999963 ], [ -55.439445495999905, -23.802473067999983 ], [ -55.442827326999975, -23.806724220999911 ], [ -55.445121764999897, -23.809608459999879 ], [ -55.445336879999957, -23.810631955999952 ], [ -55.44632720899989, -23.81534385599997 ], [ -55.446285246999878, -23.815471649999893 ], [ -55.4445419299999, -23.820833205999975 ], [ -55.436023710999962, -23.827886581999849 ], [ -55.433208465999883, -23.837953567999932 ], [ -55.436115264999955, -23.84919738799988 ], [ -55.434658049999939, -23.853471755999976 ], [ -55.433311461999892, -23.857431410999936 ], [ -55.433078765999937, -23.863855361999981 ], [ -55.43530273499988, -23.872499464999976 ], [ -55.435953113999972, -23.875023439999893 ], [ -55.437862396999947, -23.882432937999909 ], [ -55.440491087999931, -23.905825657999912 ], [ -55.440902709999875, -23.909488677999946 ], [ -55.440296173999968, -23.910230634999891 ], [ -55.436630248999961, -23.914730070999951 ], [ -55.431888579999963, -23.915849685999945 ], [ -55.428527831999872, -23.921722410999848 ], [ -55.428100584999981, -23.922470092999959 ], [ -55.428071968999973, -23.926222001999975 ], [ -55.428066951999938, -23.926879754999959 ], [ -55.42806625299994, -23.926971434999928 ], [ -55.428058624999949, -23.928161620999902 ], [ -55.428035736999902, -23.93117523199993 ], [ -55.418479918999935, -23.94257545399995 ], [ -55.411880491999852, -23.958574294999949 ], [ -55.405632018999938, -23.960828780999975 ], [ -55.404067992999956, -23.962650298999961 ], [ -55.396831511999892, -23.971084593999876 ], [ -55.387622944999976, -23.967523424999854 ], [ -55.387580302999879, -23.967506933999971 ], [ -55.381172180999954, -23.965028762999964 ], [ -55.377681731999985, -23.965465545999848 ], [ -55.374622343999874, -23.974151610999911 ], [ -55.371360778999929, -23.976652144999946 ], [ -55.365116118999879, -23.97821426299987 ], [ -55.353565216999925, -23.988912581999898 ], [ -55.348567962999937, -23.990484237999908 ], [ -55.340839385999914, -23.990434645999983 ], [ -55.336418150999975, -23.988811492999957 ], [ -55.335121154999854, -23.988336562999848 ], [ -55.332897185999968, -23.98603057899993 ], [ -55.330005645999961, -23.973640441999976 ], [ -55.324611662999985, -23.962650298999961 ], [ -55.324363708999897, -23.962150572999917 ], [ -55.320404052999947, -23.958688735999942 ], [ -55.314193724999882, -23.956125257999929 ], [ -55.299682616999974, -23.962673186999893 ], [ -55.292907714999956, -23.967897414999982 ], [ -55.282138824999947, -23.97394943099988 ], [ -55.263024722999944, -23.984688117999951 ], [ -55.260047911999891, -23.986360549999972 ], [ -55.255836486999897, -23.988727568999934 ], [ -55.253314971999885, -23.991914747999942 ], [ -55.245819090999987, -23.997184752999829 ], [ -55.239749908999897, -24.001670836999836 ], [ -55.233509063999918, -24.006277083999919 ], [ -55.230278014999953, -24.008590696999931 ], [ -55.225505828999985, -24.009845732999963 ], [ -55.218129330999886, -24.009108083999934 ], [ -55.217037201999972, -24.00899887099996 ], [ -55.212162017999958, -24.007490157999939 ], [ -55.207504272999984, -24.003759382999874 ], [ -55.207410247999917, -24.003651951999871 ], [ -55.205604553999933, -24.001588820999871 ], [ -55.201747894999926, -23.997184752999829 ], [ -55.199729918999935, -23.989934919999939 ], [ -55.198893101999886, -23.988760285999888 ], [ -55.198284147999971, -23.987905501999876 ], [ -55.197761535999973, -23.987171172999979 ], [ -55.196895124999969, -23.986724980999895 ], [ -55.192798613999969, -23.984615325999982 ], [ -55.185565947999976, -23.984790801999907 ], [ -55.172824859999935, -23.987676618999956 ], [ -55.159168242999954, -23.98184967099985 ], [ -55.156517028999929, -23.983089446999941 ], [ -55.156069032999937, -23.98329965999983 ], [ -55.155190135999931, -23.983712065999953 ], [ -55.155029295999952, -23.983787536999955 ], [ -55.152908324999942, -23.984781265999914 ], [ -55.144428251999898, -23.98494720399998 ], [ -55.137512207999976, -23.978248594999968 ], [ -55.119609831999981, -23.97307205199985 ], [ -55.114727019999975, -23.962268828999925 ], [ -55.111503601999914, -23.960182190999944 ], [ -55.108493805999956, -23.963174818999846 ], [ -55.108253973999979, -23.963412965999908 ], [ -55.107135771999936, -23.964523314999951 ], [ -55.107005213999969, -23.964653173999864 ], [ -55.10428619399994, -23.967357634999814 ], [ -55.103037659999927, -23.968598176999933 ], [ -55.098922729999913, -23.972686766999857 ], [ -55.094413757999973, -23.975843429999827 ], [ -55.093516206999936, -23.976471838999942 ], [ -55.08888626199996, -23.979713438999909 ], [ -55.078926084999978, -23.984670637999841 ], [ -55.078842970999915, -23.98471200399996 ], [ -55.077266692999899, -23.98549651999997 ], [ -55.077110289999951, -23.985574722999957 ], [ -55.072512863999918, -23.98634574099998 ], [ -55.072219847999918, -23.986394881999956 ], [ -55.060131071999876, -23.988418578999983 ], [ -55.056159972999922, -23.987411498999961 ], [ -55.052965847999985, -23.98660162099992 ], [ -55.052669524999885, -23.986526487999981 ], [ -55.048812866999981, -23.982746122999856 ], [ -55.048510456999963, -23.98244892799994 ], [ -55.047485351999967, -23.981441496999935 ], [ -55.038532256999986, -23.978025436999872 ], [ -55.03829193099989, -23.977935789999947 ], [ -55.037609098999894, -23.977233886999954 ], [ -55.030887603999929, -23.970315932999881 ], [ -55.021198272999982, -23.967258452999943 ], [ -55.005363464999959, -23.955442428999902 ], [ -54.999294280999891, -23.955310819999966 ], [ -54.972217559999876, -23.954708098999902 ], [ -54.965076447999934, -23.956747054999937 ], [ -54.951969145999897, -23.960489272999951 ], [ -54.939235686999893, -23.962444304999963 ], [ -54.937919617999967, -23.962272643999881 ], [ -54.931766509999875, -23.961463927999944 ], [ -54.929553985999974, -23.959909437999954 ], [ -54.926818847999982, -23.957986830999914 ], [ -54.925741121999977, -23.956259078999892 ], [ -54.925727843999937, -23.9562377929999 ], [ -54.924369812999942, -23.954067228999975 ], [ -54.92283630299994, -23.946647643999825 ], [ -54.921287535999966, -23.939151762999927 ], [ -54.917377471999941, -23.931785582999964 ], [ -54.922130416999892, -23.923884260999841 ], [ -54.922451019999983, -23.923351287999878 ], [ -54.921516418999886, -23.922096250999971 ], [ -54.919013976999963, -23.918737410999938 ], [ -54.912060043999986, -23.915129411999942 ], [ -54.911827087999882, -23.915008543999875 ], [ -54.909752767999919, -23.912495569999976 ], [ -54.908634185999915, -23.911140442999965 ], [ -54.907825469999977, -23.910165786999926 ], [ -54.907093047999979, -23.909275054999966 ], [ -54.904201507999971, -23.905776976999903 ], [ -54.893714903999978, -23.907518385999936 ], [ -54.89208266299994, -23.904885570999966 ], [ -54.89192581199984, -23.904632567999897 ], [ -54.888294856999948, -23.898772804999908 ], [ -54.887569427999892, -23.897602080999945 ], [ -54.886859892999894, -23.89645767199994 ], [ -54.879398345999903, -23.895246505999978 ], [ -54.871116637999876, -23.900669096999877 ], [ -54.861778259999937, -23.904546736999976 ], [ -54.860851288999982, -23.904932021999969 ], [ -54.856155395999963, -23.904556273999958 ], [ -54.854381560999968, -23.904413222999949 ], [ -54.849537502999965, -23.89945470899994 ], [ -54.849376678999931, -23.899290084999905 ], [ -54.848960876999911, -23.89886665299997 ], [ -54.845686977999947, -23.893151299999943 ], [ -54.843597412999884, -23.889503478999927 ], [ -54.842361449999942, -23.887350082999887 ], [ -54.839721678999922, -23.885631559999979 ], [ -54.839145658999939, -23.88525771999997 ], [ -54.837770077999835, -23.884965644999966 ], [ -54.834760169999925, -23.884326554999916 ], [ -54.832183837999935, -23.883779525999955 ], [ -54.831562041999973, -23.883647918999941 ], [ -54.82383346599994, -23.884788512999876 ], [ -54.823654175999934, -23.884815216999868 ], [ -54.823516846999951, -23.884836197999903 ], [ -54.823204039999894, -23.884881972999949 ], [ -54.815246581999986, -23.883432386999914 ], [ -54.808811187999879, -23.880895614999929 ], [ -54.806504298999982, -23.879986693999967 ], [ -54.803340911999896, -23.878740309999955 ], [ -54.802980378999905, -23.878103599999918 ], [ -54.802745818999938, -23.877689360999909 ], [ -54.797725677999892, -23.868833542999937 ], [ -54.78706359899985, -23.864379881999866 ], [ -54.775341033999894, -23.865535735999913 ], [ -54.774715273999902, -23.865596639999978 ], [ -54.774341582999966, -23.865633009999897 ], [ -54.773892063999938, -23.865452331999961 ], [ -54.771385193999947, -23.864444731999981 ], [ -54.766159056999925, -23.86234664899996 ], [ -54.763248442999952, -23.855674743999828 ], [ -54.759277343999941, -23.854261397999949 ], [ -54.7402381899999, -23.863471983999887 ], [ -54.737827300999982, -23.86336517399991 ], [ -54.720321655999953, -23.862590789999899 ], [ -54.718132018999938, -23.862113952999948 ], [ -54.700603484999931, -23.858303069999977 ], [ -54.700443266999912, -23.858268737999936 ], [ -54.700237274999949, -23.857938766999837 ], [ -54.698722838999856, -23.855506895999952 ], [ -54.698190092999937, -23.854651402999878 ], [ -54.698001860999966, -23.854349136999929 ], [ -54.698525887999892, -23.849227429999814 ], [ -54.698844909999934, -23.846109389999924 ], [ -54.698558016999982, -23.844304353999974 ], [ -54.69810400199998, -23.84144784599988 ], [ -54.697792052999944, -23.839485167999953 ], [ -54.697456359999933, -23.837387083999886 ], [ -54.695655822999925, -23.834772108999971 ], [ -54.694274902999894, -23.83277130099998 ], [ -54.688640593999935, -23.828104018999966 ], [ -54.685879027999931, -23.825814312999967 ], [ -54.684856413999967, -23.824966429999904 ], [ -54.683109282999908, -23.822835921999911 ], [ -54.679771423999966, -23.817276001999971 ], [ -54.675334930999895, -23.813564299999825 ], [ -54.672233580999944, -23.813188552999975 ], [ -54.670753478999984, -23.813007353999922 ], [ -54.669793841999876, -23.812890176999929 ], [ -54.669465935999938, -23.812850137999874 ], [ -54.667129515999875, -23.812564848999898 ], [ -54.660820007999916, -23.815502165999931 ], [ -54.654537200999926, -23.818433760999937 ], [ -54.643150329999969, -23.831674575999898 ], [ -54.642944335999971, -23.831912994999925 ], [ -54.642678907999937, -23.83222151699988 ], [ -54.640289305999943, -23.834999084999936 ], [ -54.629100798999957, -23.833570479999935 ], [ -54.627546167999981, -23.833072698999956 ], [ -54.62711715599994, -23.832935332999966 ], [ -54.620735168999943, -23.830890654999962 ], [ -54.602394104999917, -23.834857940999882 ], [ -54.598251342999959, -23.835756302999869 ], [ -54.589634866999972, -23.839579385999912 ], [ -54.589206694999973, -23.839769362999903 ], [ -54.583339691999925, -23.842372892999947 ], [ -54.582917323999823, -23.842560380999828 ], [ -54.57286834699994, -23.847021102999975 ], [ -54.570156673999975, -23.850886308999918 ], [ -54.569007872999919, -23.852523803999873 ], [ -54.566997528999934, -23.855386732999875 ], [ -54.566730498999959, -23.855768202999911 ], [ -54.565704345999961, -23.857231138999907 ], [ -54.56602149899993, -23.859144660999959 ], [ -54.568271635999963, -23.872720717999982 ], [ -54.566367796999884, -23.873736782999913 ], [ -54.565441130999943, -23.874231337999902 ], [ -54.561206817999903, -23.876493453999842 ], [ -54.545875548999959, -23.871141433999924 ], [ -54.545444488999919, -23.871078490999878 ], [ -54.538063239999985, -23.870011339999962 ], [ -54.536090850999983, -23.86972617999993 ], [ -54.53309631299993, -23.870468138999911 ], [ -54.526245116999974, -23.872169493999934 ], [ -54.525428512999895, -23.872980047999931 ], [ -54.517419782999923, -23.880929445999982 ], [ -54.513629912999875, -23.884691237999903 ], [ -54.513604796999914, -23.884716102999903 ], [ -54.513439178999931, -23.884880064999891 ], [ -54.510292053999933, -23.883943557999942 ], [ -54.506420509999941, -23.882793180999897 ], [ -54.503231048999965, -23.881845474999977 ], [ -54.497360228999923, -23.880100250999931 ], [ -54.495304106999981, -23.879487991999895 ], [ -54.482658386999958, -23.881891249999967 ], [ -54.464996336999889, -23.897657393999907 ], [ -54.463806150999915, -23.89871978799988 ], [ -54.461819807999973, -23.90049386499993 ], [ -54.459915160999969, -23.902194975999919 ], [ -54.432674406999979, -23.911777494999967 ], [ -54.431728362999934, -23.912113188999967 ], [ -54.42664721899996, -23.915077344999816 ], [ -54.410907744999918, -23.924259184999869 ], [ -54.409909583999934, -23.925370201999954 ], [ -54.399082182999905, -23.937421798999935 ], [ -54.38887023999996, -23.961746215999938 ], [ -54.375755309999931, -23.98360443099989 ], [ -54.3702525839999, -23.991820595999968 ], [ -54.367729186999952, -23.995588301999874 ], [ -54.366661071999943, -23.997180938999975 ], [ -54.365687220999916, -23.997602833999963 ], [ -54.365489958999945, -23.997688292999896 ], [ -54.362543076999941, -23.998964969999861 ], [ -54.362113750999924, -23.999150966999878 ], [ -54.3556632989999, -24.001945494999916 ], [ -54.352073669999982, -24.003141403999905 ], [ -54.347546848999912, -24.004649289999975 ], [ -54.346611021999934, -24.004961013999946 ], [ -54.343486785999971, -24.006002425999952 ], [ -54.336174010999969, -24.006179808999946 ], [ -54.330886839999891, -24.005752563999977 ], [ -54.323902129999908, -24.007013319999828 ], [ -54.319859462999943, -24.00865854999995 ], [ -54.319740294999917, -24.008707046999973 ], [ -54.318984984999872, -24.00901222199991 ], [ -54.315834044999917, -24.011508940999931 ], [ -54.314743040999986, -24.014223097999945 ], [ -54.31516647299992, -24.018783568999879 ], [ -54.317401885999971, -24.025180816999864 ], [ -54.317192077999948, -24.028142927999966 ], [ -54.316047667999953, -24.031137465999961 ], [ -54.315297081999972, -24.033099794999941 ], [ -54.315013885999917, -24.033840179999913 ], [ -54.312553405999893, -24.03743362299997 ], [ -54.311919621999948, -24.038357891999965 ], [ -54.309394835999967, -24.042039871999975 ], [ -54.307697295999844, -24.043680190999908 ], [ -54.30398178199988, -24.047275541999852 ], [ -54.298835752999935, -24.051700591999975 ], [ -54.291435240999817, -24.059133529999883 ], [ -54.283922576999942, -24.067404649999901 ], [ -54.283859253999935, -24.067474365999885 ], [ -54.281249998999954, -24.071744918999855 ], [ -54.280464171999938, -24.074985502999937 ], [ -54.280540465999877, -24.077671050999982 ], [ -54.282043455999883, -24.080259322999837 ], [ -54.28362274299991, -24.082973479999964 ], [ -54.290245055999947, -24.089271544999974 ], [ -54.300476074999835, -24.098701476999963 ], [ -54.309791563999909, -24.106811523999966 ], [ -54.317035675999875, -24.11416244399993 ], [ -54.32246017499989, -24.119411466999907 ], [ -54.324382782999976, -24.121683120999933 ], [ -54.325798033999945, -24.12336158699992 ], [ -54.327987671999949, -24.128147123999838 ], [ -54.329345702999944, -24.134567259999983 ], [ -54.330440521999947, -24.142068861999917 ], [ -54.330619811999952, -24.148248670999919 ], [ -54.328063964999956, -24.161214828999903 ], [ -54.326507567999954, -24.168239592999953 ], [ -54.325756071999933, -24.171234130999892 ], [ -54.324405670999852, -24.176624297999922 ], [ -54.324687956999924, -24.186296463999952 ], [ -54.325931547999971, -24.198902129999965 ], [ -54.32705679999998, -24.206034674999898 ], [ -54.327373504999912, -24.208042144999922 ], [ -54.329357147999986, -24.216026306999936 ], [ -54.329247347999967, -24.221349887999963 ], [ -54.329235077999954, -24.221944808999979 ], [ -54.328220367999904, -24.227344511999888 ], [ -54.327518461999944, -24.23354339499997 ], [ -54.32563018899998, -24.239238739999905 ], [ -54.323589325999876, -24.242212293999955 ], [ -54.323379515999932, -24.242517470999871 ], [ -54.318225861999963, -24.246944427999949 ], [ -54.311420439999949, -24.25225829999988 ], [ -54.309886932999916, -24.253551482999967 ], [ -54.299610136999945, -24.26271247699998 ], [ -54.292186736999895, -24.269880294999894 ], [ -54.285057067999901, -24.27703857399996 ], [ -54.278270721999945, -24.286073683999859 ], [ -54.274139403999982, -24.295585632999973 ], [ -54.271743773999901, -24.300575255999945 ], [ -54.264991759999987, -24.314619063999942 ], [ -54.26068115299995, -24.328165053999953 ], [ -54.259433746999946, -24.335992812999962 ], [ -54.258632658999886, -24.349185943999942 ], [ -54.258727562999923, -24.350934572999904 ], [ -54.258964537999987, -24.355300902999943 ], [ -54.25918960499996, -24.359388351999939 ], [ -54.259246825999981, -24.360464094999941 ], [ -54.262443542999904, -24.374458312999934 ], [ -54.266654967999955, -24.38341522099995 ], [ -54.273743655999965, -24.397286831999963 ], [ -54.276294708999956, -24.402278899999942 ], [ -54.285224914999958, -24.4165859229999 ], [ -54.289505005999956, -24.422399519999885 ], [ -54.29464721699992, -24.428129195999873 ], [ -54.29482702599995, -24.428329948999874 ], [ -54.298004148999951, -24.431877136999901 ], [ -54.304145811999888, -24.441144942999983 ], [ -54.309078215999875, -24.449090957999886 ], [ -54.315456389999952, -24.456199645999845 ], [ -54.320690154999909, -24.464412688999914 ], [ -54.325035095999965, -24.472375868999961 ], [ -54.32851409899996, -24.48089790399996 ], [ -54.328608943999882, -24.481124023999939 ], [ -54.330554961999894, -24.485763548999842 ], [ -54.332309721999934, -24.48994636499998 ], [ -54.335273742999959, -24.500902175999897 ], [ -54.335964202999889, -24.505477904999964 ], [ -54.336658477999947, -24.510093688999973 ], [ -54.336639404999971, -24.510545729999876 ], [ -54.337699889999897, -24.523700713999972 ], [ -54.33811187799995, -24.537946701999886 ], [ -54.337814331999937, -24.547903060999886 ], [ -54.337150573999907, -24.555450439999959 ], [ -54.335319517999949, -24.563293456999929 ], [ -54.334403991999977, -24.572189330999947 ], [ -54.333461760999967, -24.580280302999938 ], [ -54.332542419999925, -24.589178084999958 ], [ -54.331947326999966, -24.598505019999948 ], [ -54.331531524999946, -24.605068206999931 ], [ -54.330600738999976, -24.613428115999909 ], [ -54.330600738999976, -24.623649597999929 ], [ -54.332584381999936, -24.631132125999954 ], [ -54.33403396499989, -24.64051055799996 ], [ -54.335090636999837, -24.646402358999921 ], [ -54.338005065999937, -24.655479431999936 ], [ -54.339324950999981, -24.659406660999878 ], [ -54.348136900999975, -24.685657500999923 ], [ -54.349292754999965, -24.689094541999907 ], [ -54.355583189999948, -24.704374312999846 ], [ -54.357852935999972, -24.709867477999978 ], [ -54.360572815999944, -24.722173689999977 ], [ -54.363178252999887, -24.730716704999907 ], [ -54.366733549999879, -24.741390227999943 ], [ -54.371189117999961, -24.752578734999929 ], [ -54.3743357379999, -24.759581611999977 ], [ -54.374656675999972, -24.760295867999957 ], [ -54.375900268999942, -24.763313292999953 ], [ -54.377834319999977, -24.768018722999955 ], [ -54.381622314999959, -24.776535033999949 ], [ -54.386001587999942, -24.78503608799997 ], [ -54.388549804999911, -24.791429519999951 ], [ -54.391349792999961, -24.796472548999873 ], [ -54.393430121999984, -24.802116272999911 ], [ -54.397441863999973, -24.812999725999873 ], [ -54.404533385999912, -24.833269117999919 ], [ -54.411525725999979, -24.859998702999974 ], [ -54.413688659999934, -24.86770057699988 ], [ -54.415915201999951, -24.875630542999829 ], [ -54.416477202999886, -24.877632141999982 ], [ -54.42049407899998, -24.893676758999959 ], [ -54.423133849999886, -24.905611037999904 ], [ -54.423351287999935, -24.906589508999957 ], [ -54.424934386999951, -24.913740158999929 ], [ -54.428909300999919, -24.928169249999883 ], [ -54.434085845999959, -24.943376539999974 ], [ -54.438024779999978, -24.95813837399993 ], [ -54.442279814999893, -24.974084853999955 ], [ -54.443073271999879, -24.977050780999946 ], [ -54.448711395999908, -24.997156142999927 ], [ -54.453334807999852, -25.013654707999876 ], [ -54.457038878999981, -25.028629302999889 ], [ -54.459159850999981, -25.03842925899994 ], [ -54.459281921999946, -25.038984297999946 ], [ -54.459457396999881, -25.039798735999966 ], [ -54.461849211999834, -25.050840377999975 ], [ -54.462061345999984, -25.052280090999943 ], [ -54.462600706999922, -25.055940626999927 ], [ -54.462958700999877, -25.058370727999829 ], [ -54.464202879999959, -25.066816329999881 ], [ -54.464454650999926, -25.068534849999878 ], [ -54.46498489399994, -25.076322554999933 ], [ -54.464050292999957, -25.084419249999939 ], [ -54.461900762999903, -25.093823443999895 ], [ -54.461700439999959, -25.094699858999945 ], [ -54.45959447499996, -25.101888993999978 ], [ -54.459556579999855, -25.102018355999917 ], [ -54.457965849999937, -25.107976912999902 ], [ -54.453468321999878, -25.115621565999959 ], [ -54.448104857999908, -25.124097823999875 ], [ -54.439086914999962, -25.138851164999949 ], [ -54.436279295999896, -25.143764494999971 ], [ -54.435867308999889, -25.149694442999873 ], [ -54.436012268999832, -25.154533384999979 ], [ -54.43918609699989, -25.161720275999983 ], [ -54.443131527999924, -25.167868151999983 ], [ -54.446327209999936, -25.172847747999981 ], [ -54.446449279999968, -25.173057554999957 ], [ -54.452877043999877, -25.183984756999962 ], [ -54.456657408999945, -25.190116881999927 ], [ -54.459411619999912, -25.194583891999969 ], [ -54.464225767999892, -25.202772139999979 ], [ -54.465335844999913, -25.204660415999967 ], [ -54.468273162999935, -25.209758757999907 ], [ -54.469925675999889, -25.21262274399993 ], [ -54.469966887999931, -25.212694167999871 ], [ -54.472522734999927, -25.217128752999884 ], [ -54.475009918999945, -25.221712112999967 ], [ -54.477855681999927, -25.226951597999971 ], [ -54.479896641999972, -25.231726597999966 ], [ -54.482635497999979, -25.23813438499991 ], [ -54.483139036999944, -25.239418029999911 ], [ -54.486808776999965, -25.248792648999938 ], [ -54.492950438999912, -25.265592573999868 ], [ -54.495975493999936, -25.277357099999904 ], [ -54.500095366999915, -25.286134718999904 ], [ -54.504779815999939, -25.294088363999947 ], [ -54.510108947999981, -25.303640364999978 ], [ -54.517543791999969, -25.314216612999928 ], [ -54.520027160999916, -25.317670821999911 ], [ -54.525901793999878, -25.325845717999982 ], [ -54.530261992999954, -25.332847594999976 ], [ -54.531513213999915, -25.33485221899997 ], [ -54.532917021999936, -25.336635589999958 ], [ -54.544162748999952, -25.350944518999938 ], [ -54.544910430999892, -25.351810453999974 ], [ -54.545442886999979, -25.352426012999842 ], [ -54.550312041999973, -25.35805511399991 ], [ -54.557052612999939, -25.365150451999909 ], [ -54.562847136999835, -25.37038421699998 ], [ -54.569011687999875, -25.378030777999982 ], [ -54.574546812999927, -25.384347915999967 ], [ -54.57826232899987, -25.389364241999886 ], [ -54.582035063999911, -25.39626693699995 ], [ -54.586471556999982, -25.405302047999839 ], [ -54.589714050999987, -25.414096832999917 ], [ -54.592929838999964, -25.422088621999933 ], [ -54.597438812999883, -25.428485869999975 ], [ -54.598518370999955, -25.430017470999928 ], [ -54.602533042999937, -25.437963820999983 ], [ -54.60260418199988, -25.438104628999838 ], [ -54.60294723599992, -25.438783644999887 ], [ -54.603219547999913, -25.439144863999843 ], [ -54.607199621999882, -25.444424389999938 ], [ -54.608520506999923, -25.446176528999956 ], [ -54.609306335999918, -25.447103499999912 ], [ -54.612525939999955, -25.45091438299994 ], [ -54.615955352999947, -25.456211088999964 ], [ -54.616024016999916, -25.458360671999912 ], [ -54.614994047999971, -25.463233947999981 ], [ -54.611740112999939, -25.47459030199991 ], [ -54.611134240999945, -25.476707047999923 ], [ -54.605667113999914, -25.495807646999879 ], [ -54.602821349999829, -25.504766463999943 ], [ -54.60214233399995, -25.506900786999893 ], [ -54.601274869999941, -25.516306112999871 ], [ -54.600388763999888, -25.525913565999872 ], [ -54.600376127999937, -25.526050566999913 ], [ -54.598506927999892, -25.541980742999954 ], [ -54.597660065999889, -25.552770613999826 ], [ -54.597652434999986, -25.553752898999903 ], [ -54.597560883999961, -25.568384169999945 ], [ -54.596107482999969, -25.578649520999932 ], [ -54.595642088999909, -25.592119216999833 ], [ -54.596294401999955, -25.594968795999876 ], [ -54.597400665999942, -25.599601744999973 ], [ -54.598083495999958, -25.602462768999885 ], [ -54.598876952999944, -25.608629225999948 ], [ -54.599170683999944, -25.609794615999931 ], [ -54.59989166299988, -25.612644195999962 ], [ -54.600353241999983, -25.617746352999973 ], [ -54.599929809999935, -25.623142240999925 ], [ -54.599182129999974, -25.627737045999879 ], [ -54.598777770999902, -25.63367080699993 ], [ -54.596584319999977, -25.639377593999882 ], [ -54.593837736999944, -25.646448134999957 ], [ -54.589962004999961, -25.655429838999964 ], [ -54.589179992999902, -25.658948898999881 ], [ -54.588825226999973, -25.662296295999909 ], [ -54.588722228999984, -25.663267135999945 ], [ -54.590003966999973, -25.666194915999938 ], [ -54.593635559999882, -25.668256759999963 ], [ -54.599609374999886, -25.669179915999962 ], [ -54.607368468999937, -25.670322416999909 ], [ -54.614810943999942, -25.670667647999892 ], [ -54.620399473999953, -25.668909072999952 ], [ -54.628337860999977, -25.666280746999917 ], [ -54.632774353999935, -25.665626526999972 ], [ -54.640205383999898, -25.665699004999908 ], [ -54.64497375499991, -25.666112899999973 ], [ -54.648883818999877, -25.667627334999963 ], [ -54.65193176199989, -25.669969557999934 ], [ -54.655929565999941, -25.674171446999878 ], [ -54.658157347999975, -25.678686140999957 ], [ -54.658691405999946, -25.680009840999958 ], [ -54.659446715999877, -25.681884765999939 ], [ -54.659290313999918, -25.686195372999975 ], [ -54.658470152999826, -25.688512801999877 ], [ -54.65765762299992, -25.690814971999941 ], [ -54.65726852399996, -25.697286604999931 ], [ -54.656265258999895, -25.702964781999981 ], [ -54.654613494999921, -25.707046507999962 ], [ -54.648574828999983, -25.713396072999956 ], [ -54.643836974999942, -25.720434187999899 ], [ -54.640914917999908, -25.725933074999944 ], [ -54.638607024999828, -25.731233595999925 ], [ -54.635696410999969, -25.737108230999922 ], [ -54.634174346999885, -25.741262435999829 ], [ -54.634132384999987, -25.746313094999834 ], [ -54.63372039799998, -25.752872466999975 ], [ -54.633354185999963, -25.760736465999969 ], [ -54.632694244999982, -25.765991209999981 ], [ -54.630397796999944, -25.771665572999893 ], [ -54.626506804999963, -25.77924728399995 ], [ -54.624408721999941, -25.783338546999914 ], [ -54.621837615999937, -25.788347244999898 ], [ -54.617919922999931, -25.795183181999903 ], [ -54.612789154999973, -25.802799224999831 ], [ -54.607780456999876, -25.807790755999918 ], [ -54.60037994299995, -25.81565284699991 ], [ -54.597236633999955, -25.820785521999881 ], [ -54.594844818999945, -25.823650358999942 ], [ -54.593288420999954, -25.826684950999947 ], [ -54.591529845999901, -25.829910277999829 ], [ -54.590621948999967, -25.833860396999967 ], [ -54.5903511059999, -25.838357925999958 ], [ -54.590732573999958, -25.843959807999909 ], [ -54.591217040999879, -25.846300124999857 ], [ -54.591464995999956, -25.847496031999867 ], [ -54.592628479999973, -25.851579664999974 ], [ -54.595111846999941, -25.858062743999938 ], [ -54.597366331999922, -25.863990783999952 ], [ -54.600208282999972, -25.868780135999941 ], [ -54.602424621999944, -25.87340164099993 ], [ -54.60659789999994, -25.880962371999885 ], [ -54.610748291999982, -25.887964247999946 ], [ -54.611762999999883, -25.889993667999931 ], [ -54.616275787999882, -25.899042128999952 ], [ -54.618511199999944, -25.904224394999915 ], [ -54.62034988399995, -25.909975051999936 ], [ -54.621978759999877, -25.914920805999941 ], [ -54.622123716999965, -25.915552137999953 ], [ -54.6226921089999, -25.917884826999966 ], [ -54.62326812799995, -25.923860549999972 ], [ -54.62178421099992, -25.929136276999941 ], [ -54.619529722999914, -25.936302184999818 ], [ -54.616847991999975, -25.943105696999908 ], [ -54.612915037999983, -25.949567794999894 ], [ -54.612121580999883, -25.950710295999841 ], [ -54.608989716999929, -25.956405639999957 ], [ -54.607643125999971, -25.959621427999934 ], [ -54.60752868599991, -25.962427138999942 ], [ -54.608249664999903, -25.965265272999943 ], [ -54.608470916999977, -25.966146468999909 ], [ -54.609783171999936, -25.968355177999968 ], [ -54.612377165999931, -25.971656798999959 ], [ -54.617912291999858, -25.976377485999933 ], [ -54.622123716999965, -25.978515625999876 ], [ -54.625686645999963, -25.979917526999884 ], [ -54.633548736999899, -25.979713439999955 ], [ -54.645950315999983, -25.979015349999941 ], [ -54.655887603999929, -25.978942870999902 ], [ -54.664382934999935, -25.979093550999949 ], [ -54.665355682999859, -25.979213713999911 ], [ -54.670619964999958, -25.9798660269999 ], [ -54.67209625199996, -25.980762480999886 ], [ -54.674434660999907, -25.982574462999821 ], [ -54.677040099999942, -25.986242292999975 ], [ -54.679679871999952, -25.991037367999979 ], [ -54.680835723999905, -25.994749068999965 ], [ -54.680854796999881, -25.995357512999931 ], [ -54.681556701999966, -25.997608184999933 ], [ -54.681667327999889, -26.000972747999924 ], [ -54.681388854999966, -26.005096435999974 ], [ -54.679389952999941, -26.013755797999977 ], [ -54.676536559999931, -26.021499632999962 ], [ -54.675827025999922, -26.023176193999973 ], [ -54.669681547999915, -26.034757613999943 ], [ -54.666713713999968, -26.040346145999877 ], [ -54.665744780999887, -26.040552137999953 ], [ -54.665252685999974, -26.041469573999905 ], [ -54.664855956999986, -26.042230605999919 ], [ -54.664112091999982, -26.043771743999969 ], [ -54.663024901999904, -26.046089171999881 ], [ -54.662380218999942, -26.047664640999926 ], [ -54.662006378999934, -26.048435209999923 ], [ -54.661602019999975, -26.049188612999899 ], [ -54.660770415999878, -26.05069160499994 ], [ -54.659923553999931, -26.052190780999979 ], [ -54.659057617999849, -26.053674697999895 ], [ -54.658641815999886, -26.05442237799997 ], [ -54.657947540999942, -26.055742264999935 ], [ -54.656982420999896, -26.057369230999882 ], [ -54.653408050999928, -26.062143324999909 ], [ -54.65026474099983, -26.067462920999901 ], [ -54.647686004999969, -26.07108306899994 ], [ -54.645748138999977, -26.075250625999956 ], [ -54.644466398999953, -26.080522535999876 ], [ -54.643192291999981, -26.085979461999955 ], [ -54.642501831999937, -26.090303421999863 ], [ -54.643287658999952, -26.095333099999891 ], [ -54.64428329499998, -26.100545881999892 ], [ -54.645248412999933, -26.106403350999983 ], [ -54.645572662999939, -26.108371733999945 ], [ -54.647808075999933, -26.113361357999963 ], [ -54.649394989999962, -26.117624281999895 ], [ -54.653068541999914, -26.122205733999976 ], [ -54.657569885999919, -26.126762389999953 ], [ -54.662273405999827, -26.131132124999965 ], [ -54.667392730999893, -26.13548850899997 ], [ -54.670822143999885, -26.138952253999946 ], [ -54.673629760999916, -26.14243125899992 ], [ -54.675582884999983, -26.14531516999989 ], [ -54.676246642999899, -26.146293639999953 ], [ -54.676330566999923, -26.148910522999927 ], [ -54.676246642999899, -26.152654647999952 ], [ -54.675109862999932, -26.156051634999983 ], [ -54.673843382999962, -26.161697386999947 ], [ -54.672111511999901, -26.165859221999938 ], [ -54.669185637999931, -26.171548843999972 ], [ -54.667037963999974, -26.175720213999966 ], [ -54.665485381999929, -26.17894363299996 ], [ -54.663265227999887, -26.180871962999959 ], [ -54.657798766999974, -26.184944151999957 ], [ -54.650657653999986, -26.188684463999948 ], [ -54.646949767999899, -26.190528868999877 ], [ -54.643512726999916, -26.192239760999882 ], [ -54.637393950999979, -26.195579527999882 ], [ -54.631912230999944, -26.199275970999963 ], [ -54.625995635999971, -26.202423095999904 ], [ -54.624416351999969, -26.204896926999879 ], [ -54.62170028699984, -26.210765838999919 ], [ -54.620613098999968, -26.215660095999965 ], [ -54.620338440999944, -26.217113493999932 ], [ -54.620452880999835, -26.217458724999915 ], [ -54.622859953999978, -26.221324920999962 ], [ -54.625667570999894, -26.224807738999914 ], [ -54.630367278999984, -26.228988647999984 ], [ -54.635429382999973, -26.231475829999908 ], [ -54.640892028999986, -26.233579635999888 ], [ -54.647865295999964, -26.237329483999929 ], [ -54.653808593999941, -26.24147415099992 ], [ -54.660629271999937, -26.246910094999919 ], [ -54.66634750399993, -26.250501632999885 ], [ -54.670181273999958, -26.253393173999939 ], [ -54.672214506999978, -26.255123137999931 ], [ -54.672527313999922, -26.255390167999906 ], [ -54.675327299999879, -26.258499145999906 ], [ -54.678184508999948, -26.263286589999893 ], [ -54.679950713999972, -26.26660919099993 ], [ -54.680545806999987, -26.269229888999973 ], [ -54.680675505999886, -26.269470214999956 ], [ -54.681648253999924, -26.273748397999896 ], [ -54.680908203999877, -26.276575087999845 ], [ -54.677711486999954, -26.280401229999939 ], [ -54.672866819999967, -26.284645080999894 ], [ -54.667995451999957, -26.28814124999991 ], [ -54.663555145999908, -26.292001722999942 ], [ -54.658145904999969, -26.298128127999973 ], [ -54.653915404999907, -26.302167891999886 ], [ -54.651157379999972, -26.306730270999935 ], [ -54.64970397999997, -26.313129425999932 ], [ -54.649803161999898, -26.316194533999976 ], [ -54.649860381999929, -26.317989348999959 ], [ -54.652271269999915, -26.321855544999949 ], [ -54.656791686999952, -26.326789855999891 ], [ -54.661106108999945, -26.331729889999906 ], [ -54.664760589999901, -26.335561751999876 ], [ -54.667381285999966, -26.339422224999907 ], [ -54.670871733999888, -26.344570158999886 ], [ -54.672237395999844, -26.34633636399991 ], [ -54.675785063999911, -26.350927351999815 ], [ -54.680438994999975, -26.356262206999872 ], [ -54.684902190999935, -26.363740919999884 ], [ -54.690223692999894, -26.373334883999917 ], [ -54.694656370999837, -26.379861830999971 ], [ -54.697441100999924, -26.384529113999861 ], [ -54.697959900999876, -26.387329099999874 ], [ -54.698451995999903, -26.394203184999867 ], [ -54.69817352299998, -26.401807783999971 ], [ -54.698123930999941, -26.402313231999983 ], [ -54.697586058999946, -26.407989500999975 ], [ -54.696571350999932, -26.417276380999965 ], [ -54.697093962999986, -26.425094604999913 ], [ -54.699604034999936, -26.437370299999884 ], [ -54.699882507999973, -26.438051223999935 ], [ -54.700328826999964, -26.440238951999845 ], [ -54.702625274999889, -26.445873260999974 ], [ -54.706550597999978, -26.452888489999907 ], [ -54.706924437999874, -26.453542707999873 ], [ -54.709907530999885, -26.458738325999889 ], [ -54.71674728399995, -26.466148375999978 ], [ -54.722751617999904, -26.472162245999925 ], [ -54.729251861999956, -26.477209091999953 ], [ -54.737319944999967, -26.481742858999837 ], [ -54.746822357999974, -26.489797591999888 ], [ -54.751182556999936, -26.493955611999922 ], [ -54.755535125999927, -26.49786949199995 ], [ -54.756629942999894, -26.498455046999879 ], [ -54.761447905999944, -26.50103569099997 ], [ -54.769229887999984, -26.504863737999983 ], [ -54.775718688999973, -26.509435653999901 ], [ -54.784141539999951, -26.516565322999895 ], [ -54.790710449999949, -26.523511886999984 ], [ -54.795928953999976, -26.529539108999813 ], [ -54.800971984999933, -26.538185118999934 ], [ -54.804122924999945, -26.545459746999938 ], [ -54.806755065999937, -26.552982329999907 ], [ -54.807365417999904, -26.555049896999833 ], [ -54.808132170999954, -26.557647703999919 ], [ -54.808322906999877, -26.563108443999909 ], [ -54.80633544899996, -26.566959379999957 ], [ -54.800003051999965, -26.574964522999892 ], [ -54.79196167099991, -26.587051391999978 ], [ -54.788227080999945, -26.593799589999946 ], [ -54.786781310999913, -26.59975623999992 ], [ -54.786369323999963, -26.601446150999948 ], [ -54.785545349999893, -26.608350753999957 ], [ -54.784465789999956, -26.615501403999929 ], [ -54.785762787999943, -26.622589111999901 ], [ -54.786403654999958, -26.625005721999912 ], [ -54.786521910999966, -26.625446317999945 ], [ -54.787559508999948, -26.629428862999873 ], [ -54.788303374999941, -26.632291793999968 ], [ -54.790885924999941, -26.638393401999963 ], [ -54.794551849999948, -26.645179747999975 ], [ -54.795768736999889, -26.647207259999959 ], [ -54.801273346999949, -26.656391142999894 ], [ -54.8064765929999, -26.661708831999874 ], [ -54.808406828999921, -26.664030073999925 ], [ -54.809829712999942, -26.667078018999973 ], [ -54.811534880999943, -26.670591353999953 ], [ -54.814025878999985, -26.673847198999965 ], [ -54.819717406999985, -26.677967071999944 ], [ -54.823509215999934, -26.680711745999929 ], [ -54.827495575999876, -26.681312560999913 ], [ -54.83277893099995, -26.681171416999973 ], [ -54.835651397999925, -26.680143355999974 ], [ -54.840595244999975, -26.677869796999971 ], [ -54.848331451999968, -26.672199248999959 ], [ -54.856620787999987, -26.66722488299996 ], [ -54.865253447999976, -26.664611815999933 ], [ -54.875022887999876, -26.66434097299998 ], [ -54.881923675999928, -26.665100096999822 ], [ -54.889358519999973, -26.666080474999944 ], [ -54.893608093999944, -26.666673659999901 ], [ -54.897388457999909, -26.668945311999892 ], [ -54.902439117999904, -26.669754026999954 ], [ -54.905384062999872, -26.670858383999928 ], [ -54.909965514999953, -26.673341749999963 ], [ -54.920444488999863, -26.678270338999823 ], [ -54.924797057999911, -26.68171119699997 ], [ -54.928321837999874, -26.684223174999943 ], [ -54.932678221999936, -26.687898634999954 ], [ -54.935951232999912, -26.690656660999878 ], [ -54.938945770999965, -26.693183899999894 ], [ -54.940910339999903, -26.696451187999969 ], [ -54.942375183999957, -26.700443267999958 ], [ -54.943550108999887, -26.703058242999873 ], [ -54.943893432999971, -26.703819274999887 ], [ -54.944744109999931, -26.710306166999885 ], [ -54.945228576999966, -26.716463087999955 ], [ -54.94520568899992, -26.723350525999933 ], [ -54.945091248999972, -26.72762870899993 ], [ -54.944755552999823, -26.733097074999932 ], [ -54.944286345999899, -26.742368696999961 ], [ -54.944026946999941, -26.749971388999882 ], [ -54.944713592999904, -26.752849577999939 ], [ -54.945281982999859, -26.755155563999949 ], [ -54.945987700999979, -26.758029937999822 ], [ -54.9480895989999, -26.765092848999871 ], [ -54.950206755999943, -26.772632597999859 ], [ -54.952770233999956, -26.777780531999895 ], [ -54.957275389999836, -26.78548812799994 ], [ -54.96195220899989, -26.790580748999957 ], [ -54.965705871999887, -26.791896819999863 ], [ -54.969173431999934, -26.792747497999983 ], [ -54.974521637999942, -26.794258117999902 ], [ -54.9848823559999, -26.795385360999944 ], [ -54.993095397999923, -26.795629500999951 ], [ -54.999404906999985, -26.794500349999964 ], [ -54.999999998999954, -26.794452667999963 ], [ -55.008644103999984, -26.79376029999986 ], [ -55.020820616999913, -26.793886183999973 ], [ -55.022235870999964, -26.794042585999932 ], [ -55.03623199499998, -26.795579909999958 ], [ -55.043956756999933, -26.797021865999966 ], [ -55.053085326999906, -26.800552367999956 ], [ -55.060379028999876, -26.804616928999906 ], [ -55.06586456299982, -26.809917449999887 ], [ -55.070335387999876, -26.816434859999958 ], [ -55.074123382999971, -26.822139739999898 ], [ -55.076217650999979, -26.825283049999939 ], [ -55.081199646999949, -26.831312179999884 ], [ -55.085868834999928, -26.835924147999947 ], [ -55.092407226999967, -26.840957641999921 ], [ -55.098091125999929, -26.844354628999895 ], [ -55.102420805999884, -26.846837996999909 ], [ -55.10753250099998, -26.849061965999908 ], [ -55.11270523099995, -26.852945327999976 ], [ -55.119979858999955, -26.856292724999889 ], [ -55.125648498999908, -26.859214781999924 ], [ -55.130821226999899, -26.863096236999979 ], [ -55.135177610999904, -26.866289138999946 ], [ -55.139083861999836, -26.871637343999964 ], [ -55.142990111999893, -26.876981734999958 ], [ -55.146709441999974, -26.884468077999941 ], [ -55.147087096999883, -26.885412214999974 ], [ -55.148647306999919, -26.889326095999934 ], [ -55.149047850999921, -26.890335082999911 ], [ -55.149726867999902, -26.894350050999947 ], [ -55.150192259999926, -26.899797438999883 ], [ -55.149425505999943, -26.90765762299992 ], [ -55.146831511999949, -26.916278838999972 ], [ -55.145366668999827, -26.919645308999975 ], [ -55.142116545999954, -26.924964903999921 ], [ -55.139892576999955, -26.929304121999962 ], [ -55.137397764999946, -26.933414458999948 ], [ -55.134643553999979, -26.937768935999941 ], [ -55.132347105999941, -26.940210342999933 ], [ -55.131622313999912, -26.942131042999961 ], [ -55.131515501999957, -26.943769454999824 ], [ -55.131607055999893, -26.943986891999941 ], [ -55.134113310999965, -26.947235106999869 ], [ -55.139865875999874, -26.952289580999945 ], [ -55.143138885999974, -26.954805373999875 ], [ -55.147163389999889, -26.956111907999968 ], [ -55.152256010999906, -26.957620620999933 ], [ -55.160503387999825, -26.958326338999882 ], [ -55.164764404999971, -26.958911895999961 ], [ -55.171501159999934, -26.961797713999886 ], [ -55.176582335999967, -26.96307182399994 ], [ -55.180854796999881, -26.963893889999952 ], [ -55.18431472799989, -26.964265822999891 ], [ -55.189163207999968, -26.966257095999879 ], [ -55.193206787999941, -26.968038558999865 ], [ -55.196418762999883, -26.968889236999928 ], [ -55.200328826999964, -26.969207763999975 ], [ -55.200672149999946, -26.969236372999944 ], [ -55.205959319999977, -26.968841551999958 ], [ -55.210170744999971, -26.968000411999981 ], [ -55.212543486999948, -26.967693327999882 ], [ -55.21564865199997, -26.965698241999917 ], [ -55.224803923999957, -26.955455779999966 ], [ -55.232238768999878, -26.948818205999942 ], [ -55.233646392999901, -26.947780609999882 ], [ -55.235591888999977, -26.946342467999898 ], [ -55.240283965999936, -26.944301604999964 ], [ -55.244464874999949, -26.942750929999931 ], [ -55.251010893999933, -26.940654753999866 ], [ -55.255512236999891, -26.940515516999881 ], [ -55.261619567999901, -26.94080352799989 ], [ -55.267753600999868, -26.941804884999897 ], [ -55.273120879999965, -26.943542480999952 ], [ -55.278541563999909, -26.946697233999942 ], [ -55.281810759999985, -26.94897460899989 ], [ -55.286464689999946, -26.95286750799994 ], [ -55.289485931999877, -26.955623626999909 ], [ -55.293010711999955, -26.95765495299986 ], [ -55.297885894999979, -26.960353851999969 ], [ -55.301647186999901, -26.961662292999961 ], [ -55.312602996999885, -26.963935851999963 ], [ -55.323749541999973, -26.964307784999903 ], [ -55.325336456999935, -26.964374541999916 ], [ -55.339683531999981, -26.965000151999902 ], [ -55.355594634999875, -26.965217589999952 ], [ -55.361968993999938, -26.965494154999931 ], [ -55.370460510999976, -26.965703964999875 ], [ -55.375316618999932, -26.966987609999933 ], [ -55.377693174999933, -26.967615126999931 ], [ -55.386924742999952, -26.973024367999926 ], [ -55.390766142999951, -26.97646522399998 ], [ -55.396244048999961, -26.980804442999897 ], [ -55.403560637999874, -26.984849929999939 ], [ -55.409812927999951, -26.988687514999867 ], [ -55.411026001999915, -26.989641188999883 ], [ -55.414463042999898, -26.992340087999935 ], [ -55.419654845999958, -26.996212004999904 ], [ -55.430381773999954, -27.00584602299989 ], [ -55.439876556999877, -27.017894744999921 ], [ -55.441276549999884, -27.019746779999934 ], [ -55.445610044999967, -27.02863311599998 ], [ -55.452186583999946, -27.040533065999966 ], [ -55.454532622999977, -27.046155929999941 ], [ -55.455074310999976, -27.048616409999966 ], [ -55.455245971999943, -27.049028396999972 ], [ -55.456542967999951, -27.054922102999967 ], [ -55.457794188999912, -27.066280364999898 ], [ -55.457782745999964, -27.072692870999958 ], [ -55.45648574799992, -27.080095289999974 ], [ -55.455123900999979, -27.085836408999967 ], [ -55.45375060899994, -27.091341018999969 ], [ -55.453853606999928, -27.09393691899993 ], [ -55.453903198999967, -27.095134734999817 ], [ -55.455673216999969, -27.099588393999966 ], [ -55.456573485999911, -27.102174759999912 ], [ -55.459857939999893, -27.104681014999983 ], [ -55.463657378999926, -27.106697081999926 ], [ -55.467727661999902, -27.108943938999914 ], [ -55.471508025999981, -27.110483168999906 ], [ -55.476844786999948, -27.111263275999875 ], [ -55.486427307999918, -27.111906050999949 ], [ -55.493038177999949, -27.111219405999975 ], [ -55.499656677999951, -27.11076927199997 ], [ -55.509170530999938, -27.109750746999964 ], [ -55.514396667999961, -27.10768318099997 ], [ -55.518844603999923, -27.106115341999839 ], [ -55.526550292999957, -27.10634040799988 ], [ -55.533061980999889, -27.107046127999922 ], [ -55.536682127999939, -27.107437133999952 ], [ -55.540973663999921, -27.108486175999872 ], [ -55.548274993999883, -27.111810683999977 ], [ -55.554046630999949, -27.116609573999938 ], [ -55.558444976999908, -27.12026595999987 ], [ -55.559509276999961, -27.12200546199989 ], [ -55.561004637999929, -27.124456405999922 ], [ -55.563938139999948, -27.131246566999891 ], [ -55.565189360999966, -27.135236738999879 ], [ -55.566013336999958, -27.138494491999893 ], [ -55.565174102999947, -27.143505095999956 ], [ -55.563747405999948, -27.147588729999882 ], [ -55.561859129999959, -27.153350829999965 ], [ -55.5625038149999, -27.156177519999972 ], [ -55.56321716399998, -27.159051894999948 ], [ -55.56575012199994, -27.162530897999943 ], [ -55.569599152999899, -27.165729522999925 ], [ -55.57606506299993, -27.167892456999937 ], [ -55.580326079999963, -27.168228149999891 ], [ -55.586387633999948, -27.167079925999928 ], [ -55.594287871999938, -27.165397644999928 ], [ -55.601989745999902, -27.165380476999928 ], [ -55.607677459999877, -27.168046950999894 ], [ -55.611221312999987, -27.170301436999921 ], [ -55.613761901999965, -27.17351722799998 ], [ -55.615428924999947, -27.175624846999938 ], [ -55.618286131999923, -27.180517195999983 ], [ -55.621406554999851, -27.187742231999948 ], [ -55.621471405999955, -27.188020704999929 ], [ -55.622131346999936, -27.190784453999981 ], [ -55.622817993999945, -27.19366454999988 ], [ -55.622623442999895, -27.196212768999942 ], [ -55.622474669999917, -27.198188780999942 ], [ -55.620567320999953, -27.203477858999975 ], [ -55.617343902999949, -27.209043502999918 ], [ -55.613285064999957, -27.213687895999897 ], [ -55.60995483399995, -27.216648101999965 ], [ -55.601680755999951, -27.222143173999882 ], [ -55.599220275999926, -27.223941802999946 ], [ -55.594200132999958, -27.227613447999943 ], [ -55.590896605999887, -27.231281279999962 ], [ -55.589439391999974, -27.234655379999879 ], [ -55.586933134999981, -27.238298415999964 ], [ -55.58236312799994, -27.243434905999948 ], [ -55.580432892999852, -27.248245238999971 ], [ -55.58032989499992, -27.251352309999902 ], [ -55.580314636999901, -27.251813888999834 ], [ -55.582160948999899, -27.257928847999949 ], [ -55.584224700999982, -27.262845993999917 ], [ -55.587684629999899, -27.269382476999965 ], [ -55.59163665799997, -27.274951933999887 ], [ -55.596343993999881, -27.279548643999931 ], [ -55.598617552999883, -27.283033369999941 ], [ -55.600543974999937, -27.286813736999932 ], [ -55.600589751999905, -27.287015913999937 ], [ -55.600917815999935, -27.288366316999941 ], [ -55.600292205999949, -27.292900084999928 ], [ -55.598274230999891, -27.295579909999958 ], [ -55.596485137999935, -27.2973003379999 ], [ -55.595077513999968, -27.301858901999879 ], [ -55.593662262999942, -27.306179046999944 ], [ -55.592975615999876, -27.309444426999846 ], [ -55.592105864999951, -27.313591003999932 ], [ -55.592140196999935, -27.314413069999887 ], [ -55.593688963999853, -27.31232261699995 ], [ -55.592819212999984, -27.316467283999941 ], [ -55.593280791999916, -27.327611923999939 ], [ -55.594043730999886, -27.332311628999889 ], [ -55.594352722999986, -27.334226608999984 ], [ -55.595531462999986, -27.33703994799987 ], [ -55.599987028999863, -27.341878889999919 ], [ -55.603836059999935, -27.344837187999929 ], [ -55.608478546999891, -27.347774505999951 ], [ -55.612571715999934, -27.350250243999881 ], [ -55.617462157999967, -27.352701186999923 ], [ -55.623504638999975, -27.357252119999941 ], [ -55.627883910999969, -27.360195159999932 ], [ -55.632736205999947, -27.361696242999983 ], [ -55.640808104999849, -27.363803861999827 ], [ -55.645168303999924, -27.366270064999867 ], [ -55.647884368999939, -27.367607115999931 ], [ -55.652214050999987, -27.36936187699996 ], [ -55.656822204999969, -27.371347427999865 ], [ -55.660091400999931, -27.373138426999901 ], [ -55.663398742999902, -27.375284194999892 ], [ -55.6639213549999, -27.375625610999975 ], [ -55.669609068999932, -27.378044128999818 ], [ -55.675861358999896, -27.381162642999982 ], [ -55.681880951999972, -27.384998319999909 ], [ -55.687118529999964, -27.389335630999881 ], [ -55.692901610999911, -27.393890379999903 ], [ -55.697895049999886, -27.398710249999908 ], [ -55.701522826999962, -27.402626036999891 ] ] ] ] } }
]
}
