{
"type": "FeatureCollection",
"name": "municipios",
"crs": { "type": "name", "properties": { "name": "urn:ogc:def:crs:OGC:1.3:CRS84" } },
"features": [
{ "type": "Feature", "properties": { "fid": 1, "GID_2": "PRY.1.1_1", "GID_0": "PRY", "COUNTRY": "Paraguay", "GID_1": "PRY.1_1", "NAME_1": "Alto Paraguay", "NL_NAME_1": "NA", "NAME_2": "Fuerte Olimpo", "VARNAME_2": "NA", "NL_NAME_2": "NA", "TYPE_2": "Distrito", "ENGTYPE_2": "District", "CC_2": "NA", "HASC_2": "PY.AG.FO" }, "geometry": { "type": "MultiPolygon", "coordinates": [ [ [ [ -59.070102061999876, -19.364766632999874 ], [ -58.823490586999981, -19.496905925999954 ], [ -58.744267252999862, -19.536388301999921 ], [ -58.23544117799986, -19.775484008999968 ], [ -58.164404113999922, -19.827517547999946 ], [ -58.174347339999883, -19.834893511999951 ], [ -58.17811549399994, -19.844561759999863 ], [ -58.19206571899997, -19.853293345999873 ], [ -58.197521631999962, -19.862277128999949 ], [ -58.201893107999979, -19.864796928999908 ], [ -58.205145666999897, -19.883796041999915 ], [ -58.204836395999962, -19.897720755999899 ], [ -58.200332036999953, -19.905202732999896 ], [ -58.19594374199994, -19.92817518499993 ], [ -58.21314145599996, -19.953746660999911 ], [ -58.200760088999857, -19.961870593999947 ], [ -58.192047137999964, -19.961537134999958 ], [ -58.185482729999933, -19.971189637999942 ], [ -58.176486823999937, -20.004774716999975 ], [ -58.177417112999876, -20.013587808999944 ], [ -58.173670003999973, -20.021554058999982 ], [ -58.175089157999935, -20.028361022999889 ], [ -58.156785939999907, -20.043864094999947 ], [ -58.16684522699984, -20.050793101999943 ], [ -58.163350022999907, -20.056939514999897 ], [ -58.164873415999921, -20.065052775999902 ], [ -58.160406527999896, -20.073014619999924 ], [ -58.162099304999913, -20.076662540999962 ], [ -58.152822618999835, -20.075426289999882 ], [ -58.154490388999875, -20.085295980999831 ], [ -58.144600055999945, -20.097837176999917 ], [ -58.136942741999974, -20.118691511999941 ], [ -58.145441609999921, -20.139742207999973 ], [ -58.159357131999968, -20.145367055999884 ], [ -58.167215900999963, -20.152722635999908 ], [ -58.169829657999969, -20.165862961999949 ], [ -58.162684860999946, -20.160596095999949 ], [ -58.159919737999985, -20.174396513999966 ], [ -58.144172667999896, -20.176282882999942 ], [ -58.124404906999985, -20.185403822999888 ], [ -58.126068114999953, -20.197673797999926 ], [ -58.154697417999955, -20.212720869999885 ], [ -58.161426543999937, -20.222536086999924 ], [ -58.162513731999923, -20.23956107999993 ], [ -58.153182982999965, -20.261148451999873 ], [ -58.145595549999939, -20.263891219999891 ], [ -58.140842436999947, -20.263923644999977 ], [ -58.134124756999881, -20.255899428999896 ], [ -58.114685058999839, -20.247545241999944 ], [ -58.100811003999866, -20.249847411999895 ], [ -58.091339111999957, -20.254392622999831 ], [ -58.086647034999885, -20.262491224999962 ], [ -58.08670806799995, -20.2705631259999 ], [ -58.095664976999956, -20.309638976999906 ], [ -58.096210479999968, -20.321315765999884 ], [ -58.092437743999938, -20.341817854999931 ], [ -58.081504820999953, -20.369714736999924 ], [ -58.076782226999967, -20.376808166999922 ], [ -58.064579010999978, -20.386945723999929 ], [ -58.017749785999968, -20.409793852999883 ], [ -57.998992919999921, -20.430391311999813 ], [ -57.993526458999895, -20.445600509999963 ], [ -58.013824461999832, -20.479890821999959 ], [ -58.013938902999882, -20.495403288999853 ], [ -58.018249511999954, -20.510410308999951 ], [ -58.005512237999881, -20.539508817999888 ], [ -57.996509550999974, -20.569831848999911 ], [ -57.998229980999952, -20.575746535999883 ], [ -58.013065338999979, -20.596591947999912 ], [ -58.014804840999943, -20.605270384999983 ], [ -58.003173827999944, -20.622720717999982 ], [ -57.974334716999863, -20.640668868999967 ], [ -57.971874236999952, -20.649372100999983 ], [ -57.987171172999979, -20.675745009999901 ], [ -57.988933562999932, -20.687980650999918 ], [ -57.986869811999895, -20.693126678999931 ], [ -57.976295470999901, -20.70033073399992 ], [ -57.965957641999978, -20.701904295999952 ], [ -57.957935332999909, -20.699617385999886 ], [ -57.940937041999916, -20.669300079999914 ], [ -57.934616087999984, -20.665386198999897 ], [ -57.922286987999939, -20.663742064999951 ], [ -57.914821624999945, -20.667705534999982 ], [ -57.89741897499988, -20.692848205999894 ], [ -57.883636473999957, -20.704378128999963 ], [ -57.869922636999888, -20.728149412999869 ], [ -57.868713379999861, -20.736843109999938 ], [ -57.872100830999898, -20.740777968999907 ], [ -57.91497421299988, -20.744890211999973 ], [ -57.935604094999917, -20.752275465999958 ], [ -57.953777313999979, -20.768367766999972 ], [ -57.960166930999833, -20.781364440999937 ], [ -57.95812988299997, -20.79085540799997 ], [ -57.94976425099992, -20.796434401999932 ], [ -57.931613921999883, -20.794662474999939 ], [ -57.914413451999962, -20.788339614999927 ], [ -57.900962828999923, -20.78801727299998 ], [ -57.88209915199991, -20.794837949999874 ], [ -57.871650694999971, -20.803976057999876 ], [ -57.85458755499991, -20.832502364999982 ], [ -57.855918884999937, -20.843950271999972 ], [ -57.859733581999933, -20.848274230999948 ], [ -57.905273437999881, -20.870937345999891 ], [ -57.920055388999913, -20.881124495999927 ], [ -57.926425933999894, -20.890964506999978 ], [ -57.923313140999937, -20.898077010999941 ], [ -57.89953994699988, -20.898815154999909 ], [ -57.889049529999909, -20.904321669999888 ], [ -57.875358580999887, -20.928764342999898 ], [ -57.866966247999983, -20.938924788999941 ], [ -57.859039306999932, -20.94227981399996 ], [ -57.850208282999972, -20.942323683999973 ], [ -57.828281402999892, -20.932958601999928 ], [ -57.820869445999847, -20.939491270999895 ], [ -57.821907043999886, -20.959596632999876 ], [ -57.817161559999931, -20.97369194099997 ], [ -57.818119048999904, -20.981237411999871 ], [ -57.831584929999963, -20.994159697999976 ], [ -57.86509704599996, -21.03861045799988 ], [ -57.867336272999978, -21.060716628999955 ], [ -57.864448547999928, -21.070209503999877 ], [ -57.872653961999958, -21.075946807999969 ], [ -57.982772826999906, -21.06868743799987 ], [ -58.031070707999845, -21.059436798999911 ], [ -58.064868926999964, -21.04821205099995 ], [ -58.106014251999966, -21.056474684999955 ], [ -58.156482696999888, -21.049934385999904 ], [ -58.357013701999904, -21.040029524999966 ], [ -58.399169921999885, -21.041454313999907 ], [ -58.503826140999877, -21.052322387999936 ], [ -58.54599761999998, -21.053653715999872 ], [ -58.649272918999941, -21.046831130999976 ], [ -58.74739074699994, -21.056509016999883 ], [ -58.833408354999904, -21.075326918999906 ], [ -58.922309875999929, -21.062208175999899 ], [ -59.180828094999981, -21.105007171999944 ], [ -59.219722746999935, -21.12066078099997 ], [ -59.264862059999984, -21.118627547999949 ], [ -59.305007933999889, -21.107072828999947 ], [ -59.34983062699996, -21.082597731999954 ], [ -59.394950865999931, -21.081876754999939 ], [ -59.44075012199994, -21.084539412999902 ], [ -59.4765663149999, -21.066837310999915 ], [ -59.516975403999936, -21.040304182999876 ], [ -59.55910873299996, -21.040908812999817 ], [ -59.600620270999968, -21.034715652999978 ], [ -59.642070770999965, -21.031900405999977 ], [ -59.684185028999934, -21.033157347999975 ], [ -59.74404144399989, -21.021503448999965 ], [ -59.755004882999913, -21.00371169999994 ], [ -59.178184508999948, -20.767255782999882 ], [ -59.144664764999845, -20.180124282999884 ], [ -59.093101500999921, -19.357269286999951 ], [ -59.070102061999876, -19.364766632999874 ] ] ] ] } },
{ "type": "Feature", "properties": { "fid": 2, "GID_2": "PRY.1.2_1", "GID_0": "PRY", "COUNTRY": "Paraguay", "GID_1": "PRY.1_1", "NAME_1": "Alto Paraguay", "NL_NAME_1": "NA", "NAME_2": "La Victoria", "VARNAME_2": "Puerto Casado", "NL_NAME_2": "NA", "TYPE_2": "Distrito", "ENGTYPE_2": "District", "CC_2": "NA", "HASC_2": "PY.AG.LV" }, "geometry": { "type": "MultiPolygon", "coordinates": [ [ [ [ -57.864448547999928, -21.070209503999877 ], [ -57.84672164899996, -21.094352722999815 ], [ -57.846237181999925, -21.098943709999958 ], [ -57.862319945999957, -21.134988783999859 ], [ -57.862380980999944, -21.144834517999925 ], [ -57.8496131899999, -21.191894530999946 ], [ -57.85016250599989, -21.21403312599989 ], [ -57.857860563999907, -21.232551573999956 ], [ -57.866760253999985, -21.240800857999943 ], [ -57.903980254999908, -21.262317657999972 ], [ -57.914569853999922, -21.270551681999905 ], [ -57.91755294799998, -21.275669096999934 ], [ -57.911102293999875, -21.291900634999934 ], [ -57.90353012099996, -21.29925727899996 ], [ -57.888660429999959, -21.305442808999885 ], [ -57.858760833999895, -21.310735701999874 ], [ -57.854465484999935, -21.315120697999873 ], [ -57.854274750999878, -21.336034774999973 ], [ -57.859397887999933, -21.346271514999898 ], [ -57.878101349999895, -21.366670607999936 ], [ -57.885269165999944, -21.369825363999894 ], [ -57.898891448999962, -21.389495849999946 ], [ -57.90487670899995, -21.40209960899989 ], [ -57.907516478999923, -21.419065475999957 ], [ -57.915596008999898, -21.428892135999888 ], [ -57.927238464999959, -21.467521666999914 ], [ -57.932361602999947, -21.476179121999962 ], [ -57.963832854999907, -21.511539458999835 ], [ -57.966880797999977, -21.525335310999822 ], [ -57.962818144999972, -21.549051284999905 ], [ -57.956111907999968, -21.556198119999976 ], [ -57.923576355999955, -21.576526641999862 ], [ -57.915355682999916, -21.587223052999889 ], [ -57.917076110999972, -21.592344282999875 ], [ -57.93108749299995, -21.603717803999928 ], [ -57.934516905999942, -21.611200331999953 ], [ -57.936584472999925, -21.631992338999964 ], [ -57.928668976999973, -21.653871535999883 ], [ -57.902801514999908, -21.671781539999927 ], [ -57.893165587999931, -21.684467314999836 ], [ -57.896221160999971, -21.699850082999944 ], [ -57.911090850999926, -21.712007522999897 ], [ -57.936553953999976, -21.72765541099983 ], [ -57.943786620999958, -21.734720229999937 ], [ -57.946384429999966, -21.743785856999978 ], [ -57.942207335999967, -21.751310347999947 ], [ -57.935634612999934, -21.756986617999928 ], [ -57.929168700999981, -21.76164817699987 ], [ -57.915657042999896, -21.764091490999817 ], [ -57.911640166999973, -21.769441603999894 ], [ -57.910045623999963, -21.77334022499997 ], [ -57.912014006999925, -21.789773939999918 ], [ -57.915271758999893, -21.799371718999907 ], [ -57.921459198999912, -21.811431884999934 ], [ -57.939765929999908, -21.82948875299985 ], [ -57.968185423999898, -21.841169357999945 ], [ -57.95516967899988, -21.855455397999947 ], [ -57.920166015999939, -21.872627256999976 ], [ -57.918514250999976, -21.878557204999936 ], [ -57.91981506399992, -21.883287428999893 ], [ -57.939331053999979, -21.891468047999979 ], [ -57.944454193999945, -21.897754668999937 ], [ -57.94492721599994, -21.905647276999957 ], [ -57.939929961999894, -21.917913436999925 ], [ -57.940856932999964, -21.929750441999943 ], [ -57.959770201999959, -21.972269058999871 ], [ -57.969299315999876, -22.003793715999848 ], [ -57.99950408899997, -22.023744582999882 ], [ -58.004627228999937, -22.02923965399998 ], [ -58.00679779099994, -22.037122724999961 ], [ -58.005149840999934, -22.043447493999963 ], [ -57.987892149999936, -22.059337615999937 ], [ -57.986236571999882, -22.0644798269999 ], [ -57.988670348999904, -22.080915449999964 ], [ -57.991489410999918, -22.082691192999903 ], [ -57.9912261959999, -22.091444015999912 ], [ -57.976715087999821, -22.107940673999963 ], [ -57.96041870199997, -22.118791579999936 ], [ -57.958232879999969, -22.124538420999897 ], [ -57.958793640999886, -22.135805129999881 ], [ -57.963783264999904, -22.150089263999917 ], [ -57.981849670999907, -22.18923568799994 ], [ -57.981292724999946, -22.204439162999847 ], [ -57.973396300999923, -22.249950407999961 ], [ -57.96223449699994, -22.269596098999955 ], [ -57.946735380999883, -22.277080534999982 ], [ -57.941932677999944, -22.275430679999943 ], [ -57.936985016999927, -22.268304825999962 ], [ -57.932331085999976, -22.266418456999872 ], [ -57.913543700999924, -22.259950636999918 ], [ -57.908145904999969, -22.261560439999982 ], [ -57.909126280999885, -22.281578062999813 ], [ -57.906841278999934, -22.290353773999982 ], [ -57.879745483999955, -22.333276747999889 ], [ -57.869731902999945, -22.343248366999944 ], [ -57.854991911999889, -22.347259520999899 ], [ -57.846065520999844, -22.354110716999855 ], [ -57.825359343999878, -22.361209868999879 ], [ -57.825325011999894, -22.369951248999826 ], [ -57.830913543999827, -22.377637863999951 ], [ -57.84375, -22.38144492999993 ], [ -57.856369018999885, -22.380706787999941 ], [ -57.948822020999955, -22.354864119999945 ], [ -57.987636564999832, -22.342872619999923 ], [ -58.108089446999884, -22.294488907999948 ], [ -58.189712523999958, -22.268663404999813 ], [ -58.218849181999985, -22.239324569999951 ], [ -58.22546768199993, -22.205762862999961 ], [ -58.254375456999981, -22.16476249599998 ], [ -58.300243377999948, -22.164363859999924 ], [ -58.423393248999957, -22.156520842999896 ], [ -58.463493345999893, -22.150619505999941 ], [ -58.499237060999974, -22.133045194999966 ], [ -58.541530609999938, -22.131891250999956 ], [ -58.584571836999942, -22.134134290999896 ], [ -58.669239043999937, -22.130338667999922 ], [ -58.975421904999905, -22.133518219999928 ], [ -59.060989378999864, -22.119882582999878 ], [ -59.146209716999863, -22.123954771999934 ], [ -59.165878296999949, -22.11367034999995 ], [ -59.21492767299992, -22.095863342999905 ], [ -59.302085876999968, -22.04862785399996 ], [ -59.338706969999976, -22.032184600999926 ], [ -59.382648466999967, -22.023904800999844 ], [ -59.424423216999969, -22.026548384999899 ], [ -59.652824401999965, -22.01712226799998 ], [ -59.704910277999943, -22.017694472999892 ], [ -59.804069518999938, -22.023674009999922 ], [ -59.884620665999876, -22.037464140999873 ], [ -59.91665267999997, -22.03206825299992 ], [ -59.934593200999984, -21.933902740999883 ], [ -59.931663512999876, -21.895355224999889 ], [ -59.924400329999969, -21.857843398999876 ], [ -59.911239623999847, -21.822416303999887 ], [ -59.896106719999977, -21.764572143999885 ], [ -59.923789976999899, -21.695199965999961 ], [ -59.912231444999918, -21.65716552799995 ], [ -59.852588652999941, -21.603523254999971 ], [ -59.847064971999885, -21.560752867999895 ], [ -59.828102112999943, -21.461704253999983 ], [ -59.807762144999856, -21.427188873999853 ], [ -59.73275375299994, -21.382720947999928 ], [ -59.699710846999949, -21.360454558999947 ], [ -59.671951293999939, -21.332063673999926 ], [ -59.668792724999832, -21.293399809999983 ], [ -59.685623168999882, -21.206516265999937 ], [ -59.727123260999917, -21.06260680999992 ], [ -59.74404144399989, -21.021503448999965 ], [ -59.684185028999934, -21.033157347999975 ], [ -59.642070770999965, -21.031900405999977 ], [ -59.600620270999968, -21.034715652999978 ], [ -59.55910873299996, -21.040908812999817 ], [ -59.516975403999936, -21.040304182999876 ], [ -59.4765663149999, -21.066837310999915 ], [ -59.44075012199994, -21.084539412999902 ], [ -59.394950865999931, -21.081876754999939 ], [ -59.34983062699996, -21.082597731999954 ], [ -59.305007933999889, -21.107072828999947 ], [ -59.264862059999984, -21.118627547999949 ], [ -59.219722746999935, -21.12066078099997 ], [ -59.180828094999981, -21.105007171999944 ], [ -58.922309875999929, -21.062208175999899 ], [ -58.833408354999904, -21.075326918999906 ], [ -58.74739074699994, -21.056509016999883 ], [ -58.649272918999941, -21.046831130999976 ], [ -58.54599761999998, -21.053653715999872 ], [ -58.503826140999877, -21.052322387999936 ], [ -58.399169921999885, -21.041454313999907 ], [ -58.357013701999904, -21.040029524999966 ], [ -58.156482696999888, -21.049934385999904 ], [ -58.106014251999966, -21.056474684999955 ], [ -58.064868926999964, -21.04821205099995 ], [ -58.031070707999845, -21.059436798999911 ], [ -57.982772826999906, -21.06868743799987 ], [ -57.872653961999958, -21.075946807999969 ], [ -57.864448547999928, -21.070209503999877 ] ] ] ] } },
{ "type": "Feature", "properties": { "fid": 3, "GID_2": "PRY.1.3_1", "GID_0": "PRY", "COUNTRY": "Paraguay", "GID_1": "PRY.1_1", "NAME_1": "Alto Paraguay", "NL_NAME_1": "NA", "NAME_2": "Mayor Pablo Lagerenza", "VARNAME_2": "NA", "NL_NAME_2": "NA", "TYPE_2": "Distrito", "ENGTYPE_2": "District", "CC_2": "NA", "HASC_2": "PY.AG.ML" }, "geometry": { "type": "MultiPolygon", "coordinates": [ [ [ [ -61.90901446099997, -20.05762259699992 ], [ -61.735471104999931, -19.63417819599988 ], [ -60.600998481999966, -19.455933679999873 ], [ -59.976918299999966, -19.295172724999929 ], [ -59.645691137999847, -19.312483958999962 ], [ -59.249743714999909, -19.340788396999926 ], [ -59.114492127999938, -19.344007635999958 ], [ -59.070102061999876, -19.364766632999874 ], [ -59.093101500999921, -19.357269286999951 ], [ -59.144664764999845, -20.180124282999884 ], [ -59.178184508999948, -20.767255782999882 ], [ -59.755004882999913, -21.00371169999994 ], [ -59.780357360999972, -20.968605040999876 ], [ -59.791164396999932, -20.958274840999934 ], [ -59.797847747999924, -20.945098875999975 ], [ -59.81475829999988, -20.907083509999893 ], [ -59.817008972999929, -20.863691328999892 ], [ -59.833190918999833, -20.825685500999953 ], [ -59.85665512099996, -20.79287147499997 ], [ -59.858032225999978, -20.754442214999926 ], [ -59.84542846699992, -20.712614059999908 ], [ -59.840820311999948, -20.675428389999979 ], [ -61.792720793999877, -20.16682624699996 ], [ -61.832881927999892, -20.172061919999976 ], [ -61.85621643099995, -20.123447416999909 ], [ -61.891532898999969, -20.095254897999951 ], [ -61.90413284199991, -20.099365233999947 ], [ -61.90901446099997, -20.05762259699992 ] ] ] ] } },
{ "type": "Feature", "properties": { "fid": 4, "GID_2": "PRY.2.1_1", "GID_0": "PRY", "COUNTRY": "Paraguay", "GID_1": "PRY.2_1", "NAME_1": "Alto Paraná", "NL_NAME_1": "NA", "NAME_2": "Ciudad del Este", "VARNAME_2": "NA", "NL_NAME_2": "NA", "TYPE_2": "Distrito", "ENGTYPE_2": "District", "CC_2": "NA", "HASC_2": "PY.AA.CE" }, "geometry": { "type": "MultiPolygon", "coordinates": [ [ [ [ -54.602821349999829, -25.504766463999943 ], [ -54.597652434999986, -25.553752898999903 ], [ -54.62172698899991, -25.532276152999884 ], [ -54.637115478999874, -25.538789747999886 ], [ -54.666732787999933, -25.533451080999953 ], [ -54.672637938999856, -25.543676376999827 ], [ -54.682216642999947, -25.533779143999936 ], [ -54.679443357999901, -25.530487058999938 ], [ -54.693534850999924, -25.528810500999953 ], [ -54.695220946999939, -25.538990019999858 ], [ -54.704471587999876, -25.538719176999905 ], [ -54.694942473999959, -25.436464308999916 ], [ -54.684951781999985, -25.430740354999898 ], [ -54.680332184999941, -25.431238173999873 ], [ -54.674053192999963, -25.436431883999887 ], [ -54.672576903999868, -25.443853376999982 ], [ -54.681545256999925, -25.450653075999981 ], [ -54.674568176999969, -25.464916228999925 ], [ -54.667957304999902, -25.463392257999942 ], [ -54.665039062999938, -25.454116820999957 ], [ -54.650512694999918, -25.441265105999946 ], [ -54.645713804999957, -25.439760207999939 ], [ -54.642871856999932, -25.442274092999924 ], [ -54.639125823999962, -25.45439147899998 ], [ -54.63047790599984, -25.455932617999849 ], [ -54.626792907999913, -25.462427139999932 ], [ -54.627922058999843, -25.469154357999912 ], [ -54.639160155999946, -25.469810485999972 ], [ -54.63335800099992, -25.485181808999982 ], [ -54.623409269999911, -25.493972777999943 ], [ -54.602821349999829, -25.504766463999943 ] ] ] ] } },
{ "type": "Feature", "properties": { "fid": 5, "GID_2": "PRY.2.2_1", "GID_0": "PRY", "COUNTRY": "Paraguay", "GID_1": "PRY.2_1", "NAME_1": "Alto Paraná", "NL_NAME_1": "NA", "NAME_2": "Doctor Juan León Mallorquín", "VARNAME_2": "NA", "NL_NAME_2": "NA", "TYPE_2": "Distrito", "ENGTYPE_2": "District", "CC_2": "NA", "HASC_2": "PY.AA.DM" }, "geometry": { "type": "MultiPolygon", "coordinates": [ [ [ [ -55.34309387199994, -25.579444885999919 ], [ -55.342369079999912, -25.561315535999938 ], [ -55.33767318699995, -25.549087523999901 ], [ -55.341812133999952, -25.53548812899993 ], [ -55.336811064999949, -25.534349439999914 ], [ -55.336029052999834, -25.531976698999983 ], [ -55.324489593999942, -25.47822761499998 ], [ -55.31787490899984, -25.429828642999951 ], [ -55.30620193499982, -25.381225584999925 ], [ -55.304897308999955, -25.361175537999827 ], [ -55.297840117999954, -25.345861434999961 ], [ -55.100288390999935, -25.553064346999975 ], [ -55.12142562899993, -25.551452636999841 ], [ -55.131229400999985, -25.555540084999905 ], [ -55.139469146999829, -25.555078505999973 ], [ -55.143363951999959, -25.527870178999933 ], [ -55.161979674999941, -25.513698577999946 ], [ -55.229213714999958, -25.517620085999965 ], [ -55.238998412999877, -25.522806166999885 ], [ -55.251396178999926, -25.548555373999932 ], [ -55.256362914999954, -25.553874969999981 ], [ -55.273948668999878, -25.561147688999881 ], [ -55.304027557999916, -25.563278197999978 ], [ -55.319557190999944, -25.575080870999955 ], [ -55.32597732499994, -25.575511931999927 ], [ -55.336044310999853, -25.571981428999948 ], [ -55.34309387199994, -25.579444885999919 ] ] ] ] } },
{ "type": "Feature", "properties": { "fid": 6, "GID_2": "PRY.2.3_1", "GID_0": "PRY", "COUNTRY": "Paraguay", "GID_1": "PRY.2_1", "NAME_1": "Alto Paraná", "NL_NAME_1": "NA", "NAME_2": "Domingo Martínez de Irala", "VARNAME_2": "NA", "NL_NAME_2": "NA", "TYPE_2": "Distrito", "ENGTYPE_2": "District", "CC_2": "NA", "HASC_2": "NA" }, "geometry": { "type": "MultiPolygon", "coordinates": [ [ [ [ -54.624408721999941, -25.783338546999914 ], [ -54.612789154999973, -25.802799224999831 ], [ -54.594844818999945, -25.823650358999942 ], [ -54.5903511059999, -25.838357925999958 ], [ -54.597366331999922, -25.863990783999952 ], [ -54.616275787999882, -25.899042128999952 ], [ -54.6226921089999, -25.917884826999966 ], [ -54.62326812799995, -25.923860549999972 ], [ -54.619529722999914, -25.936302184999818 ], [ -54.60752868599991, -25.962427138999942 ], [ -54.612377165999931, -25.971656798999959 ], [ -54.622123716999965, -25.978515625999876 ], [ -54.665355682999859, -25.979213713999911 ], [ -54.67168044999994, -25.970703124999886 ], [ -54.673858641999971, -25.960155485999906 ], [ -54.679576873999963, -25.956420897999976 ], [ -54.709213255999884, -25.946617125999921 ], [ -54.741973875999975, -25.943067549999967 ], [ -54.747371673999965, -25.906637190999959 ], [ -54.753124235999849, -25.886537550999947 ], [ -54.755840300999978, -25.880388259999904 ], [ -54.768505096999945, -25.869785308999951 ], [ -54.787895202999891, -25.867946624999888 ], [ -54.796211241999913, -25.878545760999941 ], [ -54.807964324999887, -25.874839782999913 ], [ -54.82512283199992, -25.873712539999929 ], [ -54.835407256999986, -25.86681556699989 ], [ -54.838176726999905, -25.849138258999915 ], [ -54.836963653999874, -25.835517882999909 ], [ -54.846599578999928, -25.80946159399997 ], [ -54.839122772999929, -25.804151534999903 ], [ -54.839744566999968, -25.765016555999978 ], [ -54.826698302999887, -25.765016555999978 ], [ -54.824836730999891, -25.759428024999977 ], [ -54.819866180999952, -25.759428024999977 ], [ -54.819866180999952, -25.763774870999896 ], [ -54.811790466999923, -25.763151168999912 ], [ -54.80123138499988, -25.766881941999941 ], [ -54.788806914999952, -25.776819229999887 ], [ -54.780174255999952, -25.77428817599997 ], [ -54.77647018499988, -25.77761840699992 ], [ -54.767585753999924, -25.77761840699992 ], [ -54.767585753999924, -25.781320570999924 ], [ -54.76018524199992, -25.78094863799987 ], [ -54.76018524199992, -25.784650801999931 ], [ -54.747970581999937, -25.785392760999969 ], [ -54.744270325999935, -25.787982939999949 ], [ -54.731681823999907, -25.787982939999949 ], [ -54.712806701999966, -25.777248381999982 ], [ -54.703552245999958, -25.776508329999842 ], [ -54.700592041999982, -25.77021407999996 ], [ -54.694667816999981, -25.773546218999968 ], [ -54.678382873999908, -25.764663694999911 ], [ -54.664318084999877, -25.778728483999942 ], [ -54.65987396099996, -25.775766372999897 ], [ -54.659503935999908, -25.766145706999964 ], [ -54.65173339699993, -25.766145706999964 ], [ -54.6365547179999, -25.777988433999894 ], [ -54.634704588999966, -25.78983306899994 ], [ -54.628784178999922, -25.789463041999966 ], [ -54.624408721999941, -25.783338546999914 ] ] ] ] } },
{ "type": "Feature", "properties": { "fid": 7, "GID_2": "PRY.2.4_1", "GID_0": "PRY", "COUNTRY": "Paraguay", "GID_1": "PRY.2_1", "NAME_1": "Alto Paraná", "NL_NAME_1": "NA", "NAME_2": "Hernandarias", "VARNAME_2": "NA", "NL_NAME_2": "NA", "TYPE_2": "Distrito", "ENGTYPE_2": "District", "CC_2": "NA", "HASC_2": "NA" }, "geometry": { "type": "MultiPolygon", "coordinates": [ [ [ [ -54.469925675999889, -25.21262274399993 ], [ -54.482635497999979, -25.23813438499991 ], [ -54.495975493999936, -25.277357099999904 ], [ -54.510108947999981, -25.303640364999978 ], [ -54.544162748999952, -25.350944518999938 ], [ -54.57826232899987, -25.389364241999886 ], [ -54.592929838999964, -25.422088621999933 ], [ -54.615955352999947, -25.456211088999964 ], [ -54.602821349999829, -25.504766463999943 ], [ -54.623409269999911, -25.493972777999943 ], [ -54.63335800099992, -25.485181808999982 ], [ -54.639160155999946, -25.469810485999972 ], [ -54.627922058999843, -25.469154357999912 ], [ -54.626792907999913, -25.462427139999932 ], [ -54.63047790599984, -25.455932617999849 ], [ -54.639125823999962, -25.45439147899998 ], [ -54.642871856999932, -25.442274092999924 ], [ -54.645713804999957, -25.439760207999939 ], [ -54.661460875999921, -25.450630186999945 ], [ -54.665435791999982, -25.454843521999976 ], [ -54.66656494199998, -25.461929321999946 ], [ -54.672760009999934, -25.464893340999879 ], [ -54.675987243999941, -25.463657379999972 ], [ -54.68131256099997, -25.453556061999961 ], [ -54.681350707999968, -25.450288770999975 ], [ -54.675750732999916, -25.448055266999972 ], [ -54.672576903999868, -25.443853376999982 ], [ -54.676696776999961, -25.433555601999956 ], [ -54.684951781999985, -25.430740354999898 ], [ -54.693351744999973, -25.434814452999944 ], [ -54.702301024999883, -25.443971632999876 ], [ -54.708354949999944, -25.441131591999977 ], [ -54.712905883999895, -25.426853179999966 ], [ -54.711574553999981, -25.419046401999935 ], [ -54.702941893999878, -25.418416976999879 ], [ -54.695960998999965, -25.41308784499995 ], [ -54.678024291999918, -25.420700071999875 ], [ -54.670639037999933, -25.415910719999886 ], [ -54.671497345999967, -25.409574507999935 ], [ -54.678546905999895, -25.407110212999953 ], [ -54.686653135999961, -25.398132324999892 ], [ -54.692905425999982, -25.395120620999933 ], [ -54.698719023999956, -25.396083830999885 ], [ -54.708423613999855, -25.41158485499983 ], [ -54.711826324999947, -25.412704467999902 ], [ -54.720745085999965, -25.403190611999946 ], [ -54.720462797999971, -25.388332367999965 ], [ -54.725502013999915, -25.386026381999955 ], [ -54.734683989999894, -25.393365858999971 ], [ -54.737831116999985, -25.401187895999954 ], [ -54.722522734999984, -25.407012938999912 ], [ -54.719284057999971, -25.410242079999932 ], [ -54.720260620999966, -25.413152693999962 ], [ -54.726074217999951, -25.414478300999974 ], [ -54.738368986999944, -25.409708021999961 ], [ -54.742958068999883, -25.413194655999973 ], [ -54.745712280999953, -25.419746397999916 ], [ -54.750118254999904, -25.421236036999971 ], [ -54.753372191999915, -25.41655540499994 ], [ -54.752277373999959, -25.403499603999933 ], [ -54.756126403999986, -25.399370192999925 ], [ -54.762554167999895, -25.399431227999912 ], [ -54.766128539999954, -25.404357908999941 ], [ -54.761436462999882, -25.413736342999925 ], [ -54.76300811699997, -25.417919158999894 ], [ -54.777267456999937, -25.418779371999847 ], [ -54.785640716999978, -25.426107405999971 ], [ -54.786308287999987, -25.418321607999872 ], [ -54.78056335399998, -25.408660887999929 ], [ -54.783416747999979, -25.403621673999965 ], [ -54.792331695999906, -25.419467926999971 ], [ -54.796733856999879, -25.421863555999948 ], [ -54.799560546999942, -25.420080184999904 ], [ -54.799850462999927, -25.409206390999941 ], [ -54.81359481699991, -25.399007797999957 ], [ -54.82003784099993, -25.397071837999931 ], [ -54.826065063999977, -25.397674560999974 ], [ -54.840065001999903, -25.406858443999909 ], [ -54.845630645999961, -25.415067672999953 ], [ -54.856117248999965, -25.410993574999907 ], [ -54.854133605999891, -25.40753364499983 ], [ -54.840499877999946, -25.402875899999913 ], [ -54.836917876999905, -25.398132324999892 ], [ -54.836547851999967, -25.393236159999901 ], [ -54.838977813999918, -25.390722274999916 ], [ -54.851821897999969, -25.394102095999983 ], [ -54.853038787999935, -25.39266204799992 ], [ -54.853305817999967, -25.383428572999946 ], [ -54.845310210999912, -25.376113890999932 ], [ -54.843139648999909, -25.36993408099994 ], [ -54.844413755999938, -25.361967086999925 ], [ -54.853439330999947, -25.36350250199996 ], [ -54.869068145999961, -25.354694366999922 ], [ -54.883396147999918, -25.362861631999976 ], [ -54.896877288999974, -25.36189079199994 ], [ -54.899539946999937, -25.356174468999939 ], [ -54.892192839999893, -25.346977232999848 ], [ -54.907604216999971, -25.34303665099992 ], [ -54.902084350999985, -25.33553504899993 ], [ -54.903648376999968, -25.332178115999966 ], [ -54.909381865999876, -25.329982755999879 ], [ -54.915943144999915, -25.331356047999975 ], [ -54.918361663999917, -25.335496901999932 ], [ -54.918006896999941, -25.344429015999935 ], [ -54.930618285999913, -25.353429794999954 ], [ -54.949005126999964, -25.34303665099992 ], [ -54.950107573999958, -25.340448378999838 ], [ -54.947967528999925, -25.338569640999822 ], [ -54.941280364999955, -25.340000152999949 ], [ -54.940170287999933, -25.321428297999944 ], [ -54.946834562999982, -25.31411552499992 ], [ -54.953323363999971, -25.313043594999954 ], [ -54.958690642999954, -25.315050123999981 ], [ -54.964309691999915, -25.310695647999921 ], [ -54.965206145999844, -25.300422668999943 ], [ -54.959098814999891, -25.301685332999966 ], [ -54.955753325999922, -25.298015592999889 ], [ -54.96088409399988, -25.290985106999869 ], [ -54.968193053999983, -25.289735792999977 ], [ -54.970500946999948, -25.280729292999865 ], [ -54.979091643999936, -25.273525237999934 ], [ -54.977458952999939, -25.264415740999937 ], [ -54.969894408999949, -25.264108656999895 ], [ -54.973278044999972, -25.257377623999957 ], [ -54.96911621199996, -25.250316619999978 ], [ -54.975296020999963, -25.239337920999958 ], [ -54.980827330999944, -25.23983573899983 ], [ -54.978546141999971, -25.249702453999873 ], [ -54.981754301999899, -25.254026411999973 ], [ -54.996776580999949, -25.250989913999888 ], [ -54.997890472999984, -25.24732971099985 ], [ -54.993366240999933, -25.2398796089999 ], [ -54.994075773999953, -25.236394880999967 ], [ -54.999961852999888, -25.232826232999912 ], [ -55.002658843999939, -25.233854293999968 ], [ -55.001781462999986, -25.239265442999965 ], [ -55.007457733999956, -25.242664336999837 ], [ -55.010360716999912, -25.239044189999959 ], [ -55.011173247999977, -25.231891631999872 ], [ -55.022617338999908, -25.232906341999978 ], [ -55.024295807999977, -25.229461670999967 ], [ -55.020084380999947, -25.225351332999878 ], [ -55.03149413999995, -25.223247526999899 ], [ -55.02971649199992, -25.220508575999929 ], [ -55.018512726999916, -25.218704223999964 ], [ -54.991935728999977, -25.192497253999875 ], [ -54.986476897999978, -25.178388594999944 ], [ -54.989063261999888, -25.162736891999884 ], [ -54.98474121199996, -25.154901504999941 ], [ -54.967975615999933, -25.150207519999981 ], [ -54.956188200999918, -25.164772033999952 ], [ -54.946350097999925, -25.166673660999948 ], [ -54.932788849999895, -25.161638259999961 ], [ -54.907535553999878, -25.146518706999927 ], [ -54.89934539799998, -25.144983291999893 ], [ -54.890426634999983, -25.137279510999861 ], [ -54.885822295999958, -25.137231826999823 ], [ -54.873508453999932, -25.161397933999865 ], [ -54.883850096999936, -25.200031279999848 ], [ -54.877410889999965, -25.220052719999956 ], [ -54.883056639999893, -25.234539030999883 ], [ -54.882991790999938, -25.244972227999938 ], [ -54.875530241999968, -25.261735915999964 ], [ -54.868137359999935, -25.265741347999892 ], [ -54.864425658999892, -25.275453565999953 ], [ -54.862892151999915, -25.272508620999929 ], [ -54.852371215999938, -25.267286300999956 ], [ -54.842403411999953, -25.243154524999966 ], [ -54.83541870199997, -25.212543487999937 ], [ -54.818302154999913, -25.202487944999973 ], [ -54.79506301899994, -25.202276229999882 ], [ -54.784374237999884, -25.192155837999962 ], [ -54.785633086999951, -25.188179015999935 ], [ -54.792057037999939, -25.187160490999929 ], [ -54.792884826999909, -25.185178755999914 ], [ -54.786369323999963, -25.162631988999919 ], [ -54.785346985999922, -25.149028776999955 ], [ -54.768192291999924, -25.128896712999904 ], [ -54.765804289999949, -25.127965926999934 ], [ -54.759269713999913, -25.137500761999945 ], [ -54.726490019999972, -25.14764022699984 ], [ -54.722797394999986, -25.168624877999889 ], [ -54.715652464999948, -25.164005278999923 ], [ -54.708446501999958, -25.149063110999975 ], [ -54.698600768999881, -25.14122390599988 ], [ -54.699981689999902, -25.138450620999947 ], [ -54.695888518999823, -25.130430220999983 ], [ -54.689819336999903, -25.10466766299993 ], [ -54.690479277999884, -25.102092742999957 ], [ -54.693119048999904, -25.102849959999958 ], [ -54.691116332999854, -25.096342085999936 ], [ -54.686031341999922, -25.090623854999933 ], [ -54.68824005099998, -25.0876865379999 ], [ -54.685108183999944, -25.079633712999907 ], [ -54.67501449599996, -25.077081679999878 ], [ -54.671669005999888, -25.073053358999914 ], [ -54.672115324999936, -25.06961631799993 ], [ -54.67943954499998, -25.065839765999897 ], [ -54.679470061999893, -25.063453673999902 ], [ -54.668529509999985, -25.065198898999824 ], [ -54.66123199499998, -25.060968397999886 ], [ -54.654037474999882, -25.06052017199994 ], [ -54.628818510999963, -25.074899672999891 ], [ -54.62503051799996, -25.073764799999879 ], [ -54.623813628999983, -25.067602156999897 ], [ -54.610309600999983, -25.060617446999913 ], [ -54.598155973999894, -25.064195631999951 ], [ -54.589797972999975, -25.061014174999968 ], [ -54.584865568999817, -25.056213377999939 ], [ -54.575325011999951, -25.055894851999938 ], [ -54.567584991999979, -25.061281204999943 ], [ -54.542404173999898, -25.059331893999968 ], [ -54.530094146999943, -25.065883635999967 ], [ -54.515689849999944, -25.066059111999948 ], [ -54.515014647999976, -25.070579527999939 ], [ -54.518730164999965, -25.076248168999939 ], [ -54.500038146999884, -25.081621170999938 ], [ -54.498069763999922, -25.079423904999942 ], [ -54.499420164999947, -25.069658279999942 ], [ -54.493682860999968, -25.052547455999843 ], [ -54.472522734999927, -25.054079054999931 ], [ -54.473445892999848, -25.058048247999977 ], [ -54.481418608999945, -25.063291548999928 ], [ -54.482456206999984, -25.066898345999903 ], [ -54.480175017999898, -25.072126387999958 ], [ -54.473220824999942, -25.071958540999901 ], [ -54.464202879999959, -25.066816329999881 ], [ -54.464050292999957, -25.084419249999939 ], [ -54.457965849999937, -25.107976912999902 ], [ -54.436279295999896, -25.143764494999971 ], [ -54.436012268999832, -25.154533384999979 ], [ -54.43918609699989, -25.161720275999983 ], [ -54.469925675999889, -25.21262274399993 ] ] ] ] } },
{ "type": "Feature", "properties": { "fid": 8, "GID_2": "PRY.2.5_1", "GID_0": "PRY", "COUNTRY": "Paraguay", "GID_1": "PRY.2_1", "NAME_1": "Alto Paraná", "NL_NAME_1": "NA", "NAME_2": "Itakyry", "VARNAME_2": "Itaquyry|Ytakyry", "NL_NAME_2": "NA", "TYPE_2": "Distrito", "ENGTYPE_2": "District", "CC_2": "NA", "HASC_2": "PY.AA.IT" }, "geometry": { "type": "MultiPolygon", "coordinates": [ [ [ [ -54.968978880999884, -25.150369644999898 ], [ -54.982753753999987, -25.153795242999934 ], [ -54.987911224999948, -25.158374786999843 ], [ -54.989250182999911, -25.164005278999923 ], [ -54.986476897999978, -25.178388594999944 ], [ -54.988403320999907, -25.185804366999889 ], [ -55.005996704999973, -25.208164214999954 ], [ -55.018512726999916, -25.218704223999964 ], [ -55.023265838999919, -25.219701765999957 ], [ -55.024971008999955, -25.217424391999941 ], [ -55.032966613999918, -25.216344833999983 ], [ -55.034374236999952, -25.212299346999885 ], [ -55.026672363999978, -25.205204008999829 ], [ -55.030551910999975, -25.198373793999906 ], [ -55.016643523999903, -25.187196730999972 ], [ -55.016487121999944, -25.183145522999894 ], [ -55.027130127999897, -25.180965422999918 ], [ -55.037910460999967, -25.165418624999916 ], [ -55.053604125999925, -25.159307478999892 ], [ -55.058807372999979, -25.159875869999951 ], [ -55.064533232999963, -25.14854812699997 ], [ -55.078227996999942, -25.141765593999935 ], [ -55.084716796999942, -25.134370802999968 ], [ -55.092723846999945, -25.134904859999949 ], [ -55.102920531999928, -25.117391586999929 ], [ -55.112922667999896, -25.118795394999893 ], [ -55.122173308999947, -25.115205763999938 ], [ -55.140113829999962, -25.104270934999931 ], [ -55.150455474999944, -25.091835021999941 ], [ -55.163711547999981, -25.088104246999933 ], [ -55.166599273999964, -25.079900741999893 ], [ -55.175155638999968, -25.075628279999876 ], [ -55.174125670999899, -25.066413877999878 ], [ -55.186233520999963, -25.047914503999948 ], [ -55.201057432999903, -25.037960051999903 ], [ -55.205696105999948, -25.037948608999955 ], [ -55.211498259999928, -25.044160842999929 ], [ -55.221637724999937, -25.04553222699991 ], [ -55.229309081999986, -25.043483733999949 ], [ -55.231349944999977, -25.040901184999882 ], [ -55.228015898999899, -25.031513212999926 ], [ -55.231830597999874, -25.030595779999942 ], [ -55.248382567999897, -25.035409927999922 ], [ -55.248424529999909, -25.029329299999972 ], [ -55.259395598999959, -25.033222197999919 ], [ -55.264213561999952, -25.037246703999926 ], [ -55.266208648999907, -25.043422697999972 ], [ -55.27648925799997, -25.040260314999898 ], [ -55.269866942999954, -25.031707763999975 ], [ -55.26613998299996, -25.032760620999852 ], [ -55.264675138999962, -25.030937194999979 ], [ -55.265136717999951, -25.024053572999833 ], [ -55.274326323999958, -25.025390625999876 ], [ -55.279972075999979, -25.020540235999931 ], [ -55.292213439999955, -25.021692274999964 ], [ -55.309474945999909, -25.010910034999881 ], [ -55.312664032999976, -25.001512526999932 ], [ -55.305831909999938, -24.991128920999927 ], [ -55.315841673999898, -24.975076675999958 ], [ -55.328590393999946, -24.967187880999973 ], [ -55.331951141999923, -24.951576231999923 ], [ -55.326793669999972, -24.923156737999932 ], [ -55.328662872999985, -24.919830321999939 ], [ -55.335510253999985, -24.916515348999951 ], [ -55.338359831999924, -24.910293579999916 ], [ -55.337158202999888, -24.90596198999998 ], [ -55.32397079499998, -24.892080306999844 ], [ -55.323417663999976, -24.876407621999931 ], [ -55.325138091999918, -24.869077680999965 ], [ -55.342735289999951, -24.838230132999968 ], [ -55.330551147999984, -24.820951460999936 ], [ -55.33161544799998, -24.806306838999888 ], [ -55.324855803999924, -24.776851653999927 ], [ -55.317726134999987, -24.763671873999954 ], [ -55.318775176999964, -24.749820707999902 ], [ -55.317005156999983, -24.741891860999942 ], [ -55.301918028999921, -24.722894668999857 ], [ -55.297935484999925, -24.707189559999904 ], [ -55.299037933999898, -24.70082664399996 ], [ -55.312015532999965, -24.68808555499993 ], [ -55.31024932999992, -24.672960280999973 ], [ -55.303337097999986, -24.663284301999965 ], [ -55.29877853499994, -24.650131225999871 ], [ -55.287624359999938, -24.640207290999911 ], [ -55.295463561999952, -24.628170012999931 ], [ -55.294879911999942, -24.617231369999843 ], [ -55.289218901999902, -24.612297057999967 ], [ -55.28937149099994, -24.60731506299993 ], [ -55.294216155999948, -24.59571266099988 ], [ -55.304687498999897, -24.586797713999886 ], [ -55.306812285999968, -24.579946517999872 ], [ -55.300163269999928, -24.569238662999965 ], [ -55.29831314099988, -24.560735701999931 ], [ -55.288639068999885, -24.555843352999887 ], [ -55.273239135999972, -24.526666640999963 ], [ -55.268596647999971, -24.521827696999878 ], [ -55.255382538999982, -24.519306182999969 ], [ -55.246547699999951, -24.513380050999899 ], [ -55.23390960699993, -24.517526624999903 ], [ -55.223094940999943, -24.513082503999897 ], [ -55.200801848999902, -24.512580870999955 ], [ -55.185340881999821, -24.515352247999942 ], [ -55.160659789999954, -24.525365829999885 ], [ -55.157718657999965, -24.521579741999972 ], [ -55.160881042999961, -24.513706205999881 ], [ -55.145168303999924, -24.505134581999982 ], [ -55.132083892999901, -24.47747039799998 ], [ -55.109588621999933, -24.504051208999954 ], [ -55.108470916999977, -24.511955260999969 ], [ -55.112556457999972, -24.521226882999883 ], [ -55.11198806699997, -24.526330947999952 ], [ -55.109771727999885, -24.53233146599996 ], [ -55.09999847499995, -24.540504454999962 ], [ -55.085048674999939, -24.545089721999886 ], [ -55.066123962999939, -24.541713713999968 ], [ -55.057804107999914, -24.544967650999922 ], [ -55.041183471999886, -24.542562483999973 ], [ -55.03087234599991, -24.538461685999948 ], [ -55.010627746999887, -24.544252394999887 ], [ -54.994556426999907, -24.543985366999834 ], [ -54.976585386999886, -24.552156447999835 ], [ -54.969779967999898, -24.564575194999918 ], [ -54.956703185999913, -24.562557219999917 ], [ -54.960548400999926, -24.58071136399991 ], [ -54.959896087999937, -24.588483809999957 ], [ -54.963588714999958, -24.598506926999903 ], [ -54.982582092999905, -24.612871169999949 ], [ -54.992042540999932, -24.615087508999977 ], [ -54.992805481999937, -24.665744780999887 ], [ -55.0099601739999, -24.746500014999867 ], [ -55.008880614999953, -24.758466719999944 ], [ -55.011447905999887, -24.788408278999896 ], [ -55.052665709999928, -24.926063536999834 ], [ -55.060615539999901, -24.936443327999882 ], [ -55.068096159999982, -24.967954634999955 ], [ -55.074829100999921, -24.97422409099994 ], [ -55.076164245999962, -24.980022429999963 ], [ -55.071289061999948, -24.986522673999957 ], [ -55.062244415999942, -24.989765166999973 ], [ -55.058349608999947, -24.998796461999916 ], [ -55.050117492999959, -25.001621246999889 ], [ -55.032714844999873, -25.00145721399997 ], [ -55.004768371999944, -25.014068602999942 ], [ -54.984287262999885, -25.038158416999977 ], [ -54.987144469999919, -25.050697326999966 ], [ -54.985649108999951, -25.059019088999889 ], [ -54.968544004999956, -25.049787520999928 ], [ -54.951061248999906, -25.045349120999958 ], [ -54.976467131999982, -25.125818251999931 ], [ -54.968978880999884, -25.150369644999898 ] ] ] ] } },
{ "type": "Feature", "properties": { "fid": 9, "GID_2": "PRY.2.6_1", "GID_0": "PRY", "COUNTRY": "Paraguay", "GID_1": "PRY.2_1", "NAME_1": "Alto Paraná", "NL_NAME_1": "NA", "NAME_2": "Juan Emilio O'Leary", "VARNAME_2": "NA", "NL_NAME_2": "NA", "TYPE_2": "Distrito", "ENGTYPE_2": "District", "CC_2": "NA", "HASC_2": "PY.AA.JO" }, "geometry": { "type": "MultiPolygon", "coordinates": [ [ [ [ -55.297840117999954, -25.345861434999961 ], [ -55.304897308999955, -25.361175537999827 ], [ -55.30620193499982, -25.381225584999925 ], [ -55.31787490899984, -25.429828642999951 ], [ -55.324489593999942, -25.47822761499998 ], [ -55.336029052999834, -25.531976698999983 ], [ -55.336811064999949, -25.534349439999914 ], [ -55.341812133999952, -25.53548812899993 ], [ -55.33767318699995, -25.549087523999901 ], [ -55.342369079999912, -25.561315535999938 ], [ -55.34309387199994, -25.579444885999919 ], [ -55.374530791999916, -25.614774703999956 ], [ -55.385101317999954, -25.620897292999928 ], [ -55.393913269999871, -25.622266769999896 ], [ -55.400150299999893, -25.614442825999845 ], [ -55.399749755999949, -25.600139617999957 ], [ -55.410709381999936, -25.586973190999913 ], [ -55.417785643999935, -25.559761045999835 ], [ -55.431407928999874, -25.539712905999977 ], [ -55.423000335999916, -25.53816795399996 ], [ -55.422019957999908, -25.536155699999824 ], [ -55.417991637999933, -25.515737532999822 ], [ -55.408428192999907, -25.486722945999873 ], [ -55.396286010999972, -25.428058623999959 ], [ -55.381237030999955, -25.375585555999919 ], [ -55.381469726999967, -25.369262694999975 ], [ -55.386875152999892, -25.35965919399996 ], [ -55.341163635999919, -25.338970184999937 ], [ -55.334796904999848, -25.332073211999898 ], [ -55.322963714999958, -25.30530738799996 ], [ -55.304824827999937, -25.318813322999972 ], [ -55.306037902999947, -25.334175109999933 ], [ -55.297840117999954, -25.345861434999961 ] ] ] ] } },
{ "type": "Feature", "properties": { "fid": 10, "GID_2": "PRY.2.7_1", "GID_0": "PRY", "COUNTRY": "Paraguay", "GID_1": "PRY.2_1", "NAME_1": "Alto Paraná", "NL_NAME_1": "NA", "NAME_2": "Los Cedrales", "VARNAME_2": "NA", "NL_NAME_2": "NA", "TYPE_2": "Distrito", "ENGTYPE_2": "District", "CC_2": "NA", "HASC_2": "NA" }, "geometry": { "type": "MultiPolygon", "coordinates": [ [ [ [ -54.64497375499991, -25.666112899999973 ], [ -54.655929565999941, -25.674171446999878 ], [ -54.659290313999918, -25.686195372999975 ], [ -54.654613494999921, -25.707046507999962 ], [ -54.643836974999942, -25.720434187999899 ], [ -54.634174346999885, -25.741262435999829 ], [ -54.632694244999982, -25.765991209999981 ], [ -54.624408721999941, -25.783338546999914 ], [ -54.628784178999922, -25.789463041999966 ], [ -54.634704588999966, -25.78983306899994 ], [ -54.6365547179999, -25.777988433999894 ], [ -54.65173339699993, -25.766145706999964 ], [ -54.659503935999908, -25.766145706999964 ], [ -54.65987396099996, -25.775766372999897 ], [ -54.664318084999877, -25.778728483999942 ], [ -54.678382873999908, -25.764663694999911 ], [ -54.694667816999981, -25.773546218999968 ], [ -54.700592041999982, -25.77021407999996 ], [ -54.703552245999958, -25.776508329999842 ], [ -54.712806701999966, -25.777248381999982 ], [ -54.731681823999907, -25.787982939999949 ], [ -54.744270325999935, -25.787982939999949 ], [ -54.747970581999937, -25.785392760999969 ], [ -54.76018524199992, -25.784650801999931 ], [ -54.76018524199992, -25.78094863799987 ], [ -54.767585753999924, -25.781320570999924 ], [ -54.767585753999924, -25.77761840699992 ], [ -54.77647018499988, -25.77761840699992 ], [ -54.780174255999952, -25.77428817599997 ], [ -54.788806914999952, -25.776819229999887 ], [ -54.80123138499988, -25.766881941999941 ], [ -54.811790466999923, -25.763151168999912 ], [ -54.819866180999952, -25.763774870999896 ], [ -54.819866180999952, -25.759428024999977 ], [ -54.824836730999891, -25.759428024999977 ], [ -54.826698302999887, -25.765016555999978 ], [ -54.839744566999968, -25.765016555999978 ], [ -54.839122772999929, -25.804151534999903 ], [ -54.846599578999928, -25.80946159399997 ], [ -54.877864837999937, -25.77815055699989 ], [ -54.878726958999948, -25.7737998959999 ], [ -54.876346587999933, -25.771055221999916 ], [ -54.861495971999943, -25.766929625999978 ], [ -54.846363066999913, -25.754085539999949 ], [ -54.835639952999884, -25.75290489199989 ], [ -54.843101501999968, -25.742256164999958 ], [ -54.855804442999954, -25.741279601999906 ], [ -54.858047484999986, -25.739301681999962 ], [ -54.853813171999946, -25.724739073999956 ], [ -54.867431639999893, -25.700170517999879 ], [ -54.862186431999987, -25.685232162999966 ], [ -54.865348816999983, -25.658933637999951 ], [ -54.862266539999951, -25.647651671999881 ], [ -54.87167739899985, -25.635570525999924 ], [ -54.85577774099994, -25.635793685999943 ], [ -54.847415923999904, -25.62881278899988 ], [ -54.845237731999987, -25.609189986999979 ], [ -54.846382140999879, -25.597944259999963 ], [ -54.850399016999972, -25.598526 ], [ -54.855922697999972, -25.607654569999966 ], [ -54.859359740999935, -25.60604858499994 ], [ -54.86064147899998, -25.599889753999889 ], [ -54.849773406999986, -25.583450315999926 ], [ -54.84617233299997, -25.581607816999906 ], [ -54.842132568999943, -25.582836149999935 ], [ -54.839229582999963, -25.589891432999877 ], [ -54.830509184999983, -25.578920363999941 ], [ -54.821533203999934, -25.572481154999878 ], [ -54.817905425999982, -25.572994230999882 ], [ -54.811637877999829, -25.592180251999821 ], [ -54.814136504999965, -25.601644515999965 ], [ -54.81211089999988, -25.603076934999933 ], [ -54.80612182699997, -25.598848342999872 ], [ -54.79887771499989, -25.598962782999934 ], [ -54.792335510999976, -25.591098784999872 ], [ -54.785682678999876, -25.592126844999939 ], [ -54.779277800999921, -25.589525222999953 ], [ -54.773605345999897, -25.592561720999925 ], [ -54.758129119999978, -25.591333387999896 ], [ -54.758991240999876, -25.586799620999955 ], [ -54.767509459999928, -25.581249237999884 ], [ -54.766208648999964, -25.572343825999894 ], [ -54.763000488999978, -25.571403503999818 ], [ -54.755867003999924, -25.578962325999953 ], [ -54.733341215999985, -25.578388213999972 ], [ -54.739444731999981, -25.588981627999942 ], [ -54.734565733999943, -25.593112945999962 ], [ -54.725765228999933, -25.589033126999936 ], [ -54.719947813999909, -25.571727751999902 ], [ -54.702812195999968, -25.567930220999926 ], [ -54.695037841999977, -25.560527801999967 ], [ -54.690597533999892, -25.559415816999945 ], [ -54.690597533999892, -25.573482513999977 ], [ -54.685783385999912, -25.577554701999929 ], [ -54.679122925999877, -25.577554701999929 ], [ -54.678382873999908, -25.580884932999936 ], [ -54.68208312999991, -25.585327148999966 ], [ -54.681713104999972, -25.590509413999939 ], [ -54.697257995999962, -25.626043318999905 ], [ -54.685783385999912, -25.636407851999934 ], [ -54.669868468999937, -25.636407851999934 ], [ -54.656913756999984, -25.646770477999894 ], [ -54.64497375499991, -25.666112899999973 ] ] ] ] } },
{ "type": "Feature", "properties": { "fid": 11, "GID_2": "PRY.2.8_1", "GID_0": "PRY", "COUNTRY": "Paraguay", "GID_1": "PRY.2_1", "NAME_1": "Alto Paraná", "NL_NAME_1": "NA", "NAME_2": "Mbaracayú", "VARNAME_2": "NA", "NL_NAME_2": "NA", "TYPE_2": "Distrito", "ENGTYPE_2": "District", "CC_2": "NA", "HASC_2": "PY.AA.MB" }, "geometry": { "type": "MultiPolygon", "coordinates": [ [ [ [ -54.459281921999946, -25.038984297999946 ], [ -54.464202879999959, -25.066816329999881 ], [ -54.473220824999942, -25.071958540999901 ], [ -54.480175017999898, -25.072126387999958 ], [ -54.482456206999984, -25.066898345999903 ], [ -54.481418608999945, -25.063291548999928 ], [ -54.473445892999848, -25.058048247999977 ], [ -54.472522734999927, -25.054079054999931 ], [ -54.494560241999977, -25.053033828999958 ], [ -54.499420164999947, -25.069658279999942 ], [ -54.498069763999922, -25.079423904999942 ], [ -54.500038146999884, -25.081621170999938 ], [ -54.518730164999965, -25.076248168999939 ], [ -54.515014647999976, -25.070579527999939 ], [ -54.515689849999944, -25.066059111999948 ], [ -54.530094146999943, -25.065883635999967 ], [ -54.542404173999898, -25.059331893999968 ], [ -54.567584991999979, -25.061281204999943 ], [ -54.575325011999951, -25.055894851999938 ], [ -54.584865568999817, -25.056213377999939 ], [ -54.589797972999975, -25.061014174999968 ], [ -54.598155973999894, -25.064195631999951 ], [ -54.610309600999983, -25.060617446999913 ], [ -54.623813628999983, -25.067602156999897 ], [ -54.62503051799996, -25.073764799999879 ], [ -54.628818510999963, -25.074899672999891 ], [ -54.654037474999882, -25.06052017199994 ], [ -54.66123199499998, -25.060968397999886 ], [ -54.668529509999985, -25.065198898999824 ], [ -54.679470061999893, -25.063453673999902 ], [ -54.67943954499998, -25.065839765999897 ], [ -54.672115324999936, -25.06961631799993 ], [ -54.671669005999888, -25.073053358999914 ], [ -54.67501449599996, -25.077081679999878 ], [ -54.685108183999944, -25.079633712999907 ], [ -54.68824005099998, -25.0876865379999 ], [ -54.686031341999922, -25.090623854999933 ], [ -54.691116332999854, -25.096342085999936 ], [ -54.693119048999904, -25.102849959999958 ], [ -54.690479277999884, -25.102092742999957 ], [ -54.689819336999903, -25.10466766299993 ], [ -54.695888518999823, -25.130430220999983 ], [ -54.699981689999902, -25.138450620999947 ], [ -54.698600768999881, -25.14122390599988 ], [ -54.708446501999958, -25.149063110999975 ], [ -54.715652464999948, -25.164005278999923 ], [ -54.722797394999986, -25.168624877999889 ], [ -54.726490019999972, -25.14764022699984 ], [ -54.759269713999913, -25.137500761999945 ], [ -54.765804289999949, -25.127965926999934 ], [ -54.768192291999924, -25.128896712999904 ], [ -54.785346985999922, -25.149028776999955 ], [ -54.786369323999963, -25.162631988999919 ], [ -54.792884826999909, -25.185178755999914 ], [ -54.792057037999939, -25.187160490999929 ], [ -54.785633086999951, -25.188179015999935 ], [ -54.784374237999884, -25.192155837999962 ], [ -54.79506301899994, -25.202276229999882 ], [ -54.818302154999913, -25.202487944999973 ], [ -54.83541870199997, -25.212543487999937 ], [ -54.842403411999953, -25.243154524999966 ], [ -54.852371215999938, -25.267286300999956 ], [ -54.862892151999915, -25.272508620999929 ], [ -54.864425658999892, -25.275453565999953 ], [ -54.868137359999935, -25.265741347999892 ], [ -54.875530241999968, -25.261735915999964 ], [ -54.882991790999938, -25.244972227999938 ], [ -54.883056639999893, -25.234539030999883 ], [ -54.877410889999965, -25.220052719999956 ], [ -54.883850096999936, -25.200031279999848 ], [ -54.873508453999932, -25.161397933999865 ], [ -54.885822295999958, -25.137231826999823 ], [ -54.890426634999983, -25.137279510999861 ], [ -54.89934539799998, -25.144983291999893 ], [ -54.907535553999878, -25.146518706999927 ], [ -54.932788849999895, -25.161638259999961 ], [ -54.950153350999926, -25.16670608499993 ], [ -54.956188200999918, -25.164772033999952 ], [ -54.965148925999983, -25.151990890999912 ], [ -54.968978880999884, -25.150369644999898 ], [ -54.976467131999982, -25.125818251999931 ], [ -54.943725584999868, -25.016372680999893 ], [ -54.951896667999961, -25.001773833999891 ], [ -54.946350097999925, -24.997186660999944 ], [ -54.903648376999968, -24.971740721999879 ], [ -54.858699797999975, -24.951881408999952 ], [ -54.855304718999889, -24.951667785999859 ], [ -54.839977262999923, -24.962200164999899 ], [ -54.835304258999827, -24.968133924999961 ], [ -54.83129501399992, -24.968994140999939 ], [ -54.827804564999951, -24.960441589999959 ], [ -54.823432922999984, -24.958036421999907 ], [ -54.807460784999876, -24.956230162999873 ], [ -54.78543090699992, -24.959072112999934 ], [ -54.745254516999978, -24.928176879999967 ], [ -54.730445860999964, -24.929279326999904 ], [ -54.714992523999967, -24.933818816999974 ], [ -54.709407806999934, -24.933027267999933 ], [ -54.686115265999945, -24.911552428999983 ], [ -54.66999816799995, -24.906290054999886 ], [ -54.665210723999962, -24.891189574999942 ], [ -54.658733367999844, -24.882955550999895 ], [ -54.652130125999975, -24.878211973999896 ], [ -54.641242980999948, -24.8759288789999 ], [ -54.640605925999921, -24.873207091999973 ], [ -54.633167266999976, -24.869905471999971 ], [ -54.629928587999927, -24.869905471999971 ], [ -54.622428893999881, -24.879793165999899 ], [ -54.61875533999995, -24.879793165999899 ], [ -54.60136794999994, -24.870121001999962 ], [ -54.574184417999959, -24.86154937799995 ], [ -54.566349028999923, -24.865222929999959 ], [ -54.535003661999895, -24.871711729999959 ], [ -54.514190673999906, -24.888364791999891 ], [ -54.507823943999881, -24.889833450999902 ], [ -54.50072097799989, -24.887874601999954 ], [ -54.490192412999875, -24.879060743999958 ], [ -54.482109068999875, -24.879550933999951 ], [ -54.473537444999977, -24.886648176999984 ], [ -54.468151091999971, -24.876609801999962 ], [ -54.456642150999926, -24.875875471999848 ], [ -54.449050901999954, -24.888854979999962 ], [ -54.42652130099998, -24.901832580999951 ], [ -54.423133849999886, -24.905611037999904 ], [ -54.424934386999951, -24.913740158999929 ], [ -54.459281921999946, -25.038984297999946 ] ] ] ] } },
{ "type": "Feature", "properties": { "fid": 12, "GID_2": "PRY.2.9_1", "GID_0": "PRY", "COUNTRY": "Paraguay", "GID_1": "PRY.2_1", "NAME_1": "Alto Paraná", "NL_NAME_1": "NA", "NAME_2": "Minga Guazú", "VARNAME_2": "NA", "NL_NAME_2": "NA", "TYPE_2": "Distrito", "ENGTYPE_2": "District", "CC_2": "NA", "HASC_2": "PY.AA.MG" }, "geometry": { "type": "MultiPolygon", "coordinates": [ [ [ [ -54.694942473999959, -25.436464308999916 ], [ -54.704471587999876, -25.538719176999905 ], [ -54.706077575999984, -25.53891563399992 ], [ -54.708301542999948, -25.554187774999946 ], [ -54.707725525999933, -25.56798362599983 ], [ -54.719947813999909, -25.571727751999902 ], [ -54.727752684999984, -25.590869903999931 ], [ -54.734565733999943, -25.593112945999962 ], [ -54.738410948999956, -25.591329574999975 ], [ -54.739257812999881, -25.587888716999942 ], [ -54.733341215999985, -25.578388213999972 ], [ -54.755867003999924, -25.578962325999953 ], [ -54.759922026999902, -25.576459883999917 ], [ -54.760986328999934, -25.571928023999874 ], [ -54.76521301199989, -25.571605680999937 ], [ -54.767509459999928, -25.581249237999884 ], [ -54.758991240999876, -25.586799620999955 ], [ -54.758129119999978, -25.591333387999896 ], [ -54.773605345999897, -25.592561720999925 ], [ -54.779277800999921, -25.589525222999953 ], [ -54.785682678999876, -25.592126844999939 ], [ -54.792335510999976, -25.591098784999872 ], [ -54.79887771499989, -25.598962782999934 ], [ -54.80612182699997, -25.598848342999872 ], [ -54.81211089999988, -25.603076934999933 ], [ -54.814136504999965, -25.601644515999965 ], [ -54.811637877999829, -25.592180251999821 ], [ -54.817905425999982, -25.572994230999882 ], [ -54.820129394999981, -25.571926115999872 ], [ -54.830509184999983, -25.578920363999941 ], [ -54.839229582999963, -25.589891432999877 ], [ -54.842132568999943, -25.582836149999935 ], [ -54.84617233299997, -25.581607816999906 ], [ -54.858097076999911, -25.59405517499988 ], [ -54.86064147899998, -25.599889753999889 ], [ -54.857330321999882, -25.607479094999974 ], [ -54.853717803999984, -25.606906889999891 ], [ -54.848796843999935, -25.597600936999982 ], [ -54.846382140999879, -25.597944259999963 ], [ -54.845329283999831, -25.601747512999964 ], [ -54.846508026999913, -25.626495360999911 ], [ -54.849185943999885, -25.631557464999958 ], [ -54.85577774099994, -25.635793685999943 ], [ -54.861427307999975, -25.634571073999837 ], [ -54.867038725999976, -25.636617659999956 ], [ -54.877738952999891, -25.633808135999971 ], [ -54.880134581999982, -25.635099410999942 ], [ -54.881614683999942, -25.645828246999827 ], [ -54.884014128999979, -25.646938323999905 ], [ -54.891567230999897, -25.63847160399996 ], [ -54.895553589999963, -25.625438690999886 ], [ -54.894783018999874, -25.622343062999903 ], [ -54.88561630199996, -25.614999771999919 ], [ -54.883480071999941, -25.608442306999848 ], [ -54.884914398999967, -25.60627937299995 ], [ -54.891761779999968, -25.605981826999937 ], [ -54.898941040999944, -25.611307143999909 ], [ -54.90256500299995, -25.611341475999893 ], [ -54.90682601799989, -25.607929229999854 ], [ -54.904296874999886, -25.60046386599987 ], [ -54.91015624899984, -25.599063872999977 ], [ -54.91576766999998, -25.601112365999882 ], [ -54.923896789999958, -25.610990523999931 ], [ -54.930923461999953, -25.612506864999887 ], [ -54.937179565999941, -25.611108779999938 ], [ -54.950992584999938, -25.599796294999976 ], [ -54.952045439999893, -25.595270156999959 ], [ -54.94526290899995, -25.572334289999901 ], [ -54.949432371999876, -25.56780052199997 ], [ -54.949401855999952, -25.562025069999947 ], [ -54.918338774999881, -25.397949218999941 ], [ -54.919982909999931, -25.39252853399995 ], [ -54.911911010999972, -25.366737365999938 ], [ -54.899539946999937, -25.356174468999939 ], [ -54.897891996999931, -25.36116790799997 ], [ -54.894657134999875, -25.362413405999916 ], [ -54.883396147999918, -25.362861631999976 ], [ -54.869068145999961, -25.354694366999922 ], [ -54.853439330999947, -25.36350250199996 ], [ -54.843597412999884, -25.36286926199989 ], [ -54.845310210999912, -25.376113890999932 ], [ -54.853305817999967, -25.383428572999946 ], [ -54.853038787999935, -25.39266204799992 ], [ -54.851821897999969, -25.394102095999983 ], [ -54.838977813999918, -25.390722274999916 ], [ -54.836547851999967, -25.393236159999901 ], [ -54.836917876999905, -25.398132324999892 ], [ -54.840499877999946, -25.402875899999913 ], [ -54.856330871999887, -25.409179686999948 ], [ -54.847839355999952, -25.415264129999969 ], [ -54.843826293999882, -25.414140701999827 ], [ -54.837867736999897, -25.405389784999898 ], [ -54.826065063999977, -25.397674560999974 ], [ -54.82003784099993, -25.397071837999931 ], [ -54.81359481699991, -25.399007797999957 ], [ -54.799850462999927, -25.409206390999941 ], [ -54.799560546999942, -25.420080184999904 ], [ -54.797737120999955, -25.421871184999873 ], [ -54.792331695999906, -25.419467926999971 ], [ -54.786411285999975, -25.406000135999932 ], [ -54.782207488999973, -25.403970717999982 ], [ -54.78056335399998, -25.408660887999929 ], [ -54.78689193799994, -25.420867919999978 ], [ -54.786048888999915, -25.425752638999938 ], [ -54.7838363649999, -25.425912856999958 ], [ -54.777267456999937, -25.418779371999847 ], [ -54.76300811699997, -25.417919158999894 ], [ -54.761436462999882, -25.413736342999925 ], [ -54.765918732999921, -25.405986784999982 ], [ -54.765148161999946, -25.401630400999977 ], [ -54.762554167999895, -25.399431227999912 ], [ -54.756126403999986, -25.399370192999925 ], [ -54.751869201999909, -25.404220579999958 ], [ -54.752544403999934, -25.419631956999979 ], [ -54.74810791099992, -25.421400069999947 ], [ -54.738368986999944, -25.409708021999961 ], [ -54.726074217999951, -25.414478300999974 ], [ -54.719264983999892, -25.41205596899988 ], [ -54.719692228999975, -25.409160613999973 ], [ -54.725955962999933, -25.404872892999947 ], [ -54.737831116999985, -25.401187895999954 ], [ -54.734683989999894, -25.393365858999971 ], [ -54.725502013999915, -25.386026381999955 ], [ -54.720462797999971, -25.388332367999965 ], [ -54.720745085999965, -25.403190611999946 ], [ -54.711826324999947, -25.412704467999902 ], [ -54.708423613999855, -25.41158485499983 ], [ -54.698719023999956, -25.396083830999885 ], [ -54.692905425999982, -25.395120620999933 ], [ -54.686653135999961, -25.398132324999892 ], [ -54.678546905999895, -25.407110212999953 ], [ -54.671497345999967, -25.409574507999935 ], [ -54.670051574999889, -25.414091109999958 ], [ -54.674617766999972, -25.419939040999964 ], [ -54.678024291999918, -25.420700071999875 ], [ -54.694152831999986, -25.413072584999895 ], [ -54.702941893999878, -25.418416976999879 ], [ -54.711574553999981, -25.419046401999935 ], [ -54.712905883999895, -25.426853179999966 ], [ -54.708354949999944, -25.441131591999977 ], [ -54.702301024999883, -25.443971632999876 ], [ -54.694942473999959, -25.436464308999916 ] ] ] ] } },
{ "type": "Feature", "properties": { "fid": 13, "GID_2": "PRY.2.10_1", "GID_0": "PRY", "COUNTRY": "Paraguay", "GID_1": "PRY.2_1", "NAME_1": "Alto Paraná", "NL_NAME_1": "NA", "NAME_2": "Minga Porá", "VARNAME_2": "NA", "NL_NAME_2": "NA", "TYPE_2": "Distrito", "ENGTYPE_2": "District", "CC_2": "NA", "HASC_2": "PY.AA.MP" }, "geometry": { "type": "MultiPolygon", "coordinates": [ [ [ [ -55.028861998999957, -24.850917814999946 ], [ -55.011447905999887, -24.788408278999896 ], [ -55.008880614999953, -24.758466719999944 ], [ -55.0099601739999, -24.746500014999867 ], [ -54.992805481999937, -24.665744780999887 ], [ -54.992042540999932, -24.615087508999977 ], [ -54.982582092999905, -24.612871169999949 ], [ -54.963588714999958, -24.598506926999903 ], [ -54.959896087999937, -24.588483809999957 ], [ -54.960548400999926, -24.58071136399991 ], [ -54.956703185999913, -24.562557219999917 ], [ -54.946228026999961, -24.561460493999959 ], [ -54.922481536999896, -24.566455840999936 ], [ -54.916549683999904, -24.569969176999905 ], [ -54.912368774999948, -24.576982498999939 ], [ -54.908893584999987, -24.591478347999953 ], [ -54.903831482999919, -24.595149992999893 ], [ -54.901401518999933, -24.607572554999933 ], [ -54.888763426999901, -24.615022658999976 ], [ -54.897224425999923, -24.619522094999923 ], [ -54.896881103999931, -24.623342513999944 ], [ -54.878890991999924, -24.629753111999833 ], [ -54.871025085999975, -24.628971099999944 ], [ -54.861419677999947, -24.632650374999912 ], [ -54.857757568999887, -24.642686842999979 ], [ -54.846752165999874, -24.644617080999978 ], [ -54.84029006999998, -24.651155471999914 ], [ -54.834873198999958, -24.652120589999981 ], [ -54.83802413899997, -24.659280776999935 ], [ -54.837329863999912, -24.666601180999976 ], [ -54.835273742999959, -24.667762754999899 ], [ -54.827533721999941, -24.660732267999947 ], [ -54.807964324999887, -24.668405532999884 ], [ -54.799922943999889, -24.668573377999905 ], [ -54.793277739999951, -24.661901472999887 ], [ -54.783489225999972, -24.658096311999884 ], [ -54.779991149999887, -24.649984359999905 ], [ -54.773174284999925, -24.644422530999975 ], [ -54.769634246999942, -24.644674300999952 ], [ -54.76007080099987, -24.655418395999845 ], [ -54.731758116999913, -24.649887084999932 ], [ -54.727565765999884, -24.653549193999879 ], [ -54.727737425999976, -24.658325194999918 ], [ -54.720222473999968, -24.670591354999885 ], [ -54.700119018999885, -24.683183669999949 ], [ -54.690155029999971, -24.68048858599991 ], [ -54.677753448999965, -24.668243407999967 ], [ -54.665168761999951, -24.666500090999875 ], [ -54.658004760999972, -24.663003921999973 ], [ -54.645061491999968, -24.678928375999931 ], [ -54.644706725999924, -24.683221816999946 ], [ -54.65396881199996, -24.687200545999872 ], [ -54.654689787999928, -24.691982269999926 ], [ -54.668254851999905, -24.691686630999982 ], [ -54.68288040199991, -24.685106277999978 ], [ -54.701847075999979, -24.693777083999919 ], [ -54.705505371999891, -24.702678680999952 ], [ -54.723232269999983, -24.72393607999993 ], [ -54.725612638999905, -24.73032188399992 ], [ -54.725406646999943, -24.743747710999969 ], [ -54.727649688999975, -24.746675490999905 ], [ -54.754257201999962, -24.748863219999976 ], [ -54.765495299999884, -24.756210326999962 ], [ -54.723957061999897, -24.761505127999897 ], [ -54.711223601999961, -24.765899658999956 ], [ -54.686866760999976, -24.769409179999911 ], [ -54.677455901999963, -24.774192809999931 ], [ -54.673530578999987, -24.785760878999895 ], [ -54.663249968999878, -24.793432235999944 ], [ -54.654125213999919, -24.806928633999917 ], [ -54.651332855999897, -24.815425871999821 ], [ -54.65212631299994, -24.829935073999934 ], [ -54.645671844999924, -24.83456802399985 ], [ -54.640827178999928, -24.843744278999964 ], [ -54.665367125999978, -24.847196577999966 ], [ -54.678287505999947, -24.856178283999895 ], [ -54.685932159999879, -24.852281568999956 ], [ -54.688014984999938, -24.860645293999937 ], [ -54.699630736999836, -24.858602522999945 ], [ -54.704345702999944, -24.864271162999898 ], [ -54.714271544999917, -24.869100569999887 ], [ -54.734165191999978, -24.860628127999917 ], [ -54.740703583999959, -24.84964370799986 ], [ -54.792125700999975, -24.843322753999928 ], [ -54.796562193999819, -24.83992767299992 ], [ -54.801273346999949, -24.846321104999902 ], [ -54.797992705999945, -24.852993011999956 ], [ -54.807998656999985, -24.851650236999944 ], [ -54.813095092999959, -24.859500884999932 ], [ -54.820682525999985, -24.859762191999948 ], [ -54.846683501999962, -24.87345314099997 ], [ -54.846229553999876, -24.877977370999929 ], [ -54.849750518999883, -24.883815763999905 ], [ -54.87313079899991, -24.90037155199991 ], [ -54.879352570999913, -24.91439437899993 ], [ -54.894844053999975, -24.922710418999941 ], [ -54.89967727599992, -24.920221327999968 ], [ -54.907398224999895, -24.909242629999937 ], [ -54.912551878999977, -24.896423339999899 ], [ -54.919208525999977, -24.891416549999974 ], [ -54.93265914899996, -24.886295317999895 ], [ -54.950771331999931, -24.875415800999917 ], [ -54.961544036999953, -24.87679290799997 ], [ -54.971611023999969, -24.870361328999934 ], [ -54.983783721999941, -24.871566772999927 ], [ -54.993827819999922, -24.857780456999933 ], [ -55.005516052999894, -24.857387542999959 ], [ -55.012157438999964, -24.851833342999953 ], [ -55.028861998999957, -24.850917814999946 ] ] ] ] } },
{ "type": "Feature", "properties": { "fid": 14, "GID_2": "PRY.2.11_1", "GID_0": "PRY", "COUNTRY": "Paraguay", "GID_1": "PRY.2_1", "NAME_1": "Alto Paraná", "NL_NAME_1": "NA", "NAME_2": "Ñacunday", "VARNAME_2": "NA", "NL_NAME_2": "NA", "TYPE_2": "Distrito", "ENGTYPE_2": "District", "CC_2": "NA", "HASC_2": "PY.AA.NC" }, "geometry": { "type": "MultiPolygon", "coordinates": [ [ [ [ -54.665485381999929, -26.17894363299996 ], [ -54.625995635999971, -26.202423095999904 ], [ -54.620452880999835, -26.217458724999915 ], [ -54.630367278999984, -26.228988647999984 ], [ -54.647865295999964, -26.237329483999929 ], [ -54.672214506999978, -26.255123137999931 ], [ -54.678310394999983, -26.241302489999953 ], [ -54.679809569999918, -26.231752394999944 ], [ -54.700332641999978, -26.216901778999841 ], [ -54.707611082999961, -26.219999313999892 ], [ -54.700351714999954, -26.242345808999914 ], [ -54.701553343999933, -26.246105194999927 ], [ -54.706195831999935, -26.24399375899992 ], [ -54.711860656999932, -26.230714798999827 ], [ -54.715320586999951, -26.228195190999884 ], [ -54.720321655999953, -26.232849120999958 ], [ -54.723602294999921, -26.245861053999874 ], [ -54.725845336999896, -26.247291564999955 ], [ -54.733917235999968, -26.239673613999969 ], [ -54.735889435999979, -26.229036329999929 ], [ -54.73982620299995, -26.226600645999952 ], [ -54.742115019999858, -26.227109909999967 ], [ -54.746768950999979, -26.240661619999912 ], [ -54.75517272899998, -26.232372283999894 ], [ -54.762199400999975, -26.239952086999949 ], [ -54.764839171999938, -26.23995971699992 ], [ -54.762332916999981, -26.229993819999947 ], [ -54.763648986999897, -26.226057052999977 ], [ -54.76823806699997, -26.225854873999879 ], [ -54.77497100699992, -26.229797362999932 ], [ -54.783069610999974, -26.220905303999871 ], [ -54.785331724999878, -26.211124420999909 ], [ -54.78249359199998, -26.200273512999956 ], [ -54.785633086999951, -26.19619369399993 ], [ -54.798774719999983, -26.191991806999965 ], [ -54.805126189999896, -26.183956144999968 ], [ -54.813537596999879, -26.184329985999909 ], [ -54.815727233999951, -26.179998396999906 ], [ -54.81841277999996, -26.185052871999972 ], [ -54.812946318999821, -26.191804885999943 ], [ -54.812393187999874, -26.196767805999968 ], [ -54.826774596999826, -26.203931808999982 ], [ -54.828800201999911, -26.199710845999959 ], [ -54.824131012999942, -26.19708442599989 ], [ -54.822593688999916, -26.193313598999907 ], [ -54.837390899999889, -26.195695877999924 ], [ -54.831333160999975, -26.187883376999935 ], [ -54.841186522999976, -26.179311752999922 ], [ -54.840137480999942, -26.170715331999929 ], [ -54.844318388999966, -26.170721052999966 ], [ -54.848968506999938, -26.177879332999964 ], [ -54.857154845999958, -26.179552078999905 ], [ -54.85887908899997, -26.170373915999903 ], [ -54.865848540999934, -26.170011519999946 ], [ -54.874092101999963, -26.163419722999947 ], [ -54.876125334999983, -26.167486190999966 ], [ -54.87268447799994, -26.181991575999973 ], [ -54.899875639999891, -26.190004348999935 ], [ -54.906784057999971, -26.181596754999816 ], [ -54.907127379999963, -26.174219130999916 ], [ -54.911853790999942, -26.173152923999965 ], [ -54.916824341999984, -26.181955336999977 ], [ -54.911182402999941, -26.185680388999913 ], [ -54.918506622999928, -26.188932418999968 ], [ -54.920600890999935, -26.19434547499992 ], [ -54.903957365999929, -26.198038099999849 ], [ -54.915374755999949, -26.203710555999976 ], [ -54.909252166999977, -26.210435865999955 ], [ -54.915405272999976, -26.215124130999925 ], [ -54.917736053999931, -26.221563339999875 ], [ -54.926086425999927, -26.217220305999888 ], [ -54.92481231599993, -26.206394193999984 ], [ -54.92644119199997, -26.20336913999995 ], [ -54.934299467999949, -26.207944868999903 ], [ -54.939113615999986, -26.200141905999942 ], [ -54.947772979999968, -26.197256087999961 ], [ -54.950996397999972, -26.200141905999942 ], [ -54.949337004999904, -26.209056853999982 ], [ -54.956352233999837, -26.20744705099986 ], [ -54.958168028999978, -26.209085464999873 ], [ -54.950725554999963, -26.221935271999939 ], [ -54.952705382999966, -26.228229521999879 ], [ -54.958179473999962, -26.226564406999955 ], [ -54.958862303999865, -26.219335555999862 ], [ -54.971897124999941, -26.219043731999875 ], [ -54.974273680999943, -26.221488951999959 ], [ -54.968498229999909, -26.225643158999958 ], [ -54.967761993999943, -26.228769302999979 ], [ -54.980846403999919, -26.230424879999816 ], [ -54.983932495999909, -26.23359107899995 ], [ -54.987228392999953, -26.231191633999913 ], [ -54.984668730999829, -26.22220420799988 ], [ -54.987049101999958, -26.218826293999825 ], [ -54.997154235999915, -26.217164993999859 ], [ -55.003295898999966, -26.224138259999961 ], [ -55.013385771999936, -26.225782394999896 ], [ -55.020393371999944, -26.217563629999972 ], [ -55.02596282899998, -26.217832564999924 ], [ -55.032100677999949, -26.213451384999814 ], [ -55.036678312999982, -26.214469909999877 ], [ -55.038524626999958, -26.217416762999903 ], [ -55.033626556999877, -26.224161146999961 ], [ -55.035076140999934, -26.228836058999889 ], [ -55.049587249999945, -26.229295729999933 ], [ -55.059207915999878, -26.223314284999901 ], [ -55.066661834999877, -26.235761642999933 ], [ -55.071212768999942, -26.229694365999933 ], [ -55.077072142999953, -26.23033523599986 ], [ -55.081260681999936, -26.219636916999946 ], [ -55.098323821999941, -26.219207763999918 ], [ -55.100925445999962, -26.216920851999816 ], [ -55.101547239999888, -26.211164474999862 ], [ -55.104568481999934, -26.209415435999915 ], [ -55.12662124499991, -26.211677551999969 ], [ -55.129341124999939, -26.209495543999878 ], [ -55.131027221999886, -26.201652526999965 ], [ -55.149394989999962, -26.198875426999848 ], [ -55.160404205999953, -26.188776015999906 ], [ -55.173408507999909, -26.184526441999935 ], [ -55.178752897999971, -26.18722534099993 ], [ -55.184650421999891, -26.194717406999871 ], [ -55.192466735999915, -26.196977614999923 ], [ -55.18598937999991, -26.18784904499995 ], [ -55.17635726799989, -26.163478850999979 ], [ -55.165458679999915, -26.163190841999949 ], [ -55.15847778299991, -26.174175261999949 ], [ -55.154422759999932, -26.175949096999886 ], [ -55.143623351999906, -26.166950225999983 ], [ -55.116596222999931, -26.165935515999934 ], [ -55.102649688999975, -26.150556564999874 ], [ -55.100906372999987, -26.144552230999921 ], [ -55.103664398999911, -26.132974623999871 ], [ -55.101692199999889, -26.129325865999874 ], [ -55.094642638999971, -26.128339766999943 ], [ -55.096515654999962, -26.122920989999898 ], [ -55.124107359999925, -26.092561721999914 ], [ -55.146205902999895, -26.08155822699996 ], [ -55.148715972999923, -26.073965070999918 ], [ -55.147762297999975, -26.068874359999882 ], [ -55.140361785999971, -26.064079284999877 ], [ -55.132671355999946, -26.049842833999946 ], [ -55.125820159999932, -26.049585340999954 ], [ -55.116077422999979, -26.055469511999831 ], [ -55.114795685999979, -26.044565200999898 ], [ -55.107460021999941, -26.034147262999966 ], [ -55.091064453999934, -26.040136335999932 ], [ -55.095642090999888, -26.028211591999934 ], [ -55.092658995999898, -26.025276184999882 ], [ -55.081741331999922, -26.027881621999882 ], [ -55.080081938999967, -26.031675338999833 ], [ -55.082656859999929, -26.035327910999968 ], [ -55.073867797999981, -26.045215606999875 ], [ -55.069450378999932, -26.043714523999938 ], [ -55.073627471999885, -26.031965255999921 ], [ -55.062168121999946, -26.0289421089999 ], [ -55.059139250999976, -26.030000685999823 ], [ -55.063278198999967, -26.037479400999928 ], [ -55.048278808999953, -26.043493270999932 ], [ -55.041606903999934, -26.029090880999945 ], [ -55.031688688999964, -26.03170967099993 ], [ -55.031021117999956, -26.020994185999882 ], [ -55.023750304999965, -26.022014616999968 ], [ -55.025459289999958, -26.014591216999975 ], [ -55.031375884999932, -26.009027480999976 ], [ -55.027648924999937, -26.000825881999958 ], [ -55.02401733499994, -26.001148223999962 ], [ -55.017478942999901, -26.007795332999933 ], [ -55.015968322999981, -26.015401839999925 ], [ -55.013530730999946, -26.017007826999929 ], [ -55.010711668999932, -26.016614913999945 ], [ -55.008811949999938, -26.007526397999982 ], [ -55.003822325999977, -26.003665923999847 ], [ -54.988708494999969, -26.003152847999957 ], [ -54.98657226499995, -26.011840819999975 ], [ -54.983943938999971, -26.01253700299992 ], [ -54.978771209999934, -26.007045744999971 ], [ -54.979969024999889, -25.992723463999937 ], [ -54.978000640999937, -25.989253996999935 ], [ -54.96745681699997, -25.993507385999976 ], [ -54.962909698999965, -25.986568450999982 ], [ -54.959686279999914, -25.986354827999946 ], [ -54.95372772099995, -25.994464873999959 ], [ -54.950317382999913, -25.992977140999983 ], [ -54.947170257999971, -25.987142562999964 ], [ -54.920207977999894, -25.982349395999961 ], [ -54.930030822999981, -25.971918106999965 ], [ -54.928081511999892, -25.966823577999889 ], [ -54.915500639999891, -25.97232818599997 ], [ -54.90790557899993, -25.982236862999969 ], [ -54.903240202999939, -25.984010695999928 ], [ -54.882034301999965, -25.970933912999897 ], [ -54.878200531999937, -25.971078872999897 ], [ -54.874649047999981, -25.993902206999962 ], [ -54.86059188899992, -26.003393171999903 ], [ -54.859809874999883, -25.987243651999961 ], [ -54.848312378999935, -25.987140654999962 ], [ -54.845764159999931, -25.981496810999829 ], [ -54.846752165999874, -25.9689846039999 ], [ -54.84160995499991, -25.968996046999962 ], [ -54.834892272999923, -25.867261884999891 ], [ -54.82512283199992, -25.873712539999929 ], [ -54.807964324999887, -25.874839782999913 ], [ -54.796211241999913, -25.878545760999941 ], [ -54.787895202999891, -25.867946624999888 ], [ -54.768505096999945, -25.869785308999951 ], [ -54.755840300999978, -25.880388259999904 ], [ -54.753124235999849, -25.886537550999947 ], [ -54.747371673999965, -25.906637190999959 ], [ -54.741973875999975, -25.943067549999967 ], [ -54.709213255999884, -25.946617125999921 ], [ -54.673858641999971, -25.960155485999906 ], [ -54.67168044999994, -25.970703124999886 ], [ -54.665355682999859, -25.979213713999911 ], [ -54.674434660999907, -25.982574462999821 ], [ -54.679679871999952, -25.991037367999979 ], [ -54.681667327999889, -26.000972747999924 ], [ -54.679389952999941, -26.013755797999977 ], [ -54.666713713999968, -26.040346145999877 ], [ -54.647686004999969, -26.07108306899994 ], [ -54.642501831999937, -26.090303421999863 ], [ -54.649394989999962, -26.117624281999895 ], [ -54.673629760999916, -26.14243125899992 ], [ -54.676246642999899, -26.146293639999953 ], [ -54.676246642999899, -26.152654647999952 ], [ -54.665485381999929, -26.17894363299996 ] ] ] ] } },
{ "type": "Feature", "properties": { "fid": 15, "GID_2": "PRY.2.12_1", "GID_0": "PRY", "COUNTRY": "Paraguay", "GID_1": "PRY.2_1", "NAME_1": "Alto Paraná", "NL_NAME_1": "NA", "NAME_2": "Naranjal", "VARNAME_2": "NA", "NL_NAME_2": "NA", "TYPE_2": "Distrito", "ENGTYPE_2": "District", "CC_2": "NA", "HASC_2": "PY.AA.NR" }, "geometry": { "type": "MultiPolygon", "coordinates": [ [ [ [ -54.991283415999931, -26.002536773999964 ], [ -55.007228850999866, -26.005153656999937 ], [ -55.009922026999959, -26.015157699999975 ], [ -55.013530730999946, -26.017007826999929 ], [ -55.015968322999981, -26.015401839999925 ], [ -55.017478942999901, -26.007795332999933 ], [ -55.02401733499994, -26.001148223999962 ], [ -55.027648924999937, -26.000825881999958 ], [ -55.031375884999932, -26.009027480999976 ], [ -55.025459289999958, -26.014591216999975 ], [ -55.023750304999965, -26.022014616999968 ], [ -55.031021117999956, -26.020994185999882 ], [ -55.031688688999964, -26.03170967099993 ], [ -55.041606903999934, -26.029090880999945 ], [ -55.048278808999953, -26.043493270999932 ], [ -55.063278198999967, -26.037479400999928 ], [ -55.059139250999976, -26.030000685999823 ], [ -55.062168121999946, -26.0289421089999 ], [ -55.073627471999885, -26.031965255999921 ], [ -55.069450378999932, -26.043714523999938 ], [ -55.073867797999981, -26.045215606999875 ], [ -55.082656859999929, -26.035327910999968 ], [ -55.080081938999967, -26.031675338999833 ], [ -55.081127165999931, -26.028600692999873 ], [ -55.091255187999934, -26.024532316999966 ], [ -55.095642090999888, -26.028211591999934 ], [ -55.091064453999934, -26.040136335999932 ], [ -55.107460021999941, -26.034147262999966 ], [ -55.114795685999979, -26.044565200999898 ], [ -55.116077422999979, -26.055469511999831 ], [ -55.125820159999932, -26.049585340999954 ], [ -55.133270263999918, -26.050214767999819 ], [ -55.140361785999971, -26.064079284999877 ], [ -55.147762297999975, -26.068874359999882 ], [ -55.148059844999977, -26.078317642999878 ], [ -55.146205902999895, -26.08155822699996 ], [ -55.124107359999925, -26.092561721999914 ], [ -55.096515654999962, -26.122920989999898 ], [ -55.094642638999971, -26.128339766999943 ], [ -55.101692199999889, -26.129325865999874 ], [ -55.103664398999911, -26.132974623999871 ], [ -55.100906372999987, -26.144552230999921 ], [ -55.102649688999975, -26.150556564999874 ], [ -55.116596222999931, -26.165935515999934 ], [ -55.143623351999906, -26.166950225999983 ], [ -55.154422759999932, -26.175949096999886 ], [ -55.15847778299991, -26.174175261999949 ], [ -55.165458679999915, -26.163190841999949 ], [ -55.17635726799989, -26.163478850999979 ], [ -55.18598937999991, -26.18784904499995 ], [ -55.192466735999915, -26.196977614999923 ], [ -55.253490447999923, -26.222110747999977 ], [ -55.267230986999948, -26.202869413999906 ], [ -55.283500670999899, -26.190698623999822 ], [ -55.293655394999973, -26.161640166999973 ], [ -55.300769805999948, -26.156448363999857 ], [ -55.301010131999931, -26.152107237999928 ], [ -55.296413421999944, -26.146999358999892 ], [ -55.298103332999972, -26.138690948999908 ], [ -55.303192138999918, -26.133846281999979 ], [ -55.314525604999915, -26.13122558699996 ], [ -55.319610595999904, -26.126560210999855 ], [ -55.313827514999957, -26.118728636999947 ], [ -55.318744659999936, -26.110082625999951 ], [ -55.31046676699998, -26.110559462999959 ], [ -55.309459685999968, -26.101108550999925 ], [ -55.302692412999875, -26.099994658999947 ], [ -55.29648589999988, -26.094690321999906 ], [ -55.295097351999914, -26.09196472199983 ], [ -55.297580718999882, -26.084562300999949 ], [ -55.289398192999897, -26.075622558999839 ], [ -55.285762786999953, -26.076494216999947 ], [ -55.288078307999967, -26.087375639999891 ], [ -55.282207487999926, -26.08985710099995 ], [ -55.280261993999886, -26.081512449999934 ], [ -55.269229887999984, -26.075609205999967 ], [ -55.267879486999959, -26.069442748999904 ], [ -55.264255523999964, -26.068683623999902 ], [ -55.255336761999956, -26.073488235999889 ], [ -55.251323700999876, -26.071998595999901 ], [ -55.252185821999888, -26.066209792999928 ], [ -55.249195098999962, -26.063098906999926 ], [ -55.251865386999953, -26.058050154999933 ], [ -55.248905182999977, -26.051858902999982 ], [ -55.253124237999941, -26.033050536999838 ], [ -55.256374359999882, -26.030546188999949 ], [ -55.26538467499995, -26.036079405999885 ], [ -55.272247313999969, -26.035602568999877 ], [ -55.277805328999932, -26.04381370599998 ], [ -55.283660888999918, -26.042953490999935 ], [ -55.295051574999945, -26.031984328999897 ], [ -55.303890228999933, -26.035316467999905 ], [ -55.310214995999956, -26.026845930999912 ], [ -55.326663970999959, -26.013559340999961 ], [ -55.327758789999962, -26.004142761999958 ], [ -55.331634521999945, -25.999277113999881 ], [ -55.340339659999984, -25.994815826999968 ], [ -55.344257355999957, -25.984689712999966 ], [ -55.356872558999953, -25.986780165999903 ], [ -55.364734649999946, -25.970521925999947 ], [ -55.372650145999955, -25.964050292999957 ], [ -55.385993956999982, -25.959074019999946 ], [ -55.395191192999903, -25.943548201999931 ], [ -55.405712127999891, -25.938369749999936 ], [ -55.408779143999936, -25.932588576999933 ], [ -55.402015684999981, -25.922933578999903 ], [ -55.397121429999913, -25.906583784999896 ], [ -55.392532347999918, -25.902017593999915 ], [ -55.385307311999952, -25.899791716999971 ], [ -55.346565246999944, -25.910562513999935 ], [ -55.307537077999882, -25.91135215699984 ], [ -55.290271758999893, -25.90863227899996 ], [ -55.278350829999965, -25.895233153999925 ], [ -55.266128539999954, -25.891637801999877 ], [ -55.242103576999966, -25.899890898999899 ], [ -55.232917785999916, -25.911767958999974 ], [ -55.227729797999928, -25.907896041999948 ], [ -55.209655760999908, -25.905509947999974 ], [ -55.187446594999983, -25.912155150999922 ], [ -55.162052154999969, -25.89825057999991 ], [ -55.130699158999903, -25.895183562999819 ], [ -55.120567321999943, -25.900522230999911 ], [ -55.102863311999897, -25.899789809999902 ], [ -55.085407256999929, -25.894882201999906 ], [ -55.082286834999934, -25.902837751999925 ], [ -55.073150634999934, -25.908731460999888 ], [ -55.070133207999959, -25.908517837999966 ], [ -55.06759262099996, -25.902502058999971 ], [ -55.062786101999905, -25.90009307899993 ], [ -55.043003081999984, -25.919494627999939 ], [ -55.039901733999955, -25.925813673999926 ], [ -55.020870209999941, -25.93269920399996 ], [ -55.014022826999962, -25.947874069999898 ], [ -55.022789001999968, -25.95558357199991 ], [ -55.023071287999983, -25.964843749999943 ], [ -55.019813537999937, -25.967533110999966 ], [ -55.010528564999959, -25.968530654999938 ], [ -55.005783079999958, -25.977010725999889 ], [ -54.993045805999884, -25.979608534999898 ], [ -54.9913940429999, -25.982675550999943 ], [ -54.996944427999892, -25.989984510999932 ], [ -54.991283415999931, -26.002536773999964 ] ] ] ] } },
{ "type": "Feature", "properties": { "fid": 16, "GID_2": "PRY.2.13_1", "GID_0": "PRY", "COUNTRY": "Paraguay", "GID_1": "PRY.2_1", "NAME_1": "Alto Paraná", "NL_NAME_1": "NA", "NAME_2": "Presidente Franco", "VARNAME_2": "NA", "NL_NAME_2": "NA", "TYPE_2": "Distrito", "ENGTYPE_2": "District", "CC_2": "NA", "HASC_2": "NA" }, "geometry": { "type": "MultiPolygon", "coordinates": [ [ [ [ -54.595642088999909, -25.592119216999833 ], [ -54.600353241999983, -25.617746352999973 ], [ -54.598777770999902, -25.63367080699993 ], [ -54.589179992999902, -25.658948898999881 ], [ -54.590003966999973, -25.666194915999938 ], [ -54.614810943999942, -25.670667647999892 ], [ -54.628337860999977, -25.666280746999917 ], [ -54.64497375499991, -25.666112899999973 ], [ -54.656913756999984, -25.646770477999894 ], [ -54.669868468999937, -25.636407851999934 ], [ -54.685783385999912, -25.636407851999934 ], [ -54.697257995999962, -25.626043318999905 ], [ -54.681713104999972, -25.590509413999939 ], [ -54.68208312999991, -25.585327148999966 ], [ -54.678382873999908, -25.580884932999936 ], [ -54.679122925999877, -25.577554701999929 ], [ -54.685783385999912, -25.577554701999929 ], [ -54.690597533999892, -25.573482513999977 ], [ -54.690597533999892, -25.559415816999945 ], [ -54.695037841999977, -25.560527801999967 ], [ -54.702812195999968, -25.567930220999926 ], [ -54.710529326999904, -25.56928062399993 ], [ -54.707725525999933, -25.56798362599983 ], [ -54.706077575999984, -25.53891563399992 ], [ -54.695220946999939, -25.538990019999858 ], [ -54.693534850999924, -25.528810500999953 ], [ -54.679443357999901, -25.530487058999938 ], [ -54.682216642999947, -25.533779143999936 ], [ -54.672637938999856, -25.543676376999827 ], [ -54.666732787999933, -25.533451080999953 ], [ -54.637115478999874, -25.538789747999886 ], [ -54.62172698899991, -25.532276152999884 ], [ -54.597652434999986, -25.553752898999903 ], [ -54.595642088999909, -25.592119216999833 ] ] ] ] } },
{ "type": "Feature", "properties": { "fid": 17, "GID_2": "PRY.2.14_1", "GID_0": "PRY", "COUNTRY": "Paraguay", "GID_1": "PRY.2_1", "NAME_1": "Alto Paraná", "NL_NAME_1": "NA", "NAME_2": "San Alberto", "VARNAME_2": "NA", "NL_NAME_2": "NA", "TYPE_2": "Distrito", "ENGTYPE_2": "District", "CC_2": "NA", "HASC_2": "PY.AA.SA" }, "geometry": { "type": "MultiPolygon", "coordinates": [ [ [ [ -54.355583189999948, -24.704374312999846 ], [ -54.366733549999879, -24.741390227999943 ], [ -54.391349792999961, -24.796472548999873 ], [ -54.404533385999912, -24.833269117999919 ], [ -54.423133849999886, -24.905611037999904 ], [ -54.449050901999954, -24.888854979999962 ], [ -54.456642150999926, -24.875875471999848 ], [ -54.468151091999971, -24.876609801999962 ], [ -54.473537444999977, -24.886648176999984 ], [ -54.482109068999875, -24.879550933999951 ], [ -54.490192412999875, -24.879060743999958 ], [ -54.50072097799989, -24.887874601999954 ], [ -54.507823943999881, -24.889833450999902 ], [ -54.514190673999906, -24.888364791999891 ], [ -54.535003661999895, -24.871711729999959 ], [ -54.566349028999923, -24.865222929999959 ], [ -54.574184417999959, -24.86154937799995 ], [ -54.60136794999994, -24.870121001999962 ], [ -54.61875533999995, -24.879793165999899 ], [ -54.622428893999881, -24.879793165999899 ], [ -54.629928587999927, -24.869905471999971 ], [ -54.633167266999976, -24.869905471999971 ], [ -54.640605925999921, -24.873207091999973 ], [ -54.641242980999948, -24.8759288789999 ], [ -54.652130125999975, -24.878211973999896 ], [ -54.658733367999844, -24.882955550999895 ], [ -54.665210723999962, -24.891189574999942 ], [ -54.66999816799995, -24.906290054999886 ], [ -54.686115265999945, -24.911552428999983 ], [ -54.709407806999934, -24.933027267999933 ], [ -54.714992523999967, -24.933818816999974 ], [ -54.730445860999964, -24.929279326999904 ], [ -54.745254516999978, -24.928176879999967 ], [ -54.78543090699992, -24.959072112999934 ], [ -54.807460784999876, -24.956230162999873 ], [ -54.823432922999984, -24.958036421999907 ], [ -54.827804564999951, -24.960441589999959 ], [ -54.830307006999874, -24.96807670499993 ], [ -54.833492278999984, -24.969196319999867 ], [ -54.842403411999953, -24.960231779999958 ], [ -54.855907439999953, -24.951490402999923 ], [ -54.903648376999968, -24.971740721999879 ], [ -54.951896667999961, -25.001773833999891 ], [ -54.943725584999868, -25.016372680999893 ], [ -54.951061248999906, -25.045349120999958 ], [ -54.97073364299996, -25.050716399999942 ], [ -54.982646940999985, -25.058990477999942 ], [ -54.985649108999951, -25.059019088999889 ], [ -54.987297058999957, -25.054864883999983 ], [ -54.984287262999885, -25.038158416999977 ], [ -55.004768371999944, -25.014068602999942 ], [ -55.032714844999873, -25.00145721399997 ], [ -55.050117492999959, -25.001621246999889 ], [ -55.058349608999947, -24.998796461999916 ], [ -55.062244415999942, -24.989765166999973 ], [ -55.071289061999948, -24.986522673999957 ], [ -55.076164245999962, -24.980022429999963 ], [ -55.074829100999921, -24.97422409099994 ], [ -55.068096159999982, -24.967954634999955 ], [ -55.060615539999901, -24.936443327999882 ], [ -55.052665709999928, -24.926063536999834 ], [ -55.028861998999957, -24.850917814999946 ], [ -55.012157438999964, -24.851833342999953 ], [ -55.005516052999894, -24.857387542999959 ], [ -54.993827819999922, -24.857780456999933 ], [ -54.983783721999941, -24.871566772999927 ], [ -54.971611023999969, -24.870361328999934 ], [ -54.961544036999953, -24.87679290799997 ], [ -54.950771331999931, -24.875415800999917 ], [ -54.93265914899996, -24.886295317999895 ], [ -54.919208525999977, -24.891416549999974 ], [ -54.912551878999977, -24.896423339999899 ], [ -54.907398224999895, -24.909242629999937 ], [ -54.89967727599992, -24.920221327999968 ], [ -54.894844053999975, -24.922710418999941 ], [ -54.879352570999913, -24.91439437899993 ], [ -54.87313079899991, -24.90037155199991 ], [ -54.849750518999883, -24.883815763999905 ], [ -54.846229553999876, -24.877977370999929 ], [ -54.846683501999962, -24.87345314099997 ], [ -54.820682525999985, -24.859762191999948 ], [ -54.813095092999959, -24.859500884999932 ], [ -54.807998656999985, -24.851650236999944 ], [ -54.797992705999945, -24.852993011999956 ], [ -54.801273346999949, -24.846321104999902 ], [ -54.796562193999819, -24.83992767299992 ], [ -54.792125700999975, -24.843322753999928 ], [ -54.740703583999959, -24.84964370799986 ], [ -54.734165191999978, -24.860628127999917 ], [ -54.714271544999917, -24.869100569999887 ], [ -54.704345702999944, -24.864271162999898 ], [ -54.699630736999836, -24.858602522999945 ], [ -54.688014984999938, -24.860645293999937 ], [ -54.685932159999879, -24.852281568999956 ], [ -54.678287505999947, -24.856178283999895 ], [ -54.665367125999978, -24.847196577999966 ], [ -54.640827178999928, -24.843744278999964 ], [ -54.645671844999924, -24.83456802399985 ], [ -54.65212631299994, -24.829935073999934 ], [ -54.651332855999897, -24.815425871999821 ], [ -54.654125213999919, -24.806928633999917 ], [ -54.663249968999878, -24.793432235999944 ], [ -54.673530578999987, -24.785760878999895 ], [ -54.677455901999963, -24.774192809999931 ], [ -54.686866760999976, -24.769409179999911 ], [ -54.711223601999961, -24.765899658999956 ], [ -54.723957061999897, -24.761505127999897 ], [ -54.765495299999884, -24.756210326999962 ], [ -54.754257201999962, -24.748863219999976 ], [ -54.727649688999975, -24.746675490999905 ], [ -54.725406646999943, -24.743747710999969 ], [ -54.725612638999905, -24.73032188399992 ], [ -54.723232269999983, -24.72393607999993 ], [ -54.705505371999891, -24.702678680999952 ], [ -54.701847075999979, -24.693777083999919 ], [ -54.683475494999925, -24.685194014999922 ], [ -54.668254851999905, -24.691686630999982 ], [ -54.654689787999928, -24.691982269999926 ], [ -54.655178070999909, -24.707090377999975 ], [ -54.633510590999947, -24.69691657899989 ], [ -54.630535125999927, -24.701374052999938 ], [ -54.617767332999961, -24.703924178999898 ], [ -54.605365751999955, -24.692312239999978 ], [ -54.560726164999949, -24.683494566999912 ], [ -54.56096649199992, -24.692478180999899 ], [ -54.558864592999896, -24.69629859999992 ], [ -54.556823729999962, -24.696069716999887 ], [ -54.53755950999988, -24.684673309999937 ], [ -54.538074493999943, -24.689292906999981 ], [ -54.528621672999975, -24.696767806999844 ], [ -54.523025512999936, -24.698360443999889 ], [ -54.508876800999985, -24.694059371999913 ], [ -54.507041931999936, -24.695404052999891 ], [ -54.503005980999944, -24.710496902999978 ], [ -54.49876403899998, -24.714601516999949 ], [ -54.493209838999974, -24.713994978999949 ], [ -54.489902495999956, -24.706350325999892 ], [ -54.47749328499998, -24.703067778999923 ], [ -54.473812102999943, -24.710004806999962 ], [ -54.477630615999942, -24.722263335999912 ], [ -54.476398468999889, -24.725603102999969 ], [ -54.465751646999934, -24.718118666999942 ], [ -54.455265045999965, -24.71667671199998 ], [ -54.447586058999889, -24.711898802999883 ], [ -54.445144653999876, -24.708711623999875 ], [ -54.445003509999935, -24.695182799999884 ], [ -54.442214966999927, -24.692634582999972 ], [ -54.420269012999938, -24.688087462999874 ], [ -54.420295714999895, -24.677740096999969 ], [ -54.414123534999931, -24.674465178999981 ], [ -54.40734863299997, -24.677986143999874 ], [ -54.4041328429999, -24.68448448099997 ], [ -54.40042114299996, -24.685972212999957 ], [ -54.386840819999918, -24.680646895999928 ], [ -54.379993438999861, -24.691457747999948 ], [ -54.375965117999954, -24.693521499999918 ], [ -54.367752074999885, -24.693033218999915 ], [ -54.365558624999949, -24.70164871299994 ], [ -54.355583189999948, -24.704374312999846 ] ] ] ] } },
{ "type": "Feature", "properties": { "fid": 18, "GID_2": "PRY.2.15_1", "GID_0": "PRY", "COUNTRY": "Paraguay", "GID_1": "PRY.2_1", "NAME_1": "Alto Paraná", "NL_NAME_1": "NA", "NAME_2": "San Cristóbal", "VARNAME_2": "NA", "NL_NAME_2": "NA", "TYPE_2": "Distrito", "ENGTYPE_2": "District", "CC_2": "NA", "HASC_2": "PY.AA.SC" }, "geometry": { "type": "MultiPolygon", "coordinates": [ [ [ [ -55.379310607999912, -25.61828613299997 ], [ -55.336044310999853, -25.571981428999948 ], [ -55.32597732499994, -25.575511931999927 ], [ -55.319557190999944, -25.575080870999955 ], [ -55.304027557999916, -25.563278197999978 ], [ -55.273948668999878, -25.561147688999881 ], [ -55.256362914999954, -25.553874969999981 ], [ -55.251396178999926, -25.548555373999932 ], [ -55.239791870999909, -25.523902892999956 ], [ -55.233417511999903, -25.518569945999957 ], [ -55.228008270999965, -25.517608642999903 ], [ -55.216098784999929, -25.524578094999981 ], [ -55.214359283999954, -25.537824630999978 ], [ -55.217746734999935, -25.580562590999932 ], [ -55.228244781999933, -25.594482420999952 ], [ -55.233150481999985, -25.623971939999933 ], [ -55.244400023999901, -25.660444258999973 ], [ -55.248527526999908, -25.668853759999934 ], [ -55.266189574999942, -25.687765121999917 ], [ -55.277996062999932, -25.74606132599996 ], [ -55.2848243709999, -25.764314650999893 ], [ -55.283935546999942, -25.771940230999974 ], [ -55.262702941999862, -25.802221297999949 ], [ -55.238506317999963, -25.827383040999962 ], [ -55.213039396999932, -25.839262007999878 ], [ -55.205890654999962, -25.848262786999953 ], [ -55.195777892999956, -25.853233337999939 ], [ -55.187423706999937, -25.862583160999918 ], [ -55.182369231999985, -25.864706037999895 ], [ -55.172729492999963, -25.863506316999917 ], [ -55.168865203999985, -25.867097854999827 ], [ -55.164272308999898, -25.880847931999938 ], [ -55.134517669999923, -25.895227432999889 ], [ -55.164260863999857, -25.89864158599994 ], [ -55.182628631999933, -25.91119194099997 ], [ -55.187446594999983, -25.912155150999922 ], [ -55.209655760999908, -25.905509947999974 ], [ -55.227729797999928, -25.907896041999948 ], [ -55.232917785999916, -25.911767958999974 ], [ -55.242103576999966, -25.899890898999899 ], [ -55.266128539999954, -25.891637801999877 ], [ -55.278350829999965, -25.895233153999925 ], [ -55.290271758999893, -25.90863227899996 ], [ -55.307537077999882, -25.91135215699984 ], [ -55.341125488999978, -25.911247253999932 ], [ -55.357048034999877, -25.908647536999979 ], [ -55.382282257999918, -25.900314330999947 ], [ -55.391532898999913, -25.90146636999998 ], [ -55.397121429999913, -25.906583784999896 ], [ -55.402015684999981, -25.922933578999903 ], [ -55.408767700999931, -25.934221267999931 ], [ -55.405712127999891, -25.938369749999936 ], [ -55.395191192999903, -25.943548201999931 ], [ -55.385993956999982, -25.959074019999946 ], [ -55.372650145999955, -25.964050292999957 ], [ -55.364734649999946, -25.970521925999947 ], [ -55.356872558999953, -25.986780165999903 ], [ -55.361938476999967, -25.990804671999911 ], [ -55.362083435999978, -25.997150421999947 ], [ -55.375427245999958, -25.992715835999945 ], [ -55.380844115999878, -25.995655058999944 ], [ -55.379932402999941, -26.007974623999928 ], [ -55.376091002999885, -26.009578703999864 ], [ -55.375652311999943, -26.01320266699986 ], [ -55.384494780999944, -26.016710280999916 ], [ -55.386283874999947, -26.020530699999824 ], [ -55.384239196999943, -26.023414611999954 ], [ -55.390251158999888, -26.028171537999981 ], [ -55.401439667999966, -26.016468046999933 ], [ -55.403999327999941, -25.999448776999884 ], [ -55.407680510999967, -25.99276733399995 ], [ -55.415519714999959, -25.995904922999955 ], [ -55.423015593999935, -25.991243361999977 ], [ -55.424365996999938, -25.999046325999871 ], [ -55.427562713999976, -26.003055572999983 ], [ -55.432659148999903, -25.996023178999963 ], [ -55.437114714999893, -25.993877410999971 ], [ -55.456466673999955, -25.995098112999983 ], [ -55.459384917999841, -25.982969284999967 ], [ -55.462753295999903, -25.990425108999943 ], [ -55.507015227999943, -25.979656218999935 ], [ -55.514060974999893, -25.98169517499997 ], [ -55.523082732999967, -25.990816114999973 ], [ -55.551452636999898, -25.99035835299992 ], [ -55.553562163999914, -25.989007949999916 ], [ -55.531776427999944, -25.958238600999948 ], [ -55.521484374999943, -25.929534910999962 ], [ -55.522560118999934, -25.920112608999943 ], [ -55.516254424999943, -25.899585722999973 ], [ -55.516307830999892, -25.892517088999966 ], [ -55.523056028999974, -25.879142761999958 ], [ -55.522293090999881, -25.873516082999913 ], [ -55.512474060999978, -25.865295409999817 ], [ -55.511291502999825, -25.861846923999963 ], [ -55.511528013999964, -25.857496259999948 ], [ -55.523742675999927, -25.840896606999877 ], [ -55.519622802999947, -25.800083159999815 ], [ -55.512123106999979, -25.780454634999955 ], [ -55.49452972499995, -25.766744612999958 ], [ -55.481990814999847, -25.751619338999944 ], [ -55.480285644999981, -25.739822387999936 ], [ -55.465526580999949, -25.705823897999949 ], [ -55.473342894999917, -25.686115263999966 ], [ -55.473453521999943, -25.676429747999975 ], [ -55.460838318999947, -25.671165465999934 ], [ -55.451583862999883, -25.653293608999945 ], [ -55.444972992999965, -25.652126311999837 ], [ -55.43599700999988, -25.656358717999979 ], [ -55.427883146999932, -25.65575408899997 ], [ -55.41687011599987, -25.633436202999974 ], [ -55.400150299999893, -25.614442825999845 ], [ -55.393913269999871, -25.622266769999896 ], [ -55.379310607999912, -25.61828613299997 ] ] ] ] } },
{ "type": "Feature", "properties": { "fid": 19, "GID_2": "PRY.2.16_1", "GID_0": "PRY", "COUNTRY": "Paraguay", "GID_1": "PRY.2_1", "NAME_1": "Alto Paraná", "NL_NAME_1": "NA", "NAME_2": "Santa Rita", "VARNAME_2": "NA", "NL_NAME_2": "NA", "TYPE_2": "Distrito", "ENGTYPE_2": "District", "CC_2": "NA", "HASC_2": "PY.AA.SR" }, "geometry": { "type": "MultiPolygon", "coordinates": [ [ [ [ -55.024997710999969, -25.930343627999832 ], [ -55.039901733999955, -25.925813673999926 ], [ -55.043003081999984, -25.919494627999939 ], [ -55.062786101999905, -25.90009307899993 ], [ -55.06759262099996, -25.902502058999971 ], [ -55.070133207999959, -25.908517837999966 ], [ -55.073150634999934, -25.908731460999888 ], [ -55.082286834999934, -25.902837751999925 ], [ -55.085407256999929, -25.894882201999906 ], [ -55.102863311999897, -25.899789809999902 ], [ -55.120567321999943, -25.900522230999911 ], [ -55.127468109999938, -25.895875930999978 ], [ -55.134517669999923, -25.895227432999889 ], [ -55.138790129999961, -25.891641616999948 ], [ -55.153331756999933, -25.887445448999927 ], [ -55.165702818999875, -25.879226683999889 ], [ -55.169887542999902, -25.865659712999957 ], [ -55.173332213999913, -25.863336563999894 ], [ -55.182369231999985, -25.864706037999895 ], [ -55.188236236999842, -25.862045287999933 ], [ -55.195777892999956, -25.853233337999939 ], [ -55.205890654999962, -25.848262786999953 ], [ -55.213039396999932, -25.839262007999878 ], [ -55.238506317999963, -25.827383040999962 ], [ -55.262702941999862, -25.802221297999949 ], [ -55.282073974999889, -25.776826857999879 ], [ -55.2848243709999, -25.764314650999893 ], [ -55.277996062999932, -25.74606132599996 ], [ -55.266189574999942, -25.687765121999917 ], [ -55.24631881699986, -25.664468764999981 ], [ -55.170188903999986, -25.668382643999905 ], [ -55.165382385999919, -25.667245864999927 ], [ -55.136070250999978, -25.646232604999966 ], [ -55.072643280999898, -25.637796401999879 ], [ -55.078716277999945, -25.65202140699995 ], [ -55.066001891999974, -25.672967910999944 ], [ -55.056083679999915, -25.678136824999967 ], [ -55.040973663999921, -25.680530547999979 ], [ -55.030532836999896, -25.678798675999928 ], [ -55.027683258999957, -25.681493757999931 ], [ -55.004989622999972, -25.710880279999969 ], [ -55.003501890999871, -25.717399597999929 ], [ -55.005249022999919, -25.722501753999893 ], [ -54.997852325999872, -25.734415054999943 ], [ -54.999588012999936, -25.7402381899999 ], [ -55.007984160999911, -25.745042800999954 ], [ -55.017700195999851, -25.756576537999933 ], [ -55.016410827999948, -25.762916564999955 ], [ -55.010105132999968, -25.76830863899994 ], [ -55.005466460999969, -25.784782409999934 ], [ -55.002365112999939, -25.837762832999942 ], [ -55.004783630999952, -25.852672576999964 ], [ -55.012214660999916, -25.870353697999917 ], [ -55.011306761999947, -25.89357948299994 ], [ -55.016750335999973, -25.908884047999891 ], [ -55.016773222999973, -25.921951292999893 ], [ -55.024997710999969, -25.930343627999832 ] ] ] ] } },
{ "type": "Feature", "properties": { "fid": 20, "GID_2": "PRY.2.17_1", "GID_0": "PRY", "COUNTRY": "Paraguay", "GID_1": "PRY.2_1", "NAME_1": "Alto Paraná", "NL_NAME_1": "NA", "NAME_2": "Santa Rosa del Monday", "VARNAME_2": "NA", "NL_NAME_2": "NA", "TYPE_2": "Distrito", "ENGTYPE_2": "District", "CC_2": "NA", "HASC_2": "PY.AA.SM" }, "geometry": { "type": "MultiPolygon", "coordinates": [ [ [ [ -55.228008270999965, -25.517608642999903 ], [ -55.161979674999941, -25.513698577999946 ], [ -55.143363951999959, -25.527870178999933 ], [ -55.14128494199997, -25.534751891999917 ], [ -55.141532898999969, -25.549831390999884 ], [ -55.138061523999966, -25.555784224999968 ], [ -55.12142562899993, -25.551452636999841 ], [ -55.09869766199995, -25.55305290199982 ], [ -55.064006805999952, -25.56416511499998 ], [ -55.03672408999995, -25.568548202999978 ], [ -55.025863647999927, -25.577428816999884 ], [ -55.00468444899991, -25.583225249999884 ], [ -55.000259398999901, -25.583005904999936 ], [ -54.994499206999876, -25.576780318999965 ], [ -54.98148727399996, -25.584299087999909 ], [ -54.97601699799992, -25.58482933099998 ], [ -54.982463836999898, -25.573581695999906 ], [ -54.979705810999974, -25.568111419999923 ], [ -54.969593046999819, -25.573463439999898 ], [ -54.951160430999948, -25.566398619999973 ], [ -54.94526290899995, -25.572334289999901 ], [ -54.951404571999888, -25.598897934999911 ], [ -54.937179565999941, -25.611108779999938 ], [ -54.926498412999933, -25.612285614999962 ], [ -54.91576766999998, -25.601112365999882 ], [ -54.91015624899984, -25.599063872999977 ], [ -54.904296874999886, -25.60046386599987 ], [ -54.90682601799989, -25.607929229999854 ], [ -54.903774261999899, -25.610990523999931 ], [ -54.899341582999966, -25.611494064999931 ], [ -54.89035415599983, -25.605604171999857 ], [ -54.883899688999918, -25.607179640999902 ], [ -54.88561630199996, -25.614999771999919 ], [ -54.895565032999968, -25.624532698999872 ], [ -54.891986847999931, -25.637208937999958 ], [ -54.884014128999979, -25.646938323999905 ], [ -54.881225585999914, -25.644735334999893 ], [ -54.880134581999982, -25.635099410999942 ], [ -54.874317169999927, -25.633962630999918 ], [ -54.86289596499995, -25.645658492999814 ], [ -54.86201858599992, -25.651281356999903 ], [ -54.865337371999942, -25.659660339999959 ], [ -54.862186431999987, -25.685232162999966 ], [ -54.867431639999893, -25.700170517999879 ], [ -54.853813171999946, -25.724739073999956 ], [ -54.858047484999986, -25.739301681999962 ], [ -54.855804442999954, -25.741279601999906 ], [ -54.843101501999968, -25.742256164999958 ], [ -54.835639952999884, -25.75290489199989 ], [ -54.846363066999913, -25.754085539999949 ], [ -54.860897063999971, -25.766565321999963 ], [ -54.874748229999909, -25.770320892999905 ], [ -54.878726958999948, -25.7737998959999 ], [ -54.876220703999877, -25.780494688999966 ], [ -54.843723295999894, -25.813430784999923 ], [ -54.836963653999874, -25.835517882999909 ], [ -54.838176726999905, -25.849138258999915 ], [ -54.834236143999931, -25.871065138999882 ], [ -54.84160995499991, -25.968996046999962 ], [ -54.846752165999874, -25.9689846039999 ], [ -54.845764159999931, -25.981496810999829 ], [ -54.848312378999935, -25.987140654999962 ], [ -54.859809874999883, -25.987243651999961 ], [ -54.86059188899992, -26.003393171999903 ], [ -54.874649047999981, -25.993902206999962 ], [ -54.878200531999937, -25.971078872999897 ], [ -54.882034301999965, -25.970933912999897 ], [ -54.903240202999939, -25.984010695999928 ], [ -54.90790557899993, -25.982236862999969 ], [ -54.915500639999891, -25.97232818599997 ], [ -54.928081511999892, -25.966823577999889 ], [ -54.930030822999981, -25.971918106999965 ], [ -54.920207977999894, -25.982349395999961 ], [ -54.947170257999971, -25.987142562999964 ], [ -54.950317382999913, -25.992977140999983 ], [ -54.95372772099995, -25.994464873999959 ], [ -54.959686279999914, -25.986354827999946 ], [ -54.962909698999965, -25.986568450999982 ], [ -54.96745681699997, -25.993507385999976 ], [ -54.978000640999937, -25.989253996999935 ], [ -54.979969024999889, -25.992723463999937 ], [ -54.978771209999934, -26.007045744999971 ], [ -54.9855575549999, -26.012376784999901 ], [ -54.987472534999824, -26.00477409399997 ], [ -54.991283415999931, -26.002536773999964 ], [ -54.996490477999885, -25.993793486999948 ], [ -54.996173857999906, -25.987260817999982 ], [ -54.9913940429999, -25.982675550999943 ], [ -54.993045805999884, -25.979608534999898 ], [ -55.005783079999958, -25.977010725999889 ], [ -55.010528564999959, -25.968530654999938 ], [ -55.022457121999878, -25.965929030999973 ], [ -55.022789001999968, -25.95558357199991 ], [ -55.014022826999962, -25.947874069999898 ], [ -55.020870209999941, -25.93269920399996 ], [ -55.024997710999969, -25.930343627999832 ], [ -55.016773222999973, -25.921951292999893 ], [ -55.016750335999973, -25.908884047999891 ], [ -55.011306761999947, -25.89357948299994 ], [ -55.012214660999916, -25.870353697999917 ], [ -55.004783630999952, -25.852672576999964 ], [ -55.002365112999939, -25.837762832999942 ], [ -55.005466460999969, -25.784782409999934 ], [ -55.010105132999968, -25.76830863899994 ], [ -55.016410827999948, -25.762916564999955 ], [ -55.017681122999932, -25.757846832999974 ], [ -55.007984160999911, -25.745042800999954 ], [ -54.998409271999947, -25.738233565999963 ], [ -54.999320984999883, -25.729705809999928 ], [ -55.005249022999919, -25.722501753999893 ], [ -55.003501890999871, -25.717399597999929 ], [ -55.004989622999972, -25.710880279999969 ], [ -55.030532836999896, -25.678798675999928 ], [ -55.040973663999921, -25.680530547999979 ], [ -55.052055358999951, -25.678823469999941 ], [ -55.066001891999974, -25.672967910999944 ], [ -55.078716277999945, -25.65202140699995 ], [ -55.072643280999898, -25.637796401999879 ], [ -55.136070250999978, -25.646232604999966 ], [ -55.165382385999919, -25.667245864999927 ], [ -55.170188903999986, -25.668382643999905 ], [ -55.24631881699986, -25.664468764999981 ], [ -55.233150481999985, -25.623971939999933 ], [ -55.228244781999933, -25.594482420999952 ], [ -55.220310210999969, -25.585126876999936 ], [ -55.217185973999904, -25.576559065999959 ], [ -55.215274811999961, -25.526752471999941 ], [ -55.219745635999971, -25.521165846999963 ], [ -55.228008270999965, -25.517608642999903 ] ] ] ] } },
{ "type": "Feature", "properties": { "fid": 21, "GID_2": "PRY.2.18_1", "GID_0": "PRY", "COUNTRY": "Paraguay", "GID_1": "PRY.2_1", "NAME_1": "Alto Paraná", "NL_NAME_1": "NA", "NAME_2": "Yguazú", "VARNAME_2": "NA", "NL_NAME_2": "NA", "TYPE_2": "Distrito", "ENGTYPE_2": "District", "CC_2": "NA", "HASC_2": "PY.AA.YG" }, "geometry": { "type": "MultiPolygon", "coordinates": [ [ [ [ -55.100288390999935, -25.553064346999975 ], [ -55.303073882999968, -25.340757368999903 ], [ -55.306037902999947, -25.334175109999933 ], [ -55.304824827999937, -25.318813322999972 ], [ -55.322963714999958, -25.30530738799996 ], [ -55.306949614999951, -25.271339415999932 ], [ -55.27962875299994, -25.248926162999965 ], [ -55.264778136999951, -25.246274948999883 ], [ -55.233745574999944, -25.247600555999952 ], [ -55.230033873999957, -25.255559920999929 ], [ -55.222606657999961, -25.261657714999899 ], [ -55.21756744399994, -25.26285171499984 ], [ -55.206474303999926, -25.260248183999977 ], [ -55.185695647999864, -25.282873153999958 ], [ -55.168968199999938, -25.294086456999878 ], [ -55.151824950999924, -25.301137923999875 ], [ -55.142433165999932, -25.299346922999916 ], [ -55.132270812999934, -25.304227828999899 ], [ -55.10153579699994, -25.309129713999937 ], [ -55.091739654999969, -25.305707930999972 ], [ -55.090522765999879, -25.300653456999953 ], [ -55.094902038999976, -25.296865461999971 ], [ -55.106803893999881, -25.275022505999914 ], [ -55.119743347999986, -25.264722822999943 ], [ -55.124900816999968, -25.256240844999979 ], [ -55.13108062699996, -25.25371169999994 ], [ -55.132457733999956, -25.249195097999916 ], [ -55.128063202999954, -25.248121260999881 ], [ -55.113342284999931, -25.261663436999925 ], [ -55.103778839999904, -25.26582336499996 ], [ -55.091564177999828, -25.255365371999915 ], [ -55.098815916999968, -25.273582457999964 ], [ -55.094066619999921, -25.286039351999932 ], [ -55.080333708999888, -25.298860549999915 ], [ -55.073543547999975, -25.298862457999974 ], [ -55.070968626999957, -25.304277418999845 ], [ -55.068572997999979, -25.304458617999899 ], [ -55.062526701999957, -25.287141798999926 ], [ -55.059520720999842, -25.284255980999887 ], [ -55.056331633999946, -25.285518644999911 ], [ -55.055145262999986, -25.28894805799996 ], [ -55.05914688099989, -25.291835783999886 ], [ -55.059959410999966, -25.29634666499993 ], [ -55.040447234999874, -25.316019056999949 ], [ -55.032928466999977, -25.338754654999946 ], [ -55.027957916999924, -25.346515655999951 ], [ -55.025905607999846, -25.354373931999874 ], [ -55.028762816999972, -25.356592177999914 ], [ -55.031593321999878, -25.368684767999866 ], [ -55.019420623999906, -25.373374938999973 ], [ -55.016017914999907, -25.370851515999902 ], [ -55.01523971599994, -25.361293792999845 ], [ -55.00739669799998, -25.358764647999919 ], [ -55.001865386999896, -25.353881835999971 ], [ -54.999999998999954, -25.356779098999937 ], [ -55.007209776999957, -25.36363601599993 ], [ -55.004417418999935, -25.366342544999952 ], [ -54.99722290099993, -25.364721298999939 ], [ -55.003479004999917, -25.371828078999954 ], [ -55.001842497999974, -25.374641418999943 ], [ -54.991420744999914, -25.369335174999947 ], [ -54.966781614999888, -25.369012832999829 ], [ -54.964641569999912, -25.360830306999958 ], [ -54.95906066799995, -25.357679366999832 ], [ -54.952781676999905, -25.360727309999959 ], [ -54.954734802999951, -25.36692047199989 ], [ -54.944896696999933, -25.364116667999895 ], [ -54.934387206999986, -25.373086928999953 ], [ -54.932231903999934, -25.364376067999956 ], [ -54.924392700999931, -25.364303588999917 ], [ -54.924015045999965, -25.361942290999934 ], [ -54.930618285999913, -25.353429794999954 ], [ -54.918384551999964, -25.344987868999908 ], [ -54.918205260999969, -25.334562300999892 ], [ -54.911609649999946, -25.329622268999969 ], [ -54.902366638999979, -25.333852767999815 ], [ -54.907604216999971, -25.34303665099992 ], [ -54.892192839999893, -25.346977232999848 ], [ -54.911911010999972, -25.366737365999938 ], [ -54.919982909999931, -25.39252853399995 ], [ -54.918338774999881, -25.397949218999941 ], [ -54.949432371999876, -25.56780052199997 ], [ -54.95538330099987, -25.566799162999871 ], [ -54.969593046999819, -25.573463439999898 ], [ -54.979705810999974, -25.568111419999923 ], [ -54.982463836999898, -25.573581695999906 ], [ -54.97601699799992, -25.58482933099998 ], [ -54.98148727399996, -25.584299087999909 ], [ -54.994499206999876, -25.576780318999965 ], [ -55.000259398999901, -25.583005904999936 ], [ -55.00468444899991, -25.583225249999884 ], [ -55.025863647999927, -25.577428816999884 ], [ -55.03672408999995, -25.568548202999978 ], [ -55.064006805999952, -25.56416511499998 ], [ -55.100288390999935, -25.553064346999975 ] ] ] ] } },
{ "type": "Feature", "properties": { "fid": 22, "GID_2": "PRY.3.1_1", "GID_0": "PRY", "COUNTRY": "Paraguay", "GID_1": "PRY.3_1", "NAME_1": "Amambay", "NL_NAME_1": "NA", "NAME_2": "Bella Vista", "VARNAME_2": "NA", "NL_NAME_2": "NA", "TYPE_2": "Distrito", "ENGTYPE_2": "District", "CC_2": "NA", "HASC_2": "PY.AM.BV" }, "geometry": { "type": "MultiPolygon", "coordinates": [ [ [ [ -56.349552155999959, -22.182508467999924 ], [ -56.34078597999985, -22.203210830999978 ], [ -56.329311369999971, -22.210672377999913 ], [ -56.316646575999982, -22.211187361999976 ], [ -56.309368132999907, -22.214157103999923 ], [ -56.292770384999926, -22.229490279999936 ], [ -56.259254454999962, -22.232526778999897 ], [ -56.247360229999913, -22.237220763999971 ], [ -56.242198944999927, -22.253772734999927 ], [ -56.223491668999884, -22.264358520999963 ], [ -56.207736967999949, -22.278108596999971 ], [ -56.180137634999937, -22.283912658999952 ], [ -56.142345428999931, -22.287292479999849 ], [ -56.141868590999934, -22.291879652999967 ], [ -56.136291504999974, -22.296838759999957 ], [ -56.108226774999935, -22.313081740999962 ], [ -56.095592497999974, -22.323791502999882 ], [ -56.088035583999954, -22.331876754999882 ], [ -56.081401824999887, -22.344654082999966 ], [ -56.088977812999929, -22.379650115999937 ], [ -56.084297180999897, -22.390151977999949 ], [ -56.086891174999948, -22.398242949999883 ], [ -56.069023132999916, -22.419012069999894 ], [ -56.063228606999985, -22.430103301999907 ], [ -56.060230255999898, -22.449888229999942 ], [ -56.062747955999953, -22.455484389999924 ], [ -56.066993712999874, -22.458318709999958 ], [ -56.079040526999904, -22.458221434999928 ], [ -56.089229584999885, -22.462625503999902 ], [ -56.12502288699983, -22.489942550999956 ], [ -56.14420318599997, -22.500045774999876 ], [ -56.166263579999963, -22.501445769999975 ], [ -56.181789396999932, -22.546087264999983 ], [ -56.192321777999894, -22.553213118999906 ], [ -56.194820404999973, -22.599754331999975 ], [ -56.198451994999971, -22.604169843999898 ], [ -56.202503204999971, -22.604328153999859 ], [ -56.226665496999942, -22.597818373999928 ], [ -56.238857268999936, -22.639083862999883 ], [ -56.250507354999911, -22.652658461999977 ], [ -56.261058806999984, -22.69111824099997 ], [ -56.278327940999986, -22.706382750999978 ], [ -56.283634186999905, -22.71619415299989 ], [ -56.287422179999908, -22.716085433999979 ], [ -56.292732237999985, -22.721797942999899 ], [ -56.296302795999907, -22.721878051999965 ], [ -56.303394317999903, -22.716436384999952 ], [ -56.308380126999964, -22.718858717999979 ], [ -56.32405853299997, -22.718662261999896 ], [ -56.331878662999941, -22.724620818999881 ], [ -56.333992003999924, -22.734350203999952 ], [ -56.345916747999979, -22.735870360999968 ], [ -56.353614805999939, -22.745538710999938 ], [ -56.356311797999979, -22.746522901999924 ], [ -56.369464873999959, -22.741220473999874 ], [ -56.380622863999918, -22.746782301999815 ], [ -56.384552000999975, -22.763305663999972 ], [ -56.390254974999948, -22.768787382999847 ], [ -56.395519256999933, -22.767427443999964 ], [ -56.398902892999956, -22.772897720999936 ], [ -56.398983001999909, -22.786390304999884 ], [ -56.396545409999931, -22.790279387999874 ], [ -56.397548674999882, -22.794582366999919 ], [ -56.400249480999889, -22.795686720999981 ], [ -56.410327910999968, -22.787530898999933 ], [ -56.428531646999886, -22.793523786999913 ], [ -56.44492721499995, -22.783830642999931 ], [ -56.456104278999987, -22.786455153999896 ], [ -56.476913451999906, -22.786716460999969 ], [ -56.501373289999947, -22.794374464999976 ], [ -56.506305693999934, -22.801200866999977 ], [ -56.507068633999893, -22.814601896999875 ], [ -56.522182464999958, -22.82373618999992 ], [ -56.523571014999902, -22.82712364199989 ], [ -56.520374297999979, -22.838565824999932 ], [ -56.524761200999876, -22.856941223999911 ], [ -56.537132262999933, -22.873596191999923 ], [ -56.537933349999946, -22.893470762999982 ], [ -56.550682067999901, -22.905216215999872 ], [ -56.55614471399997, -22.915443419999917 ], [ -56.561969756999929, -22.916807173999871 ], [ -56.572437286999957, -22.91417312599998 ], [ -56.580196380999951, -22.924444198999936 ], [ -56.587436675999982, -22.922075270999926 ], [ -56.601234436999846, -22.913726806999932 ], [ -56.603698729999905, -22.905193327999939 ], [ -56.61160278299991, -22.898014067999952 ], [ -56.644676207999964, -22.881958007999913 ], [ -56.650245665999876, -22.883602142999962 ], [ -56.656257629999971, -22.893985746999874 ], [ -56.667762756999934, -22.895694731999981 ], [ -56.6837654119999, -22.902181625999901 ], [ -56.693897246999938, -22.900159835999943 ], [ -56.698261260999971, -22.896049498999957 ], [ -56.700050354999973, -22.888134002999948 ], [ -56.698886870999956, -22.875804899999821 ], [ -56.694568632999903, -22.864194868999959 ], [ -56.70208358799988, -22.844898223999905 ], [ -56.687358854999957, -22.844242095999903 ], [ -56.678722380999886, -22.841222761999916 ], [ -56.669162749999941, -22.844112394999911 ], [ -56.665996551999967, -22.842933654999911 ], [ -56.66678619399994, -22.834995269999979 ], [ -56.655235289999894, -22.82540893599986 ], [ -56.656597137999881, -22.819366454999965 ], [ -56.654769897999927, -22.81730842599984 ], [ -56.644077301999971, -22.81749534599993 ], [ -56.641773223999905, -22.815620421999881 ], [ -56.640869140999882, -22.802644729999884 ], [ -56.655143737999879, -22.785091399999885 ], [ -56.655250547999913, -22.772884367999893 ], [ -56.66028976399997, -22.763717650999865 ], [ -56.662456512999938, -22.752115248999928 ], [ -56.660140991999981, -22.746307371999933 ], [ -56.662742613999967, -22.728824614999894 ], [ -56.670848845999842, -22.722888946999944 ], [ -56.670337676999907, -22.712583541999948 ], [ -56.684497833999956, -22.710956572999976 ], [ -56.690906523999956, -22.70351028399989 ], [ -56.69291686999992, -22.697610854999937 ], [ -56.691127776999963, -22.685249327999941 ], [ -56.69327926699998, -22.675710678999963 ], [ -56.718624114999955, -22.64252090399998 ], [ -56.71424484299996, -22.612922668999886 ], [ -56.716014862999884, -22.59561920099992 ], [ -56.723575591999918, -22.577413557999932 ], [ -56.727497100999926, -22.547611235999966 ], [ -56.735546112999941, -22.536409378999906 ], [ -56.738079071999834, -22.527778624999883 ], [ -56.734958647999918, -22.511091231999956 ], [ -56.726093292999963, -22.500236510999855 ], [ -56.719417571999941, -22.48025131199995 ], [ -56.71539688099989, -22.450441359999957 ], [ -56.701156616999924, -22.43668556099982 ], [ -56.661628721999932, -22.422695159999876 ], [ -56.655689238999969, -22.411321639999983 ], [ -56.654720305999945, -22.391119002999915 ], [ -56.651824949999934, -22.381065368999941 ], [ -56.641124725999987, -22.379449843999964 ], [ -56.626873015999934, -22.371650695999904 ], [ -56.61845016399991, -22.365743636999923 ], [ -56.608470915999874, -22.352664946999937 ], [ -56.816272735999917, -22.292478560999939 ], [ -56.815811156999928, -22.289205549999963 ], [ -56.809684751999896, -22.286209106999934 ], [ -56.80883788999995, -22.282262801999877 ], [ -56.811397552999949, -22.260166166999909 ], [ -56.81013107299998, -22.250694274999944 ], [ -56.797836303999929, -22.242795942999862 ], [ -56.794860839999956, -22.252262113999905 ], [ -56.784675597999922, -22.259357451999961 ], [ -56.772808073999954, -22.247905729999957 ], [ -56.759666442999958, -22.242366789999949 ], [ -56.757129668999937, -22.234867095999903 ], [ -56.752887725999869, -22.234075546999975 ], [ -56.74312973099984, -22.239589689999946 ], [ -56.735054014999832, -22.255365371999972 ], [ -56.731658935999917, -22.258123397999896 ], [ -56.726993559999926, -22.257722854999884 ], [ -56.717670440999882, -22.252187727999967 ], [ -56.714714049999884, -22.239162444999977 ], [ -56.710903167999959, -22.236396787999922 ], [ -56.707096099999944, -22.227315902999976 ], [ -56.704990385999963, -22.215078353999957 ], [ -56.697784423999963, -22.213491439999927 ], [ -56.689739226999905, -22.217176436999978 ], [ -56.687572479999972, -22.237945555999886 ], [ -56.683750152999949, -22.241888045999872 ], [ -56.642158506999976, -22.258399963999977 ], [ -56.64557266199995, -22.244987487999936 ], [ -56.644618987999934, -22.239206314999933 ], [ -56.640922546999946, -22.237878799999976 ], [ -56.632011413999919, -22.24062347399996 ], [ -56.614219664999894, -22.229940412999952 ], [ -56.612541198999963, -22.220071792999931 ], [ -56.603652954999916, -22.210584640999912 ], [ -56.583316801999956, -22.201864241999942 ], [ -56.565536498999904, -22.189992903999951 ], [ -56.560043333999886, -22.180507658999943 ], [ -56.559642792999966, -22.170642851999958 ], [ -56.556266784999934, -22.163528440999983 ], [ -56.546520232999967, -22.162324904999878 ], [ -56.54398345899989, -22.159952162999957 ], [ -56.540199278999978, -22.146921157999827 ], [ -56.533424376999903, -22.144144057999881 ], [ -56.525825500999929, -22.130708692999974 ], [ -56.527965545999962, -22.122030258999928 ], [ -56.518272398999898, -22.100301742999875 ], [ -56.510658264999961, -22.095546722999927 ], [ -56.490329741999915, -22.091945648999911 ], [ -56.48398208499998, -22.088773727999921 ], [ -56.475959776999957, -22.078098297999929 ], [ -56.47130584599995, -22.076507567999954 ], [ -56.447490692999963, -22.079875945999959 ], [ -56.438682556999936, -22.076028822999945 ], [ -56.420883177999883, -22.077556609999874 ], [ -56.40267562799994, -22.074739455999861 ], [ -56.400100706999922, -22.078060150999818 ], [ -56.399227142999962, -22.092887877999829 ], [ -56.391994476999969, -22.101943969999866 ], [ -56.378765106999879, -22.130319594999946 ], [ -56.379981993999934, -22.146505355999977 ], [ -56.376987456999984, -22.154388427999947 ], [ -56.349552155999959, -22.182508467999924 ] ] ] ] } },
{ "type": "Feature", "properties": { "fid": 23, "GID_2": "PRY.3.2_1", "GID_0": "PRY", "COUNTRY": "Paraguay", "GID_1": "PRY.3_1", "NAME_1": "Amambay", "NL_NAME_1": "NA", "NAME_2": "Capitán Bado", "VARNAME_2": "NA", "NL_NAME_2": "NA", "TYPE_2": "Distrito", "ENGTYPE_2": "District", "CC_2": "NA", "HASC_2": "NA" }, "geometry": { "type": "MultiPolygon", "coordinates": [ [ [ [ -55.685195921999878, -22.990528105999942 ], [ -55.670898436999948, -22.998098372999948 ], [ -55.644824982999921, -22.989688873999853 ], [ -55.638935088999972, -22.99473381099989 ], [ -55.63641357399996, -23.001462935999882 ], [ -55.642299651999963, -23.016605377999895 ], [ -55.638992308999889, -23.026594160999935 ], [ -55.623046874999943, -23.033428191999974 ], [ -55.613605499999892, -23.042011260999971 ], [ -55.611103057999969, -23.049043655999981 ], [ -55.614772796999944, -23.054891586999929 ], [ -55.611488342999962, -23.059221267999874 ], [ -55.610515594999981, -23.07760238599991 ], [ -55.617630005999899, -23.088632582999878 ], [ -55.597099303999926, -23.122241972999916 ], [ -55.59575653099995, -23.138288497999895 ], [ -55.589275359999874, -23.143989561999888 ], [ -55.576141356999926, -23.142776487999981 ], [ -55.563480375999973, -23.145690916999968 ], [ -55.544067383999902, -23.15682601899988 ], [ -55.538818359999937, -23.162990569999977 ], [ -55.537487029999909, -23.176742553999873 ], [ -55.520999907999908, -23.194309234999935 ], [ -55.518966674999888, -23.201866148999898 ], [ -55.521884918999945, -23.210136413999862 ], [ -55.532478332999915, -23.221433638999883 ], [ -55.533657073999905, -23.230611800999895 ], [ -55.528331756999933, -23.248010633999911 ], [ -55.519325256999934, -23.258966444999942 ], [ -55.522769927999889, -23.263114928999983 ], [ -55.53490829499998, -23.26615714999997 ], [ -55.548198699999887, -23.282739638999885 ], [ -55.548492430999943, -23.314153670999929 ], [ -55.542972564999957, -23.322837829999912 ], [ -55.528255462999937, -23.333765029999881 ], [ -55.5141792309999, -23.359136580999916 ], [ -55.505455016999974, -23.36436271599996 ], [ -55.501125335999973, -23.379241942999954 ], [ -55.50850295999993, -23.390058517999933 ], [ -55.511631011999953, -23.404977798999937 ], [ -55.518741606999924, -23.418542861999924 ], [ -55.536952972999984, -23.444549560999974 ], [ -55.539367675999983, -23.455106735999948 ], [ -55.540252684999928, -23.477905273999966 ], [ -55.536663054999963, -23.479425429999935 ], [ -55.540493010999967, -23.479948042999979 ], [ -55.54256057799995, -23.497533798999939 ], [ -55.535724639999955, -23.534978865999904 ], [ -55.554859161999957, -23.545316695999873 ], [ -55.568733214999952, -23.575376508999966 ], [ -55.584918975999926, -23.582311628999832 ], [ -55.584918975999926, -23.600809095999978 ], [ -55.612663267999949, -23.640117644999975 ], [ -55.63116073499998, -23.647052764999955 ], [ -55.645034789999954, -23.647052764999955 ], [ -55.649658203999877, -23.66555023199993 ], [ -55.670467376999909, -23.674795149999852 ], [ -55.72827148499988, -23.677112578999925 ], [ -55.739833831999931, -23.672485351999967 ], [ -55.765266418999943, -23.684045790999903 ], [ -55.783763885999917, -23.707166671999971 ], [ -55.788387297999918, -23.725666045999958 ], [ -55.799945831999878, -23.732601165999881 ], [ -55.81381988399994, -23.753410338999913 ], [ -55.843879699999945, -23.753410338999913 ], [ -55.853126525999983, -23.769596099999944 ], [ -55.878559112999881, -23.783468244999938 ], [ -55.901683806999927, -23.790405272999976 ], [ -55.901683806999927, -23.808902739999951 ], [ -55.908618926999964, -23.82508659299998 ], [ -55.931739806999985, -23.832025527999917 ], [ -56.019363402999943, -23.827083586999947 ], [ -56.02569198499998, -23.820692061999921 ], [ -55.987087250999878, -23.790996550999978 ], [ -55.978912352999942, -23.79038238399994 ], [ -55.976112365999882, -23.773689269999977 ], [ -55.96500778099994, -23.743215560999886 ], [ -55.968997955999953, -23.703340529999934 ], [ -55.982818602999942, -23.682289123999965 ], [ -55.987541198999963, -23.668996810999886 ], [ -55.99835586599994, -23.654994964999901 ], [ -56.000213622999979, -23.650470732999963 ], [ -55.996276855999952, -23.647909162999895 ], [ -55.995513915999879, -23.642442701999983 ], [ -56.000007628999924, -23.632766722999975 ], [ -56.010604857999908, -23.621198653999954 ], [ -56.015434263999907, -23.608083723999982 ], [ -56.037189483999953, -23.58971405099993 ], [ -56.039653778999934, -23.588335036999922 ], [ -56.043777464999891, -23.596286773999907 ], [ -56.052398680999943, -23.593460081999979 ], [ -56.067810058999896, -23.600767135999888 ], [ -56.092922209999983, -23.602035522999927 ], [ -56.122154234999982, -23.599645613999826 ], [ -56.120105743999943, -23.585945128999981 ], [ -56.148590088999981, -23.556522367999946 ], [ -56.15292358399995, -23.540124891999938 ], [ -56.152614592999953, -23.53067779499986 ], [ -56.143634796999947, -23.506586074999916 ], [ -56.150661467999953, -23.499166487999958 ], [ -56.160717009999985, -23.496398925999983 ], [ -56.166622160999964, -23.490507124999965 ], [ -56.165794372999983, -23.480213164999896 ], [ -56.173606872999983, -23.463233946999935 ], [ -56.174800871999878, -23.454208373999961 ], [ -56.173526764999906, -23.436832426999956 ], [ -56.167133329999899, -23.4283676149999 ], [ -56.165714263999917, -23.412036894999972 ], [ -56.171985624999934, -23.374183653999978 ], [ -56.171451567999895, -23.366207122999981 ], [ -56.168445586999951, -23.362016678999908 ], [ -56.168647765999879, -23.354015348999951 ], [ -56.177265166999973, -23.318187712999929 ], [ -56.172660826999959, -23.300127028999952 ], [ -56.176239013999975, -23.298984527999892 ], [ -56.175632475999976, -23.296911239999872 ], [ -56.187652586999945, -23.29701232799988 ], [ -56.183357237999985, -23.289466856999979 ], [ -56.17082977299998, -23.289871215999938 ], [ -56.145977020999965, -23.31311035199991 ], [ -56.127792358999898, -23.312702177999824 ], [ -56.119102476999956, -23.305229187999942 ], [ -56.116271971999879, -23.309268951999968 ], [ -56.110412596999936, -23.309875487999875 ], [ -56.109806060999972, -23.317958831999931 ], [ -56.102535247999924, -23.324827193999965 ], [ -56.092227934999926, -23.324424742999952 ], [ -56.081722259999935, -23.316139220999901 ], [ -56.075859070999854, -23.305631636999919 ], [ -56.075656890999824, -23.300985335999883 ], [ -56.071819305999895, -23.298561094999968 ], [ -56.055854797999984, -23.298358915999927 ], [ -56.045753479999973, -23.293508528999951 ], [ -56.033630371999948, -23.283203124999943 ], [ -56.033428191999974, -23.277748107999969 ], [ -56.028781889999948, -23.274515150999889 ], [ -56.01059341499996, -23.269262312999956 ], [ -55.998470306999934, -23.25855255099998 ], [ -55.97967910899996, -23.259361265999928 ], [ -55.973415374999945, -23.254713057999879 ], [ -55.96897125199996, -23.254713057999879 ], [ -55.94674301099991, -23.23430442699987 ], [ -55.939468383999952, -23.234506605999911 ], [ -55.939872740999931, -23.237943649999977 ], [ -55.933204650999926, -23.238346098999898 ], [ -55.930778502999942, -23.235315321999963 ], [ -55.925525665999885, -23.234708785999942 ], [ -55.909358978999933, -23.219352720999836 ], [ -55.89885330099986, -23.219148635999886 ], [ -55.889846801999909, -23.206201552999971 ], [ -55.884429930999886, -23.202865600999928 ], [ -55.884429930999886, -23.195781706999981 ], [ -55.869007109999927, -23.182901382999887 ], [ -55.861923217999959, -23.172063827999978 ], [ -55.861507415999881, -23.166645048999897 ], [ -55.852336883999897, -23.157058714999948 ], [ -55.839832305999892, -23.150806426999907 ], [ -55.837329863999969, -23.143720626999936 ], [ -55.823158263999971, -23.132049559999871 ], [ -55.813156127999946, -23.132049559999871 ], [ -55.810237883999946, -23.127048492999904 ], [ -55.808570860999964, -23.108291626999971 ], [ -55.804817199999889, -23.108291626999971 ], [ -55.796482086999902, -23.09995460399989 ], [ -55.796897888999922, -23.084949492999954 ], [ -55.791896819999977, -23.080366133999973 ], [ -55.792732238999974, -23.072029112999928 ], [ -55.788978576999909, -23.069110870999964 ], [ -55.787731171999894, -23.064525603999925 ], [ -55.778976440999941, -23.064111708999974 ], [ -55.774391173999959, -23.052854536999973 ], [ -55.767307281999877, -23.050354003999928 ], [ -55.747299194999982, -23.029096602999971 ], [ -55.703533173999915, -23.002420425999958 ], [ -55.699363707999908, -23.002004623999937 ], [ -55.685195921999878, -22.990528105999942 ] ] ] ] } },
{ "type": "Feature", "properties": { "fid": 24, "GID_2": "PRY.3.3_1", "GID_0": "PRY", "COUNTRY": "Paraguay", "GID_1": "PRY.3_1", "NAME_1": "Amambay", "NL_NAME_1": "NA", "NAME_2": "Pedro Juan Caballero", "VARNAME_2": "NA", "NL_NAME_2": "NA", "TYPE_2": "Distrito", "ENGTYPE_2": "District", "CC_2": "NA", "HASC_2": "PY.AM.PC" }, "geometry": { "type": "MultiPolygon", "coordinates": [ [ [ [ -56.142345428999931, -22.287292479999849 ], [ -56.135997770999893, -22.287673950999874 ], [ -56.119495392999966, -22.279312133999895 ], [ -56.108901976999846, -22.277288436999982 ], [ -56.101684570999964, -22.278440475999901 ], [ -56.086795805999884, -22.286264419999952 ], [ -56.060043334999875, -22.29047965999996 ], [ -56.030364990999942, -22.281906127999946 ], [ -56.005928038999969, -22.289642332999961 ], [ -55.991168974999937, -22.279733658999874 ], [ -55.984508514999959, -22.279941558999951 ], [ -55.961292266999976, -22.290197371999966 ], [ -55.935447692999958, -22.278642654999942 ], [ -55.922138214999904, -22.277912138999966 ], [ -55.897949218999941, -22.283567427999913 ], [ -55.886608122999917, -22.283298492999961 ], [ -55.860996246999889, -22.276325225999926 ], [ -55.853343963999919, -22.278594969999972 ], [ -55.842437744999927, -22.290258406999953 ], [ -55.831935882999971, -22.320974348999925 ], [ -55.824237822999976, -22.332189558999914 ], [ -55.800441741999975, -22.355966567999928 ], [ -55.788978576999909, -22.379331587999957 ], [ -55.774524687999985, -22.386402129999908 ], [ -55.765541076999909, -22.383504866999942 ], [ -55.766059875999872, -22.386581420999846 ], [ -55.745025634999877, -22.386493681999866 ], [ -55.739067076999959, -22.393352507999907 ], [ -55.733394622999924, -22.438995361999957 ], [ -55.737277984999935, -22.451406477999967 ], [ -55.73624801699998, -22.458972929999845 ], [ -55.74287032999996, -22.467723845999956 ], [ -55.745265961999962, -22.481042861999981 ], [ -55.741157531999932, -22.511547088999976 ], [ -55.734886169999982, -22.529418943999815 ], [ -55.723690032999968, -22.545202255999925 ], [ -55.701126098999907, -22.560018539999874 ], [ -55.661380767999844, -22.598613738999973 ], [ -55.650959014999955, -22.606365203999928 ], [ -55.631149291999918, -22.61384391799993 ], [ -55.626670836999949, -22.618640899999889 ], [ -55.626071928999863, -22.636072158999923 ], [ -55.612110136999888, -22.655740737999906 ], [ -55.615898131999984, -22.677663802999973 ], [ -55.609603881999931, -22.6904678329999 ], [ -55.613792418999935, -22.699769973999935 ], [ -55.615955352999833, -22.698894499999881 ], [ -55.613956450999979, -22.71769523599994 ], [ -55.617801665999934, -22.73606681699988 ], [ -55.626083373999904, -22.753690719999952 ], [ -55.625495909999984, -22.758964537999873 ], [ -55.617347717999905, -22.768140792999816 ], [ -55.627353668999945, -22.766738891999978 ], [ -55.634906767999951, -22.770605087999968 ], [ -55.639022827999838, -22.783157348999907 ], [ -55.653015136999898, -22.792797087999929 ], [ -55.649772643999938, -22.802555082999959 ], [ -55.655990600999985, -22.808557508999911 ], [ -55.653987884999935, -22.818664549999937 ], [ -55.658309936999956, -22.825292585999932 ], [ -55.658798217999959, -22.842428205999909 ], [ -55.6658515929999, -22.868566512999905 ], [ -55.64987182699997, -22.913148879999881 ], [ -55.64987182699997, -22.93249130199996 ], [ -55.656597136999892, -22.951837539999929 ], [ -55.682674408999958, -22.980436325999904 ], [ -55.685195921999878, -22.990528105999942 ], [ -55.699363707999908, -23.002004623999937 ], [ -55.703533173999915, -23.002420425999958 ], [ -55.747299194999982, -23.029096602999971 ], [ -55.767307281999877, -23.050354003999928 ], [ -55.774391173999959, -23.052854536999973 ], [ -55.778976440999941, -23.064111708999974 ], [ -55.787731171999894, -23.064525603999925 ], [ -55.788978576999909, -23.069110870999964 ], [ -55.792732238999974, -23.072029112999928 ], [ -55.791896819999977, -23.080366133999973 ], [ -55.796897888999922, -23.084949492999954 ], [ -55.796482086999902, -23.09995460399989 ], [ -55.804817199999889, -23.108291626999971 ], [ -55.808570860999964, -23.108291626999971 ], [ -55.810237883999946, -23.127048492999904 ], [ -55.813156127999946, -23.132049559999871 ], [ -55.823158263999971, -23.132049559999871 ], [ -55.837329863999969, -23.143720626999936 ], [ -55.839832305999892, -23.150806426999907 ], [ -55.852336883999897, -23.157058714999948 ], [ -55.861507415999881, -23.166645048999897 ], [ -55.861923217999959, -23.172063827999978 ], [ -55.869007109999927, -23.182901382999887 ], [ -55.884429930999886, -23.195781706999981 ], [ -55.884429930999886, -23.202865600999928 ], [ -55.889846801999909, -23.206201552999971 ], [ -55.89885330099986, -23.219148635999886 ], [ -55.909358978999933, -23.219352720999836 ], [ -55.925525665999885, -23.234708785999942 ], [ -55.930778502999942, -23.235315321999963 ], [ -55.933204650999926, -23.238346098999898 ], [ -55.939872740999931, -23.237943649999977 ], [ -55.939468383999952, -23.234506605999911 ], [ -55.94674301099991, -23.23430442699987 ], [ -55.96897125199996, -23.254713057999879 ], [ -55.973415374999945, -23.254713057999879 ], [ -55.97967910899996, -23.259361265999928 ], [ -55.998470306999934, -23.25855255099998 ], [ -56.01059341499996, -23.269262312999956 ], [ -56.028781889999948, -23.274515150999889 ], [ -56.033428191999974, -23.277748107999969 ], [ -56.033630371999948, -23.283203124999943 ], [ -56.045753479999973, -23.293508528999951 ], [ -56.055854797999984, -23.298358915999927 ], [ -56.071819305999895, -23.298561094999968 ], [ -56.075656890999824, -23.300985335999883 ], [ -56.075859070999854, -23.305631636999919 ], [ -56.081722259999935, -23.316139220999901 ], [ -56.092227934999926, -23.324424742999952 ], [ -56.102535247999924, -23.324827193999965 ], [ -56.109806060999972, -23.317958831999931 ], [ -56.110412596999936, -23.309875487999875 ], [ -56.116271971999879, -23.309268951999968 ], [ -56.119102476999956, -23.305229187999942 ], [ -56.127792358999898, -23.312702177999824 ], [ -56.145977020999965, -23.31311035199991 ], [ -56.17082977299998, -23.289871215999938 ], [ -56.183357237999985, -23.289466856999979 ], [ -56.187652586999945, -23.29701232799988 ], [ -56.191440581999984, -23.295751570999926 ], [ -56.19775771999997, -23.299711226999932 ], [ -56.217792510999971, -23.302715301999967 ], [ -56.22076416099992, -23.309291837999979 ], [ -56.234867096999892, -23.313394545999927 ], [ -56.238197327999956, -23.310522078999895 ], [ -56.282577514999957, -23.324657440999943 ], [ -56.289123533999884, -23.324947356999928 ], [ -56.293678282999906, -23.328006744999925 ], [ -56.29354476899988, -23.333063124999967 ], [ -56.306121825999981, -23.342636107999965 ], [ -56.312477110999964, -23.344123839999952 ], [ -56.313632964999954, -23.341833114999872 ], [ -56.3092498769999, -23.327545165999936 ], [ -56.301654815999882, -23.326316832999908 ], [ -56.288665771999945, -23.316072462999955 ], [ -56.28950500499991, -23.308284758999889 ], [ -56.293582915999934, -23.30595016399991 ], [ -56.292915343999937, -23.302717207999933 ], [ -56.282878875999984, -23.293512343999851 ], [ -56.27842330999988, -23.281684874999939 ], [ -56.265121459999932, -23.280641555999921 ], [ -56.259967802999938, -23.274520873999961 ], [ -56.262065885999959, -23.273206709999897 ], [ -56.261253357999976, -23.270174024999903 ], [ -56.252250670999899, -23.263713836999955 ], [ -56.225231169999972, -23.256326675999901 ], [ -56.228363036999895, -23.24954032799991 ], [ -56.219425200999979, -23.254356383999948 ], [ -56.215961455999889, -23.25320243799996 ], [ -56.208946226999899, -23.246940611999946 ], [ -56.203491210999914, -23.233312607999892 ], [ -56.195796965999932, -23.231479643999933 ], [ -56.194038390999935, -23.228937147999886 ], [ -56.19737625199997, -23.218561171999966 ], [ -56.207508086999894, -23.198219298999959 ], [ -56.20538329999988, -23.186395643999901 ], [ -56.196170805999941, -23.181304930999886 ], [ -56.196830748999957, -23.174745558999916 ], [ -56.194759369999986, -23.173223494999945 ], [ -56.179237364999892, -23.167505263999942 ], [ -56.18093109199998, -23.137481689999845 ], [ -56.175815581999927, -23.129577636999898 ], [ -56.16934585599995, -23.126296995999894 ], [ -56.162559508999948, -23.130176544999983 ], [ -56.148761748999959, -23.126541136999947 ], [ -56.137496948999967, -23.127788542999951 ], [ -56.134803772999987, -23.121101379999971 ], [ -56.141014098999904, -23.100824356999908 ], [ -56.131904601999963, -23.09431266699994 ], [ -56.131656647999876, -23.08652686999983 ], [ -56.12164688099989, -23.071117399999821 ], [ -56.126934051999967, -23.039855956999872 ], [ -56.143737793999946, -23.001829147999899 ], [ -56.190631865999876, -22.92274665799988 ], [ -56.232761382999968, -22.839626311999893 ], [ -56.252765654999962, -22.775201795999976 ], [ -56.270072936999895, -22.736366270999952 ], [ -56.277400969999974, -22.728994368999906 ], [ -56.283634186999905, -22.71619415299989 ], [ -56.278327940999986, -22.706382750999978 ], [ -56.261058806999984, -22.69111824099997 ], [ -56.250507354999911, -22.652658461999977 ], [ -56.238857268999936, -22.639083862999883 ], [ -56.226665496999942, -22.597818373999928 ], [ -56.202503204999971, -22.604328153999859 ], [ -56.198451994999971, -22.604169843999898 ], [ -56.194820404999973, -22.599754331999975 ], [ -56.192321777999894, -22.553213118999906 ], [ -56.181789396999932, -22.546087264999983 ], [ -56.166263579999963, -22.501445769999975 ], [ -56.14420318599997, -22.500045774999876 ], [ -56.12502288699983, -22.489942550999956 ], [ -56.089229584999885, -22.462625503999902 ], [ -56.079040526999904, -22.458221434999928 ], [ -56.064197538999963, -22.457038879999971 ], [ -56.060230255999898, -22.449888229999942 ], [ -56.064319609999927, -22.427936553999871 ], [ -56.069023132999916, -22.419012069999894 ], [ -56.086891174999948, -22.398242949999883 ], [ -56.084297180999897, -22.390151977999949 ], [ -56.088977812999929, -22.379650115999937 ], [ -56.081401824999887, -22.344654082999966 ], [ -56.086074828999983, -22.334848403999899 ], [ -56.105083464999893, -22.315431593999904 ], [ -56.136291504999974, -22.296838759999957 ], [ -56.141868590999934, -22.291879652999967 ], [ -56.142345428999931, -22.287292479999849 ] ] ] ] } },
{ "type": "Feature", "properties": { "fid": 25, "GID_2": "PRY.4.1_1", "GID_0": "PRY", "COUNTRY": "Paraguay", "GID_1": "PRY.4_1", "NAME_1": "Asunción", "NL_NAME_1": "NA", "NAME_2": "Asunción", "VARNAME_2": "NA", "NL_NAME_2": "NA", "TYPE_2": "Distrito", "ENGTYPE_2": "District", "CC_2": "NA", "HASC_2": "PY.AS.AS" }, "geometry": { "type": "MultiPolygon", "coordinates": [ [ [ [ -57.63745880099998, -25.357345580999947 ], [ -57.640464781999981, -25.346380233999923 ], [ -57.660728453999923, -25.336578367999891 ], [ -57.672302245999902, -25.324174880999919 ], [ -57.673725127999944, -25.304670332999933 ], [ -57.666946410999969, -25.274110792999977 ], [ -57.668956756999933, -25.272785185999908 ], [ -57.675655, -25.275091000999907 ], [ -57.646887775999971, -25.256757837999942 ], [ -57.63525, -25.243767 ], [ -57.613495, -25.239155 ], [ -57.596752, -25.230166999999881 ], [ -57.581466674999888, -25.214057921999938 ], [ -57.542167662999987, -25.228946686999905 ], [ -57.53552246199996, -25.227769851999881 ], [ -57.528892515999928, -25.231962202999853 ], [ -57.526103972999863, -25.238210677999916 ], [ -57.542095184999937, -25.263610838999853 ], [ -57.53974532999996, -25.281261442999948 ], [ -57.555355070999894, -25.308904647999896 ], [ -57.584823606999919, -25.334642409999958 ], [ -57.594596862999879, -25.325332640999875 ], [ -57.594581603999927, -25.321693419999974 ], [ -57.598007201999962, -25.322143553999979 ], [ -57.605239868999945, -25.31794738699989 ], [ -57.608432770999968, -25.311216353999953 ], [ -57.615356444999975, -25.305566786999862 ], [ -57.619319915999824, -25.313472747999924 ], [ -57.619548796999936, -25.319656371999884 ], [ -57.63269805799996, -25.332561491999911 ], [ -57.63745880099998, -25.357345580999947 ] ] ] ] } },
{ "type": "Feature", "properties": { "fid": 26, "GID_2": "PRY.5.1_1", "GID_0": "PRY", "COUNTRY": "Paraguay", "GID_1": "PRY.5_1", "NAME_1": "Boquerón", "NL_NAME_1": "NA", "NAME_2": "Doctor Pedro P. Peña", "VARNAME_2": "NA", "NL_NAME_2": "NA", "TYPE_2": "Distrito", "ENGTYPE_2": "District", "CC_2": "NA", "HASC_2": "PY.BQ.DP" }, "geometry": { "type": "MultiPolygon", "coordinates": [ [ [ [ -61.087234408999905, -23.679827124999974 ], [ -61.08420562799995, -23.674949644999913 ], [ -61.084777831999986, -23.669382093999957 ], [ -61.09637069799993, -23.663116454999965 ], [ -61.099456787999941, -23.658227920999877 ], [ -61.094631193999987, -23.644598007999946 ], [ -61.095661162999932, -23.636999128999946 ], [ -61.102100371999882, -23.626983641999857 ], [ -61.094154356999979, -23.623165130999837 ], [ -61.091682433999893, -23.618074416999889 ], [ -61.10222244199997, -23.606170654999971 ], [ -61.12656784099994, -23.594247817999872 ], [ -61.13887023999996, -23.578054426999927 ], [ -61.148708342999953, -23.577068328999871 ], [ -61.154369353999925, -23.573526381999898 ], [ -61.171764373999906, -23.548500059999924 ], [ -61.175785064999957, -23.545698165999909 ], [ -61.187374114999955, -23.548135757999887 ], [ -61.19702148499988, -23.54033279399988 ], [ -61.205490111999893, -23.549224853999931 ], [ -61.211715697999978, -23.551349640999888 ], [ -61.234661102999894, -23.548534393999944 ], [ -61.24893569999989, -23.538927078999905 ], [ -61.265983580999944, -23.522411346999945 ], [ -61.275119781999933, -23.517581938999967 ], [ -61.274494169999969, -23.503644942999927 ], [ -61.290866851999965, -23.501358032999974 ], [ -61.298313140999937, -23.488676070999873 ], [ -61.30640029999995, -23.484624861999976 ], [ -61.316226959999938, -23.473119734999898 ], [ -61.322582245999911, -23.469732283999917 ], [ -61.350593565999986, -23.463544845999934 ], [ -61.354705810999974, -23.449428557999966 ], [ -61.35789108299997, -23.445941923999953 ], [ -61.374065397999857, -23.451227186999915 ], [ -61.387229919999982, -23.447315215999822 ], [ -61.386924742999895, -23.455457686999921 ], [ -61.39157104599991, -23.459890364999978 ], [ -61.395278929999961, -23.460178375999931 ], [ -61.408111570999893, -23.449253081999927 ], [ -61.42522811799995, -23.444662093999966 ], [ -61.437152861999891, -23.431106565999926 ], [ -61.449604034999936, -23.424016951999818 ], [ -61.464397430999952, -23.421712875999958 ], [ -61.475933073999954, -23.422939300999928 ], [ -61.495021820999909, -23.415639876999933 ], [ -61.499237060999974, -23.409248351999906 ], [ -61.498630522999974, -23.398876190999943 ], [ -61.508823394999922, -23.396352767999872 ], [ -61.514911650999977, -23.380283354999904 ], [ -61.527702331999933, -23.368593214999976 ], [ -61.528152465999881, -23.363605497999913 ], [ -61.523788451999962, -23.358221053999841 ], [ -61.507949828999983, -23.35028648399998 ], [ -61.510669708999956, -23.349426268999935 ], [ -61.507366179999963, -23.347511291999922 ], [ -61.548717499999952, -23.343809127999862 ], [ -61.575916289999952, -23.32000160199982 ], [ -61.576862335999976, -23.307609556999978 ], [ -61.592594145999897, -23.301166534999879 ], [ -61.595588683999949, -23.29419517599996 ], [ -61.605915069999924, -23.29132461599994 ], [ -61.611473082999908, -23.285118102999945 ], [ -61.639286040999821, -23.282123564999893 ], [ -61.672637938999969, -23.285800932999962 ], [ -61.689170836999949, -23.276271820999966 ], [ -61.692787170999907, -23.261310576999904 ], [ -61.699806211999885, -23.256057738999971 ], [ -61.715602874999888, -23.246185302999947 ], [ -61.727611541999977, -23.245698927999968 ], [ -61.73932266199995, -23.239704131999929 ], [ -61.746322631999931, -23.201240539999958 ], [ -61.749927520999961, -23.190561293999963 ], [ -61.75799941899993, -23.181222914999921 ], [ -61.776851654999973, -23.167833326999983 ], [ -61.788745879999965, -23.167894362999903 ], [ -61.794254302999946, -23.160543440999902 ], [ -61.805751800999985, -23.160995483999898 ], [ -61.814296721999938, -23.157888410999874 ], [ -61.819812774999889, -23.151895522999894 ], [ -61.824592589999952, -23.133024215999967 ], [ -61.847450255999945, -23.118549346999941 ], [ -61.853549956999984, -23.103008269999975 ], [ -61.865375517999894, -23.100814818999936 ], [ -61.863159178999922, -23.086622238999894 ], [ -61.892902372999913, -23.081172943999945 ], [ -61.910591124999883, -23.070451735999882 ], [ -61.927314757999909, -23.070661543999961 ], [ -61.93708419799998, -23.065929411999889 ], [ -61.94244766199995, -23.054409026999906 ], [ -61.95406341599994, -23.048559187999956 ], [ -61.974742889999959, -23.026977538999972 ], [ -61.989246367999897, -23.020784378999906 ], [ -61.999427794999974, -22.998189924999963 ], [ -62.005767821999882, -22.992544172999942 ], [ -62.007083892999958, -22.982946395999932 ], [ -62.00219726499995, -22.973627088999876 ], [ -62.006164550999927, -22.966169356999899 ], [ -62.003253936999897, -22.957134245999953 ], [ -62.011592864999841, -22.930297850999921 ], [ -62.022953033999897, -22.923971174999963 ], [ -62.03623580999988, -22.925624846999881 ], [ -62.038089751999905, -22.922702787999981 ], [ -62.033500670999899, -22.913820266999835 ], [ -62.040847777999943, -22.891809462999959 ], [ -62.039478301999964, -22.881763456999977 ], [ -62.043266295999956, -22.872234344999981 ], [ -62.059387206999929, -22.856632231999924 ], [ -62.06440353399995, -22.847366332999854 ], [ -62.073474883999893, -22.849920271999963 ], [ -62.076305389999959, -22.846788405999973 ], [ -62.080474852999885, -22.825794218999931 ], [ -62.087192534999986, -22.817266464999932 ], [ -62.106704711999896, -22.818508147999978 ], [ -62.117431641999985, -22.793567656999983 ], [ -62.135719298999902, -22.78674125699996 ], [ -62.140316008999946, -22.774936675999982 ], [ -62.138439178999988, -22.764326095999934 ], [ -62.141513824999947, -22.761201857999879 ], [ -62.155429839999897, -22.759298323999872 ], [ -62.161521910999909, -22.754648207999878 ], [ -62.164569854999968, -22.747148513999832 ], [ -62.160709381999936, -22.734199524999838 ], [ -62.180358885999908, -22.708126067999956 ], [ -62.186321257999964, -22.707374572999981 ], [ -62.195228576999966, -22.714740752999887 ], [ -62.198696136999956, -22.714605331999962 ], [ -62.201316832999908, -22.710088729999939 ], [ -62.202796936999903, -22.687408446999882 ], [ -62.198852539999962, -22.679494856999952 ], [ -62.200408934999928, -22.654521940999871 ], [ -62.191806791999966, -22.652902602999916 ], [ -62.188732147999872, -22.648685454999963 ], [ -62.20034789999994, -22.641206741999952 ], [ -62.223564147999923, -22.618900298999961 ], [ -62.22879791299988, -22.617668151999965 ], [ -62.238765716999865, -22.622764587999939 ], [ -62.240882873999965, -22.61088561899993 ], [ -62.249908446999882, -22.607004164999921 ], [ -62.252307891999976, -22.601562499999886 ], [ -62.266593933999957, -22.595298765999871 ], [ -62.260360716999969, -22.589387893999969 ], [ -62.246417998999902, -22.584871291999889 ], [ -62.23495483399995, -22.554561614999841 ], [ -62.235244749999936, -22.545522688999881 ], [ -62.239955902999952, -22.537389754999936 ], [ -62.252033233999839, -22.530605316999925 ], [ -62.256729126999971, -22.515125273999956 ], [ -62.266090392999956, -22.508268354999871 ], [ -62.270053863999976, -22.507919310999966 ], [ -62.280021667999961, -22.52058982799997 ], [ -62.283454893999988, -22.521371841999951 ], [ -62.285575865999874, -22.516839981999965 ], [ -62.28490829499998, -22.491340636999837 ], [ -62.287288665999938, -22.486354827999946 ], [ -62.297283171999879, -22.482725142999925 ], [ -62.325492858999951, -22.480970382999942 ], [ -62.333316802999889, -22.475673674999939 ], [ -62.329776764999906, -22.465497970999877 ], [ -62.330844879999916, -22.462999343999911 ], [ -62.367485046999889, -22.452056883999944 ], [ -62.375679015999935, -22.466281889999834 ], [ -62.378368376999958, -22.467041015999939 ], [ -62.383682250999982, -22.455249785999968 ], [ -62.389530181999987, -22.449899672999891 ], [ -62.420700072999978, -22.432136534999927 ], [ -62.430900572999917, -22.41381072899992 ], [ -62.452434539999956, -22.41568756199996 ], [ -62.44358062699996, -22.407470701999898 ], [ -62.443050384999879, -22.403810500999953 ], [ -62.461650848999966, -22.401086807999832 ], [ -62.462917327999946, -22.389047622999954 ], [ -62.456901548999895, -22.375913620999938 ], [ -62.45753097599993, -22.36654090899998 ], [ -62.462551115999986, -22.363918303999981 ], [ -62.471809387999883, -22.367612838999946 ], [ -62.485309599999937, -22.378065108999976 ], [ -62.517280577999941, -22.373624800999949 ], [ -62.530811309999933, -22.366863250999927 ], [ -62.534812926999848, -22.348831176999909 ], [ -62.545108794999976, -22.343931196999961 ], [ -62.539978026999904, -22.324859618999881 ], [ -62.561470031999932, -22.332309722999923 ], [ -62.566219328999978, -22.330133437999962 ], [ -62.571159362999879, -22.313503265999941 ], [ -62.575000762999935, -22.309009550999917 ], [ -62.579700470999853, -22.308441161999895 ], [ -62.590778349999937, -22.317449568999962 ], [ -62.595264434999933, -22.315961836999975 ], [ -62.605213165999942, -22.304967878999946 ], [ -62.617202757999962, -22.299995422999928 ], [ -62.625720976999901, -22.303888320999931 ], [ -62.635658262999925, -22.301387785999907 ], [ -62.63578033399989, -22.2972774509999 ], [ -62.632373808999944, -22.292324065999935 ], [ -62.621818541999971, -22.282413481999924 ], [ -62.621639250999863, -22.275320051999927 ], [ -62.635459898999954, -22.26671028099986 ], [ -62.629459379999957, -22.257581710999943 ], [ -62.628917694999984, -22.246112822999919 ], [ -62.642415670999924, -22.242894843999977 ], [ -62.456128297999953, -21.666242602999944 ], [ -62.42729568399983, -21.657457351999938 ], [ -62.354469298999902, -21.624631880999914 ], [ -62.315181732999974, -21.614770888999885 ], [ -62.279037474999939, -21.595159529999933 ], [ -62.246204375999923, -21.569919584999866 ], [ -62.209529876999909, -21.553684233999832 ], [ -62.166687011999898, -21.558187484999905 ], [ -62.130558013999917, -21.570724487999939 ], [ -62.091346739999892, -21.576429366999889 ], [ -61.968700409999883, -21.572147368999879 ], [ -61.927753448999965, -21.574314117999961 ], [ -61.885978698999963, -21.594318390999888 ], [ -61.687053679999906, -21.752832412999851 ], [ -61.648578643999883, -21.787862777999976 ], [ -61.616851806999875, -21.821437835999916 ], [ -61.590454100999921, -21.861879347999945 ], [ -61.573940276999963, -21.907026290999909 ], [ -61.547111511999958, -21.938734054999941 ], [ -61.504749296999933, -21.956661224999891 ], [ -61.130210875999978, -21.987087249999888 ], [ -61.082977294999921, -21.988737105999974 ], [ -61.080692290999878, -22.058563231999983 ], [ -61.0753555309999, -22.097547531999965 ], [ -61.073204039999894, -22.146474836999914 ], [ -61.079059601999973, -22.222620009999901 ], [ -61.080955505999896, -22.320329665999964 ], [ -61.078800201999911, -22.358663559999968 ], [ -61.053905487999884, -22.515987396999947 ], [ -61.02756500199996, -22.640153884999961 ], [ -60.992885588999911, -22.665025710999942 ], [ -60.949325561999899, -22.663400649999971 ], [ -60.868446349999886, -22.639322280999977 ], [ -60.782138823999901, -22.643438338999943 ], [ -60.533245085999908, -22.642946243999972 ], [ -60.495208740999942, -22.659233091999965 ], [ -60.508041381999988, -22.698141097999894 ], [ -60.52905273399989, -22.732091902999969 ], [ -60.553836822999983, -22.765855787999953 ], [ -60.563682556999822, -22.805805204999899 ], [ -60.534080504999963, -22.831447601999969 ], [ -60.500617980999948, -22.853185652999969 ], [ -60.469455718999882, -22.877418517999843 ], [ -60.427654264999944, -22.898559568999872 ], [ -59.961364744999969, -22.933622359999845 ], [ -59.944095610999909, -22.964513778999901 ], [ -59.942337035999969, -22.997468948999824 ], [ -59.947959899999887, -23.035717010999974 ], [ -59.979755401999967, -23.111623762999955 ], [ -59.980178833999844, -23.177686690999906 ], [ -59.950782776999972, -23.20260238599991 ], [ -59.950607300999934, -23.218980788999943 ], [ -59.975833892999958, -23.256591795999896 ], [ -59.988842009999985, -23.281368254999904 ], [ -60.006214141999976, -23.325933455999973 ], [ -60.028652190999878, -23.403625487999875 ], [ -60.046566009999879, -23.499303816999941 ], [ -60.079978942999958, -23.508342742999957 ], [ -60.117481230999942, -23.522523879999937 ], [ -60.157558440999935, -23.541425705999814 ], [ -60.204406738999978, -23.557359694999946 ], [ -60.292419432999964, -23.570444107999947 ], [ -60.434368133999897, -23.580251692999923 ], [ -60.477851866999856, -23.580057143999966 ], [ -60.542156219999981, -23.573057174999974 ], [ -60.624870300999987, -23.611379623999937 ], [ -60.666332243999875, -23.620071410999913 ], [ -60.709209309999892, -23.625345214999982 ], [ -60.743576048999898, -23.649164198999927 ], [ -60.761768, -23.685017 ], [ -60.774466999999845, -23.739288 ], [ -60.775859831999981, -23.791242598999872 ], [ -60.77313613899986, -23.829151152999941 ], [ -60.778408050999985, -23.873168945999907 ], [ -60.785251841999923, -23.869915088999903 ], [ -60.795303344999979, -23.876518249999947 ], [ -60.798488787999929, -23.876721985999893 ], [ -60.79952621599989, -23.864313125999956 ], [ -60.824405668999987, -23.870973585999934 ], [ -60.846893309999984, -23.864435196999978 ], [ -60.856883998999876, -23.852482000999885 ], [ -60.899517058999947, -23.828838348999909 ], [ -60.911087035999969, -23.814575194999975 ], [ -60.931346892999954, -23.802015303999951 ], [ -60.942061999999851, -23.802537998999924 ], [ -60.946758269999918, -23.808870314999922 ], [ -60.951324463999981, -23.810283661999904 ], [ -60.981342246999986, -23.808858861999965 ], [ -61.001876829999844, -23.79136085499988 ], [ -61.018169403999821, -23.76941108699998 ], [ -61.020011913999952, -23.761417369999947 ], [ -61.031288145999895, -23.74450874199988 ], [ -61.039188275999948, -23.739778582999918 ], [ -61.04415130599989, -23.725276945999894 ], [ -61.057315825999979, -23.709831236999889 ], [ -61.079082487999983, -23.693050383999946 ], [ -61.087234408999905, -23.679827124999974 ] ] ] ] } },
{ "type": "Feature", "properties": { "fid": 27, "GID_2": "PRY.5.2_1", "GID_0": "PRY", "COUNTRY": "Paraguay", "GID_1": "PRY.5_1", "NAME_1": "Boquerón", "NL_NAME_1": "NA", "NAME_2": "General Eugenio A. Garay", "VARNAME_2": "NA", "NL_NAME_2": "NA", "TYPE_2": "Distrito", "ENGTYPE_2": "District", "CC_2": "NA", "HASC_2": "PY.BQ.GG" }, "geometry": { "type": "MultiPolygon", "coordinates": [ [ [ [ -62.260665158999927, -21.058500006999964 ], [ -62.266645604999951, -20.562743267999963 ], [ -62.191836405999936, -20.462522894999893 ], [ -62.17719270799995, -20.439136664999978 ], [ -61.923500983999986, -20.091069307999931 ], [ -61.90901446099997, -20.05762259699992 ], [ -61.90413284199991, -20.099365233999947 ], [ -61.891532898999969, -20.095254897999951 ], [ -61.85621643099995, -20.123447416999909 ], [ -61.832881927999892, -20.172061919999976 ], [ -61.792720793999877, -20.16682624699996 ], [ -59.840820311999948, -20.675428389999979 ], [ -59.84542846699992, -20.712614059999908 ], [ -59.858032225999978, -20.754442214999926 ], [ -59.85665512099996, -20.79287147499997 ], [ -59.833190918999833, -20.825685500999953 ], [ -59.817008972999929, -20.863691328999892 ], [ -59.81475829999988, -20.907083509999893 ], [ -59.797847747999924, -20.945098875999975 ], [ -59.791164396999932, -20.958274840999934 ], [ -59.763076780999882, -20.990621566999948 ], [ -59.742553711999903, -21.023906706999924 ], [ -59.727123260999917, -21.06260680999992 ], [ -59.685623168999882, -21.206516265999937 ], [ -59.668792724999832, -21.293399809999983 ], [ -59.671951293999939, -21.332063673999926 ], [ -59.699710846999949, -21.360454558999947 ], [ -59.73275375299994, -21.382720947999928 ], [ -59.807762144999856, -21.427188873999853 ], [ -59.828102112999943, -21.461704253999983 ], [ -59.847064971999885, -21.560752867999895 ], [ -59.852588652999941, -21.603523254999971 ], [ -59.912231444999918, -21.65716552799995 ], [ -59.923789976999899, -21.695199965999961 ], [ -59.896106719999977, -21.764572143999885 ], [ -59.911239623999847, -21.822416303999887 ], [ -59.924400329999969, -21.857843398999876 ], [ -59.931663512999876, -21.895355224999889 ], [ -59.934593200999984, -21.933902740999883 ], [ -59.91665267999997, -22.03206825299992 ], [ -59.96966171199989, -22.027471542999876 ], [ -60.060756682999966, -22.035139084999969 ], [ -60.104072569999857, -22.034868239999867 ], [ -60.201168059999986, -22.028753280999979 ], [ -60.252014159999987, -22.034515380999892 ], [ -60.303569792999951, -22.03206825299992 ], [ -60.337070464999897, -22.010673522999923 ], [ -60.385669707999966, -22.014360427999975 ], [ -60.42388916099992, -22.029016494999837 ], [ -60.465793609999935, -22.03340721099994 ], [ -60.507583617999956, -22.025529861999928 ], [ -60.54632186799995, -22.011547088999919 ], [ -60.585689544999923, -21.985301971999888 ], [ -60.616092682999977, -21.960504531999902 ], [ -60.702926635999916, -21.903873443999942 ], [ -60.734050749999938, -21.879768371999944 ], [ -60.772491453999976, -21.996910095999965 ], [ -61.130210875999978, -21.987087249999888 ], [ -61.504749296999933, -21.956661224999891 ], [ -61.547111511999958, -21.938734054999941 ], [ -61.573940276999963, -21.907026290999909 ], [ -61.590454100999921, -21.861879347999945 ], [ -61.616851806999875, -21.821437835999916 ], [ -61.648578643999883, -21.787862777999976 ], [ -61.687053679999906, -21.752832412999851 ], [ -61.885978698999963, -21.594318390999888 ], [ -61.927753448999965, -21.574314117999961 ], [ -61.968700409999883, -21.572147368999879 ], [ -62.091346739999892, -21.576429366999889 ], [ -62.130558013999917, -21.570724487999939 ], [ -62.166687011999898, -21.558187484999905 ], [ -62.209529876999909, -21.553684233999832 ], [ -62.246204375999923, -21.569919584999866 ], [ -62.279037474999939, -21.595159529999933 ], [ -62.315181732999974, -21.614770888999885 ], [ -62.354469298999902, -21.624631880999914 ], [ -62.42729568399983, -21.657457351999938 ], [ -62.456128297999953, -21.666242602999944 ], [ -62.260665158999927, -21.058500006999964 ] ] ] ] } },
{ "type": "Feature", "properties": { "fid": 28, "GID_2": "PRY.5.3_1", "GID_0": "PRY", "COUNTRY": "Paraguay", "GID_1": "PRY.5_1", "NAME_1": "Boquerón", "NL_NAME_1": "NA", "NAME_2": "Mariscal José Félix Estigarribia", "VARNAME_2": "NA", "NL_NAME_2": "NA", "TYPE_2": "Distrito", "ENGTYPE_2": "District", "CC_2": "NA", "HASC_2": "PY.BQ.ME" }, "geometry": { "type": "MultiPolygon", "coordinates": [ [ [ [ -59.91665267999997, -22.03206825299992 ], [ -59.884620665999876, -22.037464140999873 ], [ -59.804069518999938, -22.023674009999922 ], [ -59.704910277999943, -22.017694472999892 ], [ -59.652824401999965, -22.01712226799998 ], [ -59.424423216999969, -22.026548384999899 ], [ -59.382648466999967, -22.023904800999844 ], [ -59.338706969999976, -22.032184600999926 ], [ -59.323272704999965, -22.039112090999879 ], [ -59.282337188999918, -22.160715101999983 ], [ -59.311019897999927, -22.188737869999954 ], [ -59.347839355999952, -22.242179870999962 ], [ -59.440231322999921, -22.246696470999893 ], [ -59.480373382999971, -22.24488067599998 ], [ -59.516651153999987, -22.267215728999929 ], [ -59.558128356999987, -22.287975309999922 ], [ -59.587993621999885, -22.318187712999929 ], [ -59.586528777999945, -22.372499465999965 ], [ -59.597515105999889, -22.417129516999978 ], [ -59.638782501999856, -22.410858152999879 ], [ -59.704658508999955, -22.415773390999959 ], [ -59.701732635999917, -22.460960387999876 ], [ -59.731895446999886, -22.530376433999891 ], [ -59.883541107999918, -22.725269316999913 ], [ -59.916198730999895, -22.757425307999881 ], [ -59.931251525999983, -22.839700698999934 ], [ -59.930557250999982, -22.881118773999845 ], [ -59.943885803999876, -22.915973662999932 ], [ -59.961364744999969, -22.933622359999845 ], [ -60.427654264999944, -22.898559568999872 ], [ -60.469455718999882, -22.877418517999843 ], [ -60.500617980999948, -22.853185652999969 ], [ -60.534080504999963, -22.831447601999969 ], [ -60.563682556999822, -22.805805204999899 ], [ -60.553836822999983, -22.765855787999953 ], [ -60.52905273399989, -22.732091902999969 ], [ -60.508041381999988, -22.698141097999894 ], [ -60.495208740999942, -22.659233091999965 ], [ -60.533245085999908, -22.642946243999972 ], [ -60.782138823999901, -22.643438338999943 ], [ -60.868446349999886, -22.639322280999977 ], [ -60.949325561999899, -22.663400649999971 ], [ -60.992885588999911, -22.665025710999942 ], [ -61.02756500199996, -22.640153884999961 ], [ -61.053905487999884, -22.515987396999947 ], [ -61.078800201999911, -22.358663559999968 ], [ -61.080955505999896, -22.320329665999964 ], [ -61.079059601999973, -22.222620009999901 ], [ -61.073204039999894, -22.146474836999914 ], [ -61.0753555309999, -22.097547531999965 ], [ -61.080692290999878, -22.058563231999983 ], [ -61.082977294999921, -21.988737105999974 ], [ -60.772491453999976, -21.996910095999965 ], [ -60.734050749999938, -21.879768371999944 ], [ -60.702926635999916, -21.903873443999942 ], [ -60.616092682999977, -21.960504531999902 ], [ -60.585689544999923, -21.985301971999888 ], [ -60.54632186799995, -22.011547088999919 ], [ -60.507583617999956, -22.025529861999928 ], [ -60.465793609999935, -22.03340721099994 ], [ -60.42388916099992, -22.029016494999837 ], [ -60.385669707999966, -22.014360427999975 ], [ -60.337070464999897, -22.010673522999923 ], [ -60.303569792999951, -22.03206825299992 ], [ -60.252014159999987, -22.034515380999892 ], [ -60.201168059999986, -22.028753280999979 ], [ -60.104072569999857, -22.034868239999867 ], [ -60.060756682999966, -22.035139084999969 ], [ -59.96966171199989, -22.027471542999876 ], [ -59.91665267999997, -22.03206825299992 ] ] ] ] } },
{ "type": "Feature", "properties": { "fid": 29, "GID_2": "PRY.6.1_1", "GID_0": "PRY", "COUNTRY": "Paraguay", "GID_1": "PRY.6_1", "NAME_1": "Caaguazú", "NL_NAME_1": "NA", "NAME_2": "3 de Febrero", "VARNAME_2": "NA", "NL_NAME_2": "NA", "TYPE_2": "Distrito", "ENGTYPE_2": "District", "CC_2": "NA", "HASC_2": "PY.CG.TF" }, "geometry": { "type": "MultiPolygon", "coordinates": [ [ [ [ -55.75352096599994, -25.274740219999842 ], [ -55.766910552999889, -25.2753314979999 ], [ -55.783988951999959, -25.265129089999959 ], [ -55.801895140999875, -25.258172988999945 ], [ -55.829223632999913, -25.255313871999931 ], [ -55.843536376999964, -25.248548507999885 ], [ -55.87065124499992, -25.244779585999879 ], [ -55.894641875999923, -25.228029250999953 ], [ -55.939922332999913, -25.210439681999958 ], [ -55.888523101999908, -25.135293960999888 ], [ -55.882743835999918, -25.13605499199997 ], [ -55.876850127999887, -25.144931792999898 ], [ -55.870307920999949, -25.149122238999894 ], [ -55.840480803999924, -25.159589766999829 ], [ -55.827266693999945, -25.175550459999954 ], [ -55.823474883999893, -25.175390241999935 ], [ -55.811801909999986, -25.164808273999938 ], [ -55.80339431799996, -25.161968230999889 ], [ -55.79553222699991, -25.153167723999957 ], [ -55.789356232999978, -25.154106139999953 ], [ -55.764934540999946, -25.166870117999906 ], [ -55.75418472199982, -25.16891288599993 ], [ -55.75352096599994, -25.274740219999842 ] ] ] ] } },
{ "type": "Feature", "properties": { "fid": 30, "GID_2": "PRY.6.2_1", "GID_0": "PRY", "COUNTRY": "Paraguay", "GID_1": "PRY.6_1", "NAME_1": "Caaguazú", "NL_NAME_1": "NA", "NAME_2": "Caaguazú", "VARNAME_2": "NA", "NL_NAME_2": "NA", "TYPE_2": "Distrito", "ENGTYPE_2": "District", "CC_2": "NA", "HASC_2": "PY.CG.CG" }, "geometry": { "type": "MultiPolygon", "coordinates": [ [ [ [ -56.15702056899994, -25.268985747999864 ], [ -56.150035858999956, -25.266208647999861 ], [ -56.143142700999931, -25.257600783999976 ], [ -56.118087768999942, -25.249664306999932 ], [ -56.117668151999965, -25.229991912999878 ], [ -56.109077454999976, -25.229877472999931 ], [ -56.094635009999934, -25.223844527999915 ], [ -56.075855254999965, -25.223251341999969 ], [ -56.066631317999907, -25.215703963999943 ], [ -56.057373046999942, -25.212913512999933 ], [ -56.059574127999952, -25.195034026999906 ], [ -56.055854797999984, -25.189390182999944 ], [ -56.041744231999985, -25.189201353999863 ], [ -56.030796050999982, -25.191976546999967 ], [ -56.014415740999937, -25.19100761399983 ], [ -55.994857787999877, -25.184991836999927 ], [ -55.976375578999921, -25.198617934999959 ], [ -55.965847015999884, -25.203380583999945 ], [ -55.973339081999939, -25.231851577999919 ], [ -55.981498718999887, -25.248039245999848 ], [ -55.97780227599992, -25.294450758999915 ], [ -55.955333709999934, -25.303987502999917 ], [ -55.930763243999877, -25.304145812999877 ], [ -55.922615051999912, -25.307987212999933 ], [ -55.916828155999951, -25.328237533999982 ], [ -55.893192290999878, -25.362136839999948 ], [ -55.889995573999954, -25.382190704999914 ], [ -55.890991210999914, -25.402036666999948 ], [ -55.879253387999881, -25.427919387999964 ], [ -55.877674103999937, -25.450309751999839 ], [ -55.873985290999826, -25.461517334999883 ], [ -55.867458342999953, -25.469137191999948 ], [ -55.832740782999963, -25.486764907999884 ], [ -55.832298277999939, -25.494430541999975 ], [ -55.837932586999955, -25.497823715999971 ], [ -55.850925445999906, -25.496847152999919 ], [ -55.871772764999889, -25.500877378999974 ], [ -55.907196044999921, -25.501924513999938 ], [ -55.931964874999949, -25.498159408999982 ], [ -55.974723815999937, -25.511236189999977 ], [ -55.991069792999895, -25.505350113999953 ], [ -56.012432098999966, -25.519281386999921 ], [ -56.041927337999937, -25.526294707999966 ], [ -56.076435089999904, -25.551317214999983 ], [ -56.12195205799992, -25.574798582999961 ], [ -56.140220641999974, -25.589229583999952 ], [ -56.159477233999894, -25.581779479999966 ], [ -56.174694061999958, -25.58130454999997 ], [ -56.202007293999884, -25.57044982899987 ], [ -56.224651335999852, -25.571893691999946 ], [ -56.232612610999979, -25.567861555999855 ], [ -56.245220183999947, -25.567037581999955 ], [ -56.253040312999985, -25.567878723999854 ], [ -56.266338348999966, -25.574447631999874 ], [ -56.283161161999942, -25.574489593999886 ], [ -56.291599272999918, -25.560701369999833 ], [ -56.270874023999909, -25.556255338999847 ], [ -56.264286039999888, -25.542230606999908 ], [ -56.246570587999884, -25.534442901999967 ], [ -56.242702483999949, -25.52942085199993 ], [ -56.243431090999934, -25.492956160999938 ], [ -56.238361357999906, -25.487583160999918 ], [ -56.230918883999891, -25.484397886999886 ], [ -56.231857299999945, -25.479515075999927 ], [ -56.229145050999932, -25.471054076999906 ], [ -56.193561553999984, -25.456731795999872 ], [ -56.190521240999942, -25.453683852999859 ], [ -56.192295073999901, -25.424436569999955 ], [ -56.178512572999978, -25.420572280999977 ], [ -56.171943664999844, -25.406906127999946 ], [ -56.151313781999932, -25.38739967399988 ], [ -56.141033171999879, -25.380260466999914 ], [ -56.111495970999954, -25.367671966999978 ], [ -56.103237150999917, -25.361959456999955 ], [ -56.102760313999966, -25.355464934999929 ], [ -56.115337370999953, -25.337316511999973 ], [ -56.129840849999937, -25.29677772499997 ], [ -56.15702056899994, -25.268985747999864 ] ] ] ] } },
{ "type": "Feature", "properties": { "fid": 31, "GID_2": "PRY.6.3_1", "GID_0": "PRY", "COUNTRY": "Paraguay", "GID_1": "PRY.6_1", "NAME_1": "Caaguazú", "NL_NAME_1": "NA", "NAME_2": "Carayaó", "VARNAME_2": "NA", "NL_NAME_2": "NA", "TYPE_2": "Distrito", "ENGTYPE_2": "District", "CC_2": "NA", "HASC_2": "PY.CG.CR" }, "geometry": { "type": "MultiPolygon", "coordinates": [ [ [ [ -56.055854797999984, -25.189390182999944 ], [ -56.059574127999952, -25.195034026999906 ], [ -56.057373046999942, -25.212913512999933 ], [ -56.066631317999907, -25.215703963999943 ], [ -56.075855254999965, -25.223251341999969 ], [ -56.094635009999934, -25.223844527999915 ], [ -56.109077454999976, -25.229877472999931 ], [ -56.117668151999965, -25.229991912999878 ], [ -56.118087768999942, -25.249664306999932 ], [ -56.143142700999931, -25.257600783999976 ], [ -56.152648925999983, -25.267814635999969 ], [ -56.173858642999903, -25.27072334199994 ], [ -56.179367065999884, -25.280429838999964 ], [ -56.20815276999997, -25.282005309999931 ], [ -56.210590361999948, -25.285238264999975 ], [ -56.210289001999968, -25.293361662999928 ], [ -56.223503111999946, -25.312208175999956 ], [ -56.26950454699994, -25.315443039999877 ], [ -56.286781311999903, -25.322517393999931 ], [ -56.298770903999923, -25.322414398999911 ], [ -56.303726195999957, -25.33482933099998 ], [ -56.307159423999963, -25.337684631999934 ], [ -56.314170837999939, -25.338531493999938 ], [ -56.328315734999933, -25.334980009999981 ], [ -56.337184905999948, -25.342617035999865 ], [ -56.347377776999906, -25.34058761599988 ], [ -56.359985351999967, -25.341920852999976 ], [ -56.37433624199997, -25.338722227999938 ], [ -56.37827300899994, -25.33417892499989 ], [ -56.382381438999971, -25.327463149999971 ], [ -56.383548735999909, -25.310306548999961 ], [ -56.390941619999978, -25.295442579999929 ], [ -56.388988493999932, -25.283905028999982 ], [ -56.394107818999942, -25.278444290999971 ], [ -56.404834745999949, -25.273834227999942 ], [ -56.412017822999985, -25.258611678999955 ], [ -56.428779600999974, -25.243110655999885 ], [ -56.433536528999923, -25.225919722999947 ], [ -56.445926666999981, -25.226707458999897 ], [ -56.452262878999932, -25.222677230999977 ], [ -56.455429076999962, -25.206579208999926 ], [ -56.465446471999883, -25.194755553999983 ], [ -56.470451355999899, -25.181533812999874 ], [ -56.486305236999954, -25.173255919999917 ], [ -56.485881805999952, -25.157558440999878 ], [ -56.488235473999964, -25.15464591999995 ], [ -56.497173307999958, -25.151668547999975 ], [ -56.513549804999968, -25.152410507999889 ], [ -56.531990051999912, -25.165906904999815 ], [ -56.598937988999978, -25.163267135999888 ], [ -56.583801269999981, -25.072998046999942 ], [ -56.573593138999854, -25.070579527999939 ], [ -56.526142120999907, -25.071788786999889 ], [ -56.521175384999935, -25.059560774999966 ], [ -56.516651152999884, -25.022403715999928 ], [ -56.511436461999892, -25.020671844999981 ], [ -56.480335235999974, -25.03469467199983 ], [ -56.453502653999919, -25.05517387399982 ], [ -56.441547393999883, -25.056009292999931 ], [ -56.420410155999832, -25.070463179999933 ], [ -56.405097960999967, -25.08829689099997 ], [ -56.385204315999943, -25.092266081999981 ], [ -56.366439819999982, -25.106332778999843 ], [ -56.355308532999913, -25.109500884999875 ], [ -56.340946197999983, -25.126583099999891 ], [ -56.304416655999944, -25.137041091999947 ], [ -56.279380797999977, -25.127410888999918 ], [ -56.255222320999962, -25.126848219999886 ], [ -56.240329742999904, -25.129821776999904 ], [ -56.166381834999981, -25.10816573999989 ], [ -56.161361694999925, -25.103307723999933 ], [ -56.153949737999937, -25.081735610999942 ], [ -56.123260496999933, -25.068828582999913 ], [ -56.117809295999905, -25.059150694999971 ], [ -56.104557037999939, -25.057922362999932 ], [ -56.101196287999983, -25.060649870999953 ], [ -56.099285125999927, -25.068061827999827 ], [ -56.103313446999834, -25.071464536999883 ], [ -56.118923185999961, -25.076221464999946 ], [ -56.1214332589999, -25.104177474999858 ], [ -56.10304260199996, -25.118749617999924 ], [ -56.10346221899988, -25.120548246999931 ], [ -56.11490631099997, -25.126785276999954 ], [ -56.125682830999892, -25.127246855999942 ], [ -56.099887846999877, -25.175622939999926 ], [ -56.096683501999962, -25.174741743999846 ], [ -56.087184905999948, -25.163982389999831 ], [ -56.077377318999879, -25.161342620999903 ], [ -56.066287994999925, -25.151134490999937 ], [ -56.062095642999964, -25.151521682999828 ], [ -56.061424254999906, -25.181484222999927 ], [ -56.055854797999984, -25.189390182999944 ] ] ] ] } },
{ "type": "Feature", "properties": { "fid": 32, "GID_2": "PRY.6.4_1", "GID_0": "PRY", "COUNTRY": "Paraguay", "GID_1": "PRY.6_1", "NAME_1": "Caaguazú", "NL_NAME_1": "NA", "NAME_2": "Coronel Oviedo", "VARNAME_2": "NA", "NL_NAME_2": "NA", "TYPE_2": "Distrito", "ENGTYPE_2": "District", "CC_2": "NA", "HASC_2": "PY.CG.CO" }, "geometry": { "type": "MultiPolygon", "coordinates": [ [ [ [ -56.192295073999901, -25.424436569999955 ], [ -56.190521240999942, -25.453683852999859 ], [ -56.193561553999984, -25.456731795999872 ], [ -56.229145050999932, -25.471054076999906 ], [ -56.231857299999945, -25.479515075999927 ], [ -56.230918883999891, -25.484397886999886 ], [ -56.238361357999906, -25.487583160999918 ], [ -56.243431090999934, -25.492956160999938 ], [ -56.242702483999949, -25.52942085199993 ], [ -56.246570587999884, -25.534442901999967 ], [ -56.264286039999888, -25.542230606999908 ], [ -56.2722854619999, -25.557142257999942 ], [ -56.291599272999918, -25.560701369999833 ], [ -56.313625334999927, -25.560697554999933 ], [ -56.324726104999854, -25.567638396999939 ], [ -56.334690093999939, -25.563764570999979 ], [ -56.352088926999897, -25.562168120999956 ], [ -56.364009857999918, -25.570005415999958 ], [ -56.376724243999945, -25.562494276999928 ], [ -56.386924743999884, -25.561321258999953 ], [ -56.390422820999959, -25.568325041999913 ], [ -56.401622772999929, -25.567144393999911 ], [ -56.411525726999969, -25.573728560999882 ], [ -56.423633574999883, -25.594732284999964 ], [ -56.426776886999903, -25.604988097999865 ], [ -56.441730499999949, -25.614236830999914 ], [ -56.473560333999956, -25.626747129999956 ], [ -56.489852904999907, -25.617027281999981 ], [ -56.504505156999983, -25.619052886999896 ], [ -56.520488737999983, -25.615827560999946 ], [ -56.531639097999914, -25.624917983999978 ], [ -56.554264067999895, -25.637142181999934 ], [ -56.573524475999932, -25.652288436999925 ], [ -56.59067916999993, -25.660053252999887 ], [ -56.595169067999905, -25.665420531999871 ], [ -56.605480193999938, -25.671089172999928 ], [ -56.621330260999912, -25.672182083999871 ], [ -56.639877319999982, -25.678661344999966 ], [ -56.650848388999918, -25.688114165999934 ], [ -56.657062529999905, -25.702709196999876 ], [ -56.663139342999955, -25.696029663999923 ], [ -56.661434172999975, -25.694206237999879 ], [ -56.669433592999894, -25.684480667999878 ], [ -56.668334960999914, -25.678356170999905 ], [ -56.657638549999888, -25.660964965999824 ], [ -56.650455475999934, -25.637399673999937 ], [ -56.637474059999931, -25.627433776999908 ], [ -56.627468108999892, -25.615085600999976 ], [ -56.604858398999909, -25.603956221999908 ], [ -56.591461180999886, -25.579370497999889 ], [ -56.59190750199997, -25.569437026999822 ], [ -56.602256774999944, -25.551824568999962 ], [ -56.598697662999939, -25.541755676999969 ], [ -56.585372923999898, -25.529836653999951 ], [ -56.577583313999867, -25.53583335899998 ], [ -56.576301573999956, -25.530254362999926 ], [ -56.57185745299995, -25.527769088999946 ], [ -56.550621032999913, -25.526727675999894 ], [ -56.506580353999823, -25.499191282999902 ], [ -56.504886626999905, -25.492710113999919 ], [ -56.505096434999984, -25.438203811999983 ], [ -56.51485824699995, -25.435401915999932 ], [ -56.510978697999917, -25.40222740199988 ], [ -56.510147093999876, -25.400070189999951 ], [ -56.503540038999972, -25.39959335299983 ], [ -56.498218536999957, -25.39116477999994 ], [ -56.490360258999885, -25.387090681999894 ], [ -56.489723205999951, -25.384389877999979 ], [ -56.492053985999974, -25.379674911999871 ], [ -56.505558013999973, -25.373046873999897 ], [ -56.510810851999906, -25.363124846999824 ], [ -56.49884033099994, -25.364809035999883 ], [ -56.482460020999895, -25.37994766199995 ], [ -56.479648589999897, -25.378894805999892 ], [ -56.477287291999914, -25.367544173999818 ], [ -56.471569060999968, -25.359115600999928 ], [ -56.475273131999984, -25.338506697999946 ], [ -56.472805023999967, -25.305498123999939 ], [ -56.474205016999974, -25.291408538999974 ], [ -56.468215941999972, -25.27775192099989 ], [ -56.454990386999896, -25.260553359999903 ], [ -56.447998045999952, -25.24617767399991 ], [ -56.432460785999922, -25.227167128999952 ], [ -56.428779600999974, -25.243110655999885 ], [ -56.412017822999985, -25.258611678999955 ], [ -56.404834745999949, -25.273834227999942 ], [ -56.394107818999942, -25.278444290999971 ], [ -56.388988493999932, -25.283905028999982 ], [ -56.390941619999978, -25.295442579999929 ], [ -56.382976531999986, -25.312294006999934 ], [ -56.382381438999971, -25.327463149999971 ], [ -56.375324248999846, -25.337995528999841 ], [ -56.367671966999978, -25.339403152999864 ], [ -56.368961334999881, -25.354648589999954 ], [ -56.38005828799993, -25.390642165999964 ], [ -56.368057250999868, -25.404478071999961 ], [ -56.36110687199988, -25.407974242999956 ], [ -56.330837248999956, -25.402473449999832 ], [ -56.30286788799998, -25.404169082999886 ], [ -56.273067473999959, -25.418695450999905 ], [ -56.263484954999967, -25.419681548999961 ], [ -56.245368956999926, -25.410451888999944 ], [ -56.229015349999884, -25.398134231999961 ], [ -56.226245879999965, -25.400505065999937 ], [ -56.216613768999878, -25.429281233999973 ], [ -56.192295073999901, -25.424436569999955 ] ] ] ] } },
{ "type": "Feature", "properties": { "fid": 33, "GID_2": "PRY.6.5_1", "GID_0": "PRY", "COUNTRY": "Paraguay", "GID_1": "PRY.6_1", "NAME_1": "Caaguazú", "NL_NAME_1": "NA", "NAME_2": "Doctor Cecilio Báez", "VARNAME_2": "NA", "NL_NAME_2": "NA", "TYPE_2": "Distrito", "ENGTYPE_2": "District", "CC_2": "NA", "HASC_2": "PY.CG.DB" }, "geometry": { "type": "MultiPolygon", "coordinates": [ [ [ [ -56.117809295999905, -25.059150694999971 ], [ -56.123260496999933, -25.068828582999913 ], [ -56.153949737999937, -25.081735610999942 ], [ -56.164417267999966, -25.107198713999878 ], [ -56.202529906999985, -25.119606017999843 ], [ -56.240329742999904, -25.129821776999904 ], [ -56.255222320999962, -25.126848219999886 ], [ -56.279380797999977, -25.127410888999918 ], [ -56.304416655999944, -25.137041091999947 ], [ -56.336280823999971, -25.128606794999939 ], [ -56.345294951999961, -25.122396468999966 ], [ -56.335517882999966, -25.106246946999931 ], [ -56.327106475999983, -25.10397529599993 ], [ -56.320640563999916, -25.097534178999979 ], [ -56.311145782999915, -25.072889326999928 ], [ -56.309963225999979, -25.058462142999929 ], [ -56.302501678999874, -25.051849364999896 ], [ -56.295551299999886, -25.054252622999968 ], [ -56.277191161999895, -25.052963257999977 ], [ -56.273429870999905, -25.055158615999972 ], [ -56.267868042999964, -25.041128157999935 ], [ -56.268318176999912, -25.029216764999887 ], [ -56.264904021999882, -25.027437208999913 ], [ -56.25101470899989, -25.032787321999933 ], [ -56.241550444999916, -25.041343687999984 ], [ -56.227474212999937, -25.048315047999949 ], [ -56.211364745999902, -25.051513671999942 ], [ -56.181419371999937, -25.065647124999941 ], [ -56.157844542999896, -25.061859129999959 ], [ -56.14433669999994, -25.048961639999959 ], [ -56.121009825999977, -25.050901412999963 ], [ -56.117809295999905, -25.059150694999971 ] ] ] ] } },
{ "type": "Feature", "properties": { "fid": 34, "GID_2": "PRY.6.6_1", "GID_0": "PRY", "COUNTRY": "Paraguay", "GID_1": "PRY.6_1", "NAME_1": "Caaguazú", "NL_NAME_1": "NA", "NAME_2": "Doctor J. Eulogio Estigarribia", "VARNAME_2": "NA", "NL_NAME_2": "NA", "TYPE_2": "Distrito", "ENGTYPE_2": "District", "CC_2": "NA", "HASC_2": "PY.CG.DE" }, "geometry": { "type": "MultiPolygon", "coordinates": [ [ [ [ -55.666275024999948, -25.496326445999898 ], [ -55.675319671999944, -25.478275297999915 ], [ -55.678726195999957, -25.454616545999954 ], [ -55.694637298999908, -25.44425773599994 ], [ -55.703342436999947, -25.433385848999933 ], [ -55.704074858999888, -25.424720762999925 ], [ -55.71919631999998, -25.392885208999928 ], [ -55.716907500999866, -25.382247924999945 ], [ -55.726406097999984, -25.371553421999977 ], [ -55.716468809999981, -25.33117675699998 ], [ -55.717060089999961, -25.307167051999841 ], [ -55.708911895999904, -25.288259505999861 ], [ -55.704406736999942, -25.270433425999897 ], [ -55.673336028999927, -25.260816572999943 ], [ -55.638629912999932, -25.265672682999934 ], [ -55.610408782999912, -25.25677108799988 ], [ -55.584278105999942, -25.259769438999967 ], [ -55.561504363999973, -25.258054732999938 ], [ -55.546630858999947, -25.272184372999845 ], [ -55.53032302999992, -25.281089782999913 ], [ -55.524578094999924, -25.287792205999892 ], [ -55.512371063999979, -25.31291961699992 ], [ -55.506114959999877, -25.332611083999836 ], [ -55.493774414999962, -25.354019164999954 ], [ -55.46622085599995, -25.357362746999911 ], [ -55.429920196999944, -25.367582320999929 ], [ -55.424518584999987, -25.366878509999879 ], [ -55.419864653999923, -25.357507705999922 ], [ -55.416858672999979, -25.355890272999943 ], [ -55.414474485999961, -25.357702254999936 ], [ -55.41753387499989, -25.368343353999933 ], [ -55.421554564999951, -25.371940611999946 ], [ -55.46195220899989, -25.377046583999913 ], [ -55.472740173999966, -25.376468656999975 ], [ -55.488246917999959, -25.364145278999956 ], [ -55.496257780999883, -25.366823194999938 ], [ -55.479583739999896, -25.378349304999972 ], [ -55.482509611999944, -25.418409346999965 ], [ -55.488292694999984, -25.446540832999915 ], [ -55.487026213999911, -25.466213224999933 ], [ -55.49150085499997, -25.477567671999907 ], [ -55.48976898199993, -25.487680435999948 ], [ -55.478027343999884, -25.516397475999952 ], [ -55.489494323999963, -25.525150298999961 ], [ -55.489746092999894, -25.533626555999888 ], [ -55.500057220999963, -25.550558089999981 ], [ -55.514675140999941, -25.551778791999936 ], [ -55.51733398399989, -25.556491852999955 ], [ -55.521606445999907, -25.550729750999892 ], [ -55.53541183599998, -25.549594878999983 ], [ -55.548542022999982, -25.538539886999899 ], [ -55.566703796999946, -25.531793592999918 ], [ -55.586898802999883, -25.530267715999969 ], [ -55.60373687699996, -25.534172056999921 ], [ -55.607917785999973, -25.531087874999969 ], [ -55.6162033089999, -25.515712736999888 ], [ -55.626335143999881, -25.506467818999965 ], [ -55.642482757999915, -25.499177931999952 ], [ -55.651500702999954, -25.501121520999902 ], [ -55.666275024999948, -25.496326445999898 ] ] ] ] } },
{ "type": "Feature", "properties": { "fid": 35, "GID_2": "PRY.6.7_1", "GID_0": "PRY", "COUNTRY": "Paraguay", "GID_1": "PRY.6_1", "NAME_1": "Caaguazú", "NL_NAME_1": "NA", "NAME_2": "Doctor Juan Manuel Frutos", "VARNAME_2": "NA", "NL_NAME_2": "NA", "TYPE_2": "Distrito", "ENGTYPE_2": "District", "CC_2": "NA", "HASC_2": "PY.CG.DF" }, "geometry": { "type": "MultiPolygon", "coordinates": [ [ [ [ -55.939922332999913, -25.210439681999958 ], [ -55.894641875999923, -25.228029250999953 ], [ -55.87065124499992, -25.244779585999879 ], [ -55.843536376999964, -25.248548507999885 ], [ -55.829223632999913, -25.255313871999931 ], [ -55.794925688999911, -25.260198593999974 ], [ -55.766910552999889, -25.2753314979999 ], [ -55.740989683999885, -25.276155470999981 ], [ -55.717346190999933, -25.270713805999947 ], [ -55.704406736999942, -25.270433425999897 ], [ -55.708911895999904, -25.288259505999861 ], [ -55.717060089999961, -25.307167051999841 ], [ -55.716468809999981, -25.33117675699998 ], [ -55.726406097999984, -25.371553421999977 ], [ -55.716907500999866, -25.382247924999945 ], [ -55.71919631999998, -25.392885208999928 ], [ -55.704074858999888, -25.424720762999925 ], [ -55.703342436999947, -25.433385848999933 ], [ -55.694637298999908, -25.44425773599994 ], [ -55.678726195999957, -25.454616545999954 ], [ -55.675319671999944, -25.478275297999915 ], [ -55.666275024999948, -25.496326445999898 ], [ -55.673477172999981, -25.497411726999928 ], [ -55.682567595999956, -25.508018493999941 ], [ -55.700359344999981, -25.506666182999936 ], [ -55.710315703999981, -25.501028060999886 ], [ -55.73472976599993, -25.478347777999943 ], [ -55.745094298999959, -25.473966597999947 ], [ -55.760681151999961, -25.472442626999964 ], [ -55.774108885999965, -25.475439071999972 ], [ -55.785007476999965, -25.486028670999929 ], [ -55.796470640999928, -25.492645262999872 ], [ -55.817417144999979, -25.486391067999875 ], [ -55.832740782999963, -25.486764907999884 ], [ -55.871627807999971, -25.46568488999992 ], [ -55.876724243999945, -25.455184935999966 ], [ -55.879253387999881, -25.427919387999964 ], [ -55.890991210999914, -25.402036666999948 ], [ -55.889995573999954, -25.382190704999914 ], [ -55.893192290999878, -25.362136839999948 ], [ -55.916828155999951, -25.328237533999982 ], [ -55.922615051999912, -25.307987212999933 ], [ -55.930763243999877, -25.304145812999877 ], [ -55.945156097999984, -25.305135726999879 ], [ -55.963298797999926, -25.301765441999919 ], [ -55.97780227599992, -25.294450758999915 ], [ -55.979358673999911, -25.290470121999874 ], [ -55.978172302999894, -25.273153305999983 ], [ -55.981498718999887, -25.248039245999848 ], [ -55.973339081999939, -25.231851577999919 ], [ -55.965847015999884, -25.203380583999945 ], [ -55.939922332999913, -25.210439681999958 ] ] ] ] } },
{ "type": "Feature", "properties": { "fid": 36, "GID_2": "PRY.6.8_1", "GID_0": "PRY", "COUNTRY": "Paraguay", "GID_1": "PRY.6_1", "NAME_1": "Caaguazú", "NL_NAME_1": "NA", "NAME_2": "José Domingo Ocampos", "VARNAME_2": "NA", "NL_NAME_2": "NA", "TYPE_2": "Distrito", "ENGTYPE_2": "District", "CC_2": "NA", "HASC_2": "PY.CG.JO" }, "geometry": { "type": "MultiPolygon", "coordinates": [ [ [ [ -55.386875152999892, -25.35965919399996 ], [ -55.381469726999967, -25.369262694999975 ], [ -55.381237030999955, -25.375585555999919 ], [ -55.396286010999972, -25.428058623999959 ], [ -55.408428192999907, -25.486722945999873 ], [ -55.423000335999916, -25.53816795399996 ], [ -55.43089675799996, -25.539453506999905 ], [ -55.437572478999925, -25.537397384999963 ], [ -55.450908660999971, -25.524368284999923 ], [ -55.462688445999959, -25.519649505999951 ], [ -55.486228942999958, -25.522052763999909 ], [ -55.478027343999884, -25.516397475999952 ], [ -55.48976898199993, -25.487680435999948 ], [ -55.49150085499997, -25.477567671999907 ], [ -55.487026213999911, -25.466213224999933 ], [ -55.488292694999984, -25.446540832999915 ], [ -55.482509611999944, -25.418409346999965 ], [ -55.479583739999896, -25.378349304999972 ], [ -55.494873045999896, -25.36899375899992 ], [ -55.495853423999961, -25.366104125999925 ], [ -55.488246917999959, -25.364145278999956 ], [ -55.472740173999966, -25.376468656999975 ], [ -55.46195220899989, -25.377046583999913 ], [ -55.421554564999951, -25.371940611999946 ], [ -55.41753387499989, -25.368343353999933 ], [ -55.414474485999961, -25.357702254999936 ], [ -55.412506103999931, -25.35700607299998 ], [ -55.386875152999892, -25.35965919399996 ] ] ] ] } },
{ "type": "Feature", "properties": { "fid": 37, "GID_2": "PRY.6.9_1", "GID_0": "PRY", "COUNTRY": "Paraguay", "GID_1": "PRY.6_1", "NAME_1": "Caaguazú", "NL_NAME_1": "NA", "NAME_2": "La Pastora", "VARNAME_2": "NA", "NL_NAME_2": "NA", "TYPE_2": "Distrito", "ENGTYPE_2": "District", "CC_2": "NA", "HASC_2": "PY.CG.LP" }, "geometry": { "type": "MultiPolygon", "coordinates": [ [ [ [ -56.531990051999912, -25.165906904999815 ], [ -56.513549804999968, -25.152410507999889 ], [ -56.497173307999958, -25.151668547999975 ], [ -56.488235473999964, -25.15464591999995 ], [ -56.485881805999952, -25.157558440999878 ], [ -56.486305236999954, -25.173255919999917 ], [ -56.470451355999899, -25.181533812999874 ], [ -56.465446471999883, -25.194755553999983 ], [ -56.455429076999962, -25.206579208999926 ], [ -56.452262878999932, -25.222677230999977 ], [ -56.445926666999981, -25.226707458999897 ], [ -56.436511992999897, -25.224630354999931 ], [ -56.432460785999922, -25.227167128999952 ], [ -56.447998045999952, -25.24617767399991 ], [ -56.454990386999896, -25.260553359999903 ], [ -56.468215941999972, -25.27775192099989 ], [ -56.474205016999974, -25.291408538999974 ], [ -56.472805023999967, -25.305498123999939 ], [ -56.475273131999984, -25.338506697999946 ], [ -56.471569060999968, -25.359115600999928 ], [ -56.477287291999914, -25.367544173999818 ], [ -56.479648589999897, -25.378894805999892 ], [ -56.482460020999895, -25.37994766199995 ], [ -56.49884033099994, -25.364809035999883 ], [ -56.510810851999906, -25.363124846999824 ], [ -56.511665344999983, -25.35313034099994 ], [ -56.521648406999986, -25.338230132999968 ], [ -56.528537749999884, -25.31758880599989 ], [ -56.542335509999873, -25.304456709999954 ], [ -56.549095153999986, -25.302036283999939 ], [ -56.564941405999946, -25.306024550999894 ], [ -56.58671569899991, -25.305444716999887 ], [ -56.594089506999921, -25.304100035999909 ], [ -56.597454071999948, -25.301124571999935 ], [ -56.597885131999931, -25.290885923999895 ], [ -56.590709685999968, -25.265871046999905 ], [ -56.565345764999961, -25.199356077999937 ], [ -56.541637421999951, -25.20302772499997 ], [ -56.531990051999912, -25.165906904999815 ] ] ] ] } },
{ "type": "Feature", "properties": { "fid": 38, "GID_2": "PRY.6.10_1", "GID_0": "PRY", "COUNTRY": "Paraguay", "GID_1": "PRY.6_1", "NAME_1": "Caaguazú", "NL_NAME_1": "NA", "NAME_2": "Mariscal Francisco Solano López", "VARNAME_2": "NA", "NL_NAME_2": "NA", "TYPE_2": "Distrito", "ENGTYPE_2": "District", "CC_2": "NA", "HASC_2": "PY.CG.ML" }, "geometry": { "type": "MultiPolygon", "coordinates": [ [ [ [ -55.023265838999919, -25.219701765999957 ], [ -55.03087234599991, -25.22096824599987 ], [ -55.03149413999995, -25.223247526999899 ], [ -55.020084380999947, -25.225351332999878 ], [ -55.024295807999977, -25.229461670999967 ], [ -55.022617338999908, -25.232906341999978 ], [ -55.011173247999977, -25.231891631999872 ], [ -55.009311675999982, -25.241924284999982 ], [ -55.003040313999975, -25.240837096999883 ], [ -55.001506804999906, -25.233385084999895 ], [ -54.994075773999953, -25.236394880999967 ], [ -54.993366240999933, -25.2398796089999 ], [ -54.997890472999984, -25.24732971099985 ], [ -54.996776580999949, -25.250989913999888 ], [ -54.981754301999899, -25.254026411999973 ], [ -54.978546141999971, -25.249702453999873 ], [ -54.980827330999944, -25.23983573899983 ], [ -54.975296020999963, -25.239337920999958 ], [ -54.96911621199996, -25.250316619999978 ], [ -54.973278044999972, -25.257377623999957 ], [ -54.969894408999949, -25.264108656999895 ], [ -54.977458952999939, -25.264415740999937 ], [ -54.979091643999936, -25.273525237999934 ], [ -54.970500946999948, -25.280729292999865 ], [ -54.968193053999983, -25.289735792999977 ], [ -54.96088409399988, -25.290985106999869 ], [ -54.955753325999922, -25.298015592999889 ], [ -54.959098814999891, -25.301685332999966 ], [ -54.965206145999844, -25.300422668999943 ], [ -54.963409423999963, -25.312204360999885 ], [ -54.958690642999954, -25.315050123999981 ], [ -54.949714659999984, -25.313005447999899 ], [ -54.941314696999939, -25.318744659999936 ], [ -54.939571379999961, -25.325006484999903 ], [ -54.941280364999955, -25.340000152999949 ], [ -54.947967528999925, -25.338569640999822 ], [ -54.949695586999894, -25.342153548999875 ], [ -54.932239531999926, -25.352127073999952 ], [ -54.924015045999965, -25.361942290999934 ], [ -54.925991058999955, -25.365045546999909 ], [ -54.932231903999934, -25.364376067999956 ], [ -54.934387206999986, -25.373086928999953 ], [ -54.944896696999933, -25.364116667999895 ], [ -54.954734802999951, -25.36692047199989 ], [ -54.952781676999905, -25.360727309999959 ], [ -54.95906066799995, -25.357679366999832 ], [ -54.964641569999912, -25.360830306999958 ], [ -54.966781614999888, -25.369012832999829 ], [ -54.991420744999914, -25.369335174999947 ], [ -55.001842497999974, -25.374641418999943 ], [ -55.003479004999917, -25.371828078999954 ], [ -54.99722290099993, -25.364721298999939 ], [ -55.004417418999935, -25.366342544999952 ], [ -55.007209776999957, -25.36363601599993 ], [ -54.999999998999954, -25.356779098999937 ], [ -55.000988005999943, -25.35389137199985 ], [ -55.016193389999955, -25.362373351999906 ], [ -55.017623901999912, -25.373197555999866 ], [ -55.030200958999956, -25.369947433999982 ], [ -55.031589506999921, -25.366516112999932 ], [ -55.028762816999972, -25.356592177999914 ], [ -55.025905607999846, -25.354373931999874 ], [ -55.027957916999924, -25.346515655999951 ], [ -55.032928466999977, -25.338754654999946 ], [ -55.040447234999874, -25.316019056999949 ], [ -55.059959410999966, -25.29634666499993 ], [ -55.05914688099989, -25.291835783999886 ], [ -55.055145262999986, -25.28894805799996 ], [ -55.056331633999946, -25.285518644999911 ], [ -55.059520720999842, -25.284255980999887 ], [ -55.062526701999957, -25.287141798999926 ], [ -55.068572997999979, -25.304458617999899 ], [ -55.070968626999957, -25.304277418999845 ], [ -55.073543547999975, -25.298862457999974 ], [ -55.080333708999888, -25.298860549999915 ], [ -55.087703703999978, -25.29307937699997 ], [ -55.094066619999921, -25.286039351999932 ], [ -55.098815916999968, -25.273582457999964 ], [ -55.091564177999828, -25.255365371999915 ], [ -55.103778839999904, -25.26582336499996 ], [ -55.113342284999931, -25.261663436999925 ], [ -55.128063202999954, -25.248121260999881 ], [ -55.132457733999956, -25.249195097999916 ], [ -55.13108062699996, -25.25371169999994 ], [ -55.124900816999968, -25.256240844999979 ], [ -55.119743347999986, -25.264722822999943 ], [ -55.1091880809999, -25.272130964999974 ], [ -55.101242065999884, -25.282966612999871 ], [ -55.089931487999934, -25.30336379899984 ], [ -55.096340178999924, -25.308588027999974 ], [ -55.132270812999934, -25.304227828999899 ], [ -55.142433165999932, -25.299346922999916 ], [ -55.151824950999924, -25.301137923999875 ], [ -55.168968199999938, -25.294086456999878 ], [ -55.185695647999864, -25.282873153999958 ], [ -55.209533690999933, -25.256313323999905 ], [ -55.217845916999977, -25.239160537999908 ], [ -55.217578886999888, -25.22562789899996 ], [ -55.215171813999973, -25.222024916999885 ], [ -55.207382201999906, -25.221130370999958 ], [ -55.205566406999935, -25.215360639999972 ], [ -55.217147826999962, -25.218408584999906 ], [ -55.220939636999958, -25.217140197999868 ], [ -55.223514557999977, -25.212806700999977 ], [ -55.2210655209999, -25.201442717999839 ], [ -55.231052398999964, -25.203048705999947 ], [ -55.241573333999952, -25.192020415999878 ], [ -55.239929199999892, -25.181924820999882 ], [ -55.226306915999885, -25.169313429999931 ], [ -55.225086211999951, -25.164623259999928 ], [ -55.229476929999976, -25.165159224999968 ], [ -55.234504699999945, -25.173452376999933 ], [ -55.243900297999858, -25.178125380999916 ], [ -55.248931883999944, -25.187322615999847 ], [ -55.252326965999941, -25.187673567999923 ], [ -55.276157379999916, -25.165971755999919 ], [ -55.271282195999959, -25.14830016999997 ], [ -55.272666930999947, -25.146493910999936 ], [ -55.285511017999966, -25.161981581999839 ], [ -55.293701171999942, -25.163768767999898 ], [ -55.318767546999879, -25.151803969999889 ], [ -55.336704253999983, -25.148874281999895 ], [ -55.342617033999943, -25.136226653999984 ], [ -55.34050369299996, -25.114940641999908 ], [ -55.342884063999918, -25.113130569999896 ], [ -55.348083494999969, -25.115463256999817 ], [ -55.349773406999986, -25.132600783999976 ], [ -55.35338592599993, -25.136560439999869 ], [ -55.359931944999971, -25.129865645999871 ], [ -55.364635467999904, -25.115959166999971 ], [ -55.368995666999979, -25.11143875099998 ], [ -55.388179778999927, -25.118240356999934 ], [ -55.393562315999986, -25.117504119999921 ], [ -55.402748106999979, -25.087522506999903 ], [ -55.409709929999849, -25.087957381999843 ], [ -55.414710997999919, -25.100576400999955 ], [ -55.417186735999962, -25.0685310369999 ], [ -55.422729492999906, -25.062377928999979 ], [ -55.438838957999906, -25.05691528299991 ], [ -55.45340347299998, -25.028717040999936 ], [ -55.460956573999852, -25.025981902999945 ], [ -55.492038725999976, -25.025697707999882 ], [ -55.501171110999906, -25.02042961099994 ], [ -55.512199402999954, -25.002159118999884 ], [ -55.511604309999939, -24.974370954999983 ], [ -55.517482757999971, -24.96027374199997 ], [ -55.566112518999887, -24.937885284999822 ], [ -55.595020293999937, -24.931619643999909 ], [ -55.61236953699995, -24.904491424999833 ], [ -55.638027191999981, -24.87712669299998 ], [ -55.640312193999932, -24.864482878999922 ], [ -55.636577605999946, -24.84518814099988 ], [ -55.629405974999941, -24.844318390999945 ], [ -55.624305725999932, -24.828643798999963 ], [ -55.610126494999918, -24.821664808999913 ], [ -55.590915678999977, -24.83293914799998 ], [ -55.570804596999892, -24.83139800999993 ], [ -55.556167602999949, -24.842649459999961 ], [ -55.547561644999917, -24.863077162999957 ], [ -55.530059814999902, -24.864772796999944 ], [ -55.506343840999875, -24.88868331999987 ], [ -55.502559660999964, -24.888158797999893 ], [ -55.498088836999955, -24.874635695999928 ], [ -55.490631102999942, -24.861309051999967 ], [ -55.488044738999974, -24.861682891999976 ], [ -55.482536315999937, -24.870721815999843 ], [ -55.477909088999979, -24.892755507999937 ], [ -55.473350524999944, -24.895296096999914 ], [ -55.446407317999956, -24.88456153899989 ], [ -55.436450957999966, -24.884052275999977 ], [ -55.424064635999969, -24.876874923999935 ], [ -55.405364989999953, -24.878196715999877 ], [ -55.400177000999975, -24.875684737999961 ], [ -55.38176727299998, -24.859315870999978 ], [ -55.371463775999928, -24.833002090999969 ], [ -55.362911224999891, -24.833206176999965 ], [ -55.339565275999917, -24.843744278999964 ], [ -55.325138091999918, -24.869077680999965 ], [ -55.323261261999903, -24.877872465999872 ], [ -55.324287414999901, -24.892782211999929 ], [ -55.338321684999983, -24.909545897999976 ], [ -55.335510253999985, -24.916515348999951 ], [ -55.328044890999934, -24.920316696999976 ], [ -55.326663970999959, -24.923927305999939 ], [ -55.331344603999923, -24.946050642999978 ], [ -55.331409453999981, -24.958755492999899 ], [ -55.328247070999964, -24.967866897999897 ], [ -55.315841673999898, -24.975076675999958 ], [ -55.305831909999938, -24.991128920999927 ], [ -55.312664032999976, -25.001512526999932 ], [ -55.309474945999909, -25.010910034999881 ], [ -55.292213439999955, -25.021692274999964 ], [ -55.279972075999979, -25.020540235999931 ], [ -55.274326323999958, -25.025390625999876 ], [ -55.265136717999951, -25.024053572999833 ], [ -55.264675138999962, -25.030937194999979 ], [ -55.26613998299996, -25.032760620999852 ], [ -55.269866942999954, -25.031707763999975 ], [ -55.27648925799997, -25.040260314999898 ], [ -55.266208648999907, -25.043422697999972 ], [ -55.264213561999952, -25.037246703999926 ], [ -55.259395598999959, -25.033222197999919 ], [ -55.248424529999909, -25.029329299999972 ], [ -55.248382567999897, -25.035409927999922 ], [ -55.231830597999874, -25.030595779999942 ], [ -55.228015898999899, -25.031513212999926 ], [ -55.231349944999977, -25.040901184999882 ], [ -55.229309081999986, -25.043483733999949 ], [ -55.221637724999937, -25.04553222699991 ], [ -55.211498259999928, -25.044160842999929 ], [ -55.205696105999948, -25.037948608999955 ], [ -55.201057432999903, -25.037960051999903 ], [ -55.186233520999963, -25.047914503999948 ], [ -55.174125670999899, -25.066413877999878 ], [ -55.175155638999968, -25.075628279999876 ], [ -55.166599273999964, -25.079900741999893 ], [ -55.163711547999981, -25.088104246999933 ], [ -55.150455474999944, -25.091835021999941 ], [ -55.140113829999962, -25.104270934999931 ], [ -55.122173308999947, -25.115205763999938 ], [ -55.112922667999896, -25.118795394999893 ], [ -55.102920531999928, -25.117391586999929 ], [ -55.092723846999945, -25.134904859999949 ], [ -55.084716796999942, -25.134370802999968 ], [ -55.078227996999942, -25.141765593999935 ], [ -55.064533232999963, -25.14854812699997 ], [ -55.058807372999979, -25.159875869999951 ], [ -55.053604125999925, -25.159307478999892 ], [ -55.037910460999967, -25.165418624999916 ], [ -55.027130127999897, -25.180965422999918 ], [ -55.016487121999944, -25.183145522999894 ], [ -55.016643523999903, -25.187196730999972 ], [ -55.029609678999975, -25.196756362999963 ], [ -55.030120849999889, -25.201053619999982 ], [ -55.026672363999978, -25.205204008999829 ], [ -55.034797667999896, -25.213884352999969 ], [ -55.023265838999919, -25.219701765999957 ] ] ] ] } },
{ "type": "Feature", "properties": { "fid": 39, "GID_2": "PRY.6.11_1", "GID_0": "PRY", "COUNTRY": "Paraguay", "GID_1": "PRY.6_1", "NAME_1": "Caaguazú", "NL_NAME_1": "NA", "NAME_2": "Nueva Londres", "VARNAME_2": "NA", "NL_NAME_2": "NA", "TYPE_2": "Distrito", "ENGTYPE_2": "District", "CC_2": "NA", "HASC_2": "PY.CG.NL" }, "geometry": { "type": "MultiPolygon", "coordinates": [ [ [ [ -56.510810851999906, -25.363124846999824 ], [ -56.505558013999973, -25.373046873999897 ], [ -56.492053985999974, -25.379674911999871 ], [ -56.489723205999951, -25.384389877999979 ], [ -56.490360258999885, -25.387090681999894 ], [ -56.498218536999957, -25.39116477999994 ], [ -56.503540038999972, -25.39959335299983 ], [ -56.510147093999876, -25.400070189999951 ], [ -56.510978697999917, -25.40222740199988 ], [ -56.51485824699995, -25.435401915999932 ], [ -56.505096434999984, -25.438203811999983 ], [ -56.504886626999905, -25.492710113999919 ], [ -56.506580353999823, -25.499191282999902 ], [ -56.550621032999913, -25.526727675999894 ], [ -56.57548522999997, -25.529357908999941 ], [ -56.577583313999867, -25.53583335899998 ], [ -56.585372923999898, -25.529836653999951 ], [ -56.581184386999837, -25.522262573999967 ], [ -56.564990995999892, -25.510334014999842 ], [ -56.5626716619999, -25.502416610999944 ], [ -56.564281462999986, -25.489585874999875 ], [ -56.586322784999879, -25.477991103999955 ], [ -56.60148620599989, -25.474943160999885 ], [ -56.60164642399991, -25.472236631999976 ], [ -56.592124939999906, -25.464574812999899 ], [ -56.593326568999942, -25.451385497999922 ], [ -56.614437102999943, -25.445028304999937 ], [ -56.616786955999942, -25.441753385999846 ], [ -56.61834716899989, -25.426214217999927 ], [ -56.628070831999935, -25.421236036999971 ], [ -56.635448454999903, -25.406719206999924 ], [ -56.64598846399997, -25.394447326999909 ], [ -56.62307739299996, -25.369672775999902 ], [ -56.597175598999911, -25.349370956999906 ], [ -56.577205657999968, -25.324310302999947 ], [ -56.556327819999922, -25.30467414799989 ], [ -56.557914733999951, -25.303934097999957 ], [ -56.552093506999881, -25.302190780999922 ], [ -56.542335509999873, -25.304456709999954 ], [ -56.528537749999884, -25.31758880599989 ], [ -56.521648406999986, -25.338230132999968 ], [ -56.511665344999983, -25.35313034099994 ], [ -56.510810851999906, -25.363124846999824 ] ] ] ] } },
{ "type": "Feature", "properties": { "fid": 40, "GID_2": "PRY.6.12_1", "GID_0": "PRY", "COUNTRY": "Paraguay", "GID_1": "PRY.6_1", "NAME_1": "Caaguazú", "NL_NAME_1": "NA", "NAME_2": "R. I. 3 Corrales", "VARNAME_2": "NA", "NL_NAME_2": "NA", "TYPE_2": "Distrito", "ENGTYPE_2": "District", "CC_2": "NA", "HASC_2": "PY.CG.TC" }, "geometry": { "type": "MultiPolygon", "coordinates": [ [ [ [ -56.15702056899994, -25.268985747999864 ], [ -56.129840849999937, -25.29677772499997 ], [ -56.115337370999953, -25.337316511999973 ], [ -56.102760313999966, -25.355464934999929 ], [ -56.102607726999963, -25.359617232999938 ], [ -56.108078002999946, -25.365890503999935 ], [ -56.141033171999879, -25.380260466999914 ], [ -56.155147552999949, -25.390256880999971 ], [ -56.171943664999844, -25.406906127999946 ], [ -56.178512572999978, -25.420572280999977 ], [ -56.216613768999878, -25.429281233999973 ], [ -56.226245879999965, -25.400505065999937 ], [ -56.229015349999884, -25.398134231999961 ], [ -56.245368956999926, -25.410451888999944 ], [ -56.263484954999967, -25.419681548999961 ], [ -56.273067473999959, -25.418695450999905 ], [ -56.30286788799998, -25.404169082999886 ], [ -56.330837248999956, -25.402473449999832 ], [ -56.36110687199988, -25.407974242999956 ], [ -56.368057250999868, -25.404478071999961 ], [ -56.379478454999912, -25.392095566999956 ], [ -56.368961334999881, -25.354648589999954 ], [ -56.367671966999978, -25.339403152999864 ], [ -56.359985351999967, -25.341920852999976 ], [ -56.347377776999906, -25.34058761599988 ], [ -56.337184905999948, -25.342617035999865 ], [ -56.328315734999933, -25.334980009999981 ], [ -56.310371399999894, -25.33838271999997 ], [ -56.303726195999957, -25.33482933099998 ], [ -56.298770903999923, -25.322414398999911 ], [ -56.286781311999903, -25.322517393999931 ], [ -56.266902922999975, -25.315105438999922 ], [ -56.242088317999901, -25.312419890999877 ], [ -56.226116180999895, -25.31345176699989 ], [ -56.220066070999962, -25.308986662999928 ], [ -56.217174529999909, -25.301248549999968 ], [ -56.210289001999968, -25.293361662999928 ], [ -56.210590361999948, -25.285238264999975 ], [ -56.20815276999997, -25.282005309999931 ], [ -56.179367065999884, -25.280429838999964 ], [ -56.173858642999903, -25.27072334199994 ], [ -56.15702056899994, -25.268985747999864 ] ] ] ] } },
{ "type": "Feature", "properties": { "fid": 41, "GID_2": "PRY.6.13_1", "GID_0": "PRY", "COUNTRY": "Paraguay", "GID_1": "PRY.6_1", "NAME_1": "Caaguazú", "NL_NAME_1": "NA", "NAME_2": "Raúl Arsenio Oviedo", "VARNAME_2": "NA", "NL_NAME_2": "NA", "TYPE_2": "Distrito", "ENGTYPE_2": "District", "CC_2": "NA", "HASC_2": "PY.CG.RO" }, "geometry": { "type": "MultiPolygon", "coordinates": [ [ [ [ -55.306949614999951, -25.271339415999932 ], [ -55.334796904999848, -25.332073211999898 ], [ -55.341163635999919, -25.338970184999937 ], [ -55.385986328999934, -25.35965919399996 ], [ -55.414474485999961, -25.357702254999936 ], [ -55.416858672999979, -25.355890272999943 ], [ -55.419864653999923, -25.357507705999922 ], [ -55.424518584999987, -25.366878509999879 ], [ -55.429920196999944, -25.367582320999929 ], [ -55.46622085599995, -25.357362746999911 ], [ -55.495563505999939, -25.352748870999903 ], [ -55.495723723999959, -25.347953795999899 ], [ -55.506114959999877, -25.332611083999836 ], [ -55.512371063999979, -25.31291961699992 ], [ -55.524578094999924, -25.287792205999892 ], [ -55.53032302999992, -25.281089782999913 ], [ -55.546630858999947, -25.272184372999845 ], [ -55.561504363999973, -25.258054732999938 ], [ -55.584278105999942, -25.259769438999967 ], [ -55.610408782999912, -25.25677108799988 ], [ -55.638629912999932, -25.265672682999934 ], [ -55.673336028999927, -25.260816572999943 ], [ -55.70137023999996, -25.270610808999947 ], [ -55.717346190999933, -25.270713805999947 ], [ -55.740989683999885, -25.276155470999981 ], [ -55.75352096599994, -25.274740219999842 ], [ -55.75418472199982, -25.16891288599993 ], [ -55.736663818999887, -25.173879623999937 ], [ -55.723072051999907, -25.170877455999857 ], [ -55.720413206999922, -25.163677215999883 ], [ -55.726856231999932, -25.147216796999885 ], [ -55.725296020999906, -25.128456114999892 ], [ -55.707916258999944, -25.10237312299995 ], [ -55.708286285999918, -25.098766326999964 ], [ -55.72037506099997, -25.090400694999914 ], [ -55.726470945999949, -25.08062362599992 ], [ -55.721450805999893, -25.076501845999871 ], [ -55.722229004999974, -25.073968886999978 ], [ -55.742412567999963, -25.056898116999946 ], [ -55.736709595999969, -25.043390273999876 ], [ -55.723834991999979, -25.029920577999974 ], [ -55.718139647999919, -25.016412734999903 ], [ -55.702484129999903, -25.003320693999967 ], [ -55.705226897999921, -24.997890471999938 ], [ -55.717723845999899, -24.99169158899997 ], [ -55.716136931999984, -24.969318390999945 ], [ -55.696887969999977, -24.954616546999944 ], [ -55.693897246999882, -24.954452513999968 ], [ -55.694324492999954, -24.957878111999889 ], [ -55.680240631999936, -24.964265823999938 ], [ -55.666057586999898, -24.959281920999956 ], [ -55.662029265999934, -24.954246521999949 ], [ -55.649085997999975, -24.954484937999894 ], [ -55.628078460999973, -24.94212913399997 ], [ -55.595336913999972, -24.933198927999911 ], [ -55.587383270999908, -24.932924269999944 ], [ -55.566112518999887, -24.937885284999822 ], [ -55.517482757999971, -24.96027374199997 ], [ -55.511604309999939, -24.974370954999983 ], [ -55.512199402999954, -25.002159118999884 ], [ -55.501171110999906, -25.02042961099994 ], [ -55.492038725999976, -25.025697707999882 ], [ -55.460956573999852, -25.025981902999945 ], [ -55.45340347299998, -25.028717040999936 ], [ -55.438838957999906, -25.05691528299991 ], [ -55.422729492999906, -25.062377928999979 ], [ -55.417186735999962, -25.0685310369999 ], [ -55.414710997999919, -25.100576400999955 ], [ -55.409709929999849, -25.087957381999843 ], [ -55.402748106999979, -25.087522506999903 ], [ -55.393562315999986, -25.117504119999921 ], [ -55.388179778999927, -25.118240356999934 ], [ -55.368995666999979, -25.11143875099998 ], [ -55.364635467999904, -25.115959166999971 ], [ -55.359931944999971, -25.129865645999871 ], [ -55.35338592599993, -25.136560439999869 ], [ -55.349773406999986, -25.132600783999976 ], [ -55.348083494999969, -25.115463256999817 ], [ -55.342884063999918, -25.113130569999896 ], [ -55.34050369299996, -25.114940641999908 ], [ -55.342617033999943, -25.136226653999984 ], [ -55.336704253999983, -25.148874281999895 ], [ -55.318767546999879, -25.151803969999889 ], [ -55.293701171999942, -25.163768767999898 ], [ -55.285511017999966, -25.161981581999839 ], [ -55.272666930999947, -25.146493910999936 ], [ -55.271282195999959, -25.14830016999997 ], [ -55.276157379999916, -25.165971755999919 ], [ -55.252326965999941, -25.187673567999923 ], [ -55.248931883999944, -25.187322615999847 ], [ -55.243900297999858, -25.178125380999916 ], [ -55.234504699999945, -25.173452376999933 ], [ -55.229476929999976, -25.165159224999968 ], [ -55.225086211999951, -25.164623259999928 ], [ -55.226306915999885, -25.169313429999931 ], [ -55.239929199999892, -25.181924820999882 ], [ -55.241573333999952, -25.192020415999878 ], [ -55.231052398999964, -25.203048705999947 ], [ -55.2210655209999, -25.201442717999839 ], [ -55.223514557999977, -25.212806700999977 ], [ -55.220939636999958, -25.217140197999868 ], [ -55.217147826999962, -25.218408584999906 ], [ -55.205566406999935, -25.215360639999972 ], [ -55.207382201999906, -25.221130370999958 ], [ -55.215972899999883, -25.222742080999922 ], [ -55.218021392999958, -25.23356437599989 ], [ -55.21547698899991, -25.246019363999949 ], [ -55.206474303999926, -25.260248183999977 ], [ -55.21756744399994, -25.26285171499984 ], [ -55.222606657999961, -25.261657714999899 ], [ -55.230033873999957, -25.255559920999929 ], [ -55.233745574999944, -25.247600555999952 ], [ -55.264778136999951, -25.246274948999883 ], [ -55.27962875299994, -25.248926162999965 ], [ -55.306949614999951, -25.271339415999932 ] ] ] ] } },
{ "type": "Feature", "properties": { "fid": 42, "GID_2": "PRY.6.14_1", "GID_0": "PRY", "COUNTRY": "Paraguay", "GID_1": "PRY.6_1", "NAME_1": "Caaguazú", "NL_NAME_1": "NA", "NAME_2": "Repatriación", "VARNAME_2": "NA", "NL_NAME_2": "NA", "TYPE_2": "Distrito", "ENGTYPE_2": "District", "CC_2": "NA", "HASC_2": "PY.CG.RE" }, "geometry": { "type": "MultiPolygon", "coordinates": [ [ [ [ -56.140220641999974, -25.589229583999952 ], [ -56.12195205799992, -25.574798582999961 ], [ -56.076435089999904, -25.551317214999983 ], [ -56.041927337999937, -25.526294707999966 ], [ -56.012432098999966, -25.519281386999921 ], [ -55.991069792999895, -25.505350113999953 ], [ -55.974723815999937, -25.511236189999977 ], [ -55.931964874999949, -25.498159408999982 ], [ -55.907196044999921, -25.501924513999938 ], [ -55.871772764999889, -25.500877378999974 ], [ -55.850925445999906, -25.496847152999919 ], [ -55.841339110999968, -25.49834823599997 ], [ -55.832298277999939, -25.494430541999975 ], [ -55.832740782999963, -25.486764907999884 ], [ -55.825416564999955, -25.485986708999974 ], [ -55.81242370599989, -25.487321853999958 ], [ -55.796470640999928, -25.492645262999872 ], [ -55.785007476999965, -25.486028670999929 ], [ -55.774108885999965, -25.475439071999972 ], [ -55.766281128999879, -25.472412109999937 ], [ -55.738510132999977, -25.476343154999938 ], [ -55.725589751999962, -25.485612868999965 ], [ -55.710315703999981, -25.501028060999886 ], [ -55.700359344999981, -25.506666182999936 ], [ -55.682567595999956, -25.508018493999941 ], [ -55.67066574099988, -25.496162413999912 ], [ -55.651500702999954, -25.501121520999902 ], [ -55.640487671999892, -25.499729155999887 ], [ -55.620170592999898, -25.511362075999898 ], [ -55.612834930999952, -25.519874571999878 ], [ -55.607917785999973, -25.531087874999969 ], [ -55.60373687699996, -25.534172056999921 ], [ -55.586898802999883, -25.530267715999969 ], [ -55.566703796999946, -25.531793592999918 ], [ -55.548542022999982, -25.538539886999899 ], [ -55.53541183599998, -25.549594878999983 ], [ -55.521606445999907, -25.550729750999892 ], [ -55.51733398399989, -25.556491852999955 ], [ -55.54027175899995, -25.578613281999935 ], [ -55.5423431399999, -25.588891982999883 ], [ -55.537418364999894, -25.602079390999961 ], [ -55.538658142999907, -25.608026504999884 ], [ -55.549503325999922, -25.612325668999972 ], [ -55.560619353999982, -25.627983092999898 ], [ -55.578044890999877, -25.627023697999846 ], [ -55.595218657999965, -25.648616789999892 ], [ -55.6082458489999, -25.649286270999937 ], [ -55.622817993999945, -25.642017364999901 ], [ -55.630645750999918, -25.643611907999855 ], [ -55.639629363999916, -25.636333463999904 ], [ -55.657100677999892, -25.639923094999972 ], [ -55.668159483999943, -25.637594222999951 ], [ -55.67214965799991, -25.642261504999965 ], [ -55.680255889999955, -25.643482208999956 ], [ -55.681396483999947, -25.651702881999881 ], [ -55.695686340999941, -25.667333601999815 ], [ -55.716121673999965, -25.665573118999873 ], [ -55.74474334699994, -25.680030821999935 ], [ -55.76771926899994, -25.672531127999889 ], [ -55.790981291999969, -25.683813093999959 ], [ -55.799415588999977, -25.680780409999954 ], [ -55.806999206999933, -25.682271956999898 ], [ -55.818481444999918, -25.678518295999936 ], [ -55.84460830699993, -25.677362441999946 ], [ -55.861675261999949, -25.669605255999898 ], [ -55.871894835999967, -25.66347694399991 ], [ -55.877269744999978, -25.653337477999969 ], [ -55.88471603399995, -25.646764754999936 ], [ -55.931720733999896, -25.616199492999954 ], [ -56.059959410999966, -25.617795942999976 ], [ -56.140220641999974, -25.589229583999952 ] ] ] ] } },
{ "type": "Feature", "properties": { "fid": 43, "GID_2": "PRY.6.15_1", "GID_0": "PRY", "COUNTRY": "Paraguay", "GID_1": "PRY.6_1", "NAME_1": "Caaguazú", "NL_NAME_1": "NA", "NAME_2": "San Joaquín", "VARNAME_2": "NA", "NL_NAME_2": "NA", "TYPE_2": "Distrito", "ENGTYPE_2": "District", "CC_2": "NA", "HASC_2": "PY.CG.SJ" }, "geometry": { "type": "MultiPolygon", "coordinates": [ [ [ [ -55.97004699699994, -25.201541899999938 ], [ -55.994857787999877, -25.184991836999927 ], [ -56.014415740999937, -25.19100761399983 ], [ -56.054931639999893, -25.190191267999978 ], [ -56.061424254999906, -25.181484222999927 ], [ -56.063247679999904, -25.165412901999957 ], [ -56.060943603999931, -25.155139922999979 ], [ -56.063289641999972, -25.15079307499991 ], [ -56.068096161999961, -25.152204512999901 ], [ -56.077377318999879, -25.161342620999903 ], [ -56.087184905999948, -25.163982389999831 ], [ -56.096683501999962, -25.174741743999846 ], [ -56.099887846999877, -25.175622939999926 ], [ -56.125682830999892, -25.127246855999942 ], [ -56.111099241999909, -25.12554931699998 ], [ -56.10304260199996, -25.118749617999924 ], [ -56.1214332589999, -25.104177474999858 ], [ -56.118923185999961, -25.076221464999946 ], [ -56.103313446999834, -25.071464536999883 ], [ -56.099285125999927, -25.068061827999827 ], [ -56.10277175899995, -25.058834074999879 ], [ -56.108139037999933, -25.057348250999951 ], [ -56.117809295999905, -25.059150694999971 ], [ -56.12230300899995, -25.050600051999936 ], [ -56.091377257999966, -24.948648451999873 ], [ -56.099086761999956, -24.943176267999888 ], [ -56.103775023999901, -24.934843062999903 ], [ -56.10763931199989, -24.915138243999934 ], [ -56.085155485999962, -24.90067481899996 ], [ -56.04896545299988, -24.872320174999913 ], [ -56.03953170799997, -24.888729094999917 ], [ -56.035579680999945, -24.891464232999851 ], [ -56.030796050999982, -24.890951155999858 ], [ -56.027454374999877, -24.895313262999821 ], [ -56.004722594999976, -24.89221572799994 ], [ -55.996616362999987, -24.89786147999996 ], [ -55.966655730999946, -24.909242629999937 ], [ -55.950141906999932, -24.910789489999843 ], [ -55.947582244999978, -24.93390846199992 ], [ -55.955772400999876, -24.955873487999952 ], [ -55.982532499999877, -24.962020873999904 ], [ -55.984397887999933, -24.969221113999879 ], [ -55.983600616999979, -24.988361357999906 ], [ -55.973754883999959, -25.00015068099998 ], [ -55.979400635999923, -25.006435394999926 ], [ -55.968753813999967, -25.017869948999873 ], [ -55.978729248999969, -25.018890380999949 ], [ -55.984367370999905, -25.024448393999876 ], [ -55.984493254999961, -25.036903379999956 ], [ -55.991924284999982, -25.04208755499991 ], [ -56.00035858099983, -25.067117690999964 ], [ -56.006206511999892, -25.07321739199989 ], [ -55.996582030999889, -25.087711333999891 ], [ -56.002220154999918, -25.11186027499997 ], [ -55.982479094999974, -25.112712859999874 ], [ -55.974147796999887, -25.117454529999975 ], [ -55.966663360999974, -25.126888273999839 ], [ -55.972286224999948, -25.150491714999873 ], [ -55.970191955999951, -25.180099487999939 ], [ -55.971981047999918, -25.199039457999959 ], [ -55.97004699699994, -25.201541899999938 ] ] ] ] } },
{ "type": "Feature", "properties": { "fid": 44, "GID_2": "PRY.6.16_1", "GID_0": "PRY", "COUNTRY": "Paraguay", "GID_1": "PRY.6_1", "NAME_1": "Caaguazú", "NL_NAME_1": "NA", "NAME_2": "San José de los Arroyos", "VARNAME_2": "NA", "NL_NAME_2": "NA", "TYPE_2": "Distrito", "ENGTYPE_2": "District", "CC_2": "NA", "HASC_2": "PY.CG.SA" }, "geometry": { "type": "MultiPolygon", "coordinates": [ [ [ [ -56.585372923999898, -25.529836653999951 ], [ -56.598697662999939, -25.541755676999969 ], [ -56.601383208999891, -25.547138213999915 ], [ -56.602256774999944, -25.551824568999962 ], [ -56.590381622999985, -25.574327468999968 ], [ -56.601989746999891, -25.600015639999924 ], [ -56.60729217599993, -25.606092451999928 ], [ -56.627468108999892, -25.615085600999976 ], [ -56.637474059999931, -25.627433776999908 ], [ -56.650455475999934, -25.637399673999937 ], [ -56.657638549999888, -25.660964965999824 ], [ -56.668334960999914, -25.678356170999905 ], [ -56.669433592999894, -25.684480667999878 ], [ -56.661434172999975, -25.694206237999879 ], [ -56.684219359999986, -25.693885802999944 ], [ -56.68940353399995, -25.692203521999829 ], [ -56.693729400999985, -25.686916351999969 ], [ -56.69564437799994, -25.681125640999937 ], [ -56.69427108699989, -25.670488356999954 ], [ -56.697010039999952, -25.666309355999886 ], [ -56.707366942999954, -25.662221906999889 ], [ -56.711257934999935, -25.654041288999906 ], [ -56.845184325999981, -25.529945373999965 ], [ -56.84595870999982, -25.516756057999885 ], [ -56.842990874999941, -25.507230758999924 ], [ -56.836265562999984, -25.500270842999953 ], [ -56.81990432799995, -25.491621017999876 ], [ -56.797378539999897, -25.485031126999957 ], [ -56.791412353999931, -25.475353240999823 ], [ -56.778476714999954, -25.46810722399988 ], [ -56.744834900999876, -25.44215011499989 ], [ -56.713150023999901, -25.425180434999959 ], [ -56.68758392299992, -25.415176390999875 ], [ -56.64598846399997, -25.394447326999909 ], [ -56.635448454999903, -25.406719206999924 ], [ -56.628070831999935, -25.421236036999971 ], [ -56.61834716899989, -25.426214217999927 ], [ -56.616786955999942, -25.441753385999846 ], [ -56.614437102999943, -25.445028304999937 ], [ -56.593326568999942, -25.451385497999922 ], [ -56.592124939999906, -25.464574812999899 ], [ -56.60164642399991, -25.472236631999976 ], [ -56.60148620599989, -25.474943160999885 ], [ -56.586322784999879, -25.477991103999955 ], [ -56.564281462999986, -25.489585874999875 ], [ -56.5626716619999, -25.502416610999944 ], [ -56.564990995999892, -25.510334014999842 ], [ -56.581184386999837, -25.522262573999967 ], [ -56.585372923999898, -25.529836653999951 ] ] ] ] } },
{ "type": "Feature", "properties": { "fid": 45, "GID_2": "PRY.6.17_1", "GID_0": "PRY", "COUNTRY": "Paraguay", "GID_1": "PRY.6_1", "NAME_1": "Caaguazú", "NL_NAME_1": "NA", "NAME_2": "Santa Rosa del Mbutuy", "VARNAME_2": "Juan Ramón Chaves", "NL_NAME_2": "NA", "TYPE_2": "Distrito", "ENGTYPE_2": "District", "CC_2": "NA", "HASC_2": "PY.CG.SM" }, "geometry": { "type": "MultiPolygon", "coordinates": [ [ [ [ -56.10763931199989, -24.915138243999934 ], [ -56.103775023999901, -24.934843062999903 ], [ -56.099086761999956, -24.943176267999888 ], [ -56.091377257999966, -24.948648451999873 ], [ -56.093036650999977, -24.954410551999956 ], [ -56.094249724999941, -24.951112747999957 ], [ -56.102886199999944, -24.957550048999906 ], [ -56.11166000299994, -24.957845687999964 ], [ -56.118278502999942, -24.961587905999977 ], [ -56.1282806399999, -24.982629774999964 ], [ -56.141639709999879, -24.983249663999914 ], [ -56.158248900999979, -24.988901137999903 ], [ -56.188678741999922, -24.983612060999974 ], [ -56.199787139999955, -24.995981214999972 ], [ -56.20398712199983, -24.997209547999887 ], [ -56.210533141999917, -24.994449615999883 ], [ -56.236816405999889, -25.008138656999904 ], [ -56.250225066999917, -25.012359619999927 ], [ -56.263473509999983, -25.003946303999953 ], [ -56.275817870999958, -25.002761839999948 ], [ -56.280330656999979, -24.996948242999963 ], [ -56.291328429999908, -24.999742508999873 ], [ -56.294849394999972, -24.994478224999966 ], [ -56.296134947999974, -24.985803602999965 ], [ -56.299098968999886, -24.983795165999936 ], [ -56.325782776999972, -24.982120512999927 ], [ -56.345027923999908, -24.990613935999875 ], [ -56.357265471999938, -24.981477737999967 ], [ -56.389129637999986, -24.979566573999932 ], [ -56.395355224999946, -24.968503951999935 ], [ -56.413398742999959, -24.961839674999908 ], [ -56.415004729999964, -24.948106764999977 ], [ -56.420627593999882, -24.934629439999981 ], [ -56.411640167999906, -24.932590484999935 ], [ -56.393344879999972, -24.903890609999962 ], [ -56.380252836999944, -24.891864775999863 ], [ -56.372631071999933, -24.892938613999888 ], [ -56.341571806999923, -24.907413481999924 ], [ -56.304298399999936, -24.914754866999942 ], [ -56.292903900999875, -24.926801680999972 ], [ -56.273002623999901, -24.928129195999929 ], [ -56.261219023999956, -24.914939879999963 ], [ -56.243679046999887, -24.913854598999876 ], [ -56.287857054999904, -24.771438597999975 ], [ -56.280204773999969, -24.751232146999882 ], [ -56.269409179999968, -24.743131636999976 ], [ -56.26254653899997, -24.750949857999899 ], [ -56.247550963999913, -24.761180877999891 ], [ -56.222839355999952, -24.79043960599995 ], [ -56.221263884999985, -24.80796050999993 ], [ -56.214748381999982, -24.828765868999938 ], [ -56.204135893999876, -24.840042112999981 ], [ -56.196941374999938, -24.854534148999846 ], [ -56.185947418999888, -24.867618559999926 ], [ -56.16301727299998, -24.916524886999923 ], [ -56.154331207999974, -24.923086166999951 ], [ -56.138832091999916, -24.926633834999961 ], [ -56.121051787999875, -24.922250747999954 ], [ -56.10763931199989, -24.915138243999934 ] ] ] ] } },
{ "type": "Feature", "properties": { "fid": 46, "GID_2": "PRY.6.18_1", "GID_0": "PRY", "COUNTRY": "Paraguay", "GID_1": "PRY.6_1", "NAME_1": "Caaguazú", "NL_NAME_1": "NA", "NAME_2": "Simón Bolívar", "VARNAME_2": "NA", "NL_NAME_2": "NA", "TYPE_2": "Distrito", "ENGTYPE_2": "District", "CC_2": "NA", "HASC_2": "PY.CG.SB" }, "geometry": { "type": "MultiPolygon", "coordinates": [ [ [ [ -56.345294951999961, -25.122396468999966 ], [ -56.355308532999913, -25.109500884999875 ], [ -56.366439819999982, -25.106332778999843 ], [ -56.382827757999962, -25.093551634999983 ], [ -56.405097960999967, -25.08829689099997 ], [ -56.420410155999832, -25.070463179999933 ], [ -56.441547393999883, -25.056009292999931 ], [ -56.453502653999919, -25.05517387399982 ], [ -56.491012571999931, -25.028457641999978 ], [ -56.511436461999892, -25.020671844999981 ], [ -56.516651152999884, -25.022403715999928 ], [ -56.518669127999942, -25.01222419599992 ], [ -56.526603699999953, -24.999763487999928 ], [ -56.521953581999924, -24.988048552999885 ], [ -56.497886656999924, -24.980491636999886 ], [ -56.48879623299996, -24.97436523499988 ], [ -56.445850372999871, -24.93146324199995 ], [ -56.433498381999982, -24.928653717999907 ], [ -56.426887511999951, -24.930068968999933 ], [ -56.418014525999922, -24.937726974999975 ], [ -56.413398742999959, -24.961839674999908 ], [ -56.395355224999946, -24.968503951999935 ], [ -56.389129637999986, -24.979566573999932 ], [ -56.357265471999938, -24.981477737999967 ], [ -56.345027923999908, -24.990613935999875 ], [ -56.325782776999972, -24.982120512999927 ], [ -56.299098968999886, -24.983795165999936 ], [ -56.296134947999974, -24.985803602999965 ], [ -56.294849394999972, -24.994478224999966 ], [ -56.291328429999908, -24.999742508999873 ], [ -56.280330656999979, -24.996948242999963 ], [ -56.275817870999958, -25.002761839999948 ], [ -56.263473509999983, -25.003946303999953 ], [ -56.250225066999917, -25.012359619999927 ], [ -56.236816405999889, -25.008138656999904 ], [ -56.210533141999917, -24.994449615999883 ], [ -56.20398712199983, -24.997209547999887 ], [ -56.199787139999955, -24.995981214999972 ], [ -56.188678741999922, -24.983612060999974 ], [ -56.158248900999979, -24.988901137999903 ], [ -56.141639709999879, -24.983249663999914 ], [ -56.1282806399999, -24.982629774999964 ], [ -56.118278502999942, -24.961587905999977 ], [ -56.11166000299994, -24.957845687999964 ], [ -56.102886199999944, -24.957550048999906 ], [ -56.094249724999941, -24.951112747999957 ], [ -56.093036650999977, -24.954410551999956 ], [ -56.12230300899995, -25.050600051999936 ], [ -56.14433669999994, -25.048961639999959 ], [ -56.157844542999896, -25.061859129999959 ], [ -56.181419371999937, -25.065647124999941 ], [ -56.211364745999902, -25.051513671999942 ], [ -56.227474212999937, -25.048315047999949 ], [ -56.241550444999916, -25.041343687999984 ], [ -56.25101470899989, -25.032787321999933 ], [ -56.264904021999882, -25.027437208999913 ], [ -56.268318176999912, -25.029216764999887 ], [ -56.267868042999964, -25.041128157999935 ], [ -56.273429870999905, -25.055158615999972 ], [ -56.277191161999895, -25.052963257999977 ], [ -56.295551299999886, -25.054252622999968 ], [ -56.302501678999874, -25.051849364999896 ], [ -56.309963225999979, -25.058462142999929 ], [ -56.311145782999915, -25.072889326999928 ], [ -56.320640563999916, -25.097534178999979 ], [ -56.327106475999983, -25.10397529599993 ], [ -56.335517882999966, -25.106246946999931 ], [ -56.345294951999961, -25.122396468999966 ] ] ] ] } },
{ "type": "Feature", "properties": { "fid": 47, "GID_2": "PRY.6.19_1", "GID_0": "PRY", "COUNTRY": "Paraguay", "GID_1": "PRY.6_1", "NAME_1": "Caaguazú", "NL_NAME_1": "NA", "NAME_2": "Yhú", "VARNAME_2": "NA", "NL_NAME_2": "NA", "TYPE_2": "Distrito", "ENGTYPE_2": "District", "CC_2": "NA", "HASC_2": "PY.CG.YH" }, "geometry": { "type": "MultiPolygon", "coordinates": [ [ [ [ -55.139839171999881, -24.493152617999954 ], [ -55.145690918999833, -24.505680084999881 ], [ -55.160881042999961, -24.513706205999881 ], [ -55.157718657999965, -24.521579741999972 ], [ -55.160659789999954, -24.525365829999885 ], [ -55.185340881999821, -24.515352247999942 ], [ -55.200801848999902, -24.512580870999955 ], [ -55.223094940999943, -24.513082503999897 ], [ -55.23390960699993, -24.517526624999903 ], [ -55.246547699999951, -24.513380050999899 ], [ -55.255382538999982, -24.519306182999969 ], [ -55.268596647999971, -24.521827696999878 ], [ -55.273239135999972, -24.526666640999963 ], [ -55.288639068999885, -24.555843352999887 ], [ -55.29831314099988, -24.560735701999931 ], [ -55.306846617999952, -24.582122801999901 ], [ -55.304210661999889, -24.587383270999965 ], [ -55.294628142999898, -24.595102309999959 ], [ -55.28937149099994, -24.60731506299993 ], [ -55.289218901999902, -24.612297057999967 ], [ -55.294879911999942, -24.617231369999843 ], [ -55.295463561999952, -24.628170012999931 ], [ -55.287624359999938, -24.640207290999911 ], [ -55.29877853499994, -24.650131225999871 ], [ -55.303337097999986, -24.663284301999965 ], [ -55.310432433999893, -24.673671721999938 ], [ -55.312015532999965, -24.68808555499993 ], [ -55.299037933999898, -24.70082664399996 ], [ -55.297935484999925, -24.707189559999904 ], [ -55.301918028999921, -24.722894668999857 ], [ -55.317005156999983, -24.741891860999942 ], [ -55.318775176999964, -24.749820707999902 ], [ -55.317726134999987, -24.763671873999954 ], [ -55.324855803999924, -24.776851653999927 ], [ -55.33161544799998, -24.806306838999888 ], [ -55.330551147999984, -24.820951460999936 ], [ -55.342735289999951, -24.838230132999968 ], [ -55.339565275999917, -24.843744278999964 ], [ -55.362911224999891, -24.833206176999965 ], [ -55.371463775999928, -24.833002090999969 ], [ -55.38176727299998, -24.859315870999978 ], [ -55.400177000999975, -24.875684737999961 ], [ -55.405364989999953, -24.878196715999877 ], [ -55.424064635999969, -24.876874923999935 ], [ -55.436450957999966, -24.884052275999977 ], [ -55.446407317999956, -24.88456153899989 ], [ -55.473350524999944, -24.895296096999914 ], [ -55.477909088999979, -24.892755507999937 ], [ -55.48390197699996, -24.866567610999937 ], [ -55.489433288999976, -24.860956192999879 ], [ -55.498088836999955, -24.874635695999928 ], [ -55.502559660999964, -24.888158797999893 ], [ -55.506343840999875, -24.88868331999987 ], [ -55.530059814999902, -24.864772796999944 ], [ -55.547561644999917, -24.863077162999957 ], [ -55.556167602999949, -24.842649459999961 ], [ -55.567630767999901, -24.832496641999967 ], [ -55.590915678999977, -24.83293914799998 ], [ -55.610126494999918, -24.821664808999913 ], [ -55.624305725999932, -24.828643798999963 ], [ -55.627998351999906, -24.842342375999976 ], [ -55.636577605999946, -24.84518814099988 ], [ -55.637802123999904, -24.848974226999871 ], [ -55.640312193999932, -24.864482878999922 ], [ -55.638027191999981, -24.87712669299998 ], [ -55.61236953699995, -24.904491424999833 ], [ -55.593013762999931, -24.93301772999996 ], [ -55.628078460999973, -24.94212913399997 ], [ -55.649085997999975, -24.954484937999894 ], [ -55.662029265999934, -24.954246521999949 ], [ -55.666057586999898, -24.959281920999956 ], [ -55.680240631999936, -24.964265823999938 ], [ -55.694324492999954, -24.957878111999889 ], [ -55.693897246999882, -24.954452513999968 ], [ -55.696887969999977, -24.954616546999944 ], [ -55.716739654999913, -24.970218657999965 ], [ -55.717723845999899, -24.99169158899997 ], [ -55.705226897999921, -24.997890471999938 ], [ -55.702484129999903, -25.003320693999967 ], [ -55.718139647999919, -25.016412734999903 ], [ -55.723834991999979, -25.029920577999974 ], [ -55.736709595999969, -25.043390273999876 ], [ -55.742412567999963, -25.056898116999946 ], [ -55.722229004999974, -25.073968886999978 ], [ -55.721450805999893, -25.076501845999871 ], [ -55.726470945999949, -25.08062362599992 ], [ -55.72235107299997, -25.08822250299994 ], [ -55.708286285999918, -25.098766326999964 ], [ -55.7093467709999, -25.106157302999975 ], [ -55.725296020999906, -25.128456114999892 ], [ -55.726856231999932, -25.147216796999885 ], [ -55.720413206999922, -25.163677215999883 ], [ -55.723072051999907, -25.170877455999857 ], [ -55.73327255199996, -25.174074172999951 ], [ -55.741645811999888, -25.172952652999982 ], [ -55.764934540999946, -25.166870117999906 ], [ -55.787368774999948, -25.154838561999895 ], [ -55.79553222699991, -25.153167723999957 ], [ -55.80339431799996, -25.161968230999889 ], [ -55.811801909999986, -25.164808273999938 ], [ -55.823474883999893, -25.175390241999935 ], [ -55.827266693999945, -25.175550459999954 ], [ -55.840480803999924, -25.159589766999829 ], [ -55.873882293999941, -25.147298812999907 ], [ -55.882743835999918, -25.13605499199997 ], [ -55.886920929999974, -25.134765625999933 ], [ -55.939922332999913, -25.210439681999958 ], [ -55.97004699699994, -25.201541899999938 ], [ -55.971981047999918, -25.199039457999959 ], [ -55.970191955999951, -25.180099487999939 ], [ -55.972286224999948, -25.150491714999873 ], [ -55.966663360999974, -25.126888273999839 ], [ -55.974147796999887, -25.117454529999975 ], [ -55.982479094999974, -25.112712859999874 ], [ -56.002220154999918, -25.11186027499997 ], [ -55.996582030999889, -25.087711333999891 ], [ -56.006206511999892, -25.07321739199989 ], [ -56.00035858099983, -25.067117690999964 ], [ -55.991924284999982, -25.04208755499991 ], [ -55.984493254999961, -25.036903379999956 ], [ -55.984367370999905, -25.024448393999876 ], [ -55.978729248999969, -25.018890380999949 ], [ -55.968753813999967, -25.017869948999873 ], [ -55.979400635999923, -25.006435394999926 ], [ -55.973754883999959, -25.00015068099998 ], [ -55.983600616999979, -24.988361357999906 ], [ -55.984397887999933, -24.969221113999879 ], [ -55.982532499999877, -24.962020873999904 ], [ -55.955772400999876, -24.955873487999952 ], [ -55.947582244999978, -24.93390846199992 ], [ -55.950141906999932, -24.910789489999843 ], [ -55.966655730999946, -24.909242629999937 ], [ -55.996616362999987, -24.89786147999996 ], [ -56.004722594999976, -24.89221572799994 ], [ -56.027454374999877, -24.895313262999821 ], [ -56.030796050999982, -24.890951155999858 ], [ -56.035579680999945, -24.891464232999851 ], [ -56.03953170799997, -24.888729094999917 ], [ -56.04896545299988, -24.872320174999913 ], [ -55.960742950999929, -24.823604582999906 ], [ -55.871845245999964, -24.789489745999958 ], [ -55.81425857499994, -24.78060722299989 ], [ -55.764717100999974, -24.776704787999961 ], [ -55.758193969999979, -24.778816223999968 ], [ -55.743957519999981, -24.771604537999906 ], [ -55.725639341999965, -24.779069900999957 ], [ -55.709697722999977, -24.777280806999897 ], [ -55.709426879999967, -24.765020369999945 ], [ -55.711662291999914, -24.759431837999955 ], [ -55.732345580999947, -24.74143409699991 ], [ -55.732490539999844, -24.737611770999933 ], [ -55.723781584999927, -24.720165252999948 ], [ -55.709320067999954, -24.704988478999951 ], [ -55.707851410999979, -24.69592285199991 ], [ -55.699890135999965, -24.684200287999886 ], [ -55.698429106999868, -24.67625045799997 ], [ -55.694557190999944, -24.673254012999962 ], [ -55.680065153999919, -24.675909041999887 ], [ -55.672695158999943, -24.672462462999931 ], [ -55.662479399999881, -24.662342070999898 ], [ -55.663639068999885, -24.654054641999892 ], [ -55.661338806999936, -24.649930953999956 ], [ -55.631729125999982, -24.641071318999877 ], [ -55.61251449599996, -24.64311790499994 ], [ -55.602512359999821, -24.637931823999907 ], [ -55.60073852499994, -24.634279250999953 ], [ -55.60522079499998, -24.625015258999952 ], [ -55.603797912999937, -24.621679305999976 ], [ -55.592578886999945, -24.616664885999967 ], [ -55.594596861999833, -24.60486602799989 ], [ -55.591598510999972, -24.601224899999977 ], [ -55.572704315999943, -24.598009108999918 ], [ -55.549861907999912, -24.551504134999959 ], [ -55.549991606999981, -24.517747877999909 ], [ -55.547351837999884, -24.514898299999857 ], [ -55.538776397999925, -24.511610030999918 ], [ -55.511882782999976, -24.511943815999928 ], [ -55.491909026999963, -24.52974891599996 ], [ -55.489959715999987, -24.554279326999961 ], [ -55.485309600999983, -24.565614700999959 ], [ -55.481472015999884, -24.566274641999939 ], [ -55.468772887999876, -24.5454921729999 ], [ -55.458259582999972, -24.539985656999932 ], [ -55.452678680999895, -24.541133880999894 ], [ -55.440841673999955, -24.549482344999888 ], [ -55.434562682999967, -24.549999236999952 ], [ -55.419334410999909, -24.544355391999886 ], [ -55.401451110999972, -24.532833099999891 ], [ -55.398498534999931, -24.535398482999881 ], [ -55.397838591999914, -24.542724608999947 ], [ -55.393661498999904, -24.545614241999942 ], [ -55.380874633999895, -24.53867721599994 ], [ -55.372676849999948, -24.540634154999907 ], [ -55.368118285999969, -24.537630081999964 ], [ -55.3466720589999, -24.509248731999946 ], [ -55.341888426999958, -24.494623183999977 ], [ -55.332977294999921, -24.493717193999942 ], [ -55.326396941999917, -24.504894255999886 ], [ -55.311580656999979, -24.51022529599993 ], [ -55.306507109999927, -24.508344649999913 ], [ -55.299800872999981, -24.49277305499993 ], [ -55.293315886999949, -24.487234115999911 ], [ -55.289302825999926, -24.486772536999922 ], [ -55.286876678999931, -24.49092483599992 ], [ -55.286571502999891, -24.501752852999971 ], [ -55.282032012999878, -24.500978469999893 ], [ -55.262565612999936, -24.480850218999933 ], [ -55.256584167999961, -24.470212935999882 ], [ -55.25151824999989, -24.468805311999859 ], [ -55.235832214999959, -24.475246428999981 ], [ -55.196170806999987, -24.464599609999937 ], [ -55.171375274999889, -24.46327018799991 ], [ -55.154140471999938, -24.475280760999965 ], [ -55.147357941999985, -24.483264921999876 ], [ -55.14703369199998, -24.491230009999981 ], [ -55.139839171999881, -24.493152617999954 ] ] ] ] } },
{ "type": "Feature", "properties": { "fid": 48, "GID_2": "PRY.7.1_1", "GID_0": "PRY", "COUNTRY": "Paraguay", "GID_1": "PRY.7_1", "NAME_1": "Caazapá", "NL_NAME_1": "NA", "NAME_2": "Abaí", "VARNAME_2": "NA", "NL_NAME_2": "NA", "TYPE_2": "Distrito", "ENGTYPE_2": "District", "CC_2": "NA", "HASC_2": "PY.CZ.AB" }, "geometry": { "type": "MultiPolygon", "coordinates": [ [ [ [ -55.43089675799996, -25.539453506999905 ], [ -55.417785643999935, -25.559761045999835 ], [ -55.410709381999936, -25.586973190999913 ], [ -55.399749755999949, -25.600139617999957 ], [ -55.398826597999971, -25.612314223999931 ], [ -55.41687011599987, -25.633436202999974 ], [ -55.427883146999932, -25.65575408899997 ], [ -55.43599700999988, -25.656358717999979 ], [ -55.444972992999965, -25.652126311999837 ], [ -55.451583862999883, -25.653293608999945 ], [ -55.460838318999947, -25.671165465999934 ], [ -55.47224044799998, -25.675228118999939 ], [ -55.474224090999883, -25.677963256999931 ], [ -55.473342894999917, -25.686115263999966 ], [ -55.465526580999949, -25.705823897999949 ], [ -55.46707916299988, -25.711637497999845 ], [ -55.475177765999945, -25.726556776999871 ], [ -55.484363555999948, -25.755983352999976 ], [ -55.512123106999979, -25.780454634999955 ], [ -55.519622802999947, -25.800083159999815 ], [ -55.523742675999927, -25.840896606999877 ], [ -55.511528013999964, -25.857496259999948 ], [ -55.511291502999825, -25.861846923999963 ], [ -55.512474060999978, -25.865295409999817 ], [ -55.522293090999881, -25.873516082999913 ], [ -55.52200698799993, -25.884395597999912 ], [ -55.517127990999938, -25.890165328999899 ], [ -55.516082762999929, -25.89595985499983 ], [ -55.522560118999934, -25.920112608999943 ], [ -55.521484374999943, -25.929534910999962 ], [ -55.534358978999933, -25.963693618999912 ], [ -55.553562163999914, -25.989007949999916 ], [ -55.545925140999884, -25.991693495999982 ], [ -55.550960541999984, -25.994674682999914 ], [ -55.55763626199996, -26.004108427999938 ], [ -55.572170257999915, -26.014213560999906 ], [ -55.583946227999945, -26.013221739999949 ], [ -55.59300613399995, -26.017257690999884 ], [ -55.608951568999942, -26.03866958499998 ], [ -55.608295440999939, -26.049604414999919 ], [ -55.605182647999982, -26.056570052999916 ], [ -55.590930939999907, -26.064777372999913 ], [ -55.580154419999985, -26.074859617999948 ], [ -55.575992584999881, -26.093622206999839 ], [ -55.58915710399998, -26.099048613999912 ], [ -55.608963011999947, -26.12139511099997 ], [ -55.618885039999952, -26.127521515999888 ], [ -55.626094817999956, -26.14355659499995 ], [ -55.64915084799992, -26.159448623999936 ], [ -55.667129515999875, -26.158309935999966 ], [ -55.67279052799995, -26.164159774999916 ], [ -55.689487457999974, -26.165056228999845 ], [ -55.707679747999919, -26.172464369999943 ], [ -55.709976195999957, -26.173831938999967 ], [ -55.710033415999874, -26.183559416999913 ], [ -55.713584899999944, -26.192174910999938 ], [ -55.717472076999968, -26.198730467999951 ], [ -55.721977232999961, -26.199993133999953 ], [ -55.734622955999953, -26.189474105999921 ], [ -55.738895415999878, -26.179824828999926 ], [ -55.747524261999956, -26.169374464999976 ], [ -55.750545501999966, -26.160587309999983 ], [ -55.763774871999885, -26.146686553999871 ], [ -55.768810272999986, -26.135286331999964 ], [ -55.78842925999993, -26.134494779999898 ], [ -55.804107666999982, -26.137773513999946 ], [ -55.80980300899995, -26.131662367999922 ], [ -55.810501098999964, -26.122722625999927 ], [ -55.828918456999986, -26.105718611999976 ], [ -55.842147826999906, -26.102134703999923 ], [ -55.876659393999944, -26.106866835999938 ], [ -55.888126373999967, -26.106384277999894 ], [ -55.889221191999923, -26.113561628999946 ], [ -55.901382446999946, -26.117330550999952 ], [ -55.959178924999947, -26.086015700999837 ], [ -55.982322692999958, -26.076332091999916 ], [ -55.986942291999981, -26.075815199999965 ], [ -56.000324248999902, -26.083105086999979 ], [ -56.010452270999906, -26.082092284999931 ], [ -56.01353454499997, -26.077863693999973 ], [ -55.999736785999971, -26.063493727999912 ], [ -55.998592376999966, -26.054927825999869 ], [ -56.008193969999923, -26.035188673999983 ], [ -56.012302397999974, -26.012706755999943 ], [ -56.01105499199997, -26.000745772999892 ], [ -56.031528472999923, -25.964483260999884 ], [ -56.025291442999901, -25.964967727999976 ], [ -56.020393371999887, -25.968271255999866 ], [ -56.007347107999919, -25.962905883999952 ], [ -56.000694275999876, -25.972087859999817 ], [ -55.998001099999897, -25.97111892699985 ], [ -55.997890471999881, -25.957059859999845 ], [ -55.991451262999931, -25.954454420999923 ], [ -55.987751006999929, -25.949893951999968 ], [ -55.997673034999934, -25.942714690999878 ], [ -55.996192932999975, -25.935815809999895 ], [ -55.991230009999924, -25.933885574999977 ], [ -55.992813108999883, -25.928138732999912 ], [ -55.99133300699998, -25.920675277999919 ], [ -55.999877929999911, -25.911031723999884 ], [ -56.006210326999962, -25.909860610999885 ], [ -56.021408081999937, -25.912351607999938 ], [ -56.042808531999924, -25.881679535999979 ], [ -56.029724120999845, -25.882415770999955 ], [ -56.021808624999949, -25.878761291999922 ], [ -56.009777068999938, -25.869220733999953 ], [ -56.006500242999948, -25.863529204999963 ], [ -55.99521255399992, -25.859470367999961 ], [ -55.989933013999973, -25.849420546999852 ], [ -55.981067656999926, -25.843208312999934 ], [ -55.970310211999958, -25.841127395999877 ], [ -55.957126616999915, -25.84544563299994 ], [ -55.925479888999917, -25.840150831999892 ], [ -55.916835783999943, -25.832525252999915 ], [ -55.908401488999914, -25.81933021399982 ], [ -55.902072906999877, -25.815025329999969 ], [ -55.896274565999931, -25.813644407999902 ], [ -55.883934019999913, -25.815889357999936 ], [ -55.872547148999956, -25.813325882999948 ], [ -55.844833374999894, -25.790975570999933 ], [ -55.837768553999865, -25.788925169999857 ], [ -55.832702636999841, -25.790290832999972 ], [ -55.825328825999975, -25.78615760699995 ], [ -55.821323395999968, -25.786590574999934 ], [ -55.813007353999978, -25.773294448999934 ], [ -55.801303862999987, -25.774688719999915 ], [ -55.80066680799996, -25.779586791999975 ], [ -55.797714233999898, -25.781066893999878 ], [ -55.777599334999934, -25.764160155999889 ], [ -55.758625029999962, -25.764247892999947 ], [ -55.755680084999824, -25.760253905999889 ], [ -55.758968353999933, -25.74821090699993 ], [ -55.75465393199994, -25.744012831999953 ], [ -55.755504608999956, -25.739774703999899 ], [ -55.761837005999951, -25.732858656999952 ], [ -55.765014647999976, -25.721759796999891 ], [ -55.765338897999982, -25.715154647999952 ], [ -55.761348724999891, -25.706806181999866 ], [ -55.752811432999977, -25.70832824799993 ], [ -55.741024017999962, -25.701311110999939 ], [ -55.729331969999976, -25.699304579999932 ], [ -55.716152189999889, -25.706428527999947 ], [ -55.70772170999993, -25.707843779999905 ], [ -55.692501068999832, -25.730987548999906 ], [ -55.689865112999939, -25.731338500999925 ], [ -55.686714172999928, -25.727247236999972 ], [ -55.679756164999958, -25.729431151999961 ], [ -55.668830871999944, -25.714403151999875 ], [ -55.67294692999991, -25.711244581999949 ], [ -55.672424315999933, -25.709157943999855 ], [ -55.665065765999941, -25.701435089999904 ], [ -55.663616180999952, -25.690195082999935 ], [ -55.657939909999982, -25.685127257999909 ], [ -55.647457122999924, -25.66547965999996 ], [ -55.643280029999914, -25.650150298999961 ], [ -55.63792800899995, -25.642349242999899 ], [ -55.638153074999877, -25.63819885199996 ], [ -55.630645750999918, -25.643611907999855 ], [ -55.622817993999945, -25.642017364999901 ], [ -55.6082458489999, -25.649286270999937 ], [ -55.598827361999895, -25.649143218999939 ], [ -55.591999054999917, -25.646638869999947 ], [ -55.578044890999877, -25.627023697999846 ], [ -55.559413909999876, -25.627265928999975 ], [ -55.549503325999922, -25.612325668999972 ], [ -55.538658142999907, -25.608026504999884 ], [ -55.537418364999894, -25.602079390999961 ], [ -55.5423431399999, -25.588891982999883 ], [ -55.538852691999921, -25.575910567999983 ], [ -55.518119812999942, -25.557931899999915 ], [ -55.514675140999941, -25.551778791999936 ], [ -55.500057220999963, -25.550558089999981 ], [ -55.49136733999984, -25.537235259999875 ], [ -55.489898680999886, -25.526050566999913 ], [ -55.486228942999958, -25.522052763999909 ], [ -55.462688445999959, -25.519649505999951 ], [ -55.450908660999971, -25.524368284999923 ], [ -55.438770294999927, -25.536670683999887 ], [ -55.43089675799996, -25.539453506999905 ] ] ] ] } },
{ "type": "Feature", "properties": { "fid": 49, "GID_2": "PRY.7.2_1", "GID_0": "PRY", "COUNTRY": "Paraguay", "GID_1": "PRY.7_1", "NAME_1": "Caazapá", "NL_NAME_1": "NA", "NAME_2": "Caazapá", "VARNAME_2": "NA", "NL_NAME_2": "NA", "TYPE_2": "Distrito", "ENGTYPE_2": "District", "CC_2": "NA", "HASC_2": "PY.CZ.CA" }, "geometry": { "type": "MultiPolygon", "coordinates": [ [ [ [ -56.398330688999863, -26.374195099999952 ], [ -56.399356841999918, -26.347692489999929 ], [ -56.396854399999938, -26.34224319499998 ], [ -56.409526825999933, -26.319723129999886 ], [ -56.380241393999881, -26.28619766099996 ], [ -56.37793731599993, -26.268989561999888 ], [ -56.382164000999978, -26.255329131999929 ], [ -56.38664245599989, -26.249692915999958 ], [ -56.398120878999976, -26.242630004999967 ], [ -56.403682709999941, -26.228700636999974 ], [ -56.410774231999937, -26.218814848999955 ], [ -56.425292969999987, -26.209957122999981 ], [ -56.423812865999821, -26.198858260999941 ], [ -56.410995482999965, -26.179994581999949 ], [ -56.413681030999953, -26.168392180999888 ], [ -56.422935486999961, -26.151102065999964 ], [ -56.410385130999828, -26.127565382999876 ], [ -56.400268554999968, -26.122156141999881 ], [ -56.408901213999968, -26.028438567999956 ], [ -56.40745925899995, -26.027093886999921 ], [ -56.379875183999957, -26.042694090999873 ], [ -56.377098083999954, -26.041763304999961 ], [ -56.343326568999828, -26.01559257599996 ], [ -56.348403929999904, -26.011636732999875 ], [ -56.348495483999955, -26.008882521999965 ], [ -56.344367979999902, -25.999198912999816 ], [ -56.335773467999957, -25.990135192999958 ], [ -56.315364838999983, -25.98488044699991 ], [ -56.303710937999938, -25.974147795999897 ], [ -56.286804199999949, -25.968257902999937 ], [ -56.280738830999894, -25.962884902999974 ], [ -56.269161223999959, -25.964971541999944 ], [ -56.176067351999961, -26.050640105999946 ], [ -56.180759428999977, -26.052791593999927 ], [ -56.192489623999961, -26.07851791399986 ], [ -56.201568603999931, -26.090431212999931 ], [ -56.202529906999985, -26.095680235999964 ], [ -56.217323301999954, -26.113462446999961 ], [ -56.222995757999911, -26.129655837999906 ], [ -56.235206604999917, -26.142293929999937 ], [ -56.236091613999974, -26.14998817399993 ], [ -56.217239380999956, -26.153516768999964 ], [ -56.207981108999888, -26.159938811999893 ], [ -56.186187742999948, -26.158992767999962 ], [ -56.153667448999954, -26.151899337999964 ], [ -56.144901275999928, -26.140632629999971 ], [ -56.134223937999934, -26.137502670999936 ], [ -56.117576597999914, -26.145212171999901 ], [ -56.120872497999983, -26.163387298999965 ], [ -56.12916183599998, -26.183227538999915 ], [ -56.151039123999908, -26.198863983999956 ], [ -56.160583495999958, -26.216758726999899 ], [ -56.159267425999928, -26.251144408999949 ], [ -56.15168762199994, -26.257232665999936 ], [ -56.172855377999952, -26.272003173999906 ], [ -56.190013884999985, -26.269565581999927 ], [ -56.216938018999883, -26.280902862999881 ], [ -56.226345061999837, -26.290599822999923 ], [ -56.227329253999983, -26.301395415999934 ], [ -56.252288817999954, -26.309419631999958 ], [ -56.254352569999924, -26.322919844999888 ], [ -56.258300781999935, -26.328817367999875 ], [ -56.267921447999981, -26.36691665599983 ], [ -56.272735595999961, -26.371789931999899 ], [ -56.286991118999936, -26.381689070999983 ], [ -56.302196501999958, -26.375654220999877 ], [ -56.310791014999893, -26.375719070999935 ], [ -56.326709747999928, -26.380413055999895 ], [ -56.342708587999937, -26.388675688999911 ], [ -56.364643097999931, -26.392494201999966 ], [ -56.374027252999895, -26.406541822999884 ], [ -56.378486633999955, -26.401895522999951 ], [ -56.378887175999921, -26.386758803999953 ], [ -56.389606474999937, -26.376596449999965 ], [ -56.398330688999863, -26.374195099999952 ] ] ] ] } },
{ "type": "Feature", "properties": { "fid": 50, "GID_2": "PRY.7.3_1", "GID_0": "PRY", "COUNTRY": "Paraguay", "GID_1": "PRY.7_1", "NAME_1": "Caazapá", "NL_NAME_1": "NA", "NAME_2": "Doctor Moisés S. Bertoni", "VARNAME_2": "NA", "NL_NAME_2": "NA", "TYPE_2": "Distrito", "ENGTYPE_2": "District", "CC_2": "NA", "HASC_2": "PY.CZ.DB" }, "geometry": { "type": "MultiPolygon", "coordinates": [ [ [ [ -56.415775298999961, -26.312324522999972 ], [ -56.396854399999938, -26.34224319499998 ], [ -56.399356841999918, -26.347692489999929 ], [ -56.398330688999863, -26.374195099999952 ], [ -56.422275542999898, -26.371412276999934 ], [ -56.42685317999991, -26.367826460999879 ], [ -56.429645538999978, -26.369022369999982 ], [ -56.431659697999976, -26.374305724999942 ], [ -56.431201933999944, -26.388944625999954 ], [ -56.438964842999837, -26.399726867999846 ], [ -56.44720840399998, -26.421215057999916 ], [ -56.454814910999971, -26.431499479999957 ], [ -56.502109526999902, -26.460645675999956 ], [ -56.50992965599994, -26.472843169999862 ], [ -56.527820586999894, -26.472660063999967 ], [ -56.534408569999982, -26.490438461999872 ], [ -56.546516417999953, -26.488109587999929 ], [ -56.556388854999909, -26.492523191999965 ], [ -56.560455320999949, -26.497737883999889 ], [ -56.580463408999947, -26.497140883999975 ], [ -56.582221985999979, -26.475057600999946 ], [ -56.590469359999986, -26.476354598999876 ], [ -56.609821318999934, -26.486648558999946 ], [ -56.622524261999956, -26.486276626999882 ], [ -56.696109771999943, -26.49915313799994 ], [ -56.708618163999915, -26.494855880999978 ], [ -56.719520569999929, -26.495140074999881 ], [ -56.755374907999965, -26.504545210999936 ], [ -56.767211913999972, -26.502708433999942 ], [ -56.7871131899999, -26.503816603999951 ], [ -56.799060821999944, -26.497556685999882 ], [ -56.805919647999986, -26.490831374999971 ], [ -56.801300048999906, -26.478008269999918 ], [ -56.796924591999982, -26.473402022999892 ], [ -56.794193268999948, -26.462873457999819 ], [ -56.797901152999884, -26.440589903999921 ], [ -56.78684234699989, -26.44140052899985 ], [ -56.778453825999918, -26.436246871999913 ], [ -56.771717070999955, -26.428489683999885 ], [ -56.765583037999932, -26.406539917999908 ], [ -56.770179748999851, -26.401098250999894 ], [ -56.771293640999886, -26.390499113999965 ], [ -56.760742186999948, -26.377384185999858 ], [ -56.746139526999912, -26.381858825999871 ], [ -56.743137358999945, -26.372976302999916 ], [ -56.746955872999933, -26.364261626999962 ], [ -56.741313933999947, -26.357639311999947 ], [ -56.739345550999985, -26.342399596999883 ], [ -56.729682922999871, -26.332523344999913 ], [ -56.725204467999959, -26.318735122999954 ], [ -56.707527159999984, -26.310096740999938 ], [ -56.707798002999937, -26.298244475999979 ], [ -56.702705383999898, -26.294532776999915 ], [ -56.698993682999912, -26.285898206999946 ], [ -56.692363739999905, -26.281229018999966 ], [ -56.674270628999977, -26.284965515999943 ], [ -56.660335540999938, -26.295574187999932 ], [ -56.639270781999983, -26.299100875999954 ], [ -56.603523253999924, -26.284654616999887 ], [ -56.594501495999907, -26.286680220999983 ], [ -56.579830168999877, -26.294977187999905 ], [ -56.572498320999955, -26.295904158999974 ], [ -56.559192656999926, -26.290233612999941 ], [ -56.542251587999942, -26.290037155999926 ], [ -56.521057129999917, -26.275587081999902 ], [ -56.489994048999961, -26.276042937999932 ], [ -56.480632782999976, -26.278369903999931 ], [ -56.467094420999899, -26.287586210999905 ], [ -56.440757751999968, -26.297500610999975 ], [ -56.415775298999961, -26.312324522999972 ] ] ] ] } },
{ "type": "Feature", "properties": { "fid": 51, "GID_2": "PRY.7.4_1", "GID_0": "PRY", "COUNTRY": "Paraguay", "GID_1": "PRY.7_1", "NAME_1": "Caazapá", "NL_NAME_1": "NA", "NAME_2": "Emboscada (Caazapa)", "VARNAME_2": "NA", "NL_NAME_2": "NA", "TYPE_2": "Distrito", "ENGTYPE_2": "District", "CC_2": "NA", "HASC_2": "NA" }, "geometry": { "type": "MultiPolygon", "coordinates": [ [ [ [ -56.15168762199994, -26.257232665999936 ], [ -56.159267425999928, -26.251144408999949 ], [ -56.161136626999962, -26.219808577999913 ], [ -56.151039123999908, -26.198863983999956 ], [ -56.131534576999911, -26.185565947999976 ], [ -56.125595093999834, -26.173980712999935 ], [ -56.10013198799993, -26.177202223999927 ], [ -56.08965682999991, -26.168876647999923 ], [ -56.062095642999964, -26.164945601999932 ], [ -56.058837890999882, -26.154327391999971 ], [ -56.056861877999893, -26.16008949199994 ], [ -56.04775619399993, -26.167131423999933 ], [ -56.047710418999884, -26.17095756599997 ], [ -56.057235717999959, -26.18604660099993 ], [ -56.060985565999943, -26.20678329499998 ], [ -56.07078170799997, -26.218029021999939 ], [ -56.070819854999968, -26.221681594999893 ], [ -56.060802459999934, -26.22580909699991 ], [ -56.058101653999984, -26.218128203999981 ], [ -56.03846359299996, -26.231550215999846 ], [ -56.051231383999891, -26.245285033999949 ], [ -56.054309845999967, -26.252422332999913 ], [ -56.058578490999935, -26.294021605999887 ], [ -56.06708907999996, -26.297550200999922 ], [ -56.113903045999905, -26.293237685999884 ], [ -56.115550994999921, -26.280319212999927 ], [ -56.128173826999955, -26.264839172999928 ], [ -56.14145278899997, -26.254634856999928 ], [ -56.15168762199994, -26.257232665999936 ] ] ] ] } },
{ "type": "Feature", "properties": { "fid": 52, "GID_2": "PRY.7.5_1", "GID_0": "PRY", "COUNTRY": "Paraguay", "GID_1": "PRY.7_1", "NAME_1": "Caazapá", "NL_NAME_1": "NA", "NAME_2": "Fulgencio Yegros", "VARNAME_2": "NA", "NL_NAME_2": "NA", "TYPE_2": "Distrito", "ENGTYPE_2": "District", "CC_2": "NA", "HASC_2": "PY.CZ.FY" }, "geometry": { "type": "MultiPolygon", "coordinates": [ [ [ [ -56.422275542999898, -26.371412276999934 ], [ -56.389606474999937, -26.376596449999965 ], [ -56.377647399999944, -26.389715194999951 ], [ -56.378486633999955, -26.401895522999951 ], [ -56.374027252999895, -26.406541822999884 ], [ -56.373939513999915, -26.418121337999935 ], [ -56.367656706999924, -26.430549620999898 ], [ -56.365222929999902, -26.450330734999966 ], [ -56.366931914999839, -26.463756560999968 ], [ -56.358116149999944, -26.469364166999867 ], [ -56.358646391999969, -26.479112625999903 ], [ -56.352241516999982, -26.482700346999934 ], [ -56.350166319999971, -26.487382888999946 ], [ -56.349414824999883, -26.494741438999938 ], [ -56.353988647999984, -26.503061293999963 ], [ -56.353263854999966, -26.508504867999818 ], [ -56.34421920799997, -26.512638091999918 ], [ -56.34149169799997, -26.518341063999912 ], [ -56.342552184999874, -26.530002592999949 ], [ -56.347179411999946, -26.535083770999904 ], [ -56.345104216999914, -26.544481276999875 ], [ -56.351459502999944, -26.564622877999909 ], [ -56.349540709999985, -26.584926604999964 ], [ -56.351142882999966, -26.591590881999878 ], [ -56.345748901999968, -26.600513457999966 ], [ -56.343738555999892, -26.615833282999915 ], [ -56.348247526999955, -26.627859115999911 ], [ -56.358177184999931, -26.633178710999971 ], [ -56.359153747999926, -26.637323379999884 ], [ -56.366069794999987, -26.632863997999948 ], [ -56.370391844999915, -26.636764525999922 ], [ -56.375526427999944, -26.637435912999877 ], [ -56.382652281999981, -26.63342285199991 ], [ -56.382228851999969, -26.62810516299993 ], [ -56.385192870999958, -26.626085280999973 ], [ -56.394985199999894, -26.62919044399996 ], [ -56.403213499999936, -26.624298094999972 ], [ -56.415485382999918, -26.627145767999878 ], [ -56.417968748999954, -26.623195647999978 ], [ -56.416229247999922, -26.617116927999916 ], [ -56.42292022599986, -26.614412307999942 ], [ -56.434635162999882, -26.614444732999971 ], [ -56.444858551999971, -26.617698669999982 ], [ -56.450572966999971, -26.625904081999977 ], [ -56.456310272999986, -26.620677946999933 ], [ -56.466804504999971, -26.621425627999884 ], [ -56.468357085999912, -26.627943037999955 ], [ -56.486301420999951, -26.641052246999948 ], [ -56.492382048999843, -26.642023086999927 ], [ -56.511764526999968, -26.635812758999975 ], [ -56.526187897999876, -26.645019530999946 ], [ -56.548465728999929, -26.64927863999992 ], [ -56.570308684999986, -26.660711287999959 ], [ -56.591175079999914, -26.66397857599992 ], [ -56.60288238399994, -26.669570922999981 ], [ -56.608894347999978, -26.667518614999892 ], [ -56.612525940999944, -26.671947479999972 ], [ -56.61713409399988, -26.673110961999953 ], [ -56.626632689999951, -26.667428969999946 ], [ -56.632648468999889, -26.667137146999949 ], [ -56.63819885199996, -26.654382705999978 ], [ -56.648319243999936, -26.654096602999857 ], [ -56.656745910999916, -26.650400161999983 ], [ -56.655086517999962, -26.660503387999881 ], [ -56.658618925999917, -26.662000655999975 ], [ -56.665191650999986, -26.65475654599993 ], [ -56.667316435999965, -26.645881652999947 ], [ -56.675582885999916, -26.640956877999884 ], [ -56.685676573999956, -26.642267226999934 ], [ -56.699493408999956, -26.635459899999887 ], [ -56.710697173999961, -26.63899040299998 ], [ -56.715419769999926, -26.629289625999888 ], [ -56.730136871999946, -26.628036498999961 ], [ -56.726432800999987, -26.619577407999941 ], [ -56.7281837459999, -26.616325377999885 ], [ -56.736850738999976, -26.616554258999884 ], [ -56.744960783999886, -26.611761091999881 ], [ -56.750957487999926, -26.617483139999933 ], [ -56.752510070999961, -26.62321090599994 ], [ -56.761554716999967, -26.622373581999909 ], [ -56.76571273899998, -26.626733778999892 ], [ -56.770606993999934, -26.623991011999976 ], [ -56.771972654999956, -26.619892119999861 ], [ -56.769191741999975, -26.614305495999929 ], [ -56.765354156999877, -26.612812040999984 ], [ -56.768104553999933, -26.60952949499989 ], [ -56.778522491999922, -26.607734680999897 ], [ -56.791721342999892, -26.611387251999929 ], [ -56.798599242999899, -26.606046676999938 ], [ -56.810863494999921, -26.605743407999967 ], [ -56.813690184999928, -26.584716796999885 ], [ -56.821460723999849, -26.572282791999896 ], [ -56.816947936999952, -26.556186674999935 ], [ -56.810371398999962, -26.55920410199991 ], [ -56.806686401999968, -26.557439803999955 ], [ -56.820869445999961, -26.539934158999984 ], [ -56.822677610999904, -26.533103942999958 ], [ -56.826045988999965, -26.532007216999943 ], [ -56.829433439999946, -26.536499022999976 ], [ -56.833572386999947, -26.536626815999966 ], [ -56.835063933999947, -26.52720641999997 ], [ -56.843608856999879, -26.52507591199992 ], [ -56.844738006999876, -26.513292312999965 ], [ -56.839286803999983, -26.509151458999952 ], [ -56.841114044999983, -26.501890182999887 ], [ -56.837306976999912, -26.501859664999927 ], [ -56.832359314999906, -26.497518538999941 ], [ -56.830505370999902, -26.504873275999898 ], [ -56.824275970999906, -26.506376265999904 ], [ -56.822383879999848, -26.494125366999924 ], [ -56.817741394999928, -26.489366531999906 ], [ -56.814449309999986, -26.489055633999953 ], [ -56.808967590999828, -26.491933821999964 ], [ -56.805919647999986, -26.490831374999971 ], [ -56.799060821999944, -26.497556685999882 ], [ -56.784671782999965, -26.504066467999849 ], [ -56.751995085999908, -26.504196166999918 ], [ -56.713783263999971, -26.49446487299997 ], [ -56.696109771999943, -26.49915313799994 ], [ -56.622524261999956, -26.486276626999882 ], [ -56.609821318999934, -26.486648558999946 ], [ -56.584373473999904, -26.475090026999965 ], [ -56.582221985999979, -26.475057600999946 ], [ -56.581027984999935, -26.478286742999956 ], [ -56.580463408999947, -26.497140883999975 ], [ -56.560455320999949, -26.497737883999889 ], [ -56.556388854999909, -26.492523191999965 ], [ -56.546516417999953, -26.488109587999929 ], [ -56.534408569999982, -26.490438461999872 ], [ -56.527820586999894, -26.472660063999967 ], [ -56.50992965599994, -26.472843169999862 ], [ -56.502109526999902, -26.460645675999956 ], [ -56.454814910999971, -26.431499479999957 ], [ -56.44720840399998, -26.421215057999916 ], [ -56.438964842999837, -26.399726867999846 ], [ -56.431201933999944, -26.388944625999954 ], [ -56.431659697999976, -26.374305724999942 ], [ -56.429645538999978, -26.369022369999982 ], [ -56.42685317999991, -26.367826460999879 ], [ -56.422275542999898, -26.371412276999934 ] ] ] ] } },
{ "type": "Feature", "properties": { "fid": 53, "GID_2": "PRY.7.6_1", "GID_0": "PRY", "COUNTRY": "Paraguay", "GID_1": "PRY.7_1", "NAME_1": "Caazapá", "NL_NAME_1": "NA", "NAME_2": "General Higinio Morínigo", "VARNAME_2": "NA", "NL_NAME_2": "NA", "TYPE_2": "Distrito", "ENGTYPE_2": "District", "CC_2": "NA", "HASC_2": "PY.CZ.GM" }, "geometry": { "type": "MultiPolygon", "coordinates": [ [ [ [ -56.031528472999923, -25.964483260999884 ], [ -56.01105499199997, -26.000745772999892 ], [ -56.012302397999974, -26.012706755999943 ], [ -56.008193969999923, -26.035188673999983 ], [ -55.998592376999966, -26.054927825999869 ], [ -55.998477934999983, -26.061414717999867 ], [ -56.007858276999968, -26.073646545999964 ], [ -56.015235899999936, -26.079074859999935 ], [ -56.031890867999948, -26.085245131999955 ], [ -56.055835724999895, -26.084596633999922 ], [ -56.061901091999971, -26.102256773999898 ], [ -56.087993621999942, -26.111715316999948 ], [ -56.111682891999976, -26.132862090999822 ], [ -56.117576597999914, -26.145212171999901 ], [ -56.137989043999823, -26.137382507999916 ], [ -56.144901275999928, -26.140632629999971 ], [ -56.153667448999954, -26.151899337999964 ], [ -56.201736448999952, -26.160158157999945 ], [ -56.209968566999919, -26.159374235999906 ], [ -56.220561980999889, -26.152393340999879 ], [ -56.236091613999974, -26.14998817399993 ], [ -56.235206604999917, -26.142293929999937 ], [ -56.222995757999911, -26.129655837999906 ], [ -56.217323301999954, -26.113462446999961 ], [ -56.202529906999985, -26.095680235999964 ], [ -56.201568603999931, -26.090431212999931 ], [ -56.192489623999961, -26.07851791399986 ], [ -56.180759428999977, -26.052791593999927 ], [ -56.168060302999947, -26.042581557999824 ], [ -56.159000396999943, -26.039695739999956 ], [ -56.150932310999963, -26.027492522999864 ], [ -56.142658232999963, -26.025783537999928 ], [ -56.139533996999944, -26.021808624999949 ], [ -56.124103545999958, -26.019439695999949 ], [ -56.112888335999969, -26.004848479999964 ], [ -56.102382660999979, -26.006635665999966 ], [ -56.09328460699993, -25.988256454999942 ], [ -56.081359862999875, -25.971733092999955 ], [ -56.069339752999895, -25.971315383999922 ], [ -56.06566238299996, -25.974063872999977 ], [ -56.065723417999948, -25.981096266999884 ], [ -56.053039550999927, -25.985677718999966 ], [ -56.050136565999878, -25.9840030659999 ], [ -56.046112061999963, -25.970190047999893 ], [ -56.040954589999956, -25.966098783999882 ], [ -56.031528472999923, -25.964483260999884 ] ] ] ] } },
{ "type": "Feature", "properties": { "fid": 54, "GID_2": "PRY.7.7_1", "GID_0": "PRY", "COUNTRY": "Paraguay", "GID_1": "PRY.7_1", "NAME_1": "Caazapá", "NL_NAME_1": "NA", "NAME_2": "Maciel", "VARNAME_2": "NA", "NL_NAME_2": "NA", "TYPE_2": "Distrito", "ENGTYPE_2": "District", "CC_2": "NA", "HASC_2": "PY.CZ.MA" }, "geometry": { "type": "MultiPolygon", "coordinates": [ [ [ [ -56.411155699999881, -26.128616331999979 ], [ -56.422935486999961, -26.151102065999964 ], [ -56.413681030999953, -26.168392180999888 ], [ -56.41125869699988, -26.182161330999975 ], [ -56.423812865999821, -26.198858260999941 ], [ -56.425292969999987, -26.209957122999981 ], [ -56.421695708999948, -26.213750838999886 ], [ -56.411804199999892, -26.217685698999958 ], [ -56.403682709999941, -26.228700636999974 ], [ -56.398120878999976, -26.242630004999967 ], [ -56.384246825999924, -26.252222061999873 ], [ -56.378765106999879, -26.26356506299993 ], [ -56.377735138999924, -26.275709151999877 ], [ -56.380241393999881, -26.28619766099996 ], [ -56.409526825999933, -26.319723129999886 ], [ -56.415775298999961, -26.312324522999972 ], [ -56.440757751999968, -26.297500610999975 ], [ -56.467094420999899, -26.287586210999905 ], [ -56.480632782999976, -26.278369903999931 ], [ -56.489994048999961, -26.276042937999932 ], [ -56.521057129999917, -26.275587081999902 ], [ -56.542251587999942, -26.290037155999926 ], [ -56.559192656999926, -26.290233612999941 ], [ -56.572498320999955, -26.295904158999974 ], [ -56.579830168999877, -26.294977187999905 ], [ -56.594501495999907, -26.286680220999983 ], [ -56.603523253999924, -26.284654616999887 ], [ -56.639270781999983, -26.299100875999954 ], [ -56.660335540999938, -26.295574187999932 ], [ -56.674270628999977, -26.284965515999943 ], [ -56.688388823999901, -26.281484602999967 ], [ -56.686443329999975, -26.262363433999894 ], [ -56.688640594999981, -26.260349272999974 ], [ -56.691177368999888, -26.238759993999963 ], [ -56.678928374999884, -26.231824875999905 ], [ -56.678310393999936, -26.218837736999944 ], [ -56.66921234199998, -26.215604780999968 ], [ -56.666645049999829, -26.206058500999973 ], [ -56.657993316999921, -26.20573806799996 ], [ -56.648433685999976, -26.201635360999944 ], [ -56.643344879999916, -26.202472685999965 ], [ -56.638698577999889, -26.211050032999879 ], [ -56.635623930999941, -26.212127684999871 ], [ -56.633785246999878, -26.19671249299995 ], [ -56.625244139999893, -26.181840895999926 ], [ -56.622669218999931, -26.168466566999939 ], [ -56.619075774999885, -26.164228438999828 ], [ -56.595134735999977, -26.16033363299988 ], [ -56.591697692999901, -26.167856215999961 ], [ -56.583629606999978, -26.174282073999962 ], [ -56.576236724999887, -26.172494887999903 ], [ -56.56150817799994, -26.177728652999974 ], [ -56.555431365999937, -26.175695417999862 ], [ -56.552707672999986, -26.172311781999952 ], [ -56.550651548999952, -26.157121657999937 ], [ -56.544418334999875, -26.149026870999876 ], [ -56.539962767999839, -26.136928558999841 ], [ -56.54425811699997, -26.118104934999963 ], [ -56.53694534199991, -26.109676361999959 ], [ -56.533164976999956, -26.108715056999927 ], [ -56.52616882399991, -26.11591720499996 ], [ -56.519245147999925, -26.109380720999923 ], [ -56.505786896999894, -26.105573654999887 ], [ -56.493778228999986, -26.108602523999934 ], [ -56.47598266499989, -26.105989456999907 ], [ -56.465305327999943, -26.108905790999984 ], [ -56.438266754999972, -26.105779646999963 ], [ -56.433250427999951, -26.112735747999977 ], [ -56.411155699999881, -26.128616331999979 ] ] ] ] } },
{ "type": "Feature", "properties": { "fid": 55, "GID_2": "PRY.7.8_1", "GID_0": "PRY", "COUNTRY": "Paraguay", "GID_1": "PRY.7_1", "NAME_1": "Caazapá", "NL_NAME_1": "NA", "NAME_2": "San Juan Nepomuceno", "VARNAME_2": "NA", "NL_NAME_2": "NA", "TYPE_2": "Distrito", "ENGTYPE_2": "District", "CC_2": "NA", "HASC_2": "PY.CZ.SN" }, "geometry": { "type": "MultiPolygon", "coordinates": [ [ [ [ -56.01353454499997, -26.077863693999973 ], [ -56.008777617999897, -26.083391189999929 ], [ -56.004550933999951, -26.083765029999938 ], [ -55.986942291999981, -26.075815199999965 ], [ -55.982322692999958, -26.076332091999916 ], [ -55.959178924999947, -26.086015700999837 ], [ -55.901382446999946, -26.117330550999952 ], [ -55.889221191999923, -26.113561628999946 ], [ -55.888126373999967, -26.106384277999894 ], [ -55.876659393999944, -26.106866835999938 ], [ -55.842147826999906, -26.102134703999923 ], [ -55.828918456999986, -26.105718611999976 ], [ -55.810501098999964, -26.122722625999927 ], [ -55.80980300899995, -26.131662367999922 ], [ -55.804107666999982, -26.137773513999946 ], [ -55.78842925999993, -26.134494779999898 ], [ -55.768810272999986, -26.135286331999964 ], [ -55.763774871999885, -26.146686553999871 ], [ -55.750545501999966, -26.160587309999983 ], [ -55.747524261999956, -26.169374464999976 ], [ -55.738895415999878, -26.179824828999926 ], [ -55.734622955999953, -26.189474105999921 ], [ -55.724273680999943, -26.198858260999941 ], [ -55.714832305999948, -26.199417114999903 ], [ -55.707641600999978, -26.208419798999955 ], [ -55.708618163999915, -26.217882154999927 ], [ -55.703636168999935, -26.22840118299996 ], [ -55.706638336999902, -26.231790541999942 ], [ -55.720478057999969, -26.234310149999942 ], [ -55.724395751999964, -26.238857267999947 ], [ -55.725978850999923, -26.245397566999941 ], [ -55.724323272999982, -26.255201338999825 ], [ -55.730651854999962, -26.263891220999938 ], [ -55.72694778399989, -26.279504774999964 ], [ -55.736408233999896, -26.302738188999911 ], [ -55.747142791999977, -26.313365936999958 ], [ -55.76103210499997, -26.313404083999842 ], [ -55.764717100999974, -26.316129683999918 ], [ -55.76636505099998, -26.326868056999899 ], [ -55.761775970999963, -26.337448119999976 ], [ -55.762596130999896, -26.342439651999882 ], [ -55.773494719999974, -26.347202299999879 ], [ -55.799022673999957, -26.348382949999973 ], [ -55.808109283999954, -26.356042861999924 ], [ -55.814121245999956, -26.370140074999881 ], [ -55.812339781999981, -26.387672423999959 ], [ -55.817630767999958, -26.394252776999963 ], [ -55.828090667999959, -26.397909163999884 ], [ -55.831581115999938, -26.406044006999934 ], [ -55.830623626999966, -26.413555143999929 ], [ -55.835674285999971, -26.424844740999959 ], [ -55.847297667999953, -26.44210624699997 ], [ -55.852912902999947, -26.4453163149999 ], [ -55.85615157999996, -26.445369719999974 ], [ -55.861934660999907, -26.439764021999963 ], [ -55.869873045999839, -26.440219878999926 ], [ -55.86066436699997, -26.429094314999929 ], [ -55.864994049999893, -26.407972334999954 ], [ -55.873500822999972, -26.398908614999982 ], [ -55.894107818999942, -26.392635345999906 ], [ -55.899887084999932, -26.373575210999888 ], [ -55.907394408999892, -26.362253187999954 ], [ -55.917289732999961, -26.361022949999949 ], [ -55.933044433999896, -26.365259170999934 ], [ -55.954257964999897, -26.366279600999974 ], [ -55.977581022999914, -26.375085830999922 ], [ -55.981964110999911, -26.3689765929999 ], [ -55.982856749999883, -26.353076934999933 ], [ -55.98552703799993, -26.347967147999952 ], [ -56.012390136999954, -26.341800688999967 ], [ -56.021804809999878, -26.344619750999982 ], [ -56.027275085999975, -26.352676390999932 ], [ -56.034015654999905, -26.356014250999976 ], [ -56.055713653999931, -26.353094100999954 ], [ -56.057643889999952, -26.36173439099997 ], [ -56.062065123999957, -26.368427276999853 ], [ -56.069950103999986, -26.372631073999969 ], [ -56.080043791999969, -26.374170302999858 ], [ -56.09644317499982, -26.356849669999974 ], [ -56.123813629999972, -26.313661575999902 ], [ -56.113903045999905, -26.293237685999884 ], [ -56.06708907999996, -26.297550200999922 ], [ -56.058578490999935, -26.294021605999887 ], [ -56.054309845999967, -26.252422332999913 ], [ -56.051231383999891, -26.245285033999949 ], [ -56.03846359299996, -26.231550215999846 ], [ -56.058101653999984, -26.218128203999981 ], [ -56.060802459999934, -26.22580909699991 ], [ -56.070819854999968, -26.221681594999893 ], [ -56.07078170799997, -26.218029021999939 ], [ -56.060096739999949, -26.204753874999938 ], [ -56.056659698999965, -26.184543609999935 ], [ -56.04830932699997, -26.174062728999957 ], [ -56.04775619399993, -26.167131423999933 ], [ -56.049865722999982, -26.164653777999945 ], [ -56.056861877999893, -26.16008949199994 ], [ -56.058837890999882, -26.154327391999971 ], [ -56.062095642999964, -26.164945601999932 ], [ -56.08965682999991, -26.168876647999923 ], [ -56.10013198799993, -26.177202223999927 ], [ -56.125595093999834, -26.173980712999935 ], [ -56.12043762199994, -26.161926269999924 ], [ -56.115970612999945, -26.140762328999983 ], [ -56.111682891999976, -26.132862090999822 ], [ -56.087993621999942, -26.111715316999948 ], [ -56.061901091999971, -26.102256773999898 ], [ -56.055835724999895, -26.084596633999922 ], [ -56.031890867999948, -26.085245131999955 ], [ -56.01353454499997, -26.077863693999973 ] ] ] ] } },
{ "type": "Feature", "properties": { "fid": 56, "GID_2": "PRY.7.9_1", "GID_0": "PRY", "COUNTRY": "Paraguay", "GID_1": "PRY.7_1", "NAME_1": "Caazapá", "NL_NAME_1": "NA", "NAME_2": "Tabaí", "VARNAME_2": "NA", "NL_NAME_2": "NA", "TYPE_2": "Distrito", "ENGTYPE_2": "District", "CC_2": "NA", "HASC_2": "PY.CZ.TA" }, "geometry": { "type": "MultiPolygon", "coordinates": [ [ [ [ -55.356872558999953, -25.986780165999903 ], [ -55.344257355999957, -25.984689712999966 ], [ -55.340339659999984, -25.994815826999968 ], [ -55.331634521999945, -25.999277113999881 ], [ -55.327758789999962, -26.004142761999958 ], [ -55.326663970999959, -26.013559340999961 ], [ -55.310214995999956, -26.026845930999912 ], [ -55.303890228999933, -26.035316467999905 ], [ -55.295051574999945, -26.031984328999897 ], [ -55.283660888999918, -26.042953490999935 ], [ -55.277805328999932, -26.04381370599998 ], [ -55.272247313999969, -26.035602568999877 ], [ -55.26538467499995, -26.036079405999885 ], [ -55.256374359999882, -26.030546188999949 ], [ -55.252075195999964, -26.037210463999941 ], [ -55.248905182999977, -26.051858902999982 ], [ -55.251865386999953, -26.058050154999933 ], [ -55.249195098999962, -26.063098906999926 ], [ -55.252185821999888, -26.066209792999928 ], [ -55.251323700999876, -26.071998595999901 ], [ -55.255336761999956, -26.073488235999889 ], [ -55.264255523999964, -26.068683623999902 ], [ -55.267879486999959, -26.069442748999904 ], [ -55.269229887999984, -26.075609205999967 ], [ -55.280261993999886, -26.081512449999934 ], [ -55.282207487999926, -26.08985710099995 ], [ -55.288078307999967, -26.087375639999891 ], [ -55.285762786999953, -26.076494216999947 ], [ -55.289398192999897, -26.075622558999839 ], [ -55.297580718999882, -26.084562300999949 ], [ -55.295097351999914, -26.09196472199983 ], [ -55.29648589999988, -26.094690321999906 ], [ -55.302692412999875, -26.099994658999947 ], [ -55.309459685999968, -26.101108550999925 ], [ -55.308528898999953, -26.096612929999935 ], [ -55.317077636999954, -26.096103667999898 ], [ -55.317604064999898, -26.088893890999941 ], [ -55.32372283899997, -26.086435317999928 ], [ -55.32605743299996, -26.089540480999972 ], [ -55.324451445999955, -26.098386762999951 ], [ -55.327396392999901, -26.101932523999892 ], [ -55.330650330999958, -26.101303099999939 ], [ -55.331573486999957, -26.096321105999948 ], [ -55.348064421999879, -26.09957313599989 ], [ -55.345340728999986, -26.103742598999929 ], [ -55.35338592599993, -26.114000319999889 ], [ -55.351371763999907, -26.139671324999938 ], [ -55.358303068999987, -26.154497146999972 ], [ -55.357669829999907, -26.164220809999904 ], [ -55.354743956999926, -26.168388365999931 ], [ -55.357666015999939, -26.190488813999934 ], [ -55.360771179999915, -26.196056364999833 ], [ -55.372951507999915, -26.202713011999947 ], [ -55.375064849999887, -26.20752334499997 ], [ -55.375526428999876, -26.213783262999982 ], [ -55.364299774999949, -26.226793289999875 ], [ -55.369667053999933, -26.265647887999876 ], [ -55.509349821999933, -26.290622710999969 ], [ -55.510700224999937, -26.293584822999833 ], [ -55.501224518999891, -26.310129164999921 ], [ -55.501983641999914, -26.312330245999874 ], [ -55.509616851999908, -26.315040587999874 ], [ -55.512359617999891, -26.31931304799997 ], [ -55.507373809999933, -26.343286513999885 ], [ -55.509056090999934, -26.349557875999835 ], [ -55.51568222099985, -26.352064132999885 ], [ -55.532882689999894, -26.352739333999978 ], [ -55.559539793999875, -26.365518569999949 ], [ -55.56808471699992, -26.363645552999969 ], [ -55.571243286999959, -26.367374419999976 ], [ -55.571044922999874, -26.385925291999911 ], [ -55.604061126999966, -26.414600372999928 ], [ -55.606887817999905, -26.415016174999948 ], [ -55.625358580999887, -26.404127119999941 ], [ -55.658279417999893, -26.370340346999967 ], [ -55.664810181999883, -26.368064879999963 ], [ -55.669113158999949, -26.375297545999956 ], [ -55.672107695999898, -26.376064299999882 ], [ -55.676902770999902, -26.361103058999959 ], [ -55.688125609999986, -26.357067106999978 ], [ -55.725322722999977, -26.360437392999927 ], [ -55.728488922999929, -26.363504408999916 ], [ -55.727718351999954, -26.370042799999851 ], [ -55.740081786999895, -26.368320464999897 ], [ -55.742614744999969, -26.376701354999909 ], [ -55.745018004999963, -26.378023146999965 ], [ -55.748485564999953, -26.376796721999938 ], [ -55.760711669999921, -26.383426664999945 ], [ -55.768791198999907, -26.378425597999978 ], [ -55.771747589999904, -26.388744353999925 ], [ -55.776721953999981, -26.393232344999831 ], [ -55.795047759999875, -26.388570785999946 ], [ -55.812339781999981, -26.387672423999959 ], [ -55.814121245999956, -26.370140074999881 ], [ -55.808109283999954, -26.356042861999924 ], [ -55.799022673999957, -26.348382949999973 ], [ -55.773494719999974, -26.347202299999879 ], [ -55.762596130999896, -26.342439651999882 ], [ -55.761775970999963, -26.337448119999976 ], [ -55.76636505099998, -26.326868056999899 ], [ -55.764717100999974, -26.316129683999918 ], [ -55.76103210499997, -26.313404083999842 ], [ -55.747142791999977, -26.313365936999958 ], [ -55.734672545999899, -26.299774169999978 ], [ -55.72694778399989, -26.279504774999964 ], [ -55.730651854999962, -26.263891220999938 ], [ -55.724323272999982, -26.255201338999825 ], [ -55.725978850999923, -26.245397566999941 ], [ -55.724395751999964, -26.238857267999947 ], [ -55.720478057999969, -26.234310149999942 ], [ -55.706638336999902, -26.231790541999942 ], [ -55.703636168999935, -26.22840118299996 ], [ -55.708618163999915, -26.217882154999927 ], [ -55.707641600999978, -26.208419798999955 ], [ -55.716964720999954, -26.197984694999946 ], [ -55.710033415999874, -26.183559416999913 ], [ -55.709976195999957, -26.173831938999967 ], [ -55.689487457999974, -26.165056228999845 ], [ -55.67279052799995, -26.164159774999916 ], [ -55.667129515999875, -26.158309935999966 ], [ -55.647331237999936, -26.158529280999971 ], [ -55.626094817999956, -26.14355659499995 ], [ -55.620754241999975, -26.129657745999907 ], [ -55.607715605999942, -26.120178221999936 ], [ -55.597423553999931, -26.1064605709999 ], [ -55.585388182999964, -26.096393584999817 ], [ -55.575992584999881, -26.093622206999839 ], [ -55.580154419999985, -26.074859617999948 ], [ -55.590930939999907, -26.064777372999913 ], [ -55.604351043999884, -26.057367323999983 ], [ -55.608295440999939, -26.049604414999919 ], [ -55.608951568999942, -26.03866958499998 ], [ -55.59300613399995, -26.017257690999884 ], [ -55.583946227999945, -26.013221739999949 ], [ -55.572170257999915, -26.014213560999906 ], [ -55.55763626199996, -26.004108427999938 ], [ -55.550960541999984, -25.994674682999914 ], [ -55.545925140999884, -25.991693495999982 ], [ -55.530555725999932, -25.989412306999895 ], [ -55.523082732999967, -25.990816114999973 ], [ -55.514060974999893, -25.98169517499997 ], [ -55.503181457999972, -25.979810713999939 ], [ -55.480934142999899, -25.987285613999973 ], [ -55.474685669999985, -25.986333846999912 ], [ -55.462753295999903, -25.990425108999943 ], [ -55.459384917999841, -25.982969284999967 ], [ -55.456466673999955, -25.995098112999983 ], [ -55.437114714999893, -25.993877410999971 ], [ -55.432659148999903, -25.996023178999963 ], [ -55.427562713999976, -26.003055572999983 ], [ -55.424365996999938, -25.999046325999871 ], [ -55.423015593999935, -25.991243361999977 ], [ -55.415519714999959, -25.995904922999955 ], [ -55.407680510999967, -25.99276733399995 ], [ -55.403999327999941, -25.999448776999884 ], [ -55.401439667999966, -26.016468046999933 ], [ -55.390251158999888, -26.028171537999981 ], [ -55.384239196999943, -26.023414611999954 ], [ -55.386283874999947, -26.020530699999824 ], [ -55.384494780999944, -26.016710280999916 ], [ -55.375652311999943, -26.01320266699986 ], [ -55.376091002999885, -26.009578703999864 ], [ -55.379932402999941, -26.007974623999928 ], [ -55.380844115999878, -25.995655058999944 ], [ -55.375427245999958, -25.992715835999945 ], [ -55.362083435999978, -25.997150421999947 ], [ -55.361938476999967, -25.990804671999911 ], [ -55.356872558999953, -25.986780165999903 ] ] ] ] } },
{ "type": "Feature", "properties": { "fid": 57, "GID_2": "PRY.7.10_1", "GID_0": "PRY", "COUNTRY": "Paraguay", "GID_1": "PRY.7_1", "NAME_1": "Caazapá", "NL_NAME_1": "NA", "NAME_2": "Yuty", "VARNAME_2": "NA", "NL_NAME_2": "NA", "TYPE_2": "Distrito", "ENGTYPE_2": "District", "CC_2": "NA", "HASC_2": "PY.CZ.YU" }, "geometry": { "type": "MultiPolygon", "coordinates": [ [ [ [ -56.374027252999895, -26.406541822999884 ], [ -56.364643097999931, -26.392494201999966 ], [ -56.342708587999937, -26.388675688999911 ], [ -56.316711426999916, -26.377052305999939 ], [ -56.302196501999958, -26.375654220999877 ], [ -56.286991118999936, -26.381689070999983 ], [ -56.267921447999981, -26.36691665599983 ], [ -56.258300781999935, -26.328817367999875 ], [ -56.254352569999924, -26.322919844999888 ], [ -56.252288817999954, -26.309419631999958 ], [ -56.227329253999983, -26.301395415999934 ], [ -56.226345061999837, -26.290599822999923 ], [ -56.216938018999883, -26.280902862999881 ], [ -56.190013884999985, -26.269565581999927 ], [ -56.172855377999952, -26.272003173999906 ], [ -56.150409698999965, -26.256223678999959 ], [ -56.143924712999933, -26.25405311499992 ], [ -56.128173826999955, -26.264839172999928 ], [ -56.115550994999921, -26.280319212999927 ], [ -56.113098144999924, -26.290365218999966 ], [ -56.123813629999972, -26.313661575999902 ], [ -56.09644317499982, -26.356849669999974 ], [ -56.081874847999927, -26.373256682999852 ], [ -56.076240538999969, -26.374473570999896 ], [ -56.062065123999957, -26.368427276999853 ], [ -56.057643889999952, -26.36173439099997 ], [ -56.055713653999931, -26.353094100999954 ], [ -56.034015654999905, -26.356014250999976 ], [ -56.027275085999975, -26.352676390999932 ], [ -56.021804809999878, -26.344619750999982 ], [ -56.012390136999954, -26.341800688999967 ], [ -55.98552703799993, -26.347967147999952 ], [ -55.982856749999883, -26.353076934999933 ], [ -55.981964110999911, -26.3689765929999 ], [ -55.977581022999914, -26.375085830999922 ], [ -55.954257964999897, -26.366279600999974 ], [ -55.933044433999896, -26.365259170999934 ], [ -55.917289732999961, -26.361022949999949 ], [ -55.907394408999892, -26.362253187999954 ], [ -55.899887084999932, -26.373575210999888 ], [ -55.894107818999942, -26.392635345999906 ], [ -55.873500822999972, -26.398908614999982 ], [ -55.866737365999938, -26.405057905999968 ], [ -55.862026214999958, -26.414995193999971 ], [ -55.86066436699997, -26.429094314999929 ], [ -55.869873045999839, -26.440219878999926 ], [ -55.881072997999979, -26.445932388999893 ], [ -55.893165587999874, -26.460266112999932 ], [ -55.905990600999928, -26.478828429999908 ], [ -55.906265258999952, -26.485809324999934 ], [ -55.920600890999879, -26.510826109999925 ], [ -55.931747436999956, -26.511175155999979 ], [ -55.940952300999982, -26.517923354999823 ], [ -55.962417601999846, -26.508695601999875 ], [ -55.972503661999838, -26.51159858599982 ], [ -55.990623473999904, -26.507638929999928 ], [ -56.008190154999966, -26.511934278999888 ], [ -56.018749236999952, -26.511354446999974 ], [ -56.025157927999942, -26.51585388299992 ], [ -56.028388975999974, -26.528022765999935 ], [ -56.035346984999933, -26.536020277999967 ], [ -56.036216735999972, -26.544113158999949 ], [ -56.040668486999948, -26.544729232999941 ], [ -56.047618864999947, -26.541706083999941 ], [ -56.055637359999935, -26.535758972999929 ], [ -56.059226988999853, -26.527725218999933 ], [ -56.066394804999959, -26.52360153099994 ], [ -56.10304260199996, -26.551300048999963 ], [ -56.116172789999951, -26.566541670999868 ], [ -56.126800537999941, -26.597908019999977 ], [ -56.124191282999959, -26.620098112999926 ], [ -56.126544952999893, -26.625091551999901 ], [ -56.137359619999984, -26.633686064999949 ], [ -56.151760101999969, -26.634616850999976 ], [ -56.158004759999983, -26.637641906999875 ], [ -56.161407471999894, -26.640438079999967 ], [ -56.168857573999958, -26.65651893699993 ], [ -56.182708739999953, -26.666255950999982 ], [ -56.187824249999949, -26.688552855999887 ], [ -56.183303832999911, -26.703918457999919 ], [ -56.188484190999986, -26.710048674999882 ], [ -56.201896666999971, -26.709857940999939 ], [ -56.218273161999946, -26.702171325999871 ], [ -56.231647490999876, -26.704366683999979 ], [ -56.245552062999877, -26.698667526999941 ], [ -56.255657195999959, -26.702104567999925 ], [ -56.267463683999949, -26.700418470999978 ], [ -56.274032591999969, -26.708948135999947 ], [ -56.312217711999892, -26.722837446999961 ], [ -56.318641661999948, -26.727874754999903 ], [ -56.357261656999981, -26.727058409999984 ], [ -56.361911772999974, -26.728767394999977 ], [ -56.377223967999896, -26.737581252999973 ], [ -56.394207000999984, -26.743658064999977 ], [ -56.410823821999884, -26.760940551999965 ], [ -56.429969786999948, -26.772182463999911 ], [ -56.450294493999934, -26.772413252999911 ], [ -56.460006713999917, -26.775646208999888 ], [ -56.469375610999975, -26.774282454999934 ], [ -56.493736266999974, -26.791450499999883 ], [ -56.498199463999981, -26.792053222999925 ], [ -56.506572723999966, -26.789388655999971 ], [ -56.518695831999935, -26.779972076999968 ], [ -56.532569884999987, -26.776079176999929 ], [ -56.540412901999957, -26.767347334999897 ], [ -56.544418334999875, -26.756553648999954 ], [ -56.557373046999942, -26.760547638999924 ], [ -56.569774627999834, -26.760494231999871 ], [ -56.587188720999961, -26.750024795999877 ], [ -56.607410430999948, -26.742336272999921 ], [ -56.621173858999953, -26.746519088999889 ], [ -56.633846282999968, -26.74095535299989 ], [ -56.641166687999942, -26.740476607999881 ], [ -56.651847838999856, -26.731214521999959 ], [ -56.656635284999936, -26.722080230999836 ], [ -56.661136626999962, -26.721408844999871 ], [ -56.661502837999876, -26.709081649999916 ], [ -56.655517577999888, -26.708272933999979 ], [ -56.650875090999932, -26.693399429999886 ], [ -56.653766630999883, -26.683570861999897 ], [ -56.647903441999972, -26.670885084999895 ], [ -56.639617919999921, -26.669532775999926 ], [ -56.63649368199998, -26.660219192999932 ], [ -56.632648468999889, -26.667137146999949 ], [ -56.626632689999951, -26.667428969999946 ], [ -56.619686126999966, -26.67262840199993 ], [ -56.613651275999928, -26.672452925999949 ], [ -56.608894347999978, -26.667518614999892 ], [ -56.60288238399994, -26.669570922999981 ], [ -56.591175079999914, -26.66397857599992 ], [ -56.570308684999986, -26.660711287999959 ], [ -56.548465728999929, -26.64927863999992 ], [ -56.526187897999876, -26.645019530999946 ], [ -56.511764526999968, -26.635812758999975 ], [ -56.492382048999843, -26.642023086999927 ], [ -56.486301420999951, -26.641052246999948 ], [ -56.468357085999912, -26.627943037999955 ], [ -56.466804504999971, -26.621425627999884 ], [ -56.456310272999986, -26.620677946999933 ], [ -56.450572966999971, -26.625904081999977 ], [ -56.444858551999971, -26.617698669999982 ], [ -56.434635162999882, -26.614444732999971 ], [ -56.42292022599986, -26.614412307999942 ], [ -56.416229247999922, -26.617116927999916 ], [ -56.417968748999954, -26.623195647999978 ], [ -56.415485382999918, -26.627145767999878 ], [ -56.403213499999936, -26.624298094999972 ], [ -56.400196075999929, -26.624841689999926 ], [ -56.397426603999918, -26.629228592999823 ], [ -56.383682249999936, -26.626501082999937 ], [ -56.382652281999981, -26.63342285199991 ], [ -56.375526427999944, -26.637435912999877 ], [ -56.370391844999915, -26.636764525999922 ], [ -56.366069794999987, -26.632863997999948 ], [ -56.360408781999922, -26.637786863999963 ], [ -56.358177184999931, -26.633178710999971 ], [ -56.349929808999946, -26.630096435999974 ], [ -56.343456267999898, -26.611402511999984 ], [ -56.345748901999968, -26.600513457999966 ], [ -56.351142882999966, -26.591590881999878 ], [ -56.349540709999985, -26.584926604999964 ], [ -56.351459502999944, -26.564622877999909 ], [ -56.345104216999914, -26.544481276999875 ], [ -56.347179411999946, -26.535083770999904 ], [ -56.342552184999874, -26.530002592999949 ], [ -56.341312408999954, -26.51996040299997 ], [ -56.34421920799997, -26.512638091999918 ], [ -56.353263854999966, -26.508504867999818 ], [ -56.353988647999984, -26.503061293999963 ], [ -56.349414824999883, -26.494741438999938 ], [ -56.350166319999971, -26.487382888999946 ], [ -56.352241516999982, -26.482700346999934 ], [ -56.358646391999969, -26.479112625999903 ], [ -56.358116149999944, -26.469364166999867 ], [ -56.366931914999839, -26.463756560999968 ], [ -56.365222929999902, -26.450330734999966 ], [ -56.367656706999924, -26.430549620999898 ], [ -56.373939513999915, -26.418121337999935 ], [ -56.374027252999895, -26.406541822999884 ] ] ] ] } },
{ "type": "Feature", "properties": { "fid": 58, "GID_2": "PRY.8.1_1", "GID_0": "PRY", "COUNTRY": "Paraguay", "GID_1": "PRY.8_1", "NAME_1": "Canindeyú", "NL_NAME_1": "NA", "NAME_2": "Corpus Christi", "VARNAME_2": "NA", "NL_NAME_2": "NA", "TYPE_2": "Distrito", "ENGTYPE_2": "District", "CC_2": "NA", "HASC_2": "NA" }, "geometry": { "type": "MultiPolygon", "coordinates": [ [ [ [ -55.292907714999956, -23.967897414999982 ], [ -55.255836486999897, -23.988727568999934 ], [ -55.230278014999953, -24.008590696999931 ], [ -55.225505828999985, -24.009845732999963 ], [ -55.212162017999958, -24.007490157999939 ], [ -55.201747894999926, -23.997184752999829 ], [ -55.197761535999973, -23.987171172999979 ], [ -55.192798613999969, -23.984615325999982 ], [ -55.172824859999935, -23.987676618999956 ], [ -55.159168242999954, -23.98184967099985 ], [ -55.152908324999942, -23.984781265999914 ], [ -55.144428251999898, -23.98494720399998 ], [ -55.137512207999976, -23.978248594999968 ], [ -55.119609831999981, -23.97307205199985 ], [ -55.114727019999975, -23.962268828999925 ], [ -55.111503601999914, -23.960182190999944 ], [ -55.08888626199996, -23.979713438999909 ], [ -55.077110289999951, -23.985574722999957 ], [ -55.060131071999876, -23.988418578999983 ], [ -55.052669524999885, -23.986526487999981 ], [ -55.047485351999967, -23.981441496999935 ], [ -55.03829193099989, -23.977935789999947 ], [ -55.030887603999929, -23.970315932999881 ], [ -55.021198272999982, -23.967258452999943 ], [ -55.005363464999959, -23.955442428999902 ], [ -54.972217559999876, -23.954708098999902 ], [ -54.951969145999897, -23.960489272999951 ], [ -54.931766509999875, -23.961463927999944 ], [ -54.924369812999942, -23.954067228999975 ], [ -54.921287535999966, -23.939151762999927 ], [ -54.917377471999941, -23.931785582999964 ], [ -54.922451019999983, -23.923351287999878 ], [ -54.904201507999971, -23.905776976999903 ], [ -54.893714903999978, -23.907518385999936 ], [ -54.886859892999894, -23.89645767199994 ], [ -54.879398345999903, -23.895246505999978 ], [ -54.860851288999982, -23.904932021999969 ], [ -54.854381560999968, -23.904413222999949 ], [ -54.839145658999939, -23.88525771999997 ], [ -54.823516846999951, -23.884836197999903 ], [ -54.81685256999998, -24.163000106999846 ], [ -54.818668364999951, -24.248315809999838 ], [ -54.820030212999939, -24.256361006999896 ], [ -54.824600219999923, -24.258495329999903 ], [ -54.826004027999943, -24.266128539999897 ], [ -54.825733185999979, -24.313440321999963 ], [ -54.829185484999982, -24.316423415999964 ], [ -54.832843780999895, -24.315143583999941 ], [ -54.837013243999934, -24.300491332999968 ], [ -54.8479957589999, -24.301103590999901 ], [ -54.85288238499993, -24.307146071999966 ], [ -54.857936859999882, -24.309040067999945 ], [ -54.859954833999893, -24.307294845999934 ], [ -54.862995146999936, -24.317272185999911 ], [ -54.875930785999969, -24.339727400999891 ], [ -54.895126342999959, -24.353052137999953 ], [ -54.899833677999879, -24.352563857999883 ], [ -54.902435302999947, -24.344280241999911 ], [ -54.9132690429999, -24.338378905999946 ], [ -54.92440032899998, -24.343269346999932 ], [ -54.942016601999967, -24.343225479999944 ], [ -54.953170776999968, -24.347442626999907 ], [ -54.969902038999976, -24.338846206999904 ], [ -54.979316711999957, -24.337703703999978 ], [ -54.988388061999899, -24.34149932899993 ], [ -54.992938995999964, -24.348331451999911 ], [ -55.013362884999879, -24.35972976599993 ], [ -55.018611908999958, -24.365762710999945 ], [ -55.051586150999981, -24.372180938999975 ], [ -55.083824156999981, -24.362512588999891 ], [ -55.087718963999976, -24.323654174999945 ], [ -55.096534727999938, -24.298627852999971 ], [ -55.111648558999946, -24.282012938999969 ], [ -55.117237090999936, -24.28533363199989 ], [ -55.12283706799991, -24.293113708999954 ], [ -55.137748718999944, -24.29141807499991 ], [ -55.154415129999961, -24.300149916999942 ], [ -55.164039610999907, -24.310619353999869 ], [ -55.172584533999952, -24.311216354999942 ], [ -55.180271148999907, -24.31596374499992 ], [ -55.186141966999912, -24.316324233999978 ], [ -55.183525085999861, -24.299869535999846 ], [ -55.190761565999878, -24.277864454999815 ], [ -55.191761016999976, -24.26576232799988 ], [ -55.229614258999902, -24.232152937999842 ], [ -55.242099761999896, -24.217605590999938 ], [ -55.245021820999909, -24.208198547999928 ], [ -55.251091002999829, -24.201797484999815 ], [ -55.257339477999892, -24.197153089999915 ], [ -55.28776931699997, -24.185859680999954 ], [ -55.308952331999933, -24.171102523999934 ], [ -55.33228683499982, -24.171138763999977 ], [ -55.320552824999879, -24.156867979999959 ], [ -55.316295622999974, -24.140806196999904 ], [ -55.318843841999978, -24.127578734999872 ], [ -55.315288543999884, -24.112632751999854 ], [ -55.326465606999932, -24.084545135999974 ], [ -55.335971832999974, -24.071598051999956 ], [ -55.295204161999948, -24.028829574999975 ], [ -55.301094055999954, -24.011152266999886 ], [ -55.292907714999956, -23.967897414999982 ] ] ] ] } },
{ "type": "Feature", "properties": { "fid": 59, "GID_2": "PRY.8.2_1", "GID_0": "PRY", "COUNTRY": "Paraguay", "GID_1": "PRY.8_1", "NAME_1": "Canindeyú", "NL_NAME_1": "NA", "NAME_2": "General Francisco C. Alvarez", "VARNAME_2": "NA", "NL_NAME_2": "NA", "TYPE_2": "Distrito", "ENGTYPE_2": "District", "CC_2": "NA", "HASC_2": "NA" }, "geometry": { "type": "MultiPolygon", "coordinates": [ [ [ [ -54.697456359999933, -23.837387083999886 ], [ -54.675334930999895, -23.813564299999825 ], [ -54.667129515999875, -23.812564848999898 ], [ -54.654537200999926, -23.818433760999937 ], [ -54.640289305999943, -23.834999084999936 ], [ -54.620735168999943, -23.830890654999962 ], [ -54.602394104999917, -23.834857940999882 ], [ -54.599685667999893, -23.867549894999968 ], [ -54.581005095999956, -23.90907096799998 ], [ -54.559864044999927, -23.932594297999913 ], [ -54.553329467999959, -23.982690810999884 ], [ -54.528163908999943, -23.979406356999903 ], [ -54.516059874999939, -23.968433379999908 ], [ -54.492168426999967, -23.969762801999934 ], [ -54.475700377999942, -24.01915931699989 ], [ -54.429084776999957, -24.027729033999947 ], [ -54.432338713999968, -24.045431137999913 ], [ -54.405883788999915, -24.062679290999824 ], [ -54.391822814999955, -24.095493315999875 ], [ -54.378009795999958, -24.099847792999924 ], [ -54.380260467999904, -24.169637680999983 ], [ -54.397918700999924, -24.190113067999903 ], [ -54.403854368999987, -24.227703093999878 ], [ -54.38597488399995, -24.263118743999939 ], [ -54.371372221999934, -24.267101287999935 ], [ -54.370044707999966, -24.298959730999968 ], [ -54.356769562999943, -24.32285117999993 ], [ -54.322650908999947, -24.330726623999965 ], [ -54.318275451999966, -24.36134910699991 ], [ -54.327568054999915, -24.377277372999856 ], [ -54.40069198599997, -24.596647262999966 ], [ -54.433761595999954, -24.624177932999942 ], [ -54.447032927999942, -24.654705047999983 ], [ -54.445144653999876, -24.708711623999875 ], [ -54.452857970999901, -24.715625762999878 ], [ -54.465751646999934, -24.718118666999942 ], [ -54.476398468999889, -24.725603102999969 ], [ -54.477630615999942, -24.722263335999912 ], [ -54.473812102999943, -24.710004806999962 ], [ -54.47749328499998, -24.703067778999923 ], [ -54.489902495999956, -24.706350325999892 ], [ -54.493209838999974, -24.713994978999949 ], [ -54.49876403899998, -24.714601516999949 ], [ -54.503005980999944, -24.710496902999978 ], [ -54.507041931999936, -24.695404052999891 ], [ -54.508876800999985, -24.694059371999913 ], [ -54.523025512999936, -24.698360443999889 ], [ -54.528621672999975, -24.696767806999844 ], [ -54.537120818999938, -24.690563200999918 ], [ -54.538570403999984, -24.68453788599993 ], [ -54.556823729999962, -24.696069716999887 ], [ -54.558864592999896, -24.69629859999992 ], [ -54.56096649199992, -24.692478180999899 ], [ -54.560726164999949, -24.683494566999912 ], [ -54.605365751999955, -24.692312239999978 ], [ -54.617767332999961, -24.703924178999898 ], [ -54.630535125999927, -24.701374052999938 ], [ -54.633510590999947, -24.69691657899989 ], [ -54.655178070999909, -24.707090377999975 ], [ -54.65396881199996, -24.687200545999872 ], [ -54.644706725999924, -24.683221816999946 ], [ -54.645061491999968, -24.678928375999931 ], [ -54.658004760999972, -24.663003921999973 ], [ -54.665168761999951, -24.666500090999875 ], [ -54.677753448999965, -24.668243407999967 ], [ -54.690155029999971, -24.68048858599991 ], [ -54.700119018999885, -24.683183669999949 ], [ -54.720222473999968, -24.670591354999885 ], [ -54.727737425999976, -24.658325194999918 ], [ -54.727565765999884, -24.653549193999879 ], [ -54.731758116999913, -24.649887084999932 ], [ -54.76007080099987, -24.655418395999845 ], [ -54.769634246999942, -24.644674300999952 ], [ -54.773174284999925, -24.644422530999975 ], [ -54.779991149999887, -24.649984359999905 ], [ -54.783489225999972, -24.658096311999884 ], [ -54.793277739999951, -24.661901472999887 ], [ -54.799922943999889, -24.668573377999905 ], [ -54.807964324999887, -24.668405532999884 ], [ -54.827533721999941, -24.660732267999947 ], [ -54.835273742999959, -24.667762754999899 ], [ -54.837329863999912, -24.666601180999976 ], [ -54.83802413899997, -24.659280776999935 ], [ -54.834873198999958, -24.652120589999981 ], [ -54.84029006999998, -24.651155471999914 ], [ -54.846752165999874, -24.644617080999978 ], [ -54.857757568999887, -24.642686842999979 ], [ -54.861419677999947, -24.632650374999912 ], [ -54.871025085999975, -24.628971099999944 ], [ -54.878890991999924, -24.629753111999833 ], [ -54.896881103999931, -24.623342513999944 ], [ -54.897224425999923, -24.619522094999923 ], [ -54.888763426999901, -24.615022658999976 ], [ -54.901401518999933, -24.607572554999933 ], [ -54.903831482999919, -24.595149992999893 ], [ -54.908893584999987, -24.591478347999953 ], [ -54.912368774999948, -24.576982498999939 ], [ -54.916549683999904, -24.569969176999905 ], [ -54.922481536999896, -24.566455840999936 ], [ -54.946228026999961, -24.561460493999959 ], [ -54.969779967999898, -24.564575194999918 ], [ -54.976585386999886, -24.552156447999835 ], [ -54.994556426999907, -24.543985366999834 ], [ -55.010627746999887, -24.544252394999887 ], [ -55.03087234599991, -24.538461685999948 ], [ -55.055713652999941, -24.544853210999975 ], [ -55.066123962999939, -24.541713713999968 ], [ -55.085048674999939, -24.545089721999886 ], [ -55.094825744999923, -24.542812346999938 ], [ -55.101997375999929, -24.539258955999912 ], [ -55.110923766999974, -24.53020858699989 ], [ -55.112556457999972, -24.521226882999883 ], [ -55.108615875999931, -24.507135390999963 ], [ -55.122562407999908, -24.489097594999919 ], [ -55.099876403999929, -24.483129500999951 ], [ -55.086734770999897, -24.465345381999839 ], [ -55.088092804999917, -24.451969145999954 ], [ -55.090877532999968, -24.449094770999977 ], [ -55.103961943999934, -24.447929381999813 ], [ -55.104270934999931, -24.444683073999954 ], [ -55.085388182999964, -24.421094893999964 ], [ -55.069469451999908, -24.406667707999873 ], [ -55.068733214999952, -24.39250183099989 ], [ -55.074264526999912, -24.374168394999913 ], [ -55.072319030999893, -24.364942549999967 ], [ -55.058910369999978, -24.371362685999941 ], [ -55.051586150999981, -24.372180938999975 ], [ -55.018611908999958, -24.365762710999945 ], [ -55.013362884999879, -24.35972976599993 ], [ -54.992938995999964, -24.348331451999911 ], [ -54.988388061999899, -24.34149932899993 ], [ -54.979316711999957, -24.337703703999978 ], [ -54.969902038999976, -24.338846206999904 ], [ -54.953170776999968, -24.347442626999907 ], [ -54.942016601999967, -24.343225479999944 ], [ -54.92440032899998, -24.343269346999932 ], [ -54.9132690429999, -24.338378905999946 ], [ -54.902435302999947, -24.344280241999911 ], [ -54.899833677999879, -24.352563857999883 ], [ -54.895126342999959, -24.353052137999953 ], [ -54.875930785999969, -24.339727400999891 ], [ -54.862995146999936, -24.317272185999911 ], [ -54.859954833999893, -24.307294845999934 ], [ -54.857936859999882, -24.309040067999945 ], [ -54.85288238499993, -24.307146071999966 ], [ -54.8479957589999, -24.301103590999901 ], [ -54.837013243999934, -24.300491332999968 ], [ -54.832843780999895, -24.315143583999941 ], [ -54.829185484999982, -24.316423415999964 ], [ -54.825733185999979, -24.313440321999963 ], [ -54.826004027999943, -24.266128539999897 ], [ -54.824600219999923, -24.258495329999903 ], [ -54.820030212999939, -24.256361006999896 ], [ -54.818668364999951, -24.248315809999838 ], [ -54.81685256999998, -24.163000106999846 ], [ -54.823516846999951, -23.884836197999903 ], [ -54.803340911999896, -23.878740309999955 ], [ -54.797725677999892, -23.868833542999937 ], [ -54.78706359899985, -23.864379881999866 ], [ -54.774341582999966, -23.865633009999897 ], [ -54.766159056999925, -23.86234664899996 ], [ -54.763248442999952, -23.855674743999828 ], [ -54.759277343999941, -23.854261397999949 ], [ -54.7402381899999, -23.863471983999887 ], [ -54.720321655999953, -23.862590789999899 ], [ -54.700443266999912, -23.858268737999936 ], [ -54.698001860999966, -23.854349136999929 ], [ -54.697456359999933, -23.837387083999886 ] ] ] ] } },
{ "type": "Feature", "properties": { "fid": 60, "GID_2": "PRY.8.3_1", "GID_0": "PRY", "COUNTRY": "Paraguay", "GID_1": "PRY.8_1", "NAME_1": "Canindeyú", "NL_NAME_1": "NA", "NAME_2": "Itanara", "VARNAME_2": "NA", "NL_NAME_2": "NA", "TYPE_2": "Distrito", "ENGTYPE_2": "District", "CC_2": "NA", "HASC_2": "NA" }, "geometry": { "type": "MultiPolygon", "coordinates": [ [ [ [ -55.535724639999955, -23.534978865999904 ], [ -55.524463652999884, -23.565057752999962 ], [ -55.532531737999875, -23.585271834999958 ], [ -55.534599304999972, -23.610954283999888 ], [ -55.53032302999992, -23.618038177999892 ], [ -55.524585723999962, -23.620756147999828 ], [ -55.517902374999949, -23.615907668999853 ], [ -55.511676788999978, -23.617248533999941 ], [ -55.504386901999965, -23.628669738999918 ], [ -55.476692198999842, -23.640888213999972 ], [ -55.473415374999945, -23.646602629999904 ], [ -55.47180938799994, -23.663093566999862 ], [ -55.461265563999916, -23.676097868999818 ], [ -55.458724974999939, -23.683645247999891 ], [ -55.460510253999871, -23.712076186999923 ], [ -55.457004546999883, -23.715263366999864 ], [ -55.452030180999884, -23.71500778199993 ], [ -55.442127226999958, -23.707612990999962 ], [ -55.436656950999861, -23.707351683999946 ], [ -55.433391569999969, -23.711229324999863 ], [ -55.433364868999945, -23.71466636599996 ], [ -55.440769195999849, -23.723646163999945 ], [ -55.441955565999933, -23.731216428999971 ], [ -55.437244415999885, -23.758012771999972 ], [ -55.442581175999919, -23.765241622999895 ], [ -55.455661773999964, -23.774715422999861 ], [ -55.487396240999885, -23.768617628999891 ], [ -55.499172209999983, -23.763763426999901 ], [ -55.51362228499994, -23.769878387999938 ], [ -55.522361753999974, -23.779056548999961 ], [ -55.538688658999945, -23.77958488299987 ], [ -55.546726225999919, -23.787168502999862 ], [ -55.552200316999972, -23.800830840999879 ], [ -55.565425871999935, -23.804239272999894 ], [ -55.592258453999875, -23.816789626999878 ], [ -55.624549864999949, -23.83820915299998 ], [ -55.647216796999942, -23.848548889999961 ], [ -55.656494139999893, -23.858034133999979 ], [ -55.674224852999942, -23.859014509999952 ], [ -55.688014983999892, -23.866867065999941 ], [ -55.699886322999987, -23.896081924999919 ], [ -55.71731948799993, -23.902473448999956 ], [ -55.736282347999975, -23.904548643999874 ], [ -55.778774261999899, -23.914230346999886 ], [ -56.014369963999968, -23.826347351999857 ], [ -55.931739806999985, -23.832025527999917 ], [ -55.908618926999964, -23.82508659299998 ], [ -55.901683806999927, -23.808902739999951 ], [ -55.901683806999927, -23.790405272999976 ], [ -55.878559112999881, -23.783468244999938 ], [ -55.853126525999983, -23.769596099999944 ], [ -55.843879699999945, -23.753410338999913 ], [ -55.81381988399994, -23.753410338999913 ], [ -55.799945831999878, -23.732601165999881 ], [ -55.788387297999918, -23.725666045999958 ], [ -55.783763885999917, -23.707166671999971 ], [ -55.765266418999943, -23.684045790999903 ], [ -55.739833831999931, -23.672485351999967 ], [ -55.72827148499988, -23.677112578999925 ], [ -55.670467376999909, -23.674795149999852 ], [ -55.649658203999877, -23.66555023199993 ], [ -55.645034789999954, -23.647052764999955 ], [ -55.63116073499998, -23.647052764999955 ], [ -55.612663267999949, -23.640117644999975 ], [ -55.584918975999926, -23.600809095999978 ], [ -55.584918975999926, -23.582311628999832 ], [ -55.568733214999952, -23.575376508999966 ], [ -55.554859161999957, -23.545316695999873 ], [ -55.535724639999955, -23.534978865999904 ] ] ] ] } },
{ "type": "Feature", "properties": { "fid": 61, "GID_2": "PRY.8.4_1", "GID_0": "PRY", "COUNTRY": "Paraguay", "GID_1": "PRY.8_1", "NAME_1": "Canindeyú", "NL_NAME_1": "NA", "NAME_2": "Salto del Guairá", "VARNAME_2": "NA", "NL_NAME_2": "NA", "TYPE_2": "Distrito", "ENGTYPE_2": "District", "CC_2": "NA", "HASC_2": "PY.CY.SG" }, "geometry": { "type": "MultiPolygon", "coordinates": [ [ [ [ -54.602394104999917, -23.834857940999882 ], [ -54.57286834699994, -23.847021102999975 ], [ -54.565704345999961, -23.857231138999907 ], [ -54.568271635999963, -23.872720717999982 ], [ -54.561206817999903, -23.876493453999842 ], [ -54.536090850999983, -23.86972617999993 ], [ -54.526245116999974, -23.872169493999934 ], [ -54.513439178999931, -23.884880064999891 ], [ -54.495304106999981, -23.879487991999895 ], [ -54.482658386999958, -23.881891249999967 ], [ -54.459915160999969, -23.902194975999919 ], [ -54.431728362999934, -23.912113188999967 ], [ -54.410907744999918, -23.924259184999869 ], [ -54.399082182999905, -23.937421798999935 ], [ -54.38887023999996, -23.961746215999938 ], [ -54.366661071999943, -23.997180938999975 ], [ -54.343486785999971, -24.006002425999952 ], [ -54.323902129999908, -24.007013319999828 ], [ -54.315834044999917, -24.011508940999931 ], [ -54.317401885999971, -24.025180816999864 ], [ -54.315013885999917, -24.033840179999913 ], [ -54.281249998999954, -24.071744918999855 ], [ -54.280540465999877, -24.077671050999982 ], [ -54.28362274299991, -24.082973479999964 ], [ -54.32246017499989, -24.119411466999907 ], [ -54.327987671999949, -24.128147123999838 ], [ -54.330619811999952, -24.148248670999919 ], [ -54.324405670999852, -24.176624297999922 ], [ -54.329235077999954, -24.221944808999979 ], [ -54.327518461999944, -24.23354339499997 ], [ -54.323379515999932, -24.242517470999871 ], [ -54.292186736999895, -24.269880294999894 ], [ -54.278270721999945, -24.286073683999859 ], [ -54.26068115299995, -24.328165053999953 ], [ -54.259246825999981, -24.360464094999941 ], [ -54.262443542999904, -24.374458312999934 ], [ -54.276294708999956, -24.402278899999942 ], [ -54.315456389999952, -24.456199645999845 ], [ -54.332309721999934, -24.48994636499998 ], [ -54.336658477999947, -24.510093688999973 ], [ -54.33811187799995, -24.537946701999886 ], [ -54.330600738999976, -24.623649597999929 ], [ -54.335090636999837, -24.646402358999921 ], [ -54.355583189999948, -24.704374312999846 ], [ -54.365558624999949, -24.70164871299994 ], [ -54.367752074999885, -24.693033218999915 ], [ -54.375965117999954, -24.693521499999918 ], [ -54.379993438999861, -24.691457747999948 ], [ -54.386840819999918, -24.680646895999928 ], [ -54.40042114299996, -24.685972212999957 ], [ -54.4041328429999, -24.68448448099997 ], [ -54.40734863299997, -24.677986143999874 ], [ -54.414123534999931, -24.674465178999981 ], [ -54.420295714999895, -24.677740096999969 ], [ -54.420269012999938, -24.688087462999874 ], [ -54.442214966999927, -24.692634582999972 ], [ -54.445003509999935, -24.695182799999884 ], [ -54.447032927999942, -24.654705047999983 ], [ -54.433761595999954, -24.624177932999942 ], [ -54.40069198599997, -24.596647262999966 ], [ -54.327568054999915, -24.377277372999856 ], [ -54.318275451999966, -24.36134910699991 ], [ -54.322650908999947, -24.330726623999965 ], [ -54.356769562999943, -24.32285117999993 ], [ -54.370044707999966, -24.298959730999968 ], [ -54.371372221999934, -24.267101287999935 ], [ -54.38597488399995, -24.263118743999939 ], [ -54.403854368999987, -24.227703093999878 ], [ -54.397918700999924, -24.190113067999903 ], [ -54.380260467999904, -24.169637680999983 ], [ -54.378009795999958, -24.099847792999924 ], [ -54.391822814999955, -24.095493315999875 ], [ -54.405883788999915, -24.062679290999824 ], [ -54.432338713999968, -24.045431137999913 ], [ -54.429084776999957, -24.027729033999947 ], [ -54.475700377999942, -24.01915931699989 ], [ -54.492168426999967, -23.969762801999934 ], [ -54.516059874999939, -23.968433379999908 ], [ -54.528163908999943, -23.979406356999903 ], [ -54.553329467999959, -23.982690810999884 ], [ -54.559864044999927, -23.932594297999913 ], [ -54.581005095999956, -23.90907096799998 ], [ -54.599685667999893, -23.867549894999968 ], [ -54.602394104999917, -23.834857940999882 ] ] ] ] } },
{ "type": "Feature", "properties": { "fid": 62, "GID_2": "PRY.8.5_1", "GID_0": "PRY", "COUNTRY": "Paraguay", "GID_1": "PRY.8_1", "NAME_1": "Canindeyú", "NL_NAME_1": "NA", "NAME_2": "Villa San Isidro Curuguaty", "VARNAME_2": "NA", "NL_NAME_2": "NA", "TYPE_2": "Distrito", "ENGTYPE_2": "District", "CC_2": "NA", "HASC_2": "PY.CY.VC" }, "geometry": { "type": "MultiPolygon", "coordinates": [ [ [ [ -55.122562407999908, -24.489097594999919 ], [ -55.132083892999901, -24.47747039799998 ], [ -55.139839171999881, -24.493152617999954 ], [ -55.14703369199998, -24.491230009999981 ], [ -55.147357941999985, -24.483264921999876 ], [ -55.154140471999938, -24.475280760999965 ], [ -55.171375274999889, -24.46327018799991 ], [ -55.196170806999987, -24.464599609999937 ], [ -55.235832214999959, -24.475246428999981 ], [ -55.25151824999989, -24.468805311999859 ], [ -55.256584167999961, -24.470212935999882 ], [ -55.262565612999936, -24.480850218999933 ], [ -55.282032012999878, -24.500978469999893 ], [ -55.286571502999891, -24.501752852999971 ], [ -55.286876678999931, -24.49092483599992 ], [ -55.289302825999926, -24.486772536999922 ], [ -55.293315886999949, -24.487234115999911 ], [ -55.299800872999981, -24.49277305499993 ], [ -55.306507109999927, -24.508344649999913 ], [ -55.311580656999979, -24.51022529599993 ], [ -55.326396941999917, -24.504894255999886 ], [ -55.332977294999921, -24.493717193999942 ], [ -55.341888426999958, -24.494623183999977 ], [ -55.3466720589999, -24.509248731999946 ], [ -55.368118285999969, -24.537630081999964 ], [ -55.372676849999948, -24.540634154999907 ], [ -55.380874633999895, -24.53867721599994 ], [ -55.393661498999904, -24.545614241999942 ], [ -55.397838591999914, -24.542724608999947 ], [ -55.398498534999931, -24.535398482999881 ], [ -55.401451110999972, -24.532833099999891 ], [ -55.419334410999909, -24.544355391999886 ], [ -55.434562682999967, -24.549999236999952 ], [ -55.440841673999955, -24.549482344999888 ], [ -55.452678680999895, -24.541133880999894 ], [ -55.458259582999972, -24.539985656999932 ], [ -55.468772887999876, -24.5454921729999 ], [ -55.481472015999884, -24.566274641999939 ], [ -55.485309600999983, -24.565614700999959 ], [ -55.489959715999987, -24.554279326999961 ], [ -55.491909026999963, -24.52974891599996 ], [ -55.511882782999976, -24.511943815999928 ], [ -55.538776397999925, -24.511610030999918 ], [ -55.547351837999884, -24.514898299999857 ], [ -55.549991606999981, -24.517747877999909 ], [ -55.549861907999912, -24.551504134999959 ], [ -55.572704315999943, -24.598009108999918 ], [ -55.591598510999972, -24.601224899999977 ], [ -55.594596861999833, -24.60486602799989 ], [ -55.592578886999945, -24.616664885999967 ], [ -55.603797912999937, -24.621679305999976 ], [ -55.60522079499998, -24.625015258999952 ], [ -55.60073852499994, -24.634279250999953 ], [ -55.602512359999821, -24.637931823999907 ], [ -55.61251449599996, -24.64311790499994 ], [ -55.631729125999982, -24.641071318999877 ], [ -55.661338806999936, -24.649930953999956 ], [ -55.663639068999885, -24.654054641999892 ], [ -55.662479399999881, -24.662342070999898 ], [ -55.672695158999943, -24.672462462999931 ], [ -55.680065153999919, -24.675909041999887 ], [ -55.694557190999944, -24.673254012999962 ], [ -55.698429106999868, -24.67625045799997 ], [ -55.699890135999965, -24.684200287999886 ], [ -55.707851410999979, -24.69592285199991 ], [ -55.709320067999954, -24.704988478999951 ], [ -55.723781584999927, -24.720165252999948 ], [ -55.732490539999844, -24.737611770999933 ], [ -55.732345580999947, -24.74143409699991 ], [ -55.711662291999914, -24.759431837999955 ], [ -55.709426879999967, -24.765020369999945 ], [ -55.709697722999977, -24.777280806999897 ], [ -55.725639341999965, -24.779069900999957 ], [ -55.743957519999981, -24.771604537999906 ], [ -55.758193969999979, -24.778816223999968 ], [ -55.812370300999987, -24.769456862999959 ], [ -55.818256376999955, -24.762241362999873 ], [ -55.830799101999901, -24.755451201999904 ], [ -55.832695005999938, -24.752252578999958 ], [ -55.859218596999881, -24.684822081999982 ], [ -55.873279570999955, -24.672912596999936 ], [ -55.908123015999877, -24.658435820999841 ], [ -55.927894591999973, -24.62274169799997 ], [ -55.93711852999985, -24.618354796999881 ], [ -55.93917846599993, -24.614513396999939 ], [ -55.936111449999942, -24.60434722899987 ], [ -55.939590454999916, -24.566097258999889 ], [ -55.946144104999917, -24.556957244999921 ], [ -55.972869871999933, -24.538711547999924 ], [ -55.983753204999971, -24.526187895999954 ], [ -55.991157531999875, -24.49793052699988 ], [ -56.004108428999928, -24.483308791999946 ], [ -56.012336730999948, -24.468421935999913 ], [ -56.020591735999972, -24.438873291999869 ], [ -56.041915892999953, -24.424489974999858 ], [ -56.05215453999989, -24.402088165999942 ], [ -56.066432953999936, -24.399402617999954 ], [ -56.074657439999896, -24.401388167999926 ], [ -56.082832336999957, -24.398914336999894 ], [ -56.091567993999945, -24.399778364999975 ], [ -56.103393553999979, -24.395835875999978 ], [ -56.116878509999822, -24.384386061999976 ], [ -56.118568419999917, -24.379594801999929 ], [ -56.112491606999924, -24.366277694999951 ], [ -56.12263107299998, -24.336706161999928 ], [ -56.123245238999914, -24.329212187999929 ], [ -56.119205473999955, -24.310619353999869 ], [ -56.128803253999877, -24.295707702999948 ], [ -56.150413513999922, -24.278915403999974 ], [ -56.163272856999981, -24.24469375599989 ], [ -56.164379118999932, -24.234804151999981 ], [ -56.151382446999889, -24.218507765999959 ], [ -56.145668028999978, -24.198373794999952 ], [ -56.149379730999954, -24.172052383999926 ], [ -56.15540313799994, -24.165615081999931 ], [ -56.153354644999922, -24.154012678999891 ], [ -56.155818939999961, -24.140764235999882 ], [ -56.147430419999921, -24.122379303999821 ], [ -56.141262054999913, -24.116231917999926 ], [ -56.123603820999904, -24.109891890999904 ], [ -56.113510131999931, -24.110315322999952 ], [ -56.101776122999979, -24.104225157999906 ], [ -56.097290039999962, -24.091690062999874 ], [ -56.077068329999975, -24.07326316699988 ], [ -56.071197509999877, -24.061378477999938 ], [ -56.059440613999925, -24.052419662999966 ], [ -56.054222106999987, -24.052473067999927 ], [ -56.024261474999946, -24.033342361999871 ], [ -56.015716552999947, -24.031517028999929 ], [ -56.011466980999955, -24.02438926699989 ], [ -56.005882263999979, -24.022535322999886 ], [ -55.996688842999959, -24.025491713999827 ], [ -55.994285582999964, -24.028541563999909 ], [ -55.976184844999864, -24.0283985129999 ], [ -55.967689513999971, -24.031187057999887 ], [ -55.9596405019999, -24.044481275999942 ], [ -55.925510405999944, -24.060413359999927 ], [ -55.917335509999987, -24.060964583999976 ], [ -55.88713836699992, -24.05152893099995 ], [ -55.865695952999886, -24.066688536999891 ], [ -55.850540159999923, -24.065229415999966 ], [ -55.842380522999974, -24.067531585999916 ], [ -55.818840026999908, -24.08222961499996 ], [ -55.794494628999985, -24.084983825999927 ], [ -55.784988402999886, -24.092864990999942 ], [ -55.775890349999941, -24.087369917999922 ], [ -55.757205963999866, -24.101379394999981 ], [ -55.744644164999954, -24.097816467999905 ], [ -55.741527556999984, -24.099914550999927 ], [ -55.74142074699995, -24.10851669199991 ], [ -55.738491058999898, -24.111724851999952 ], [ -55.725612640999884, -24.113098143999878 ], [ -55.72010040299989, -24.11999130199996 ], [ -55.714298247999977, -24.135486602999947 ], [ -55.716655730999889, -24.147251128999983 ], [ -55.714767454999901, -24.150770186999921 ], [ -55.705909729999917, -24.153709411999955 ], [ -55.698154448999958, -24.164117811999972 ], [ -55.690135955999892, -24.163385389999917 ], [ -55.691974639999955, -24.175632476999908 ], [ -55.674453735999975, -24.18516159099994 ], [ -55.672931671999891, -24.191385269999898 ], [ -55.682403563999969, -24.199752806999925 ], [ -55.682975767999949, -24.205955504999963 ], [ -55.676975249999941, -24.218906401999902 ], [ -55.676395416999867, -24.234355925999864 ], [ -55.673454283999945, -24.237083433999942 ], [ -55.66249465899989, -24.239557266999896 ], [ -55.650081633999946, -24.234390257999962 ], [ -55.645740507999903, -24.23633384599998 ], [ -55.640914916999975, -24.243537902999947 ], [ -55.626110075999975, -24.244760512999903 ], [ -55.616123199999947, -24.26187324499989 ], [ -55.612133025999924, -24.264608382999882 ], [ -55.606899260999967, -24.263847350999981 ], [ -55.60343551599982, -24.266897200999892 ], [ -55.601081847999922, -24.279495238999914 ], [ -55.602684020999902, -24.283941268999968 ], [ -55.600448607999965, -24.288576126999942 ], [ -55.589508055999943, -24.294384001999902 ], [ -55.580860137999935, -24.305278776999955 ], [ -55.573036193999883, -24.308198928999957 ], [ -55.566272734999984, -24.314134596999907 ], [ -55.56093597399996, -24.324523925999983 ], [ -55.551891327999954, -24.327606200999981 ], [ -55.547706603999927, -24.32795524699992 ], [ -55.545417784999927, -24.324628828999948 ], [ -55.533195494999916, -24.321683882999878 ], [ -55.523624420999909, -24.32476806499983 ], [ -55.519733428999928, -24.316513060999966 ], [ -55.507198333999895, -24.31946182199988 ], [ -55.508201597999971, -24.312450407999847 ], [ -55.504013061999956, -24.311681746999909 ], [ -55.484008788999915, -24.319452285999887 ], [ -55.471614838999926, -24.317300794999881 ], [ -55.472896575999926, -24.327480314999889 ], [ -55.470149994999986, -24.334983825999871 ], [ -55.473327636999898, -24.341333388999885 ], [ -55.469333648999907, -24.34406471199992 ], [ -55.461326598999904, -24.346660613999973 ], [ -55.451732634999871, -24.346080778999863 ], [ -55.430324553999924, -24.354013442999928 ], [ -55.418411255999843, -24.344053268999971 ], [ -55.412830351999901, -24.34424209499997 ], [ -55.406227111999954, -24.348739622999915 ], [ -55.400352476999899, -24.359123229999966 ], [ -55.394626617999904, -24.364250182999967 ], [ -55.383834837999984, -24.368450164999899 ], [ -55.367954253999983, -24.367422103999957 ], [ -55.346775053999977, -24.352413177999949 ], [ -55.332317351999961, -24.355993270999875 ], [ -55.318347931999881, -24.352882384999873 ], [ -55.313648223999962, -24.354179382999973 ], [ -55.30862426799996, -24.36153221099994 ], [ -55.288021087999937, -24.356380461999947 ], [ -55.286296844999981, -24.360691070999906 ], [ -55.264503478999984, -24.362707137999905 ], [ -55.255249022999976, -24.359884260999934 ], [ -55.246150970999906, -24.352764128999866 ], [ -55.235675812999943, -24.34979057299995 ], [ -55.228713988999914, -24.350574493999943 ], [ -55.227634430999956, -24.345687865999935 ], [ -55.22081375099998, -24.340143202999911 ], [ -55.219738005999943, -24.332826614999931 ], [ -55.211708069999986, -24.330312727999853 ], [ -55.209247588999972, -24.325546263999911 ], [ -55.199134825999977, -24.32479476899988 ], [ -55.188007353999978, -24.316518783999925 ], [ -55.164039610999907, -24.310619353999869 ], [ -55.154415129999961, -24.300149916999942 ], [ -55.139572143999885, -24.292091368999934 ], [ -55.12283706799991, -24.293113708999954 ], [ -55.117237090999936, -24.28533363199989 ], [ -55.111648558999946, -24.282012938999969 ], [ -55.096534727999938, -24.298627852999971 ], [ -55.086338042999955, -24.32795524699992 ], [ -55.08555221599994, -24.357410429999959 ], [ -55.083824156999981, -24.362512588999891 ], [ -55.072319030999893, -24.364942549999967 ], [ -55.074264526999912, -24.374168394999913 ], [ -55.067878722999922, -24.3990306849999 ], [ -55.069469451999908, -24.406667707999873 ], [ -55.085388182999964, -24.421094893999964 ], [ -55.104270934999931, -24.444683073999954 ], [ -55.103961943999934, -24.447929381999813 ], [ -55.090877532999968, -24.449094770999977 ], [ -55.088092804999917, -24.451969145999954 ], [ -55.086734770999897, -24.465345381999839 ], [ -55.099876403999929, -24.483129500999951 ], [ -55.122562407999908, -24.489097594999919 ] ] ] ] } },
{ "type": "Feature", "properties": { "fid": 63, "GID_2": "PRY.8.6_1", "GID_0": "PRY", "COUNTRY": "Paraguay", "GID_1": "PRY.8_1", "NAME_1": "Canindeyú", "NL_NAME_1": "NA", "NAME_2": "Villa Ygatimí", "VARNAME_2": "Igatimi|Ygatymí", "NL_NAME_2": "NA", "TYPE_2": "Distrito", "ENGTYPE_2": "District", "CC_2": "NA", "HASC_2": "PY.CY.VY" }, "geometry": { "type": "MultiPolygon", "coordinates": [ [ [ [ -55.32284545999994, -24.056383133999873 ], [ -55.323734283999954, -24.059883117999902 ], [ -55.334213257999977, -24.067628860999889 ], [ -55.335971832999974, -24.071598051999956 ], [ -55.326465606999932, -24.084545135999974 ], [ -55.316310881999925, -24.10832977299998 ], [ -55.318866728999922, -24.13251495399993 ], [ -55.316295622999974, -24.140806196999904 ], [ -55.320552824999879, -24.156867979999959 ], [ -55.33228683499982, -24.171138763999977 ], [ -55.308952331999933, -24.171102523999934 ], [ -55.28776931699997, -24.185859680999954 ], [ -55.254039763999913, -24.199237822999919 ], [ -55.245021820999909, -24.208198547999928 ], [ -55.242099761999896, -24.217605590999938 ], [ -55.229614258999902, -24.232152937999842 ], [ -55.191761016999976, -24.26576232799988 ], [ -55.190761565999878, -24.277864454999815 ], [ -55.184032439999896, -24.295885086999931 ], [ -55.186141966999912, -24.316324233999978 ], [ -55.199134825999977, -24.32479476899988 ], [ -55.209247588999972, -24.325546263999911 ], [ -55.211708069999986, -24.330312727999853 ], [ -55.219738005999943, -24.332826614999931 ], [ -55.22081375099998, -24.340143202999911 ], [ -55.227634430999956, -24.345687865999935 ], [ -55.228713988999914, -24.350574493999943 ], [ -55.235675812999943, -24.34979057299995 ], [ -55.246150970999906, -24.352764128999866 ], [ -55.259441375999984, -24.361772536999865 ], [ -55.281417845999954, -24.361827848999894 ], [ -55.286296844999981, -24.360691070999906 ], [ -55.288021087999937, -24.356380461999947 ], [ -55.30862426799996, -24.36153221099994 ], [ -55.313648223999962, -24.354179382999973 ], [ -55.318347931999881, -24.352882384999873 ], [ -55.332317351999961, -24.355993270999875 ], [ -55.346775053999977, -24.352413177999949 ], [ -55.367954253999983, -24.367422103999957 ], [ -55.37755584599995, -24.369283675999952 ], [ -55.394626617999904, -24.364250182999967 ], [ -55.400352476999899, -24.359123229999966 ], [ -55.406227111999954, -24.348739622999915 ], [ -55.412830351999901, -24.34424209499997 ], [ -55.418411255999843, -24.344053268999971 ], [ -55.430324553999924, -24.354013442999928 ], [ -55.451732634999871, -24.346080778999863 ], [ -55.461326598999904, -24.346660613999973 ], [ -55.469333648999907, -24.34406471199992 ], [ -55.473327636999898, -24.341333388999885 ], [ -55.470149994999986, -24.334983825999871 ], [ -55.472896575999926, -24.327480314999889 ], [ -55.471614838999926, -24.317300794999881 ], [ -55.484008788999915, -24.319452285999887 ], [ -55.504013061999956, -24.311681746999909 ], [ -55.508201597999971, -24.312450407999847 ], [ -55.507198333999895, -24.31946182199988 ], [ -55.519733428999928, -24.316513060999966 ], [ -55.523624420999909, -24.32476806499983 ], [ -55.533195494999916, -24.321683882999878 ], [ -55.545417784999927, -24.324628828999948 ], [ -55.547706603999927, -24.32795524699992 ], [ -55.56093597399996, -24.324523925999983 ], [ -55.566272734999984, -24.314134596999907 ], [ -55.573036193999883, -24.308198928999957 ], [ -55.580860137999935, -24.305278776999955 ], [ -55.589508055999943, -24.294384001999902 ], [ -55.600448607999965, -24.288576126999942 ], [ -55.602684020999902, -24.283941268999968 ], [ -55.601081847999922, -24.279495238999914 ], [ -55.60343551599982, -24.266897200999892 ], [ -55.606899260999967, -24.263847350999981 ], [ -55.612133025999924, -24.264608382999882 ], [ -55.616123199999947, -24.26187324499989 ], [ -55.626110075999975, -24.244760512999903 ], [ -55.640914916999975, -24.243537902999947 ], [ -55.645740507999903, -24.23633384599998 ], [ -55.650081633999946, -24.234390257999962 ], [ -55.66249465899989, -24.239557266999896 ], [ -55.673454283999945, -24.237083433999942 ], [ -55.676395416999867, -24.234355925999864 ], [ -55.676975249999941, -24.218906401999902 ], [ -55.682975767999949, -24.205955504999963 ], [ -55.682403563999969, -24.199752806999925 ], [ -55.672931671999891, -24.191385269999898 ], [ -55.674453735999975, -24.18516159099994 ], [ -55.691974639999955, -24.175632476999908 ], [ -55.690135955999892, -24.163385389999917 ], [ -55.698154448999958, -24.164117811999972 ], [ -55.705909729999917, -24.153709411999955 ], [ -55.714767454999901, -24.150770186999921 ], [ -55.716655730999889, -24.147251128999983 ], [ -55.714298247999977, -24.135486602999947 ], [ -55.72010040299989, -24.11999130199996 ], [ -55.725612640999884, -24.113098143999878 ], [ -55.738491058999898, -24.111724851999952 ], [ -55.74142074699995, -24.10851669199991 ], [ -55.741527556999984, -24.099914550999927 ], [ -55.744644164999954, -24.097816467999905 ], [ -55.757205963999866, -24.101379394999981 ], [ -55.775890349999941, -24.087369917999922 ], [ -55.784988402999886, -24.092864990999942 ], [ -55.794494628999985, -24.084983825999927 ], [ -55.818840026999908, -24.08222961499996 ], [ -55.840538023999954, -24.069047926999815 ], [ -55.814811705999944, -24.039426803999959 ], [ -55.79720687799994, -24.03590965199993 ], [ -55.790515899999946, -24.026729583999952 ], [ -55.780914306999932, -24.022670745999903 ], [ -55.767951964999838, -24.033130645999847 ], [ -55.763427734999937, -24.033006667999871 ], [ -55.756927490999828, -24.025417327999889 ], [ -55.748386382999968, -24.023733138999887 ], [ -55.740756987999987, -24.026662825999892 ], [ -55.721412658999952, -24.022993086999861 ], [ -55.711261748999902, -24.014953612999932 ], [ -55.70502853399995, -23.996847151999873 ], [ -55.676666259999877, -23.973339079999903 ], [ -55.674160004999976, -23.96412086499987 ], [ -55.67559432999991, -23.947069168999974 ], [ -55.672958373999961, -23.943588255999884 ], [ -55.644165038999972, -23.929475783999919 ], [ -55.63336563099989, -23.926530838999952 ], [ -55.619377135999969, -23.915008543999875 ], [ -55.599735259999875, -23.91531181299996 ], [ -55.591442108999843, -23.898012159999951 ], [ -55.578140257999962, -23.884252547999949 ], [ -55.550151823999954, -23.883012771999859 ], [ -55.532009123999899, -23.872468947999891 ], [ -55.50723266499989, -23.883779525999955 ], [ -55.501564024999936, -23.894010542999979 ], [ -55.447944641999982, -23.937347410999905 ], [ -55.426048278999986, -23.969331741999895 ], [ -55.361072540999885, -24.013023376999968 ], [ -55.335464476999903, -24.039436339999952 ], [ -55.32284545999994, -24.056383133999873 ] ] ] ] } },
{ "type": "Feature", "properties": { "fid": 64, "GID_2": "PRY.8.7_1", "GID_0": "PRY", "COUNTRY": "Paraguay", "GID_1": "PRY.8_1", "NAME_1": "Canindeyú", "NL_NAME_1": "NA", "NAME_2": "Ypejhú", "VARNAME_2": "NA", "NL_NAME_2": "NA", "TYPE_2": "Distrito", "ENGTYPE_2": "District", "CC_2": "NA", "HASC_2": "PY.CY.YP" }, "geometry": { "type": "MultiPolygon", "coordinates": [ [ [ [ -55.437244415999885, -23.758012771999972 ], [ -55.430934904999901, -23.774923324999918 ], [ -55.432594299999892, -23.786161421999907 ], [ -55.44632720899989, -23.81534385599997 ], [ -55.4445419299999, -23.820833205999975 ], [ -55.436023710999962, -23.827886581999849 ], [ -55.433208465999883, -23.837953567999932 ], [ -55.436115264999955, -23.84919738799988 ], [ -55.433078765999937, -23.863855361999981 ], [ -55.437862396999947, -23.882432937999909 ], [ -55.440902709999875, -23.909488677999946 ], [ -55.436630248999961, -23.914730070999951 ], [ -55.431888579999963, -23.915849685999945 ], [ -55.428100584999981, -23.922470092999959 ], [ -55.428035736999902, -23.93117523199993 ], [ -55.418479918999935, -23.94257545399995 ], [ -55.411880491999852, -23.958574294999949 ], [ -55.405632018999938, -23.960828780999975 ], [ -55.396831511999892, -23.971084593999876 ], [ -55.377681731999985, -23.965465545999848 ], [ -55.374622343999874, -23.974151610999911 ], [ -55.365116118999879, -23.97821426299987 ], [ -55.353565216999925, -23.988912581999898 ], [ -55.348567962999937, -23.990484237999908 ], [ -55.335121154999854, -23.988336562999848 ], [ -55.324363708999897, -23.962150572999917 ], [ -55.314193724999882, -23.956125257999929 ], [ -55.292907714999956, -23.967897414999982 ], [ -55.301094055999954, -24.011152266999886 ], [ -55.295204161999948, -24.028829574999975 ], [ -55.32284545999994, -24.056383133999873 ], [ -55.335464476999903, -24.039436339999952 ], [ -55.361072540999885, -24.013023376999968 ], [ -55.426048278999986, -23.969331741999895 ], [ -55.447944641999982, -23.937347410999905 ], [ -55.501564024999936, -23.894010542999979 ], [ -55.50723266499989, -23.883779525999955 ], [ -55.532009123999899, -23.872468947999891 ], [ -55.550151823999954, -23.883012771999859 ], [ -55.578140257999962, -23.884252547999949 ], [ -55.591442108999843, -23.898012159999951 ], [ -55.599735259999875, -23.91531181299996 ], [ -55.619377135999969, -23.915008543999875 ], [ -55.63336563099989, -23.926530838999952 ], [ -55.644165038999972, -23.929475783999919 ], [ -55.672958373999961, -23.943588255999884 ], [ -55.67559432999991, -23.947069168999974 ], [ -55.674160004999976, -23.96412086499987 ], [ -55.676666259999877, -23.973339079999903 ], [ -55.70502853399995, -23.996847151999873 ], [ -55.711261748999902, -24.014953612999932 ], [ -55.721412658999952, -24.022993086999861 ], [ -55.740756987999987, -24.026662825999892 ], [ -55.748386382999968, -24.023733138999887 ], [ -55.756927490999828, -24.025417327999889 ], [ -55.763427734999937, -24.033006667999871 ], [ -55.767951964999838, -24.033130645999847 ], [ -55.780914306999932, -24.022670745999903 ], [ -55.790515899999946, -24.026729583999952 ], [ -55.79720687799994, -24.03590965199993 ], [ -55.814811705999944, -24.039426803999959 ], [ -55.840538023999954, -24.069047926999815 ], [ -55.850540159999923, -24.065229415999966 ], [ -55.865695952999886, -24.066688536999891 ], [ -55.88713836699992, -24.05152893099995 ], [ -55.917335509999987, -24.060964583999976 ], [ -55.925510405999944, -24.060413359999927 ], [ -55.95618438799994, -24.046747206999896 ], [ -55.9596405019999, -24.044481275999942 ], [ -55.964759826999909, -24.034080505999839 ], [ -55.973583220999899, -24.028942107999853 ], [ -56.02569198499998, -23.820692061999921 ], [ -56.019363402999943, -23.827083586999947 ], [ -56.014369963999968, -23.826347351999857 ], [ -55.778774261999899, -23.914230346999886 ], [ -55.736282347999975, -23.904548643999874 ], [ -55.71731948799993, -23.902473448999956 ], [ -55.699886322999987, -23.896081924999919 ], [ -55.688014983999892, -23.866867065999941 ], [ -55.674224852999942, -23.859014509999952 ], [ -55.656494139999893, -23.858034133999979 ], [ -55.647216796999942, -23.848548889999961 ], [ -55.624549864999949, -23.83820915299998 ], [ -55.592258453999875, -23.816789626999878 ], [ -55.565425871999935, -23.804239272999894 ], [ -55.552200316999972, -23.800830840999879 ], [ -55.546726225999919, -23.787168502999862 ], [ -55.538688658999945, -23.77958488299987 ], [ -55.522361753999974, -23.779056548999961 ], [ -55.51362228499994, -23.769878387999938 ], [ -55.499172209999983, -23.763763426999901 ], [ -55.487396240999885, -23.768617628999891 ], [ -55.455661773999964, -23.774715422999861 ], [ -55.442581175999919, -23.765241622999895 ], [ -55.437244415999885, -23.758012771999972 ] ] ] ] } },
{ "type": "Feature", "properties": { "fid": 65, "GID_2": "PRY.9.1_1", "GID_0": "PRY", "COUNTRY": "Paraguay", "GID_1": "PRY.9_1", "NAME_1": "Central", "NL_NAME_1": "NA", "NAME_2": "Areguá", "VARNAME_2": "NA", "NL_NAME_2": "NA", "TYPE_2": "Distrito", "ENGTYPE_2": "District", "CC_2": "NA", "HASC_2": "PY.CE.AR" }, "geometry": { "type": "MultiPolygon", "coordinates": [ [ [ [ -57.403999328999987, -25.349380492999899 ], [ -57.425422667999953, -25.331430433999913 ], [ -57.428108215999941, -25.320058820999975 ], [ -57.443855285999973, -25.29840660099984 ], [ -57.446502685999974, -25.274749755999892 ], [ -57.435722350999924, -25.270565031999979 ], [ -57.424602508999953, -25.254373550999901 ], [ -57.398517608999953, -25.247180938999975 ], [ -57.387947081999926, -25.247180938999975 ], [ -57.349548339999899, -25.220668791999969 ], [ -57.339801787999932, -25.229240417999961 ], [ -57.335590362999824, -25.238784789999897 ], [ -57.335899352999888, -25.245264053999904 ], [ -57.344280242999844, -25.254533767999931 ], [ -57.358188629999972, -25.261268615999938 ], [ -57.365970611999956, -25.275558470999954 ], [ -57.376674650999917, -25.288028717999964 ], [ -57.373065948999908, -25.295667647999949 ], [ -57.351818083999945, -25.31744766199995 ], [ -57.355205534999982, -25.324405669999919 ], [ -57.359741209999925, -25.325771330999942 ], [ -57.360759734999931, -25.331960678999849 ], [ -57.37005233799988, -25.341789244999916 ], [ -57.375736236999899, -25.358892440999909 ], [ -57.403999328999987, -25.349380492999899 ] ] ] ] } },
{ "type": "Feature", "properties": { "fid": 66, "GID_2": "PRY.9.2_1", "GID_0": "PRY", "COUNTRY": "Paraguay", "GID_1": "PRY.9_1", "NAME_1": "Central", "NL_NAME_1": "NA", "NAME_2": "Capiatá", "VARNAME_2": "NA", "NL_NAME_2": "NA", "TYPE_2": "Distrito", "ENGTYPE_2": "District", "CC_2": "NA", "HASC_2": "PY.CE.CA" }, "geometry": { "type": "MultiPolygon", "coordinates": [ [ [ [ -57.444549560999974, -25.29458427499992 ], [ -57.428108215999941, -25.320058820999975 ], [ -57.425422667999953, -25.331430433999913 ], [ -57.40341567899992, -25.350528716999975 ], [ -57.401527404999911, -25.360265732999949 ], [ -57.404121398999962, -25.382974623999871 ], [ -57.416908263999971, -25.385559082999919 ], [ -57.423786163999978, -25.394109725999954 ], [ -57.447853088999977, -25.38928794799989 ], [ -57.452037811999958, -25.406482695999898 ], [ -57.465015410999911, -25.43167686399994 ], [ -57.496013640999934, -25.418111800999952 ], [ -57.499698637999984, -25.404823302999944 ], [ -57.498950957999966, -25.392364501999964 ], [ -57.481021880999947, -25.39528465199993 ], [ -57.486103058999959, -25.346607207999966 ], [ -57.474754333999954, -25.325780868999914 ], [ -57.457851409999932, -25.308341979999966 ], [ -57.447994232999974, -25.301404951999928 ], [ -57.444549560999974, -25.29458427499992 ] ] ] ] } },
{ "type": "Feature", "properties": { "fid": 67, "GID_2": "PRY.9.3_1", "GID_0": "PRY", "COUNTRY": "Paraguay", "GID_1": "PRY.9_1", "NAME_1": "Central", "NL_NAME_1": "NA", "NAME_2": "Fernando de la Mora", "VARNAME_2": "NA", "NL_NAME_2": "NA", "TYPE_2": "Distrito", "ENGTYPE_2": "District", "CC_2": "NA", "HASC_2": "PY.CE.FM" }, "geometry": { "type": "MultiPolygon", "coordinates": [ [ [ [ -57.583419798999955, -25.332834242999979 ], [ -57.555355070999894, -25.308904647999896 ], [ -57.541465759999937, -25.285354614999846 ], [ -57.534637450999981, -25.288631438999971 ], [ -57.532543181999984, -25.29436683699987 ], [ -57.516094206999981, -25.312118528999974 ], [ -57.527191161999951, -25.317113875999951 ], [ -57.524780273999852, -25.319114684999931 ], [ -57.525814056999934, -25.326028822999945 ], [ -57.536182402999941, -25.32547569299993 ], [ -57.541229246999876, -25.327566145999924 ], [ -57.546291351999969, -25.33483886599987 ], [ -57.550777434999986, -25.348934173999851 ], [ -57.567691801999956, -25.347463607999941 ], [ -57.583419798999955, -25.332834242999979 ] ] ] ] } },
{ "type": "Feature", "properties": { "fid": 68, "GID_2": "PRY.9.4_1", "GID_0": "PRY", "COUNTRY": "Paraguay", "GID_1": "PRY.9_1", "NAME_1": "Central", "NL_NAME_1": "NA", "NAME_2": "Guarambaré", "VARNAME_2": "NA", "NL_NAME_2": "NA", "TYPE_2": "Distrito", "ENGTYPE_2": "District", "CC_2": "NA", "HASC_2": "PY.CE.GU" }, "geometry": { "type": "MultiPolygon", "coordinates": [ [ [ [ -57.433658598999955, -25.445959090999906 ], [ -57.423862456999984, -25.45715522799992 ], [ -57.422275542999955, -25.466981887999964 ], [ -57.437782286999948, -25.49390601999994 ], [ -57.434482574999947, -25.503732680999974 ], [ -57.444213867999963, -25.520921705999967 ], [ -57.447326658999941, -25.515468597999927 ], [ -57.459609984999929, -25.508914947999926 ], [ -57.456848144999981, -25.495815276999906 ], [ -57.468078613999978, -25.507457732999967 ], [ -57.484088896999936, -25.499084472999925 ], [ -57.47485732899986, -25.483617782999829 ], [ -57.472591399999942, -25.468336104999935 ], [ -57.462574005999954, -25.448875426999905 ], [ -57.449554443999887, -25.451602934999983 ], [ -57.437252044999923, -25.450965880999945 ], [ -57.434020995999958, -25.44905853299997 ], [ -57.433658598999955, -25.445959090999906 ] ] ] ] } },
{ "type": "Feature", "properties": { "fid": 69, "GID_2": "PRY.9.5_1", "GID_0": "PRY", "COUNTRY": "Paraguay", "GID_1": "PRY.9_1", "NAME_1": "Central", "NL_NAME_1": "NA", "NAME_2": "Itá", "VARNAME_2": "NA", "NL_NAME_2": "NA", "TYPE_2": "Distrito", "ENGTYPE_2": "District", "CC_2": "NA", "HASC_2": "PY.CE.IT" }, "geometry": { "type": "MultiPolygon", "coordinates": [ [ [ [ -57.427860259999932, -25.476528167999959 ], [ -57.422885893999933, -25.469343183999911 ], [ -57.422161101999905, -25.461793899999975 ], [ -57.433658598999955, -25.445959090999906 ], [ -57.43257904099994, -25.439416883999968 ], [ -57.419479368999987, -25.440050123999981 ], [ -57.418556212999874, -25.434137343999964 ], [ -57.416130064999948, -25.432315825999865 ], [ -57.402130125999975, -25.4345855709999 ], [ -57.399009704999969, -25.439504622999948 ], [ -57.370285033999949, -25.440679550999903 ], [ -57.325843810999856, -25.448022841999887 ], [ -57.313957214999903, -25.453020095999932 ], [ -57.331809997999926, -25.572748183999977 ], [ -57.346401214999901, -25.581363677999946 ], [ -57.347305296999934, -25.604398727999921 ], [ -57.370655058999944, -25.617740629999957 ], [ -57.378356934999942, -25.628732680999917 ], [ -57.388710021999884, -25.63172721799998 ], [ -57.39092636099997, -25.629816055999868 ], [ -57.390113830999951, -25.62736129599989 ], [ -57.398281097999984, -25.621116637999933 ], [ -57.394104002999882, -25.608892440999966 ], [ -57.410820007999973, -25.594160079999938 ], [ -57.423557280999944, -25.566047667999953 ], [ -57.423439024999936, -25.559133528999951 ], [ -57.411891935999961, -25.543851852999978 ], [ -57.414909362999936, -25.540302276999967 ], [ -57.414394378999987, -25.535842894999973 ], [ -57.419029235999972, -25.533843993999938 ], [ -57.420322418999945, -25.526931762999936 ], [ -57.427871704999973, -25.521017074999918 ], [ -57.430271147999918, -25.513921737999965 ], [ -57.431549071999939, -25.501274107999905 ], [ -57.427890777999949, -25.491722107999976 ], [ -57.427860259999932, -25.476528167999959 ] ] ] ] } },
{ "type": "Feature", "properties": { "fid": 70, "GID_2": "PRY.9.6_1", "GID_0": "PRY", "COUNTRY": "Paraguay", "GID_1": "PRY.9_1", "NAME_1": "Central", "NL_NAME_1": "NA", "NAME_2": "Itauguá", "VARNAME_2": "NA", "NL_NAME_2": "NA", "TYPE_2": "Distrito", "ENGTYPE_2": "District", "CC_2": "NA", "HASC_2": "PY.CE.IG" }, "geometry": { "type": "MultiPolygon", "coordinates": [ [ [ [ -57.403999328999987, -25.349380492999899 ], [ -57.375736236999899, -25.358892440999909 ], [ -57.37005233799988, -25.341789244999916 ], [ -57.360759734999931, -25.331960678999849 ], [ -57.359741209999925, -25.325771330999942 ], [ -57.355205534999982, -25.324405669999919 ], [ -57.351818083999945, -25.31744766199995 ], [ -57.324920653999925, -25.338487624999971 ], [ -57.326038360999974, -25.343587875999901 ], [ -57.323028564999959, -25.348857877999933 ], [ -57.322540283999899, -25.357864379999967 ], [ -57.329196928999977, -25.361963271999969 ], [ -57.323787689999904, -25.37678909199991 ], [ -57.308277130999954, -25.378961563999894 ], [ -57.314430236999954, -25.383880613999963 ], [ -57.313945768999929, -25.394796370999927 ], [ -57.306701659999987, -25.400884628999904 ], [ -57.30580901999997, -25.407251356999893 ], [ -57.300876616999972, -25.410797117999948 ], [ -57.29668044999994, -25.431535719999886 ], [ -57.2915229809999, -25.44118881199995 ], [ -57.3111801149999, -25.453533172999983 ], [ -57.329570770999851, -25.447298048999869 ], [ -57.372600554999963, -25.440317153999956 ], [ -57.401229858999898, -25.438228605999882 ], [ -57.402809142999843, -25.428131102999942 ], [ -57.399036406999983, -25.409664154999973 ], [ -57.404804228999978, -25.380006789999982 ], [ -57.401527404999911, -25.360265732999949 ], [ -57.403999328999987, -25.349380492999899 ] ] ] ] } },
{ "type": "Feature", "properties": { "fid": 71, "GID_2": "PRY.9.7_1", "GID_0": "PRY", "COUNTRY": "Paraguay", "GID_1": "PRY.9_1", "NAME_1": "Central", "NL_NAME_1": "NA", "NAME_2": "Juan Augusto Saldívar", "VARNAME_2": "NA", "NL_NAME_2": "NA", "TYPE_2": "Distrito", "ENGTYPE_2": "District", "CC_2": "NA", "HASC_2": "PY.CE.JS" }, "geometry": { "type": "MultiPolygon", "coordinates": [ [ [ [ -57.471088409999936, -25.439224242999842 ], [ -57.452037811999958, -25.406482695999898 ], [ -57.447853088999977, -25.38928794799989 ], [ -57.423786163999978, -25.394109725999954 ], [ -57.416908263999971, -25.385559082999919 ], [ -57.404121398999962, -25.382974623999871 ], [ -57.399036406999983, -25.409664154999973 ], [ -57.402130125999975, -25.4345855709999 ], [ -57.416130064999948, -25.432315825999865 ], [ -57.418556212999874, -25.434137343999964 ], [ -57.419479368999987, -25.440050123999981 ], [ -57.43257904099994, -25.439416883999968 ], [ -57.435333251999964, -25.45051193199987 ], [ -57.448341368999877, -25.451696394999885 ], [ -57.471309662999943, -25.445957182999962 ], [ -57.471088409999936, -25.439224242999842 ] ] ] ] } },
{ "type": "Feature", "properties": { "fid": 72, "GID_2": "PRY.9.8_1", "GID_0": "PRY", "COUNTRY": "Paraguay", "GID_1": "PRY.9_1", "NAME_1": "Central", "NL_NAME_1": "NA", "NAME_2": "Lambaré", "VARNAME_2": "NA", "NL_NAME_2": "NA", "TYPE_2": "Distrito", "ENGTYPE_2": "District", "CC_2": "NA", "HASC_2": "PY.CE.LA" }, "geometry": { "type": "MultiPolygon", "coordinates": [ [ [ [ -57.614963531999877, -25.387029646999906 ], [ -57.635105132999911, -25.379438400999845 ], [ -57.639045714999895, -25.374057768999876 ], [ -57.639526367999963, -25.364694594999946 ], [ -57.63269805799996, -25.332561491999911 ], [ -57.619548796999936, -25.319656371999884 ], [ -57.618808746999889, -25.312200545999929 ], [ -57.613544462999982, -25.305112837999957 ], [ -57.604427337999937, -25.316221236999979 ], [ -57.605239868999945, -25.31794738699989 ], [ -57.598007201999962, -25.322143553999979 ], [ -57.594581603999927, -25.321693419999974 ], [ -57.594596862999879, -25.325332640999875 ], [ -57.584823606999919, -25.334642409999958 ], [ -57.614963531999877, -25.387029646999906 ] ] ] ] } },
{ "type": "Feature", "properties": { "fid": 73, "GID_2": "PRY.9.9_1", "GID_0": "PRY", "COUNTRY": "Paraguay", "GID_1": "PRY.9_1", "NAME_1": "Central", "NL_NAME_1": "NA", "NAME_2": "Limpio", "VARNAME_2": "NA", "NL_NAME_2": "NA", "TYPE_2": "Distrito", "ENGTYPE_2": "District", "CC_2": "NA", "HASC_2": "PY.CE.LI" }, "geometry": { "type": "MultiPolygon", "coordinates": [ [ [ [ -57.400848388999975, -25.176092147999952 ], [ -57.412151335999908, -25.18950653099995 ], [ -57.418087005999951, -25.190237044999947 ], [ -57.426216124999939, -25.183593748999954 ], [ -57.434875487999932, -25.185867309999935 ], [ -57.438606262999883, -25.189413069999944 ], [ -57.444889067999895, -25.204788206999979 ], [ -57.464233398999966, -25.21343040499994 ], [ -57.476711273999967, -25.214611052999942 ], [ -57.481510162999825, -25.205419538999877 ], [ -57.492679596999949, -25.205780028999982 ], [ -57.497489929999858, -25.199317930999882 ], [ -57.501148223999962, -25.198598861999983 ], [ -57.499446868999939, -25.18394279499995 ], [ -57.504959106999934, -25.177568433999966 ], [ -57.506050110999979, -25.172748565999939 ], [ -57.50065994299996, -25.156101225999919 ], [ -57.507781981999926, -25.149911880999923 ], [ -57.514606476999973, -25.146360396999967 ], [ -57.521865844999923, -25.151447294999969 ], [ -57.528671263999911, -25.170276641999976 ], [ -57.533977508999953, -25.175033567999833 ], [ -57.543758, -25.163652110999863 ], [ -57.543449, -25.157618998999908 ], [ -57.547966, -25.154615 ], [ -57.54965591399997, -25.149969100999954 ], [ -57.543449021999947, -25.129515110999932 ], [ -57.549149, -25.122314 ], [ -57.548531, -25.117586 ], [ -57.551029, -25.113945 ], [ -57.544292, -25.113947 ], [ -57.522804152999925, -25.097741846999838 ], [ -57.517429351999965, -25.09086227399996 ], [ -57.504646299999933, -25.085592268999903 ], [ -57.491680144999918, -25.086236953999958 ], [ -57.476631164999901, -25.094701765999901 ], [ -57.463268280999955, -25.096979140999963 ], [ -57.463459014999898, -25.102809905999948 ], [ -57.459472655999946, -25.104261398999938 ], [ -57.46229171799996, -25.106262207999976 ], [ -57.461292265999873, -25.107990263999852 ], [ -57.457069397999987, -25.108264921999933 ], [ -57.450626373999967, -25.104717254999912 ], [ -57.444911955999942, -25.109813688999907 ], [ -57.446739196999943, -25.11672782799991 ], [ -57.443336486999954, -25.121364592999953 ], [ -57.43690109299996, -25.121000288999937 ], [ -57.426456450999865, -25.125730514999873 ], [ -57.429798124999934, -25.133827208999946 ], [ -57.426502227999833, -25.141563414999837 ], [ -57.40781402499988, -25.147380828999871 ], [ -57.40964126599988, -25.153387068999962 ], [ -57.406642912999985, -25.161481857999945 ], [ -57.398197173999961, -25.162395477999894 ], [ -57.39912032999996, -25.168945312999938 ], [ -57.402145384999983, -25.172491073999936 ], [ -57.400848388999975, -25.176092147999952 ] ] ] ] } },
{ "type": "Feature", "properties": { "fid": 74, "GID_2": "PRY.9.10_1", "GID_0": "PRY", "COUNTRY": "Paraguay", "GID_1": "PRY.9_1", "NAME_1": "Central", "NL_NAME_1": "NA", "NAME_2": "Luque", "VARNAME_2": "NA", "NL_NAME_2": "NA", "TYPE_2": "Distrito", "ENGTYPE_2": "District", "CC_2": "NA", "HASC_2": "PY.CE.LU" }, "geometry": { "type": "MultiPolygon", "coordinates": [ [ [ [ -57.541465759999937, -25.285354614999846 ], [ -57.539028168999948, -25.277894972999832 ], [ -57.541175841999916, -25.260150908999947 ], [ -57.522659301999965, -25.233238219999976 ], [ -57.513629913999978, -25.211772918999941 ], [ -57.503437042999963, -25.203498838999963 ], [ -57.501148223999962, -25.198598861999983 ], [ -57.497489929999858, -25.199317930999882 ], [ -57.492679596999949, -25.205780028999982 ], [ -57.481510162999825, -25.205419538999877 ], [ -57.476711273999967, -25.214611052999942 ], [ -57.464233398999966, -25.21343040499994 ], [ -57.443576812999936, -25.203880309999818 ], [ -57.438606262999883, -25.189413069999944 ], [ -57.434875487999932, -25.185867309999935 ], [ -57.426216124999939, -25.183593748999954 ], [ -57.419391632999918, -25.18950653099995 ], [ -57.414363861999959, -25.190231322999978 ], [ -57.408115386999953, -25.186138152999888 ], [ -57.400848388999975, -25.176092147999952 ], [ -57.400051115999986, -25.17913436799995 ], [ -57.395221709999987, -25.17904472299989 ], [ -57.393428802999892, -25.185045241999887 ], [ -57.387508390999926, -25.191593168999873 ], [ -57.38267898499987, -25.191864013999975 ], [ -57.382888794999985, -25.194505690999961 ], [ -57.374443053999926, -25.197410583999897 ], [ -57.349548339999899, -25.220668791999969 ], [ -57.387947081999926, -25.247180938999975 ], [ -57.398517608999953, -25.247180938999975 ], [ -57.424602508999953, -25.254373550999901 ], [ -57.435722350999924, -25.270565031999979 ], [ -57.445896148999907, -25.27338409399988 ], [ -57.447124481999936, -25.280027389999873 ], [ -57.444549560999974, -25.29458427499992 ], [ -57.447185516999923, -25.300405502999922 ], [ -57.471702575999871, -25.316503524999973 ], [ -57.478050230999884, -25.317136763999883 ], [ -57.495727539999962, -25.30339431799996 ], [ -57.505485534999877, -25.301296233999892 ], [ -57.510986326999955, -25.290376662999961 ], [ -57.534137726999973, -25.289634704999969 ], [ -57.541465759999937, -25.285354614999846 ] ] ] ] } },
{ "type": "Feature", "properties": { "fid": 75, "GID_2": "PRY.9.11_1", "GID_0": "PRY", "COUNTRY": "Paraguay", "GID_1": "PRY.9_1", "NAME_1": "Central", "NL_NAME_1": "NA", "NAME_2": "Mariano Roque Alonso", "VARNAME_2": "NA", "NL_NAME_2": "NA", "TYPE_2": "Distrito", "ENGTYPE_2": "District", "CC_2": "NA", "HASC_2": "PY.CE.MA" }, "geometry": { "type": "MultiPolygon", "coordinates": [ [ [ [ -57.526103972999863, -25.238210677999916 ], [ -57.528892515999928, -25.231962202999853 ], [ -57.534416197999974, -25.228225707999968 ], [ -57.542167662999987, -25.228946686999905 ], [ -57.581466674999888, -25.214057921999938 ], [ -57.569152832999976, -25.198078154999962 ], [ -57.560642, -25.181983999999886 ], [ -57.547637999999893, -25.174807 ], [ -57.543758, -25.163652110999863 ], [ -57.533977508999953, -25.175033567999833 ], [ -57.528671263999911, -25.170276641999976 ], [ -57.523578644999986, -25.15317535399987 ], [ -57.514606476999973, -25.146360396999967 ], [ -57.50065994299996, -25.156101225999919 ], [ -57.506050110999979, -25.172748565999939 ], [ -57.504959106999934, -25.177568433999966 ], [ -57.499446868999939, -25.18394279499995 ], [ -57.49958801299988, -25.195131301999879 ], [ -57.503437042999963, -25.203498838999963 ], [ -57.513629913999978, -25.211772918999941 ], [ -57.526103972999863, -25.238210677999916 ] ] ] ] } },
{ "type": "Feature", "properties": { "fid": 76, "GID_2": "PRY.9.12_1", "GID_0": "PRY", "COUNTRY": "Paraguay", "GID_1": "PRY.9_1", "NAME_1": "Central", "NL_NAME_1": "NA", "NAME_2": "Ñemby", "VARNAME_2": "NA", "NL_NAME_2": "NA", "TYPE_2": "Distrito", "ENGTYPE_2": "District", "CC_2": "NA", "HASC_2": "PY.CE.NE" }, "geometry": { "type": "MultiPolygon", "coordinates": [ [ [ [ -57.498950957999966, -25.392364501999964 ], [ -57.499698637999984, -25.404823302999944 ], [ -57.497318266999969, -25.416017532999945 ], [ -57.512336730999948, -25.416917799999908 ], [ -57.534465789999899, -25.437324523999962 ], [ -57.534645080999837, -25.426277160999916 ], [ -57.539905547999979, -25.404800414999897 ], [ -57.548740385999906, -25.396516798999983 ], [ -57.55001831099986, -25.388057707999963 ], [ -57.544765472999984, -25.384328842999935 ], [ -57.558429717999957, -25.374761581999962 ], [ -57.560539245999962, -25.372396468999909 ], [ -57.559219359999986, -25.370487211999944 ], [ -57.566867827999886, -25.36850738399994 ], [ -57.567108153999982, -25.352102279999883 ], [ -57.561695097999916, -25.359022139999979 ], [ -57.541339873999959, -25.357767105999983 ], [ -57.525253295999903, -25.365875242999948 ], [ -57.532855986999948, -25.378879546999883 ], [ -57.505905151999968, -25.393270491999886 ], [ -57.498950957999966, -25.392364501999964 ] ] ] ] } },
{ "type": "Feature", "properties": { "fid": 77, "GID_2": "PRY.9.13_1", "GID_0": "PRY", "COUNTRY": "Paraguay", "GID_1": "PRY.9_1", "NAME_1": "Central", "NL_NAME_1": "NA", "NAME_2": "Nueva Italia", "VARNAME_2": "NA", "NL_NAME_2": "NA", "TYPE_2": "Distrito", "ENGTYPE_2": "District", "CC_2": "NA", "HASC_2": "PY.CE.NI" }, "geometry": { "type": "MultiPolygon", "coordinates": [ [ [ [ -57.412384033999899, -25.590307234999898 ], [ -57.410820007999973, -25.594160079999938 ], [ -57.395835875999921, -25.606380462999937 ], [ -57.393604278999931, -25.611713409999936 ], [ -57.398281097999984, -25.621116637999933 ], [ -57.408477783999899, -25.62390518199993 ], [ -57.417610168999943, -25.640367507999883 ], [ -57.419242857999961, -25.646741866999946 ], [ -57.416942595999956, -25.654653549999864 ], [ -57.419284819999973, -25.661113737999983 ], [ -57.414550780999946, -25.665660857999967 ], [ -57.41376495399993, -25.67457580599995 ], [ -57.417343138999968, -25.68904113699989 ], [ -57.423110961999896, -25.693588256999931 ], [ -57.425960540999938, -25.700502395999933 ], [ -57.4290847769999, -25.698045730999866 ], [ -57.432422637999935, -25.698686598999871 ], [ -57.443458557999918, -25.707778929999961 ], [ -57.466514587999939, -25.745801925999899 ], [ -57.461910247999924, -25.760265348999951 ], [ -57.456768035999971, -25.763814924999963 ], [ -57.461441039999841, -25.770454405999942 ], [ -57.459022521999941, -25.774002074999942 ], [ -57.46066284199992, -25.780368803999977 ], [ -57.453643797999973, -25.798563003999959 ], [ -57.456504821999886, -25.808296201999894 ], [ -57.452373504999912, -25.812759398999958 ], [ -57.451385496999876, -25.820217132999915 ], [ -57.441524504999961, -25.83668136499989 ], [ -57.423240660999966, -25.844415664999815 ], [ -57.418819427999892, -25.855241774999911 ], [ -57.419860839999899, -25.864883423999913 ], [ -57.416179656999986, -25.870019911999918 ], [ -57.421722411999951, -25.886308669999949 ], [ -57.430622100999983, -25.900581358999943 ], [ -57.460514068999942, -25.937358854999957 ], [ -57.464603423999904, -25.948316573999932 ], [ -57.476608275999979, -25.965501785999948 ], [ -57.496017455999947, -26.011899947999893 ], [ -57.498229979999962, -26.011783599999944 ], [ -57.497272491999979, -25.988122938999879 ], [ -57.498634337999931, -25.97220039299998 ], [ -57.501457212999924, -25.96819686799995 ], [ -57.504295348999904, -25.968923568999912 ], [ -57.514568329999918, -25.982381819999944 ], [ -57.519134521999888, -25.98456191899993 ], [ -57.526008605999948, -25.98100852999994 ], [ -57.535129545999951, -25.983459472999925 ], [ -57.539863585999967, -25.977359771999943 ], [ -57.53812789899996, -25.972906112999908 ], [ -57.531017302999942, -25.966812132999905 ], [ -57.521800993999818, -25.966272354999944 ], [ -57.536552429999972, -25.958808897999972 ], [ -57.537960052999949, -25.955621717999975 ], [ -57.527935028999934, -25.945491790999881 ], [ -57.521476745999962, -25.942932128999928 ], [ -57.520179747999975, -25.828916548999928 ], [ -57.526859282999908, -25.802625655999861 ], [ -57.503780364999955, -25.564662932999966 ], [ -57.499111175999985, -25.556930540999929 ], [ -57.483776091999971, -25.557394027999919 ], [ -57.46052169799998, -25.574867248999965 ], [ -57.433086394999975, -25.580514907999884 ], [ -57.423408507999909, -25.584514617999901 ], [ -57.422107696999944, -25.588062286999957 ], [ -57.412384033999899, -25.590307234999898 ] ] ] ] } },
{ "type": "Feature", "properties": { "fid": 78, "GID_2": "PRY.9.14_1", "GID_0": "PRY", "COUNTRY": "Paraguay", "GID_1": "PRY.9_1", "NAME_1": "Central", "NL_NAME_1": "NA", "NAME_2": "San Antonio", "VARNAME_2": "NA", "NL_NAME_2": "NA", "TYPE_2": "Distrito", "ENGTYPE_2": "District", "CC_2": "NA", "HASC_2": "PY.CE.SA" }, "geometry": { "type": "MultiPolygon", "coordinates": [ [ [ [ -57.55427169799998, -25.465223310999932 ], [ -57.555946348999896, -25.444845198999872 ], [ -57.58101654099994, -25.409303665999971 ], [ -57.597236633999955, -25.397203445999878 ], [ -57.571189880999952, -25.390581130999976 ], [ -57.566867827999886, -25.36850738399994 ], [ -57.559219359999986, -25.370487211999944 ], [ -57.560539245999962, -25.372396468999909 ], [ -57.558429717999957, -25.374761581999962 ], [ -57.544765472999984, -25.384328842999935 ], [ -57.55001831099986, -25.388057707999963 ], [ -57.548740385999906, -25.396516798999983 ], [ -57.539905547999979, -25.404800414999897 ], [ -57.53425216699992, -25.428915023999934 ], [ -57.534572601999969, -25.437660216999916 ], [ -57.546218872999987, -25.449403761999918 ], [ -57.545909880999943, -25.457618711999885 ], [ -57.55427169799998, -25.465223310999932 ] ] ] ] } },
{ "type": "Feature", "properties": { "fid": 79, "GID_2": "PRY.9.15_1", "GID_0": "PRY", "COUNTRY": "Paraguay", "GID_1": "PRY.9_1", "NAME_1": "Central", "NL_NAME_1": "NA", "NAME_2": "San Lorenzo", "VARNAME_2": "NA", "NL_NAME_2": "NA", "TYPE_2": "Distrito", "ENGTYPE_2": "District", "CC_2": "NA", "HASC_2": "PY.CE.SL" }, "geometry": { "type": "MultiPolygon", "coordinates": [ [ [ [ -57.457851409999932, -25.308341979999966 ], [ -57.477382659999819, -25.329143523999903 ], [ -57.486610412999937, -25.348335265999935 ], [ -57.482639313999982, -25.366170881999949 ], [ -57.483203887999878, -25.383731841999975 ], [ -57.481021880999947, -25.39528465199993 ], [ -57.502475737999987, -25.391906737999932 ], [ -57.505905151999968, -25.393270491999886 ], [ -57.526023863999967, -25.383886336999979 ], [ -57.532855986999948, -25.378879546999883 ], [ -57.525253295999903, -25.365875242999948 ], [ -57.541339873999959, -25.357767105999983 ], [ -57.561695097999916, -25.359022139999979 ], [ -57.571601867999902, -25.342914581999878 ], [ -57.566585539999892, -25.348009108999975 ], [ -57.550777434999986, -25.348934173999851 ], [ -57.545883179999919, -25.333929060999822 ], [ -57.540618895999842, -25.326927184999931 ], [ -57.525814056999934, -25.326028822999945 ], [ -57.524780273999852, -25.319114684999931 ], [ -57.527191161999951, -25.317113875999951 ], [ -57.516094206999981, -25.312118528999974 ], [ -57.532543181999984, -25.29436683699987 ], [ -57.534137726999973, -25.289634704999969 ], [ -57.510986326999955, -25.290376662999961 ], [ -57.505485534999877, -25.301296233999892 ], [ -57.495727539999962, -25.30339431799996 ], [ -57.478050230999884, -25.317136763999883 ], [ -57.471702575999871, -25.316503524999973 ], [ -57.457851409999932, -25.308341979999966 ] ] ] ] } },
{ "type": "Feature", "properties": { "fid": 80, "GID_2": "PRY.9.16_1", "GID_0": "PRY", "COUNTRY": "Paraguay", "GID_1": "PRY.9_1", "NAME_1": "Central", "NL_NAME_1": "NA", "NAME_2": "Villa Elisa", "VARNAME_2": "NA", "NL_NAME_2": "NA", "TYPE_2": "Distrito", "ENGTYPE_2": "District", "CC_2": "NA", "HASC_2": "PY.CE.VE" }, "geometry": { "type": "MultiPolygon", "coordinates": [ [ [ [ -57.597236633999955, -25.397203445999878 ], [ -57.614963531999877, -25.387029646999906 ], [ -57.583419798999955, -25.332834242999979 ], [ -57.571601867999902, -25.342914581999878 ], [ -57.566905974999941, -25.352832793999937 ], [ -57.566974640999945, -25.369844436999983 ], [ -57.569824218999941, -25.377120971999943 ], [ -57.570274352999945, -25.38858222999994 ], [ -57.571796416999916, -25.391128538999965 ], [ -57.597236633999955, -25.397203445999878 ] ] ] ] } },
{ "type": "Feature", "properties": { "fid": 81, "GID_2": "PRY.9.17_1", "GID_0": "PRY", "COUNTRY": "Paraguay", "GID_1": "PRY.9_1", "NAME_1": "Central", "NL_NAME_1": "NA", "NAME_2": "Villeta", "VARNAME_2": "NA", "NL_NAME_2": "NA", "TYPE_2": "Distrito", "ENGTYPE_2": "District", "CC_2": "NA", "HASC_2": "PY.CE.VI" }, "geometry": { "type": "MultiPolygon", "coordinates": [ [ [ [ -57.813564300999985, -25.760742186999892 ], [ -57.806705473999955, -25.756265638999878 ], [ -57.796546935999913, -25.756538391999982 ], [ -57.788772583999958, -25.75989913899997 ], [ -57.781223297999986, -25.758674621999887 ], [ -57.764854430999833, -25.751342772999976 ], [ -57.732040405999953, -25.723344801999929 ], [ -57.728126524999936, -25.709571837999817 ], [ -57.731750486999942, -25.70305824299993 ], [ -57.758300780999889, -25.704378127999973 ], [ -57.76576614399994, -25.697105406999867 ], [ -57.766819, -25.690498351999963 ], [ -57.764526367999963, -25.681430816999864 ], [ -57.757034301999909, -25.674232482999969 ], [ -57.750408173999858, -25.659946440999931 ], [ -57.746486662999928, -25.657258986999977 ], [ -57.706756590999987, -25.651256560999968 ], [ -57.687301636999905, -25.660099029999856 ], [ -57.682430267999905, -25.661275862999958 ], [ -57.678714751999962, -25.65951347299989 ], [ -57.672817229999964, -25.65099716099985 ], [ -57.671756743999879, -25.641992568999967 ], [ -57.675048827999944, -25.617317199999889 ], [ -57.674507141999982, -25.607015609999905 ], [ -57.671100616999979, -25.601356504999956 ], [ -57.657535551999956, -25.599180220999983 ], [ -57.630058288999976, -25.616411207999818 ], [ -57.60898971499995, -25.617506026999877 ], [ -57.603168486999891, -25.61170768799991 ], [ -57.598590849999937, -25.57475471399988 ], [ -57.592956542999957, -25.572427749999918 ], [ -57.575744628999928, -25.573909758999946 ], [ -57.56643676799996, -25.564628600999981 ], [ -57.563232422999931, -25.555612563999944 ], [ -57.561862945999962, -25.542757033999976 ], [ -57.569416044999969, -25.515134811999928 ], [ -57.554424284999982, -25.472452162999957 ], [ -57.54057693399983, -25.476301192999983 ], [ -57.529281616999981, -25.475040435999972 ], [ -57.510139464999952, -25.480239866999909 ], [ -57.486351012999876, -25.482797621999907 ], [ -57.478630065999823, -25.488367080999922 ], [ -57.484088896999936, -25.499084472999925 ], [ -57.468078613999978, -25.507457732999967 ], [ -57.456848144999981, -25.495815276999906 ], [ -57.459609984999929, -25.508914947999926 ], [ -57.447326658999941, -25.515468597999927 ], [ -57.444213867999963, -25.520921705999967 ], [ -57.434482574999947, -25.503732680999974 ], [ -57.437782286999948, -25.49390601999994 ], [ -57.427860259999932, -25.476528167999959 ], [ -57.427890777999949, -25.491722107999976 ], [ -57.431549071999939, -25.501274107999905 ], [ -57.430271147999918, -25.513921737999965 ], [ -57.427871704999973, -25.521017074999918 ], [ -57.420322418999945, -25.526931762999936 ], [ -57.419029235999972, -25.533843993999938 ], [ -57.414394378999987, -25.535842894999973 ], [ -57.414909362999936, -25.540302276999967 ], [ -57.411891935999961, -25.543851852999978 ], [ -57.423439024999936, -25.559133528999951 ], [ -57.423957823999956, -25.564140318999875 ], [ -57.412384033999899, -25.590307234999898 ], [ -57.422107696999944, -25.588062286999957 ], [ -57.423408507999909, -25.584514617999901 ], [ -57.433086394999975, -25.580514907999884 ], [ -57.46052169799998, -25.574867248999965 ], [ -57.473907469999972, -25.563037871999882 ], [ -57.484783171999936, -25.557117461999951 ], [ -57.499111175999985, -25.556930540999929 ], [ -57.503986358999953, -25.565477370999929 ], [ -57.526859282999908, -25.802625655999861 ], [ -57.520179747999975, -25.828916548999928 ], [ -57.522083281999983, -25.944751738999855 ], [ -57.527935028999934, -25.945491790999881 ], [ -57.533744810999963, -25.93925285399996 ], [ -57.540229797999984, -25.940883634999977 ], [ -57.54558181799996, -25.937784194999949 ], [ -57.547733306999987, -25.928375243999938 ], [ -57.577209472999982, -25.899093626999957 ], [ -57.581989288999978, -25.898122786999977 ], [ -57.582855224999946, -25.890449523999962 ], [ -57.599437713999919, -25.891429899999935 ], [ -57.601074218999884, -25.895244598999966 ], [ -57.605083465999883, -25.88686943099998 ], [ -57.611156463999919, -25.887046814999906 ], [ -57.614078520999954, -25.884855269999946 ], [ -57.603908538999917, -25.873050688999967 ], [ -57.606708526999967, -25.865310668999939 ], [ -57.602561950999984, -25.865406035999911 ], [ -57.600803375999931, -25.857221601999981 ], [ -57.612152099999946, -25.86121177699988 ], [ -57.613296508999952, -25.868665695999937 ], [ -57.616035461999957, -25.870300292999957 ], [ -57.629764557999977, -25.863641737999956 ], [ -57.631366729999968, -25.860090255999978 ], [ -57.625476836999951, -25.855371474999913 ], [ -57.634178161999955, -25.855989456999964 ], [ -57.635379790999821, -25.852897643999938 ], [ -57.632934568999985, -25.849536894999972 ], [ -57.634651183999949, -25.848262786999953 ], [ -57.642131804999906, -25.847337721999907 ], [ -57.647911070999953, -25.85088157499996 ], [ -57.655803680999952, -25.851411819999953 ], [ -57.654914855999948, -25.855686187999936 ], [ -57.661884307999969, -25.853584288999912 ], [ -57.662410735999913, -25.857675550999943 ], [ -57.665248870999903, -25.85876464699993 ], [ -57.669166564999898, -25.853931425999974 ], [ -57.679870605999952, -25.850004195999929 ], [ -57.685543059999986, -25.851909637999938 ], [ -57.690460204999965, -25.844253539999897 ], [ -57.689327238999908, -25.83989333999989 ], [ -57.701648711999951, -25.836593627999832 ], [ -57.704700469999921, -25.839859008999895 ], [ -57.712799071999882, -25.841573713999935 ], [ -57.716625212999986, -25.83810806199989 ], [ -57.724319458999958, -25.839912413999969 ], [ -57.729202269999973, -25.826622008999891 ], [ -57.73932266199995, -25.827146529999936 ], [ -57.743049621999944, -25.824497223999856 ], [ -57.738716125999929, -25.808593748999897 ], [ -57.74375915499985, -25.80639266999998 ], [ -57.739593506999881, -25.803037642999925 ], [ -57.738754272999984, -25.79722022999988 ], [ -57.743198395999968, -25.79657363799987 ], [ -57.751018524999893, -25.78464126599988 ], [ -57.748779296999885, -25.782552717999977 ], [ -57.749160765999932, -25.777818678999893 ], [ -57.739425658999949, -25.772474288999945 ], [ -57.744148254999971, -25.767280577999884 ], [ -57.744407652999939, -25.759639739999898 ], [ -57.752696990999937, -25.759620665999932 ], [ -57.756752013999915, -25.76188278199993 ], [ -57.755371093999884, -25.767982482999969 ], [ -57.762760162999939, -25.770149229999845 ], [ -57.757244108999942, -25.777896879999957 ], [ -57.758403777999888, -25.785987853999927 ], [ -57.768253326999968, -25.793878553999889 ], [ -57.775947570999904, -25.795404432999931 ], [ -57.784828186999903, -25.792747497999926 ], [ -57.789318084999877, -25.788747785999931 ], [ -57.788688659999934, -25.791997908999974 ], [ -57.797863006999933, -25.785148619999916 ], [ -57.801498412999877, -25.780212400999972 ], [ -57.803863525999986, -25.766761778999978 ], [ -57.805572508999887, -25.765907287999937 ], [ -57.807811735999906, -25.771358488999965 ], [ -57.811985016999984, -25.77034187299995 ], [ -57.813564300999985, -25.760742186999892 ] ] ] ] } },
{ "type": "Feature", "properties": { "fid": 82, "GID_2": "PRY.9.18_1", "GID_0": "PRY", "COUNTRY": "Paraguay", "GID_1": "PRY.9_1", "NAME_1": "Central", "NL_NAME_1": "NA", "NAME_2": "Water body", "VARNAME_2": "NA", "NL_NAME_2": "NA", "TYPE_2": "Water body", "ENGTYPE_2": "Water body", "CC_2": "NA", "HASC_2": "NA" }, "geometry": { "type": "MultiPolygon", "coordinates": [ [ [ [ -57.351818083999945, -25.31744766199995 ], [ -57.373970031999932, -25.29457664499995 ], [ -57.376369476999969, -25.286569594999833 ], [ -57.365970611999956, -25.275558470999954 ], [ -57.358188629999972, -25.261268615999938 ], [ -57.344280242999844, -25.254533767999931 ], [ -57.335502623999844, -25.245065688999944 ], [ -57.323024749999945, -25.245328901999926 ], [ -57.321662902999947, -25.270160674999886 ], [ -57.323299406999979, -25.283449172999951 ], [ -57.31938171399986, -25.286991118999879 ], [ -57.307704925999985, -25.287256240999966 ], [ -57.304607390999934, -25.300170898999966 ], [ -57.291728972999977, -25.306983947999981 ], [ -57.28651046799996, -25.316259382999931 ], [ -57.288436888999911, -25.325721740999938 ], [ -57.286334989999887, -25.332181929999933 ], [ -57.280300139999895, -25.338453292999873 ], [ -57.285854339999844, -25.346189497999944 ], [ -57.284759520999955, -25.355833052999913 ], [ -57.289703367999891, -25.359931944999971 ], [ -57.299369810999963, -25.357303618999936 ], [ -57.351818083999945, -25.31744766199995 ] ] ] ] } },
{ "type": "Feature", "properties": { "fid": 83, "GID_2": "PRY.9.19_1", "GID_0": "PRY", "COUNTRY": "Paraguay", "GID_1": "PRY.9_1", "NAME_1": "Central", "NL_NAME_1": "NA", "NAME_2": "Ypacaraí", "VARNAME_2": "NA", "NL_NAME_2": "NA", "TYPE_2": "Distrito", "ENGTYPE_2": "District", "CC_2": "NA", "HASC_2": "PY.CE.YC" }, "geometry": { "type": "MultiPolygon", "coordinates": [ [ [ [ -57.2915229809999, -25.44118881199995 ], [ -57.29668044999994, -25.431535719999886 ], [ -57.300876616999972, -25.410797117999948 ], [ -57.30580901999997, -25.407251356999893 ], [ -57.306701659999987, -25.400884628999904 ], [ -57.313945768999929, -25.394796370999927 ], [ -57.314430236999954, -25.383880613999963 ], [ -57.308277130999954, -25.378961563999894 ], [ -57.323787689999904, -25.37678909199991 ], [ -57.329196928999977, -25.361963271999969 ], [ -57.322540283999899, -25.357864379999967 ], [ -57.323028564999959, -25.348857877999933 ], [ -57.326038360999974, -25.343587875999901 ], [ -57.324920653999925, -25.338487624999971 ], [ -57.299369810999963, -25.357303618999936 ], [ -57.290813444999912, -25.360025405999977 ], [ -57.285671233999949, -25.357290267999872 ], [ -57.284252166999977, -25.352285383999913 ], [ -57.267536163999864, -25.355089187999909 ], [ -57.250408171999936, -25.352703093999935 ], [ -57.245777129999851, -25.356151579999903 ], [ -57.231678008999893, -25.35877609299996 ], [ -57.196506500999931, -25.344257354999968 ], [ -57.185035705999951, -25.360069273999954 ], [ -57.186260222999977, -25.379085539999949 ], [ -57.178707121999878, -25.384075163999967 ], [ -57.176799774999893, -25.389074324999967 ], [ -57.179321287999983, -25.392173767999907 ], [ -57.200283049999939, -25.396207808999918 ], [ -57.200298308999947, -25.413131712999927 ], [ -57.20252609299996, -25.420410155999946 ], [ -57.2915229809999, -25.44118881199995 ] ] ] ] } },
{ "type": "Feature", "properties": { "fid": 84, "GID_2": "PRY.9.20_1", "GID_0": "PRY", "COUNTRY": "Paraguay", "GID_1": "PRY.9_1", "NAME_1": "Central", "NL_NAME_1": "NA", "NAME_2": "Ypané", "VARNAME_2": "NA", "NL_NAME_2": "NA", "TYPE_2": "Distrito", "ENGTYPE_2": "District", "CC_2": "NA", "HASC_2": "PY.CE.YN" }, "geometry": { "type": "MultiPolygon", "coordinates": [ [ [ [ -57.554424284999982, -25.472452162999957 ], [ -57.55427169799998, -25.465223310999932 ], [ -57.545909880999943, -25.457618711999885 ], [ -57.546218872999987, -25.449403761999918 ], [ -57.512336730999948, -25.416917799999908 ], [ -57.497318266999969, -25.416017532999945 ], [ -57.465015410999911, -25.43167686399994 ], [ -57.471088409999936, -25.439224242999842 ], [ -57.471607208999956, -25.44450187699988 ], [ -57.469501495999907, -25.447322844999974 ], [ -57.462574005999954, -25.448875426999905 ], [ -57.463058470999897, -25.451145170999951 ], [ -57.472591399999942, -25.468336104999935 ], [ -57.473842621999836, -25.48088836699992 ], [ -57.478939055999888, -25.489654540999879 ], [ -57.483028411999953, -25.484708785999942 ], [ -57.48957443199987, -25.481702802999905 ], [ -57.510139464999952, -25.480239866999909 ], [ -57.530891417999953, -25.474857329999907 ], [ -57.54057693399983, -25.476301192999983 ], [ -57.554424284999982, -25.472452162999957 ] ] ] ] } },
{ "type": "Feature", "properties": { "fid": 85, "GID_2": "PRY.10.1_1", "GID_0": "PRY", "COUNTRY": "Paraguay", "GID_1": "PRY.10_1", "NAME_1": "Concepción", "NL_NAME_1": "NA", "NAME_2": "Belén", "VARNAME_2": "NA", "NL_NAME_2": "NA", "TYPE_2": "Distrito", "ENGTYPE_2": "District", "CC_2": "NA", "HASC_2": "PY.CN.BE" }, "geometry": { "type": "MultiPolygon", "coordinates": [ [ [ [ -57.291229246999933, -23.485107421999942 ], [ -57.287406920999956, -23.481391906999818 ], [ -57.287788390999879, -23.471773146999965 ], [ -57.291728972999977, -23.470056533999923 ], [ -57.291374205999944, -23.467290876999982 ], [ -57.323467254999969, -23.46437072699996 ], [ -57.316772460999971, -23.449954986999899 ], [ -57.300071715999877, -23.446968078999873 ], [ -57.30182647599986, -23.42922782799991 ], [ -57.320293425999978, -23.422300338999889 ], [ -57.319835662999935, -23.419460295999897 ], [ -57.267948150999928, -23.395477293999932 ], [ -57.259433746999946, -23.393756865999933 ], [ -57.209751128999926, -23.401420592999955 ], [ -57.188259124999831, -23.397579192999842 ], [ -57.188426971999945, -23.406412123999871 ], [ -57.185882567999897, -23.408180236999897 ], [ -57.114982605999955, -23.398279189999926 ], [ -57.108383178999986, -23.41493415799988 ], [ -57.101440428999979, -23.419092177999914 ], [ -57.123043060999976, -23.428237913999908 ], [ -57.138713837999887, -23.452938078999921 ], [ -57.141803741999865, -23.453506468999876 ], [ -57.144729614999903, -23.448316572999886 ], [ -57.169998168999882, -23.459209440999928 ], [ -57.171466827999893, -23.462633132999883 ], [ -57.166740417999961, -23.470193862999906 ], [ -57.184165954999912, -23.474325178999891 ], [ -57.194576262999817, -23.473207473999935 ], [ -57.209774017999962, -23.475559233999945 ], [ -57.227550505999886, -23.470453261999978 ], [ -57.238090514999953, -23.470500944999912 ], [ -57.238754272999984, -23.468229292999979 ], [ -57.274520873999847, -23.479078291999883 ], [ -57.284828186999846, -23.487728118999939 ], [ -57.290283202999888, -23.489107131999845 ], [ -57.291229246999933, -23.485107421999942 ] ] ] ] } },
{ "type": "Feature", "properties": { "fid": 86, "GID_2": "PRY.10.2_1", "GID_0": "PRY", "COUNTRY": "Paraguay", "GID_1": "PRY.10_1", "NAME_1": "Concepción", "NL_NAME_1": "NA", "NAME_2": "Concepción", "VARNAME_2": "NA", "NL_NAME_2": "NA", "TYPE_2": "Distrito", "ENGTYPE_2": "District", "CC_2": "NA", "HASC_2": "NA" }, "geometry": { "type": "MultiPolygon", "coordinates": [ [ [ [ -57.049114226999961, -22.235212324999964 ], [ -57.048713682999903, -22.23791313199996 ], [ -57.043754577999948, -22.233541488999947 ], [ -57.003940581999984, -22.222301482999853 ], [ -56.999843597999984, -22.222686767999846 ], [ -56.990036010999972, -22.236951826999928 ], [ -56.984867095999959, -22.2396717069999 ], [ -56.979354857999851, -22.240068434999955 ], [ -56.965782164999951, -22.234941481999954 ], [ -56.960948942999892, -22.235902784999894 ], [ -56.947124479999957, -22.248363493999932 ], [ -56.92676544099993, -22.248758314999975 ], [ -56.909797667999953, -22.255071639999926 ], [ -56.903011322999987, -22.244808196999827 ], [ -56.893184661999953, -22.243690489999892 ], [ -56.882228851999912, -22.254278182999826 ], [ -56.881805418999875, -22.271247863999974 ], [ -56.871196746999829, -22.28229141099996 ], [ -56.85362625099998, -22.290853499999969 ], [ -56.847713469999974, -22.291559217999918 ], [ -56.841072082999972, -22.29648971599994 ], [ -56.83046722399996, -22.297666548999928 ], [ -56.822834015999945, -22.289768218999939 ], [ -56.815811156999928, -22.289205549999963 ], [ -56.816272735999917, -22.292478560999939 ], [ -56.608470915999874, -22.352664946999937 ], [ -56.61845016399991, -22.365743636999923 ], [ -56.626873015999934, -22.371650695999904 ], [ -56.641124725999987, -22.379449843999964 ], [ -56.651824949999934, -22.381065368999941 ], [ -56.654720305999945, -22.391119002999915 ], [ -56.655689238999969, -22.411321639999983 ], [ -56.661628721999932, -22.422695159999876 ], [ -56.701156616999924, -22.43668556099982 ], [ -56.71539688099989, -22.450441359999957 ], [ -56.719417571999941, -22.48025131199995 ], [ -56.726093292999963, -22.500236510999855 ], [ -56.734958647999918, -22.511091231999956 ], [ -56.738079071999834, -22.527778624999883 ], [ -56.735546112999941, -22.536409378999906 ], [ -56.727497100999926, -22.547611235999966 ], [ -56.723575591999918, -22.577413557999932 ], [ -56.716014862999884, -22.59561920099992 ], [ -56.71424484299996, -22.612922668999886 ], [ -56.718624114999955, -22.64252090399998 ], [ -56.69327926699998, -22.675710678999963 ], [ -56.691127776999963, -22.685249327999941 ], [ -56.69291686999992, -22.697610854999937 ], [ -56.690906523999956, -22.70351028399989 ], [ -56.684497833999956, -22.710956572999976 ], [ -56.670337676999907, -22.712583541999948 ], [ -56.670848845999842, -22.722888946999944 ], [ -56.662742613999967, -22.728824614999894 ], [ -56.660140991999981, -22.746307371999933 ], [ -56.662456512999938, -22.752115248999928 ], [ -56.66028976399997, -22.763717650999865 ], [ -56.655250547999913, -22.772884367999893 ], [ -56.655143737999879, -22.785091399999885 ], [ -56.640869140999882, -22.802644729999884 ], [ -56.641773223999905, -22.815620421999881 ], [ -56.644077301999971, -22.81749534599993 ], [ -56.654769897999927, -22.81730842599984 ], [ -56.656597137999881, -22.819366454999965 ], [ -56.655235289999894, -22.82540893599986 ], [ -56.66678619399994, -22.834995269999979 ], [ -56.665996551999967, -22.842933654999911 ], [ -56.669162749999941, -22.844112394999911 ], [ -56.678722380999886, -22.841222761999916 ], [ -56.687358854999957, -22.844242095999903 ], [ -56.70208358799988, -22.844898223999905 ], [ -56.694568632999903, -22.864194868999959 ], [ -56.698886870999956, -22.875804899999821 ], [ -56.700050354999973, -22.888134002999948 ], [ -56.696182250999925, -22.898006437999925 ], [ -56.704101561999948, -22.902357101999939 ], [ -56.703792572999987, -22.920799255999952 ], [ -56.693950653999934, -22.940219878999926 ], [ -56.697914123999965, -22.95047187699987 ], [ -56.68213271999997, -22.95773124699997 ], [ -56.674243927999896, -22.948005675999923 ], [ -56.671485900999983, -22.94854545599992 ], [ -56.669898986999954, -22.953943251999874 ], [ -56.665004729999907, -22.958616255999971 ], [ -56.670398712999884, -22.970649719999983 ], [ -56.662658689999944, -22.981981277999921 ], [ -56.67413329999988, -22.998907088999886 ], [ -56.675933836999945, -23.008810042999983 ], [ -56.677947998999969, -23.01072120699996 ], [ -56.683364867999956, -23.008794784999964 ], [ -56.68510436999992, -23.000558853999962 ], [ -56.689662932999966, -23.000736236999956 ], [ -56.698928831999979, -23.011798857999963 ], [ -56.695716856999979, -23.018142699999942 ], [ -56.706886291999979, -23.016759872999899 ], [ -56.721363067999903, -23.007511138999917 ], [ -56.725044250999929, -23.015394210999887 ], [ -56.724437712999929, -23.024024962999817 ], [ -56.728839873999902, -23.028280257999825 ], [ -56.737438201999908, -23.031332015999908 ], [ -56.75481796299988, -23.031457900999953 ], [ -56.766788481999981, -23.03627204899982 ], [ -56.76931762799984, -23.040988920999894 ], [ -56.773262022999972, -23.042491912999935 ], [ -56.774829863999912, -23.040288924999913 ], [ -56.777202604999957, -23.04137039099993 ], [ -56.781368254999904, -23.034231185999886 ], [ -56.787780760999908, -23.029420852999976 ], [ -56.786685943999828, -23.038698195999928 ], [ -56.783210753999981, -23.044822692999958 ], [ -56.784805298999913, -23.054822920999868 ], [ -56.786399840999934, -23.056720732999963 ], [ -56.796234131999881, -23.055862426999965 ], [ -56.802726745999905, -23.058380125999918 ], [ -56.8084297179999, -23.066314696999882 ], [ -56.80721664399988, -23.07671165499994 ], [ -56.811401367999849, -23.07630538799998 ], [ -56.816890716999978, -23.080659866999952 ], [ -56.827320098999962, -23.074266432999934 ], [ -56.837879180999948, -23.075399397999888 ], [ -56.846889495999903, -23.073112487999936 ], [ -56.848606108999945, -23.080572127999972 ], [ -56.859016418999943, -23.07527160699982 ], [ -56.86671447699996, -23.081781386999921 ], [ -56.874034881999933, -23.082937240999911 ], [ -56.881114958999945, -23.081161497999972 ], [ -56.888141630999939, -23.074867247999919 ], [ -56.890457151999954, -23.07703971799998 ], [ -56.89197540299989, -23.095914839999978 ], [ -56.894035339999903, -23.096595763999971 ], [ -56.895877838999922, -23.093446730999858 ], [ -56.897544861999847, -23.104274748999956 ], [ -56.905757903999927, -23.114660262999962 ], [ -56.908874511999954, -23.108978271999945 ], [ -56.923339842999951, -23.116222380999943 ], [ -56.940219878999926, -23.117666243999963 ], [ -56.971721649999949, -23.114019392999921 ], [ -56.980010985999968, -23.112030029999914 ], [ -56.986972809999827, -23.107057571999974 ], [ -56.993621825999981, -23.107166288999906 ], [ -56.996891021999943, -23.112157820999926 ], [ -57.002410887999986, -23.113759992999974 ], [ -57.012836456999878, -23.106473921999907 ], [ -57.01548767099996, -23.099058151999884 ], [ -57.023571014999902, -23.095586776999824 ], [ -57.027854919999982, -23.095212935999882 ], [ -57.033908843999939, -23.100276945999951 ], [ -57.041309355999942, -23.100973128999897 ], [ -57.060005186999831, -23.091365813999971 ], [ -57.073471069999869, -23.088462829999969 ], [ -57.077476500999978, -23.084283828999958 ], [ -57.077728271999945, -23.076131819999944 ], [ -57.079898833999948, -23.073558806999927 ], [ -57.087631225999985, -23.075971602999914 ], [ -57.093025206999982, -23.073329925999928 ], [ -57.095394134999935, -23.074562071999821 ], [ -57.108749388999968, -23.0915699009999 ], [ -57.109249114999955, -23.098783493999974 ], [ -57.105251311999837, -23.109397888999922 ], [ -57.116249084999936, -23.107282636999969 ], [ -57.127422332999913, -23.10999488899995 ], [ -57.130374908999954, -23.122219084999983 ], [ -57.14414596499995, -23.117832183999951 ], [ -57.149635314999898, -23.113544462999982 ], [ -57.153865814999904, -23.114740371999915 ], [ -57.160476684999878, -23.102249145999963 ], [ -57.162040710999975, -23.107681273999901 ], [ -57.164520263999975, -23.106313703999888 ], [ -57.172672271999886, -23.093366622999895 ], [ -57.184791564999955, -23.081596373999901 ], [ -57.201522825999916, -23.08642959499997 ], [ -57.216571807999969, -23.085117340999886 ], [ -57.220603942999958, -23.089073180999833 ], [ -57.221107483999958, -23.096611021999934 ], [ -57.230693817999907, -23.101083753999887 ], [ -57.23555755599989, -23.101160049999976 ], [ -57.241123198999901, -23.096067428999959 ], [ -57.266380309999874, -23.117040633999977 ], [ -57.276706695999962, -23.132341383999972 ], [ -57.288852690999931, -23.137348175999875 ], [ -57.290569305999952, -23.155689239999901 ], [ -57.295459747999928, -23.162559509999937 ], [ -57.306343077999884, -23.167867660999889 ], [ -57.320903777999945, -23.162570952999886 ], [ -57.327621459999932, -23.175422667999896 ], [ -57.332923888999971, -23.175754545999951 ], [ -57.341476440999941, -23.198268890999884 ], [ -57.343338013999869, -23.20966148399998 ], [ -57.351634979999972, -23.226184843999874 ], [ -57.355358123999906, -23.230365751999955 ], [ -57.368766784999934, -23.233640670999932 ], [ -57.372657774999823, -23.236650466999947 ], [ -57.376312255999949, -23.271640776999959 ], [ -57.388626098999964, -23.279785155999946 ], [ -57.389896392999901, -23.283895492999932 ], [ -57.38828658999995, -23.288812635999932 ], [ -57.382469176999905, -23.293104171999914 ], [ -57.378761290999876, -23.283670424999968 ], [ -57.338848113999973, -23.309846876999927 ], [ -57.319892882999966, -23.325437544999886 ], [ -57.2786941519999, -23.343217849999974 ], [ -57.258789061999892, -23.358514784999898 ], [ -57.240688323999962, -23.362478255999918 ], [ -57.224140167999906, -23.375032423999926 ], [ -57.208141325999975, -23.382560728999863 ], [ -57.185520170999951, -23.387502669999947 ], [ -57.183883666999975, -23.392011641999943 ], [ -57.179134368999883, -23.392185209999923 ], [ -57.179721831999984, -23.394594192999932 ], [ -57.209751128999926, -23.401420592999955 ], [ -57.262851714999954, -23.393732069999942 ], [ -57.318172454999967, -23.418123244999947 ], [ -57.320293425999978, -23.422300338999889 ], [ -57.30182647599986, -23.42922782799991 ], [ -57.300266265999824, -23.431634902999974 ], [ -57.301731108999945, -23.442607879999969 ], [ -57.300071715999877, -23.446968078999873 ], [ -57.316772460999971, -23.449954986999899 ], [ -57.323467254999969, -23.46437072699996 ], [ -57.291374205999944, -23.467290876999982 ], [ -57.291728972999977, -23.470056533999923 ], [ -57.287788390999879, -23.471773146999965 ], [ -57.287406920999956, -23.481391906999818 ], [ -57.295665739999947, -23.48888015599988 ], [ -57.333271026999853, -23.493890762999968 ], [ -57.36078643899998, -23.502023696999913 ], [ -57.368930815999931, -23.502178191999974 ], [ -57.375495910999973, -23.499069213999974 ], [ -57.37986755299994, -23.493516920999923 ], [ -57.398056029999964, -23.493593216999955 ], [ -57.396621702999937, -23.490144729999884 ], [ -57.406311034999931, -23.487539290999962 ], [ -57.409885406999933, -23.482248304999871 ], [ -57.420486448999895, -23.476934433999929 ], [ -57.431720732999963, -23.473102568999877 ], [ -57.451595306999934, -23.47321891699994 ], [ -57.453960417999951, -23.459699630999978 ], [ -57.468273162999878, -23.437931060999972 ], [ -57.481399535999913, -23.434907911999971 ], [ -57.485298155999885, -23.423543929999937 ], [ -57.501602172999924, -23.401689529999942 ], [ -57.517856596999934, -23.385040282999853 ], [ -57.537937164999903, -23.370521544999917 ], [ -57.542694092999966, -23.358037947999946 ], [ -57.541332243999875, -23.354053497999871 ], [ -57.524993895999955, -23.339052199999912 ], [ -57.506595610999909, -23.330289839999921 ], [ -57.517650603999869, -23.288360594999915 ], [ -57.538738249999938, -23.268453596999905 ], [ -57.558547972999861, -23.255531310999913 ], [ -57.562988280999889, -23.24757766599987 ], [ -57.564060211999958, -23.232675552999922 ], [ -57.569049834999987, -23.22469329899991 ], [ -57.633808134999981, -23.198104857999908 ], [ -57.643795012999931, -23.189313888999891 ], [ -57.652965544999859, -23.168380737999883 ], [ -57.660770415999934, -23.139808653999978 ], [ -57.648632049999947, -23.116653440999926 ], [ -57.648200988999974, -23.108139036999944 ], [ -57.653209686999958, -23.100912093999909 ], [ -57.665035247999924, -23.097505568999964 ], [ -57.716686248999906, -23.108078001999957 ], [ -57.731365203999928, -23.103052138999942 ], [ -57.745338438999966, -23.092523574999859 ], [ -57.749195098999849, -23.083154678999961 ], [ -57.750858306999987, -23.066844939999896 ], [ -57.765899656999977, -23.058145521999961 ], [ -57.78012466399997, -23.042293548999965 ], [ -57.79192352199982, -23.042327880999949 ], [ -57.800827025999922, -23.036664962999907 ], [ -57.803352354999959, -23.023750304999908 ], [ -57.802520750999918, -23.013639448999982 ], [ -57.785659790999887, -22.983835219999946 ], [ -57.782104491999974, -22.966875074999962 ], [ -57.798679350999976, -22.947139739999955 ], [ -57.810649871999885, -22.938053129999957 ], [ -57.818397521999941, -22.925079344999972 ], [ -57.828826903999925, -22.916637420999962 ], [ -57.832244873999912, -22.907287597999925 ], [ -57.825836180999943, -22.898698805999857 ], [ -57.803401946999884, -22.882825851999939 ], [ -57.798629760999916, -22.865173339999899 ], [ -57.800632476999908, -22.857952117999957 ], [ -57.809280394999917, -22.848499297999979 ], [ -57.815147399999887, -22.823650358999942 ], [ -57.826023101999908, -22.832284925999886 ], [ -57.835372924999945, -22.831090926999877 ], [ -57.857162475999985, -22.833740233999947 ], [ -57.865474700999926, -22.8290538789999 ], [ -57.874282835999963, -22.814273833999948 ], [ -57.874210357999914, -22.797224044999837 ], [ -57.887924194999982, -22.775032042999953 ], [ -57.886310576999961, -22.770431517999896 ], [ -57.878234863999921, -22.764122008999834 ], [ -57.881103515999882, -22.753078459999927 ], [ -57.887268066999866, -22.748273848999929 ], [ -57.890476226999908, -22.739456175999919 ], [ -57.916191101999857, -22.730930328999875 ], [ -57.924777984999878, -22.725208282999915 ], [ -57.931095122999977, -22.714014053999904 ], [ -57.940376280999885, -22.681455610999933 ], [ -57.941051481999978, -22.672533034999844 ], [ -57.936084746999882, -22.65049171499993 ], [ -57.911655424999935, -22.639707564999981 ], [ -57.882671356999936, -22.631311415999846 ], [ -57.865745543999878, -22.633251189999953 ], [ -57.829124449999938, -22.627475738999919 ], [ -57.790424346999941, -22.643951415999936 ], [ -57.780513763999977, -22.645057677999887 ], [ -57.772407531999932, -22.63904380799994 ], [ -57.772956847999922, -22.626991270999952 ], [ -57.781707762999929, -22.610080718999939 ], [ -57.815971373999957, -22.580518722999898 ], [ -57.830425262999938, -22.558530807999887 ], [ -57.83533859299996, -22.533769607999886 ], [ -57.833366393999938, -22.509202956999843 ], [ -57.845851898999911, -22.509172439999872 ], [ -57.857540130999951, -22.503105162999873 ], [ -57.853267668999877, -22.502744673999814 ], [ -57.856014251999909, -22.498556137999969 ], [ -57.852443694999977, -22.482719420999899 ], [ -57.839969634999932, -22.448057173999928 ], [ -57.840904236999904, -22.434526442999982 ], [ -57.845619202999956, -22.424133299999937 ], [ -57.851039886999843, -22.418767928999955 ], [ -57.87855529899997, -22.405557631999898 ], [ -57.880493163999915, -22.392162321999933 ], [ -57.870258331999878, -22.382022856999981 ], [ -57.856369018999885, -22.380706787999941 ], [ -57.853599548999966, -22.390729904999887 ], [ -57.848438262999878, -22.398523329999932 ], [ -57.825958251999964, -22.398723601999961 ], [ -57.821956633999889, -22.396787643999915 ], [ -57.82144164999994, -22.393749236999952 ], [ -57.824562072999925, -22.383441925999875 ], [ -57.822879791999981, -22.381889342999841 ], [ -57.819915770999899, -22.387678146999974 ], [ -57.808036803999983, -22.387514113999941 ], [ -57.806667327999889, -22.380647659999966 ], [ -57.795402526999908, -22.38752937299995 ], [ -57.779293059999986, -22.38394164999994 ], [ -57.773487089999833, -22.393682480999928 ], [ -57.766094208999903, -22.397836684999959 ], [ -57.759529113999918, -22.398138046999918 ], [ -57.750957488999916, -22.390666961999841 ], [ -57.743389129999969, -22.377651214999901 ], [ -57.734085083999844, -22.372785568999859 ], [ -57.735088347999977, -22.370700835999912 ], [ -57.723197935999906, -22.36551666299988 ], [ -57.7048912059999, -22.367044447999831 ], [ -57.697685240999931, -22.361658094999939 ], [ -57.685070036999832, -22.357130050999899 ], [ -57.655490875999988, -22.350990294999974 ], [ -57.623355864999894, -22.354360580999924 ], [ -57.618019104999917, -22.356260299999974 ], [ -57.627445221999949, -22.384458540999958 ], [ -57.607608794999919, -22.402923583999836 ], [ -57.593250274999946, -22.422758102999865 ], [ -57.575466155999891, -22.45490074199995 ], [ -57.531696319999924, -22.456270217999929 ], [ -57.526908873999957, -22.451484679999965 ], [ -57.520755767999844, -22.450798034999877 ], [ -57.512550352999938, -22.456953047999946 ], [ -57.483139036999944, -22.457637787999943 ], [ -57.481773375999921, -22.46242523199993 ], [ -57.456466674999945, -22.480205534999982 ], [ -57.457153319999975, -22.502090452999937 ], [ -57.451683043999878, -22.509613035999848 ], [ -57.452365874999884, -22.536970137999958 ], [ -57.446208953999928, -22.547227858999918 ], [ -57.352516173999959, -22.551330565999933 ], [ -57.347728729999972, -22.556119917999979 ], [ -57.297119140999939, -22.554750442999932 ], [ -57.297801971999945, -22.545173644999977 ], [ -57.279338836999955, -22.545860289999951 ], [ -57.253349303999926, -22.521240232999901 ], [ -57.254718780999838, -22.510980604999929 ], [ -57.247196197999926, -22.502090452999937 ], [ -57.23625183099989, -22.50072288399997 ], [ -57.235569000999874, -22.488412856999958 ], [ -57.22257614199998, -22.467895507999913 ], [ -57.205474853999874, -22.467210768999962 ], [ -57.201374053999984, -22.474048613999855 ], [ -57.180171965999932, -22.474048613999855 ], [ -57.178119658999947, -22.478153228999929 ], [ -57.167861938999977, -22.476787566999974 ], [ -57.161705017999907, -22.472682952999946 ], [ -57.162391661999948, -22.463106153999945 ], [ -57.155551909999986, -22.459005354999931 ], [ -57.156234740999821, -22.418653487999961 ], [ -57.160339355999952, -22.415235518999964 ], [ -57.162391661999948, -22.401557921999881 ], [ -57.153499602999887, -22.394716261999861 ], [ -57.139137267999956, -22.394716261999861 ], [ -57.122726440999941, -22.411132810999959 ], [ -57.113834381999879, -22.413869856999952 ], [ -57.110416411999893, -22.406345366999972 ], [ -57.096736907999855, -22.400873182999931 ], [ -57.045444489999966, -22.363258361999897 ], [ -57.031764983999949, -22.362575530999891 ], [ -57.005779265999877, -22.350263595999934 ], [ -57.006462097999986, -22.315385818999914 ], [ -57.011932371999876, -22.309230803999924 ], [ -57.011249541999973, -22.288711546999934 ], [ -57.017402647999972, -22.283243177999907 ], [ -57.030399321999823, -22.261358259999952 ], [ -57.035869598999909, -22.25793647699993 ], [ -57.035869598999909, -22.246995924999908 ], [ -57.049327848999951, -22.238454818999855 ], [ -57.049114226999961, -22.235212324999964 ] ] ] ] } },
{ "type": "Feature", "properties": { "fid": 87, "GID_2": "PRY.10.3_1", "GID_0": "PRY", "COUNTRY": "Paraguay", "GID_1": "PRY.10_1", "NAME_1": "Concepción", "NL_NAME_1": "NA", "NAME_2": "Horqueta", "VARNAME_2": "NA", "NL_NAME_2": "NA", "TYPE_2": "Distrito", "ENGTYPE_2": "District", "CC_2": "NA", "HASC_2": "PY.CN.HO" }, "geometry": { "type": "MultiPolygon", "coordinates": [ [ [ [ -56.276371001999905, -23.269905089999952 ], [ -56.282878875999984, -23.293512343999851 ], [ -56.292915343999937, -23.302717207999933 ], [ -56.293582915999934, -23.30595016399991 ], [ -56.28950500499991, -23.308284758999889 ], [ -56.288707731999978, -23.311519622999924 ], [ -56.290851592999957, -23.319404601999963 ], [ -56.301654815999882, -23.326316832999908 ], [ -56.3092498769999, -23.327545165999936 ], [ -56.313632964999954, -23.341833114999872 ], [ -56.327556609999931, -23.342880248999904 ], [ -56.356365204999975, -23.354621886999951 ], [ -56.362354277999884, -23.362363814999867 ], [ -56.359382628999924, -23.367202758999952 ], [ -56.359687805999954, -23.373487471999908 ], [ -56.367923736999899, -23.384752273999823 ], [ -56.371547698999905, -23.38696288999995 ], [ -56.380195616999913, -23.38560676599991 ], [ -56.397686003999979, -23.401939391999917 ], [ -56.411708830999942, -23.411073684999963 ], [ -56.421504974999891, -23.413774488999934 ], [ -56.431560515999934, -23.411117553999929 ], [ -56.438484192999965, -23.414323806999903 ], [ -56.445209502999944, -23.412885664999919 ], [ -56.458747862999928, -23.405122755999969 ], [ -56.46115875299995, -23.397012710999945 ], [ -56.469001769999977, -23.402444837999894 ], [ -56.476737975999981, -23.404256820999819 ], [ -56.490600584999981, -23.41636466999995 ], [ -56.506649016999972, -23.419544219999921 ], [ -56.514953613999921, -23.424728392999953 ], [ -56.518241882999973, -23.427749633999952 ], [ -56.517951964999952, -23.43643760599997 ], [ -56.521614073999899, -23.448398588999908 ], [ -56.526191710999967, -23.452217102999953 ], [ -56.54213714499997, -23.446443556999895 ], [ -56.554523467999957, -23.447055815999931 ], [ -56.557117461999894, -23.442672727999934 ], [ -56.573528288999967, -23.447954177999918 ], [ -56.609420775999922, -23.452821730999972 ], [ -56.635578155999895, -23.440364837999937 ], [ -56.661239623999961, -23.437953948999848 ], [ -56.688411711999947, -23.446525573999963 ], [ -56.694732665999879, -23.446228026999904 ], [ -56.715469359999929, -23.43307876599988 ], [ -56.727062225999987, -23.431270598999845 ], [ -56.740272521999941, -23.436935423999955 ], [ -56.747917174999827, -23.444671629999959 ], [ -56.756015776999959, -23.44667243799995 ], [ -56.790382384999873, -23.424905775999889 ], [ -56.801330565999876, -23.42226981999994 ], [ -56.818794250999929, -23.435953140999857 ], [ -56.824634552999896, -23.437404631999982 ], [ -56.846900940999888, -23.433641432999877 ], [ -56.861351012999933, -23.43684387199994 ], [ -56.877845763999915, -23.434150695999847 ], [ -56.889373778999925, -23.43946266099988 ], [ -56.914913177999836, -23.440658568999879 ], [ -56.923908233999953, -23.439262390999943 ], [ -56.934677123999961, -23.434097288999965 ], [ -56.946575163999967, -23.433170317999895 ], [ -56.952175138999962, -23.437879560999932 ], [ -56.959167479999849, -23.43949317899984 ], [ -56.966526031999933, -23.434049606999906 ], [ -56.971225738999863, -23.43365478599992 ], [ -56.988655090999941, -23.44547653199993 ], [ -57.001194000999931, -23.443855285999973 ], [ -57.007011413999862, -23.446136474999889 ], [ -57.018074034999984, -23.439180373999875 ], [ -57.02135467599993, -23.441991805999976 ], [ -57.032676696999943, -23.440664291999838 ], [ -57.062244414999896, -23.451946257999907 ], [ -57.12591171299988, -23.461999893999973 ], [ -57.151275633999944, -23.472896574999879 ], [ -57.161037443999987, -23.473758696999937 ], [ -57.166740417999961, -23.470193862999906 ], [ -57.171466827999893, -23.462633132999883 ], [ -57.169998168999882, -23.459209440999928 ], [ -57.144729614999903, -23.448316572999886 ], [ -57.141803741999865, -23.453506468999876 ], [ -57.138713837999887, -23.452938078999921 ], [ -57.123043060999976, -23.428237913999908 ], [ -57.101440428999979, -23.419092177999914 ], [ -57.108383178999986, -23.41493415799988 ], [ -57.114982605999955, -23.398279189999926 ], [ -57.185882567999897, -23.408180236999897 ], [ -57.188426971999945, -23.406412123999871 ], [ -57.188259124999831, -23.397579192999842 ], [ -57.179721831999984, -23.394594192999932 ], [ -57.179134368999883, -23.392185209999923 ], [ -57.183883666999975, -23.392011641999943 ], [ -57.185520170999951, -23.387502669999947 ], [ -57.174728392999839, -23.35999488899995 ], [ -57.16532897999997, -23.359233855999889 ], [ -57.163585662999878, -23.357013701999961 ], [ -57.167278288999967, -23.340404510999974 ], [ -57.146160126999973, -23.331090926999934 ], [ -57.12180709799992, -23.328313826999931 ], [ -57.11683273299991, -23.324930190999851 ], [ -57.143058776999965, -23.309684753999932 ], [ -57.12979125999982, -23.291509627999972 ], [ -57.123497009999937, -23.288715361999948 ], [ -57.107494354999972, -23.293731688999969 ], [ -57.101028441999915, -23.303028106999818 ], [ -57.082462311999961, -23.294357298999955 ], [ -57.068355560999919, -23.282901763999973 ], [ -57.053066253999987, -23.274368286999902 ], [ -57.053756713999917, -23.269046782999965 ], [ -57.048301695999953, -23.253116607999971 ], [ -57.022586822999983, -23.252012251999815 ], [ -57.014186859999882, -23.254451750999863 ], [ -57.00955200299984, -23.258430479999902 ], [ -56.991806030999953, -23.212289809999959 ], [ -56.986968994999927, -23.207252501999903 ], [ -56.982646941999917, -23.206289290999962 ], [ -56.985794066999972, -23.198362349999911 ], [ -56.981239318999883, -23.195495605999952 ], [ -56.951332091999916, -23.204925536999838 ], [ -56.938457488999859, -23.218847274999916 ], [ -56.917755125999975, -23.185722349999821 ], [ -56.90600204499998, -23.157236097999885 ], [ -56.893035887999986, -23.146205900999973 ], [ -56.900066374999938, -23.107353209999928 ], [ -56.897544861999847, -23.104274748999956 ], [ -56.895877838999922, -23.093446730999858 ], [ -56.894035339999903, -23.096595763999971 ], [ -56.89197540299989, -23.095914839999978 ], [ -56.890457151999954, -23.07703971799998 ], [ -56.888141630999939, -23.074867247999919 ], [ -56.881114958999945, -23.081161497999972 ], [ -56.874034881999933, -23.082937240999911 ], [ -56.86671447699996, -23.081781386999921 ], [ -56.859016418999943, -23.07527160699982 ], [ -56.848606108999945, -23.080572127999972 ], [ -56.846889495999903, -23.073112487999936 ], [ -56.837879180999948, -23.075399397999888 ], [ -56.827320098999962, -23.074266432999934 ], [ -56.816890716999978, -23.080659866999952 ], [ -56.811401367999849, -23.07630538799998 ], [ -56.80721664399988, -23.07671165499994 ], [ -56.8084297179999, -23.066314696999882 ], [ -56.802726745999905, -23.058380125999918 ], [ -56.796234131999881, -23.055862426999965 ], [ -56.786399840999934, -23.056720732999963 ], [ -56.784805298999913, -23.054822920999868 ], [ -56.783210753999981, -23.044822692999958 ], [ -56.786685943999828, -23.038698195999928 ], [ -56.787780760999908, -23.029420852999976 ], [ -56.781368254999904, -23.034231185999886 ], [ -56.777202604999957, -23.04137039099993 ], [ -56.774829863999912, -23.040288924999913 ], [ -56.773262022999972, -23.042491912999935 ], [ -56.76931762799984, -23.040988920999894 ], [ -56.766788481999981, -23.03627204899982 ], [ -56.75481796299988, -23.031457900999953 ], [ -56.737438201999908, -23.031332015999908 ], [ -56.728839873999902, -23.028280257999825 ], [ -56.724437712999929, -23.024024962999817 ], [ -56.725044250999929, -23.015394210999887 ], [ -56.721363067999903, -23.007511138999917 ], [ -56.706886291999979, -23.016759872999899 ], [ -56.695716856999979, -23.018142699999942 ], [ -56.698928831999979, -23.011798857999963 ], [ -56.697994230999939, -23.009252547999949 ], [ -56.687141417999896, -22.999643325999955 ], [ -56.68510436999992, -23.000558853999962 ], [ -56.684879303999878, -23.007110595999904 ], [ -56.677947998999969, -23.01072120699996 ], [ -56.67413329999988, -22.998907088999886 ], [ -56.662616730999957, -23.003860472999918 ], [ -56.651527403999978, -23.014505386999872 ], [ -56.619281767999951, -23.013692855999977 ], [ -56.599952696999935, -23.024055479999959 ], [ -56.587398528999984, -23.026880263999885 ], [ -56.57307052699997, -23.033884047999948 ], [ -56.568374633999895, -23.042226790999848 ], [ -56.557224273999964, -23.045024871999885 ], [ -56.552940368999884, -23.051448820999951 ], [ -56.538623809999876, -23.059621810999886 ], [ -56.534694670999954, -23.125938415999883 ], [ -56.531505584999877, -23.130155563999949 ], [ -56.516460418999884, -23.136615753999934 ], [ -56.503490448999969, -23.136671066999895 ], [ -56.500991821999889, -23.142438888999948 ], [ -56.492958067999894, -23.195606230999942 ], [ -56.486602782999967, -23.2175579069999 ], [ -56.483142852999947, -23.267835617999935 ], [ -56.452770232999967, -23.261680601999956 ], [ -56.442089081999939, -23.256389616999968 ], [ -56.433204650999983, -23.248645781999983 ], [ -56.350238799999943, -23.291925429999822 ], [ -56.347061156999985, -23.292291640999906 ], [ -56.338626860999966, -23.287300109999933 ], [ -56.329292296999938, -23.277828215999932 ], [ -56.315853118999939, -23.279872893999936 ], [ -56.299839018999933, -23.274738311999897 ], [ -56.285655973999951, -23.266511915999956 ], [ -56.276371001999905, -23.269905089999952 ] ] ] ] } },
{ "type": "Feature", "properties": { "fid": 88, "GID_2": "PRY.10.4_1", "GID_0": "PRY", "COUNTRY": "Paraguay", "GID_1": "PRY.10_1", "NAME_1": "Concepción", "NL_NAME_1": "NA", "NAME_2": "Loreto", "VARNAME_2": "NA", "NL_NAME_2": "NA", "TYPE_2": "Distrito", "ENGTYPE_2": "District", "CC_2": "NA", "HASC_2": "PY.CN.LO" }, "geometry": { "type": "MultiPolygon", "coordinates": [ [ [ [ -57.185520170999951, -23.387502669999947 ], [ -57.208141325999975, -23.382560728999863 ], [ -57.224140167999906, -23.375032423999926 ], [ -57.240688323999962, -23.362478255999918 ], [ -57.262397765999879, -23.356626510999888 ], [ -57.2786941519999, -23.343217849999974 ], [ -57.325710297999819, -23.321840285999883 ], [ -57.338848113999973, -23.309846876999927 ], [ -57.378761290999876, -23.283670424999968 ], [ -57.382469176999905, -23.293104171999914 ], [ -57.38828658999995, -23.288812635999932 ], [ -57.388626098999964, -23.279785155999946 ], [ -57.376312255999949, -23.271640776999959 ], [ -57.372657774999823, -23.236650466999947 ], [ -57.368766784999934, -23.233640670999932 ], [ -57.355358123999906, -23.230365751999955 ], [ -57.351634979999972, -23.226184843999874 ], [ -57.343338013999869, -23.20966148399998 ], [ -57.341476440999941, -23.198268890999884 ], [ -57.332923888999971, -23.175754545999951 ], [ -57.327621459999932, -23.175422667999896 ], [ -57.320903777999945, -23.162570952999886 ], [ -57.306343077999884, -23.167867660999889 ], [ -57.297702789999903, -23.16448211699992 ], [ -57.290569305999952, -23.155689239999901 ], [ -57.288852690999931, -23.137348175999875 ], [ -57.276706695999962, -23.132341383999972 ], [ -57.266380309999874, -23.117040633999977 ], [ -57.241123198999901, -23.096067428999959 ], [ -57.23555755599989, -23.101160049999976 ], [ -57.221107483999958, -23.096611021999934 ], [ -57.220603942999958, -23.089073180999833 ], [ -57.216571807999969, -23.085117340999886 ], [ -57.201522825999916, -23.08642959499997 ], [ -57.184791564999955, -23.081596373999901 ], [ -57.172672271999886, -23.093366622999895 ], [ -57.164520263999975, -23.106313703999888 ], [ -57.162040710999975, -23.107681273999901 ], [ -57.160476684999878, -23.102249145999963 ], [ -57.153865814999904, -23.114740371999915 ], [ -57.149635314999898, -23.113544462999982 ], [ -57.14414596499995, -23.117832183999951 ], [ -57.130374908999954, -23.122219084999983 ], [ -57.127422332999913, -23.10999488899995 ], [ -57.116249084999936, -23.107282636999969 ], [ -57.105251311999837, -23.109397888999922 ], [ -57.109249114999955, -23.098783493999974 ], [ -57.108749388999968, -23.0915699009999 ], [ -57.093025206999982, -23.073329925999928 ], [ -57.087631225999985, -23.075971602999914 ], [ -57.079898833999948, -23.073558806999927 ], [ -57.076343534999864, -23.086572646999969 ], [ -57.060005186999831, -23.091365813999971 ], [ -57.047271727999885, -23.099079132999861 ], [ -57.033908843999939, -23.100276945999951 ], [ -57.027854919999982, -23.095212935999882 ], [ -57.017185210999912, -23.097948074999977 ], [ -57.012836456999878, -23.106473921999907 ], [ -57.002410887999986, -23.113759992999974 ], [ -56.996891021999943, -23.112157820999926 ], [ -56.993621825999981, -23.107166288999906 ], [ -56.986972809999827, -23.107057571999974 ], [ -56.980010985999968, -23.112030029999914 ], [ -56.971721649999949, -23.114019392999921 ], [ -56.940219878999926, -23.117666243999963 ], [ -56.923339842999951, -23.116222380999943 ], [ -56.908874511999954, -23.108978271999945 ], [ -56.905757903999927, -23.114660262999962 ], [ -56.900066374999938, -23.107353209999928 ], [ -56.893035887999986, -23.146205900999973 ], [ -56.90600204499998, -23.157236097999885 ], [ -56.917755125999975, -23.185722349999821 ], [ -56.938457488999859, -23.218847274999916 ], [ -56.951332091999916, -23.204925536999838 ], [ -56.981239318999883, -23.195495605999952 ], [ -56.985794066999972, -23.198362349999911 ], [ -56.982646941999917, -23.206289290999962 ], [ -56.986968994999927, -23.207252501999903 ], [ -56.991806030999953, -23.212289809999959 ], [ -57.00955200299984, -23.258430479999902 ], [ -57.014186859999882, -23.254451750999863 ], [ -57.022586822999983, -23.252012251999815 ], [ -57.048301695999953, -23.253116607999971 ], [ -57.053756713999917, -23.269046782999965 ], [ -57.053066253999987, -23.274368286999902 ], [ -57.068355560999919, -23.282901763999973 ], [ -57.082462311999961, -23.294357298999955 ], [ -57.101028441999915, -23.303028106999818 ], [ -57.107494354999972, -23.293731688999969 ], [ -57.123497009999937, -23.288715361999948 ], [ -57.12979125999982, -23.291509627999972 ], [ -57.143058776999965, -23.309684753999932 ], [ -57.11683273299991, -23.324930190999851 ], [ -57.12180709799992, -23.328313826999931 ], [ -57.146160126999973, -23.331090926999934 ], [ -57.167278288999967, -23.340404510999974 ], [ -57.163585662999878, -23.357013701999961 ], [ -57.16532897999997, -23.359233855999889 ], [ -57.174728392999839, -23.35999488899995 ], [ -57.185520170999951, -23.387502669999947 ] ] ] ] } },
{ "type": "Feature", "properties": { "fid": 89, "GID_2": "PRY.10.5_1", "GID_0": "PRY", "COUNTRY": "Paraguay", "GID_1": "PRY.10_1", "NAME_1": "Concepción", "NL_NAME_1": "NA", "NAME_2": "San Carlos", "VARNAME_2": "NA", "NL_NAME_2": "NA", "TYPE_2": "Distrito", "ENGTYPE_2": "District", "CC_2": "NA", "HASC_2": "PY.CN.SC" }, "geometry": { "type": "MultiPolygon", "coordinates": [ [ [ [ -57.519386290999932, -22.170822142999953 ], [ -57.505302428999926, -22.180242538999948 ], [ -57.495262145999902, -22.18037032999996 ], [ -57.468578337999986, -22.187162398999874 ], [ -57.461479186999952, -22.186025619999953 ], [ -57.445972442999903, -22.188644407999959 ], [ -57.432567596999945, -22.195161818999964 ], [ -57.402477264999902, -22.198402404999968 ], [ -57.395069122999985, -22.204782485999942 ], [ -57.386188506999986, -22.203685759999928 ], [ -57.381305694999924, -22.207139968999911 ], [ -57.378650665999885, -22.220483779999824 ], [ -57.370754240999986, -22.223739624999894 ], [ -57.344314574999942, -22.224227904999907 ], [ -57.32793044999994, -22.229484556999978 ], [ -57.318183899999951, -22.229782102999934 ], [ -57.306301115999986, -22.22625541799988 ], [ -57.300346373999957, -22.219953536999981 ], [ -57.289741516999925, -22.217214583999976 ], [ -57.274494170999958, -22.225135802999887 ], [ -57.263912201999972, -22.233840942999905 ], [ -57.242301941999983, -22.241376875999947 ], [ -57.234241485999917, -22.241390226999897 ], [ -57.222778319999918, -22.235095976999958 ], [ -57.21552657999996, -22.214584350999928 ], [ -57.210285186999897, -22.214471815999957 ], [ -57.207035063999911, -22.209075927999891 ], [ -57.202369690999831, -22.207107542999893 ], [ -57.198131561999901, -22.208692549999967 ], [ -57.191371917999902, -22.222120283999971 ], [ -57.183490752999887, -22.228826522999896 ], [ -57.109100341999977, -22.220251083999926 ], [ -57.106986998999901, -22.223407744999975 ], [ -57.11166000299994, -22.230113983999956 ], [ -57.110816955999894, -22.234062193999932 ], [ -57.104457854999907, -22.237224578999928 ], [ -57.098770140999932, -22.245031356999903 ], [ -57.090465544999915, -22.237630843999966 ], [ -57.081138609999925, -22.241191862999926 ], [ -57.076045990999944, -22.237251280999942 ], [ -57.06374359199998, -22.234102247999942 ], [ -57.053131102999942, -22.235342025999955 ], [ -57.035869598999909, -22.246995924999908 ], [ -57.035869598999909, -22.25793647699993 ], [ -57.030399321999823, -22.261358259999952 ], [ -57.017402647999972, -22.283243177999907 ], [ -57.011249541999973, -22.288711546999934 ], [ -57.011932371999876, -22.309230803999924 ], [ -57.006462097999986, -22.315385818999914 ], [ -57.005779265999877, -22.350263595999934 ], [ -57.031764983999949, -22.362575530999891 ], [ -57.045444489999966, -22.363258361999897 ], [ -57.096736907999855, -22.400873182999931 ], [ -57.110416411999893, -22.406345366999972 ], [ -57.113834381999879, -22.413869856999952 ], [ -57.122726440999941, -22.411132810999959 ], [ -57.139137267999956, -22.394716261999861 ], [ -57.153499602999887, -22.394716261999861 ], [ -57.162391661999948, -22.401557921999881 ], [ -57.160339355999952, -22.415235518999964 ], [ -57.156234740999821, -22.418653487999961 ], [ -57.155551909999986, -22.459005354999931 ], [ -57.162391661999948, -22.463106153999945 ], [ -57.161705017999907, -22.472682952999946 ], [ -57.167861938999977, -22.476787566999974 ], [ -57.178119658999947, -22.478153228999929 ], [ -57.180171965999932, -22.474048613999855 ], [ -57.201374053999984, -22.474048613999855 ], [ -57.205474853999874, -22.467210768999962 ], [ -57.22257614199998, -22.467895507999913 ], [ -57.235569000999874, -22.488412856999958 ], [ -57.23625183099989, -22.50072288399997 ], [ -57.247196197999926, -22.502090452999937 ], [ -57.254718780999838, -22.510980604999929 ], [ -57.253349303999926, -22.521240232999901 ], [ -57.279338836999955, -22.545860289999951 ], [ -57.297801971999945, -22.545173644999977 ], [ -57.297119140999939, -22.554750442999932 ], [ -57.347728729999972, -22.556119917999979 ], [ -57.352516173999959, -22.551330565999933 ], [ -57.446208953999928, -22.547227858999918 ], [ -57.452365874999884, -22.536970137999958 ], [ -57.451683043999878, -22.509613035999848 ], [ -57.457153319999975, -22.502090452999937 ], [ -57.456466674999945, -22.480205534999982 ], [ -57.481773375999921, -22.46242523199993 ], [ -57.483139036999944, -22.457637787999943 ], [ -57.512550352999938, -22.456953047999946 ], [ -57.520755767999844, -22.450798034999877 ], [ -57.526908873999957, -22.451484679999965 ], [ -57.531696319999924, -22.456270217999929 ], [ -57.575466155999891, -22.45490074199995 ], [ -57.593250274999946, -22.422758102999865 ], [ -57.607608794999919, -22.402923583999836 ], [ -57.627445221999949, -22.384458540999958 ], [ -57.618019104999917, -22.356260299999974 ], [ -57.604484557999967, -22.356899261999899 ], [ -57.59691238399995, -22.354522705999841 ], [ -57.584079741999915, -22.340921400999946 ], [ -57.567577361999895, -22.328897474999962 ], [ -57.558391570999959, -22.327480315999935 ], [ -57.539722443999892, -22.329671858999973 ], [ -57.514430998999842, -22.310844421999946 ], [ -57.518886564999889, -22.304922103999957 ], [ -57.530090331999986, -22.301870345999873 ], [ -57.536880492999956, -22.297178268999971 ], [ -57.545867918999932, -22.279958723999925 ], [ -57.55658721899988, -22.265813826999931 ], [ -57.552829742999961, -22.247886656999981 ], [ -57.542087554999853, -22.240875242999948 ], [ -57.546657560999961, -22.232898711999951 ], [ -57.545013426999901, -22.223814010999945 ], [ -57.552738188999911, -22.211143491999962 ], [ -57.561378478999927, -22.182245252999905 ], [ -57.558010100999923, -22.17629051199998 ], [ -57.542308806999927, -22.178638458999899 ], [ -57.525321960999975, -22.171195982999961 ], [ -57.519386290999932, -22.170822142999953 ] ] ] ] } },
{ "type": "Feature", "properties": { "fid": 90, "GID_2": "PRY.10.6_1", "GID_0": "PRY", "COUNTRY": "Paraguay", "GID_1": "PRY.10_1", "NAME_1": "Concepción", "NL_NAME_1": "NA", "NAME_2": "San Lázaro", "VARNAME_2": "NA", "NL_NAME_2": "NA", "TYPE_2": "Distrito", "ENGTYPE_2": "District", "CC_2": "NA", "HASC_2": "PY.CN.SL" }, "geometry": { "type": "MultiPolygon", "coordinates": [ [ [ [ -57.988670348999904, -22.080915449999964 ], [ -57.980224609999937, -22.08554839999988 ], [ -57.96047210699993, -22.07974052499992 ], [ -57.942268371999944, -22.082412719999979 ], [ -57.938358305999884, -22.085887907999904 ], [ -57.934020994999912, -22.096710204999965 ], [ -57.927181244999872, -22.103193283999929 ], [ -57.927059173999965, -22.117425917999981 ], [ -57.920669554999961, -22.119312286999957 ], [ -57.892845152999882, -22.120447159999969 ], [ -57.86633300799997, -22.131059646999972 ], [ -57.856960296999944, -22.123214721999886 ], [ -57.848892210999963, -22.120494841999971 ], [ -57.827537535999909, -22.118221282999912 ], [ -57.823463439999955, -22.119832992999932 ], [ -57.820995330999949, -22.132472990999929 ], [ -57.817626953999877, -22.136436461999892 ], [ -57.807052612999883, -22.140041350999979 ], [ -57.802845000999923, -22.145193098999925 ], [ -57.797740936999958, -22.142061232999879 ], [ -57.78450012199994, -22.123966216999975 ], [ -57.769199371999889, -22.122589109999979 ], [ -57.7557182299999, -22.130813597999975 ], [ -57.744686125999976, -22.128889082999876 ], [ -57.739147185999968, -22.123390197999925 ], [ -57.740749358999949, -22.106018065999876 ], [ -57.736488341999916, -22.102090834999956 ], [ -57.729103087999931, -22.099714277999851 ], [ -57.719142913999974, -22.106903074999934 ], [ -57.715293883999891, -22.100606917999983 ], [ -57.700832365999986, -22.089618682999969 ], [ -57.687274932999912, -22.090070723999872 ], [ -57.657466888999977, -22.103689193999912 ], [ -57.64170455999988, -22.103570938999894 ], [ -57.631809233999888, -22.097402571999964 ], [ -57.615768431999868, -22.093425750999927 ], [ -57.613170622999974, -22.098657608999929 ], [ -57.61240768499988, -22.117210387999933 ], [ -57.603958128999921, -22.122768400999973 ], [ -57.600608826999917, -22.132648468999889 ], [ -57.586555480999948, -22.138849256999947 ], [ -57.588405609999825, -22.15203285199982 ], [ -57.583374023999966, -22.164285658999916 ], [ -57.558010100999923, -22.17629051199998 ], [ -57.561218260999908, -22.17985153099994 ], [ -57.560840605999942, -22.185142515999928 ], [ -57.552738188999911, -22.211143491999962 ], [ -57.545013426999901, -22.223814010999945 ], [ -57.546657560999961, -22.232898711999951 ], [ -57.542087554999853, -22.240875242999948 ], [ -57.552829742999961, -22.247886656999981 ], [ -57.55658721899988, -22.265813826999931 ], [ -57.554599760999963, -22.270286558999885 ], [ -57.545867918999932, -22.279958723999925 ], [ -57.536880492999956, -22.297178268999971 ], [ -57.530090331999986, -22.301870345999873 ], [ -57.518886564999889, -22.304922103999957 ], [ -57.514430998999842, -22.310844421999946 ], [ -57.539722443999892, -22.329671858999973 ], [ -57.558391570999959, -22.327480315999935 ], [ -57.567577361999895, -22.328897474999962 ], [ -57.584079741999915, -22.340921400999946 ], [ -57.594547272999932, -22.352783201999955 ], [ -57.602371216999984, -22.356513976999906 ], [ -57.615432738999971, -22.357183455999973 ], [ -57.623355864999894, -22.354360580999924 ], [ -57.655490875999988, -22.350990294999974 ], [ -57.685070036999832, -22.357130050999899 ], [ -57.697685240999931, -22.361658094999939 ], [ -57.7048912059999, -22.367044447999831 ], [ -57.723197935999906, -22.36551666299988 ], [ -57.735088347999977, -22.370700835999912 ], [ -57.734085083999844, -22.372785568999859 ], [ -57.743389129999969, -22.377651214999901 ], [ -57.750957488999916, -22.390666961999841 ], [ -57.759529113999918, -22.398138046999918 ], [ -57.766094208999903, -22.397836684999959 ], [ -57.773487089999833, -22.393682480999928 ], [ -57.779293059999986, -22.38394164999994 ], [ -57.795402526999908, -22.38752937299995 ], [ -57.806667327999889, -22.380647659999966 ], [ -57.808036803999983, -22.387514113999941 ], [ -57.819915770999899, -22.387678146999974 ], [ -57.822879791999981, -22.381889342999841 ], [ -57.824562072999925, -22.383441925999875 ], [ -57.82144164999994, -22.393749236999952 ], [ -57.821956633999889, -22.396787643999915 ], [ -57.825958251999964, -22.398723601999961 ], [ -57.848438262999878, -22.398523329999932 ], [ -57.853599548999966, -22.390729904999887 ], [ -57.856369018999885, -22.380706787999941 ], [ -57.84375, -22.38144492999993 ], [ -57.830913543999827, -22.377637863999951 ], [ -57.825325011999894, -22.369951248999826 ], [ -57.825359343999878, -22.361209868999879 ], [ -57.846065520999844, -22.354110716999855 ], [ -57.854991911999889, -22.347259520999899 ], [ -57.866584777999947, -22.344848632999913 ], [ -57.875881195999966, -22.33820533599993 ], [ -57.906841278999934, -22.290353773999982 ], [ -57.909126280999885, -22.281578062999813 ], [ -57.908145904999969, -22.261560439999982 ], [ -57.913543700999924, -22.259950636999918 ], [ -57.932331085999976, -22.266418456999872 ], [ -57.936985016999927, -22.268304825999962 ], [ -57.941932677999944, -22.275430679999943 ], [ -57.946735380999883, -22.277080534999982 ], [ -57.96223449699994, -22.269596098999955 ], [ -57.973396300999923, -22.249950407999961 ], [ -57.981292724999946, -22.204439162999847 ], [ -57.981849670999907, -22.18923568799994 ], [ -57.963783264999904, -22.150089263999917 ], [ -57.958793640999886, -22.135805129999881 ], [ -57.958232879999969, -22.124538420999897 ], [ -57.96041870199997, -22.118791579999936 ], [ -57.976715087999821, -22.107940673999963 ], [ -57.9912261959999, -22.091444015999912 ], [ -57.991489410999918, -22.082691192999903 ], [ -57.988670348999904, -22.080915449999964 ] ] ] ] } },
{ "type": "Feature", "properties": { "fid": 91, "GID_2": "PRY.10.7_1", "GID_0": "PRY", "COUNTRY": "Paraguay", "GID_1": "PRY.10_1", "NAME_1": "Concepción", "NL_NAME_1": "NA", "NAME_2": "Yby Yaù", "VARNAME_2": "NA", "NL_NAME_2": "NA", "TYPE_2": "Distrito", "ENGTYPE_2": "District", "CC_2": "NA", "HASC_2": "PY.CN.YY" }, "geometry": { "type": "MultiPolygon", "coordinates": [ [ [ [ -56.696182250999925, -22.898006437999925 ], [ -56.687507629999914, -22.902338027999974 ], [ -56.677246093999884, -22.900905608999835 ], [ -56.667762756999934, -22.895694731999981 ], [ -56.656257629999971, -22.893985746999874 ], [ -56.650245665999876, -22.883602142999962 ], [ -56.644676207999964, -22.881958007999913 ], [ -56.61160278299991, -22.898014067999952 ], [ -56.603698729999905, -22.905193327999939 ], [ -56.601234436999846, -22.913726806999932 ], [ -56.587436675999982, -22.922075270999926 ], [ -56.580196380999951, -22.924444198999936 ], [ -56.572437286999957, -22.91417312599998 ], [ -56.561969756999929, -22.916807173999871 ], [ -56.55614471399997, -22.915443419999917 ], [ -56.550682067999901, -22.905216215999872 ], [ -56.537933349999946, -22.893470762999982 ], [ -56.537132262999933, -22.873596191999923 ], [ -56.524761200999876, -22.856941223999911 ], [ -56.520374297999979, -22.838565824999932 ], [ -56.523571014999902, -22.82712364199989 ], [ -56.522182464999958, -22.82373618999992 ], [ -56.507068633999893, -22.814601896999875 ], [ -56.506305693999934, -22.801200866999977 ], [ -56.501373289999947, -22.794374464999976 ], [ -56.476913451999906, -22.786716460999969 ], [ -56.456104278999987, -22.786455153999896 ], [ -56.44492721499995, -22.783830642999931 ], [ -56.428531646999886, -22.793523786999913 ], [ -56.410327910999968, -22.787530898999933 ], [ -56.400249480999889, -22.795686720999981 ], [ -56.397548674999882, -22.794582366999919 ], [ -56.396545409999931, -22.790279387999874 ], [ -56.398983001999909, -22.786390304999884 ], [ -56.398902892999956, -22.772897720999936 ], [ -56.395519256999933, -22.767427443999964 ], [ -56.390254974999948, -22.768787382999847 ], [ -56.384552000999975, -22.763305663999972 ], [ -56.380622863999918, -22.746782301999815 ], [ -56.369464873999959, -22.741220473999874 ], [ -56.356311797999979, -22.746522901999924 ], [ -56.353614805999939, -22.745538710999938 ], [ -56.345916747999979, -22.735870360999968 ], [ -56.333992003999924, -22.734350203999952 ], [ -56.331878662999941, -22.724620818999881 ], [ -56.32405853299997, -22.718662261999896 ], [ -56.308380126999964, -22.718858717999979 ], [ -56.303394317999903, -22.716436384999952 ], [ -56.296302795999907, -22.721878051999965 ], [ -56.292732237999985, -22.721797942999899 ], [ -56.287422179999908, -22.716085433999979 ], [ -56.283634186999905, -22.71619415299989 ], [ -56.277400969999974, -22.728994368999906 ], [ -56.270072936999895, -22.736366270999952 ], [ -56.252765654999962, -22.775201795999976 ], [ -56.232761382999968, -22.839626311999893 ], [ -56.190631865999876, -22.92274665799988 ], [ -56.143737793999946, -23.001829147999899 ], [ -56.126934051999967, -23.039855956999872 ], [ -56.12164688099989, -23.071117399999821 ], [ -56.131656647999876, -23.08652686999983 ], [ -56.131904601999963, -23.09431266699994 ], [ -56.141014098999904, -23.100824356999908 ], [ -56.134803772999987, -23.121101379999971 ], [ -56.135757446999833, -23.125074385999881 ], [ -56.140193939999904, -23.128776549999884 ], [ -56.148761748999959, -23.126541136999947 ], [ -56.162559508999948, -23.130176544999983 ], [ -56.16934585599995, -23.126296995999894 ], [ -56.177814482999963, -23.131799697999895 ], [ -56.181247711999958, -23.141197203999866 ], [ -56.179237364999892, -23.167505263999942 ], [ -56.196830748999957, -23.174745558999916 ], [ -56.196170805999941, -23.181304930999886 ], [ -56.20538329999988, -23.186395643999901 ], [ -56.207214355999952, -23.192188262999935 ], [ -56.207508086999894, -23.198219298999959 ], [ -56.194038390999935, -23.228937147999886 ], [ -56.195796965999932, -23.231479643999933 ], [ -56.203491210999914, -23.233312607999892 ], [ -56.211524962999931, -23.250118254999961 ], [ -56.219425200999979, -23.254356383999948 ], [ -56.228363036999895, -23.24954032799991 ], [ -56.225231169999972, -23.256326675999901 ], [ -56.255023955999945, -23.26536369199988 ], [ -56.261253357999976, -23.270174024999903 ], [ -56.262065885999959, -23.273206709999897 ], [ -56.259967802999938, -23.274520873999961 ], [ -56.268669127999942, -23.282342909999898 ], [ -56.27842330999988, -23.281684874999939 ], [ -56.276371001999905, -23.269905089999952 ], [ -56.285655973999951, -23.266511915999956 ], [ -56.299839018999933, -23.274738311999897 ], [ -56.315853118999939, -23.279872893999936 ], [ -56.329292296999938, -23.277828215999932 ], [ -56.338626860999966, -23.287300109999933 ], [ -56.347061156999985, -23.292291640999906 ], [ -56.350238799999943, -23.291925429999822 ], [ -56.433204650999983, -23.248645781999983 ], [ -56.442089081999939, -23.256389616999968 ], [ -56.452770232999967, -23.261680601999956 ], [ -56.483142852999947, -23.267835617999935 ], [ -56.486602782999967, -23.2175579069999 ], [ -56.492958067999894, -23.195606230999942 ], [ -56.500991821999889, -23.142438888999948 ], [ -56.503490448999969, -23.136671066999895 ], [ -56.516460418999884, -23.136615753999934 ], [ -56.531505584999877, -23.130155563999949 ], [ -56.534694670999954, -23.125938415999883 ], [ -56.538623809999876, -23.059621810999886 ], [ -56.552940368999884, -23.051448820999951 ], [ -56.557224273999964, -23.045024871999885 ], [ -56.568374633999895, -23.042226790999848 ], [ -56.57307052699997, -23.033884047999948 ], [ -56.587398528999984, -23.026880263999885 ], [ -56.599952696999935, -23.024055479999959 ], [ -56.62334823599997, -23.012512205999883 ], [ -56.631771087999937, -23.014793395999902 ], [ -56.645496367999954, -23.012899398999878 ], [ -56.651527403999978, -23.014505386999872 ], [ -56.662616730999957, -23.003860472999918 ], [ -56.67413329999988, -22.998907088999886 ], [ -56.662658689999944, -22.981981277999921 ], [ -56.670398712999884, -22.970649719999983 ], [ -56.665004729999907, -22.958616255999971 ], [ -56.669898986999954, -22.953943251999874 ], [ -56.671485900999983, -22.94854545599992 ], [ -56.674243927999896, -22.948005675999923 ], [ -56.68213271999997, -22.95773124699997 ], [ -56.697914123999965, -22.95047187699987 ], [ -56.693950653999934, -22.940219878999926 ], [ -56.703792572999987, -22.920799255999952 ], [ -56.704101561999948, -22.902357101999939 ], [ -56.696182250999925, -22.898006437999925 ] ] ] ] } },
{ "type": "Feature", "properties": { "fid": 92, "GID_2": "PRY.11.1_1", "GID_0": "PRY", "COUNTRY": "Paraguay", "GID_1": "PRY.11_1", "NAME_1": "Cordillera", "NL_NAME_1": "NA", "NAME_2": "Altos", "VARNAME_2": "NA", "NL_NAME_2": "NA", "TYPE_2": "Distrito", "ENGTYPE_2": "District", "CC_2": "NA", "HASC_2": "PY.CR.AL" }, "geometry": { "type": "MultiPolygon", "coordinates": [ [ [ [ -57.167610168999829, -25.199258802999964 ], [ -57.160896301999969, -25.205539702999886 ], [ -57.163764953999987, -25.209367751999878 ], [ -57.150234222999984, -25.203599928999893 ], [ -57.149742126999968, -25.208799362999969 ], [ -57.155765533999897, -25.210279464999928 ], [ -57.159896849999939, -25.228481291999969 ], [ -57.149650572999917, -25.229244230999939 ], [ -57.15023040799997, -25.234193801999936 ], [ -57.156764983999892, -25.242429732999938 ], [ -57.163684844999921, -25.244312286999957 ], [ -57.164512633999948, -25.250934599999937 ], [ -57.161769865999929, -25.255949019999889 ], [ -57.169891356999926, -25.267097471999932 ], [ -57.173534393999887, -25.279035568999973 ], [ -57.181129454999848, -25.287017822999871 ], [ -57.181274414999848, -25.296873091999942 ], [ -57.184646606999877, -25.304525375999845 ], [ -57.195526122999979, -25.314657210999883 ], [ -57.209739685999978, -25.319940565999957 ], [ -57.213745115999927, -25.328697203999923 ], [ -57.240669249999883, -25.311441421999916 ], [ -57.246765135999965, -25.301092146999906 ], [ -57.245933531999981, -25.294612883999889 ], [ -57.255008696999937, -25.279693601999952 ], [ -57.252269743999875, -25.269853590999901 ], [ -57.259365081999931, -25.273311614999955 ], [ -57.266963957999963, -25.266973495999878 ], [ -57.279605864999951, -25.247840881999934 ], [ -57.282138823999901, -25.238325118999967 ], [ -57.292480467999894, -25.224220274999936 ], [ -57.262844084999927, -25.210308075999876 ], [ -57.243133545999967, -25.206113813999877 ], [ -57.234333037999932, -25.198173521999877 ], [ -57.227073668999878, -25.205654144999926 ], [ -57.207157134999818, -25.201858519999973 ], [ -57.184001922999926, -25.186225889999946 ], [ -57.169345855999893, -25.193750381999905 ], [ -57.167610168999829, -25.199258802999964 ] ] ] ] } },
{ "type": "Feature", "properties": { "fid": 93, "GID_2": "PRY.11.2_1", "GID_0": "PRY", "COUNTRY": "Paraguay", "GID_1": "PRY.11_1", "NAME_1": "Cordillera", "NL_NAME_1": "NA", "NAME_2": "Arroyos y Esteros", "VARNAME_2": "NA", "NL_NAME_2": "NA", "TYPE_2": "Distrito", "ENGTYPE_2": "District", "CC_2": "NA", "HASC_2": "PY.CR.AE" }, "geometry": { "type": "MultiPolygon", "coordinates": [ [ [ [ -57.108802795999964, -25.141593932999967 ], [ -57.12803268499988, -25.135616302999892 ], [ -57.159290313999975, -25.11714362999993 ], [ -57.161373138999977, -25.114059447999921 ], [ -57.158832549999829, -25.106203079999943 ], [ -57.162124634999884, -25.105636595999954 ], [ -57.164829253999926, -25.100618362999967 ], [ -57.179409026999963, -25.093904493999958 ], [ -57.1881561269999, -25.079889296999909 ], [ -57.198863983999956, -25.077724455999942 ], [ -57.214599608999947, -25.086315154999852 ], [ -57.222427367999956, -25.087190626999814 ], [ -57.229431150999972, -25.082996367999954 ], [ -57.255516050999972, -25.085718154999938 ], [ -57.261566161999895, -25.083936691999952 ], [ -57.268627167999966, -25.08708381699995 ], [ -57.264335631999984, -25.092727660999913 ], [ -57.271617889999902, -25.093790053999953 ], [ -57.287757873999965, -25.087907789999974 ], [ -57.295230864999837, -25.088846206999904 ], [ -57.306125639999948, -25.070091247999983 ], [ -57.30991363499993, -25.067991256999846 ], [ -57.316436767999903, -25.06984329099987 ], [ -57.315849302999879, -25.077417373999936 ], [ -57.335048674999939, -25.064218519999883 ], [ -57.337432861999957, -25.065626143999907 ], [ -57.334991454999908, -25.07137107799997 ], [ -57.340892791999977, -25.071855544999835 ], [ -57.352321624999945, -25.065790175999894 ], [ -57.369686125999976, -25.066274641999939 ], [ -57.378978728999925, -25.060775755999941 ], [ -57.372863769999981, -25.035486220999928 ], [ -57.3499488839999, -25.022216796999885 ], [ -57.341781615999878, -25.009279250999953 ], [ -57.330238341999916, -24.997167587999968 ], [ -57.311107635999974, -24.956573485999968 ], [ -57.313243865999937, -24.954809187999899 ], [ -57.318241119999982, -24.956741333999958 ], [ -57.314903258999948, -24.951606750999872 ], [ -57.320968627999889, -24.949840545999905 ], [ -57.307518004999963, -24.918792722999967 ], [ -57.295021056999985, -24.905332564999981 ], [ -57.289501190999943, -24.902580260999969 ], [ -57.279838560999906, -24.902481078999926 ], [ -57.264614104999964, -24.908081053999922 ], [ -57.258380889999955, -24.922054290999938 ], [ -57.260406494999984, -24.924949645999959 ], [ -57.265750885999921, -24.925491331999922 ], [ -57.261974333999945, -24.926422117999948 ], [ -57.262092588999963, -24.929561614999898 ], [ -57.270557402999884, -24.930271148999964 ], [ -57.272834777999947, -24.934415817999877 ], [ -57.262992858999894, -24.935230255999954 ], [ -57.259689331999937, -24.938116073999822 ], [ -57.25403976399997, -24.932470321999972 ], [ -57.25054931599982, -24.933124541999973 ], [ -57.251888275999931, -24.939176558999975 ], [ -57.257457731999978, -24.944801329999962 ], [ -57.246799469999985, -24.945350646999941 ], [ -57.250518798999963, -24.950517654999885 ], [ -57.237068176999912, -24.948808669999892 ], [ -57.22777938899992, -24.956134795999958 ], [ -57.222927093999886, -24.948875427999894 ], [ -57.218147277999833, -24.948150633999887 ], [ -57.217887877999942, -24.951219557999877 ], [ -57.22200012299993, -24.956350325999949 ], [ -57.21820831299982, -24.964645384999983 ], [ -57.205997467999964, -24.967086790999929 ], [ -57.203006744999982, -24.957437513999935 ], [ -57.199172972999918, -24.953462599999966 ], [ -57.202121733999832, -24.948942183999918 ], [ -57.196166991999974, -24.944921492999981 ], [ -57.187839506999921, -24.943923950999931 ], [ -57.187488555999948, -24.946264267999879 ], [ -57.192150116999983, -24.950738906999902 ], [ -57.188873290999936, -24.958372114999975 ], [ -57.196422576999908, -24.962102889999926 ], [ -57.191822051999907, -24.965341566999939 ], [ -57.185840605999829, -24.957290649999948 ], [ -57.178890227999943, -24.957626342999845 ], [ -57.181018829999914, -24.964443206999874 ], [ -57.189792633999957, -24.967327117999844 ], [ -57.187183378999976, -24.970422744999894 ], [ -57.180309294999915, -24.969472884999902 ], [ -57.177326201999847, -24.965225218999933 ], [ -57.172763823999901, -24.964321136999899 ], [ -57.170181274999948, -24.967741011999976 ], [ -57.17586517399991, -24.969024656999977 ], [ -57.173576353999977, -24.972297667999953 ], [ -57.165077209999936, -24.968154905999938 ], [ -57.150566100999924, -24.971271514999955 ], [ -57.149520873999961, -24.972726820999924 ], [ -57.155590057999859, -24.972372053999891 ], [ -57.145996093999884, -24.97743797399994 ], [ -57.142761229999962, -24.974872588999858 ], [ -57.130424498999901, -24.973789214999897 ], [ -57.127277373999902, -24.985643385999936 ], [ -57.118675230999941, -24.996507644999895 ], [ -57.116008758999953, -25.005371092999894 ], [ -57.106140135999908, -25.007612227999971 ], [ -57.099010466999857, -25.015979766999976 ], [ -57.096652983999945, -25.008577345999981 ], [ -57.091983794999976, -25.004812240999854 ], [ -57.079647064999904, -25.004909515999884 ], [ -57.079658507999966, -24.997886656999981 ], [ -57.064964293999878, -25.002977370999929 ], [ -57.058006285999909, -25.00192070099996 ], [ -57.051567076999959, -25.010862349999968 ], [ -57.048625945999959, -25.01003074599987 ], [ -57.050952910999911, -25.004871368999943 ], [ -57.045806883999944, -25.002387999999826 ], [ -57.025146483999947, -25.015855788999943 ], [ -57.008159637999938, -25.012735367999937 ], [ -56.95758056699998, -25.019861221999975 ], [ -56.930301666999981, -25.019329071999891 ], [ -56.910728454999969, -25.024246214999948 ], [ -56.951118469999983, -25.09848022299991 ], [ -56.955493926999907, -25.101333616999909 ], [ -56.979145049999886, -25.073661802999879 ], [ -56.988601683999946, -25.071155547999979 ], [ -57.003055572999926, -25.074083327999972 ], [ -57.017730712999935, -25.069345472999885 ], [ -57.03223419099993, -25.060415266999883 ], [ -57.043537139999898, -25.057384489999947 ], [ -57.037525175999917, -25.079679489999876 ], [ -57.033218383999838, -25.087627409999982 ], [ -57.033416748999912, -25.092996595999978 ], [ -57.029926299999943, -25.095460891999949 ], [ -57.03264999299995, -25.116624830999911 ], [ -57.108802795999964, -25.141593932999967 ] ] ] ] } },
{ "type": "Feature", "properties": { "fid": 94, "GID_2": "PRY.11.3_1", "GID_0": "PRY", "COUNTRY": "Paraguay", "GID_1": "PRY.11_1", "NAME_1": "Cordillera", "NL_NAME_1": "NA", "NAME_2": "Atyrá", "VARNAME_2": "NA", "NL_NAME_2": "NA", "TYPE_2": "Distrito", "ENGTYPE_2": "District", "CC_2": "NA", "HASC_2": "PY.CR.AT" }, "geometry": { "type": "MultiPolygon", "coordinates": [ [ [ [ -57.192085265999935, -25.351406097999927 ], [ -57.196506500999931, -25.344257354999968 ], [ -57.210384368999939, -25.349241255999857 ], [ -57.213745115999927, -25.328697203999923 ], [ -57.209739685999978, -25.319940565999957 ], [ -57.195526122999979, -25.314657210999883 ], [ -57.184646606999877, -25.304525375999845 ], [ -57.181274414999848, -25.296873091999942 ], [ -57.181129454999848, -25.287017822999871 ], [ -57.173534393999887, -25.279035568999973 ], [ -57.169891356999926, -25.267097471999932 ], [ -57.161769865999929, -25.255949019999889 ], [ -57.164512633999948, -25.250934599999937 ], [ -57.163684844999921, -25.244312286999957 ], [ -57.156764983999892, -25.242429732999938 ], [ -57.15023040799997, -25.234193801999936 ], [ -57.149650572999917, -25.229244230999939 ], [ -57.159896849999939, -25.228481291999969 ], [ -57.155765533999897, -25.210279464999928 ], [ -57.149742126999968, -25.208799362999969 ], [ -57.150234222999984, -25.203599928999893 ], [ -57.163764953999987, -25.209367751999878 ], [ -57.160896301999969, -25.205539702999886 ], [ -57.167610168999829, -25.199258802999964 ], [ -57.140300749999938, -25.176630019999948 ], [ -57.142509460999975, -25.126308439999889 ], [ -57.12803268499988, -25.135616302999892 ], [ -57.108802795999964, -25.141593932999967 ], [ -57.10227584799992, -25.156692503999977 ], [ -57.091285704999905, -25.167869566999912 ], [ -57.088443756999879, -25.179107665999936 ], [ -57.094085693999943, -25.185121535999883 ], [ -57.096405029999914, -25.202884672999971 ], [ -57.102382659999876, -25.20973205599995 ], [ -57.105979918999878, -25.220916747999979 ], [ -57.109966277999945, -25.223848342999872 ], [ -57.112987517999898, -25.230693815999871 ], [ -57.117168425999978, -25.233528136999894 ], [ -57.127693175999923, -25.234710693999887 ], [ -57.137332915999934, -25.242107390999934 ], [ -57.140396118999945, -25.247701644999893 ], [ -57.134071349999942, -25.267341612999871 ], [ -57.129627226999901, -25.332683562999875 ], [ -57.131458282999972, -25.34198760899983 ], [ -57.16690063399983, -25.357002257999852 ], [ -57.171119688999966, -25.356285093999929 ], [ -57.176864622999915, -25.34991454999988 ], [ -57.192085265999935, -25.351406097999927 ] ] ] ] } },
{ "type": "Feature", "properties": { "fid": 95, "GID_2": "PRY.11.4_1", "GID_0": "PRY", "COUNTRY": "Paraguay", "GID_1": "PRY.11_1", "NAME_1": "Cordillera", "NL_NAME_1": "NA", "NAME_2": "Caacupé", "VARNAME_2": "NA", "NL_NAME_2": "NA", "TYPE_2": "Distrito", "ENGTYPE_2": "District", "CC_2": "NA", "HASC_2": "PY.CR.CC" }, "geometry": { "type": "MultiPolygon", "coordinates": [ [ [ [ -57.174537658999952, -25.406850814999927 ], [ -57.178707121999878, -25.384075163999967 ], [ -57.186260222999977, -25.379085539999949 ], [ -57.185035705999951, -25.360069273999954 ], [ -57.192085265999935, -25.351406097999927 ], [ -57.176864622999915, -25.34991454999988 ], [ -57.171119688999966, -25.356285093999929 ], [ -57.16690063399983, -25.357002257999852 ], [ -57.131790160999913, -25.342531203999954 ], [ -57.129627226999901, -25.332683562999875 ], [ -57.133144378999987, -25.277156830999957 ], [ -57.070663451999906, -25.333337782999934 ], [ -57.074459076999972, -25.339616774999968 ], [ -57.066364287999932, -25.352575301999934 ], [ -57.069931029999964, -25.368854522999982 ], [ -57.064693451999972, -25.377674102999947 ], [ -57.07201766999998, -25.380769728999951 ], [ -57.076023101999908, -25.39510726799989 ], [ -57.093723296999883, -25.413549421999903 ], [ -57.095577238999908, -25.418867110999827 ], [ -57.119941710999854, -25.428491591999887 ], [ -57.120758055999886, -25.439977645999932 ], [ -57.12546539199991, -25.443109511999978 ], [ -57.134807586999898, -25.434101104999968 ], [ -57.169868469999983, -25.413963316999968 ], [ -57.174537658999952, -25.406850814999927 ] ] ] ] } },
{ "type": "Feature", "properties": { "fid": 96, "GID_2": "PRY.11.5_1", "GID_0": "PRY", "COUNTRY": "Paraguay", "GID_1": "PRY.11_1", "NAME_1": "Cordillera", "NL_NAME_1": "NA", "NAME_2": "Caraguatay", "VARNAME_2": "NA", "NL_NAME_2": "NA", "TYPE_2": "Distrito", "ENGTYPE_2": "District", "CC_2": "NA", "HASC_2": "PY.CR.CR" }, "geometry": { "type": "MultiPolygon", "coordinates": [ [ [ [ -56.597648620999962, -25.163318633999893 ], [ -56.531990051999912, -25.165906904999815 ], [ -56.541637421999951, -25.20302772499997 ], [ -56.565345764999961, -25.199356077999937 ], [ -56.590709685999968, -25.265871046999905 ], [ -56.597885131999931, -25.290885923999895 ], [ -56.597454071999948, -25.301124571999935 ], [ -56.599857329999963, -25.302331922999883 ], [ -56.60184478799988, -25.313213347999977 ], [ -56.607711792999964, -25.321403503999932 ], [ -56.615585326999906, -25.326606749999883 ], [ -56.61809921199989, -25.31402778599994 ], [ -56.645450591999975, -25.292169571999978 ], [ -56.645511626999962, -25.28606796299988 ], [ -56.663383483999951, -25.26838874799995 ], [ -56.663040160999969, -25.262302397999861 ], [ -56.665763855999899, -25.258991241999979 ], [ -56.669082640999875, -25.256219864999935 ], [ -56.682792663999976, -25.253009796999947 ], [ -56.689079285999924, -25.248283385999969 ], [ -56.692729948999897, -25.241989134999926 ], [ -56.702697753999985, -25.246034621999968 ], [ -56.713642118999928, -25.244295120999936 ], [ -56.717578888999981, -25.234861373999934 ], [ -56.713546751999957, -25.229307173999928 ], [ -56.720703124999943, -25.221813201999964 ], [ -56.724006652999947, -25.213308333999976 ], [ -56.747604370999966, -25.206106185999943 ], [ -56.764430998999899, -25.193042753999976 ], [ -56.771797179999908, -25.191852568999934 ], [ -56.769012450999981, -25.199335098999882 ], [ -56.774902344999987, -25.220760345999906 ], [ -56.772891997999977, -25.231676101999881 ], [ -56.764865874999828, -25.241914748999875 ], [ -56.768577575999984, -25.265308379999965 ], [ -56.75727081399998, -25.313718795999876 ], [ -56.751918792999902, -25.317873000999953 ], [ -56.749824524999894, -25.331033705999971 ], [ -56.80685806199989, -25.355188369999951 ], [ -56.810424803999979, -25.35553550599991 ], [ -56.809631346999936, -25.347562789999984 ], [ -56.826187132999848, -25.358526228999892 ], [ -56.839363097999978, -25.358652114999927 ], [ -56.84889984199998, -25.351995467999927 ], [ -56.851577757999962, -25.339935302999947 ], [ -56.841213226999912, -25.338033675999952 ], [ -56.831050872999924, -25.331691740999872 ], [ -56.836345671999879, -25.32496643099995 ], [ -56.834957123999914, -25.318534849999935 ], [ -56.845989227999951, -25.309001922999869 ], [ -56.853694914999892, -25.29714965799991 ], [ -56.854965208999943, -25.291313171999832 ], [ -56.860301971999888, -25.292005538999831 ], [ -56.863903044999972, -25.288688658999945 ], [ -56.877418518999832, -25.287212371999885 ], [ -56.885658264999904, -25.247604370999909 ], [ -56.908569335999857, -25.247280120999903 ], [ -56.897457122999981, -25.206258773999878 ], [ -56.878963470999963, -25.192836761999899 ], [ -56.862148284999876, -25.13233947699996 ], [ -56.849582671999883, -25.13241004799994 ], [ -56.843597411999951, -25.134870528999954 ], [ -56.837677001999907, -25.141723631999923 ], [ -56.836017608999896, -25.13865852299989 ], [ -56.824737547999973, -25.134216307999964 ], [ -56.776176451999959, -25.09542846699992 ], [ -56.660411834999934, -25.147691726999938 ], [ -56.627677917999961, -25.15555381799993 ], [ -56.621612548999906, -25.164054870999962 ], [ -56.619068144999972, -25.162818907999906 ], [ -56.614368439999964, -25.165922163999937 ], [ -56.597648620999962, -25.163318633999893 ] ] ] ] } },
{ "type": "Feature", "properties": { "fid": 97, "GID_2": "PRY.11.6_1", "GID_0": "PRY", "COUNTRY": "Paraguay", "GID_1": "PRY.11_1", "NAME_1": "Cordillera", "NL_NAME_1": "NA", "NAME_2": "Emboscada", "VARNAME_2": "NA", "NL_NAME_2": "NA", "TYPE_2": "Distrito", "ENGTYPE_2": "District", "CC_2": "NA", "HASC_2": "PY.CR.EM" }, "geometry": { "type": "MultiPolygon", "coordinates": [ [ [ [ -57.400051115999986, -25.17913436799995 ], [ -57.402145384999983, -25.172491073999936 ], [ -57.39912032999996, -25.168945312999938 ], [ -57.398197173999961, -25.162395477999894 ], [ -57.406642912999985, -25.161481857999945 ], [ -57.40964126599988, -25.153387068999962 ], [ -57.40781402499988, -25.147380828999871 ], [ -57.426502227999833, -25.141563414999837 ], [ -57.429798124999934, -25.133827208999946 ], [ -57.426456450999865, -25.125730514999873 ], [ -57.43690109299996, -25.121000288999937 ], [ -57.443336486999954, -25.121364592999953 ], [ -57.446739196999943, -25.11672782799991 ], [ -57.444911955999942, -25.109813688999907 ], [ -57.448619841999914, -25.106082916999867 ], [ -57.450626373999967, -25.104717254999912 ], [ -57.459484100999987, -25.108537673999933 ], [ -57.462493896999888, -25.106988906999959 ], [ -57.459770201999959, -25.103624343999911 ], [ -57.463459014999898, -25.102809905999948 ], [ -57.462055206999935, -25.099250793999886 ], [ -57.448249816999976, -25.09560966399988 ], [ -57.439422606999926, -25.090528487999961 ], [ -57.421501158999945, -25.065010069999914 ], [ -57.418174742999952, -25.055126188999964 ], [ -57.390724181999929, -25.052545547999955 ], [ -57.374042509999981, -25.06485557499991 ], [ -57.352321624999945, -25.065790175999894 ], [ -57.340892791999977, -25.071855544999835 ], [ -57.334991454999908, -25.07137107799997 ], [ -57.337432861999957, -25.065626143999907 ], [ -57.335048674999939, -25.064218519999883 ], [ -57.315849302999879, -25.077417373999936 ], [ -57.316436767999903, -25.06984329099987 ], [ -57.30991363499993, -25.067991256999846 ], [ -57.306125639999948, -25.070091247999983 ], [ -57.295818328999928, -25.088420866999911 ], [ -57.283744810999906, -25.089864729999931 ], [ -57.284759520999955, -25.095623016999923 ], [ -57.282596587999933, -25.101699828999926 ], [ -57.274200438999969, -25.116445539999916 ], [ -57.266674040999931, -25.122587202999966 ], [ -57.26752853399995, -25.128469465999842 ], [ -57.273704527999882, -25.136520385999916 ], [ -57.301948546999938, -25.14617347799998 ], [ -57.308425902999943, -25.160573959999965 ], [ -57.32180023199993, -25.172145842999896 ], [ -57.321090698999967, -25.177801131999956 ], [ -57.315898895999908, -25.185901641999976 ], [ -57.316928863999863, -25.190961836999861 ], [ -57.322746276999965, -25.191577910999854 ], [ -57.325473783999882, -25.197481154999878 ], [ -57.342105865999883, -25.199298857999906 ], [ -57.35574340799991, -25.197511673999941 ], [ -57.369071959999872, -25.202289579999899 ], [ -57.375549315999876, -25.196596145999933 ], [ -57.382888794999985, -25.194505690999961 ], [ -57.38267898499987, -25.191864013999975 ], [ -57.387508390999926, -25.191593168999873 ], [ -57.393428802999892, -25.185045241999887 ], [ -57.395221709999987, -25.17904472299989 ], [ -57.400051115999986, -25.17913436799995 ] ] ] ] } },
{ "type": "Feature", "properties": { "fid": 98, "GID_2": "PRY.11.7_1", "GID_0": "PRY", "COUNTRY": "Paraguay", "GID_1": "PRY.11_1", "NAME_1": "Cordillera", "NL_NAME_1": "NA", "NAME_2": "Eusebio Ayala", "VARNAME_2": "NA", "NL_NAME_2": "NA", "TYPE_2": "Distrito", "ENGTYPE_2": "District", "CC_2": "NA", "HASC_2": "PY.CR.EU" }, "geometry": { "type": "MultiPolygon", "coordinates": [ [ [ [ -57.064693451999972, -25.377674102999947 ], [ -57.069931029999964, -25.368854522999982 ], [ -57.066364287999932, -25.352575301999934 ], [ -57.07442092999986, -25.33896255499991 ], [ -57.066688537999937, -25.329395293999937 ], [ -57.045356750999986, -25.316429137999933 ], [ -57.028377532999968, -25.309339523999824 ], [ -57.026077269999973, -25.299074172999894 ], [ -57.027381895999895, -25.291721342999949 ], [ -57.022579192999899, -25.273727416999975 ], [ -57.025135040999885, -25.262113570999873 ], [ -57.018199920999962, -25.248493194999924 ], [ -57.012893676999909, -25.246631622999928 ], [ -57.011684417999959, -25.249500274999946 ], [ -57.007732389999831, -25.250530242999957 ], [ -56.998283386999958, -25.247783659999925 ], [ -56.970489501999964, -25.24582862799997 ], [ -56.955314635999912, -25.241861341999936 ], [ -56.947914123999908, -25.236852644999942 ], [ -56.944423675999928, -25.28639984099982 ], [ -56.94834136999998, -25.294458388999942 ], [ -56.942447662999939, -25.301246641999967 ], [ -56.933506011999953, -25.305837629999871 ], [ -56.927963256999931, -25.315046310999946 ], [ -56.922744749999879, -25.328920363999885 ], [ -56.926647185999911, -25.346540449999964 ], [ -56.918395995999958, -25.356088636999914 ], [ -56.917762756999878, -25.362857818999942 ], [ -56.880287170999964, -25.389400482999974 ], [ -56.876415251999958, -25.399448393999933 ], [ -56.869026182999903, -25.408819197999946 ], [ -56.874736785999971, -25.422719954999934 ], [ -56.88819885199996, -25.423069000999931 ], [ -56.900978087999874, -25.419158934999814 ], [ -56.913433073999954, -25.420106886999974 ], [ -56.927059174999897, -25.438217162999933 ], [ -56.923839568999881, -25.445415497999875 ], [ -56.931320189999951, -25.456174849999968 ], [ -56.972915648999958, -25.45761680499993 ], [ -56.981773375999921, -25.4539260869999 ], [ -56.988918303999924, -25.45767211999987 ], [ -56.991348266999921, -25.454969405999975 ], [ -56.991100310999911, -25.45025062499991 ], [ -56.98352432299987, -25.449495315999968 ], [ -56.983280181999987, -25.441205977999914 ], [ -56.976947784999822, -25.440790175999894 ], [ -56.974140165999927, -25.42929458499998 ], [ -56.985225677999949, -25.428812026999935 ], [ -56.991142272999923, -25.415952681999897 ], [ -57.004837036999902, -25.416063307999934 ], [ -57.007141112999932, -25.42579078599988 ], [ -57.012302398999964, -25.42911148099995 ], [ -57.036571501999902, -25.420673370999964 ], [ -57.041072844999917, -25.408039093999889 ], [ -57.039409636999892, -25.397447584999838 ], [ -57.047908782999855, -25.38839721599993 ], [ -57.042579650999983, -25.376483917999906 ], [ -57.064693451999972, -25.377674102999947 ] ] ] ] } },
{ "type": "Feature", "properties": { "fid": 99, "GID_2": "PRY.11.8_1", "GID_0": "PRY", "COUNTRY": "Paraguay", "GID_1": "PRY.11_1", "NAME_1": "Cordillera", "NL_NAME_1": "NA", "NAME_2": "Isla Pucú", "VARNAME_2": "NA", "NL_NAME_2": "NA", "TYPE_2": "Distrito", "ENGTYPE_2": "District", "CC_2": "NA", "HASC_2": "PY.CR.IS" }, "geometry": { "type": "MultiPolygon", "coordinates": [ [ [ [ -56.903518676999852, -25.230077741999878 ], [ -56.908569335999857, -25.247280120999903 ], [ -56.885658264999904, -25.247604370999909 ], [ -56.877418518999832, -25.287212371999885 ], [ -56.863903044999972, -25.288688658999945 ], [ -56.860301971999888, -25.292005538999831 ], [ -56.854965208999943, -25.291313171999832 ], [ -56.853694914999892, -25.29714965799991 ], [ -56.845989227999951, -25.309001922999869 ], [ -56.834957123999914, -25.318534849999935 ], [ -56.836345671999879, -25.32496643099995 ], [ -56.830787658999895, -25.330831527999919 ], [ -56.839130401999967, -25.337173460999963 ], [ -56.851577757999962, -25.339935302999947 ], [ -56.84889984199998, -25.351995467999927 ], [ -56.862236021999934, -25.354591368999934 ], [ -56.857654571999944, -25.366874694999922 ], [ -56.859695434999878, -25.371082304999902 ], [ -56.865852356999937, -25.370613097999978 ], [ -56.883781431999978, -25.36260223499994 ], [ -56.890415191999864, -25.365278242999977 ], [ -56.901710509999987, -25.364210127999911 ], [ -56.907379149999883, -25.369930267999962 ], [ -56.917762756999878, -25.362857818999942 ], [ -56.918395995999958, -25.356088636999914 ], [ -56.92734909099994, -25.344770431999962 ], [ -56.922744749999879, -25.328920363999885 ], [ -56.927963256999931, -25.315046310999946 ], [ -56.933506011999953, -25.305837629999871 ], [ -56.947986602999947, -25.295724867999979 ], [ -56.944423675999928, -25.28639984099982 ], [ -56.945083616999909, -25.269529342999874 ], [ -56.951530456999876, -25.21792602499994 ], [ -56.937290191999978, -25.21559143099995 ], [ -56.920883177999883, -25.226245879999908 ], [ -56.903518676999852, -25.230077741999878 ] ] ] ] } },
{ "type": "Feature", "properties": { "fid": 100, "GID_2": "PRY.11.9_1", "GID_0": "PRY", "COUNTRY": "Paraguay", "GID_1": "PRY.11_1", "NAME_1": "Cordillera", "NL_NAME_1": "NA", "NAME_2": "Itacurubí de la Cordillera", "VARNAME_2": "NA", "NL_NAME_2": "NA", "TYPE_2": "Distrito", "ENGTYPE_2": "District", "CC_2": "NA", "HASC_2": "PY.CR.IC" }, "geometry": { "type": "MultiPolygon", "coordinates": [ [ [ [ -56.77651977599993, -25.466285705999894 ], [ -56.794658660999914, -25.478023527999937 ], [ -56.797378539999897, -25.485031126999957 ], [ -56.822124479999957, -25.492683409999927 ], [ -56.836265562999984, -25.500270842999953 ], [ -56.843105315999878, -25.5074806209999 ], [ -56.926883696999937, -25.501848219999829 ], [ -56.929508209999938, -25.493804930999943 ], [ -56.928241729999968, -25.49165916499993 ], [ -56.934352873999956, -25.485738754999886 ], [ -56.932250975999978, -25.473522184999922 ], [ -56.938285827999948, -25.467115401999877 ], [ -56.946311949999938, -25.464427948999912 ], [ -56.950870512999984, -25.45626449599996 ], [ -56.930953979999856, -25.456022261999976 ], [ -56.923839568999881, -25.445415497999875 ], [ -56.927059174999897, -25.438217162999933 ], [ -56.913433073999954, -25.420106886999974 ], [ -56.900978087999874, -25.419158934999814 ], [ -56.88819885199996, -25.423069000999931 ], [ -56.874267577999888, -25.421375273999956 ], [ -56.869567870999958, -25.428556442999934 ], [ -56.859558104999962, -25.433090209999875 ], [ -56.840831756999876, -25.433490753999934 ], [ -56.835956572999919, -25.441963195999961 ], [ -56.824642180999831, -25.443105696999908 ], [ -56.820739744999969, -25.439710617999935 ], [ -56.815467833999946, -25.441820143999962 ], [ -56.809223174999943, -25.43971443099997 ], [ -56.80461120699988, -25.447742461999951 ], [ -56.797992706999935, -25.446416854999882 ], [ -56.790138243999934, -25.456693648999931 ], [ -56.784545898999966, -25.456138609999925 ], [ -56.77651977599993, -25.466285705999894 ] ] ] ] } },
{ "type": "Feature", "properties": { "fid": 101, "GID_2": "PRY.11.10_1", "GID_0": "PRY", "COUNTRY": "Paraguay", "GID_1": "PRY.11_1", "NAME_1": "Cordillera", "NL_NAME_1": "NA", "NAME_2": "Juan de Mena", "VARNAME_2": "NA", "NL_NAME_2": "NA", "TYPE_2": "Distrito", "ENGTYPE_2": "District", "CC_2": "NA", "HASC_2": "PY.CR.JM" }, "geometry": { "type": "MultiPolygon", "coordinates": [ [ [ [ -56.516651152999884, -25.022403715999928 ], [ -56.521175384999935, -25.059560774999966 ], [ -56.526142120999907, -25.071788786999889 ], [ -56.573593138999854, -25.070579527999939 ], [ -56.583801269999981, -25.072998046999942 ], [ -56.597648620999962, -25.163318633999893 ], [ -56.614368439999964, -25.165922163999937 ], [ -56.619068144999972, -25.162818907999906 ], [ -56.62200927799995, -25.16386794999994 ], [ -56.622943878999934, -25.159709929999906 ], [ -56.627677917999961, -25.15555381799993 ], [ -56.660411834999934, -25.147691726999938 ], [ -56.776176451999959, -25.09542846699992 ], [ -56.803405760999965, -25.06732177799995 ], [ -56.822631835999914, -25.059499740999968 ], [ -56.840034484999933, -25.042978286999983 ], [ -56.853458403999866, -25.04210472099993 ], [ -56.865741728999922, -25.037975310999911 ], [ -56.874370575999876, -25.030931472999953 ], [ -56.886653898999953, -25.0304565429999 ], [ -56.899700164999899, -25.027145385999916 ], [ -56.901123046999942, -25.023925781999935 ], [ -56.914379119999978, -25.024436950999927 ], [ -56.930301666999981, -25.019329071999891 ], [ -56.95758056699998, -25.019861221999975 ], [ -57.012603760999923, -25.012544630999969 ], [ -57.025959013999966, -25.015687940999896 ], [ -57.046657561999893, -25.002223967999839 ], [ -57.040187835999973, -24.991928099999882 ], [ -57.052570343999889, -24.987747191999915 ], [ -57.04470443799994, -24.981336593999913 ], [ -57.038879394999981, -24.980617522999921 ], [ -57.050155639999957, -24.977418899999861 ], [ -57.045516967999845, -24.975547789999951 ], [ -57.050926208999954, -24.970554350999976 ], [ -57.049732207999909, -24.968603134999967 ], [ -57.044872282999961, -24.968769072999976 ], [ -57.038372040999946, -24.962402343999941 ], [ -57.026626587999942, -24.963323591999881 ], [ -57.013732910999977, -24.968650816999855 ], [ -57.008331297999916, -24.964403152999921 ], [ -57.006668089999948, -24.95865631099997 ], [ -57.009433746999889, -24.950807570999928 ], [ -57.001281737999875, -24.937541961999898 ], [ -56.997001646999877, -24.938034056999982 ], [ -56.997764587999939, -24.930173873999934 ], [ -56.990684508999891, -24.917369841999914 ], [ -56.98902893099995, -24.916086195999867 ], [ -56.984973907999972, -24.918197632999863 ], [ -56.985382079999908, -24.912414551999916 ], [ -56.979797363999978, -24.907274245999872 ], [ -56.983181, -24.90374374299995 ], [ -56.978313445999902, -24.899288176999903 ], [ -56.982482909999931, -24.895816801999899 ], [ -56.972057342999904, -24.89182472199991 ], [ -56.980079651999972, -24.880609511999921 ], [ -56.976055145999965, -24.865953444999946 ], [ -56.964046477999943, -24.855632780999883 ], [ -56.951725005999833, -24.853889464999952 ], [ -56.939548492999961, -24.835990905999893 ], [ -56.91686630199996, -24.846117019999895 ], [ -56.859600065999985, -24.863731382999902 ], [ -56.840682982999908, -24.863842010999917 ], [ -56.802841186999899, -24.856603621999909 ], [ -56.773620604999962, -24.85514450099987 ], [ -56.762802122999972, -24.857042311999976 ], [ -56.742088316999912, -24.86499404999995 ], [ -56.736404418999939, -24.870761869999967 ], [ -56.731277465999881, -24.882148742999846 ], [ -56.720256803999916, -24.876419066999972 ], [ -56.709922789999951, -24.866500854999913 ], [ -56.698513029999958, -24.868770598999959 ], [ -56.68859863299997, -24.86682510299994 ], [ -56.679019926999899, -24.869962691999831 ], [ -56.668781279999905, -24.878559112999937 ], [ -56.655014036999887, -24.883249282999941 ], [ -56.647430418999932, -24.908676146999937 ], [ -56.630516051999905, -24.947036743999945 ], [ -56.613426207999964, -24.963781355999913 ], [ -56.601776121999876, -24.972774504999961 ], [ -56.590332030999889, -24.974313734999953 ], [ -56.565387724999937, -24.983427046999964 ], [ -56.521953581999924, -24.988048552999885 ], [ -56.526603699999953, -24.999763487999928 ], [ -56.518669127999942, -25.01222419599992 ], [ -56.516651152999884, -25.022403715999928 ] ] ] ] } },
{ "type": "Feature", "properties": { "fid": 102, "GID_2": "PRY.11.11_1", "GID_0": "PRY", "COUNTRY": "Paraguay", "GID_1": "PRY.11_1", "NAME_1": "Cordillera", "NL_NAME_1": "NA", "NAME_2": "Loma Grande", "VARNAME_2": "NA", "NL_NAME_2": "NA", "TYPE_2": "Distrito", "ENGTYPE_2": "District", "CC_2": "NA", "HASC_2": "PY.CR.LG" }, "geometry": { "type": "MultiPolygon", "coordinates": [ [ [ [ -57.167610168999829, -25.199258802999964 ], [ -57.169345855999893, -25.193750381999905 ], [ -57.184001922999926, -25.186225889999946 ], [ -57.192840576999913, -25.193401335999908 ], [ -57.202129363999916, -25.196916580999982 ], [ -57.20378494199997, -25.200422286999981 ], [ -57.214588165999942, -25.204153059999896 ], [ -57.227073668999878, -25.205654144999926 ], [ -57.234333037999932, -25.198173521999877 ], [ -57.226428985999917, -25.189611433999971 ], [ -57.234035491999919, -25.160640715999932 ], [ -57.226142881999976, -25.16240119899993 ], [ -57.218406676999962, -25.155645369999945 ], [ -57.21806335399998, -25.144611357999963 ], [ -57.225284576999911, -25.133613586999957 ], [ -57.242057799999941, -25.137445448999983 ], [ -57.245311737999884, -25.13585472199992 ], [ -57.239669800999877, -25.125925063999887 ], [ -57.231681823999963, -25.119754789999888 ], [ -57.218318937999982, -25.098020553999959 ], [ -57.217414855999891, -25.093309402999978 ], [ -57.223464965999881, -25.091566085999887 ], [ -57.222972870999968, -25.087745664999886 ], [ -57.214599608999947, -25.086315154999852 ], [ -57.198863983999956, -25.077724455999942 ], [ -57.186176299999886, -25.080835341999943 ], [ -57.179409026999963, -25.093904493999958 ], [ -57.164829253999926, -25.100618362999967 ], [ -57.162124634999884, -25.105636595999954 ], [ -57.158832549999829, -25.106203079999943 ], [ -57.161125182999967, -25.115346908999982 ], [ -57.142509460999975, -25.126308439999889 ], [ -57.140300749999938, -25.176630019999948 ], [ -57.167610168999829, -25.199258802999964 ] ] ] ] } },
{ "type": "Feature", "properties": { "fid": 103, "GID_2": "PRY.11.12_1", "GID_0": "PRY", "COUNTRY": "Paraguay", "GID_1": "PRY.11_1", "NAME_1": "Cordillera", "NL_NAME_1": "NA", "NAME_2": "Mbocayaty del Yhaguy", "VARNAME_2": "NA", "NL_NAME_2": "NA", "TYPE_2": "Distrito", "ENGTYPE_2": "District", "CC_2": "NA", "HASC_2": "PY.CR.MY" }, "geometry": { "type": "MultiPolygon", "coordinates": [ [ [ [ -56.597454071999948, -25.301124571999935 ], [ -56.589508056999932, -25.305231093999964 ], [ -56.556327819999922, -25.30467414799989 ], [ -56.577205657999968, -25.324310302999947 ], [ -56.597175598999911, -25.349370956999906 ], [ -56.62307739299996, -25.369672775999902 ], [ -56.64598846399997, -25.394447326999909 ], [ -56.68758392299992, -25.415176390999875 ], [ -56.713150023999901, -25.425180434999959 ], [ -56.744834900999876, -25.44215011499989 ], [ -56.77651977599993, -25.466285705999894 ], [ -56.784545898999966, -25.456138609999925 ], [ -56.784435271999939, -25.444433211999979 ], [ -56.780639648999966, -25.439025877999939 ], [ -56.781822203999923, -25.425964355999952 ], [ -56.773918150999975, -25.410005568999964 ], [ -56.776950835999912, -25.400157926999896 ], [ -56.771800994999978, -25.390605926999967 ], [ -56.764289854999959, -25.383110045999956 ], [ -56.750095366999915, -25.356405256999949 ], [ -56.752185820999955, -25.346279144999983 ], [ -56.749462127999948, -25.332866668999941 ], [ -56.751918792999902, -25.317873000999953 ], [ -56.75727081399998, -25.313718795999876 ], [ -56.768577575999984, -25.265308379999965 ], [ -56.764865874999828, -25.241914748999875 ], [ -56.772891997999977, -25.231676101999881 ], [ -56.774902344999987, -25.220760345999906 ], [ -56.769012450999981, -25.199335098999882 ], [ -56.771797179999908, -25.191852568999934 ], [ -56.76202392599987, -25.194042205999892 ], [ -56.747604370999966, -25.206106185999943 ], [ -56.724006652999947, -25.213308333999976 ], [ -56.720703124999943, -25.221813201999964 ], [ -56.713546751999957, -25.229307173999928 ], [ -56.717578888999981, -25.234861373999934 ], [ -56.713642118999928, -25.244295120999936 ], [ -56.702697753999985, -25.246034621999968 ], [ -56.692729948999897, -25.241989134999926 ], [ -56.689079285999924, -25.248283385999969 ], [ -56.682792663999976, -25.253009796999947 ], [ -56.669082640999875, -25.256219864999935 ], [ -56.665763855999899, -25.258991241999979 ], [ -56.663040160999969, -25.262302397999861 ], [ -56.663383483999951, -25.26838874799995 ], [ -56.645511626999962, -25.28606796299988 ], [ -56.645450591999975, -25.292169571999978 ], [ -56.61809921199989, -25.31402778599994 ], [ -56.616302489999953, -25.326585769999838 ], [ -56.607711792999964, -25.321403503999932 ], [ -56.60184478799988, -25.313213347999977 ], [ -56.599857329999963, -25.302331922999883 ], [ -56.597454071999948, -25.301124571999935 ] ] ] ] } },
{ "type": "Feature", "properties": { "fid": 104, "GID_2": "PRY.11.13_1", "GID_0": "PRY", "COUNTRY": "Paraguay", "GID_1": "PRY.11_1", "NAME_1": "Cordillera", "NL_NAME_1": "NA", "NAME_2": "Nueva Colombia", "VARNAME_2": "NA", "NL_NAME_2": "NA", "TYPE_2": "Distrito", "ENGTYPE_2": "District", "CC_2": "NA", "HASC_2": "PY.CR.NC" }, "geometry": { "type": "MultiPolygon", "coordinates": [ [ [ [ -57.226428985999917, -25.189611433999971 ], [ -57.243133545999967, -25.206113813999877 ], [ -57.262844084999927, -25.210308075999876 ], [ -57.292480467999894, -25.224220274999936 ], [ -57.300849914999958, -25.213890075999871 ], [ -57.301773070999957, -25.20780944899991 ], [ -57.313114164999888, -25.198631285999909 ], [ -57.314723967999953, -25.191759108999918 ], [ -57.316928863999863, -25.190961836999861 ], [ -57.316104887999984, -25.184555053999929 ], [ -57.321090698999967, -25.177801131999956 ], [ -57.32180023199993, -25.172145842999896 ], [ -57.308425902999943, -25.160573959999965 ], [ -57.301948546999938, -25.14617347799998 ], [ -57.273704527999882, -25.136520385999916 ], [ -57.266216277999888, -25.124837875999901 ], [ -57.280658721999941, -25.105957030999946 ], [ -57.284759520999955, -25.095623016999923 ], [ -57.283744810999906, -25.089864729999931 ], [ -57.271617889999902, -25.093790053999953 ], [ -57.265052794999917, -25.093057631999955 ], [ -57.264469145999954, -25.090995787999873 ], [ -57.268627167999966, -25.08708381699995 ], [ -57.261566161999895, -25.083936691999952 ], [ -57.255516050999972, -25.085718154999938 ], [ -57.231971739999949, -25.082828521999943 ], [ -57.225643158999901, -25.084308623999902 ], [ -57.222427367999956, -25.087190626999814 ], [ -57.223464965999881, -25.091566085999887 ], [ -57.217414855999891, -25.093309402999978 ], [ -57.231681823999963, -25.119754789999888 ], [ -57.239669800999877, -25.125925063999887 ], [ -57.245311737999884, -25.13585472199992 ], [ -57.242057799999941, -25.137445448999983 ], [ -57.225284576999911, -25.133613586999957 ], [ -57.21806335399998, -25.144611357999963 ], [ -57.218406676999962, -25.155645369999945 ], [ -57.226142881999976, -25.16240119899993 ], [ -57.234035491999919, -25.160640715999932 ], [ -57.226428985999917, -25.189611433999971 ] ] ] ] } },
{ "type": "Feature", "properties": { "fid": 105, "GID_2": "PRY.11.14_1", "GID_0": "PRY", "COUNTRY": "Paraguay", "GID_1": "PRY.11_1", "NAME_1": "Cordillera", "NL_NAME_1": "NA", "NAME_2": "Piribebuy", "VARNAME_2": "NA", "NL_NAME_2": "NA", "TYPE_2": "Distrito", "ENGTYPE_2": "District", "CC_2": "NA", "HASC_2": "PY.CR.PI" }, "geometry": { "type": "MultiPolygon", "coordinates": [ [ [ [ -57.12546539199991, -25.443109511999978 ], [ -57.120758055999886, -25.439977645999932 ], [ -57.119434356999875, -25.427963256999874 ], [ -57.095577238999908, -25.418867110999827 ], [ -57.093723296999883, -25.413549421999903 ], [ -57.076023101999908, -25.39510726799989 ], [ -57.07201766999998, -25.380769728999951 ], [ -57.064693451999972, -25.377674102999947 ], [ -57.042579650999983, -25.376483917999906 ], [ -57.047908782999855, -25.38839721599993 ], [ -57.039409636999892, -25.397447584999838 ], [ -57.041072844999917, -25.408039093999889 ], [ -57.037826537999933, -25.419586181999875 ], [ -57.013248443999885, -25.429178236999974 ], [ -57.007141112999932, -25.42579078599988 ], [ -57.004837036999902, -25.416063307999934 ], [ -56.990146635999963, -25.416313171999889 ], [ -56.985225677999949, -25.428812026999935 ], [ -56.973918914999956, -25.429851530999883 ], [ -56.976947784999822, -25.440790175999894 ], [ -56.983280181999987, -25.441205977999914 ], [ -56.98352432299987, -25.449495315999968 ], [ -56.991100310999911, -25.45025062499991 ], [ -56.990058898999905, -25.457300184999951 ], [ -56.981773375999921, -25.4539260869999 ], [ -56.974494934999882, -25.457534790999887 ], [ -56.951030730999946, -25.455709457999944 ], [ -56.946311949999938, -25.464427948999912 ], [ -56.938285827999948, -25.467115401999877 ], [ -56.932250975999978, -25.473522184999922 ], [ -56.934352873999956, -25.485738754999886 ], [ -56.928241729999968, -25.49165916499993 ], [ -56.929508209999938, -25.493804930999943 ], [ -56.926647185999911, -25.502353667999898 ], [ -56.930385589999901, -25.502861021999934 ], [ -56.933261870999956, -25.498174666999887 ], [ -56.944671629999959, -25.504083631999947 ], [ -56.956809996999937, -25.50239944499998 ], [ -56.961990356999934, -25.50937270999998 ], [ -56.967815399999949, -25.507564544999923 ], [ -56.974617003999981, -25.509319304999906 ], [ -57.00344085699993, -25.52405738799996 ], [ -57.011161803999983, -25.520677566999893 ], [ -57.022102355999891, -25.522600173999933 ], [ -57.025852203999932, -25.515972136999949 ], [ -57.058616636999943, -25.512556075999839 ], [ -57.070053099999939, -25.507181166999828 ], [ -57.108036039999945, -25.512411116999942 ], [ -57.120460509999987, -25.522954940999966 ], [ -57.118694304999849, -25.502012251999872 ], [ -57.129089354999905, -25.469861983999976 ], [ -57.122478484999874, -25.462669371999937 ], [ -57.1232185369999, -25.446670531999928 ], [ -57.12546539199991, -25.443109511999978 ] ] ] ] } },
{ "type": "Feature", "properties": { "fid": 106, "GID_2": "PRY.11.15_1", "GID_0": "PRY", "COUNTRY": "Paraguay", "GID_1": "PRY.11_1", "NAME_1": "Cordillera", "NL_NAME_1": "NA", "NAME_2": "Primero de Marzo", "VARNAME_2": "NA", "NL_NAME_2": "NA", "TYPE_2": "Distrito", "ENGTYPE_2": "District", "CC_2": "NA", "HASC_2": "PY.CR.PM" }, "geometry": { "type": "MultiPolygon", "coordinates": [ [ [ [ -57.018604278999987, -25.102033614999925 ], [ -57.033416748999912, -25.092996595999978 ], [ -57.033218383999838, -25.087627409999982 ], [ -57.037525175999917, -25.079679489999876 ], [ -57.043537139999898, -25.057384489999947 ], [ -57.03223419099993, -25.060415266999883 ], [ -57.017730712999935, -25.069345472999885 ], [ -57.003055572999926, -25.074083327999972 ], [ -56.988601683999946, -25.071155547999979 ], [ -56.979145049999886, -25.073661802999879 ], [ -56.958076477999896, -25.097496031999924 ], [ -56.951190947999976, -25.109424590999936 ], [ -56.944545746999893, -25.110771178999983 ], [ -56.935737608999943, -25.120843885999932 ], [ -56.909427642999901, -25.130832671999883 ], [ -56.928195952999829, -25.153747557999964 ], [ -56.934036253999977, -25.168966293999972 ], [ -56.958740233999947, -25.19153976399997 ], [ -56.967243194999924, -25.193616865999957 ], [ -56.98033905099993, -25.184310912999877 ], [ -56.974517820999949, -25.180168150999918 ], [ -56.966987610999922, -25.169115065999961 ], [ -56.977851866999913, -25.162807464999958 ], [ -56.987499236999952, -25.151607512999931 ], [ -56.981960296999944, -25.140970228999947 ], [ -56.982917784999927, -25.136295317999952 ], [ -57.018604278999987, -25.102033614999925 ] ] ] ] } },
{ "type": "Feature", "properties": { "fid": 107, "GID_2": "PRY.11.16_1", "GID_0": "PRY", "COUNTRY": "Paraguay", "GID_1": "PRY.11_1", "NAME_1": "Cordillera", "NL_NAME_1": "NA", "NAME_2": "San Bernardino", "VARNAME_2": "NA", "NL_NAME_2": "NA", "TYPE_2": "Distrito", "ENGTYPE_2": "District", "CC_2": "NA", "HASC_2": "PY.CR.SB" }, "geometry": { "type": "MultiPolygon", "coordinates": [ [ [ [ -57.335899352999888, -25.245264053999904 ], [ -57.335590362999824, -25.238784789999897 ], [ -57.339801787999932, -25.229240417999961 ], [ -57.369071959999872, -25.202289579999899 ], [ -57.35574340799991, -25.197511673999941 ], [ -57.342105865999883, -25.199298857999906 ], [ -57.326141357999973, -25.197826385999917 ], [ -57.322746276999965, -25.191577910999854 ], [ -57.315151214999958, -25.191471099999887 ], [ -57.313114164999888, -25.198631285999909 ], [ -57.301773070999957, -25.20780944899991 ], [ -57.300849914999958, -25.213890075999871 ], [ -57.284145354999907, -25.235143661999928 ], [ -57.279605864999951, -25.247840881999934 ], [ -57.268173216999969, -25.265571592999891 ], [ -57.259365081999931, -25.273311614999955 ], [ -57.252269743999875, -25.269853590999901 ], [ -57.255008696999937, -25.279693601999952 ], [ -57.245933531999981, -25.294612883999889 ], [ -57.246765135999965, -25.301092146999906 ], [ -57.24037551899994, -25.311735153999962 ], [ -57.213771819999977, -25.328184126999929 ], [ -57.210384368999939, -25.349241255999857 ], [ -57.232482908999884, -25.358863829999962 ], [ -57.245777129999851, -25.356151579999903 ], [ -57.250408171999936, -25.352703093999935 ], [ -57.267536163999864, -25.355089187999909 ], [ -57.284252166999977, -25.352285383999913 ], [ -57.285446165999986, -25.344732284999907 ], [ -57.280300139999895, -25.338453292999873 ], [ -57.286334989999887, -25.332181929999933 ], [ -57.288436888999911, -25.325721740999938 ], [ -57.28651046799996, -25.316259382999931 ], [ -57.291728972999977, -25.306983947999981 ], [ -57.304607390999934, -25.300170898999966 ], [ -57.307704925999985, -25.287256240999966 ], [ -57.322399139999959, -25.285175323999908 ], [ -57.323024749999945, -25.245328901999926 ], [ -57.335899352999888, -25.245264053999904 ] ] ] ] } },
{ "type": "Feature", "properties": { "fid": 108, "GID_2": "PRY.11.17_1", "GID_0": "PRY", "COUNTRY": "Paraguay", "GID_1": "PRY.11_1", "NAME_1": "Cordillera", "NL_NAME_1": "NA", "NAME_2": "San José Obrero", "VARNAME_2": "NA", "NL_NAME_2": "NA", "TYPE_2": "Distrito", "ENGTYPE_2": "District", "CC_2": "NA", "HASC_2": "PY.CR.SO" }, "geometry": { "type": "MultiPolygon", "coordinates": [ [ [ [ -56.955493926999907, -25.101333616999909 ], [ -56.951118469999983, -25.09848022299991 ], [ -56.910728454999969, -25.024246214999948 ], [ -56.907897948999903, -25.023948667999946 ], [ -56.901123046999942, -25.023925781999935 ], [ -56.899700164999899, -25.027145385999916 ], [ -56.886653898999953, -25.0304565429999 ], [ -56.874370575999876, -25.030931472999953 ], [ -56.86635589499997, -25.03768920899995 ], [ -56.853458403999866, -25.04210472099993 ], [ -56.838596343999939, -25.04365539399987 ], [ -56.822631835999914, -25.059499740999968 ], [ -56.803405760999965, -25.06732177799995 ], [ -56.776176451999959, -25.09542846699992 ], [ -56.824737547999973, -25.134216307999964 ], [ -56.836017608999896, -25.13865852299989 ], [ -56.837677001999907, -25.141723631999923 ], [ -56.843597411999951, -25.134870528999954 ], [ -56.849582671999883, -25.13241004799994 ], [ -56.862148284999876, -25.13233947699996 ], [ -56.878963470999963, -25.192836761999899 ], [ -56.897457122999981, -25.206258773999878 ], [ -56.903518676999852, -25.230077741999878 ], [ -56.920883177999883, -25.226245879999908 ], [ -56.937290191999978, -25.21559143099995 ], [ -56.951530456999876, -25.21792602499994 ], [ -56.958740233999947, -25.19153976399997 ], [ -56.934036253999977, -25.168966293999972 ], [ -56.928195952999829, -25.153747557999964 ], [ -56.909427642999901, -25.130832671999883 ], [ -56.935737608999943, -25.120843885999932 ], [ -56.944545746999893, -25.110771178999983 ], [ -56.951190947999976, -25.109424590999936 ], [ -56.955493926999907, -25.101333616999909 ] ] ] ] } },
{ "type": "Feature", "properties": { "fid": 109, "GID_2": "PRY.11.18_1", "GID_0": "PRY", "COUNTRY": "Paraguay", "GID_1": "PRY.11_1", "NAME_1": "Cordillera", "NL_NAME_1": "NA", "NAME_2": "Santa Elena", "VARNAME_2": "NA", "NL_NAME_2": "NA", "TYPE_2": "Distrito", "ENGTYPE_2": "District", "CC_2": "NA", "HASC_2": "PY.CR.SE" }, "geometry": { "type": "MultiPolygon", "coordinates": [ [ [ [ -56.84889984199998, -25.351995467999927 ], [ -56.839363097999978, -25.358652114999927 ], [ -56.826187132999848, -25.358526228999892 ], [ -56.809631346999936, -25.347562789999984 ], [ -56.810424803999979, -25.35553550599991 ], [ -56.807891845999904, -25.355533598999841 ], [ -56.749824524999894, -25.331033705999971 ], [ -56.752250670999899, -25.348884581999926 ], [ -56.750095366999915, -25.356405256999949 ], [ -56.764289854999959, -25.383110045999956 ], [ -56.776470183999947, -25.398281096999881 ], [ -56.777118683999959, -25.404354095999906 ], [ -56.773918150999975, -25.410005568999964 ], [ -56.781822203999923, -25.425964355999952 ], [ -56.780639648999966, -25.439025877999939 ], [ -56.784435271999939, -25.444433211999979 ], [ -56.783550262999881, -25.45567131099989 ], [ -56.789356231999875, -25.457405089999895 ], [ -56.797992706999935, -25.446416854999882 ], [ -56.80461120699988, -25.447742461999951 ], [ -56.809223174999943, -25.43971443099997 ], [ -56.815467833999946, -25.441820143999962 ], [ -56.820739744999969, -25.439710617999935 ], [ -56.824642180999831, -25.443105696999908 ], [ -56.835956572999919, -25.441963195999961 ], [ -56.840831756999876, -25.433490753999934 ], [ -56.859558104999962, -25.433090209999875 ], [ -56.869567870999958, -25.428556442999934 ], [ -56.874267577999888, -25.421375273999956 ], [ -56.869026182999903, -25.408819197999946 ], [ -56.876415251999958, -25.399448393999933 ], [ -56.878948212999944, -25.391391753999983 ], [ -56.900852203999932, -25.37309074399991 ], [ -56.907714842999951, -25.371501921999879 ], [ -56.906967162999877, -25.367696760999934 ], [ -56.901710509999987, -25.364210127999911 ], [ -56.890415191999864, -25.365278242999977 ], [ -56.883781431999978, -25.36260223499994 ], [ -56.865852356999937, -25.370613097999978 ], [ -56.859695434999878, -25.371082304999902 ], [ -56.857654571999944, -25.366874694999922 ], [ -56.862236021999934, -25.354591368999934 ], [ -56.84889984199998, -25.351995467999927 ] ] ] ] } },
{ "type": "Feature", "properties": { "fid": 110, "GID_2": "PRY.11.19_1", "GID_0": "PRY", "COUNTRY": "Paraguay", "GID_1": "PRY.11_1", "NAME_1": "Cordillera", "NL_NAME_1": "NA", "NAME_2": "Tobatí", "VARNAME_2": "NA", "NL_NAME_2": "NA", "TYPE_2": "Distrito", "ENGTYPE_2": "District", "CC_2": "NA", "HASC_2": "PY.CR.TO" }, "geometry": { "type": "MultiPolygon", "coordinates": [ [ [ [ -57.108802795999964, -25.141593932999967 ], [ -57.03264999299995, -25.116624830999911 ], [ -57.030261992999897, -25.096178054999939 ], [ -57.024181365999937, -25.097793578999926 ], [ -56.992668151999965, -25.124919891999866 ], [ -56.982917784999927, -25.136295317999952 ], [ -56.981960296999944, -25.140970228999947 ], [ -56.987499236999952, -25.151607512999931 ], [ -56.977851866999913, -25.162807464999958 ], [ -56.966987610999922, -25.169115065999961 ], [ -56.974517820999949, -25.180168150999918 ], [ -56.98033905099993, -25.184310912999877 ], [ -56.967243194999924, -25.193616865999957 ], [ -56.962924957999974, -25.191171645999816 ], [ -56.957401275999985, -25.191957472999889 ], [ -56.950973509999983, -25.220346450999955 ], [ -56.947914123999908, -25.236852644999942 ], [ -56.955314635999912, -25.241861341999936 ], [ -57.007732389999831, -25.250530242999957 ], [ -57.011684417999959, -25.249500274999946 ], [ -57.012893676999909, -25.246631622999928 ], [ -57.018199920999962, -25.248493194999924 ], [ -57.025135040999885, -25.262113570999873 ], [ -57.022579192999899, -25.273727416999975 ], [ -57.027381895999895, -25.291721342999949 ], [ -57.026077269999973, -25.299074172999894 ], [ -57.028377532999968, -25.309339523999824 ], [ -57.045356750999986, -25.316429137999933 ], [ -57.070663451999906, -25.333337782999934 ], [ -57.133735656999932, -25.277112960999943 ], [ -57.134811401999968, -25.262918470999921 ], [ -57.140251159999934, -25.251703262999968 ], [ -57.137332915999934, -25.242107390999934 ], [ -57.127693175999923, -25.234710693999887 ], [ -57.114471434999928, -25.232252120999931 ], [ -57.105979918999878, -25.220916747999979 ], [ -57.102382659999876, -25.20973205599995 ], [ -57.096290587999874, -25.202615737999906 ], [ -57.094085693999943, -25.185121535999883 ], [ -57.088443756999879, -25.179107665999936 ], [ -57.091285704999905, -25.167869566999912 ], [ -57.10227584799992, -25.156692503999977 ], [ -57.108802795999964, -25.141593932999967 ] ] ] ] } },
{ "type": "Feature", "properties": { "fid": 111, "GID_2": "PRY.11.20_1", "GID_0": "PRY", "COUNTRY": "Paraguay", "GID_1": "PRY.11_1", "NAME_1": "Cordillera", "NL_NAME_1": "NA", "NAME_2": "Valenzuela", "VARNAME_2": "NA", "NL_NAME_2": "NA", "TYPE_2": "Distrito", "ENGTYPE_2": "District", "CC_2": "NA", "HASC_2": "PY.CR.VA" }, "geometry": { "type": "MultiPolygon", "coordinates": [ [ [ [ -56.843105315999878, -25.5074806209999 ], [ -56.84595870999982, -25.516756057999885 ], [ -56.845184325999981, -25.529945373999965 ], [ -56.711257934999935, -25.654041288999906 ], [ -56.709823607999908, -25.659023284999932 ], [ -56.715110777999939, -25.655708311999831 ], [ -56.716640471999938, -25.65061187799995 ], [ -56.725421905999895, -25.652286528999923 ], [ -56.740444182999966, -25.648477552999907 ], [ -56.747592924999822, -25.640645980999921 ], [ -56.757915495999953, -25.639030455999944 ], [ -56.765979766999976, -25.629823683999973 ], [ -56.778141021999886, -25.623247145999983 ], [ -56.797752380999952, -25.618780135999884 ], [ -56.804450988999974, -25.614253996999935 ], [ -56.812839507999911, -25.619539259999897 ], [ -56.828533172999983, -25.641574859999878 ], [ -56.834102630999837, -25.643064498999934 ], [ -56.854919433999953, -25.639656066999919 ], [ -56.861576080999953, -25.653133391999916 ], [ -56.871047972999975, -25.657159804999935 ], [ -56.888816832999964, -25.660360334999893 ], [ -56.910556793999888, -25.64904022199994 ], [ -56.943016051999905, -25.643484113999932 ], [ -56.94773483299997, -25.634613035999848 ], [ -56.936157225999978, -25.622365951999939 ], [ -56.921230316999981, -25.598993301999883 ], [ -56.911083220999956, -25.593128203999981 ], [ -56.919494627999939, -25.569982527999912 ], [ -56.90941238299996, -25.56776618899994 ], [ -56.902172088999976, -25.559400558999926 ], [ -56.926883696999937, -25.501848219999829 ], [ -56.843105315999878, -25.5074806209999 ] ] ] ] } },
{ "type": "Feature", "properties": { "fid": 112, "GID_2": "PRY.12.1_1", "GID_0": "PRY", "COUNTRY": "Paraguay", "GID_1": "PRY.12_1", "NAME_1": "Guairá", "NL_NAME_1": "NA", "NAME_2": "Borja", "VARNAME_2": "NA", "NL_NAME_2": "NA", "TYPE_2": "Distrito", "ENGTYPE_2": "District", "CC_2": "NA", "HASC_2": "PY.GU.BO" }, "geometry": { "type": "MultiPolygon", "coordinates": [ [ [ [ -56.563556670999958, -26.085187911999981 ], [ -56.622669218999931, -26.168466566999939 ], [ -56.625244139999893, -26.181840895999926 ], [ -56.633899687999929, -26.169315336999887 ], [ -56.640457152999943, -26.169057844999827 ], [ -56.648792267999966, -26.165037153999947 ], [ -56.679874419999919, -26.145448683999916 ], [ -56.699066160999962, -26.136278150999942 ], [ -56.705055236999897, -26.129882811999948 ], [ -56.705448149999825, -26.12498092699991 ], [ -56.698108673999968, -26.111772537999968 ], [ -56.702808378999976, -26.102542877999952 ], [ -56.702503204999971, -26.096820831999878 ], [ -56.711498260999917, -26.08908271699994 ], [ -56.713752746999944, -26.078237533999925 ], [ -56.708835601999965, -26.069728849999876 ], [ -56.709945678999986, -26.061426162999908 ], [ -56.70590591399997, -26.057540893999885 ], [ -56.701557159999936, -26.03865051199989 ], [ -56.696968077999941, -26.031368254999904 ], [ -56.702449799999897, -26.012989043999937 ], [ -56.707370757999911, -26.006116866999946 ], [ -56.707630157999972, -25.997060774999909 ], [ -56.714439391999974, -25.988405226999873 ], [ -56.723300933999951, -25.97022437999982 ], [ -56.730960845999903, -25.962612150999973 ], [ -56.736793518999946, -25.950273512999956 ], [ -56.777713775999985, -25.913049697999952 ], [ -56.769695280999883, -25.913682937999965 ], [ -56.749393461999944, -25.924087522999912 ], [ -56.735385894999922, -25.944795607999936 ], [ -56.714828491999867, -25.950283050999928 ], [ -56.698013306999883, -25.946535109999957 ], [ -56.686542511999903, -25.95234107899995 ], [ -56.669025420999958, -25.954725265999969 ], [ -56.662445067999954, -25.966207503999897 ], [ -56.656867980999891, -25.969955444999925 ], [ -56.644210815999884, -25.972265242999924 ], [ -56.628780364999955, -25.970403670999929 ], [ -56.61592483499993, -25.973423004999972 ], [ -56.583160399999883, -25.971229551999954 ], [ -56.576911926999912, -25.967613219999976 ], [ -56.571109772999876, -25.968999862999908 ], [ -56.558200835999912, -25.963840483999888 ], [ -56.547637939999902, -25.963602064999975 ], [ -56.56154251199996, -25.956876754999882 ], [ -56.572628020999957, -25.94128608699998 ], [ -56.565891265999937, -25.919717787999957 ], [ -56.561862944999973, -25.916490554999882 ], [ -56.567001342999959, -25.910099029999969 ], [ -56.558826446999831, -25.901374815999873 ], [ -56.556045531999928, -25.893907545999923 ], [ -56.54602432199988, -25.894893644999968 ], [ -56.535945892999905, -25.884368896999945 ], [ -56.530899047999981, -25.888498305999917 ], [ -56.531135559999882, -25.89378166299997 ], [ -56.521015167999906, -25.895992278999927 ], [ -56.513355253999919, -25.904920576999871 ], [ -56.501117705999945, -25.906459806999976 ], [ -56.485694884999987, -25.904485701999874 ], [ -56.479526518999933, -25.917192459999967 ], [ -56.482879637999986, -25.935611724999887 ], [ -56.461872100999983, -25.959934234999821 ], [ -56.470909117999952, -25.974330901999963 ], [ -56.477130888999966, -26.008712767999953 ], [ -56.488555908999899, -26.007604598999933 ], [ -56.491554259999987, -26.013853071999961 ], [ -56.501529694999817, -26.022867201999873 ], [ -56.498500822999915, -26.030685424999888 ], [ -56.493236540999931, -26.034618376999958 ], [ -56.492729186999952, -26.03961944699995 ], [ -56.494850158999952, -26.040859221999938 ], [ -56.497898101999965, -26.037475585999971 ], [ -56.504234313999973, -26.036193846999936 ], [ -56.511901855999952, -26.026702880999892 ], [ -56.516647337999984, -26.024839401999884 ], [ -56.539249419999976, -26.022594451999964 ], [ -56.551429747999975, -26.028219222999951 ], [ -56.55776214499997, -26.02712249599989 ], [ -56.563198089999958, -26.056404112999871 ], [ -56.561885832999906, -26.068477630999837 ], [ -56.566295624999839, -26.082933425999954 ], [ -56.563556670999958, -26.085187911999981 ] ] ] ] } },
{ "type": "Feature", "properties": { "fid": 113, "GID_2": "PRY.12.2_1", "GID_0": "PRY", "COUNTRY": "Paraguay", "GID_1": "PRY.12_1", "NAME_1": "Guairá", "NL_NAME_1": "NA", "NAME_2": "Capitán Mauricio José Troche", "VARNAME_2": "NA", "NL_NAME_2": "NA", "TYPE_2": "Distrito", "ENGTYPE_2": "District", "CC_2": "NA", "HASC_2": "PY.GU.CT" }, "geometry": { "type": "MultiPolygon", "coordinates": [ [ [ [ -56.291599272999918, -25.560701369999833 ], [ -56.283161161999942, -25.574489593999886 ], [ -56.279369353999925, -25.575603485999977 ], [ -56.266338348999966, -25.574447631999874 ], [ -56.253040312999985, -25.567878723999854 ], [ -56.237613677999946, -25.567279815999939 ], [ -56.224651335999852, -25.571893691999946 ], [ -56.202007293999884, -25.57044982899987 ], [ -56.193054199999949, -25.575569151999957 ], [ -56.1726989739999, -25.581857680999974 ], [ -56.159477233999894, -25.581779479999966 ], [ -56.060234070999968, -25.617694854999968 ], [ -56.061225889999946, -25.622808455999859 ], [ -56.067665098999896, -25.63540840099995 ], [ -56.071773528999927, -25.636577605999946 ], [ -56.074295044999928, -25.631784438999944 ], [ -56.077033995999898, -25.633033751999903 ], [ -56.077354430999947, -25.636533735999933 ], [ -56.08166885299994, -25.635618209999961 ], [ -56.085147857999971, -25.63876533499996 ], [ -56.091464996999946, -25.636646270999961 ], [ -56.094421385999965, -25.644687652999949 ], [ -56.106746672999861, -25.647430418999875 ], [ -56.108757019999928, -25.65216636599996 ], [ -56.116859436999903, -25.649681091999923 ], [ -56.127799986999946, -25.640144347999922 ], [ -56.143577575999984, -25.631109236999919 ], [ -56.154323577999889, -25.632137297999975 ], [ -56.178531646999943, -25.627887725999926 ], [ -56.190021514999898, -25.633539199999973 ], [ -56.199184416999913, -25.633045196999888 ], [ -56.208572386999947, -25.640003203999981 ], [ -56.212787626999955, -25.640220640999928 ], [ -56.22485351499995, -25.622095106999893 ], [ -56.241790770999899, -25.61636734099983 ], [ -56.252979277999884, -25.626447677999977 ], [ -56.258052825999926, -25.634506225999871 ], [ -56.27057266199995, -25.629592895999963 ], [ -56.284046173999911, -25.62779426599991 ], [ -56.29437637299992, -25.6314525599999 ], [ -56.30383300799997, -25.624534605999941 ], [ -56.308776854999962, -25.624000548999902 ], [ -56.309440612999879, -25.560468673999935 ], [ -56.291599272999918, -25.560701369999833 ] ] ] ] } },
{ "type": "Feature", "properties": { "fid": 114, "GID_2": "PRY.12.3_1", "GID_0": "PRY", "COUNTRY": "Paraguay", "GID_1": "PRY.12_1", "NAME_1": "Guairá", "NL_NAME_1": "NA", "NAME_2": "Coronel Martínez", "VARNAME_2": "NA", "NL_NAME_2": "NA", "TYPE_2": "Distrito", "ENGTYPE_2": "District", "CC_2": "NA", "HASC_2": "PY.GU.CM" }, "geometry": { "type": "MultiPolygon", "coordinates": [ [ [ [ -56.663139342999955, -25.696029663999923 ], [ -56.657062529999905, -25.702709196999876 ], [ -56.650848388999918, -25.688114165999934 ], [ -56.639877319999982, -25.678661344999966 ], [ -56.621330260999912, -25.672182083999871 ], [ -56.605480193999938, -25.671089172999928 ], [ -56.595169067999905, -25.665420531999871 ], [ -56.59067916999993, -25.660053252999887 ], [ -56.579235075999918, -25.655517577999944 ], [ -56.578056335999918, -25.726890562999984 ], [ -56.537929534999932, -25.753776549999884 ], [ -56.52709579499998, -25.75815391499998 ], [ -56.521011352999949, -25.764728545999958 ], [ -56.530361175999985, -25.779123304999928 ], [ -56.544750212999986, -25.789196014999959 ], [ -56.555629729999907, -25.792934416999913 ], [ -56.573883057999922, -25.794910429999902 ], [ -56.58762359699989, -25.800922393999883 ], [ -56.616111755999952, -25.803688048999902 ], [ -56.623752593999939, -25.811464309999849 ], [ -56.622318266999969, -25.837131500999931 ], [ -56.614734649999946, -25.857946395999875 ], [ -56.621395111999959, -25.878381728999955 ], [ -56.641494750999982, -25.869203565999953 ], [ -56.641559600999983, -25.862598418999937 ], [ -56.660423277999826, -25.841260908999914 ], [ -56.68122863799988, -25.75924301099991 ], [ -56.663139342999955, -25.696029663999923 ] ] ] ] } },
{ "type": "Feature", "properties": { "fid": 115, "GID_2": "PRY.12.4_1", "GID_0": "PRY", "COUNTRY": "Paraguay", "GID_1": "PRY.12_1", "NAME_1": "Guairá", "NL_NAME_1": "NA", "NAME_2": "Doctor Botrell", "VARNAME_2": "NA", "NL_NAME_2": "NA", "TYPE_2": "Distrito", "ENGTYPE_2": "District", "CC_2": "NA", "HASC_2": "PY.GU.DB" }, "geometry": { "type": "MultiPolygon", "coordinates": [ [ [ [ -56.444847105999884, -25.615600584999981 ], [ -56.428001403999986, -25.606601715999943 ], [ -56.415607452999893, -25.579107284999964 ], [ -56.401622772999929, -25.567144393999911 ], [ -56.390422820999959, -25.568325041999913 ], [ -56.385517120999964, -25.560972212999957 ], [ -56.376724243999945, -25.562494276999928 ], [ -56.364009857999918, -25.570005415999958 ], [ -56.352088926999897, -25.562168120999956 ], [ -56.334690093999939, -25.563764570999979 ], [ -56.324726104999854, -25.567638396999939 ], [ -56.315834045999964, -25.561222076999911 ], [ -56.309440612999879, -25.560468673999935 ], [ -56.308776854999962, -25.624000548999902 ], [ -56.310359953999921, -25.624666214999934 ], [ -56.319931029999964, -25.620956420999903 ], [ -56.346168516999967, -25.626411436999888 ], [ -56.365196228999935, -25.618513106999899 ], [ -56.383308409999984, -25.618810652999912 ], [ -56.394699095999954, -25.623128889999975 ], [ -56.415550230999884, -25.623912811999844 ], [ -56.429340361999948, -25.622390745999951 ], [ -56.444847105999884, -25.615600584999981 ] ] ] ] } },
{ "type": "Feature", "properties": { "fid": 116, "GID_2": "PRY.12.5_1", "GID_0": "PRY", "COUNTRY": "Paraguay", "GID_1": "PRY.12_1", "NAME_1": "Guairá", "NL_NAME_1": "NA", "NAME_2": "Félix Perez Cardozo", "VARNAME_2": "NA", "NL_NAME_2": "NA", "TYPE_2": "Distrito", "ENGTYPE_2": "District", "CC_2": "NA", "HASC_2": "NA" }, "geometry": { "type": "MultiPolygon", "coordinates": [ [ [ [ -56.579235075999918, -25.655517577999944 ], [ -56.537616730999957, -25.627586363999967 ], [ -56.537429809999935, -25.635292052999887 ], [ -56.525600432999966, -25.671569822999913 ], [ -56.518108366999911, -25.689315796999892 ], [ -56.508052825999982, -25.704891203999978 ], [ -56.492080688999977, -25.716325759999961 ], [ -56.461544035999964, -25.722866058999955 ], [ -56.475189207999961, -25.749481200999924 ], [ -56.488929748999908, -25.757295607999936 ], [ -56.491371153999978, -25.76089477599993 ], [ -56.491195677999826, -25.766464231999919 ], [ -56.500480650999975, -25.770376204999877 ], [ -56.521129607999967, -25.767087935999939 ], [ -56.521636961999945, -25.763502120999817 ], [ -56.52709579499998, -25.75815391499998 ], [ -56.537929534999932, -25.753776549999884 ], [ -56.578056335999918, -25.726890562999984 ], [ -56.579235075999918, -25.655517577999944 ] ] ] ] } },
{ "type": "Feature", "properties": { "fid": 117, "GID_2": "PRY.12.6_1", "GID_0": "PRY", "COUNTRY": "Paraguay", "GID_1": "PRY.12_1", "NAME_1": "Guairá", "NL_NAME_1": "NA", "NAME_2": "General Eugenio A. Garay", "VARNAME_2": "NA", "NL_NAME_2": "NA", "TYPE_2": "Distrito", "ENGTYPE_2": "District", "CC_2": "NA", "HASC_2": "PY.GU.GG" }, "geometry": { "type": "MultiPolygon", "coordinates": [ [ [ [ -56.176067351999961, -26.050640105999946 ], [ -56.269161223999959, -25.964971541999944 ], [ -56.278667448999954, -25.963317870999902 ], [ -56.271675108999943, -25.930223464999926 ], [ -56.254570006999984, -25.912857054999904 ], [ -56.249687193999932, -25.903387069999894 ], [ -56.246910095999908, -25.890060423999955 ], [ -56.249530791999916, -25.883005142999878 ], [ -56.280635833999895, -25.873125074999962 ], [ -56.254512786999953, -25.850671767999984 ], [ -56.274726866999856, -25.835620879999965 ], [ -56.260166166999909, -25.834669112999848 ], [ -56.247276305999947, -25.826368331999959 ], [ -56.23377609299996, -25.826839445999951 ], [ -56.218811034999874, -25.831539153999927 ], [ -56.208995818999938, -25.829204558999947 ], [ -56.196380615999828, -25.849403380999945 ], [ -56.124973296999883, -25.856212614999947 ], [ -56.104927062999934, -25.855594635999978 ], [ -56.117893217999949, -25.870338438999966 ], [ -56.11895370499991, -25.876195906999953 ], [ -56.126449583999943, -25.878993987999934 ], [ -56.13058471699992, -25.889688490999902 ], [ -56.127738951999959, -25.893440246999887 ], [ -56.112129210999967, -25.900205611999922 ], [ -56.107810972999971, -25.906494140999939 ], [ -56.102977751999958, -25.920982359999925 ], [ -56.10679244999983, -25.932434081999872 ], [ -56.115345000999923, -25.935520170999951 ], [ -56.126235960999907, -25.946271894999938 ], [ -56.132907866999972, -25.959535598999878 ], [ -56.138401030999887, -25.961090086999889 ], [ -56.149589537999987, -25.958719252999913 ], [ -56.154876708999893, -25.962350845999936 ], [ -56.149299621999944, -25.973535537999965 ], [ -56.139698028999987, -25.980819701999849 ], [ -56.135272979999968, -25.987392424999939 ], [ -56.129257202999952, -25.990364073999956 ], [ -56.121997832999909, -26.009742736999954 ], [ -56.118221282999968, -26.012594222999951 ], [ -56.125385283999947, -26.020036696999966 ], [ -56.139533996999944, -26.021808624999949 ], [ -56.142658232999963, -26.025783537999928 ], [ -56.150932310999963, -26.027492522999864 ], [ -56.159000396999943, -26.039695739999956 ], [ -56.169502258999898, -26.043479919999982 ], [ -56.176067351999961, -26.050640105999946 ] ] ] ] } },
{ "type": "Feature", "properties": { "fid": 118, "GID_2": "PRY.12.7_1", "GID_0": "PRY", "COUNTRY": "Paraguay", "GID_1": "PRY.12_1", "NAME_1": "Guairá", "NL_NAME_1": "NA", "NAME_2": "Independencia", "VARNAME_2": "NA", "NL_NAME_2": "NA", "TYPE_2": "Distrito", "ENGTYPE_2": "District", "CC_2": "NA", "HASC_2": "PY.GU.IN" }, "geometry": { "type": "MultiPolygon", "coordinates": [ [ [ [ -56.060234070999968, -25.617694854999968 ], [ -55.931720733999896, -25.616199492999954 ], [ -55.88471603399995, -25.646764754999936 ], [ -55.877269744999978, -25.653337477999969 ], [ -55.871894835999967, -25.66347694399991 ], [ -55.861675261999949, -25.669605255999898 ], [ -55.84460830699993, -25.677362441999946 ], [ -55.818481444999918, -25.678518295999936 ], [ -55.806999206999933, -25.682271956999898 ], [ -55.799415588999977, -25.680780409999954 ], [ -55.794036864999839, -25.683843612999908 ], [ -55.813827514999957, -25.698287964999906 ], [ -55.831916809999939, -25.73121261499989 ], [ -55.824539183999946, -25.735193251999931 ], [ -55.81978988599991, -25.741188049999892 ], [ -55.818935393999823, -25.751653670999929 ], [ -55.823139190999939, -25.766227720999893 ], [ -55.85211563099989, -25.781040191999978 ], [ -55.858551024999883, -25.773841857999912 ], [ -55.867511749999949, -25.771099088999904 ], [ -55.870788573999903, -25.757633207999959 ], [ -55.874374388999968, -25.755878447999976 ], [ -55.889228819999971, -25.769039152999937 ], [ -56.038459777999947, -25.853521345999866 ], [ -56.124973296999883, -25.856212614999947 ], [ -56.196380615999828, -25.849403380999945 ], [ -56.207202910999968, -25.829950331999953 ], [ -56.219547270999954, -25.831457137999905 ], [ -56.234409332999974, -25.826749801999881 ], [ -56.247276305999947, -25.826368331999959 ], [ -56.260166166999909, -25.834669112999848 ], [ -56.274726866999856, -25.835620879999965 ], [ -56.27269363399995, -25.826263426999958 ], [ -56.277061461999949, -25.801568983999914 ], [ -56.309978483999885, -25.772916793999968 ], [ -56.313720703999934, -25.772279738999885 ], [ -56.288330076999955, -25.761539458999948 ], [ -56.279651642999909, -25.749122618999934 ], [ -56.280361175999985, -25.738460539999892 ], [ -56.292541503999985, -25.723918915999946 ], [ -56.290172575999918, -25.70037078799993 ], [ -56.256763457999909, -25.702817916999834 ], [ -56.250530242999957, -25.697111129999882 ], [ -56.24939727799989, -25.666717527999822 ], [ -56.244125365999878, -25.665172575999975 ], [ -56.242397308999898, -25.648363112999959 ], [ -56.238605498999959, -25.647104263999893 ], [ -56.236698149999881, -25.643507002999968 ], [ -56.234634398999958, -25.618818282999939 ], [ -56.22485351499995, -25.622095106999893 ], [ -56.212787626999955, -25.640220640999928 ], [ -56.208572386999947, -25.640003203999981 ], [ -56.199184416999913, -25.633045196999888 ], [ -56.190021514999898, -25.633539199999973 ], [ -56.178531646999943, -25.627887725999926 ], [ -56.154323577999889, -25.632137297999975 ], [ -56.143577575999984, -25.631109236999919 ], [ -56.127799986999946, -25.640144347999922 ], [ -56.116859436999903, -25.649681091999923 ], [ -56.108757019999928, -25.65216636599996 ], [ -56.106746672999861, -25.647430418999875 ], [ -56.094421385999965, -25.644687652999949 ], [ -56.091464996999946, -25.636646270999961 ], [ -56.085147857999971, -25.63876533499996 ], [ -56.08166885299994, -25.635618209999961 ], [ -56.077354430999947, -25.636533735999933 ], [ -56.077033995999898, -25.633033751999903 ], [ -56.074295044999928, -25.631784438999944 ], [ -56.071773528999927, -25.636577605999946 ], [ -56.067665098999896, -25.63540840099995 ], [ -56.060234070999968, -25.617694854999968 ] ] ] ] } },
{ "type": "Feature", "properties": { "fid": 119, "GID_2": "PRY.12.8_1", "GID_0": "PRY", "COUNTRY": "Paraguay", "GID_1": "PRY.12_1", "NAME_1": "Guairá", "NL_NAME_1": "NA", "NAME_2": "Itapé", "VARNAME_2": "NA", "NL_NAME_2": "NA", "TYPE_2": "Distrito", "ENGTYPE_2": "District", "CC_2": "NA", "HASC_2": "PY.GU.IP" }, "geometry": { "type": "MultiPolygon", "coordinates": [ [ [ [ -56.532478332999972, -25.886421202999941 ], [ -56.537742613999967, -25.884662627999887 ], [ -56.547718048999968, -25.895561218999887 ], [ -56.556045531999928, -25.893907545999923 ], [ -56.558826446999831, -25.901374815999873 ], [ -56.567001342999959, -25.910099029999969 ], [ -56.561862944999973, -25.916490554999882 ], [ -56.565891265999937, -25.919717787999957 ], [ -56.572628020999957, -25.94128608699998 ], [ -56.582149504999904, -25.940174101999901 ], [ -56.591045379999969, -25.944747923999955 ], [ -56.594688414999837, -25.935617445999981 ], [ -56.605403899999942, -25.925758360999964 ], [ -56.605293273999962, -25.905939101999934 ], [ -56.620101928999986, -25.892511367999873 ], [ -56.621395111999959, -25.878381728999955 ], [ -56.614734649999946, -25.857946395999875 ], [ -56.622318266999969, -25.837131500999931 ], [ -56.624816893999935, -25.813171385999965 ], [ -56.616111755999952, -25.803688048999902 ], [ -56.58762359699989, -25.800922393999883 ], [ -56.573883057999922, -25.794910429999902 ], [ -56.555629729999907, -25.792934416999913 ], [ -56.544750212999986, -25.789196014999959 ], [ -56.530361175999985, -25.779123304999928 ], [ -56.521129607999967, -25.767087935999939 ], [ -56.500480650999975, -25.770376204999877 ], [ -56.491195677999826, -25.766464231999919 ], [ -56.491043090999881, -25.781368254999961 ], [ -56.496776579999903, -25.789800642999978 ], [ -56.488685607999969, -25.81909942599998 ], [ -56.48060226399997, -25.827930449999883 ], [ -56.508171080999887, -25.835908888999938 ], [ -56.50333023099995, -25.860986708999917 ], [ -56.512428282999963, -25.865280151999968 ], [ -56.518917083999952, -25.876638411999977 ], [ -56.532478332999972, -25.886421202999941 ] ] ] ] } },
{ "type": "Feature", "properties": { "fid": 120, "GID_2": "PRY.12.9_1", "GID_0": "PRY", "COUNTRY": "Paraguay", "GID_1": "PRY.12_1", "NAME_1": "Guairá", "NL_NAME_1": "NA", "NAME_2": "Iturbe", "VARNAME_2": "NA", "NL_NAME_2": "NA", "TYPE_2": "Distrito", "ENGTYPE_2": "District", "CC_2": "NA", "HASC_2": "PY.GU.IB" }, "geometry": { "type": "MultiPolygon", "coordinates": [ [ [ [ -56.278667448999954, -25.963317870999902 ], [ -56.303710937999938, -25.974147795999897 ], [ -56.315364838999983, -25.98488044699991 ], [ -56.335773467999957, -25.990135192999958 ], [ -56.344367979999902, -25.999198912999816 ], [ -56.348495483999955, -26.008882521999965 ], [ -56.348403929999904, -26.011636732999875 ], [ -56.343326568999828, -26.01559257599996 ], [ -56.377098083999954, -26.041763304999961 ], [ -56.379875183999957, -26.042694090999873 ], [ -56.40745925899995, -26.027093886999921 ], [ -56.408901213999968, -26.028438567999956 ], [ -56.403652190999878, -26.073389053999961 ], [ -56.401206970999965, -26.123771667999961 ], [ -56.40724563699996, -26.124425887999905 ], [ -56.411155699999881, -26.128616331999979 ], [ -56.433250427999951, -26.112735747999977 ], [ -56.438266754999972, -26.105779646999963 ], [ -56.465305327999943, -26.108905790999984 ], [ -56.47598266499989, -26.105989456999907 ], [ -56.493778228999986, -26.108602523999934 ], [ -56.505786896999894, -26.105573654999887 ], [ -56.519245147999925, -26.109380720999923 ], [ -56.52616882399991, -26.11591720499996 ], [ -56.534988402999943, -26.108617781999953 ], [ -56.54425811699997, -26.118104934999963 ], [ -56.539962767999839, -26.136928558999841 ], [ -56.544418334999875, -26.149026870999876 ], [ -56.550651548999952, -26.157121657999937 ], [ -56.552707672999986, -26.172311781999952 ], [ -56.555431365999937, -26.175695417999862 ], [ -56.56150817799994, -26.177728652999974 ], [ -56.576236724999887, -26.172494887999903 ], [ -56.583629606999978, -26.174282073999962 ], [ -56.591697692999901, -26.167856215999961 ], [ -56.595134735999977, -26.16033363299988 ], [ -56.618747709999923, -26.16412353599992 ], [ -56.563556670999958, -26.085187911999981 ], [ -56.566295624999839, -26.082933425999954 ], [ -56.561885832999906, -26.068477630999837 ], [ -56.563198089999958, -26.056404112999871 ], [ -56.55776214499997, -26.02712249599989 ], [ -56.551429747999975, -26.028219222999951 ], [ -56.539249419999976, -26.022594451999964 ], [ -56.516647337999984, -26.024839401999884 ], [ -56.511901855999952, -26.026702880999892 ], [ -56.504234313999973, -26.036193846999936 ], [ -56.493686674999935, -26.040754317999983 ], [ -56.493236540999931, -26.034618376999958 ], [ -56.50206375199997, -26.024288177999949 ], [ -56.491554259999987, -26.013853071999961 ], [ -56.489295958999946, -26.008085250999841 ], [ -56.48624420099992, -26.007314682999947 ], [ -56.478118895999899, -26.009157179999875 ], [ -56.46514510999998, -26.008176802999969 ], [ -56.4510078429999, -26.012527464999948 ], [ -56.442817687999934, -26.025032042999953 ], [ -56.428970336999953, -26.022689818999936 ], [ -56.383945464999954, -25.989200591999975 ], [ -56.357925415999887, -25.97931671099991 ], [ -56.351352691999978, -25.971542358999955 ], [ -56.348571776999961, -25.961616515999935 ], [ -56.343593596999881, -25.957151411999973 ], [ -56.316108703999987, -25.946306228999958 ], [ -56.312076568999942, -25.94014739999983 ], [ -56.305198669999982, -25.935947418999945 ], [ -56.28300857499994, -25.929756163999969 ], [ -56.271675108999943, -25.930223464999926 ], [ -56.278667448999954, -25.963317870999902 ] ] ] ] } },
{ "type": "Feature", "properties": { "fid": 121, "GID_2": "PRY.12.10_1", "GID_0": "PRY", "COUNTRY": "Paraguay", "GID_1": "PRY.12_1", "NAME_1": "Guairá", "NL_NAME_1": "NA", "NAME_2": "Jose A. Fassardi", "VARNAME_2": "NA", "NL_NAME_2": "NA", "TYPE_2": "Distrito", "ENGTYPE_2": "District", "CC_2": "NA", "HASC_2": "PY.GU.JF" }, "geometry": { "type": "MultiPolygon", "coordinates": [ [ [ [ -55.794036864999839, -25.683843612999908 ], [ -55.787822723999909, -25.68349647399998 ], [ -55.776561735999962, -25.675264357999822 ], [ -55.76771926899994, -25.672531127999889 ], [ -55.74474334699994, -25.680030821999935 ], [ -55.716121673999965, -25.665573118999873 ], [ -55.696319580999955, -25.667530058999887 ], [ -55.681396483999947, -25.651702881999881 ], [ -55.679416655999887, -25.642812727999967 ], [ -55.67214965799991, -25.642261504999965 ], [ -55.66742324899991, -25.637491225999952 ], [ -55.657100677999892, -25.639923094999972 ], [ -55.639629363999916, -25.636333463999904 ], [ -55.637832641999921, -25.638954161999948 ], [ -55.647457122999924, -25.66547965999996 ], [ -55.657939909999982, -25.685127257999909 ], [ -55.663616180999952, -25.690195082999935 ], [ -55.665065765999941, -25.701435089999904 ], [ -55.672424315999933, -25.709157943999855 ], [ -55.67294692999991, -25.711244581999949 ], [ -55.668830871999944, -25.714403151999875 ], [ -55.679756164999958, -25.729431151999961 ], [ -55.686714172999928, -25.727247236999972 ], [ -55.689865112999939, -25.731338500999925 ], [ -55.692501068999832, -25.730987548999906 ], [ -55.70772170999993, -25.707843779999905 ], [ -55.716152189999889, -25.706428527999947 ], [ -55.729331969999976, -25.699304579999932 ], [ -55.741024017999962, -25.701311110999939 ], [ -55.752811432999977, -25.70832824799993 ], [ -55.761348724999891, -25.706806181999866 ], [ -55.765338897999982, -25.715154647999952 ], [ -55.765014647999976, -25.721759796999891 ], [ -55.761837005999951, -25.732858656999952 ], [ -55.755504608999956, -25.739774703999899 ], [ -55.75465393199994, -25.744012831999953 ], [ -55.758968353999933, -25.74821090699993 ], [ -55.755680084999824, -25.760253905999889 ], [ -55.758625029999962, -25.764247892999947 ], [ -55.777599334999934, -25.764160155999889 ], [ -55.797714233999898, -25.781066893999878 ], [ -55.80066680799996, -25.779586791999975 ], [ -55.801303862999987, -25.774688719999915 ], [ -55.813007353999978, -25.773294448999934 ], [ -55.821323395999968, -25.786590574999934 ], [ -55.825328825999975, -25.78615760699995 ], [ -55.832702636999841, -25.790290832999972 ], [ -55.837768553999865, -25.788925169999857 ], [ -55.844833374999894, -25.790975570999933 ], [ -55.872547148999956, -25.813325882999948 ], [ -55.883934019999913, -25.815889357999936 ], [ -55.896274565999931, -25.813644407999902 ], [ -55.902072906999877, -25.815025329999969 ], [ -55.908401488999914, -25.81933021399982 ], [ -55.916835783999943, -25.832525252999915 ], [ -55.925479888999917, -25.840150831999892 ], [ -55.957126616999915, -25.84544563299994 ], [ -55.970310211999958, -25.841127395999877 ], [ -55.981067656999926, -25.843208312999934 ], [ -55.989933013999973, -25.849420546999852 ], [ -55.99521255399992, -25.859470367999961 ], [ -56.006500242999948, -25.863529204999963 ], [ -56.009777068999938, -25.869220733999953 ], [ -56.021808624999949, -25.878761291999922 ], [ -56.029724120999845, -25.882415770999955 ], [ -56.042808531999924, -25.881679535999979 ], [ -56.021408081999937, -25.912351607999938 ], [ -56.001354216999971, -25.910667418999935 ], [ -55.992176056999938, -25.918228148999958 ], [ -55.991230009999924, -25.933885574999977 ], [ -55.996192932999975, -25.935815809999895 ], [ -55.997673034999934, -25.942714690999878 ], [ -55.987751006999929, -25.949893951999968 ], [ -55.991451262999931, -25.954454420999923 ], [ -55.997890471999881, -25.957059859999845 ], [ -55.998001099999897, -25.97111892699985 ], [ -56.000694275999876, -25.972087859999817 ], [ -56.007347107999919, -25.962905883999952 ], [ -56.020393371999887, -25.968271255999866 ], [ -56.025291442999901, -25.964967727999976 ], [ -56.037315368999828, -25.965013502999966 ], [ -56.047908782999968, -25.972324370999956 ], [ -56.050136565999878, -25.9840030659999 ], [ -56.053039550999927, -25.985677718999966 ], [ -56.065723417999948, -25.981096266999884 ], [ -56.06566238299996, -25.974063872999977 ], [ -56.068180083999891, -25.971887587999959 ], [ -56.078468322999981, -25.970674513999938 ], [ -56.083404541999869, -25.973661422999896 ], [ -56.091594695999845, -25.985454558999891 ], [ -56.100173949999942, -26.004709242999922 ], [ -56.10398483299997, -26.007383345999926 ], [ -56.110954284999934, -26.004243850999956 ], [ -56.118221282999968, -26.012594222999951 ], [ -56.121578215999932, -26.01049232399987 ], [ -56.128730772999916, -25.991113661999975 ], [ -56.149299621999944, -25.973535537999965 ], [ -56.154876708999893, -25.962350845999936 ], [ -56.149589537999987, -25.958719252999913 ], [ -56.138401030999887, -25.961090086999889 ], [ -56.132907866999972, -25.959535598999878 ], [ -56.126235960999907, -25.946271894999938 ], [ -56.115345000999923, -25.935520170999951 ], [ -56.1074256899999, -25.933380125999975 ], [ -56.103084563999971, -25.92447853099992 ], [ -56.10612869199997, -25.91044425899986 ], [ -56.111183165999932, -25.900953291999883 ], [ -56.127738951999959, -25.893440246999887 ], [ -56.13058471699992, -25.889688490999902 ], [ -56.126449583999943, -25.878993987999934 ], [ -56.11895370499991, -25.876195906999953 ], [ -56.117893217999949, -25.870338438999966 ], [ -56.105949400999975, -25.856372832999966 ], [ -56.036033629999906, -25.852935790999823 ], [ -55.889228819999971, -25.769039152999937 ], [ -55.873634338999921, -25.755588531999877 ], [ -55.870788573999903, -25.757633207999959 ], [ -55.867511749999949, -25.771099088999904 ], [ -55.858551024999883, -25.773841857999912 ], [ -55.85211563099989, -25.781040191999978 ], [ -55.823871612999937, -25.766799926999909 ], [ -55.818935393999823, -25.751653670999929 ], [ -55.81978988599991, -25.741188049999892 ], [ -55.824539183999946, -25.735193251999931 ], [ -55.831916809999939, -25.73121261499989 ], [ -55.813827514999957, -25.698287964999906 ], [ -55.794036864999839, -25.683843612999908 ] ] ] ] } },
{ "type": "Feature", "properties": { "fid": 122, "GID_2": "PRY.12.11_1", "GID_0": "PRY", "COUNTRY": "Paraguay", "GID_1": "PRY.12_1", "NAME_1": "Guairá", "NL_NAME_1": "NA", "NAME_2": "Mbocayaty del Guairá", "VARNAME_2": "NA", "NL_NAME_2": "NA", "TYPE_2": "Distrito", "ENGTYPE_2": "District", "CC_2": "NA", "HASC_2": "PY.GU.MG" }, "geometry": { "type": "MultiPolygon", "coordinates": [ [ [ [ -56.418937681999921, -25.623077392999903 ], [ -56.394699095999954, -25.623128889999975 ], [ -56.386154175999934, -25.619207381999956 ], [ -56.365196228999935, -25.618513106999899 ], [ -56.346168516999967, -25.626411436999888 ], [ -56.341453550999915, -25.625415801999964 ], [ -56.335651396999936, -25.630687713999976 ], [ -56.337997436999956, -25.639478683999982 ], [ -56.324977873999899, -25.651470183999891 ], [ -56.319747923999955, -25.663423537999961 ], [ -56.303890228999933, -25.678131102999942 ], [ -56.297080993999884, -25.691202162999843 ], [ -56.290462493999939, -25.697673797999983 ], [ -56.292335509999987, -25.724767684999904 ], [ -56.280883787999983, -25.737613677999889 ], [ -56.278690337999876, -25.74430084099987 ], [ -56.281562804999965, -25.753944397999931 ], [ -56.286323547999871, -25.760017394999977 ], [ -56.313720703999934, -25.772279738999885 ], [ -56.333118437999929, -25.78873061999991 ], [ -56.341110229999856, -25.782838821999974 ], [ -56.349922180999954, -25.769495008999968 ], [ -56.410972595999851, -25.744583128999977 ], [ -56.414447783999947, -25.744037627999944 ], [ -56.419414519999975, -25.747465133999924 ], [ -56.435379027999886, -25.73349380499991 ], [ -56.452644348999968, -25.728122709999923 ], [ -56.45436859199998, -25.722906112999965 ], [ -56.436908721999885, -25.721046447999925 ], [ -56.436210631999927, -25.680089949999854 ], [ -56.430831908999949, -25.677225112999963 ], [ -56.428890227999887, -25.667116163999935 ], [ -56.423072815999944, -25.660289763999913 ], [ -56.423023223999962, -25.648965835999888 ], [ -56.419628143999944, -25.643470763999971 ], [ -56.421501159999934, -25.637065887999938 ], [ -56.418937681999921, -25.623077392999903 ] ] ] ] } },
{ "type": "Feature", "properties": { "fid": 123, "GID_2": "PRY.12.12_1", "GID_0": "PRY", "COUNTRY": "Paraguay", "GID_1": "PRY.12_1", "NAME_1": "Guairá", "NL_NAME_1": "NA", "NAME_2": "Natalicio Talavera", "VARNAME_2": "NA", "NL_NAME_2": "NA", "TYPE_2": "Distrito", "ENGTYPE_2": "District", "CC_2": "NA", "HASC_2": "PY.GU.NT" }, "geometry": { "type": "MultiPolygon", "coordinates": [ [ [ [ -56.319931029999964, -25.620956420999903 ], [ -56.30383300799997, -25.624534605999941 ], [ -56.29332351599993, -25.63172721799998 ], [ -56.284046173999911, -25.62779426599991 ], [ -56.27057266199995, -25.629592895999963 ], [ -56.258792877999952, -25.634700774999885 ], [ -56.244003294999914, -25.617137908999894 ], [ -56.234634398999958, -25.618818282999939 ], [ -56.236698149999881, -25.643507002999968 ], [ -56.238605498999959, -25.647104263999893 ], [ -56.242397308999898, -25.648363112999959 ], [ -56.244125365999878, -25.665172575999975 ], [ -56.24939727799989, -25.666717527999822 ], [ -56.249679565999884, -25.69465255699987 ], [ -56.256763457999909, -25.702817916999834 ], [ -56.290172575999918, -25.70037078799993 ], [ -56.302944183999898, -25.679258345999983 ], [ -56.319747923999955, -25.663423537999961 ], [ -56.323509215999877, -25.653350828999976 ], [ -56.337997436999956, -25.639478683999982 ], [ -56.335235594999972, -25.632097242999976 ], [ -56.341453550999915, -25.625415801999964 ], [ -56.319931029999964, -25.620956420999903 ] ] ] ] } },
{ "type": "Feature", "properties": { "fid": 124, "GID_2": "PRY.12.13_1", "GID_0": "PRY", "COUNTRY": "Paraguay", "GID_1": "PRY.12_1", "NAME_1": "Guairá", "NL_NAME_1": "NA", "NAME_2": "Ñumí", "VARNAME_2": "NA", "NL_NAME_2": "NA", "TYPE_2": "Distrito", "ENGTYPE_2": "District", "CC_2": "NA", "HASC_2": "PY.GU.NU" }, "geometry": { "type": "MultiPolygon", "coordinates": [ [ [ [ -56.274726866999856, -25.835620879999965 ], [ -56.254512786999953, -25.850671767999984 ], [ -56.280738830999894, -25.872180937999929 ], [ -56.248058319999984, -25.884315489999949 ], [ -56.248836516999972, -25.899887083999943 ], [ -56.254570006999984, -25.912857054999904 ], [ -56.271133422999981, -25.930192946999966 ], [ -56.28300857499994, -25.929756163999969 ], [ -56.305198669999982, -25.935947418999945 ], [ -56.312076568999942, -25.94014739999983 ], [ -56.316108703999987, -25.946306228999958 ], [ -56.336929321999946, -25.953613280999946 ], [ -56.348571776999961, -25.961616515999935 ], [ -56.349300383999832, -25.958127975999957 ], [ -56.360992431999932, -25.949615478999931 ], [ -56.371810913999923, -25.934492110999884 ], [ -56.36598205599995, -25.927658079999958 ], [ -56.370807646999879, -25.919763564999982 ], [ -56.362400054999966, -25.885395049999943 ], [ -56.350742338999964, -25.885665892999953 ], [ -56.336547850999921, -25.869810104999885 ], [ -56.289257049999947, -25.862234114999922 ], [ -56.274726866999856, -25.835620879999965 ] ] ] ] } },
{ "type": "Feature", "properties": { "fid": 125, "GID_2": "PRY.12.14_1", "GID_0": "PRY", "COUNTRY": "Paraguay", "GID_1": "PRY.12_1", "NAME_1": "Guairá", "NL_NAME_1": "NA", "NAME_2": "San Salvador", "VARNAME_2": "NA", "NL_NAME_2": "NA", "TYPE_2": "Distrito", "ENGTYPE_2": "District", "CC_2": "NA", "HASC_2": "PY.GU.SS" }, "geometry": { "type": "MultiPolygon", "coordinates": [ [ [ [ -56.477130888999966, -26.008712767999953 ], [ -56.470909117999952, -25.974330901999963 ], [ -56.461872100999983, -25.959934234999821 ], [ -56.482879637999986, -25.935611724999887 ], [ -56.479526518999933, -25.917192459999967 ], [ -56.485694884999987, -25.904485701999874 ], [ -56.487438201999964, -25.892795561999947 ], [ -56.483886717999951, -25.877866744999892 ], [ -56.475658416999977, -25.878858565999906 ], [ -56.470001219999972, -25.887699127999952 ], [ -56.464004515999932, -25.891910552999889 ], [ -56.451648711999894, -25.890710830999922 ], [ -56.428611754999963, -25.909069061999958 ], [ -56.414875030999951, -25.904935835999879 ], [ -56.407566071999895, -25.898565291999944 ], [ -56.399860382999975, -25.897388456999977 ], [ -56.38938522299992, -25.890905380999868 ], [ -56.368679046999887, -25.884267806999901 ], [ -56.362400054999966, -25.885395049999943 ], [ -56.370807646999879, -25.919763564999982 ], [ -56.36598205599995, -25.927658079999958 ], [ -56.371810913999923, -25.934492110999884 ], [ -56.360992431999932, -25.949615478999931 ], [ -56.348983763999911, -25.958786010999916 ], [ -56.351352691999978, -25.971542358999955 ], [ -56.355808258999957, -25.977327347999903 ], [ -56.383945464999954, -25.989200591999975 ], [ -56.430343628999879, -26.023170470999901 ], [ -56.442817687999934, -26.025032042999953 ], [ -56.4510078429999, -26.012527464999948 ], [ -56.46514510999998, -26.008176802999969 ], [ -56.477130888999966, -26.008712767999953 ] ] ] ] } },
{ "type": "Feature", "properties": { "fid": 126, "GID_2": "PRY.12.15_1", "GID_0": "PRY", "COUNTRY": "Paraguay", "GID_1": "PRY.12_1", "NAME_1": "Guairá", "NL_NAME_1": "NA", "NAME_2": "Villarrica", "VARNAME_2": "NA", "NL_NAME_2": "NA", "TYPE_2": "Distrito", "ENGTYPE_2": "District", "CC_2": "NA", "HASC_2": "PY.GU.VI" }, "geometry": { "type": "MultiPolygon", "coordinates": [ [ [ [ -56.485694884999987, -25.904485701999874 ], [ -56.501117705999945, -25.906459806999976 ], [ -56.513355253999919, -25.904920576999871 ], [ -56.521015167999906, -25.895992278999927 ], [ -56.531135559999882, -25.89378166299997 ], [ -56.530273436999892, -25.889814376999936 ], [ -56.532478332999972, -25.886421202999941 ], [ -56.518917083999952, -25.876638411999977 ], [ -56.512428282999963, -25.865280151999968 ], [ -56.50333023099995, -25.860986708999917 ], [ -56.508171080999887, -25.835908888999938 ], [ -56.48060226399997, -25.827930449999883 ], [ -56.488685607999969, -25.81909942599998 ], [ -56.496776579999903, -25.789800642999978 ], [ -56.49028778099995, -25.777967452999974 ], [ -56.491371153999978, -25.76089477599993 ], [ -56.487236022999923, -25.756055831999902 ], [ -56.475189207999961, -25.749481200999924 ], [ -56.459571838999921, -25.721462249999888 ], [ -56.45436859199998, -25.722906112999965 ], [ -56.451908111999956, -25.728496550999978 ], [ -56.433067321999943, -25.734899519999942 ], [ -56.419414519999975, -25.747465133999924 ], [ -56.414447783999947, -25.744037627999944 ], [ -56.410972595999851, -25.744583128999977 ], [ -56.349922180999954, -25.769495008999968 ], [ -56.335433958999943, -25.787992477999978 ], [ -56.331428528999936, -25.788249969999924 ], [ -56.313720703999934, -25.772279738999885 ], [ -56.31060791099992, -25.772449492999897 ], [ -56.277061461999949, -25.801568983999914 ], [ -56.27269363399995, -25.826263426999958 ], [ -56.274726866999856, -25.835620879999965 ], [ -56.289257049999947, -25.862234114999922 ], [ -56.336547850999921, -25.869810104999885 ], [ -56.350742338999964, -25.885665892999953 ], [ -56.366882324999892, -25.883974075999959 ], [ -56.373432159999879, -25.885618209999905 ], [ -56.37935256999998, -25.8892421729999 ], [ -56.38938522299992, -25.890905380999868 ], [ -56.399860382999975, -25.897388456999977 ], [ -56.407566071999895, -25.898565291999944 ], [ -56.414875030999951, -25.904935835999879 ], [ -56.427661895999961, -25.909067153999956 ], [ -56.451648711999894, -25.890710830999922 ], [ -56.464004515999932, -25.891910552999889 ], [ -56.470001219999972, -25.887699127999952 ], [ -56.475658416999977, -25.878858565999906 ], [ -56.483249662999981, -25.877483366999968 ], [ -56.48731231599993, -25.888553617999946 ], [ -56.485694884999987, -25.904485701999874 ] ] ] ] } },
{ "type": "Feature", "properties": { "fid": 127, "GID_2": "PRY.12.16_1", "GID_0": "PRY", "COUNTRY": "Paraguay", "GID_1": "PRY.12_1", "NAME_1": "Guairá", "NL_NAME_1": "NA", "NAME_2": "Yataity del Guairá", "VARNAME_2": "NA", "NL_NAME_2": "NA", "TYPE_2": "Distrito", "ENGTYPE_2": "District", "CC_2": "NA", "HASC_2": "PY.GU.YG" }, "geometry": { "type": "MultiPolygon", "coordinates": [ [ [ [ -56.537616730999957, -25.627586363999967 ], [ -56.520488737999983, -25.615827560999946 ], [ -56.504505156999983, -25.619052886999896 ], [ -56.489852904999907, -25.617027281999981 ], [ -56.473560333999956, -25.626747129999956 ], [ -56.444847105999884, -25.615600584999981 ], [ -56.429340361999948, -25.622390745999951 ], [ -56.418937681999921, -25.623077392999903 ], [ -56.421501159999934, -25.637065887999938 ], [ -56.419628143999944, -25.643470763999971 ], [ -56.423023223999962, -25.648965835999888 ], [ -56.423072815999944, -25.660289763999913 ], [ -56.428890227999887, -25.667116163999935 ], [ -56.430831908999949, -25.677225112999963 ], [ -56.436210631999927, -25.680089949999854 ], [ -56.436908721999885, -25.721046447999925 ], [ -56.447563170999899, -25.723371504999932 ], [ -56.471973419999983, -25.721651076999876 ], [ -56.492080688999977, -25.716325759999961 ], [ -56.508052825999982, -25.704891203999978 ], [ -56.518108366999911, -25.689315796999892 ], [ -56.525600432999966, -25.671569822999913 ], [ -56.537429809999935, -25.635292052999887 ], [ -56.537616730999957, -25.627586363999967 ] ] ] ] } },
{ "type": "Feature", "properties": { "fid": 128, "GID_2": "PRY.13.1_1", "GID_0": "PRY", "COUNTRY": "Paraguay", "GID_1": "PRY.13_1", "NAME_1": "Itapúa", "NL_NAME_1": "NA", "NAME_2": "Alto Verá", "VARNAME_2": "NA", "NL_NAME_2": "NA", "TYPE_2": "Distrito", "ENGTYPE_2": "District", "CC_2": "NA", "HASC_2": "PY.IT.AV" }, "geometry": { "type": "MultiPolygon", "coordinates": [ [ [ [ -55.877288817999954, -26.442386627999895 ], [ -55.861934660999907, -26.439764021999963 ], [ -55.85615157999996, -26.445369719999974 ], [ -55.847297667999953, -26.44210624699997 ], [ -55.831981657999961, -26.416700363999951 ], [ -55.831581115999938, -26.406044006999934 ], [ -55.828090667999959, -26.397909163999884 ], [ -55.817630767999958, -26.394252776999963 ], [ -55.812885284999879, -26.387931822999917 ], [ -55.806831358999943, -26.386735914999917 ], [ -55.776721953999981, -26.393232344999831 ], [ -55.771747589999904, -26.388744353999925 ], [ -55.768791198999907, -26.378425597999978 ], [ -55.760711669999921, -26.383426664999945 ], [ -55.750698088999968, -26.377567289999888 ], [ -55.742614744999969, -26.376701354999909 ], [ -55.740081786999895, -26.368320464999897 ], [ -55.727718351999954, -26.370042799999851 ], [ -55.727531432999967, -26.361396789999901 ], [ -55.710384369999986, -26.357988357999886 ], [ -55.706497192999961, -26.359943388999909 ], [ -55.699272155999893, -26.356700896999939 ], [ -55.695182799999941, -26.358654021999882 ], [ -55.688125609999986, -26.357067106999978 ], [ -55.676902770999902, -26.361103058999959 ], [ -55.670906066999976, -26.376802443999964 ], [ -55.666519164999897, -26.368831633999889 ], [ -55.658279417999893, -26.370340346999967 ], [ -55.625358580999887, -26.404127119999941 ], [ -55.606887817999905, -26.415016174999948 ], [ -55.598983764999957, -26.411174774999893 ], [ -55.59693527099995, -26.42549324099997 ], [ -55.581436156999985, -26.439550399999973 ], [ -55.58475494299995, -26.454853056999923 ], [ -55.581928252999944, -26.463619231999871 ], [ -55.57550811699997, -26.46993637099996 ], [ -55.576160429999902, -26.496028898999953 ], [ -55.573146818999987, -26.504056929999933 ], [ -55.574817656999926, -26.511066435999908 ], [ -55.565181732999974, -26.515857695999955 ], [ -55.55377578699995, -26.527408598999841 ], [ -55.538406370999951, -26.534669876999942 ], [ -55.534667967999894, -26.538642882999966 ], [ -55.538421631999881, -26.55230140599997 ], [ -55.557144163999908, -26.558870315999911 ], [ -55.569198608999955, -26.573596953999981 ], [ -55.57754897999996, -26.57208824099996 ], [ -55.57727432199988, -26.575391769999896 ], [ -55.569412230999887, -26.582414626999935 ], [ -55.57438278199993, -26.587095260999888 ], [ -55.568943023999964, -26.59471511799984 ], [ -55.579948424999884, -26.592521667999961 ], [ -55.581737518999944, -26.594203948999905 ], [ -55.571838377999882, -26.601560591999942 ], [ -55.578102110999907, -26.602769850999891 ], [ -55.585079192999956, -26.599220276999915 ], [ -55.597320556999932, -26.605678556999862 ], [ -55.590129851999961, -26.609594344999948 ], [ -55.597160338999913, -26.613021850999928 ], [ -55.597484588999919, -26.616884231999961 ], [ -55.566829680999888, -26.617082595999932 ], [ -55.563346861999946, -26.627859115999911 ], [ -55.56922149699983, -26.628328322999948 ], [ -55.573600769999985, -26.632448195999928 ], [ -55.56596374499992, -26.638189314999977 ], [ -55.569805144999975, -26.648176192999983 ], [ -55.563266753999983, -26.650079726999934 ], [ -55.562599181999985, -26.652641294999967 ], [ -55.569267271999877, -26.654228209999928 ], [ -55.575622557999907, -26.651397703999919 ], [ -55.577369688999966, -26.655103682999936 ], [ -55.574665069999924, -26.657993315999931 ], [ -55.564476012999933, -26.659650802999977 ], [ -55.55997085599995, -26.670776366999974 ], [ -55.56681823699995, -26.673282621999874 ], [ -55.572364806999929, -26.670440673999906 ], [ -55.570865631999879, -26.683271407999882 ], [ -55.563274383999897, -26.695997238999894 ], [ -55.565353393999942, -26.70319557199997 ], [ -55.549140928999975, -26.710620879999908 ], [ -55.550647734999927, -26.715976714999954 ], [ -55.560001372999977, -26.717241286999922 ], [ -55.559871673999908, -26.721464156999843 ], [ -55.554271696999933, -26.726692199999945 ], [ -55.568271637999942, -26.727254866999886 ], [ -55.57076263499988, -26.734512328999983 ], [ -55.580745696999884, -26.73321533099994 ], [ -55.586418150999975, -26.724685668999939 ], [ -55.593696593999937, -26.726282118999961 ], [ -55.594005583999945, -26.730695724999919 ], [ -55.584606170999905, -26.742469786999948 ], [ -55.574180602999888, -26.74540710399998 ], [ -55.574642181999877, -26.752214430999857 ], [ -55.588352203999875, -26.757226942999978 ], [ -55.593490599999939, -26.754560470999877 ], [ -55.603256224999882, -26.753997801999958 ], [ -55.605995177999944, -26.749452590999965 ], [ -55.615348815999937, -26.749248503999922 ], [ -55.615432739999846, -26.745393753999963 ], [ -55.624305725999932, -26.729570387999956 ], [ -55.635776518999933, -26.725170135999974 ], [ -55.63900375299994, -26.716777800999978 ], [ -55.648059843999874, -26.711240767999925 ], [ -55.69655609199998, -26.733543395999902 ], [ -55.761096953999925, -26.767482756999982 ], [ -55.762454986999956, -26.770627975999901 ], [ -55.76042556699997, -26.780513761999941 ], [ -55.765838622999922, -26.784278868999877 ], [ -55.770023346999892, -26.778465270999902 ], [ -55.785140990999935, -26.784772871999905 ], [ -55.791709900999933, -26.791673659999958 ], [ -55.78654098599992, -26.796182630999908 ], [ -55.801254272999984, -26.812763212999982 ], [ -55.808979034999879, -26.812887191999948 ], [ -55.816379546999826, -26.808778761999918 ], [ -55.822189330999947, -26.813098906999983 ], [ -55.834419249999939, -26.811639785999944 ], [ -55.843452452999941, -26.81765556299996 ], [ -55.858238220999965, -26.810171126999933 ], [ -55.868934631999821, -26.814193724999882 ], [ -55.872512816999915, -26.81847381599988 ], [ -55.913101195999957, -26.725975035999966 ], [ -55.910072326999966, -26.714359281999975 ], [ -55.909484861999942, -26.69175529499995 ], [ -55.858337402999894, -26.658094405999975 ], [ -55.834659575999922, -26.59160232499994 ], [ -55.839496611999948, -26.572393416999887 ], [ -55.837135313999966, -26.526988981999921 ], [ -55.842647552999949, -26.51458358799988 ], [ -55.83953857399996, -26.507556913999963 ], [ -55.84172439699995, -26.499696730999972 ], [ -55.839069366999922, -26.489917754999965 ], [ -55.861343383999838, -26.470609664999984 ], [ -55.866008759999943, -26.470500944999969 ], [ -55.875656126999957, -26.464218139999957 ], [ -55.886508940999875, -26.451219558999867 ], [ -55.877288817999954, -26.442386627999895 ] ] ] ] } },
{ "type": "Feature", "properties": { "fid": 129, "GID_2": "PRY.13.2_1", "GID_0": "PRY", "COUNTRY": "Paraguay", "GID_1": "PRY.13_1", "NAME_1": "Itapúa", "NL_NAME_1": "NA", "NAME_2": "Bella Vista", "VARNAME_2": "NA", "NL_NAME_2": "NA", "TYPE_2": "Distrito", "ENGTYPE_2": "District", "CC_2": "NA", "HASC_2": "PY.IT.BV" }, "geometry": { "type": "MultiPolygon", "coordinates": [ [ [ [ -55.411026001999915, -26.989641188999883 ], [ -55.430381773999954, -27.00584602299989 ], [ -55.439876556999877, -27.017894744999921 ], [ -55.454532622999977, -27.046155929999941 ], [ -55.457794188999912, -27.066280364999898 ], [ -55.45375060899994, -27.091341018999969 ], [ -55.456573485999911, -27.102174759999912 ], [ -55.471508025999981, -27.110483168999906 ], [ -55.486427307999918, -27.111906050999949 ], [ -55.509170530999938, -27.109750746999964 ], [ -55.518844603999923, -27.106115341999839 ], [ -55.533061980999889, -27.107046127999922 ], [ -55.539054870999962, -27.099552153999923 ], [ -55.545764922999979, -27.098182677999944 ], [ -55.541183470999954, -27.096158980999917 ], [ -55.543922424999835, -27.092163085999971 ], [ -55.562797546999946, -27.077438352999934 ], [ -55.593189239999958, -27.048408507999909 ], [ -55.612831115999882, -27.035158156999955 ], [ -55.61812591599994, -27.016702651999879 ], [ -55.649551391999921, -26.985471725999957 ], [ -55.626991271999884, -26.973884582999972 ], [ -55.620094298999959, -26.963293074999967 ], [ -55.592498778999982, -26.949773787999959 ], [ -55.671314238999912, -26.878166197999974 ], [ -55.661304474999838, -26.872110366999948 ], [ -55.654788971999949, -26.873161315999937 ], [ -55.648178099999882, -26.868457792999948 ], [ -55.644706726999914, -26.868947982999941 ], [ -55.614265440999986, -26.903322218999961 ], [ -55.589168549999954, -26.925106047999975 ], [ -55.557483672999922, -26.942195892999905 ], [ -55.549308776999965, -26.951032637999845 ], [ -55.544361114999958, -26.962879179999902 ], [ -55.539611816999866, -26.965917586999979 ], [ -55.535305022999921, -26.967313765999847 ], [ -55.525428772999817, -26.953727720999893 ], [ -55.515201568999942, -26.946933745999956 ], [ -55.506912230999944, -26.944395063999877 ], [ -55.500125884999932, -26.947393416999887 ], [ -55.494068145999904, -26.94301414399996 ], [ -55.491439819999982, -26.944484710999916 ], [ -55.480701446999944, -26.94226455699993 ], [ -55.458248137999931, -26.962604521999936 ], [ -55.455612181999982, -26.962188719999972 ], [ -55.454547881999986, -26.955375670999899 ], [ -55.44987869299996, -26.954738615999872 ], [ -55.435329437999883, -26.967693327999882 ], [ -55.439247131999934, -26.97437477099993 ], [ -55.433177947999866, -26.98142433199996 ], [ -55.411026001999915, -26.989641188999883 ] ] ] ] } },
{ "type": "Feature", "properties": { "fid": 130, "GID_2": "PRY.13.3_1", "GID_0": "PRY", "COUNTRY": "Paraguay", "GID_1": "PRY.13_1", "NAME_1": "Itapúa", "NL_NAME_1": "NA", "NAME_2": "Cambyreta", "VARNAME_2": "NA", "NL_NAME_2": "NA", "TYPE_2": "Distrito", "ENGTYPE_2": "District", "CC_2": "NA", "HASC_2": "PY.AA.NC" }, "geometry": { "type": "MultiPolygon", "coordinates": [ [ [ [ -55.663398742999902, -27.375284194999892 ], [ -55.681880951999972, -27.384998319999909 ], [ -55.697895049999886, -27.398710249999908 ], [ -55.707405089999952, -27.409551620999935 ], [ -55.72599411099992, -27.439798354999937 ], [ -55.732601165999938, -27.444799422999949 ], [ -55.752460478999978, -27.448402403999978 ], [ -55.795890808999957, -27.442888259999904 ], [ -55.802337645999899, -27.441394804999959 ], [ -55.78700256299993, -27.41915512099996 ], [ -55.792465210999978, -27.401798247999977 ], [ -55.785739897999974, -27.390853881999931 ], [ -55.809619902999884, -27.382240295999907 ], [ -55.829193114999896, -27.364000320999935 ], [ -55.849914550999927, -27.359920501999966 ], [ -55.861797332999913, -27.337518692999936 ], [ -55.856884001999902, -27.327707290999967 ], [ -55.831489561999945, -27.330795287999933 ], [ -55.825607298999955, -27.328868864999947 ], [ -55.816368103999935, -27.321010588999911 ], [ -55.815128325999922, -27.311437605999913 ], [ -55.83181381199995, -27.294069288999935 ], [ -55.828796385999908, -27.268943786999898 ], [ -55.824054718999889, -27.263458251999964 ], [ -55.809883116999913, -27.267641067999932 ], [ -55.793083189999891, -27.260393141999941 ], [ -55.747329710999907, -27.301155088999906 ], [ -55.737274169999978, -27.313480376999905 ], [ -55.663398742999902, -27.375284194999892 ] ] ] ] } },
{ "type": "Feature", "properties": { "fid": 131, "GID_2": "PRY.13.4_1", "GID_0": "PRY", "COUNTRY": "Paraguay", "GID_1": "PRY.13_1", "NAME_1": "Itapúa", "NL_NAME_1": "NA", "NAME_2": "Capitán Meza", "VARNAME_2": "NA", "NL_NAME_2": "NA", "TYPE_2": "Distrito", "ENGTYPE_2": "District", "CC_2": "NA", "HASC_2": "PY.IT.CZ" }, "geometry": { "type": "MultiPolygon", "coordinates": [ [ [ [ -55.147087096999883, -26.885412214999974 ], [ -55.149726867999902, -26.894350050999947 ], [ -55.149425505999943, -26.90765762299992 ], [ -55.145366668999827, -26.919645308999975 ], [ -55.131515501999957, -26.943769454999824 ], [ -55.143138885999974, -26.954805373999875 ], [ -55.164764404999971, -26.958911895999961 ], [ -55.196418762999883, -26.968889236999928 ], [ -55.205959319999977, -26.968841551999958 ], [ -55.21564865199997, -26.965698241999917 ], [ -55.235591888999977, -26.946342467999898 ], [ -55.251010893999933, -26.940654753999866 ], [ -55.261619567999901, -26.94080352799989 ], [ -55.273120879999965, -26.943542480999952 ], [ -55.297885894999979, -26.960353851999969 ], [ -55.325336456999935, -26.964374541999916 ], [ -55.327594756999986, -26.952701567999895 ], [ -55.340553284999885, -26.947788237999873 ], [ -55.341392516999974, -26.936899184999902 ], [ -55.353973388999975, -26.921529769999836 ], [ -55.354549407999912, -26.914379119999978 ], [ -55.359100341999977, -26.911344527999972 ], [ -55.358699797999975, -26.902521133999926 ], [ -55.363452910999968, -26.899673460999963 ], [ -55.362960814999894, -26.894702910999968 ], [ -55.368137359999935, -26.890947341999947 ], [ -55.361255644999972, -26.889163970999903 ], [ -55.363422393999826, -26.883880615999942 ], [ -55.373649597999929, -26.87286949199995 ], [ -55.375743865999937, -26.878974913999912 ], [ -55.379554747999975, -26.881246566999948 ], [ -55.380512236999948, -26.875205993999941 ], [ -55.385341643999936, -26.877498626999966 ], [ -55.39785766499989, -26.872961043999965 ], [ -55.392173765999985, -26.863672255999973 ], [ -55.394134520999955, -26.858201979999876 ], [ -55.390033720999952, -26.850961685999891 ], [ -55.38826370299995, -26.839725493999936 ], [ -55.409126280999942, -26.834608076999928 ], [ -55.426559447999978, -26.819505691999836 ], [ -55.430351257999916, -26.822700500999929 ], [ -55.434440611999889, -26.82167243799995 ], [ -55.439643859999819, -26.807630537999955 ], [ -55.459701537999933, -26.792936323999982 ], [ -55.461219786999948, -26.788742064999951 ], [ -55.45758438099989, -26.778940200999955 ], [ -55.474040984999931, -26.770244597999977 ], [ -55.495792388999973, -26.75209045299988 ], [ -55.497722624999938, -26.747533798999825 ], [ -55.495925902999886, -26.737220762999982 ], [ -55.491180419999978, -26.731437681999921 ], [ -55.489711761999899, -26.724435806999963 ], [ -55.493362427999955, -26.715684890999967 ], [ -55.489215850999983, -26.710468291999973 ], [ -55.491161346999945, -26.705175398999984 ], [ -55.500015258999952, -26.70000648499996 ], [ -55.510574341999984, -26.700197218999961 ], [ -55.513481140999886, -26.706495283999971 ], [ -55.508434295999962, -26.713937759999965 ], [ -55.516506194999977, -26.716466902999969 ], [ -55.535232544999985, -26.705783842999892 ], [ -55.548069000999931, -26.70399284399997 ], [ -55.550399780999953, -26.708806991999836 ], [ -55.553241728999978, -26.708858488999908 ], [ -55.565353393999942, -26.70319557199997 ], [ -55.563274383999897, -26.695997238999894 ], [ -55.570865631999879, -26.683271407999882 ], [ -55.572364806999929, -26.670440673999906 ], [ -55.56681823699995, -26.673282621999874 ], [ -55.55997085599995, -26.670776366999974 ], [ -55.564476012999933, -26.659650802999977 ], [ -55.574665069999924, -26.657993315999931 ], [ -55.577369688999966, -26.655103682999936 ], [ -55.575622557999907, -26.651397703999919 ], [ -55.569267271999877, -26.654228209999928 ], [ -55.562599181999985, -26.652641294999967 ], [ -55.563266753999983, -26.650079726999934 ], [ -55.569805144999975, -26.648176192999983 ], [ -55.56596374499992, -26.638189314999977 ], [ -55.573600769999985, -26.632448195999928 ], [ -55.572036741999966, -26.629665373999899 ], [ -55.563171386999898, -26.626571655999896 ], [ -55.568271637999942, -26.616188048999959 ], [ -55.584682464999901, -26.617580413999974 ], [ -55.598522185999968, -26.615802763999966 ], [ -55.590129851999961, -26.609594344999948 ], [ -55.596485137999935, -26.606767654999885 ], [ -55.596126555999945, -26.60455703699995 ], [ -55.585079192999956, -26.599220276999915 ], [ -55.578102110999907, -26.602769850999891 ], [ -55.571838377999882, -26.601560591999942 ], [ -55.581737518999944, -26.594203948999905 ], [ -55.579948424999884, -26.592521667999961 ], [ -55.568943023999964, -26.59471511799984 ], [ -55.57438278199993, -26.587095260999888 ], [ -55.569412230999887, -26.582414626999935 ], [ -55.57727432199988, -26.575391769999896 ], [ -55.57754897999996, -26.57208824099996 ], [ -55.569198608999955, -26.573596953999981 ], [ -55.556545257999915, -26.558498382999971 ], [ -55.538421631999881, -26.55230140599997 ], [ -55.536998747999917, -26.548175811999954 ], [ -55.523952483999949, -26.546163557999876 ], [ -55.519210815999941, -26.549568174999933 ], [ -55.520545958999946, -26.56245040899995 ], [ -55.516941069999973, -26.569549560999974 ], [ -55.497783659999925, -26.582424163999917 ], [ -55.471115112999883, -26.594980239999927 ], [ -55.449352264999902, -26.597154616999887 ], [ -55.42093658399989, -26.606178282999906 ], [ -55.416694639999889, -26.613994598999966 ], [ -55.403766631999986, -26.62018203699995 ], [ -55.400218962999986, -26.624340056999984 ], [ -55.399318695999909, -26.645444869999949 ], [ -55.405078887999935, -26.668325424999978 ], [ -55.400112152999952, -26.68108749299995 ], [ -55.378250120999837, -26.707162856999958 ], [ -55.374649047999867, -26.718805312999962 ], [ -55.378353118999939, -26.725488662999965 ], [ -55.378612517999954, -26.731737135999936 ], [ -55.349235533999888, -26.745321272999888 ], [ -55.340621947999978, -26.757089613999824 ], [ -55.328674315999876, -26.755392074999975 ], [ -55.3183631899999, -26.76162147399998 ], [ -55.31183624199997, -26.762414931999899 ], [ -55.306594848999907, -26.76928710899989 ], [ -55.307643889999952, -26.776107787999877 ], [ -55.299106597999923, -26.784570693999967 ], [ -55.28509902899998, -26.77548408399997 ], [ -55.276695251999911, -26.761728286999926 ], [ -55.267642975999934, -26.758060454999963 ], [ -55.230777740999883, -26.761367796999934 ], [ -55.204067228999975, -26.760599135999939 ], [ -55.204349517999901, -26.769832610999913 ], [ -55.194419859999982, -26.76871681199998 ], [ -55.185180663999972, -26.772382735999884 ], [ -55.183883665999929, -26.775480270999935 ], [ -55.186100006999936, -26.776258467999924 ], [ -55.198898314999951, -26.77651977499994 ], [ -55.208286284999929, -26.78295135399992 ], [ -55.220443725999985, -26.784477232999961 ], [ -55.227573394999979, -26.792152404999968 ], [ -55.228893279999909, -26.796220777999963 ], [ -55.223464965999938, -26.810068129999934 ], [ -55.223537443999987, -26.815393446999849 ], [ -55.219371795999848, -26.819353103999902 ], [ -55.214092253999979, -26.819061278999925 ], [ -55.212551116999919, -26.807460784999932 ], [ -55.202812194999979, -26.806716919999928 ], [ -55.20136642499989, -26.799524307999889 ], [ -55.19853210499997, -26.799100875999954 ], [ -55.193748472999914, -26.811491010999816 ], [ -55.197559356999932, -26.837644576999878 ], [ -55.195842743999947, -26.841281889999948 ], [ -55.184673309999937, -26.840688703999888 ], [ -55.182163237999987, -26.843391417999953 ], [ -55.192829131999986, -26.847833633999983 ], [ -55.19385910099993, -26.855382917999862 ], [ -55.187034605999884, -26.859836578999932 ], [ -55.176883697999926, -26.875055311999972 ], [ -55.173400879999974, -26.876087187999929 ], [ -55.165744780999887, -26.873176573999956 ], [ -55.147087096999883, -26.885412214999974 ] ] ] ] } },
{ "type": "Feature", "properties": { "fid": 132, "GID_2": "PRY.13.5_1", "GID_0": "PRY", "COUNTRY": "Paraguay", "GID_1": "PRY.13_1", "NAME_1": "Itapúa", "NL_NAME_1": "NA", "NAME_2": "Capitán Miranda", "VARNAME_2": "NA", "NL_NAME_2": "NA", "TYPE_2": "Distrito", "ENGTYPE_2": "District", "CC_2": "NA", "HASC_2": "PY.IT.CM" }, "geometry": { "type": "MultiPolygon", "coordinates": [ [ [ [ -55.764488219999862, -27.286855696999908 ], [ -55.793083189999891, -27.260393141999941 ], [ -55.809883116999913, -27.267641067999932 ], [ -55.824054718999889, -27.263458251999964 ], [ -55.828796385999908, -27.268943786999898 ], [ -55.827476501999968, -27.255617141999835 ], [ -55.822082518999878, -27.23937034599993 ], [ -55.825412749999941, -27.232095717999925 ], [ -55.93516158999995, -27.13490676899994 ], [ -55.93394851599993, -27.131088256999931 ], [ -55.924930572999926, -27.122692108999956 ], [ -55.915756225999985, -27.101249693999932 ], [ -55.896518706999984, -27.094524383999953 ], [ -55.896522521999941, -27.083688735999942 ], [ -55.88705062799994, -27.075063704999934 ], [ -55.854297637999935, -27.101659774999973 ], [ -55.857467651999968, -27.110818861999974 ], [ -55.854736328999934, -27.114816664999921 ], [ -55.77415847799989, -27.187364576999983 ], [ -55.733089445999838, -27.219932555999947 ], [ -55.72050857499994, -27.235172271999943 ], [ -55.739089964999891, -27.245557783999914 ], [ -55.750514984999938, -27.255659101999925 ], [ -55.755939483999953, -27.269891738999888 ], [ -55.763343810999913, -27.277175902999886 ], [ -55.76130676299988, -27.286874769999883 ], [ -55.764488219999862, -27.286855696999908 ] ] ] ] } },
{ "type": "Feature", "properties": { "fid": 133, "GID_2": "PRY.13.6_1", "GID_0": "PRY", "COUNTRY": "Paraguay", "GID_1": "PRY.13_1", "NAME_1": "Itapúa", "NL_NAME_1": "NA", "NAME_2": "Carlos Antonio López", "VARNAME_2": "NA", "NL_NAME_2": "NA", "TYPE_2": "Distrito", "ENGTYPE_2": "District", "CC_2": "NA", "HASC_2": "PY.IT.CL" }, "geometry": { "type": "MultiPolygon", "coordinates": [ [ [ [ -54.698123930999941, -26.402313231999983 ], [ -54.696571350999932, -26.417276380999965 ], [ -54.700328826999964, -26.440238951999845 ], [ -54.709907530999885, -26.458738325999889 ], [ -54.722751617999904, -26.472162245999925 ], [ -54.755535125999927, -26.49786949199995 ], [ -54.769229887999984, -26.504863737999983 ], [ -54.784141539999951, -26.516565322999895 ], [ -54.795928953999976, -26.529539108999813 ], [ -54.807365417999904, -26.555049896999833 ], [ -54.816387175999921, -26.541862486999889 ], [ -54.818775176999907, -26.543014525999922 ], [ -54.821548461999953, -26.538303374999941 ], [ -54.82760238599991, -26.539356231999932 ], [ -54.829910278999932, -26.543817519999948 ], [ -54.84262466499996, -26.546125410999935 ], [ -54.844890593999935, -26.544893263999938 ], [ -54.831562041999973, -26.528434752999942 ], [ -54.832870482999965, -26.525157928999931 ], [ -54.837924956999927, -26.525642393999874 ], [ -54.841262817999961, -26.522411344999966 ], [ -54.840785980999954, -26.517625807999877 ], [ -54.843307493999987, -26.514558791999946 ], [ -54.849113463999913, -26.524425506999933 ], [ -54.85569381699986, -26.528429031999963 ], [ -54.860103606999928, -26.523021697999866 ], [ -54.858833311999831, -26.510320662999959 ], [ -54.864727019999975, -26.502557754999884 ], [ -54.872867583999891, -26.501455305999968 ], [ -54.8766212459999, -26.505027770999959 ], [ -54.870983123999963, -26.510959625999874 ], [ -54.868331908999949, -26.518800735999946 ], [ -54.869880676999969, -26.521402357999818 ], [ -54.88195800799997, -26.524610517999974 ], [ -54.884765624999886, -26.518430708999972 ], [ -54.895160673999953, -26.509111403999896 ], [ -54.900901794999982, -26.514202117999957 ], [ -54.906318663999912, -26.508811949999824 ], [ -54.906391142999951, -26.506242751999878 ], [ -54.897785186999954, -26.502195357999938 ], [ -54.893096924999838, -26.503004072999943 ], [ -54.896087646999945, -26.497564315999909 ], [ -54.893157959999826, -26.493457792999948 ], [ -54.895229339999958, -26.4918556209999 ], [ -54.902484894999986, -26.493482588999939 ], [ -54.907787322999923, -26.499662398999874 ], [ -54.91284942599998, -26.499958037999818 ], [ -54.916988371999878, -26.504274367999983 ], [ -54.920333860999961, -26.500490187999958 ], [ -54.920120238999857, -26.493507385999976 ], [ -54.919776916999979, -26.491294859999982 ], [ -54.916748045999896, -26.490863798999897 ], [ -54.915473937999934, -26.485511778999921 ], [ -54.918159483999887, -26.483730314999946 ], [ -54.922550201999911, -26.486215590999961 ], [ -54.925441742999965, -26.484262466999951 ], [ -54.929004669999983, -26.479930876999902 ], [ -54.929191588999913, -26.473142623999934 ], [ -54.935485838999966, -26.472726821999913 ], [ -54.9461135869999, -26.476999281999838 ], [ -54.948654175999877, -26.473016737999899 ], [ -54.948204039999951, -26.467132566999965 ], [ -54.950473785999975, -26.465709685999911 ], [ -54.957305908999956, -26.467878341999949 ], [ -54.966247557999964, -26.466974257999937 ], [ -54.96509552099991, -26.457035063999911 ], [ -54.961444854999911, -26.449607848999904 ], [ -54.968242645999908, -26.445531844999891 ], [ -54.968193053999983, -26.4398384079999 ], [ -54.972797393999826, -26.434431074999964 ], [ -54.987510680999947, -26.437318801999879 ], [ -54.987869262999936, -26.431634903999907 ], [ -54.993965148999962, -26.431028365999964 ], [ -55.001388548999955, -26.418519973999935 ], [ -55.003833770999961, -26.418020247999891 ], [ -55.009281158999954, -26.418872832999909 ], [ -55.011066437999943, -26.427911758999869 ], [ -55.013477325999929, -26.428693770999928 ], [ -55.018894194999973, -26.423118591999923 ], [ -55.027244567999958, -26.421459196999933 ], [ -55.030632019999928, -26.415836333999948 ], [ -55.029930113999967, -26.411785125999927 ], [ -55.040534973999968, -26.40907096899997 ], [ -55.040897367999946, -26.403020857999877 ], [ -55.035060881999982, -26.39389800999993 ], [ -55.035614012999929, -26.388214111999844 ], [ -55.037094114999945, -26.385860443999945 ], [ -55.048831939999957, -26.386295318999885 ], [ -55.051105498999959, -26.384504317999927 ], [ -55.052200317999961, -26.381406782999875 ], [ -55.047206878999987, -26.371015547999946 ], [ -55.054752349999944, -26.368974684999955 ], [ -55.059112548999906, -26.3648395539999 ], [ -55.057815550999976, -26.344610213999886 ], [ -55.062511443999938, -26.327629089999959 ], [ -55.059013366999977, -26.322046278999892 ], [ -55.048370360999968, -26.318700789999866 ], [ -55.049278258999948, -26.31486511199995 ], [ -55.117263793999939, -26.211328505999916 ], [ -55.103614806999985, -26.209613799999886 ], [ -55.098323821999941, -26.219207763999918 ], [ -55.081260681999936, -26.219636916999946 ], [ -55.077072142999953, -26.23033523599986 ], [ -55.071212768999942, -26.229694365999933 ], [ -55.066661834999877, -26.235761642999933 ], [ -55.059207915999878, -26.223314284999901 ], [ -55.049587249999945, -26.229295729999933 ], [ -55.035076140999934, -26.228836058999889 ], [ -55.033626556999877, -26.224161146999961 ], [ -55.038524626999958, -26.217416762999903 ], [ -55.036678312999982, -26.214469909999877 ], [ -55.032100677999949, -26.213451384999814 ], [ -55.02596282899998, -26.217832564999924 ], [ -55.020393371999944, -26.217563629999972 ], [ -55.013385771999936, -26.225782394999896 ], [ -55.003295898999966, -26.224138259999961 ], [ -54.997154235999915, -26.217164993999859 ], [ -54.987049101999958, -26.218826293999825 ], [ -54.984668730999829, -26.22220420799988 ], [ -54.987228392999953, -26.231191633999913 ], [ -54.983932495999909, -26.23359107899995 ], [ -54.980846403999919, -26.230424879999816 ], [ -54.967761993999943, -26.228769302999979 ], [ -54.968498229999909, -26.225643158999958 ], [ -54.974273680999943, -26.221488951999959 ], [ -54.971897124999941, -26.219043731999875 ], [ -54.958862303999865, -26.219335555999862 ], [ -54.958179473999962, -26.226564406999955 ], [ -54.952705382999966, -26.228229521999879 ], [ -54.950725554999963, -26.221935271999939 ], [ -54.958168028999978, -26.209085464999873 ], [ -54.956352233999837, -26.20744705099986 ], [ -54.949337004999904, -26.209056853999982 ], [ -54.950996397999972, -26.200141905999942 ], [ -54.948612213999979, -26.197595596999918 ], [ -54.939113615999986, -26.200141905999942 ], [ -54.934299467999949, -26.207944868999903 ], [ -54.92644119199997, -26.20336913999995 ], [ -54.924480437999932, -26.219316481999954 ], [ -54.918533323999895, -26.221733092999898 ], [ -54.916713713999968, -26.219154356999979 ], [ -54.878959654999846, -26.248113631999956 ], [ -54.781074522999916, -26.332937240999968 ], [ -54.775447844999917, -26.338499068999909 ], [ -54.770275116999983, -26.34957885599988 ], [ -54.746463775999985, -26.36794090199993 ], [ -54.72208023099995, -26.39160919099993 ], [ -54.698123930999941, -26.402313231999983 ] ] ] ] } },
{ "type": "Feature", "properties": { "fid": 134, "GID_2": "PRY.13.7_1", "GID_0": "PRY", "COUNTRY": "Paraguay", "GID_1": "PRY.13_1", "NAME_1": "Itapúa", "NL_NAME_1": "NA", "NAME_2": "Carmen del Paraná", "VARNAME_2": "NA", "NL_NAME_2": "NA", "TYPE_2": "Distrito", "ENGTYPE_2": "District", "CC_2": "NA", "HASC_2": "PY.IT.CP" }, "geometry": { "type": "MultiPolygon", "coordinates": [ [ [ [ -56.051372527999945, -27.307254791999924 ], [ -56.059593200999927, -27.304418563999945 ], [ -56.102130888999966, -27.304059981999842 ], [ -56.143482208999956, -27.312519073999965 ], [ -56.170036315999937, -27.328643798999963 ], [ -56.180557251999971, -27.338630674999933 ], [ -56.182704924999939, -27.26777648999996 ], [ -56.179218291999916, -27.267887114999951 ], [ -56.186355590999824, -27.243764876999876 ], [ -56.182991027999947, -27.237289428999873 ], [ -56.183631895999952, -27.235647201999882 ], [ -56.193805694999924, -27.23743438799994 ], [ -56.197509765999882, -27.235828399999946 ], [ -56.199005125999975, -27.231807708999895 ], [ -56.196582794999927, -27.230121612999937 ], [ -56.192420959999936, -27.234844206999981 ], [ -56.187431335999918, -27.22816657899989 ], [ -56.192684172999975, -27.219053268999915 ], [ -56.182487486999946, -27.218549727999914 ], [ -56.179897307999966, -27.214843749999886 ], [ -56.171249389999957, -27.182956694999973 ], [ -56.175731657999904, -27.17125892699994 ], [ -56.174602507999907, -27.15342903099986 ], [ -56.154430389999959, -27.140119552999977 ], [ -56.15265274099994, -27.136785506999956 ], [ -56.155799865999938, -27.131683349999946 ], [ -56.154464721999943, -27.12616157399998 ], [ -56.145988463999913, -27.120901106999952 ], [ -56.134426116999975, -27.105684278999945 ], [ -56.136642455999947, -27.083124159999841 ], [ -56.134593962999929, -27.071893690999843 ], [ -56.002456665999944, -27.189380645999904 ], [ -56.014636993999943, -27.201524734999907 ], [ -56.028167723999957, -27.209432600999889 ], [ -56.02938461299982, -27.221019743999932 ], [ -56.027450561999956, -27.226320266999892 ], [ -56.036754607999967, -27.253635406999933 ], [ -56.034587858999942, -27.260585784999876 ], [ -56.038974761999896, -27.277727125999945 ], [ -56.035953520999954, -27.28668403599994 ], [ -56.04525375399993, -27.291957854999907 ], [ -56.051372527999945, -27.307254791999924 ] ] ] ] } },
{ "type": "Feature", "properties": { "fid": 135, "GID_2": "PRY.13.8_1", "GID_0": "PRY", "COUNTRY": "Paraguay", "GID_1": "PRY.13_1", "NAME_1": "Itapúa", "NL_NAME_1": "NA", "NAME_2": "Coronel Bogado", "VARNAME_2": "NA", "NL_NAME_2": "NA", "TYPE_2": "Distrito", "ENGTYPE_2": "District", "CC_2": "NA", "HASC_2": "PY.IT.CB" }, "geometry": { "type": "MultiPolygon", "coordinates": [ [ [ [ -56.180557251999971, -27.338630674999933 ], [ -56.211448668999935, -27.371992110999827 ], [ -56.224140166999916, -27.381492613999967 ], [ -56.272983549999935, -27.401491164999982 ], [ -56.275154113999918, -27.312511443999938 ], [ -56.277023314999951, -27.312604902999965 ], [ -56.27761840799991, -27.306657791999953 ], [ -56.273967743999947, -27.292106627999885 ], [ -56.287578581999981, -27.270967483999925 ], [ -56.305622099999937, -27.266052245999845 ], [ -56.309570311999948, -27.261510848999876 ], [ -56.312789917999964, -27.251445769999918 ], [ -56.309783934999984, -27.247919081999896 ], [ -56.297897337999927, -27.25089836099994 ], [ -56.294651030999944, -27.249565123999844 ], [ -56.303569793999884, -27.240499496999973 ], [ -56.30438232399996, -27.227836607999961 ], [ -56.298763275999931, -27.208848952999915 ], [ -56.289756773999898, -27.197530745999927 ], [ -56.286060332999853, -27.186096191999923 ], [ -56.297397613999976, -27.178890226999954 ], [ -56.351284026999906, -27.176982879999969 ], [ -56.359745025999985, -27.170475004999901 ], [ -56.377376556999934, -27.178400038999882 ], [ -56.394573210999908, -27.174192428999902 ], [ -56.39491653399989, -27.178604125999982 ], [ -56.398765563999973, -27.18030357299989 ], [ -56.446464538999976, -27.183242797999924 ], [ -56.479328154999962, -27.181961058999832 ], [ -56.482574463999981, -27.168594359999929 ], [ -56.47678375299995, -27.159711837999851 ], [ -56.466499327999941, -27.151514053999961 ], [ -56.466304778999927, -27.136449812999899 ], [ -56.463737488999982, -27.130359649999946 ], [ -56.465469359999986, -27.123401641999976 ], [ -56.475063323999962, -27.108451843999887 ], [ -56.479045868999947, -27.086082457999908 ], [ -56.488426207999908, -27.071125029999905 ], [ -56.481018065999876, -27.047355650999918 ], [ -56.453571319999924, -27.042821883999977 ], [ -56.446262359999935, -27.036933897999972 ], [ -56.443862914999897, -27.037933349999946 ], [ -56.441658018999931, -27.049112320999882 ], [ -56.437496183999883, -27.055124282999941 ], [ -56.431976317999897, -27.056350707999968 ], [ -56.415924072999985, -27.053220747999887 ], [ -56.408325194999918, -27.057174680999935 ], [ -56.398773191999965, -27.055591581999977 ], [ -56.373878477999938, -27.057683944999894 ], [ -56.335884094999983, -27.063659667999957 ], [ -56.309200286999896, -27.06277847399997 ], [ -56.306121825999981, -27.064207075999946 ], [ -56.303161621999948, -27.070968627999946 ], [ -56.299270629999967, -27.072206497999957 ], [ -56.294651030999944, -27.080961227999921 ], [ -56.288391112999875, -27.077207564999867 ], [ -56.284709929999963, -27.078086852999945 ], [ -56.278888701999961, -27.072317122999948 ], [ -56.261413572999913, -27.068971633999922 ], [ -56.251525879999974, -27.062784193999903 ], [ -56.221870422999984, -27.081504820999953 ], [ -56.217788695999957, -27.081819533999976 ], [ -56.214756011999896, -27.080308912999953 ], [ -56.210620879999965, -27.07143783499987 ], [ -56.205215454999916, -27.040878294999914 ], [ -56.200836181999875, -27.034578322999948 ], [ -56.19366836599994, -27.036869048999904 ], [ -56.184936523999909, -27.047225951999962 ], [ -56.180923461999953, -27.067924499999947 ], [ -56.175827024999876, -27.080160140999908 ], [ -56.149063110999919, -27.095966338999972 ], [ -56.140048980999893, -27.112535475999891 ], [ -56.145988463999913, -27.120901106999952 ], [ -56.154464721999943, -27.12616157399998 ], [ -56.155799865999938, -27.131683349999946 ], [ -56.15265274099994, -27.136785506999956 ], [ -56.154430389999959, -27.140119552999977 ], [ -56.174602507999907, -27.15342903099986 ], [ -56.175731657999904, -27.17125892699994 ], [ -56.171249389999957, -27.182956694999973 ], [ -56.179897307999966, -27.214843749999886 ], [ -56.182487486999946, -27.218549727999914 ], [ -56.192684172999975, -27.219053268999915 ], [ -56.187431335999918, -27.22816657899989 ], [ -56.192420959999936, -27.234844206999981 ], [ -56.196582794999927, -27.230121612999937 ], [ -56.199005125999975, -27.231807708999895 ], [ -56.197509765999882, -27.235828399999946 ], [ -56.193805694999924, -27.23743438799994 ], [ -56.183631895999952, -27.235647201999882 ], [ -56.182991027999947, -27.237289428999873 ], [ -56.186355590999824, -27.243764876999876 ], [ -56.179218291999916, -27.267887114999951 ], [ -56.182704924999939, -27.26777648999996 ], [ -56.180557251999971, -27.338630674999933 ] ] ] ] } },
{ "type": "Feature", "properties": { "fid": 136, "GID_2": "PRY.13.9_1", "GID_0": "PRY", "COUNTRY": "Paraguay", "GID_1": "PRY.13_1", "NAME_1": "Itapúa", "NL_NAME_1": "NA", "NAME_2": "Edelira", "VARNAME_2": "NA", "NL_NAME_2": "NA", "TYPE_2": "Distrito", "ENGTYPE_2": "District", "CC_2": "NA", "HASC_2": "PY.IT.ED" }, "geometry": { "type": "MultiPolygon", "coordinates": [ [ [ [ -55.598983764999957, -26.411174774999893 ], [ -55.571044922999874, -26.385925291999911 ], [ -55.570079802999942, -26.365148543999908 ], [ -55.55611801099991, -26.364540099999942 ], [ -55.539104460999965, -26.355239868999945 ], [ -55.538303375999874, -26.364038466999887 ], [ -55.539844512999935, -26.367742537999959 ], [ -55.543262480999942, -26.368902206999962 ], [ -55.547660826999959, -26.38073539599992 ], [ -55.544391631999929, -26.391330717999949 ], [ -55.531623840999941, -26.410022735999974 ], [ -55.519271849999939, -26.41880225999995 ], [ -55.507259368999883, -26.421340941999915 ], [ -55.504272460999914, -26.428085326999906 ], [ -55.495346068999879, -26.42847442599998 ], [ -55.499000549999892, -26.419172286999981 ], [ -55.475868224999942, -26.411586761999956 ], [ -55.468181609999931, -26.402084348999949 ], [ -55.458011626999962, -26.412731170999962 ], [ -55.44853973499994, -26.42835426299996 ], [ -55.409320831999878, -26.450771330999885 ], [ -55.408435820999955, -26.453876495999964 ], [ -55.412109374999943, -26.461658477999833 ], [ -55.405063629999972, -26.468137741999897 ], [ -55.395633697999926, -26.489997863999918 ], [ -55.391742705999945, -26.491764068999885 ], [ -55.381305693999877, -26.487161635999939 ], [ -55.385459898999954, -26.465568541999971 ], [ -55.370288847999973, -26.455547331999924 ], [ -55.368442533999882, -26.45642852799989 ], [ -55.365436552999938, -26.472349166999948 ], [ -55.346683501999962, -26.510927199999969 ], [ -55.34653091499996, -26.517351149999968 ], [ -55.353096007999909, -26.522804260999976 ], [ -55.353412627999944, -26.526483535999944 ], [ -55.335441589999959, -26.531648634999897 ], [ -55.334209441999974, -26.523912429999939 ], [ -55.331409453999981, -26.52220535299989 ], [ -55.327823637999927, -26.528015136999841 ], [ -55.333377837999933, -26.53326416099992 ], [ -55.334442138999975, -26.539712905999977 ], [ -55.331981657999961, -26.540765762999854 ], [ -55.326568603999931, -26.538091659999907 ], [ -55.317523955999945, -26.543060302999891 ], [ -55.319423674999882, -26.548421858999973 ], [ -55.318237303999979, -26.555749891999938 ], [ -55.324478148999958, -26.557701110999972 ], [ -55.325012206999986, -26.560834884999906 ], [ -55.319953918999886, -26.560186384999895 ], [ -55.316806791999909, -26.564529418999882 ], [ -55.322563171999946, -26.56978416499993 ], [ -55.317817686999888, -26.573181151999961 ], [ -55.314174650999917, -26.572746275999975 ], [ -55.307617186999948, -26.567108153999925 ], [ -55.306808470999897, -26.58380699199995 ], [ -55.300785063999967, -26.589563368999904 ], [ -55.29549407899998, -26.590196608999975 ], [ -55.29076385399992, -26.601127623999901 ], [ -55.279441833999897, -26.607696533999956 ], [ -55.269821167999964, -26.61944579999988 ], [ -55.266620635999914, -26.617361068999969 ], [ -55.263252257999909, -26.622438429999931 ], [ -55.24472045899995, -26.622091292999983 ], [ -55.245475768999938, -26.627044677999947 ], [ -55.240146636999953, -26.62914466899997 ], [ -55.243473052999946, -26.634168623999983 ], [ -55.243144987999983, -26.639303206999955 ], [ -55.249660492999965, -26.646780012999955 ], [ -55.254859923999902, -26.658266065999953 ], [ -55.251728057999969, -26.661695478999945 ], [ -55.243194579999908, -26.661895750999975 ], [ -55.233448027999941, -26.670146942999963 ], [ -55.234024047999981, -26.679706572999976 ], [ -55.229938506999986, -26.680730818999905 ], [ -55.226913451999962, -26.688013076999937 ], [ -55.236892699999942, -26.695005416999891 ], [ -55.238811491999968, -26.699640274999979 ], [ -55.249492644999918, -26.694707870999878 ], [ -55.255199432999916, -26.694923400999983 ], [ -55.255687712999929, -26.706687926999905 ], [ -55.250881194999977, -26.71254920999985 ], [ -55.245819090999987, -26.714702605999946 ], [ -55.235500334999927, -26.710222242999976 ], [ -55.228260039999952, -26.699850081999898 ], [ -55.215282439999953, -26.706510543999968 ], [ -55.213344573999962, -26.710884093999937 ], [ -55.21604919299989, -26.716445921999934 ], [ -55.218051909999986, -26.717586517999905 ], [ -55.226482391999923, -26.714424132999909 ], [ -55.227928161999898, -26.720726012999876 ], [ -55.209609985999862, -26.730276107999941 ], [ -55.201263427999891, -26.730844496999964 ], [ -55.20086669899996, -26.73854637099987 ], [ -55.208358764999957, -26.739616392999949 ], [ -55.201759338999977, -26.751600264999922 ], [ -55.204067228999975, -26.760599135999939 ], [ -55.230777740999883, -26.761367796999934 ], [ -55.268653869999923, -26.758262633999891 ], [ -55.276695251999911, -26.761728286999926 ], [ -55.28509902899998, -26.77548408399997 ], [ -55.299106597999923, -26.784570693999967 ], [ -55.307643889999952, -26.776107787999877 ], [ -55.306594848999907, -26.76928710899989 ], [ -55.31183624199997, -26.762414931999899 ], [ -55.3183631899999, -26.76162147399998 ], [ -55.328674315999876, -26.755392074999975 ], [ -55.340621947999978, -26.757089613999824 ], [ -55.349235533999888, -26.745321272999888 ], [ -55.377571106999937, -26.732822416999852 ], [ -55.378719330999957, -26.727148055999919 ], [ -55.374649047999867, -26.718805312999962 ], [ -55.378250120999837, -26.707162856999958 ], [ -55.400112152999952, -26.68108749299995 ], [ -55.405078887999935, -26.668325424999978 ], [ -55.399318695999909, -26.645444869999949 ], [ -55.400218962999986, -26.624340056999984 ], [ -55.403766631999986, -26.62018203699995 ], [ -55.416694639999889, -26.613994598999966 ], [ -55.42093658399989, -26.606178282999906 ], [ -55.449352264999902, -26.597154616999887 ], [ -55.471115112999883, -26.594980239999927 ], [ -55.497783659999925, -26.582424163999917 ], [ -55.51903533899997, -26.566646574999936 ], [ -55.520252227999947, -26.548301695999953 ], [ -55.526596069999925, -26.545843122999941 ], [ -55.536998747999917, -26.548175811999954 ], [ -55.534667967999894, -26.538642882999966 ], [ -55.538406370999951, -26.534669876999942 ], [ -55.549861907999912, -26.530094146999886 ], [ -55.565181732999974, -26.515857695999955 ], [ -55.574195860999907, -26.511791229999972 ], [ -55.57550811699997, -26.46993637099996 ], [ -55.581928252999944, -26.463619231999871 ], [ -55.58475494299995, -26.454853056999923 ], [ -55.581436156999985, -26.439550399999973 ], [ -55.59693527099995, -26.42549324099997 ], [ -55.598983764999957, -26.411174774999893 ] ] ] ] } },
{ "type": "Feature", "properties": { "fid": 137, "GID_2": "PRY.13.10_1", "GID_0": "PRY", "COUNTRY": "Paraguay", "GID_1": "PRY.13_1", "NAME_1": "Itapúa", "NL_NAME_1": "NA", "NAME_2": "Encarnación", "VARNAME_2": "NA", "NL_NAME_2": "NA", "TYPE_2": "Distrito", "ENGTYPE_2": "District", "CC_2": "NA", "HASC_2": "PY.IT.EN" }, "geometry": { "type": "MultiPolygon", "coordinates": [ [ [ [ -55.802337645999899, -27.441394804999959 ], [ -55.828491211999903, -27.43322181699989 ], [ -55.844371795999962, -27.418899535999969 ], [ -55.863124846999881, -27.39117431699998 ], [ -55.877544402999945, -27.361940384999912 ], [ -55.886466980999955, -27.353082656999959 ], [ -55.904449462999878, -27.344615935999911 ], [ -55.924381254999957, -27.347776412999849 ], [ -55.92795562799995, -27.296108244999971 ], [ -55.94208907999996, -27.294115065999961 ], [ -55.960964201999957, -27.278604506999955 ], [ -55.974330902999952, -27.262460707999935 ], [ -55.989685057999964, -27.260116575999973 ], [ -56.002933500999973, -27.250211714999978 ], [ -56.013347625999927, -27.238788603999922 ], [ -56.023700713999972, -27.219287872999871 ], [ -56.028861998999901, -27.216056823999963 ], [ -56.028167723999957, -27.209432600999889 ], [ -56.014636993999943, -27.201524734999907 ], [ -56.006839751999962, -27.192779540999936 ], [ -55.990528106999932, -27.181152342999951 ], [ -55.990211486999954, -27.176189422999926 ], [ -55.993156432999967, -27.171457290999911 ], [ -55.991744993999987, -27.170515059999957 ], [ -55.963035583999897, -27.156688688999907 ], [ -55.940090178999981, -27.162221908999982 ], [ -55.939575194999975, -27.157072066999945 ], [ -55.947662353999874, -27.150028228999929 ], [ -55.937599181999985, -27.142902372999913 ], [ -55.93516158999995, -27.13490676899994 ], [ -55.87681961099986, -27.185129164999921 ], [ -55.822769165999944, -27.235708236999869 ], [ -55.83228301999992, -27.290954588999966 ], [ -55.82947540299989, -27.298629760999972 ], [ -55.815128325999922, -27.311437605999913 ], [ -55.816368103999935, -27.321010588999911 ], [ -55.825607298999955, -27.328868864999947 ], [ -55.831489561999945, -27.330795287999933 ], [ -55.856884001999902, -27.327707290999967 ], [ -55.86174392699985, -27.340087890999882 ], [ -55.848876951999955, -27.360639570999922 ], [ -55.829193114999896, -27.364000320999935 ], [ -55.809619902999884, -27.382240295999907 ], [ -55.785739897999974, -27.390853881999931 ], [ -55.792465210999978, -27.401798247999977 ], [ -55.78700256299993, -27.41915512099996 ], [ -55.802337645999899, -27.441394804999959 ] ] ] ] } },
{ "type": "Feature", "properties": { "fid": 138, "GID_2": "PRY.13.11_1", "GID_0": "PRY", "COUNTRY": "Paraguay", "GID_1": "PRY.13_1", "NAME_1": "Itapúa", "NL_NAME_1": "NA", "NAME_2": "Fram", "VARNAME_2": "NA", "NL_NAME_2": "NA", "TYPE_2": "Distrito", "ENGTYPE_2": "District", "CC_2": "NA", "HASC_2": "PY.IT.FR" }, "geometry": { "type": "MultiPolygon", "coordinates": [ [ [ [ -55.895431518999885, -27.082090377999918 ], [ -55.896518706999984, -27.094524383999953 ], [ -55.915756225999985, -27.101249693999932 ], [ -55.924930572999926, -27.122692108999956 ], [ -55.93453979599991, -27.132017135999945 ], [ -55.937000273999899, -27.142156600999954 ], [ -55.947662353999874, -27.150028228999929 ], [ -55.939575194999975, -27.157072066999945 ], [ -55.940090178999981, -27.162221908999982 ], [ -55.963035583999897, -27.156688688999907 ], [ -55.993156432999967, -27.171457290999911 ], [ -55.990211486999954, -27.176189422999926 ], [ -55.990528106999932, -27.181152342999951 ], [ -56.002456665999944, -27.189380645999904 ], [ -56.134593962999929, -27.071893690999843 ], [ -56.132907866999972, -27.06323623499992 ], [ -56.126110077999897, -27.055614470999899 ], [ -56.123592376999966, -27.047864914999877 ], [ -56.124019622999924, -27.023077010999884 ], [ -56.118747710999912, -27.021715163999943 ], [ -56.124008178999986, -27.011871337999821 ], [ -56.112136840999881, -27.003261564999946 ], [ -56.103317259999983, -27.006809233999945 ], [ -56.092807769999922, -27.002256392999982 ], [ -56.07160949699994, -26.979921340999908 ], [ -56.070014953999987, -26.975248336999982 ], [ -56.064876555999945, -26.980558395999878 ], [ -56.059860228999923, -26.976449965999961 ], [ -56.048271177999936, -26.975364684999931 ], [ -56.028049467999949, -26.978931426999907 ], [ -56.023197172999971, -26.987863540999967 ], [ -56.013187408999897, -26.989553451999939 ], [ -56.001201629999969, -26.999116897999954 ], [ -55.992900847999977, -26.996423721999918 ], [ -55.987785338999913, -26.997816084999954 ], [ -55.895431518999885, -27.082090377999918 ] ] ] ] } },
{ "type": "Feature", "properties": { "fid": 139, "GID_2": "PRY.13.12_1", "GID_0": "PRY", "COUNTRY": "Paraguay", "GID_1": "PRY.13_1", "NAME_1": "Itapúa", "NL_NAME_1": "NA", "NAME_2": "General Artigas", "VARNAME_2": "NA", "NL_NAME_2": "NA", "TYPE_2": "Distrito", "ENGTYPE_2": "District", "CC_2": "NA", "HASC_2": "PY.IT.GA" }, "geometry": { "type": "MultiPolygon", "coordinates": [ [ [ [ -56.661136626999962, -26.721408844999871 ], [ -56.656635284999936, -26.722080230999836 ], [ -56.651847838999856, -26.731214521999959 ], [ -56.641166687999942, -26.740476607999881 ], [ -56.633846282999968, -26.74095535299989 ], [ -56.623821257999964, -26.746177672999977 ], [ -56.617317199999945, -26.746295928999814 ], [ -56.607410430999948, -26.742336272999921 ], [ -56.567333220999956, -26.760835646999965 ], [ -56.557373046999942, -26.760547638999924 ], [ -56.544418334999875, -26.756553648999954 ], [ -56.540412901999957, -26.767347334999897 ], [ -56.532569884999987, -26.776079176999929 ], [ -56.518695831999935, -26.779972076999968 ], [ -56.506572723999966, -26.789388655999971 ], [ -56.498199463999981, -26.792053222999925 ], [ -56.493736266999974, -26.791450499999883 ], [ -56.469375610999975, -26.774282454999934 ], [ -56.460006713999917, -26.775646208999888 ], [ -56.450294493999934, -26.772413252999911 ], [ -56.429969786999948, -26.772182463999911 ], [ -56.410823821999884, -26.760940551999965 ], [ -56.394207000999984, -26.743658064999977 ], [ -56.357261656999981, -26.727058409999984 ], [ -56.320877074999885, -26.72789955099995 ], [ -56.314964294999868, -26.742336272999921 ], [ -56.2469177239999, -26.816787718999933 ], [ -56.234745025999928, -26.89083671599991 ], [ -56.22147369399994, -26.893417357999851 ], [ -56.198879242999965, -26.893674849999911 ], [ -56.186546324999881, -26.901227950999953 ], [ -56.181301116999919, -26.898403166999913 ], [ -56.160366057999966, -26.896835327999952 ], [ -56.153949737999937, -26.891239165999934 ], [ -56.151245117999906, -26.882755279999969 ], [ -56.146392822999985, -26.880851745999962 ], [ -56.136112213999979, -26.887140273999876 ], [ -56.136051178999878, -26.902755737999883 ], [ -56.133132934999935, -26.906940458999941 ], [ -56.11980819799993, -26.912452696999935 ], [ -56.111522673999957, -26.90903091399997 ], [ -56.102355956999986, -26.909454345999904 ], [ -56.082729339999958, -26.938011169999982 ], [ -56.06811141999998, -26.970319747999952 ], [ -56.07160949699994, -26.979921340999908 ], [ -56.092807769999922, -27.002256392999982 ], [ -56.103317259999983, -27.006809233999945 ], [ -56.112136840999881, -27.003261564999946 ], [ -56.124008178999986, -27.011871337999821 ], [ -56.118747710999912, -27.021715163999943 ], [ -56.124019622999924, -27.023077010999884 ], [ -56.123592376999966, -27.047864914999877 ], [ -56.126110077999897, -27.055614470999899 ], [ -56.132907866999972, -27.06323623499992 ], [ -56.134971617999895, -27.073549270999933 ], [ -56.136642455999947, -27.083124159999841 ], [ -56.133464812999932, -27.102180479999959 ], [ -56.13581466699992, -27.107904432999874 ], [ -56.140048980999893, -27.112535475999891 ], [ -56.149063110999919, -27.095966338999972 ], [ -56.175827024999876, -27.080160140999908 ], [ -56.180923461999953, -27.067924499999947 ], [ -56.184936523999909, -27.047225951999962 ], [ -56.19635391199995, -27.034515381999938 ], [ -56.200836181999875, -27.034578322999948 ], [ -56.205215454999916, -27.040878294999914 ], [ -56.210620879999965, -27.07143783499987 ], [ -56.214756011999896, -27.080308912999953 ], [ -56.217788695999957, -27.081819533999976 ], [ -56.221870422999984, -27.081504820999953 ], [ -56.251525879999974, -27.062784193999903 ], [ -56.261413572999913, -27.068971633999922 ], [ -56.278888701999961, -27.072317122999948 ], [ -56.284709929999963, -27.078086852999945 ], [ -56.288391112999875, -27.077207564999867 ], [ -56.294651030999944, -27.080961227999921 ], [ -56.299270629999967, -27.072206497999957 ], [ -56.303161621999948, -27.070968627999946 ], [ -56.306121825999981, -27.064207075999946 ], [ -56.309200286999896, -27.06277847399997 ], [ -56.335884094999983, -27.063659667999957 ], [ -56.373878477999938, -27.057683944999894 ], [ -56.398773191999965, -27.055591581999977 ], [ -56.408325194999918, -27.057174680999935 ], [ -56.415924072999985, -27.053220747999887 ], [ -56.431976317999897, -27.056350707999968 ], [ -56.437496183999883, -27.055124282999941 ], [ -56.441658018999931, -27.049112320999882 ], [ -56.443862914999897, -27.037933349999946 ], [ -56.446262359999935, -27.036933897999972 ], [ -56.443843841999922, -27.024707794999983 ], [ -56.448848723999959, -27.016683578999903 ], [ -56.647872924999945, -26.910591124999883 ], [ -56.661136626999962, -26.721408844999871 ] ] ] ] } },
{ "type": "Feature", "properties": { "fid": 140, "GID_2": "PRY.13.13_1", "GID_0": "PRY", "COUNTRY": "Paraguay", "GID_1": "PRY.13_1", "NAME_1": "Itapúa", "NL_NAME_1": "NA", "NAME_2": "General Delgado", "VARNAME_2": "NA", "NL_NAME_2": "NA", "TYPE_2": "Distrito", "ENGTYPE_2": "District", "CC_2": "NA", "HASC_2": "PY.IT.GD" }, "geometry": { "type": "MultiPolygon", "coordinates": [ [ [ [ -56.446262359999935, -27.036933897999972 ], [ -56.453571319999924, -27.042821883999977 ], [ -56.481018065999876, -27.047355650999918 ], [ -56.488258362999886, -27.068557738999971 ], [ -56.479045868999947, -27.086082457999908 ], [ -56.474212646999831, -27.11064147899998 ], [ -56.465469359999986, -27.123401641999976 ], [ -56.463737488999982, -27.130359649999946 ], [ -56.466304778999927, -27.136449812999899 ], [ -56.466499327999941, -27.151514053999961 ], [ -56.47678375299995, -27.159711837999851 ], [ -56.482574463999981, -27.168594359999929 ], [ -56.473632812999881, -27.195306778999964 ], [ -56.471382141999925, -27.209974288999945 ], [ -56.474666595999906, -27.223236082999961 ], [ -56.485092161999944, -27.232309340999905 ], [ -56.562435150999875, -27.176624297999865 ], [ -56.574188231999983, -27.182624816999862 ], [ -56.584835052999892, -27.179798126999913 ], [ -56.604385376999971, -27.182390212999962 ], [ -56.638496397999972, -27.179248808999944 ], [ -56.661804199999949, -27.171642302999942 ], [ -56.656074523999962, -27.161085127999968 ], [ -56.638484954999967, -27.15046119699997 ], [ -56.633663176999903, -27.129999160999887 ], [ -56.647872924999945, -26.910591124999883 ], [ -56.448848723999959, -27.016683578999903 ], [ -56.443843841999922, -27.024707794999983 ], [ -56.446262359999935, -27.036933897999972 ] ] ] ] } },
{ "type": "Feature", "properties": { "fid": 141, "GID_2": "PRY.13.14_1", "GID_0": "PRY", "COUNTRY": "Paraguay", "GID_1": "PRY.13_1", "NAME_1": "Itapúa", "NL_NAME_1": "NA", "NAME_2": "Hohenau", "VARNAME_2": "NA", "NL_NAME_2": "NA", "TYPE_2": "Distrito", "ENGTYPE_2": "District", "CC_2": "NA", "HASC_2": "PY.IT.HO" }, "geometry": { "type": "MultiPolygon", "coordinates": [ [ [ [ -55.559509276999961, -27.12200546199989 ], [ -55.566013336999958, -27.138494491999893 ], [ -55.561859129999959, -27.153350829999965 ], [ -55.56575012199994, -27.162530897999943 ], [ -55.569599152999899, -27.165729522999925 ], [ -55.580326079999963, -27.168228149999891 ], [ -55.601989745999902, -27.165380476999928 ], [ -55.613761901999965, -27.17351722799998 ], [ -55.623310089999961, -27.160091398999896 ], [ -55.629550933999951, -27.138477325999872 ], [ -55.641342161999887, -27.140148161999946 ], [ -55.649852752999891, -27.133134840999901 ], [ -55.678905486999895, -27.138402937999956 ], [ -55.681632994999973, -27.13477706999987 ], [ -55.682147978999922, -27.120088576999933 ], [ -55.68574142499989, -27.113906859999872 ], [ -55.692985534999934, -27.108703612999932 ], [ -55.695167541999922, -27.101943968999933 ], [ -55.703693388999966, -27.103740690999928 ], [ -55.707405089999952, -27.101596832999974 ], [ -55.707134246999885, -27.095167158999914 ], [ -55.702713012999936, -27.092153547999885 ], [ -55.682315826999968, -27.094783782999912 ], [ -55.681133268999986, -27.090871809999953 ], [ -55.688945769999918, -27.087699888999964 ], [ -55.689025878999985, -27.083841322999945 ], [ -55.676803588999974, -27.083454131999872 ], [ -55.673324585999978, -27.074577331999933 ], [ -55.683246612999881, -27.077684401999875 ], [ -55.688320160999922, -27.068952559999957 ], [ -55.691101073999903, -27.067998885999884 ], [ -55.695056913999906, -27.078065871999911 ], [ -55.699779509999928, -27.07649421699989 ], [ -55.697002409999925, -27.072774886999923 ], [ -55.698272704999965, -27.070589064999979 ], [ -55.708412169999974, -27.07296180599991 ], [ -55.707321165999986, -27.066701887999955 ], [ -55.695186614999898, -27.062273024999968 ], [ -55.691043853999986, -27.065511703999903 ], [ -55.691059111999891, -27.059825897999929 ], [ -55.685535430999892, -27.058481216999951 ], [ -55.692020416999924, -27.048082351999938 ], [ -55.704742430999886, -27.053436278999982 ], [ -55.702720642999964, -27.048187254999903 ], [ -55.709770202999948, -27.04690933299986 ], [ -55.705360411999948, -27.043529508999882 ], [ -55.709705352999947, -27.040294647999929 ], [ -55.707550048999963, -27.036218643999916 ], [ -55.71020126399992, -27.026165007999964 ], [ -55.719619749999936, -27.023929595999903 ], [ -55.723495483999955, -27.01389312799995 ], [ -55.736030578999987, -27.008592604999876 ], [ -55.743160247999981, -27.008527755999921 ], [ -55.750843047999979, -27.021324156999981 ], [ -55.758277893999889, -27.026220320999983 ], [ -55.76411437999991, -27.019702909999978 ], [ -55.773956298999963, -27.016557692999982 ], [ -55.781890867999948, -27.017051695999896 ], [ -55.792144775999873, -27.023828505999973 ], [ -55.802265167999963, -27.026933668999959 ], [ -55.830028533999894, -27.024250030999951 ], [ -55.83583068799993, -27.019382477999898 ], [ -55.826114654999913, -27.005638120999947 ], [ -55.820465087999935, -27.003156661999981 ], [ -55.816963195999961, -27.00494194099997 ], [ -55.81291580199985, -27.003589629999908 ], [ -55.805755615999828, -26.995029448999958 ], [ -55.805732727999953, -26.986028669999939 ], [ -55.80034637499989, -26.970327376999876 ], [ -55.799728393999942, -26.960586547999924 ], [ -55.807102203999932, -26.95832061699997 ], [ -55.820491791999984, -26.960731506999934 ], [ -55.824214935999919, -26.957857131999958 ], [ -55.828475950999973, -26.958656309999924 ], [ -55.835659027999952, -26.95565032899998 ], [ -55.846843718999878, -26.95637512299993 ], [ -55.862392424999939, -26.94192886299993 ], [ -55.852344511999888, -26.924871443999905 ], [ -55.879581450999922, -26.905641554999931 ], [ -55.892787931999919, -26.91741371199987 ], [ -55.913593291999973, -26.90457153299991 ], [ -55.911048889999961, -26.898958204999929 ], [ -55.899959562999982, -26.89346313499982 ], [ -55.89892959499997, -26.883531569999889 ], [ -55.894950865999931, -26.878698347999944 ], [ -55.887466429999961, -26.87656020999998 ], [ -55.884902954999973, -26.87229728799997 ], [ -55.885456085999976, -26.864591598999823 ], [ -55.877071380999894, -26.856378554999822 ], [ -55.874176024999883, -26.837785720999932 ], [ -55.880889891999914, -26.816402435999919 ], [ -55.873123167999893, -26.819322585999942 ], [ -55.866909026999906, -26.834917068999914 ], [ -55.858070372999919, -26.839740752999944 ], [ -55.854682921999938, -26.846485137999935 ], [ -55.845046996999884, -26.850559233999888 ], [ -55.837753295999846, -26.859439849999887 ], [ -55.829521179999972, -26.864269256999876 ], [ -55.835147857999914, -26.867849349999972 ], [ -55.835090635999961, -26.870782851999877 ], [ -55.810379027999943, -26.895921706999957 ], [ -55.736114502999953, -26.964881895999895 ], [ -55.693683624999949, -26.997972486999913 ], [ -55.683769224999878, -27.014152526999908 ], [ -55.676284789999954, -27.02136993299996 ], [ -55.680812835999973, -27.028793333999829 ], [ -55.677841186999956, -27.034435272999815 ], [ -55.646286010999916, -27.061996459999932 ], [ -55.64057540899995, -27.071634290999953 ], [ -55.612087248999956, -27.078857421999942 ], [ -55.603595732999906, -27.085136413999976 ], [ -55.603904724999893, -27.089550017999954 ], [ -55.612201690999939, -27.101814269999863 ], [ -55.61146163899997, -27.107679367999935 ], [ -55.604751586999896, -27.116193771999974 ], [ -55.601249695999968, -27.117786406999983 ], [ -55.584392547999983, -27.114917754999851 ], [ -55.559509276999961, -27.12200546199989 ] ] ] ] } },
{ "type": "Feature", "properties": { "fid": 142, "GID_2": "PRY.13.15_1", "GID_0": "PRY", "COUNTRY": "Paraguay", "GID_1": "PRY.13_1", "NAME_1": "Itapúa", "NL_NAME_1": "NA", "NAME_2": "Jesús", "VARNAME_2": "NA", "NL_NAME_2": "NA", "TYPE_2": "Distrito", "ENGTYPE_2": "District", "CC_2": "NA", "HASC_2": "PY.IT.JE" }, "geometry": { "type": "MultiPolygon", "coordinates": [ [ [ [ -55.847148895999908, -27.106981277999978 ], [ -55.88705062799994, -27.075063704999934 ], [ -55.880348205999951, -27.055889128999979 ], [ -55.864189146999934, -27.048477172999981 ], [ -55.83583068799993, -27.019382477999898 ], [ -55.830028533999894, -27.024250030999951 ], [ -55.802265167999963, -27.026933668999959 ], [ -55.792144775999873, -27.023828505999973 ], [ -55.781890867999948, -27.017051695999896 ], [ -55.773956298999963, -27.016557692999982 ], [ -55.76411437999991, -27.019702909999978 ], [ -55.758277893999889, -27.026220320999983 ], [ -55.750843047999979, -27.021324156999981 ], [ -55.743961332999902, -27.009090422999918 ], [ -55.736030578999987, -27.008592604999876 ], [ -55.723495483999955, -27.01389312799995 ], [ -55.719619749999936, -27.023929595999903 ], [ -55.71020126399992, -27.026165007999964 ], [ -55.707550048999963, -27.036218643999916 ], [ -55.709705352999947, -27.040294647999929 ], [ -55.705360411999948, -27.043529508999882 ], [ -55.709770202999948, -27.04690933299986 ], [ -55.702720642999964, -27.048187254999903 ], [ -55.704742430999886, -27.053436278999982 ], [ -55.692020416999924, -27.048082351999938 ], [ -55.686134337999931, -27.056615829999885 ], [ -55.685474394999915, -27.058994293999945 ], [ -55.691059111999891, -27.059825897999929 ], [ -55.691043853999986, -27.065511703999903 ], [ -55.695186614999898, -27.062273024999968 ], [ -55.707321165999986, -27.066701887999955 ], [ -55.708412169999974, -27.07296180599991 ], [ -55.698272704999965, -27.070589064999979 ], [ -55.697002409999925, -27.072774886999923 ], [ -55.699779509999928, -27.07649421699989 ], [ -55.695056913999906, -27.078065871999911 ], [ -55.691101073999903, -27.067998885999884 ], [ -55.688320160999922, -27.068952559999957 ], [ -55.683246612999881, -27.077684401999875 ], [ -55.673324585999978, -27.074577331999933 ], [ -55.676803588999974, -27.083454131999872 ], [ -55.689025878999985, -27.083841322999945 ], [ -55.688945769999918, -27.087699888999964 ], [ -55.681133268999986, -27.090871809999953 ], [ -55.683277129999851, -27.095500944999912 ], [ -55.698242187999938, -27.091527937999899 ], [ -55.704326628999866, -27.092916487999958 ], [ -55.707714079999903, -27.096643447999952 ], [ -55.706153868999877, -27.103048323999928 ], [ -55.695167541999922, -27.101943968999933 ], [ -55.692985534999934, -27.108703612999932 ], [ -55.684379578999938, -27.115678786999922 ], [ -55.694152831999986, -27.111476897999978 ], [ -55.703292846999943, -27.113101958999891 ], [ -55.706722259999935, -27.105075835999969 ], [ -55.721775055999899, -27.106613157999902 ], [ -55.725364683999885, -27.110527038999976 ], [ -55.729255676999969, -27.109674453999958 ], [ -55.732532499999934, -27.099079131999929 ], [ -55.731849670999907, -27.082719802999975 ], [ -55.736175535999905, -27.080587385999934 ], [ -55.737945555999886, -27.073818205999828 ], [ -55.741226194999911, -27.07277870199988 ], [ -55.749767302999885, -27.073831558999927 ], [ -55.754905700999984, -27.071708679999972 ], [ -55.762187956999981, -27.084318160999942 ], [ -55.767948149999938, -27.081657408999888 ], [ -55.776081085999976, -27.072605131999978 ], [ -55.783329009999932, -27.076948164999976 ], [ -55.790069578999919, -27.076326370999936 ], [ -55.794273375999978, -27.080062865999935 ], [ -55.804046630999892, -27.07030296399995 ], [ -55.807090758999891, -27.070901869999943 ], [ -55.847148895999908, -27.106981277999978 ] ] ] ] } },
{ "type": "Feature", "properties": { "fid": 143, "GID_2": "PRY.13.16_1", "GID_0": "PRY", "COUNTRY": "Paraguay", "GID_1": "PRY.13_1", "NAME_1": "Itapúa", "NL_NAME_1": "NA", "NAME_2": "José Leandro Oviedo", "VARNAME_2": "NA", "NL_NAME_2": "NA", "TYPE_2": "Distrito", "ENGTYPE_2": "District", "CC_2": "NA", "HASC_2": "PY.IT.JO" }, "geometry": { "type": "MultiPolygon", "coordinates": [ [ [ [ -56.320877074999885, -26.72789955099995 ], [ -56.274032591999969, -26.708948135999947 ], [ -56.267463683999949, -26.700418470999978 ], [ -56.255657195999959, -26.702104567999925 ], [ -56.245552062999877, -26.698667526999941 ], [ -56.231647490999876, -26.704366683999979 ], [ -56.214611052999828, -26.702676771999961 ], [ -56.201896666999971, -26.709857940999939 ], [ -56.188484190999986, -26.710048674999882 ], [ -56.184452056999987, -26.706377027999963 ], [ -56.177803039999958, -26.704946517999872 ], [ -56.174713134999934, -26.707475661999979 ], [ -56.173477172999981, -26.720687865999935 ], [ -56.168792724999889, -26.733663558999979 ], [ -56.152446746999942, -26.751077651999935 ], [ -56.15143966699992, -26.762451170999952 ], [ -56.154022215999987, -26.766160964999983 ], [ -56.180469512999878, -26.777168272999972 ], [ -56.195663451999906, -26.780307769999922 ], [ -56.226772307999909, -26.804960249999908 ], [ -56.243515013999911, -26.800764083999979 ], [ -56.258731841999975, -26.80261039699991 ], [ -56.314964294999868, -26.742336272999921 ], [ -56.320877074999885, -26.72789955099995 ] ] ] ] } },
{ "type": "Feature", "properties": { "fid": 144, "GID_2": "PRY.13.17_1", "GID_0": "PRY", "COUNTRY": "Paraguay", "GID_1": "PRY.13_1", "NAME_1": "Itapúa", "NL_NAME_1": "NA", "NAME_2": "La Paz", "VARNAME_2": "NA", "NL_NAME_2": "NA", "TYPE_2": "Distrito", "ENGTYPE_2": "District", "CC_2": "NA", "HASC_2": "PY.IT.LP" }, "geometry": { "type": "MultiPolygon", "coordinates": [ [ [ [ -55.88705062799994, -27.075063704999934 ], [ -55.895431518999885, -27.082090377999918 ], [ -55.974975585999971, -27.00754737799997 ], [ -55.990459441999917, -26.996389387999955 ], [ -56.000179291999984, -26.999469756999929 ], [ -56.00695800699998, -26.996263503999899 ], [ -56.013187408999897, -26.989553451999939 ], [ -56.021549225999877, -26.988939285999891 ], [ -56.029689789999907, -26.978221893999887 ], [ -56.018535613999916, -26.96447181699989 ], [ -56.008979796999938, -26.963592528999982 ], [ -56.002578734999929, -26.957077025999979 ], [ -55.994709014999898, -26.953287124999861 ], [ -55.984748840999941, -26.952407836999953 ], [ -55.966182708999952, -26.94350051899994 ], [ -55.962257384999987, -26.935731887999964 ], [ -55.965076446999944, -26.926403045999905 ], [ -55.963359831999981, -26.920133589999864 ], [ -55.949783324999942, -26.91680908099994 ], [ -55.946319579999965, -26.906288145999952 ], [ -55.93638229499993, -26.904304504999971 ], [ -55.920654297999874, -26.907556532999934 ], [ -55.913593291999973, -26.90457153299991 ], [ -55.892787931999919, -26.91741371199987 ], [ -55.879581450999922, -26.905641554999931 ], [ -55.852344511999888, -26.924871443999905 ], [ -55.862392424999939, -26.94192886299993 ], [ -55.849929808999946, -26.954586028999927 ], [ -55.824214935999919, -26.957857131999958 ], [ -55.820491791999984, -26.960731506999934 ], [ -55.807102203999932, -26.95832061699997 ], [ -55.799297333999959, -26.961681365999937 ], [ -55.805732727999953, -26.986028669999939 ], [ -55.805755615999828, -26.995029448999958 ], [ -55.81291580199985, -27.003589629999908 ], [ -55.816963195999961, -27.00494194099997 ], [ -55.820465087999935, -27.003156661999981 ], [ -55.826114654999913, -27.005638120999947 ], [ -55.83583068799993, -27.019382477999898 ], [ -55.864189146999934, -27.048477172999981 ], [ -55.880348205999951, -27.055889128999979 ], [ -55.88705062799994, -27.075063704999934 ] ] ] ] } },
{ "type": "Feature", "properties": { "fid": 145, "GID_2": "PRY.13.18_1", "GID_0": "PRY", "COUNTRY": "Paraguay", "GID_1": "PRY.13_1", "NAME_1": "Itapúa", "NL_NAME_1": "NA", "NAME_2": "Mayor Julio D. Otaño", "VARNAME_2": "NA", "NL_NAME_2": "NA", "TYPE_2": "Distrito", "ENGTYPE_2": "District", "CC_2": "NA", "HASC_2": "PY.IT.MO" }, "geometry": { "type": "MultiPolygon", "coordinates": [ [ [ [ -54.672214506999978, -26.255123137999931 ], [ -54.679950713999972, -26.26660919099993 ], [ -54.680908203999877, -26.276575087999845 ], [ -54.653915404999907, -26.302167891999886 ], [ -54.651157379999972, -26.306730270999935 ], [ -54.649860381999929, -26.317989348999959 ], [ -54.680438994999975, -26.356262206999872 ], [ -54.697441100999924, -26.384529113999861 ], [ -54.698123930999941, -26.402313231999983 ], [ -54.72208023099995, -26.39160919099993 ], [ -54.746463775999985, -26.36794090199993 ], [ -54.770275116999983, -26.34957885599988 ], [ -54.775447844999917, -26.338499068999909 ], [ -54.781074522999916, -26.332937240999968 ], [ -54.878959654999846, -26.248113631999956 ], [ -54.916713713999968, -26.219154356999979 ], [ -54.914882660999922, -26.214445113999943 ], [ -54.909252166999977, -26.210435865999955 ], [ -54.915374755999949, -26.203710555999976 ], [ -54.903957365999929, -26.198038099999849 ], [ -54.919910430999892, -26.194749830999911 ], [ -54.9207229619999, -26.192611693999936 ], [ -54.918506622999928, -26.188932418999968 ], [ -54.911182402999941, -26.185680388999913 ], [ -54.916824341999984, -26.181955336999977 ], [ -54.911140442999908, -26.172698974999889 ], [ -54.907127379999963, -26.174219130999916 ], [ -54.906784057999971, -26.181596754999816 ], [ -54.899875639999891, -26.190004348999935 ], [ -54.87268447799994, -26.181991575999973 ], [ -54.876125334999983, -26.167486190999966 ], [ -54.874881743999936, -26.163545608999982 ], [ -54.864994047999915, -26.170383453999818 ], [ -54.85887908899997, -26.170373915999903 ], [ -54.857154845999958, -26.179552078999905 ], [ -54.848968506999938, -26.177879332999964 ], [ -54.841812133999952, -26.169906616999981 ], [ -54.839023590999886, -26.172975540999971 ], [ -54.840801238999973, -26.180011747999856 ], [ -54.831333160999975, -26.187883376999935 ], [ -54.837390899999889, -26.195695877999924 ], [ -54.822593688999916, -26.193313598999907 ], [ -54.824131012999942, -26.19708442599989 ], [ -54.828800201999911, -26.199710845999959 ], [ -54.827693939999961, -26.203519821999976 ], [ -54.812393187999874, -26.196767805999968 ], [ -54.812946318999821, -26.191804885999943 ], [ -54.81841277999996, -26.185052871999972 ], [ -54.815727233999951, -26.179998396999906 ], [ -54.813537596999879, -26.184329985999909 ], [ -54.804294585999912, -26.184324264999873 ], [ -54.798774719999983, -26.191991806999965 ], [ -54.784225462999927, -26.197315215999879 ], [ -54.782421110999962, -26.201093672999889 ], [ -54.785305023999911, -26.211950301999934 ], [ -54.783069610999974, -26.220905303999871 ], [ -54.77497100699992, -26.229797362999932 ], [ -54.76823806699997, -26.225854873999879 ], [ -54.763648986999897, -26.226057052999977 ], [ -54.762332916999981, -26.229993819999947 ], [ -54.764839171999938, -26.23995971699992 ], [ -54.762199400999975, -26.239952086999949 ], [ -54.75517272899998, -26.232372283999894 ], [ -54.746768950999979, -26.240661619999912 ], [ -54.742115019999858, -26.227109909999967 ], [ -54.73982620299995, -26.226600645999952 ], [ -54.735889435999979, -26.229036329999929 ], [ -54.733917235999968, -26.239673613999969 ], [ -54.725845336999896, -26.247291564999955 ], [ -54.723602294999921, -26.245861053999874 ], [ -54.720321655999953, -26.232849120999958 ], [ -54.715320586999951, -26.228195190999884 ], [ -54.711860656999932, -26.230714798999827 ], [ -54.706195831999935, -26.24399375899992 ], [ -54.701553343999933, -26.246105194999927 ], [ -54.700351714999954, -26.242345808999914 ], [ -54.707611082999961, -26.219999313999892 ], [ -54.700332641999978, -26.216901778999841 ], [ -54.679809569999918, -26.231752394999944 ], [ -54.678310394999983, -26.241302489999953 ], [ -54.672214506999978, -26.255123137999931 ] ] ] ] } },
{ "type": "Feature", "properties": { "fid": 146, "GID_2": "PRY.13.19_1", "GID_0": "PRY", "COUNTRY": "Paraguay", "GID_1": "PRY.13_1", "NAME_1": "Itapúa", "NL_NAME_1": "NA", "NAME_2": "Natalio", "VARNAME_2": "NA", "NL_NAME_2": "NA", "TYPE_2": "Distrito", "ENGTYPE_2": "District", "CC_2": "NA", "HASC_2": "PY.IT.NT" }, "geometry": { "type": "MultiPolygon", "coordinates": [ [ [ [ -55.022235870999964, -26.794042585999932 ], [ -55.043956756999933, -26.797021865999966 ], [ -55.060379028999876, -26.804616928999906 ], [ -55.085868834999928, -26.835924147999947 ], [ -55.135177610999904, -26.866289138999946 ], [ -55.147087096999883, -26.885412214999974 ], [ -55.165744780999887, -26.873176573999956 ], [ -55.173400879999974, -26.876087187999929 ], [ -55.178127288999974, -26.874164580999889 ], [ -55.187034605999884, -26.859836578999932 ], [ -55.194938658999888, -26.852834700999949 ], [ -55.191631316999974, -26.846893309999871 ], [ -55.182163237999987, -26.843391417999953 ], [ -55.184673309999937, -26.840688703999888 ], [ -55.195842743999947, -26.841281889999948 ], [ -55.197559356999932, -26.837644576999878 ], [ -55.193748472999914, -26.811491010999816 ], [ -55.197067260999972, -26.80072402899998 ], [ -55.20136642499989, -26.799524307999889 ], [ -55.202812194999979, -26.806716919999928 ], [ -55.212551116999919, -26.807460784999932 ], [ -55.213306426999907, -26.817945480999981 ], [ -55.218143463999979, -26.819696425999894 ], [ -55.222885130999941, -26.817037580999909 ], [ -55.228893279999909, -26.796220777999963 ], [ -55.220443725999985, -26.784477232999961 ], [ -55.208286284999929, -26.78295135399992 ], [ -55.198898314999951, -26.77651977499994 ], [ -55.183883665999929, -26.775480270999935 ], [ -55.190540312999985, -26.769369124999912 ], [ -55.204990386999896, -26.768562316999976 ], [ -55.201759338999977, -26.751600264999922 ], [ -55.208358764999957, -26.739616392999949 ], [ -55.20086669899996, -26.73854637099987 ], [ -55.201053619999982, -26.731206893999854 ], [ -55.209609985999862, -26.730276107999941 ], [ -55.2164421089999, -26.725086211999951 ], [ -55.227085112999987, -26.721990584999958 ], [ -55.226482391999923, -26.714424132999909 ], [ -55.218051909999986, -26.717586517999905 ], [ -55.213344573999962, -26.710884093999937 ], [ -55.215282439999953, -26.706510543999968 ], [ -55.226818084999934, -26.699951171999942 ], [ -55.232803345999969, -26.70429420499994 ], [ -55.235500334999927, -26.710222242999976 ], [ -55.243927001999907, -26.714429854999935 ], [ -55.250881194999977, -26.71254920999985 ], [ -55.255687712999929, -26.706687926999905 ], [ -55.255199432999916, -26.694923400999983 ], [ -55.249492644999918, -26.694707870999878 ], [ -55.238811491999968, -26.699640274999979 ], [ -55.236892699999942, -26.695005416999891 ], [ -55.226913451999962, -26.688013076999937 ], [ -55.229938506999986, -26.680730818999905 ], [ -55.234024047999981, -26.679706572999976 ], [ -55.233448027999941, -26.670146942999963 ], [ -55.243194579999908, -26.661895750999975 ], [ -55.251728057999969, -26.661695478999945 ], [ -55.254859923999902, -26.658266065999953 ], [ -55.249660492999965, -26.646780012999955 ], [ -55.244113922999929, -26.641159056999925 ], [ -55.243473052999946, -26.634168623999983 ], [ -55.240314482999906, -26.630619047999915 ], [ -55.245918272999916, -26.625589369999886 ], [ -55.243286131999923, -26.617084503999877 ], [ -55.228302001999964, -26.615688323999848 ], [ -55.217990873999895, -26.602657317999899 ], [ -55.212844847999975, -26.608764648999852 ], [ -55.218685148999953, -26.618799208999917 ], [ -55.217952727999943, -26.632003782999959 ], [ -55.213115692999907, -26.638704299999915 ], [ -55.204288481999981, -26.642570495999905 ], [ -55.200325011999894, -26.654975891999868 ], [ -55.193798064999953, -26.664207458999954 ], [ -55.180305480999834, -26.667793272999972 ], [ -55.166515349999941, -26.667142866999882 ], [ -55.154762268999889, -26.674245834999965 ], [ -55.13825607299998, -26.676481246999856 ], [ -55.134819031999939, -26.67585754299995 ], [ -55.130691527999829, -26.670631407999963 ], [ -55.120590209999818, -26.684381484999903 ], [ -55.087345121999874, -26.689928054999825 ], [ -55.082862854999917, -26.705993651999961 ], [ -55.07265090899989, -26.707984923999959 ], [ -55.067012786999953, -26.713926313999934 ], [ -55.064422607999973, -26.727457045999984 ], [ -55.054485319999856, -26.72669982799988 ], [ -55.049442290999934, -26.73301506099989 ], [ -55.046745299999884, -26.742874145999906 ], [ -55.037670134999985, -26.740295409999817 ], [ -55.02682113599991, -26.743370055999947 ], [ -55.019775390999939, -26.756076811999947 ], [ -55.01254653999996, -26.76050948999989 ], [ -55.009346006999976, -26.766130447999842 ], [ -55.011074065999935, -26.777557372999922 ], [ -55.01331710799991, -26.777238845999932 ], [ -55.0152931209999, -26.771768569999949 ], [ -55.019161224999948, -26.771486281999955 ], [ -55.02033615199997, -26.780693052999936 ], [ -55.016738890999875, -26.786125182999967 ], [ -55.022235870999964, -26.786424636999982 ], [ -55.022235870999964, -26.794042585999932 ] ] ] ] } },
{ "type": "Feature", "properties": { "fid": 147, "GID_2": "PRY.13.20_1", "GID_0": "PRY", "COUNTRY": "Paraguay", "GID_1": "PRY.13_1", "NAME_1": "Itapúa", "NL_NAME_1": "NA", "NAME_2": "Nueva Alborada", "VARNAME_2": "NA", "NL_NAME_2": "NA", "TYPE_2": "Distrito", "ENGTYPE_2": "District", "CC_2": "NA", "HASC_2": "PY.IT.NA" }, "geometry": { "type": "MultiPolygon", "coordinates": [ [ [ [ -55.592140196999935, -27.314413069999887 ], [ -55.593688963999853, -27.31232261699995 ], [ -55.594352722999986, -27.334226608999984 ], [ -55.599987028999863, -27.341878889999919 ], [ -55.627883910999969, -27.360195159999932 ], [ -55.640808104999849, -27.363803861999827 ], [ -55.663398742999902, -27.375284194999892 ], [ -55.741230009999981, -27.30987357999993 ], [ -55.747329710999907, -27.301155088999906 ], [ -55.764488219999862, -27.286855696999908 ], [ -55.76130676299988, -27.286874769999883 ], [ -55.763343810999913, -27.277175902999886 ], [ -55.756729125999925, -27.271190641999908 ], [ -55.74771881199996, -27.252679824999973 ], [ -55.724342345999958, -27.238151548999952 ], [ -55.713947296999891, -27.227691648999951 ], [ -55.704627989999949, -27.22459983899995 ], [ -55.693607330999953, -27.205133436999972 ], [ -55.682071685999915, -27.210443495999982 ], [ -55.678825377999942, -27.20947646999997 ], [ -55.670448302999944, -27.190782546999969 ], [ -55.661800384999935, -27.184942245999935 ], [ -55.651500702999954, -27.198909759999935 ], [ -55.64233398399989, -27.198383330999945 ], [ -55.640205383999955, -27.200227736999977 ], [ -55.64081954999989, -27.198291778999931 ], [ -55.622623442999895, -27.196212768999942 ], [ -55.617343902999949, -27.209043502999918 ], [ -55.594200132999958, -27.227613447999943 ], [ -55.58236312799994, -27.243434905999948 ], [ -55.580314636999901, -27.251813888999834 ], [ -55.582160948999899, -27.257928847999949 ], [ -55.600917815999935, -27.288366316999941 ], [ -55.592140196999935, -27.314413069999887 ] ] ] ] } },
{ "type": "Feature", "properties": { "fid": 148, "GID_2": "PRY.13.21_1", "GID_0": "PRY", "COUNTRY": "Paraguay", "GID_1": "PRY.13_1", "NAME_1": "Itapúa", "NL_NAME_1": "NA", "NAME_2": "Obligado", "VARNAME_2": "NA", "NL_NAME_2": "NA", "TYPE_2": "Distrito", "ENGTYPE_2": "District", "CC_2": "NA", "HASC_2": "PY.IT.OB" }, "geometry": { "type": "MultiPolygon", "coordinates": [ [ [ [ -55.533061980999889, -27.107046127999922 ], [ -55.548274993999883, -27.111810683999977 ], [ -55.559509276999961, -27.12200546199989 ], [ -55.584392547999983, -27.114917754999851 ], [ -55.601249695999968, -27.117786406999983 ], [ -55.604751586999896, -27.116193771999974 ], [ -55.61146163899997, -27.107679367999935 ], [ -55.612201690999939, -27.101814269999863 ], [ -55.603904724999893, -27.089550017999954 ], [ -55.603595732999906, -27.085136413999976 ], [ -55.612087248999956, -27.078857421999942 ], [ -55.64057540899995, -27.071634290999953 ], [ -55.646286010999916, -27.061996459999932 ], [ -55.670539854999959, -27.042577741999935 ], [ -55.680812835999973, -27.028793333999829 ], [ -55.676284789999954, -27.02136993299996 ], [ -55.683769224999878, -27.014152526999908 ], [ -55.693683624999949, -26.997972486999913 ], [ -55.736114502999953, -26.964881895999895 ], [ -55.827392577999944, -26.879295347999971 ], [ -55.835090635999961, -26.870782851999877 ], [ -55.835147857999914, -26.867849349999972 ], [ -55.829521179999972, -26.864269256999876 ], [ -55.837753295999846, -26.859439849999887 ], [ -55.845046996999884, -26.850559233999888 ], [ -55.854682921999938, -26.846485137999935 ], [ -55.858070372999919, -26.839740752999944 ], [ -55.866909026999906, -26.834917068999914 ], [ -55.872867583999891, -26.821235656999875 ], [ -55.871139524999933, -26.815883636999899 ], [ -55.858238220999965, -26.810171126999933 ], [ -55.843452452999941, -26.81765556299996 ], [ -55.834419249999939, -26.811639785999944 ], [ -55.822189330999947, -26.813098906999983 ], [ -55.816379546999826, -26.808778761999918 ], [ -55.808979034999879, -26.812887191999948 ], [ -55.801254272999984, -26.812763212999982 ], [ -55.78654098599992, -26.796182630999908 ], [ -55.791709900999933, -26.791673659999958 ], [ -55.785140990999935, -26.784772871999905 ], [ -55.770023346999892, -26.778465270999902 ], [ -55.765838622999922, -26.784278868999877 ], [ -55.763217925999982, -26.783128736999856 ], [ -55.76042556699997, -26.780513761999941 ], [ -55.762454986999956, -26.770627975999901 ], [ -55.761096953999925, -26.767482756999982 ], [ -55.743064880999896, -26.75887107799997 ], [ -55.739891051999962, -26.760894774999883 ], [ -55.733619690999944, -26.779157637999901 ], [ -55.720554350999976, -26.791614531999869 ], [ -55.716926573999956, -26.800003050999976 ], [ -55.720638274999885, -26.827062605999913 ], [ -55.724372862999985, -26.83336830099995 ], [ -55.719947814999955, -26.840826032999871 ], [ -55.677032469999972, -26.869865416999971 ], [ -55.673915862999877, -26.873115538999969 ], [ -55.673217772999919, -26.878448485999968 ], [ -55.592498778999982, -26.949773787999959 ], [ -55.620094298999959, -26.963293074999967 ], [ -55.626991271999884, -26.973884582999972 ], [ -55.649551391999921, -26.985471725999957 ], [ -55.61812591599994, -27.016702651999879 ], [ -55.612831115999882, -27.035158156999955 ], [ -55.593189239999958, -27.048408507999909 ], [ -55.562797546999946, -27.077438352999934 ], [ -55.543922424999835, -27.092163085999971 ], [ -55.541183470999954, -27.096158980999917 ], [ -55.545764922999979, -27.098182677999944 ], [ -55.539054870999962, -27.099552153999923 ], [ -55.533061980999889, -27.107046127999922 ] ] ] ] } },
{ "type": "Feature", "properties": { "fid": 149, "GID_2": "PRY.13.22_1", "GID_0": "PRY", "COUNTRY": "Paraguay", "GID_1": "PRY.13_1", "NAME_1": "Itapúa", "NL_NAME_1": "NA", "NAME_2": "Pirapó", "VARNAME_2": "NA", "NL_NAME_2": "NA", "TYPE_2": "Distrito", "ENGTYPE_2": "District", "CC_2": "NA", "HASC_2": "PY.IT.PI" }, "geometry": { "type": "MultiPolygon", "coordinates": [ [ [ [ -55.325336456999935, -26.964374541999916 ], [ -55.377693174999933, -26.967615126999931 ], [ -55.411026001999915, -26.989641188999883 ], [ -55.433177947999866, -26.98142433199996 ], [ -55.439247131999934, -26.97437477099993 ], [ -55.435329437999883, -26.967693327999882 ], [ -55.44987869299996, -26.954738615999872 ], [ -55.454547881999986, -26.955375670999899 ], [ -55.455612181999982, -26.962188719999972 ], [ -55.458248137999931, -26.962604521999936 ], [ -55.480701446999944, -26.94226455699993 ], [ -55.491439819999982, -26.944484710999916 ], [ -55.494068145999904, -26.94301414399996 ], [ -55.500125884999932, -26.947393416999887 ], [ -55.506912230999944, -26.944395063999877 ], [ -55.515201568999942, -26.946933745999956 ], [ -55.525428772999817, -26.953727720999893 ], [ -55.535305022999921, -26.967313765999847 ], [ -55.539611816999866, -26.965917586999979 ], [ -55.544361114999958, -26.962879179999902 ], [ -55.549308776999965, -26.951032637999845 ], [ -55.557483672999922, -26.942195892999905 ], [ -55.589168549999954, -26.925106047999975 ], [ -55.614265440999986, -26.903322218999961 ], [ -55.644706726999914, -26.868947982999941 ], [ -55.648178099999882, -26.868457792999948 ], [ -55.654788971999949, -26.873161315999937 ], [ -55.661304474999838, -26.872110366999948 ], [ -55.673217772999919, -26.878448485999968 ], [ -55.673915862999877, -26.873115538999969 ], [ -55.677032469999972, -26.869865416999971 ], [ -55.719947814999955, -26.840826032999871 ], [ -55.724372862999985, -26.83336830099995 ], [ -55.720638274999885, -26.827062605999913 ], [ -55.716926573999956, -26.800003050999976 ], [ -55.720554350999976, -26.791614531999869 ], [ -55.733619690999944, -26.779157637999901 ], [ -55.736312866999981, -26.766897200999949 ], [ -55.743064880999896, -26.75887107799997 ], [ -55.69655609199998, -26.733543395999902 ], [ -55.648059843999874, -26.711240767999925 ], [ -55.63900375299994, -26.716777800999978 ], [ -55.635776518999933, -26.725170135999974 ], [ -55.624305725999932, -26.729570387999956 ], [ -55.615432739999846, -26.745393753999963 ], [ -55.615348815999937, -26.749248503999922 ], [ -55.605995177999944, -26.749452590999965 ], [ -55.603256224999882, -26.753997801999958 ], [ -55.585868834999928, -26.757053374999941 ], [ -55.574642181999877, -26.752214430999857 ], [ -55.573333739999896, -26.747045515999901 ], [ -55.575828551999905, -26.744335173999957 ], [ -55.584606170999905, -26.742469786999948 ], [ -55.585079192999956, -26.739540099999942 ], [ -55.590648651999913, -26.735595701999898 ], [ -55.594005583999945, -26.730695724999919 ], [ -55.592456818999949, -26.725156782999932 ], [ -55.586418150999975, -26.724685668999939 ], [ -55.580745696999884, -26.73321533099994 ], [ -55.571971893999944, -26.734903334999899 ], [ -55.568271637999942, -26.727254866999886 ], [ -55.554271696999933, -26.726692199999945 ], [ -55.559032439999953, -26.722734451999941 ], [ -55.560348511999905, -26.718351363999943 ], [ -55.549446105999891, -26.715219496999964 ], [ -55.550399780999953, -26.708806991999836 ], [ -55.548069000999931, -26.70399284399997 ], [ -55.535232544999985, -26.705783842999892 ], [ -55.519165038999972, -26.715782165999826 ], [ -55.512447356999985, -26.716396331999931 ], [ -55.508434295999962, -26.713937759999965 ], [ -55.513481140999886, -26.706495283999971 ], [ -55.512573242999906, -26.701705931999982 ], [ -55.506729126999971, -26.699577331999933 ], [ -55.496330261999958, -26.70122528099995 ], [ -55.491161346999945, -26.705175398999984 ], [ -55.489215850999983, -26.710468291999973 ], [ -55.493362427999955, -26.715684890999967 ], [ -55.489711761999899, -26.724435806999963 ], [ -55.491180419999978, -26.731437681999921 ], [ -55.495925902999886, -26.737220762999982 ], [ -55.497722624999938, -26.747533798999825 ], [ -55.495792388999973, -26.75209045299988 ], [ -55.474040984999931, -26.770244597999977 ], [ -55.45758438099989, -26.778940200999955 ], [ -55.461219786999948, -26.788742064999951 ], [ -55.459701537999933, -26.792936323999982 ], [ -55.439643859999819, -26.807630537999955 ], [ -55.434440611999889, -26.82167243799995 ], [ -55.430351257999916, -26.822700500999929 ], [ -55.426559447999978, -26.819505691999836 ], [ -55.409126280999942, -26.834608076999928 ], [ -55.38826370299995, -26.839725493999936 ], [ -55.390033720999952, -26.850961685999891 ], [ -55.394134520999955, -26.858201979999876 ], [ -55.392173765999985, -26.863672255999973 ], [ -55.39785766499989, -26.872961043999965 ], [ -55.385341643999936, -26.877498626999966 ], [ -55.380512236999948, -26.875205993999941 ], [ -55.379554747999975, -26.881246566999948 ], [ -55.375743865999937, -26.878974913999912 ], [ -55.373649597999929, -26.87286949199995 ], [ -55.363422393999826, -26.883880615999942 ], [ -55.361255644999972, -26.889163970999903 ], [ -55.368137359999935, -26.890947341999947 ], [ -55.362960814999894, -26.894702910999968 ], [ -55.363452910999968, -26.899673460999963 ], [ -55.358699797999975, -26.902521133999926 ], [ -55.359100341999977, -26.911344527999972 ], [ -55.354549407999912, -26.914379119999978 ], [ -55.353973388999975, -26.921529769999836 ], [ -55.341392516999974, -26.936899184999902 ], [ -55.340553284999885, -26.947788237999873 ], [ -55.327594756999986, -26.952701567999895 ], [ -55.325336456999935, -26.964374541999916 ] ] ] ] } },
{ "type": "Feature", "properties": { "fid": 150, "GID_2": "PRY.13.23_1", "GID_0": "PRY", "COUNTRY": "Paraguay", "GID_1": "PRY.13_1", "NAME_1": "Itapúa", "NL_NAME_1": "NA", "NAME_2": "San Cosme y Damián", "VARNAME_2": "NA", "NL_NAME_2": "NA", "TYPE_2": "Distrito", "ENGTYPE_2": "District", "CC_2": "NA", "HASC_2": "PY.IT.SC" }, "geometry": { "type": "MultiPolygon", "coordinates": [ [ [ [ -56.272983549999935, -27.401491164999982 ], [ -56.282653807999964, -27.408508299999937 ], [ -56.286621093999884, -27.416149139999959 ], [ -56.288490294999974, -27.431037902999947 ], [ -56.282779693999942, -27.456430434999959 ], [ -56.287605285999973, -27.484325408999894 ], [ -56.308090209999875, -27.505876541999953 ], [ -56.339893340999879, -27.529842376999909 ], [ -56.351501464999956, -27.543888090999872 ], [ -56.357376097999918, -27.557962417999931 ], [ -56.355648040999938, -27.569568633999836 ], [ -56.357700347999923, -27.584453581999981 ], [ -56.364120482999908, -27.595844267999894 ], [ -56.383209227999885, -27.604375839999875 ], [ -56.392074585999922, -27.605697631999817 ], [ -56.424774169999978, -27.603483200999904 ], [ -56.433593748999954, -27.598390579999887 ], [ -56.444980621999946, -27.585836410999889 ], [ -56.452732085999855, -27.580783843999882 ], [ -56.458240508999893, -27.578905105999979 ], [ -56.471206663999965, -27.582199095999954 ], [ -56.484775541999909, -27.576206206999871 ], [ -56.503681182999912, -27.538173674999939 ], [ -56.508697510999923, -27.521108627999979 ], [ -56.518993377999948, -27.503126142999918 ], [ -56.54795074499998, -27.469436644999973 ], [ -56.564067839999893, -27.456207274999883 ], [ -56.598140716999922, -27.445108413999947 ], [ -56.654510497999979, -27.458753585999887 ], [ -56.667648315999884, -27.46036148099995 ], [ -56.694946287999983, -27.457586288999948 ], [ -56.703285216999916, -27.459144591999973 ], [ -56.711341858999958, -27.464729308999949 ], [ -56.680587767999953, -27.360155105999979 ], [ -56.679210662999878, -27.358604430999947 ], [ -56.673789976999899, -27.360946655999953 ], [ -56.667774199999883, -27.356229781999843 ], [ -56.670253753999987, -27.35408782899998 ], [ -56.671226501999911, -27.336086272999921 ], [ -56.681926727999894, -27.332456587999957 ], [ -56.671321868999883, -27.325511932999916 ], [ -56.667308807999859, -27.325244902999941 ], [ -56.666530608999949, -27.32265090899989 ], [ -56.667293547999918, -27.319923400999926 ], [ -56.674690246999887, -27.315818785999966 ], [ -56.677909849999935, -27.309398649999878 ], [ -56.677902221999886, -27.30721664299989 ], [ -56.673412323999912, -27.305038450999973 ], [ -56.675254822999875, -27.300802229999931 ], [ -56.674457549999886, -27.291521071999853 ], [ -56.66796874899984, -27.288122175999888 ], [ -56.668109892999951, -27.283752440999933 ], [ -56.673046111999895, -27.283199309999929 ], [ -56.671791075999977, -27.275701522999952 ], [ -56.698417662999987, -27.257366179999963 ], [ -56.693302153999923, -27.248781204999887 ], [ -56.697441099999878, -27.239496229999929 ], [ -56.698028564999902, -27.229806899999915 ], [ -56.709259033999899, -27.222688674999972 ], [ -56.709560394999983, -27.220508574999883 ], [ -56.704296110999962, -27.21300506599988 ], [ -56.692581176999965, -27.212621687999956 ], [ -56.689788818999943, -27.205392836999977 ], [ -56.695163725999919, -27.199514388999944 ], [ -56.694999695999968, -27.196510314999955 ], [ -56.68480300799996, -27.187246320999975 ], [ -56.669078825999918, -27.184541701999933 ], [ -56.663669584999923, -27.178272247999871 ], [ -56.661804199999949, -27.171642302999942 ], [ -56.638496397999972, -27.179248808999944 ], [ -56.604385376999971, -27.182390212999962 ], [ -56.584835052999892, -27.179798126999913 ], [ -56.574188231999983, -27.182624816999862 ], [ -56.562435150999875, -27.176624297999865 ], [ -56.485092161999944, -27.232309340999905 ], [ -56.474666595999906, -27.223236082999961 ], [ -56.471553802999949, -27.212366102999965 ], [ -56.473632812999881, -27.195306778999964 ], [ -56.479328154999962, -27.181961058999832 ], [ -56.446464538999976, -27.183242797999924 ], [ -56.398765563999973, -27.18030357299989 ], [ -56.39491653399989, -27.178604125999982 ], [ -56.394573210999908, -27.174192428999902 ], [ -56.377376556999934, -27.178400038999882 ], [ -56.359745025999985, -27.170475004999901 ], [ -56.351284026999906, -27.176982879999969 ], [ -56.293903350999983, -27.180316923999953 ], [ -56.286060332999853, -27.186096191999923 ], [ -56.286987303999979, -27.191987990999905 ], [ -56.298763275999931, -27.208848952999915 ], [ -56.304557799999941, -27.229852674999961 ], [ -56.303569793999884, -27.240499496999973 ], [ -56.294651030999944, -27.249565123999844 ], [ -56.297897337999927, -27.25089836099994 ], [ -56.309783934999984, -27.247919081999896 ], [ -56.312789917999964, -27.251445769999918 ], [ -56.309570311999948, -27.261510848999876 ], [ -56.305622099999937, -27.266052245999845 ], [ -56.287578581999981, -27.270967483999925 ], [ -56.273967743999947, -27.292106627999885 ], [ -56.27761840799991, -27.306657791999953 ], [ -56.277023314999951, -27.312604902999965 ], [ -56.275154113999918, -27.312511443999938 ], [ -56.272983549999935, -27.401491164999982 ] ] ] ] } },
{ "type": "Feature", "properties": { "fid": 151, "GID_2": "PRY.13.24_1", "GID_0": "PRY", "COUNTRY": "Paraguay", "GID_1": "PRY.13_1", "NAME_1": "Itapúa", "NL_NAME_1": "NA", "NAME_2": "San Juan del Paraná", "VARNAME_2": "NA", "NL_NAME_2": "NA", "TYPE_2": "Distrito", "ENGTYPE_2": "District", "CC_2": "NA", "HASC_2": "PY.IT.SJ" }, "geometry": { "type": "MultiPolygon", "coordinates": [ [ [ [ -55.99607467699991, -27.340900420999958 ], [ -56.051372527999945, -27.307254791999924 ], [ -56.04525375399993, -27.291957854999907 ], [ -56.035953520999954, -27.28668403599994 ], [ -56.038974761999896, -27.277727125999945 ], [ -56.034587858999942, -27.260585784999876 ], [ -56.036754607999967, -27.253635406999933 ], [ -56.027450561999956, -27.226320266999892 ], [ -56.028861998999901, -27.216056823999963 ], [ -56.023700713999972, -27.219287872999871 ], [ -56.013347625999927, -27.238788603999922 ], [ -56.002933500999973, -27.250211714999978 ], [ -55.989685057999964, -27.260116575999973 ], [ -55.974330902999952, -27.262460707999935 ], [ -55.960964201999957, -27.278604506999955 ], [ -55.94208907999996, -27.294115065999961 ], [ -55.92795562799995, -27.296108244999971 ], [ -55.924381254999957, -27.347776412999849 ], [ -55.944400787999939, -27.351520538999921 ], [ -55.97224044799998, -27.349348066999937 ], [ -55.99607467699991, -27.340900420999958 ] ] ] ] } },
{ "type": "Feature", "properties": { "fid": 152, "GID_2": "PRY.13.25_1", "GID_0": "PRY", "COUNTRY": "Paraguay", "GID_1": "PRY.13_1", "NAME_1": "Itapúa", "NL_NAME_1": "NA", "NAME_2": "San Pedro del Paraná", "VARNAME_2": "NA", "NL_NAME_2": "NA", "TYPE_2": "Distrito", "ENGTYPE_2": "District", "CC_2": "NA", "HASC_2": "PY.IT.SP" }, "geometry": { "type": "MultiPolygon", "coordinates": [ [ [ [ -56.184452056999987, -26.706377027999963 ], [ -56.183135984999979, -26.701896667999961 ], [ -56.187824249999949, -26.688552855999887 ], [ -56.182708739999953, -26.666255950999982 ], [ -56.168857573999958, -26.65651893699993 ], [ -56.161407471999894, -26.640438079999967 ], [ -56.158004759999983, -26.637641906999875 ], [ -56.151760101999969, -26.634616850999976 ], [ -56.137359619999984, -26.633686064999949 ], [ -56.126544952999893, -26.625091551999901 ], [ -56.124191282999959, -26.620098112999926 ], [ -56.126800537999941, -26.597908019999977 ], [ -56.116172789999951, -26.566541670999868 ], [ -56.10304260199996, -26.551300048999963 ], [ -56.07061385999998, -26.526050567999903 ], [ -56.063346861999946, -26.524110794999899 ], [ -56.055637359999935, -26.535758972999929 ], [ -56.038436889999957, -26.544876097999861 ], [ -56.036216735999972, -26.544113158999949 ], [ -56.035346984999933, -26.536020277999967 ], [ -56.028388975999974, -26.528022765999935 ], [ -56.025157927999942, -26.51585388299992 ], [ -56.018749236999952, -26.511354446999974 ], [ -56.008190154999966, -26.511934278999888 ], [ -55.990623473999904, -26.507638929999928 ], [ -55.972503661999838, -26.51159858599982 ], [ -55.962417601999846, -26.508695601999875 ], [ -55.940952300999982, -26.517923354999823 ], [ -55.931747436999956, -26.511175155999979 ], [ -55.920600890999879, -26.510826109999925 ], [ -55.906265258999952, -26.485809324999934 ], [ -55.905990600999928, -26.478828429999908 ], [ -55.886508940999875, -26.451219558999867 ], [ -55.875656126999957, -26.464218139999957 ], [ -55.866008759999943, -26.470500944999969 ], [ -55.861343383999838, -26.470609664999984 ], [ -55.839488981999921, -26.48918914799998 ], [ -55.84172439699995, -26.499696730999972 ], [ -55.83953857399996, -26.507556913999963 ], [ -55.842647552999949, -26.51458358799988 ], [ -55.837135313999966, -26.526988981999921 ], [ -55.839496611999948, -26.572393416999887 ], [ -55.834659575999922, -26.59160232499994 ], [ -55.837490080999828, -26.602487564999876 ], [ -55.858337402999894, -26.658094405999975 ], [ -55.909484861999942, -26.69175529499995 ], [ -55.910072326999966, -26.714359281999975 ], [ -55.913101195999957, -26.725975035999966 ], [ -55.872512816999915, -26.81847381599988 ], [ -55.874931334999928, -26.819614408999939 ], [ -55.880889891999914, -26.816402435999919 ], [ -55.874176024999883, -26.837785720999932 ], [ -55.877071380999894, -26.856378554999822 ], [ -55.885456085999976, -26.864591598999823 ], [ -55.884902954999973, -26.87229728799997 ], [ -55.887466429999961, -26.87656020999998 ], [ -55.894950865999931, -26.878698347999944 ], [ -55.89892959499997, -26.883531569999889 ], [ -55.899959562999982, -26.89346313499982 ], [ -55.911048889999961, -26.898958204999929 ], [ -55.913982390999934, -26.90524864199989 ], [ -55.920654297999874, -26.907556532999934 ], [ -55.93638229499993, -26.904304504999971 ], [ -55.946319579999965, -26.906288145999952 ], [ -55.949783324999942, -26.91680908099994 ], [ -55.962764740999944, -26.919387816999972 ], [ -55.965076446999944, -26.926403045999905 ], [ -55.962257384999987, -26.935731887999964 ], [ -55.968795775999979, -26.945375441999943 ], [ -55.984748840999941, -26.952407836999953 ], [ -55.994709014999898, -26.953287124999861 ], [ -56.002578734999929, -26.957077025999979 ], [ -56.008979796999938, -26.963592528999982 ], [ -56.018535613999916, -26.96447181699989 ], [ -56.029689789999907, -26.978221893999887 ], [ -56.055389403999925, -26.975831984999957 ], [ -56.064876555999945, -26.980558395999878 ], [ -56.069412230999944, -26.977500914999951 ], [ -56.069400787999882, -26.966663359999927 ], [ -56.087154387999874, -26.929262159999951 ], [ -56.101322173999904, -26.910541534999879 ], [ -56.111522673999957, -26.90903091399997 ], [ -56.11980819799993, -26.912452696999935 ], [ -56.13209915099992, -26.907840728999872 ], [ -56.136051178999878, -26.902755737999883 ], [ -56.135692596999945, -26.888053893999881 ], [ -56.141471862999936, -26.883174894999968 ], [ -56.149444578999976, -26.880893707999974 ], [ -56.153949737999937, -26.891239165999934 ], [ -56.160366057999966, -26.896835327999952 ], [ -56.181301116999919, -26.898403166999913 ], [ -56.186546324999881, -26.901227950999953 ], [ -56.198879242999965, -26.893674849999911 ], [ -56.22147369399994, -26.893417357999851 ], [ -56.234745025999928, -26.89083671599991 ], [ -56.244590759999937, -26.822452544999919 ], [ -56.2469177239999, -26.816787718999933 ], [ -56.260166166999909, -26.801988600999948 ], [ -56.243515013999911, -26.800764083999979 ], [ -56.226772307999909, -26.804960249999908 ], [ -56.195663451999906, -26.780307769999922 ], [ -56.180469512999878, -26.777168272999972 ], [ -56.154022215999987, -26.766160964999983 ], [ -56.15143966699992, -26.762451170999952 ], [ -56.152446746999942, -26.751077651999935 ], [ -56.168792724999889, -26.733663558999979 ], [ -56.173477172999981, -26.720687865999935 ], [ -56.174713134999934, -26.707475661999979 ], [ -56.177803039999958, -26.704946517999872 ], [ -56.184452056999987, -26.706377027999963 ] ] ] ] } },
{ "type": "Feature", "properties": { "fid": 153, "GID_2": "PRY.13.26_1", "GID_0": "PRY", "COUNTRY": "Paraguay", "GID_1": "PRY.13_1", "NAME_1": "Itapúa", "NL_NAME_1": "NA", "NAME_2": "San Rafael del Paraná", "VARNAME_2": "NA", "NL_NAME_2": "NA", "TYPE_2": "Distrito", "ENGTYPE_2": "District", "CC_2": "NA", "HASC_2": "PY.IT.SR" }, "geometry": { "type": "MultiPolygon", "coordinates": [ [ [ [ -54.795768736999889, -26.647207259999959 ], [ -54.814025878999985, -26.673847198999965 ], [ -54.823509215999934, -26.680711745999929 ], [ -54.83277893099995, -26.681171416999973 ], [ -54.856620787999987, -26.66722488299996 ], [ -54.875022887999876, -26.66434097299998 ], [ -54.893608093999944, -26.666673659999901 ], [ -54.920444488999863, -26.678270338999823 ], [ -54.938945770999965, -26.693183899999894 ], [ -54.943550108999887, -26.703058242999873 ], [ -54.988231657999904, -26.697729109999955 ], [ -54.99109268199993, -26.689527510999881 ], [ -54.988376616999915, -26.684698104999882 ], [ -54.988941192999903, -26.678831099999968 ], [ -54.999252318999879, -26.680524825999953 ], [ -55.000770567999894, -26.676885603999892 ], [ -55.006126403999929, -26.67406654399997 ], [ -55.020458220999956, -26.677307127999882 ], [ -55.022132873999965, -26.675327300999925 ], [ -55.019725798999957, -26.666639327999974 ], [ -55.02267074599996, -26.662847517999978 ], [ -55.041240691999974, -26.666917800999954 ], [ -55.044544218999931, -26.664783476999901 ], [ -55.038993835999975, -26.659706115999938 ], [ -55.03996658199992, -26.645957946999943 ], [ -55.02814483599991, -26.640195846999973 ], [ -55.028247832999909, -26.636344908999945 ], [ -55.030921935999913, -26.634925841999859 ], [ -55.036933899999894, -26.637811659999954 ], [ -55.040634155999896, -26.636051177999889 ], [ -55.040302277999956, -26.625577926999938 ], [ -55.04919433699996, -26.619344711999929 ], [ -55.055587768999942, -26.607908248999934 ], [ -55.056186676999914, -26.600572584999895 ], [ -55.054210661999946, -26.598512648999872 ], [ -55.041084288999912, -26.603740690999928 ], [ -55.04077529999995, -26.600063323999962 ], [ -55.048149107999961, -26.589756010999963 ], [ -55.048770904999969, -26.581682204999936 ], [ -55.053134918999945, -26.577737807999938 ], [ -55.060024261999956, -26.5780658729999 ], [ -55.058345795999969, -26.587951658999941 ], [ -55.063449859999935, -26.594484329999943 ], [ -55.06508636399991, -26.601680754999904 ], [ -55.087432860999968, -26.592969893999964 ], [ -55.088310241999977, -26.590414046999967 ], [ -55.083034514999895, -26.582595824999942 ], [ -55.093891143999883, -26.570884703999923 ], [ -55.11391830499997, -26.557346343999939 ], [ -55.116867065999941, -26.552997587999926 ], [ -55.116180420999967, -26.548206328999981 ], [ -55.106899260999967, -26.538465499999973 ], [ -55.105232237999985, -26.524471281999979 ], [ -55.094390869999927, -26.512308120999819 ], [ -55.100727081999821, -26.510421752999946 ], [ -55.111911772999918, -26.517080307999947 ], [ -55.115352629999961, -26.517339706999849 ], [ -55.117034910999905, -26.514984129999903 ], [ -55.10167694099988, -26.505119322999917 ], [ -55.099151610999911, -26.500839233999898 ], [ -55.10203933799994, -26.498882292999895 ], [ -55.108863830999894, -26.501592636999874 ], [ -55.116283415999874, -26.496791839999958 ], [ -55.117267608999953, -26.482118606999904 ], [ -55.120803832999968, -26.478704451999874 ], [ -55.125915526999961, -26.484870910999916 ], [ -55.122623442999895, -26.494718551999824 ], [ -55.123046874999943, -26.501892088999966 ], [ -55.125041960999908, -26.503217697999958 ], [ -55.135955809999984, -26.496643064999887 ], [ -55.14640426699998, -26.500350950999973 ], [ -55.147106169999972, -26.496690749999914 ], [ -55.14235305699998, -26.492187498999897 ], [ -55.141063689999953, -26.487016676999929 ], [ -55.145992277999881, -26.484550475999981 ], [ -55.150588987999981, -26.487213134999934 ], [ -55.152847288999965, -26.486156463999976 ], [ -55.159095763999971, -26.471410749999905 ], [ -55.148410795999894, -26.477251053999964 ], [ -55.145408629999906, -26.467639922999922 ], [ -55.151985168999943, -26.46409988299996 ], [ -55.156620025999928, -26.457216262999964 ], [ -55.164176939999948, -26.45480346699992 ], [ -55.152580260999912, -26.448686599999974 ], [ -55.155761717999894, -26.443056105999972 ], [ -55.182201384999928, -26.439186094999968 ], [ -55.182353973999966, -26.433130263999885 ], [ -55.18711089999988, -26.429370879999965 ], [ -55.195266723999964, -26.435413360999974 ], [ -55.197727203999875, -26.434177397999861 ], [ -55.194873810999979, -26.426773070999957 ], [ -55.197395323999956, -26.423332214999959 ], [ -55.204998015999934, -26.427160261999973 ], [ -55.207710264999946, -26.424091337999869 ], [ -55.207740783999895, -26.414726256999927 ], [ -55.210258483999951, -26.411104201999933 ], [ -55.215881347999982, -26.413238523999951 ], [ -55.228546143999893, -26.409086226999932 ], [ -55.235443114999896, -26.416936874999976 ], [ -55.238075255999888, -26.416984556999978 ], [ -55.240333555999882, -26.415744781999933 ], [ -55.240081786999838, -26.409494398999925 ], [ -55.243091582999909, -26.402389525999979 ], [ -55.249748229999909, -26.403629301999956 ], [ -55.25461959799992, -26.394908904999909 ], [ -55.260673521999877, -26.395944593999957 ], [ -55.266284941999913, -26.406705855999974 ], [ -55.269470213999966, -26.400707244999978 ], [ -55.267135619999976, -26.396623610999939 ], [ -55.278354644999922, -26.393537520999928 ], [ -55.278282164999951, -26.388210295999954 ], [ -55.281631468999876, -26.383682251999971 ], [ -55.302608488999965, -26.378950117999921 ], [ -55.295207976999848, -26.374946594999983 ], [ -55.296161651999967, -26.369087217999834 ], [ -55.304878234999876, -26.360261916999889 ], [ -55.307270049999886, -26.361776352999868 ], [ -55.307090758999891, -26.369304655999883 ], [ -55.315654754999969, -26.366895674999967 ], [ -55.326107024999885, -26.370218275999889 ], [ -55.326358794999976, -26.376653669999882 ], [ -55.335762022999916, -26.381607054999847 ], [ -55.338649749999945, -26.379461288999948 ], [ -55.339385984999922, -26.373962401999961 ], [ -55.342662810999968, -26.372377394999944 ], [ -55.352115631999879, -26.375310896999906 ], [ -55.360671996999884, -26.373085022999931 ], [ -55.365489960999923, -26.375013350999893 ], [ -55.367424010999969, -26.370273590999943 ], [ -55.376167295999892, -26.368787765999912 ], [ -55.374111174999939, -26.36139869699997 ], [ -55.39326476999986, -26.356620788999976 ], [ -55.396068573999855, -26.349142073999872 ], [ -55.409534454999971, -26.35361671499993 ], [ -55.412788391999982, -26.361759184999869 ], [ -55.415283203999934, -26.359050749999938 ], [ -55.429889678999928, -26.357854843999917 ], [ -55.437908171999936, -26.352672575999975 ], [ -55.44836425699998, -26.355804442999954 ], [ -55.458137511999837, -26.353599546999931 ], [ -55.464511870999956, -26.349306105999972 ], [ -55.472087860999977, -26.336584089999917 ], [ -55.489597320999849, -26.323127746999944 ], [ -55.495067595999956, -26.313859939999872 ], [ -55.501983641999914, -26.312330245999874 ], [ -55.502079008999885, -26.308124540999984 ], [ -55.510700224999937, -26.293584822999833 ], [ -55.509349821999933, -26.290622710999969 ], [ -55.369667053999933, -26.265647887999876 ], [ -55.364299774999949, -26.226793289999875 ], [ -55.375526428999876, -26.213783262999982 ], [ -55.375064849999887, -26.20752334499997 ], [ -55.372951507999915, -26.202713011999947 ], [ -55.360771179999915, -26.196056364999833 ], [ -55.357666015999939, -26.190488813999934 ], [ -55.354743956999926, -26.168388365999931 ], [ -55.357669829999907, -26.164220809999904 ], [ -55.358303068999987, -26.154497146999972 ], [ -55.351371763999907, -26.139671324999938 ], [ -55.35338592599993, -26.114000319999889 ], [ -55.345340728999986, -26.103742598999929 ], [ -55.348064421999879, -26.09957313599989 ], [ -55.331573486999957, -26.096321105999948 ], [ -55.330650330999958, -26.101303099999939 ], [ -55.327396392999901, -26.101932523999892 ], [ -55.323905944999979, -26.095802306999929 ], [ -55.325469970999961, -26.087474821999933 ], [ -55.319450377999885, -26.08764266999998 ], [ -55.317604064999898, -26.088893890999941 ], [ -55.317646025999977, -26.095684050999978 ], [ -55.308528898999953, -26.096612929999935 ], [ -55.31046676699998, -26.110559462999959 ], [ -55.316932677999944, -26.109523772999978 ], [ -55.319339752999895, -26.111536026999943 ], [ -55.313827514999957, -26.118728636999947 ], [ -55.319610595999904, -26.126560210999855 ], [ -55.314525604999915, -26.13122558699996 ], [ -55.303192138999918, -26.133846281999979 ], [ -55.298103332999972, -26.138690948999908 ], [ -55.296413421999944, -26.146999358999892 ], [ -55.301010131999931, -26.152107237999928 ], [ -55.300769805999948, -26.156448363999857 ], [ -55.293655394999973, -26.161640166999973 ], [ -55.283500670999899, -26.190698623999822 ], [ -55.267230986999948, -26.202869413999906 ], [ -55.253490447999923, -26.222110747999977 ], [ -55.198009489999947, -26.198024749999888 ], [ -55.18626403799982, -26.195568083999945 ], [ -55.17418289099993, -26.184301375999951 ], [ -55.160404205999953, -26.188776015999906 ], [ -55.149394989999962, -26.198875426999848 ], [ -55.131027221999886, -26.201652526999965 ], [ -55.127464294999982, -26.211351393999962 ], [ -55.117263793999939, -26.211328505999916 ], [ -55.049278258999948, -26.31486511199995 ], [ -55.048370360999968, -26.318700789999866 ], [ -55.059013366999977, -26.322046278999892 ], [ -55.062511443999938, -26.327629089999959 ], [ -55.057815550999976, -26.344610213999886 ], [ -55.059112548999906, -26.3648395539999 ], [ -55.054752349999944, -26.368974684999955 ], [ -55.047206878999987, -26.371015547999946 ], [ -55.052200317999961, -26.381406782999875 ], [ -55.051105498999959, -26.384504317999927 ], [ -55.048831939999957, -26.386295318999885 ], [ -55.037094114999945, -26.385860443999945 ], [ -55.035614012999929, -26.388214111999844 ], [ -55.035060881999982, -26.39389800999993 ], [ -55.040897367999946, -26.403020857999877 ], [ -55.040534973999968, -26.40907096899997 ], [ -55.029930113999967, -26.411785125999927 ], [ -55.030632019999928, -26.415836333999948 ], [ -55.027244567999958, -26.421459196999933 ], [ -55.018894194999973, -26.423118591999923 ], [ -55.013477325999929, -26.428693770999928 ], [ -55.011066437999943, -26.427911758999869 ], [ -55.009281158999954, -26.418872832999909 ], [ -55.003833770999961, -26.418020247999891 ], [ -55.001388548999955, -26.418519973999935 ], [ -54.993965148999962, -26.431028365999964 ], [ -54.987869262999936, -26.431634903999907 ], [ -54.987510680999947, -26.437318801999879 ], [ -54.972797393999826, -26.434431074999964 ], [ -54.968193053999983, -26.4398384079999 ], [ -54.968242645999908, -26.445531844999891 ], [ -54.961444854999911, -26.449607848999904 ], [ -54.96509552099991, -26.457035063999911 ], [ -54.966247557999964, -26.466974257999937 ], [ -54.957305908999956, -26.467878341999949 ], [ -54.950473785999975, -26.465709685999911 ], [ -54.948204039999951, -26.467132566999965 ], [ -54.948654175999877, -26.473016737999899 ], [ -54.9461135869999, -26.476999281999838 ], [ -54.935485838999966, -26.472726821999913 ], [ -54.929191588999913, -26.473142623999934 ], [ -54.929004669999983, -26.479930876999902 ], [ -54.925441742999965, -26.484262466999951 ], [ -54.922550201999911, -26.486215590999961 ], [ -54.918159483999887, -26.483730314999946 ], [ -54.915473937999934, -26.485511778999921 ], [ -54.916748045999896, -26.490863798999897 ], [ -54.919776916999979, -26.491294859999982 ], [ -54.920120238999857, -26.493507385999976 ], [ -54.920333860999961, -26.500490187999958 ], [ -54.916988371999878, -26.504274367999983 ], [ -54.91284942599998, -26.499958037999818 ], [ -54.907787322999923, -26.499662398999874 ], [ -54.902484894999986, -26.493482588999939 ], [ -54.895229339999958, -26.4918556209999 ], [ -54.893157959999826, -26.493457792999948 ], [ -54.896087646999945, -26.497564315999909 ], [ -54.893096924999838, -26.503004072999943 ], [ -54.897785186999954, -26.502195357999938 ], [ -54.906391142999951, -26.506242751999878 ], [ -54.906318663999912, -26.508811949999824 ], [ -54.900901794999982, -26.514202117999957 ], [ -54.895160673999953, -26.509111403999896 ], [ -54.884765624999886, -26.518430708999972 ], [ -54.88195800799997, -26.524610517999974 ], [ -54.869880676999969, -26.521402357999818 ], [ -54.868331908999949, -26.518800735999946 ], [ -54.870983123999963, -26.510959625999874 ], [ -54.8766212459999, -26.505027770999959 ], [ -54.872867583999891, -26.501455305999968 ], [ -54.864727019999975, -26.502557754999884 ], [ -54.858833311999831, -26.510320662999959 ], [ -54.860103606999928, -26.523021697999866 ], [ -54.85569381699986, -26.528429031999963 ], [ -54.849113463999913, -26.524425506999933 ], [ -54.843307493999987, -26.514558791999946 ], [ -54.840785980999954, -26.517625807999877 ], [ -54.841262817999961, -26.522411344999966 ], [ -54.837924956999927, -26.525642393999874 ], [ -54.832870482999965, -26.525157928999931 ], [ -54.831562041999973, -26.528434752999942 ], [ -54.844890593999935, -26.544893263999938 ], [ -54.829910278999932, -26.543817519999948 ], [ -54.824390410999911, -26.538185118999934 ], [ -54.821548461999953, -26.538303374999941 ], [ -54.818775176999907, -26.543014525999922 ], [ -54.816387175999921, -26.541862486999889 ], [ -54.807365417999904, -26.555049896999833 ], [ -54.808322906999877, -26.563108443999909 ], [ -54.80633544899996, -26.566959379999957 ], [ -54.788227080999945, -26.593799589999946 ], [ -54.784465789999956, -26.615501403999929 ], [ -54.788303374999941, -26.632291793999968 ], [ -54.795768736999889, -26.647207259999959 ] ] ] ] } },
{ "type": "Feature", "properties": { "fid": 154, "GID_2": "PRY.13.27_1", "GID_0": "PRY", "COUNTRY": "Paraguay", "GID_1": "PRY.13_1", "NAME_1": "Itapúa", "NL_NAME_1": "NA", "NAME_2": "Tomás Romero Pereira", "VARNAME_2": "NA", "NL_NAME_2": "NA", "TYPE_2": "Distrito", "ENGTYPE_2": "District", "CC_2": "NA", "HASC_2": "PY.IT.TP" }, "geometry": { "type": "MultiPolygon", "coordinates": [ [ [ [ -55.539104460999965, -26.355239868999945 ], [ -55.509056090999934, -26.349557875999835 ], [ -55.507373809999933, -26.343286513999885 ], [ -55.512359617999891, -26.31931304799997 ], [ -55.509616851999908, -26.315040587999874 ], [ -55.501983641999914, -26.312330245999874 ], [ -55.495067595999956, -26.313859939999872 ], [ -55.489597320999849, -26.323127746999944 ], [ -55.472087860999977, -26.336584089999917 ], [ -55.464511870999956, -26.349306105999972 ], [ -55.454044342999907, -26.355361936999827 ], [ -55.437908171999936, -26.352672575999975 ], [ -55.429889678999928, -26.357854843999917 ], [ -55.415283203999934, -26.359050749999938 ], [ -55.412788391999982, -26.361759184999869 ], [ -55.409534454999971, -26.35361671499993 ], [ -55.396068573999855, -26.349142073999872 ], [ -55.39326476999986, -26.356620788999976 ], [ -55.374111174999939, -26.36139869699997 ], [ -55.376167295999892, -26.368787765999912 ], [ -55.367424010999969, -26.370273590999943 ], [ -55.365489960999923, -26.375013350999893 ], [ -55.360671996999884, -26.373085022999931 ], [ -55.352115631999879, -26.375310896999906 ], [ -55.342662810999968, -26.372377394999944 ], [ -55.339385984999922, -26.373962401999961 ], [ -55.338649749999945, -26.379461288999948 ], [ -55.335762022999916, -26.381607054999847 ], [ -55.326358794999976, -26.376653669999882 ], [ -55.326107024999885, -26.370218275999889 ], [ -55.315654754999969, -26.366895674999967 ], [ -55.307090758999891, -26.369304655999883 ], [ -55.307270049999886, -26.361776352999868 ], [ -55.302223205999951, -26.361127852999857 ], [ -55.296161651999967, -26.369087217999834 ], [ -55.295207976999848, -26.374946594999983 ], [ -55.302608488999965, -26.378950117999921 ], [ -55.281631468999876, -26.383682251999971 ], [ -55.278282164999951, -26.388210295999954 ], [ -55.278354644999922, -26.393537520999928 ], [ -55.267135619999976, -26.396623610999939 ], [ -55.269470213999966, -26.400707244999978 ], [ -55.266284941999913, -26.406705855999974 ], [ -55.260673521999877, -26.395944593999957 ], [ -55.25461959799992, -26.394908904999909 ], [ -55.249748229999909, -26.403629301999956 ], [ -55.243091582999909, -26.402389525999979 ], [ -55.240081786999838, -26.409494398999925 ], [ -55.240333555999882, -26.415744781999933 ], [ -55.238075255999888, -26.416984556999978 ], [ -55.235443114999896, -26.416936874999976 ], [ -55.228546143999893, -26.409086226999932 ], [ -55.215881347999982, -26.413238523999951 ], [ -55.210258483999951, -26.411104201999933 ], [ -55.207740783999895, -26.414726256999927 ], [ -55.207710264999946, -26.424091337999869 ], [ -55.204998015999934, -26.427160261999973 ], [ -55.197395323999956, -26.423332214999959 ], [ -55.194873810999979, -26.426773070999957 ], [ -55.197727203999875, -26.434177397999861 ], [ -55.195266723999964, -26.435413360999974 ], [ -55.18711089999988, -26.429370879999965 ], [ -55.182353973999966, -26.433130263999885 ], [ -55.182201384999928, -26.439186094999968 ], [ -55.155761717999894, -26.443056105999972 ], [ -55.152580260999912, -26.448686599999974 ], [ -55.164176939999948, -26.45480346699992 ], [ -55.156620025999928, -26.457216262999964 ], [ -55.151985168999943, -26.46409988299996 ], [ -55.145408629999906, -26.467639922999922 ], [ -55.148410795999894, -26.477251053999964 ], [ -55.159095763999971, -26.471410749999905 ], [ -55.152847288999965, -26.486156463999976 ], [ -55.150588987999981, -26.487213134999934 ], [ -55.145992277999881, -26.484550475999981 ], [ -55.141063689999953, -26.487016676999929 ], [ -55.14235305699998, -26.492187498999897 ], [ -55.147106169999972, -26.496690749999914 ], [ -55.14640426699998, -26.500350950999973 ], [ -55.135955809999984, -26.496643064999887 ], [ -55.125041960999908, -26.503217697999958 ], [ -55.123046874999943, -26.501892088999966 ], [ -55.122623442999895, -26.494718551999824 ], [ -55.125915526999961, -26.484870910999916 ], [ -55.123603820999961, -26.480230330999916 ], [ -55.118545531999928, -26.479757308999865 ], [ -55.116283415999874, -26.496791839999958 ], [ -55.108863830999894, -26.501592636999874 ], [ -55.10203933799994, -26.498882292999895 ], [ -55.099151610999911, -26.500839233999898 ], [ -55.10167694099988, -26.505119322999917 ], [ -55.117034910999905, -26.514984129999903 ], [ -55.115352629999961, -26.517339706999849 ], [ -55.100727081999821, -26.510421752999946 ], [ -55.094390869999927, -26.512308120999819 ], [ -55.105232237999985, -26.524471281999979 ], [ -55.106899260999967, -26.538465499999973 ], [ -55.116180420999967, -26.548206328999981 ], [ -55.116867065999941, -26.552997587999926 ], [ -55.11391830499997, -26.557346343999939 ], [ -55.094566344999976, -26.570419311999899 ], [ -55.101703644999986, -26.574720380999963 ], [ -55.109909056999982, -26.571214674999965 ], [ -55.121139525999979, -26.57622528099995 ], [ -55.126270293999937, -26.581840514999953 ], [ -55.134181976999969, -26.582002639999871 ], [ -55.143028258999948, -26.577228545999901 ], [ -55.149028777999945, -26.580472945999873 ], [ -55.157676697999875, -26.575508117999959 ], [ -55.168846130999896, -26.575183867999954 ], [ -55.180419920999952, -26.582765577999851 ], [ -55.192161560999978, -26.575843810999913 ], [ -55.197200774999942, -26.577045439999949 ], [ -55.201137541999969, -26.581901549999941 ], [ -55.211402892999956, -26.577148436999948 ], [ -55.214191435999965, -26.57922363199998 ], [ -55.219924926999965, -26.593479154999955 ], [ -55.217990873999895, -26.602657317999899 ], [ -55.228302001999964, -26.615688323999848 ], [ -55.241489409999929, -26.615945815999908 ], [ -55.24472045899995, -26.622091292999983 ], [ -55.263252257999909, -26.622438429999931 ], [ -55.266620635999914, -26.617361068999969 ], [ -55.269821167999964, -26.61944579999988 ], [ -55.279441833999897, -26.607696533999956 ], [ -55.291599272999974, -26.600225448999936 ], [ -55.29549407899998, -26.590196608999975 ], [ -55.300785063999967, -26.589563368999904 ], [ -55.306808470999897, -26.58380699199995 ], [ -55.307617186999948, -26.567108153999925 ], [ -55.314174650999917, -26.572746275999975 ], [ -55.317817686999888, -26.573181151999961 ], [ -55.322563171999946, -26.56978416499993 ], [ -55.316806791999909, -26.564529418999882 ], [ -55.319953918999886, -26.560186384999895 ], [ -55.325012206999986, -26.560834884999906 ], [ -55.324478148999958, -26.557701110999972 ], [ -55.318237303999979, -26.555749891999938 ], [ -55.319423674999882, -26.548421858999973 ], [ -55.317523955999945, -26.543060302999891 ], [ -55.326568603999931, -26.538091659999907 ], [ -55.331981657999961, -26.540765762999854 ], [ -55.334442138999975, -26.539712905999977 ], [ -55.333377837999933, -26.53326416099992 ], [ -55.327823637999927, -26.528015136999841 ], [ -55.329967498999963, -26.52309989999992 ], [ -55.334209441999974, -26.523912429999939 ], [ -55.335441589999959, -26.531648634999897 ], [ -55.353412627999944, -26.526483535999944 ], [ -55.353096007999909, -26.522804260999976 ], [ -55.34653091499996, -26.517351149999968 ], [ -55.346683501999962, -26.510927199999969 ], [ -55.365436552999938, -26.472349166999948 ], [ -55.368442533999882, -26.45642852799989 ], [ -55.370288847999973, -26.455547331999924 ], [ -55.385459898999954, -26.465568541999971 ], [ -55.381305693999877, -26.487161635999939 ], [ -55.391742705999945, -26.491764068999885 ], [ -55.395633697999926, -26.489997863999918 ], [ -55.405063629999972, -26.468137741999897 ], [ -55.412109374999943, -26.461658477999833 ], [ -55.408435820999955, -26.453876495999964 ], [ -55.409320831999878, -26.450771330999885 ], [ -55.44853973499994, -26.42835426299996 ], [ -55.458011626999962, -26.412731170999962 ], [ -55.468181609999931, -26.402084348999949 ], [ -55.475868224999942, -26.411586761999956 ], [ -55.499000549999892, -26.419172286999981 ], [ -55.495346068999879, -26.42847442599998 ], [ -55.504272460999914, -26.428085326999906 ], [ -55.507259368999883, -26.421340941999915 ], [ -55.519271849999939, -26.41880225999995 ], [ -55.531623840999941, -26.410022735999974 ], [ -55.544391631999929, -26.391330717999949 ], [ -55.547660826999959, -26.38073539599992 ], [ -55.543262480999942, -26.368902206999962 ], [ -55.539844512999935, -26.367742537999959 ], [ -55.538303375999874, -26.364038466999887 ], [ -55.539104460999965, -26.355239868999945 ] ] ] ] } },
{ "type": "Feature", "properties": { "fid": 155, "GID_2": "PRY.13.28_1", "GID_0": "PRY", "COUNTRY": "Paraguay", "GID_1": "PRY.13_1", "NAME_1": "Itapúa", "NL_NAME_1": "NA", "NAME_2": "Trinidad", "VARNAME_2": "NA", "NL_NAME_2": "NA", "TYPE_2": "Distrito", "ENGTYPE_2": "District", "CC_2": "NA", "HASC_2": "PY.IT.TR" }, "geometry": { "type": "MultiPolygon", "coordinates": [ [ [ [ -55.613761901999965, -27.17351722799998 ], [ -55.621406554999851, -27.187742231999948 ], [ -55.622623442999895, -27.196212768999942 ], [ -55.64081954999989, -27.198291778999931 ], [ -55.640205383999955, -27.200227736999977 ], [ -55.64233398399989, -27.198383330999945 ], [ -55.651500702999954, -27.198909759999935 ], [ -55.661800384999935, -27.184942245999935 ], [ -55.670448302999944, -27.190782546999969 ], [ -55.678825377999942, -27.20947646999997 ], [ -55.682071685999915, -27.210443495999982 ], [ -55.693607330999953, -27.205133436999972 ], [ -55.704627989999949, -27.22459983899995 ], [ -55.713947296999891, -27.227691648999951 ], [ -55.72050857499994, -27.235172271999943 ], [ -55.733089445999838, -27.219932555999947 ], [ -55.757129669999927, -27.201957702999948 ], [ -55.84455490199997, -27.124572753999871 ], [ -55.854736328999934, -27.114816664999921 ], [ -55.857097624999881, -27.108972548999816 ], [ -55.854297637999935, -27.101659774999973 ], [ -55.847148895999908, -27.106981277999978 ], [ -55.807090758999891, -27.070901869999943 ], [ -55.804046630999892, -27.07030296399995 ], [ -55.794273375999978, -27.080062865999935 ], [ -55.790069578999919, -27.076326370999936 ], [ -55.783329009999932, -27.076948164999976 ], [ -55.776081085999976, -27.072605131999978 ], [ -55.767948149999938, -27.081657408999888 ], [ -55.762187956999981, -27.084318160999942 ], [ -55.754905700999984, -27.071708679999972 ], [ -55.749767302999885, -27.073831558999927 ], [ -55.738975524999944, -27.073286055999915 ], [ -55.736175535999905, -27.080587385999934 ], [ -55.731849670999907, -27.082719802999975 ], [ -55.732532499999934, -27.099079131999929 ], [ -55.729255676999969, -27.109674453999958 ], [ -55.725364683999885, -27.110527038999976 ], [ -55.721775055999899, -27.106613157999902 ], [ -55.706722259999935, -27.105075835999969 ], [ -55.703292846999943, -27.113101958999891 ], [ -55.694152831999986, -27.111476897999978 ], [ -55.684379578999938, -27.115678786999922 ], [ -55.681697845999906, -27.121919631999901 ], [ -55.681632994999973, -27.13477706999987 ], [ -55.678905486999895, -27.138402937999956 ], [ -55.649852752999891, -27.133134840999901 ], [ -55.641342161999887, -27.140148161999946 ], [ -55.630378722999978, -27.137939452999888 ], [ -55.623310089999961, -27.160091398999896 ], [ -55.613761901999965, -27.17351722799998 ] ] ] ] } },
{ "type": "Feature", "properties": { "fid": 156, "GID_2": "PRY.13.29_1", "GID_0": "PRY", "COUNTRY": "Paraguay", "GID_1": "PRY.13_1", "NAME_1": "Itapúa", "NL_NAME_1": "NA", "NAME_2": "Yatytay", "VARNAME_2": "NA", "NL_NAME_2": "NA", "TYPE_2": "Distrito", "ENGTYPE_2": "District", "CC_2": "NA", "HASC_2": "PY.IT.YA" }, "geometry": { "type": "MultiPolygon", "coordinates": [ [ [ [ -54.943550108999887, -26.703058242999873 ], [ -54.945228576999966, -26.716463087999955 ], [ -54.944026946999941, -26.749971388999882 ], [ -54.950206755999943, -26.772632597999859 ], [ -54.957275389999836, -26.78548812799994 ], [ -54.96195220899989, -26.790580748999957 ], [ -54.974521637999942, -26.794258117999902 ], [ -55.022235870999964, -26.794042585999932 ], [ -55.022235870999964, -26.786424636999982 ], [ -55.016738890999875, -26.786125182999967 ], [ -55.02033615199997, -26.780693052999936 ], [ -55.019161224999948, -26.771486281999955 ], [ -55.0152931209999, -26.771768569999949 ], [ -55.01331710799991, -26.777238845999932 ], [ -55.011074065999935, -26.777557372999922 ], [ -55.009346006999976, -26.766130447999842 ], [ -55.01254653999996, -26.76050948999989 ], [ -55.019775390999939, -26.756076811999947 ], [ -55.02682113599991, -26.743370055999947 ], [ -55.037670134999985, -26.740295409999817 ], [ -55.046745299999884, -26.742874145999906 ], [ -55.049442290999934, -26.73301506099989 ], [ -55.054485319999856, -26.72669982799988 ], [ -55.064422607999973, -26.727457045999984 ], [ -55.067012786999953, -26.713926313999934 ], [ -55.07265090899989, -26.707984923999959 ], [ -55.082862854999917, -26.705993651999961 ], [ -55.087345121999874, -26.689928054999825 ], [ -55.120590209999818, -26.684381484999903 ], [ -55.130691527999829, -26.670631407999963 ], [ -55.136837005999894, -26.676450727999907 ], [ -55.153331756999933, -26.674585342999933 ], [ -55.166515349999941, -26.667142866999882 ], [ -55.180305480999834, -26.667793272999972 ], [ -55.196289061999892, -26.662054060999935 ], [ -55.204288481999981, -26.642570495999905 ], [ -55.213115692999907, -26.638704299999915 ], [ -55.217952727999943, -26.632003782999959 ], [ -55.218685148999953, -26.618799208999917 ], [ -55.212844847999975, -26.608764648999852 ], [ -55.217990873999895, -26.602657317999899 ], [ -55.220291136999947, -26.594957351999881 ], [ -55.215347289999897, -26.581634519999966 ], [ -55.209987640999941, -26.576936721999914 ], [ -55.201137541999969, -26.581901549999941 ], [ -55.197200774999942, -26.577045439999949 ], [ -55.192161560999978, -26.575843810999913 ], [ -55.180419920999952, -26.582765577999851 ], [ -55.176273346999892, -26.578275679999877 ], [ -55.167633056999875, -26.574977873999956 ], [ -55.155635834999941, -26.576019286999951 ], [ -55.149028777999945, -26.580472945999873 ], [ -55.143028258999948, -26.577228545999901 ], [ -55.134181976999969, -26.582002639999871 ], [ -55.126270293999937, -26.581840514999953 ], [ -55.121139525999979, -26.57622528099995 ], [ -55.109909056999982, -26.571214674999965 ], [ -55.101703644999986, -26.574720380999963 ], [ -55.094566344999976, -26.570419311999899 ], [ -55.083034514999895, -26.582595824999942 ], [ -55.088310241999977, -26.590414046999967 ], [ -55.087432860999968, -26.592969893999964 ], [ -55.06508636399991, -26.601680754999904 ], [ -55.063449859999935, -26.594484329999943 ], [ -55.058345795999969, -26.587951658999941 ], [ -55.060024261999956, -26.5780658729999 ], [ -55.053134918999945, -26.577737807999938 ], [ -55.048770904999969, -26.581682204999936 ], [ -55.048149107999961, -26.589756010999963 ], [ -55.04077529999995, -26.600063323999962 ], [ -55.041084288999912, -26.603740690999928 ], [ -55.043502807999914, -26.604345321999858 ], [ -55.047470092999902, -26.600206374999971 ], [ -55.054210661999946, -26.598512648999872 ], [ -55.056186676999914, -26.600572584999895 ], [ -55.055587768999942, -26.607908248999934 ], [ -55.04919433699996, -26.619344711999929 ], [ -55.040302277999956, -26.625577926999938 ], [ -55.040634155999896, -26.636051177999889 ], [ -55.036933899999894, -26.637811659999954 ], [ -55.030921935999913, -26.634925841999859 ], [ -55.028247832999909, -26.636344908999945 ], [ -55.02814483599991, -26.640195846999973 ], [ -55.03996658199992, -26.645957946999943 ], [ -55.038993835999975, -26.659706115999938 ], [ -55.044544218999931, -26.664783476999901 ], [ -55.041240691999974, -26.666917800999954 ], [ -55.02267074599996, -26.662847517999978 ], [ -55.019725798999957, -26.666639327999974 ], [ -55.022132873999965, -26.675327300999925 ], [ -55.020458220999956, -26.677307127999882 ], [ -55.006126403999929, -26.67406654399997 ], [ -55.000770567999894, -26.676885603999892 ], [ -54.999252318999879, -26.680524825999953 ], [ -54.988941192999903, -26.678831099999968 ], [ -54.988376616999915, -26.684698104999882 ], [ -54.99109268199993, -26.689527510999881 ], [ -54.988231657999904, -26.697729109999955 ], [ -54.943550108999887, -26.703058242999873 ] ] ] ] } },
{ "type": "Feature", "properties": { "fid": 157, "GID_2": "PRY.14.1_1", "GID_0": "PRY", "COUNTRY": "Paraguay", "GID_1": "PRY.14_1", "NAME_1": "Misiones", "NL_NAME_1": "NA", "NAME_2": "Ayolas", "VARNAME_2": "NA", "NL_NAME_2": "NA", "TYPE_2": "Distrito", "ENGTYPE_2": "District", "CC_2": "NA", "HASC_2": "PY.MI.AY" }, "geometry": { "type": "MultiPolygon", "coordinates": [ [ [ [ -57.333484649999946, -27.414117811999915 ], [ -57.370044707999966, -27.415540693999958 ], [ -57.397666931999879, -27.348461150999924 ], [ -57.395015715999932, -27.344596861999946 ], [ -57.377365112999939, -27.34757232599992 ], [ -57.331630707999921, -27.365966795999896 ], [ -57.327331543999946, -27.373098372999948 ], [ -57.328022003999934, -27.380422590999956 ], [ -57.331165312999985, -27.385269164999954 ], [ -57.293441772999927, -27.382137298999908 ], [ -57.267242430999886, -27.382486342999925 ], [ -57.249515532999908, -27.385454176999815 ], [ -57.232830047999926, -27.383495329999903 ], [ -57.219673156999875, -27.379064559999961 ], [ -57.205993652999894, -27.366447447999974 ], [ -57.20244216899988, -27.366188048999902 ], [ -57.186878204999971, -27.369274138999913 ], [ -57.175342558999944, -27.375339507999854 ], [ -57.162521362999939, -27.374036788999888 ], [ -57.154609679999908, -27.368482588999882 ], [ -57.144771576999915, -27.35188102599983 ], [ -57.119121551999854, -27.347087858999885 ], [ -57.10299682699997, -27.335561750999943 ], [ -57.089004515999932, -27.319246291999946 ], [ -57.085395811999945, -27.309986114999901 ], [ -57.086566923999953, -27.300153731999956 ], [ -57.077255247999972, -27.290777204999927 ], [ -57.063396453999928, -27.294933319999927 ], [ -57.043933868999943, -27.290370940999878 ], [ -57.031566619999865, -27.285102843999937 ], [ -57.025512695999964, -27.27843856699991 ], [ -57.015453338999976, -27.272607803999904 ], [ -56.981204986999899, -27.270280836999973 ], [ -56.965183258999957, -27.273342132999915 ], [ -56.961669921999942, -27.270179747999919 ], [ -56.676197051999964, -27.305900573999963 ], [ -56.677909849999935, -27.309398649999878 ], [ -56.674690246999887, -27.315818785999966 ], [ -56.666679380999938, -27.321424483999976 ], [ -56.667308807999859, -27.325244902999941 ], [ -56.671321868999883, -27.325511932999916 ], [ -56.681926727999894, -27.332456587999957 ], [ -56.671226501999911, -27.336086272999921 ], [ -56.670253753999987, -27.35408782899998 ], [ -56.667774199999883, -27.356229781999843 ], [ -56.673789976999899, -27.360946655999953 ], [ -56.679210662999878, -27.358604430999947 ], [ -56.680587767999953, -27.360155105999979 ], [ -56.711341858999958, -27.464729308999949 ], [ -56.719470976999958, -27.47825050299997 ], [ -56.721122741999977, -27.489585875999921 ], [ -56.717914581999935, -27.515134810999825 ], [ -56.719615936999958, -27.52218818599988 ], [ -56.737277983999888, -27.559476850999886 ], [ -56.748401642999966, -27.568281173999878 ], [ -56.792549133999898, -27.581188200999975 ], [ -56.821102141999916, -27.596630096999888 ], [ -56.841987610999979, -27.603122710999912 ], [ -56.856929778999927, -27.60321044799997 ], [ -56.889938354999913, -27.591846465999936 ], [ -56.913814543999877, -27.574445724999975 ], [ -56.939437866999981, -27.545085906999873 ], [ -56.956226348999962, -27.53011512799992 ], [ -56.999999999999886, -27.51063346799998 ], [ -56.999999999999886, -27.46483421399995 ], [ -57.033584593999933, -27.478740692999907 ], [ -57.075878142999898, -27.487102506999975 ], [ -57.122184752999885, -27.479534149999949 ], [ -57.16205978399995, -27.467069625999954 ], [ -57.195606230999942, -27.452472686999954 ], [ -57.250286102999894, -27.43741989199998 ], [ -57.288253784999938, -27.421615600999928 ], [ -57.30812454099987, -27.416278838999858 ], [ -57.333484649999946, -27.414117811999915 ] ] ] ] } },
{ "type": "Feature", "properties": { "fid": 158, "GID_2": "PRY.14.2_1", "GID_0": "PRY", "COUNTRY": "Paraguay", "GID_1": "PRY.14_1", "NAME_1": "Misiones", "NL_NAME_1": "NA", "NAME_2": "San Ignacio", "VARNAME_2": "NA", "NL_NAME_2": "NA", "TYPE_2": "Distrito", "ENGTYPE_2": "District", "CC_2": "NA", "HASC_2": "PY.MI.SI" }, "geometry": { "type": "MultiPolygon", "coordinates": [ [ [ [ -57.431552886999839, -27.04548454299993 ], [ -57.370754240999986, -26.898038863999943 ], [ -57.272422790999883, -26.769254683999975 ], [ -57.263431548999961, -26.777631758999973 ], [ -57.258312224999884, -26.790220259999955 ], [ -57.251735686999837, -26.793802261999872 ], [ -57.24794006399992, -26.799148559999821 ], [ -57.236587523999958, -26.800981520999869 ], [ -57.203704832999904, -26.799114225999915 ], [ -57.181324004999965, -26.78339767499989 ], [ -57.175167083999895, -26.781518935999884 ], [ -57.138397217999909, -26.793163299999947 ], [ -57.115612029999909, -26.784946441999978 ], [ -57.102733611999952, -26.787599563999947 ], [ -57.086082458999897, -26.777435302999947 ], [ -57.077407836999896, -26.765192031999902 ], [ -57.063415526999904, -26.761568068999907 ], [ -57.047527312999932, -26.749355316999981 ], [ -57.042076111999961, -26.735862731999873 ], [ -57.002552031999926, -26.697904585999879 ], [ -56.975238799999886, -26.723566055999925 ], [ -56.983718871999884, -26.730087278999918 ], [ -56.997097013999962, -26.762109756999962 ], [ -56.999214172999984, -26.78462028499996 ], [ -56.991447448999963, -26.795978546999891 ], [ -56.988128661999895, -26.807317732999934 ], [ -56.969165802999953, -26.822538375999954 ], [ -56.951068877999887, -26.82778739999992 ], [ -56.928619384999934, -26.823497770999893 ], [ -56.915359496999884, -26.824827193999965 ], [ -56.908599852999885, -26.844306945999961 ], [ -56.917274475999875, -26.858879088999856 ], [ -56.921028136999951, -26.872104643999819 ], [ -56.920448302999944, -26.879619597999977 ], [ -56.938419341999975, -26.907806396999888 ], [ -56.916969298999959, -26.921798704999958 ], [ -56.921443938999914, -26.925466536999977 ], [ -56.927528381999934, -26.942918776999875 ], [ -56.933403014999897, -26.949176787999932 ], [ -56.946830748999957, -26.958816526999954 ], [ -56.951637268999946, -26.966445921999878 ], [ -56.986362455999938, -26.988428114999977 ], [ -56.98823165899995, -26.992109297999946 ], [ -56.976676939999948, -27.017530440999963 ], [ -56.978172301999962, -27.038274764999983 ], [ -56.970996855999942, -27.048397064999961 ], [ -56.957500458999959, -27.057998656999928 ], [ -56.954566955999951, -27.085441587999981 ], [ -56.951530456999876, -27.093912124999974 ], [ -56.9549140929999, -27.122150420999901 ], [ -56.958648681999932, -27.129236220999928 ], [ -56.963706969999919, -27.153507232999914 ], [ -56.968376160999981, -27.161230086999979 ], [ -57.038360594999972, -27.14728546099991 ], [ -57.122318266999912, -27.101610182999934 ], [ -57.175113677999832, -27.095373153999901 ], [ -57.431552886999839, -27.04548454299993 ] ] ] ] } },
{ "type": "Feature", "properties": { "fid": 159, "GID_2": "PRY.14.3_1", "GID_0": "PRY", "COUNTRY": "Paraguay", "GID_1": "PRY.14_1", "NAME_1": "Misiones", "NL_NAME_1": "NA", "NAME_2": "San Juan Bautista de las Misione", "VARNAME_2": "NA", "NL_NAME_2": "NA", "TYPE_2": "Distrito", "ENGTYPE_2": "District", "CC_2": "NA", "HASC_2": "PY.MI.SJ" }, "geometry": { "type": "MultiPolygon", "coordinates": [ [ [ [ -57.002552031999926, -26.697904585999879 ], [ -57.042076111999961, -26.735862731999873 ], [ -57.047527312999932, -26.749355316999981 ], [ -57.063415526999904, -26.761568068999907 ], [ -57.077407836999896, -26.765192031999902 ], [ -57.086082458999897, -26.777435302999947 ], [ -57.102733611999952, -26.787599563999947 ], [ -57.115612029999909, -26.784946441999978 ], [ -57.138397217999909, -26.793163299999947 ], [ -57.175167083999895, -26.781518935999884 ], [ -57.181324004999965, -26.78339767499989 ], [ -57.203704832999904, -26.799114225999915 ], [ -57.236587523999958, -26.800981520999869 ], [ -57.24794006399992, -26.799148559999821 ], [ -57.251735686999837, -26.793802261999872 ], [ -57.258312224999884, -26.790220259999955 ], [ -57.263431548999961, -26.777631758999973 ], [ -57.272422790999883, -26.769254683999975 ], [ -57.370754240999986, -26.898038863999943 ], [ -57.432609556999978, -27.047428131999879 ], [ -57.643775939999955, -26.774930952999966 ], [ -57.746227264999959, -26.38878250099998 ], [ -57.742847441999913, -26.387584686999901 ], [ -57.734931945999904, -26.39120483399995 ], [ -57.720535278999876, -26.377273558999946 ], [ -57.714458466999872, -26.376806258999977 ], [ -57.713520049999943, -26.379245758999957 ], [ -57.717918395999959, -26.388763426999901 ], [ -57.712150573999963, -26.392908096999918 ], [ -57.704204558999947, -26.393796920999932 ], [ -57.710163115999933, -26.406436919999919 ], [ -57.70810317899992, -26.413148879999881 ], [ -57.700176239999962, -26.415941237999903 ], [ -57.694114685999978, -26.408216475999893 ], [ -57.688758849999942, -26.40645408599994 ], [ -57.684165954999969, -26.421405791999973 ], [ -57.679431914999952, -26.422540664999929 ], [ -57.668666838999911, -26.417989729999931 ], [ -57.664546965999932, -26.418979643999876 ], [ -57.66860580499997, -26.426179885999943 ], [ -57.663040161999959, -26.43482589599995 ], [ -57.67555999699988, -26.445091246999937 ], [ -57.677009581999926, -26.451358794999919 ], [ -57.671871185999919, -26.457403183999929 ], [ -57.654083251999964, -26.455097197999976 ], [ -57.656909942999903, -26.461217879999879 ], [ -57.664638519999983, -26.467428205999909 ], [ -57.662261962999878, -26.474140167999963 ], [ -57.657745361999901, -26.476398468999946 ], [ -57.651615141999855, -26.466989517999934 ], [ -57.639713286999893, -26.466686248999963 ], [ -57.638633728999935, -26.470106123999983 ], [ -57.643455504999906, -26.476617811999972 ], [ -57.641567230999897, -26.485912321999933 ], [ -57.63958740299995, -26.486747740999874 ], [ -57.633541106999985, -26.480247496999937 ], [ -57.621910094999976, -26.48115920999993 ], [ -57.613620758999957, -26.493104933999973 ], [ -57.607528685999966, -26.496431349999966 ], [ -57.608592985999906, -26.509658812999817 ], [ -57.594482421999828, -26.522190093999882 ], [ -57.577018738999925, -26.522466659999964 ], [ -57.566520691999983, -26.514907835999963 ], [ -57.562934875999929, -26.509065626999927 ], [ -57.556636810999919, -26.507341383999915 ], [ -57.548423766999974, -26.51299858099992 ], [ -57.549774169999978, -26.524728773999982 ], [ -57.544933317999948, -26.530769346999818 ], [ -57.536754606999921, -26.525508879999961 ], [ -57.524524688999918, -26.52805709699993 ], [ -57.510116576999906, -26.527345655999966 ], [ -57.509838103999982, -26.530349731999934 ], [ -57.518775939999898, -26.535335540999881 ], [ -57.521591186999956, -26.541183471999943 ], [ -57.503047942999899, -26.540912626999841 ], [ -57.502620697999987, -26.544055938999861 ], [ -57.509140014999957, -26.552194595999936 ], [ -57.507499693999932, -26.55684471099994 ], [ -57.499523162999935, -26.556222914999978 ], [ -57.492179870999962, -26.541812896999886 ], [ -57.488639831999876, -26.540332794999983 ], [ -57.488113402999943, -26.548934935999966 ], [ -57.472484587999986, -26.549186706999933 ], [ -57.474872589999961, -26.558446883999977 ], [ -57.472473144999924, -26.563926695999953 ], [ -57.457706450999922, -26.558298110999829 ], [ -57.450061797999979, -26.560125349999907 ], [ -57.451068876999955, -26.569263457999909 ], [ -57.431690215999936, -26.578268049999963 ], [ -57.431732177999947, -26.582773208999924 ], [ -57.43923187199988, -26.59800529499995 ], [ -57.436042784999984, -26.601306914999896 ], [ -57.418640136999898, -26.592689512999925 ], [ -57.414226532999919, -26.596130371999948 ], [ -57.413394928999878, -26.605554580999978 ], [ -57.409873961999949, -26.606260298999928 ], [ -57.403366088999917, -26.598661422999953 ], [ -57.387401580999892, -26.596443176999912 ], [ -57.384307860999968, -26.593326567999952 ], [ -57.382545470999901, -26.584741592999933 ], [ -57.378841399999942, -26.58189773499987 ], [ -57.374870300999987, -26.583560942999952 ], [ -57.380508422999867, -26.596899032999943 ], [ -57.380397795999954, -26.601676941999983 ], [ -57.373680114999956, -26.604997634999904 ], [ -57.375297545999899, -26.596937179999941 ], [ -57.372371673999965, -26.595590591999951 ], [ -57.36966323799993, -26.601610183999924 ], [ -57.365356445999851, -26.599727630999951 ], [ -57.362396239999953, -26.594423293999853 ], [ -57.362445831999878, -26.582414626999935 ], [ -57.35951614399994, -26.580797195999878 ], [ -57.352336882999964, -26.601039886999899 ], [ -57.349426268999935, -26.602010726999936 ], [ -57.346454619999975, -26.59520721399997 ], [ -57.338905333999833, -26.59020614699989 ], [ -57.337299345999895, -26.582164764999959 ], [ -57.33332061699997, -26.582733153999982 ], [ -57.335247039999899, -26.593095779999942 ], [ -57.324180603999821, -26.589748382999915 ], [ -57.324092864999841, -26.579107283999917 ], [ -57.320667266999976, -26.572984694999946 ], [ -57.31499862599992, -26.573289871999975 ], [ -57.31275558599998, -26.579994200999977 ], [ -57.297599792999904, -26.582267759999979 ], [ -57.294517515999985, -26.580099105999921 ], [ -57.299354552999944, -26.57201766999998 ], [ -57.295047760999978, -26.570135115999904 ], [ -57.284130096999888, -26.584390639999924 ], [ -57.281139373999963, -26.574716567999928 ], [ -57.271350860999917, -26.577644347999865 ], [ -57.265510558999949, -26.575492857999905 ], [ -57.265644072999976, -26.572759626999982 ], [ -57.274074552999934, -26.572849273999964 ], [ -57.276805877999891, -26.56942176799987 ], [ -57.2747879019999, -26.566158294999923 ], [ -57.270179747999919, -26.565090179999856 ], [ -57.261821746999829, -26.554903029999934 ], [ -57.241168975999869, -26.559385299999974 ], [ -57.219078063999916, -26.556369780999944 ], [ -57.213680267999962, -26.551895141999921 ], [ -57.212699889999953, -26.543710707999878 ], [ -57.20760345399998, -26.53800392099987 ], [ -57.193935394999983, -26.534118650999915 ], [ -57.182201385999974, -26.521350859999927 ], [ -57.17484664899996, -26.521522520999895 ], [ -57.169441222999978, -26.51540756199995 ], [ -57.16348648099995, -26.517757414999949 ], [ -57.155498503999922, -26.514795302999971 ], [ -57.140037536999898, -26.516778945999874 ], [ -57.129291533999947, -26.513420103999977 ], [ -57.117359161999957, -26.517528533999837 ], [ -57.094879150999986, -26.569812773999956 ], [ -57.086009977999936, -26.573127746999887 ], [ -57.086086273999967, -26.585546492999981 ], [ -57.063144683999951, -26.693191527999943 ], [ -57.032638549999888, -26.697414397999921 ], [ -57.002552031999926, -26.697904585999879 ] ] ] ] } },
{ "type": "Feature", "properties": { "fid": 160, "GID_2": "PRY.14.4_1", "GID_0": "PRY", "COUNTRY": "Paraguay", "GID_1": "PRY.14_1", "NAME_1": "Misiones", "NL_NAME_1": "NA", "NAME_2": "San Miguel", "VARNAME_2": "NA", "NL_NAME_2": "NA", "TYPE_2": "Distrito", "ENGTYPE_2": "District", "CC_2": "NA", "HASC_2": "PY.MI.SG" }, "geometry": { "type": "MultiPolygon", "coordinates": [ [ [ [ -56.842414855999948, -26.52641486999994 ], [ -56.835063933999947, -26.52720641999997 ], [ -56.833572386999947, -26.536626815999966 ], [ -56.829433439999946, -26.536499022999976 ], [ -56.826045988999965, -26.532007216999943 ], [ -56.822677610999904, -26.533103942999958 ], [ -56.820869445999961, -26.539934158999984 ], [ -56.806686401999968, -26.557439803999955 ], [ -56.810371398999962, -26.55920410199991 ], [ -56.815876006999986, -26.55577659599993 ], [ -56.817718505999835, -26.557001112999956 ], [ -56.821464538999976, -26.573232650999955 ], [ -56.813995361999957, -26.583761214999981 ], [ -56.813541412999882, -26.591335296999944 ], [ -56.820018768999887, -26.595073699999944 ], [ -56.82188034099994, -26.600940704999971 ], [ -56.82941436699997, -26.605970382999942 ], [ -56.809082030999946, -26.620489120999935 ], [ -56.805126190999943, -26.628141401999926 ], [ -56.808063505999883, -26.634687423999935 ], [ -56.814525603999982, -26.640127180999968 ], [ -56.829429626999968, -26.646778105999886 ], [ -56.870738982999967, -26.658262252999975 ], [ -56.89112472599993, -26.655748367999934 ], [ -56.904140472999984, -26.65106773399998 ], [ -56.938964842999894, -26.652725218999876 ], [ -56.961406706999924, -26.662336348999929 ], [ -56.981842041999926, -26.667451858999982 ], [ -57.002552031999926, -26.697904585999879 ], [ -57.013774870999896, -26.69885635299994 ], [ -57.063144683999951, -26.693191527999943 ], [ -57.086086273999967, -26.585546492999981 ], [ -57.086009977999936, -26.573127746999887 ], [ -57.094879150999986, -26.569812773999956 ], [ -57.115718842999968, -26.522764205999977 ], [ -57.119590758999948, -26.505550384999879 ], [ -57.097621916999969, -26.495960235999974 ], [ -57.091354370999909, -26.498447416999966 ], [ -57.074779509999928, -26.492921827999908 ], [ -57.038021086999947, -26.493627548999882 ], [ -57.032886505999898, -26.479862213999922 ], [ -57.009193420999907, -26.460708618999945 ], [ -57.008178710999971, -26.443515777999892 ], [ -56.999713896999936, -26.435907363999888 ], [ -57.003170013999977, -26.424562454999943 ], [ -56.994831084999873, -26.411491394999871 ], [ -56.991210937999938, -26.420921324999938 ], [ -56.980354309999939, -26.422874450999814 ], [ -56.971218108999949, -26.431644438999967 ], [ -56.960186004999912, -26.429773330999978 ], [ -56.962665557999912, -26.435359953999921 ], [ -56.954113006999876, -26.439895628999921 ], [ -56.954143523999903, -26.445629119999978 ], [ -56.962978362999934, -26.465658187999907 ], [ -56.961013793999939, -26.470989227999951 ], [ -56.950614928999983, -26.47375488299997 ], [ -56.947349547999977, -26.464080808999881 ], [ -56.934482574999947, -26.462892530999966 ], [ -56.926631926999903, -26.455003738999949 ], [ -56.914360046999889, -26.44971847599993 ], [ -56.908542631999978, -26.450283049999825 ], [ -56.902759550999917, -26.457126617999961 ], [ -56.900646209999934, -26.464090346999967 ], [ -56.878658293999933, -26.478219986999932 ], [ -56.879283905999898, -26.481357573999844 ], [ -56.892604827999946, -26.47940444999989 ], [ -56.897987364999949, -26.484714507999968 ], [ -56.89601135199996, -26.487995146999879 ], [ -56.888496397999972, -26.486518859999933 ], [ -56.885150908999947, -26.491165160999969 ], [ -56.877334594999979, -26.490371703999983 ], [ -56.873668670999962, -26.492292403999897 ], [ -56.875671386999954, -26.49501609899994 ], [ -56.883178710999914, -26.495536802999936 ], [ -56.88487625099998, -26.498128889999975 ], [ -56.880035400999986, -26.51151466399989 ], [ -56.87024688799994, -26.514686582999957 ], [ -56.863544463999858, -26.523712157999967 ], [ -56.855751037999937, -26.528240202999882 ], [ -56.846263885999917, -26.530586242999959 ], [ -56.842414855999948, -26.52641486999994 ] ] ] ] } },
{ "type": "Feature", "properties": { "fid": 161, "GID_2": "PRY.14.5_1", "GID_0": "PRY", "COUNTRY": "Paraguay", "GID_1": "PRY.14_1", "NAME_1": "Misiones", "NL_NAME_1": "NA", "NAME_2": "San Patricio", "VARNAME_2": "NA", "NL_NAME_2": "NA", "TYPE_2": "Distrito", "ENGTYPE_2": "District", "CC_2": "NA", "HASC_2": "PY.MI.SP" }, "geometry": { "type": "MultiPolygon", "coordinates": [ [ [ [ -56.892097473999968, -27.038000106999959 ], [ -56.8908195489999, -27.017820356999891 ], [ -56.863800047999973, -26.997156143999973 ], [ -56.858661651999967, -26.982704161999948 ], [ -56.853092193999942, -26.975894927999946 ], [ -56.836284637999881, -26.965980529999911 ], [ -56.83376693799994, -26.952884673999961 ], [ -56.840354918999878, -26.946315765999941 ], [ -56.840789794999978, -26.939901350999946 ], [ -56.833820342999843, -26.927366255999914 ], [ -56.821071625999878, -26.931900023999958 ], [ -56.796791075999977, -26.934688568999945 ], [ -56.778976440999827, -26.940601348999962 ], [ -56.773456573999965, -26.945116042999928 ], [ -56.781188964999842, -26.956699370999843 ], [ -56.78369903499987, -26.969661712999937 ], [ -56.793296813999973, -26.986558914999875 ], [ -56.79550170999994, -26.998971938999944 ], [ -56.794155121999836, -27.009759901999928 ], [ -56.796638487999871, -27.015214919999892 ], [ -56.813831328999981, -27.004934310999943 ], [ -56.824596405999955, -27.003679274999968 ], [ -56.840030668999873, -27.015508650999948 ], [ -56.84746932999991, -27.028455732999873 ], [ -56.869056701999966, -27.037948607999965 ], [ -56.875064850999934, -27.038749694999922 ], [ -56.881824492999954, -27.035865782999963 ], [ -56.892097473999968, -27.038000106999959 ] ] ] ] } },
{ "type": "Feature", "properties": { "fid": 162, "GID_2": "PRY.14.6_1", "GID_0": "PRY", "COUNTRY": "Paraguay", "GID_1": "PRY.14_1", "NAME_1": "Misiones", "NL_NAME_1": "NA", "NAME_2": "Santa María", "VARNAME_2": "NA", "NL_NAME_2": "NA", "TYPE_2": "Distrito", "ENGTYPE_2": "District", "CC_2": "NA", "HASC_2": "PY.MI.SM" }, "geometry": { "type": "MultiPolygon", "coordinates": [ [ [ [ -56.813541412999882, -26.591335296999944 ], [ -56.809181213999977, -26.606977462999964 ], [ -56.798599242999899, -26.606046676999938 ], [ -56.791721342999892, -26.611387251999929 ], [ -56.778522491999922, -26.607734680999897 ], [ -56.767185210999969, -26.610212326999886 ], [ -56.765354156999877, -26.612812040999984 ], [ -56.769191741999975, -26.614305495999929 ], [ -56.771972654999956, -26.619892119999861 ], [ -56.770606993999934, -26.623991011999976 ], [ -56.766139983999892, -26.626668929999937 ], [ -56.772899627999891, -26.663974760999963 ], [ -56.781558989999894, -26.682788847999916 ], [ -56.787174224999887, -26.707071302999907 ], [ -56.819774627999948, -26.762403487999848 ], [ -56.832092284999931, -26.807680129999881 ], [ -56.850444794999987, -26.825370788999976 ], [ -56.896545409999931, -26.829332351999938 ], [ -56.923706054999855, -26.823236463999876 ], [ -56.951068877999887, -26.82778739999992 ], [ -56.969165802999953, -26.822538375999954 ], [ -56.988128661999895, -26.807317732999934 ], [ -56.991447448999963, -26.795978546999891 ], [ -56.999214172999984, -26.78462028499996 ], [ -56.996784209999987, -26.76129341099994 ], [ -56.983718871999884, -26.730087278999918 ], [ -56.975238799999886, -26.723566055999925 ], [ -57.002552031999926, -26.697904585999879 ], [ -56.996986388999858, -26.687999724999884 ], [ -56.989429474999952, -26.680658339999979 ], [ -56.981842041999926, -26.667451858999982 ], [ -56.961406706999924, -26.662336348999929 ], [ -56.938964842999894, -26.652725218999876 ], [ -56.904140472999984, -26.65106773399998 ], [ -56.89112472599993, -26.655748367999934 ], [ -56.870738982999967, -26.658262252999975 ], [ -56.829429626999968, -26.646778105999886 ], [ -56.815757751999968, -26.64080619799995 ], [ -56.805908202999888, -26.632232665999936 ], [ -56.80557632499989, -26.625820159999876 ], [ -56.813510893999933, -26.615835189999927 ], [ -56.82941436699997, -26.605970382999942 ], [ -56.82188034099994, -26.600940704999971 ], [ -56.820018768999887, -26.595073699999944 ], [ -56.813541412999882, -26.591335296999944 ] ] ] ] } },
{ "type": "Feature", "properties": { "fid": 163, "GID_2": "PRY.14.7_1", "GID_0": "PRY", "COUNTRY": "Paraguay", "GID_1": "PRY.14_1", "NAME_1": "Misiones", "NL_NAME_1": "NA", "NAME_2": "Santa Rosa", "VARNAME_2": "NA", "NL_NAME_2": "NA", "TYPE_2": "Distrito", "ENGTYPE_2": "District", "CC_2": "NA", "HASC_2": "PY.MI.SM" }, "geometry": { "type": "MultiPolygon", "coordinates": [ [ [ [ -56.766139983999892, -26.626668929999937 ], [ -56.761554716999967, -26.622373581999909 ], [ -56.752510070999961, -26.62321090599994 ], [ -56.748340606999932, -26.614213943999971 ], [ -56.742813110999919, -26.611768721999965 ], [ -56.736850738999976, -26.616554258999884 ], [ -56.726730346999886, -26.617122650999931 ], [ -56.730136871999946, -26.628036498999961 ], [ -56.715419769999926, -26.629289625999888 ], [ -56.710697173999961, -26.63899040299998 ], [ -56.699493408999956, -26.635459899999887 ], [ -56.685676573999956, -26.642267226999934 ], [ -56.676811217999955, -26.640680311999915 ], [ -56.669460295999954, -26.644105909999951 ], [ -56.660610198999905, -26.661178587999871 ], [ -56.655086517999962, -26.660503387999881 ], [ -56.656745910999916, -26.650400161999983 ], [ -56.636207580999951, -26.655891417999953 ], [ -56.638538359999984, -26.668031690999896 ], [ -56.647289274999878, -26.670202254999822 ], [ -56.653766630999883, -26.683570861999897 ], [ -56.650875090999932, -26.693399429999886 ], [ -56.655517577999888, -26.708272933999979 ], [ -56.661502837999876, -26.709081649999916 ], [ -56.647357940999882, -26.917921065999963 ], [ -56.649925230999941, -26.921455383999898 ], [ -56.664230345999954, -26.924707411999918 ], [ -56.707645415999878, -26.944564818999822 ], [ -56.720726013999865, -26.948091506999958 ], [ -56.730411529999913, -26.947662353999874 ], [ -56.740425108999943, -26.953510283999947 ], [ -56.747810362999871, -26.954177856999934 ], [ -56.75549697799994, -26.953754424999886 ], [ -56.76931762799984, -26.948400496999909 ], [ -56.778976440999827, -26.940601348999962 ], [ -56.796791075999977, -26.934688568999945 ], [ -56.821071625999878, -26.931900023999958 ], [ -56.833820342999843, -26.927366255999914 ], [ -56.840789794999978, -26.939901350999946 ], [ -56.840354918999878, -26.946315765999941 ], [ -56.83376693799994, -26.952884673999961 ], [ -56.836284637999881, -26.965980529999911 ], [ -56.853092193999942, -26.975894927999946 ], [ -56.858661651999967, -26.982704161999948 ], [ -56.863800047999973, -26.997156143999973 ], [ -56.891906737999818, -27.020278929999847 ], [ -56.892471313999977, -27.041837691999888 ], [ -56.897483825999927, -27.060653686999956 ], [ -56.903858184999876, -27.07332420299997 ], [ -56.904586791999918, -27.097480774999951 ], [ -56.916976929999976, -27.111631392999982 ], [ -56.917217253999979, -27.129510878999895 ], [ -56.923320769999862, -27.149141310999937 ], [ -56.922729491999974, -27.153783797999893 ], [ -56.917671202999941, -27.159395217999929 ], [ -56.951736450999874, -27.162557601999936 ], [ -56.968376160999981, -27.161230086999979 ], [ -56.963706969999919, -27.153507232999914 ], [ -56.958648681999932, -27.129236220999928 ], [ -56.9549140929999, -27.122150420999901 ], [ -56.951530456999876, -27.093912124999974 ], [ -56.954566955999951, -27.085441587999981 ], [ -56.957500458999959, -27.057998656999928 ], [ -56.970996855999942, -27.048397064999961 ], [ -56.978172301999962, -27.038274764999983 ], [ -56.976676939999948, -27.017530440999963 ], [ -56.98823165899995, -26.992109297999946 ], [ -56.986362455999938, -26.988428114999977 ], [ -56.951637268999946, -26.966445921999878 ], [ -56.946830748999957, -26.958816526999954 ], [ -56.933403014999897, -26.949176787999932 ], [ -56.927528381999934, -26.942918776999875 ], [ -56.921443938999914, -26.925466536999977 ], [ -56.916969298999959, -26.921798704999958 ], [ -56.938419341999975, -26.907806396999888 ], [ -56.920448302999944, -26.879619597999977 ], [ -56.921028136999951, -26.872104643999819 ], [ -56.917274475999875, -26.858879088999856 ], [ -56.908599852999885, -26.844306945999961 ], [ -56.915359496999884, -26.824827193999965 ], [ -56.896545409999931, -26.829332351999938 ], [ -56.850444794999987, -26.825370788999976 ], [ -56.832092284999931, -26.807680129999881 ], [ -56.819774627999948, -26.762403487999848 ], [ -56.787174224999887, -26.707071302999907 ], [ -56.781558989999894, -26.682788847999916 ], [ -56.772899627999891, -26.663974760999963 ], [ -56.766139983999892, -26.626668929999937 ] ] ] ] } },
{ "type": "Feature", "properties": { "fid": 164, "GID_2": "PRY.14.8_1", "GID_0": "PRY", "COUNTRY": "Paraguay", "GID_1": "PRY.14_1", "NAME_1": "Misiones", "NL_NAME_1": "NA", "NAME_2": "Santiago", "VARNAME_2": "NA", "NL_NAME_2": "NA", "TYPE_2": "Distrito", "ENGTYPE_2": "District", "CC_2": "NA", "HASC_2": "PY.MI.SA" }, "geometry": { "type": "MultiPolygon", "coordinates": [ [ [ [ -56.647357940999882, -26.917921065999963 ], [ -56.634132385999919, -27.133274076999953 ], [ -56.638004302999832, -27.142278670999929 ], [ -56.638484954999967, -27.15046119699997 ], [ -56.656074523999962, -27.161085127999968 ], [ -56.660865783999952, -27.166948317999982 ], [ -56.663669584999923, -27.178272247999871 ], [ -56.669078825999918, -27.184541701999933 ], [ -56.687427520999961, -27.189018248999957 ], [ -56.688209532999906, -27.192157745999907 ], [ -56.695468902999949, -27.198009490999937 ], [ -56.690242767999905, -27.203477858999975 ], [ -56.690414427999883, -27.209758758999953 ], [ -56.694278716999975, -27.213298796999936 ], [ -56.704296110999962, -27.21300506599988 ], [ -56.709560394999983, -27.220508574999883 ], [ -56.709259033999899, -27.222688674999972 ], [ -56.698028564999902, -27.229806899999915 ], [ -56.697441099999878, -27.239496229999929 ], [ -56.693302153999923, -27.248781204999887 ], [ -56.698417662999987, -27.257366179999963 ], [ -56.671791075999977, -27.275701522999952 ], [ -56.673046111999895, -27.283199309999929 ], [ -56.668109892999951, -27.283752440999933 ], [ -56.66796874899984, -27.288122175999888 ], [ -56.674457549999886, -27.291521071999853 ], [ -56.675254822999875, -27.300802229999931 ], [ -56.673412323999912, -27.305038450999973 ], [ -56.961669921999942, -27.270179747999919 ], [ -56.975101470999903, -27.238079070999902 ], [ -56.985084533999895, -27.231220243999871 ], [ -56.983341216999975, -27.22221755999982 ], [ -56.976795195999898, -27.209550856999897 ], [ -56.973941803999878, -27.194959639999922 ], [ -56.973827361999895, -27.17325973599992 ], [ -56.966350555999895, -27.161460875999978 ], [ -56.951736450999874, -27.162557601999936 ], [ -56.917671202999941, -27.159395217999929 ], [ -56.922729491999974, -27.153783797999893 ], [ -56.923320769999862, -27.149141310999937 ], [ -56.917217253999979, -27.129510878999895 ], [ -56.916976929999976, -27.111631392999982 ], [ -56.904586791999918, -27.097480774999951 ], [ -56.903068542999904, -27.069236755999896 ], [ -56.896236419999923, -27.057106017999956 ], [ -56.892097473999968, -27.038000106999959 ], [ -56.881824492999954, -27.035865782999963 ], [ -56.875064850999934, -27.038749694999922 ], [ -56.869056701999966, -27.037948607999965 ], [ -56.84746932999991, -27.028455732999873 ], [ -56.840030668999873, -27.015508650999948 ], [ -56.824596405999955, -27.003679274999968 ], [ -56.813831328999981, -27.004934310999943 ], [ -56.796638487999871, -27.015214919999892 ], [ -56.794155121999836, -27.009759901999928 ], [ -56.79550170999994, -26.998971938999944 ], [ -56.793296813999973, -26.986558914999875 ], [ -56.78369903499987, -26.969661712999937 ], [ -56.781188964999842, -26.956699370999843 ], [ -56.773456573999965, -26.945116042999928 ], [ -56.75549697799994, -26.953754424999886 ], [ -56.740425108999943, -26.953510283999947 ], [ -56.730411529999913, -26.947662353999874 ], [ -56.720726013999865, -26.948091506999958 ], [ -56.698101043999941, -26.941032408999945 ], [ -56.664230345999954, -26.924707411999918 ], [ -56.649925230999941, -26.921455383999898 ], [ -56.647357940999882, -26.917921065999963 ] ] ] ] } },
{ "type": "Feature", "properties": { "fid": 165, "GID_2": "PRY.14.9_1", "GID_0": "PRY", "COUNTRY": "Paraguay", "GID_1": "PRY.14_1", "NAME_1": "Misiones", "NL_NAME_1": "NA", "NAME_2": "Villa Florida", "VARNAME_2": "NA", "NL_NAME_2": "NA", "TYPE_2": "Distrito", "ENGTYPE_2": "District", "CC_2": "NA", "HASC_2": "PY.MI.VF" }, "geometry": { "type": "MultiPolygon", "coordinates": [ [ [ [ -57.117359161999957, -26.517528533999837 ], [ -57.129291533999947, -26.513420103999977 ], [ -57.140037536999898, -26.516778945999874 ], [ -57.155498503999922, -26.514795302999971 ], [ -57.16348648099995, -26.517757414999949 ], [ -57.169441222999978, -26.51540756199995 ], [ -57.17484664899996, -26.521522520999895 ], [ -57.182201385999974, -26.521350859999927 ], [ -57.193935394999983, -26.534118650999915 ], [ -57.20760345399998, -26.53800392099987 ], [ -57.212699889999953, -26.543710707999878 ], [ -57.213680267999962, -26.551895141999921 ], [ -57.219078063999916, -26.556369780999944 ], [ -57.241168975999869, -26.559385299999974 ], [ -57.257381438999971, -26.555200576999937 ], [ -57.249340056999927, -26.545692443999883 ], [ -57.253585815999884, -26.540210723999849 ], [ -57.253856657999904, -26.535703657999875 ], [ -57.245685577999893, -26.529197692999901 ], [ -57.23867416399986, -26.533607481999979 ], [ -57.233730314999889, -26.528446197999983 ], [ -57.235538481999924, -26.524478911999893 ], [ -57.245014190999939, -26.521425245999922 ], [ -57.252990722999925, -26.523017882999966 ], [ -57.258026123999912, -26.520395277999967 ], [ -57.257808685999976, -26.511934278999888 ], [ -57.251556395999899, -26.515792846999943 ], [ -57.245277403999978, -26.515825270999926 ], [ -57.236595153999986, -26.502359389999981 ], [ -57.243621825999867, -26.499998091999942 ], [ -57.250747679999961, -26.490543363999961 ], [ -57.252708434999931, -26.486440658999868 ], [ -57.251422881999986, -26.479074476999926 ], [ -57.246364593999942, -26.478286742999956 ], [ -57.242771148999907, -26.489091873999939 ], [ -57.234577179999974, -26.478893280999955 ], [ -57.23168563899992, -26.481233595999981 ], [ -57.229904175999934, -26.488748549999968 ], [ -57.222553253999877, -26.488788604999968 ], [ -57.220535278999876, -26.485252380999952 ], [ -57.22766113299997, -26.475797652999972 ], [ -57.228969573999962, -26.466506957999968 ], [ -57.223140716999978, -26.465038298999957 ], [ -57.215568541999971, -26.476541517999976 ], [ -57.211894988999973, -26.476699827999937 ], [ -57.210182188999909, -26.473022460999971 ], [ -57.212245940999935, -26.461957931999905 ], [ -57.210376738999912, -26.457870482999851 ], [ -57.19581222599993, -26.455493926999964 ], [ -57.189662932999966, -26.451841352999963 ], [ -57.190044402999945, -26.441053389999979 ], [ -57.182468412999981, -26.430856704999883 ], [ -57.183773041999984, -26.420751570999926 ], [ -57.172458648999964, -26.400747298999875 ], [ -57.163696288999972, -26.395055769999885 ], [ -57.148418426999967, -26.399225234999903 ], [ -57.139659881999933, -26.394083021999961 ], [ -57.13000488199998, -26.391946791999942 ], [ -57.127067566999983, -26.387592314999893 ], [ -57.131916046999947, -26.380199430999824 ], [ -57.122207641999921, -26.370006560999968 ], [ -57.117923735999966, -26.369752883999922 ], [ -57.114273071999946, -26.373317718999942 ], [ -57.107551574999889, -26.374578474999964 ], [ -57.095340727999883, -26.364713667999979 ], [ -57.083309173999965, -26.364313123999978 ], [ -57.082416534999879, -26.367866515999822 ], [ -57.071266174999948, -26.370920180999974 ], [ -57.06280136099997, -26.388563155999861 ], [ -57.045528410999964, -26.391639709999936 ], [ -57.042079924999939, -26.403390884999965 ], [ -57.022209167999847, -26.407840728999815 ], [ -57.004261016999919, -26.400949477999916 ], [ -56.999229431999822, -26.403970717999982 ], [ -56.994831084999873, -26.411491394999871 ], [ -57.003170013999977, -26.424562454999943 ], [ -56.999713896999936, -26.435907363999888 ], [ -57.008178710999971, -26.443515777999892 ], [ -57.009193420999907, -26.460708618999945 ], [ -57.032886505999898, -26.479862213999922 ], [ -57.038021086999947, -26.493627548999882 ], [ -57.068954468999891, -26.492538452999895 ], [ -57.091354370999909, -26.498447416999966 ], [ -57.100536345999899, -26.496494292999841 ], [ -57.119590758999948, -26.505550384999879 ], [ -57.117359161999957, -26.517528533999837 ] ] ] ] } },
{ "type": "Feature", "properties": { "fid": 166, "GID_2": "PRY.14.10_1", "GID_0": "PRY", "COUNTRY": "Paraguay", "GID_1": "PRY.14_1", "NAME_1": "Misiones", "NL_NAME_1": "NA", "NAME_2": "Yabebyry", "VARNAME_2": "NA", "NL_NAME_2": "NA", "TYPE_2": "Distrito", "ENGTYPE_2": "District", "CC_2": "NA", "HASC_2": "PY.MI.YA" }, "geometry": { "type": "MultiPolygon", "coordinates": [ [ [ [ -56.961669921999942, -27.270179747999919 ], [ -56.965183258999957, -27.273342132999915 ], [ -56.981204986999899, -27.270280836999973 ], [ -57.015453338999976, -27.272607803999904 ], [ -57.025512695999964, -27.27843856699991 ], [ -57.031566619999865, -27.285102843999937 ], [ -57.043933868999943, -27.290370940999878 ], [ -57.063396453999928, -27.294933319999927 ], [ -57.077255247999972, -27.290777204999927 ], [ -57.086566923999953, -27.300153731999956 ], [ -57.085395811999945, -27.309986114999901 ], [ -57.089004515999932, -27.319246291999946 ], [ -57.10299682699997, -27.335561750999943 ], [ -57.119121551999854, -27.347087858999885 ], [ -57.144771576999915, -27.35188102599983 ], [ -57.158496856999932, -27.372419357999888 ], [ -57.175342558999944, -27.375339507999854 ], [ -57.192726135999862, -27.367334364999977 ], [ -57.205993652999894, -27.366447447999974 ], [ -57.217658996999944, -27.377847669999881 ], [ -57.226028441999972, -27.382442472999912 ], [ -57.245811461999949, -27.38533782899998 ], [ -57.293441772999927, -27.382137298999908 ], [ -57.331165312999985, -27.385269164999954 ], [ -57.328022003999934, -27.380422590999956 ], [ -57.327331543999946, -27.373098372999948 ], [ -57.331630707999921, -27.365966795999896 ], [ -57.377365112999939, -27.34757232599992 ], [ -57.395015715999932, -27.344596861999946 ], [ -57.394886016999919, -27.341350554999906 ], [ -57.408687590999932, -27.324539184999935 ], [ -57.408306120999896, -27.304449080999973 ], [ -57.411796568999875, -27.300886153999954 ], [ -57.405223845999956, -27.285705564999887 ], [ -57.405761718999884, -27.237489699999912 ], [ -57.23331069999989, -27.206754684999908 ], [ -57.175113677999832, -27.095373153999901 ], [ -57.120784759999879, -27.102025984999955 ], [ -57.037284849999935, -27.147701262999874 ], [ -56.966350555999895, -27.161460875999978 ], [ -56.973827361999895, -27.17325973599992 ], [ -56.973941803999878, -27.194959639999922 ], [ -56.976795195999898, -27.209550856999897 ], [ -56.983341216999975, -27.22221755999982 ], [ -56.985084533999895, -27.231220243999871 ], [ -56.975101470999903, -27.238079070999902 ], [ -56.961669921999942, -27.270179747999919 ] ] ] ] } },
{ "type": "Feature", "properties": { "fid": 167, "GID_2": "PRY.15.1_1", "GID_0": "PRY", "COUNTRY": "Paraguay", "GID_1": "PRY.15_1", "NAME_1": "Ñeembucú", "NL_NAME_1": "NA", "NAME_2": "Alberdi", "VARNAME_2": "NA", "NL_NAME_2": "NA", "TYPE_2": "Distrito", "ENGTYPE_2": "District", "CC_2": "NA", "HASC_2": "PY.NE.AL" }, "geometry": { "type": "MultiPolygon", "coordinates": [ [ [ [ -58.113880157999915, -26.210296629999903 ], [ -58.126266478999923, -26.201398849999919 ], [ -58.145263671999942, -26.192699431999984 ], [ -58.156486511999958, -26.183132171999944 ], [ -58.1554794299999, -26.180549620999955 ], [ -58.141189574999828, -26.179002760999936 ], [ -58.11674499499992, -26.182043075999957 ], [ -58.112472534999824, -26.178888319999885 ], [ -58.110946655999953, -26.17102432199988 ], [ -58.115875243999881, -26.160255431999815 ], [ -58.115341186999956, -26.153213499999879 ], [ -58.102596281999979, -26.132642745999874 ], [ -58.077690124999947, -26.115184782999847 ], [ -58.073589324999944, -26.11757659999995 ], [ -58.075130462999937, -26.118961334999938 ], [ -58.029987334999987, -26.146472930999948 ], [ -58.025417327999946, -26.148519514999919 ], [ -58.020107268999823, -26.145799636999925 ], [ -58.016113281999935, -26.146482466999942 ], [ -57.990100860999974, -26.163757323999903 ], [ -57.995693207999864, -26.164325712999982 ], [ -58.01744460999987, -26.18781471099993 ], [ -58.016475676999903, -26.191558836999945 ], [ -58.005031584999983, -26.199567793999847 ], [ -58.010898589999954, -26.205696105999948 ], [ -58.013835907999976, -26.228342054999871 ], [ -58.020641326999964, -26.237192154999946 ], [ -58.034160612999983, -26.233779906999928 ], [ -58.053810118999877, -26.219459533999895 ], [ -58.067722319999973, -26.212640761999978 ], [ -58.102928161999955, -26.207599639999955 ], [ -58.099781034999978, -26.209709166999971 ], [ -58.113880157999915, -26.210296629999903 ] ] ] ] } },
{ "type": "Feature", "properties": { "fid": 168, "GID_2": "PRY.15.2_1", "GID_0": "PRY", "COUNTRY": "Paraguay", "GID_1": "PRY.15_1", "NAME_1": "Ñeembucú", "NL_NAME_1": "NA", "NAME_2": "Cerrito", "VARNAME_2": "NA", "NL_NAME_2": "NA", "TYPE_2": "Distrito", "ENGTYPE_2": "District", "CC_2": "NA", "HASC_2": "PY.NE.CE" }, "geometry": { "type": "MultiPolygon", "coordinates": [ [ [ [ -57.370044707999966, -27.415540693999958 ], [ -57.38664245599989, -27.416694640999879 ], [ -57.453418731999875, -27.42943954499998 ], [ -57.492740631999936, -27.440534591999949 ], [ -57.510852813999975, -27.438997267999923 ], [ -57.545566557999848, -27.430343627999889 ], [ -57.555366516999982, -27.425237655999922 ], [ -57.569004057999905, -27.410865782999963 ], [ -57.599933624999949, -27.395603179999966 ], [ -57.715686798999968, -27.327493667999931 ], [ -57.733566284999881, -27.3250026689999 ], [ -57.779170988999908, -27.333740233999947 ], [ -57.801391600999921, -27.33187484799987 ], [ -57.809803008999893, -27.328304290999938 ], [ -57.852054596999949, -27.296432494999976 ], [ -57.861202239999841, -27.293594359999872 ], [ -57.851699829999916, -27.258743285999856 ], [ -57.853473662999932, -27.25807380699996 ], [ -57.838798522999866, -27.231422423999902 ], [ -57.832305908999899, -27.225801467999872 ], [ -57.820240020999904, -27.222898481999948 ], [ -57.797790526999961, -27.223562239999978 ], [ -57.788513183999896, -27.212726592999957 ], [ -57.745578764999948, -27.210130690999904 ], [ -57.742378234999876, -27.218231200999924 ], [ -57.727760314999841, -27.223663329999965 ], [ -57.71663665899996, -27.223476408999886 ], [ -57.687049864999949, -27.229391097999951 ], [ -57.613773345999903, -27.251731872999983 ], [ -57.406352996999942, -27.267997741999977 ], [ -57.405765533999954, -27.289455412999928 ], [ -57.411827087999939, -27.297649381999918 ], [ -57.408306120999896, -27.304449080999973 ], [ -57.408687590999932, -27.324539184999935 ], [ -57.394886016999919, -27.341350554999906 ], [ -57.397666931999879, -27.348461150999924 ], [ -57.370044707999966, -27.415540693999958 ] ] ] ] } },
{ "type": "Feature", "properties": { "fid": 169, "GID_2": "PRY.15.3_1", "GID_0": "PRY", "COUNTRY": "Paraguay", "GID_1": "PRY.15_1", "NAME_1": "Ñeembucú", "NL_NAME_1": "NA", "NAME_2": "Desmochados", "VARNAME_2": "NA", "NL_NAME_2": "NA", "TYPE_2": "Distrito", "ENGTYPE_2": "District", "CC_2": "NA", "HASC_2": "PY.NE.DE" }, "geometry": { "type": "MultiPolygon", "coordinates": [ [ [ [ -58.25162506099997, -27.111721038999917 ], [ -58.252696990999937, -27.105201721999833 ], [ -58.263462066999978, -27.08883285499985 ], [ -58.276931763999983, -27.060197829999879 ], [ -58.26105499199997, -27.050188063999883 ], [ -58.256282805999888, -27.042030333999946 ], [ -58.244796752999889, -27.040355682999916 ], [ -58.237133025999867, -27.043096541999944 ], [ -58.227939605999836, -27.042774200999929 ], [ -58.097740173999966, -26.99982261599996 ], [ -58.087135314999955, -27.000627516999941 ], [ -58.076194762999876, -27.008300780999889 ], [ -58.061859130999892, -27.002700805999893 ], [ -58.046695709999938, -27.011396407999939 ], [ -58.021610259999932, -27.012098311999921 ], [ -58.003978728999982, -27.016027450999957 ], [ -57.993232726999963, -27.021480560999976 ], [ -57.988311766999914, -27.027158736999922 ], [ -57.990676879999967, -27.035444259999963 ], [ -57.987773893999986, -27.042087553999977 ], [ -57.998538970999959, -27.075794218999874 ], [ -58.00162506099997, -27.114610671999912 ], [ -58.017139434999933, -27.116130828999928 ], [ -58.03149413999995, -27.120719908999945 ], [ -58.04415512099996, -27.117979049999917 ], [ -58.046470641999861, -27.114234924999948 ], [ -58.04896163899997, -27.114742278999984 ], [ -58.052780150999922, -27.117973327999891 ], [ -58.053516386999888, -27.125293730999942 ], [ -58.061401366999974, -27.119157790999907 ], [ -58.069831848999911, -27.119657516999951 ], [ -58.069858550999982, -27.112169265999967 ], [ -58.088218688999973, -27.122358322999958 ], [ -58.107582092999905, -27.120462416999942 ], [ -58.120582579999905, -27.130317687999934 ], [ -58.14549636799984, -27.132490157999939 ], [ -58.151443480999944, -27.13026618899994 ], [ -58.151290893999942, -27.11767005899992 ], [ -58.154361724999887, -27.116130828999928 ], [ -58.23256301999993, -27.110525130999918 ], [ -58.25162506099997, -27.111721038999917 ] ] ] ] } },
{ "type": "Feature", "properties": { "fid": 170, "GID_2": "PRY.15.4_1", "GID_0": "PRY", "COUNTRY": "Paraguay", "GID_1": "PRY.15_1", "NAME_1": "Ñeembucú", "NL_NAME_1": "NA", "NAME_2": "General José Eduvigis Díaz", "VARNAME_2": "NA", "NL_NAME_2": "NA", "TYPE_2": "Distrito", "ENGTYPE_2": "District", "CC_2": "NA", "HASC_2": "PY.NE.GD" }, "geometry": { "type": "MultiPolygon", "coordinates": [ [ [ [ -58.256629944999929, -27.250970839999979 ], [ -58.311695097999973, -27.260822295999901 ], [ -58.340038298999957, -27.270582198999932 ], [ -58.376415252999834, -27.279014586999949 ], [ -58.391056060999915, -27.279310224999904 ], [ -58.417816162999941, -27.273141860999885 ], [ -58.433258056999932, -27.272769928999935 ], [ -58.439525604999915, -27.274806976999969 ], [ -58.439525604999915, -27.229255676999969 ], [ -58.442214965999938, -27.231300352999938 ], [ -58.44022369299995, -27.224468230999946 ], [ -58.440631866999979, -27.179014205999977 ], [ -58.432971953999981, -27.164064406999898 ], [ -58.430484771999886, -27.150621414999875 ], [ -58.425315856999987, -27.140428541999938 ], [ -58.423408507999966, -27.130561827999884 ], [ -58.424758910999969, -27.118637083999943 ], [ -58.418056486999888, -27.112192153999843 ], [ -58.364036559999931, -27.096889494999971 ], [ -58.360027312999875, -27.08651351899988 ], [ -58.36119079499997, -27.075105666999946 ], [ -58.373657225999978, -27.062124252999922 ], [ -58.375003813999911, -27.057014465999941 ], [ -58.372325896999939, -27.054639814999973 ], [ -58.356433868999886, -27.051965711999969 ], [ -58.342639922999979, -27.055244445999904 ], [ -58.322914123999965, -27.05257415799997 ], [ -58.295707702999835, -27.055721282999968 ], [ -58.282867431999932, -27.061201094999944 ], [ -58.276931763999983, -27.060197829999879 ], [ -58.263462066999978, -27.08883285499985 ], [ -58.251735687999883, -27.107246397999972 ], [ -58.253189085999963, -27.205703735999919 ], [ -58.256629944999929, -27.207052231999853 ], [ -58.256629944999929, -27.250970839999979 ] ] ] ] } },
{ "type": "Feature", "properties": { "fid": 171, "GID_2": "PRY.15.5_1", "GID_0": "PRY", "COUNTRY": "Paraguay", "GID_1": "PRY.15_1", "NAME_1": "Ñeembucú", "NL_NAME_1": "NA", "NAME_2": "Guazú Cuá", "VARNAME_2": "NA", "NL_NAME_2": "NA", "TYPE_2": "Distrito", "ENGTYPE_2": "District", "CC_2": "NA", "HASC_2": "PY.NE.GC" }, "geometry": { "type": "MultiPolygon", "coordinates": [ [ [ [ -58.290245054999843, -26.774219511999888 ], [ -58.295261382999854, -26.764692305999972 ], [ -58.294731139999953, -26.761680601999899 ], [ -58.287147521999884, -26.758033750999971 ], [ -58.261913299999833, -26.761470794999923 ], [ -58.250267028999986, -26.753227232999905 ], [ -58.245265959999983, -26.739181517999953 ], [ -58.246021269999972, -26.731336592999924 ], [ -58.234477996999942, -26.735332489999962 ], [ -58.235305785999913, -26.73216438399993 ], [ -58.007846831999927, -26.838859557999967 ], [ -57.99158859299996, -26.837255477999861 ], [ -57.969749449999881, -26.846633910999913 ], [ -57.956569671999887, -26.843738554999902 ], [ -57.944889068999885, -26.847145079999848 ], [ -57.940082548999897, -26.852428436999901 ], [ -57.926708221999888, -26.850381850999952 ], [ -57.922687530999951, -26.851917265999816 ], [ -57.912868498999899, -26.864517210999963 ], [ -57.89178848399996, -26.87302780199991 ], [ -57.869529722999971, -26.885793684999953 ], [ -57.861633300999983, -26.895156858999883 ], [ -57.853584288999969, -26.897872923999898 ], [ -57.849536895999904, -26.90229797399985 ], [ -57.844554900999981, -26.903827667999849 ], [ -57.821056366999926, -26.89853858999993 ], [ -57.802246092999951, -26.908908843999882 ], [ -57.792217254999969, -26.922012329999973 ], [ -57.803230285999916, -26.935131071999876 ], [ -57.803398131999927, -26.969699859999935 ], [ -57.759143827999935, -26.975273132999916 ], [ -57.746475219999979, -26.980367659999899 ], [ -57.737415312999872, -26.989889144999893 ], [ -57.730697632999977, -26.992265701999884 ], [ -57.711738586999957, -26.993091582999909 ], [ -57.69044876199996, -26.998508451999953 ], [ -57.675655365999944, -27.005294799999945 ], [ -57.658695220999903, -27.019569396999941 ], [ -57.615787505999947, -27.02067375099989 ], [ -57.599838255999941, -27.027622223999913 ], [ -57.554168700999981, -27.03807067799994 ], [ -57.53879165699982, -27.044330596999941 ], [ -57.530883788999915, -27.050779341999942 ], [ -57.51846694999989, -27.04648971499995 ], [ -57.512245178999819, -27.035570143999905 ], [ -57.507274627999948, -27.034191131999933 ], [ -57.470638273999896, -27.03987312299995 ], [ -57.456470489999958, -27.038976668999965 ], [ -57.449199676999967, -27.045917510999971 ], [ -57.441890716999978, -27.042980193999938 ], [ -57.432609556999978, -27.047428131999879 ], [ -57.431552886999839, -27.04548454299993 ], [ -57.174781799999892, -27.094739913999945 ], [ -57.233261107999965, -27.206655502999979 ], [ -57.297725676999846, -27.1336364739999 ], [ -57.493312835999916, -27.149507522999841 ], [ -57.608669281999937, -27.085273742999959 ], [ -57.887695311999948, -27.04286193799993 ], [ -57.914035795999951, -27.023965834999899 ], [ -57.929180145999965, -27.020559309999953 ], [ -57.961933135999971, -27.019359588999976 ], [ -57.994792937999875, -27.002063750999866 ], [ -58.010574339999948, -26.996614455999918 ], [ -58.050880430999939, -26.971208572999956 ], [ -58.0570030209999, -26.971883773999878 ], [ -58.067165373999899, -26.967107772999952 ], [ -58.140624998999897, -26.920358657999941 ], [ -58.141586303999986, -26.918485641999951 ], [ -58.108009337999931, -26.892652511999984 ], [ -58.09231567299986, -26.894889831999933 ], [ -58.085247038999967, -26.893363952999948 ], [ -58.084690092999949, -26.888940809999895 ], [ -58.098285674999886, -26.883815764999952 ], [ -58.074295043999882, -26.856258391999916 ], [ -58.075260160999903, -26.854213714999844 ], [ -58.085411071999943, -26.849775314999874 ], [ -58.098972319999973, -26.853332518999935 ], [ -58.115226745999962, -26.852121352999916 ], [ -58.120971679999968, -26.850072860999887 ], [ -58.118511199999944, -26.842750548999959 ], [ -58.12503051799996, -26.837806701999966 ], [ -58.130573272999925, -26.837797163999824 ], [ -58.138580322999928, -26.844085692999954 ], [ -58.148342132999915, -26.840835570999957 ], [ -58.158847807999905, -26.844053266999936 ], [ -58.186206817999903, -26.836683273999938 ], [ -58.195209503999877, -26.830026626999938 ], [ -58.206909179999968, -26.815191268999911 ], [ -58.219543456999929, -26.807331085999976 ], [ -58.227237699999932, -26.788755415999901 ], [ -58.252876281999932, -26.775932311999952 ], [ -58.261470793999877, -26.777273177999973 ], [ -58.290245054999843, -26.774219511999888 ] ] ] ] } },
{ "type": "Feature", "properties": { "fid": 172, "GID_2": "PRY.15.6_1", "GID_0": "PRY", "COUNTRY": "Paraguay", "GID_1": "PRY.15_1", "NAME_1": "Ñeembucú", "NL_NAME_1": "NA", "NAME_2": "Humaitá", "VARNAME_2": "NA", "NL_NAME_2": "NA", "TYPE_2": "Distrito", "ENGTYPE_2": "District", "CC_2": "NA", "HASC_2": "PY.NE.HU" }, "geometry": { "type": "MultiPolygon", "coordinates": [ [ [ [ -58.658988951999959, -27.178564071999972 ], [ -58.662487030999898, -27.172166824999977 ], [ -58.657779692999895, -27.15615272399998 ], [ -58.640148163999982, -27.124303816999941 ], [ -58.626914978999935, -27.115581512999881 ], [ -58.559570312999938, -27.105918884999937 ], [ -58.550369261999833, -27.099163055999952 ], [ -58.553764342999898, -27.068492888999913 ], [ -58.552196502999948, -27.045688627999937 ], [ -58.547641753999926, -27.038408278999896 ], [ -58.521190641999908, -27.039094923999983 ], [ -58.512466430999893, -27.056484221999938 ], [ -58.508762359999935, -27.059112548999963 ], [ -58.505233763999911, -27.057611463999933 ], [ -58.501449584999875, -27.05035591199993 ], [ -58.502120970999954, -27.037630079999929 ], [ -58.489673614999958, -27.032491683999922 ], [ -58.484119414999952, -27.024850843999957 ], [ -58.480293272999916, -27.012271881999936 ], [ -58.475509643999885, -27.008882522999954 ], [ -58.463832854999907, -27.00773811199997 ], [ -58.443538665999938, -27.009859083999856 ], [ -58.426506042999961, -26.998859405999951 ], [ -58.416542052999944, -27.011318206999874 ], [ -58.408115385999906, -27.016458510999939 ], [ -58.400268555999844, -27.014953612999932 ], [ -58.391277311999943, -27.006639480999922 ], [ -58.381130218999942, -27.007869720999906 ], [ -58.374240875999874, -27.004827497999941 ], [ -58.368110655999885, -27.008592604999876 ], [ -58.352794645999893, -27.00761794899995 ], [ -58.314670561999947, -27.024927139999932 ], [ -58.306789397999978, -27.041124343999911 ], [ -58.311023711999894, -27.054941176999876 ], [ -58.322914123999965, -27.05257415799997 ], [ -58.342639922999979, -27.055244445999904 ], [ -58.356433868999886, -27.051965711999969 ], [ -58.372325896999939, -27.054639814999973 ], [ -58.375003813999911, -27.057014465999941 ], [ -58.373657225999978, -27.062124252999922 ], [ -58.36119079499997, -27.075105666999946 ], [ -58.360027312999875, -27.08651351899988 ], [ -58.362697600999923, -27.094846725999957 ], [ -58.366527556999984, -27.098239897999974 ], [ -58.421310423999955, -27.113542556999903 ], [ -58.424758910999969, -27.118637083999943 ], [ -58.423408507999966, -27.130561827999884 ], [ -58.425315856999987, -27.140428541999938 ], [ -58.658988951999959, -27.178564071999972 ] ] ] ] } },
{ "type": "Feature", "properties": { "fid": 173, "GID_2": "PRY.15.7_1", "GID_0": "PRY", "COUNTRY": "Paraguay", "GID_1": "PRY.15_1", "NAME_1": "Ñeembucú", "NL_NAME_1": "NA", "NAME_2": "Isla Umbú", "VARNAME_2": "NA", "NL_NAME_2": "NA", "TYPE_2": "Distrito", "ENGTYPE_2": "District", "CC_2": "NA", "HASC_2": "PY.NE.IU" }, "geometry": { "type": "MultiPolygon", "coordinates": [ [ [ [ -58.502120970999954, -27.037630079999929 ], [ -58.506397246999882, -27.019735336999872 ], [ -58.506626129999916, -27.002969740999959 ], [ -58.501644133999832, -26.999578474999907 ], [ -58.482624054999974, -26.994773864999956 ], [ -58.477622985999972, -26.991840361999948 ], [ -58.475051879999967, -26.98623466499987 ], [ -58.47986984299996, -26.964345930999968 ], [ -58.488899230999948, -26.945821760999877 ], [ -58.49125671399986, -26.933036803999983 ], [ -58.487796782999908, -26.924413679999873 ], [ -58.48255538899997, -26.921243666999942 ], [ -58.442394256999933, -26.919591903999901 ], [ -58.388420104999966, -26.88917160099993 ], [ -58.380504606999978, -26.879138945999898 ], [ -58.363834380999833, -26.877542495999876 ], [ -58.280921935999913, -26.886529921999909 ], [ -58.276134490999937, -26.89079856799998 ], [ -58.271301269999981, -26.914476393999962 ], [ -58.233974455999828, -26.923414230999981 ], [ -58.227855681999984, -26.92206954999989 ], [ -58.221538542999895, -26.924467086999925 ], [ -58.206501005999939, -26.895212173999937 ], [ -58.190402983999888, -26.906990050999923 ], [ -58.181953430999954, -26.917562483999916 ], [ -58.176361083999893, -26.933748244999947 ], [ -58.177837372999932, -26.951452254999936 ], [ -58.17361068699995, -26.957418441999891 ], [ -58.165168761999951, -26.9639053329999 ], [ -58.150623321999944, -26.96512222299998 ], [ -58.140083313999867, -26.969396590999963 ], [ -58.137386321999827, -26.974676132999889 ], [ -58.140422821999891, -26.981992720999983 ], [ -58.137145995999902, -26.988807677999944 ], [ -58.116462706999926, -26.992076872999974 ], [ -58.097740173999966, -26.99982261599996 ], [ -58.227939605999836, -27.042774200999929 ], [ -58.237133025999867, -27.043096541999944 ], [ -58.244796752999889, -27.040355682999916 ], [ -58.256282805999888, -27.042030333999946 ], [ -58.26105499199997, -27.050188063999883 ], [ -58.279033659999982, -27.061210632999916 ], [ -58.295707702999835, -27.055721282999968 ], [ -58.311023711999894, -27.054941176999876 ], [ -58.30620574999989, -27.044017791999977 ], [ -58.314670561999947, -27.024927139999932 ], [ -58.352794645999893, -27.00761794899995 ], [ -58.368110655999885, -27.008592604999876 ], [ -58.374240875999874, -27.004827497999941 ], [ -58.381130218999942, -27.007869720999906 ], [ -58.391277311999943, -27.006639480999922 ], [ -58.400268555999844, -27.014953612999932 ], [ -58.408115385999906, -27.016458510999939 ], [ -58.416542052999944, -27.011318206999874 ], [ -58.426506042999961, -26.998859405999951 ], [ -58.443538665999938, -27.009859083999856 ], [ -58.466701506999925, -27.007724761999896 ], [ -58.478382110999974, -27.010059355999886 ], [ -58.488140105999832, -27.030790329999945 ], [ -58.502120970999954, -27.037630079999929 ] ] ] ] } },
{ "type": "Feature", "properties": { "fid": 174, "GID_2": "PRY.15.8_1", "GID_0": "PRY", "COUNTRY": "Paraguay", "GID_1": "PRY.15_1", "NAME_1": "Ñeembucú", "NL_NAME_1": "NA", "NAME_2": "Laureles", "VARNAME_2": "NA", "NL_NAME_2": "NA", "TYPE_2": "Distrito", "ENGTYPE_2": "District", "CC_2": "NA", "HASC_2": "PY.NE.LA" }, "geometry": { "type": "MultiPolygon", "coordinates": [ [ [ [ -57.233261107999965, -27.206655502999979 ], [ -57.405761718999884, -27.237489699999912 ], [ -57.407505035999975, -27.268518446999963 ], [ -57.613773345999903, -27.251731872999983 ], [ -57.687049864999949, -27.229391097999951 ], [ -57.71663665899996, -27.223476408999886 ], [ -57.727760314999841, -27.223663329999965 ], [ -57.742378234999876, -27.218231200999924 ], [ -57.745578764999948, -27.210130690999904 ], [ -57.788513183999896, -27.212726592999957 ], [ -57.764907835999963, -27.1765422819999 ], [ -57.772686004999969, -27.159692764999932 ], [ -57.812404631999982, -27.092809675999888 ], [ -57.973808288999919, -27.03902626099989 ], [ -57.985527038999976, -27.031019210999943 ], [ -57.994159697999976, -27.020824432999859 ], [ -57.994792937999875, -27.002063750999866 ], [ -57.961933135999971, -27.019359588999976 ], [ -57.929180145999965, -27.020559309999953 ], [ -57.914035795999951, -27.023965834999899 ], [ -57.887695311999948, -27.04286193799993 ], [ -57.605213164999952, -27.08628654499995 ], [ -57.493312835999916, -27.149507522999841 ], [ -57.297725676999846, -27.1336364739999 ], [ -57.233261107999965, -27.206655502999979 ] ] ] ] } },
{ "type": "Feature", "properties": { "fid": 175, "GID_2": "PRY.15.9_1", "GID_0": "PRY", "COUNTRY": "Paraguay", "GID_1": "PRY.15_1", "NAME_1": "Ñeembucú", "NL_NAME_1": "NA", "NAME_2": "Mayor José J. Martinez", "VARNAME_2": "NA", "NL_NAME_2": "NA", "TYPE_2": "Distrito", "ENGTYPE_2": "District", "CC_2": "NA", "HASC_2": "PY.NE.MM" }, "geometry": { "type": "MultiPolygon", "coordinates": [ [ [ [ -58.02679824799992, -27.264394758999913 ], [ -58.097251891999974, -27.272621153999978 ], [ -58.107559204999973, -27.272092818999965 ], [ -58.12236404399988, -27.268976210999938 ], [ -58.151416777999941, -27.268920897999976 ], [ -58.160530089999838, -27.266504287999851 ], [ -58.18805313099989, -27.249837873999923 ], [ -58.20460510199996, -27.24769592399997 ], [ -58.256629944999929, -27.250970839999979 ], [ -58.256629944999929, -27.207052231999853 ], [ -58.253189085999963, -27.205703735999919 ], [ -58.25162506099997, -27.111721038999917 ], [ -58.23256301999993, -27.110525130999918 ], [ -58.154361724999887, -27.116130828999928 ], [ -58.151290893999942, -27.11767005899992 ], [ -58.151443480999944, -27.13026618899994 ], [ -58.14549636799984, -27.132490157999939 ], [ -58.120582579999905, -27.130317687999934 ], [ -58.107582092999905, -27.120462416999942 ], [ -58.088218688999973, -27.122358322999958 ], [ -58.069858550999982, -27.112169265999967 ], [ -58.069831848999911, -27.119657516999951 ], [ -58.061401366999974, -27.119157790999907 ], [ -58.053516386999888, -27.125293730999942 ], [ -58.052780150999922, -27.117973327999891 ], [ -58.04896163899997, -27.114742278999984 ], [ -58.046470641999861, -27.114234924999948 ], [ -58.04415512099996, -27.117979049999917 ], [ -58.03149413999995, -27.120719908999945 ], [ -58.017139434999933, -27.116130828999928 ], [ -58.00162506099997, -27.114610671999912 ], [ -58.003929138999979, -27.156835555999976 ], [ -58.001018524999949, -27.208255767999958 ], [ -58.001770019999867, -27.21182823099997 ], [ -58.004638671999885, -27.213016508999942 ], [ -58.019756317999907, -27.210754394999924 ], [ -58.010276793999935, -27.218967437999936 ], [ -58.02679824799992, -27.264394758999913 ] ] ] ] } },
{ "type": "Feature", "properties": { "fid": 176, "GID_2": "PRY.15.10_1", "GID_0": "PRY", "COUNTRY": "Paraguay", "GID_1": "PRY.15_1", "NAME_1": "Ñeembucú", "NL_NAME_1": "NA", "NAME_2": "Paso de Patria", "VARNAME_2": "NA", "NL_NAME_2": "NA", "TYPE_2": "Distrito", "ENGTYPE_2": "District", "CC_2": "NA", "HASC_2": "PY.NE.PP" }, "geometry": { "type": "MultiPolygon", "coordinates": [ [ [ [ -58.606357574999947, -27.295326232999912 ], [ -58.607822418999888, -27.290105818999905 ], [ -58.604812622999987, -27.276365279999936 ], [ -58.595043182999916, -27.258565902999919 ], [ -58.592319487999987, -27.238481521999915 ], [ -58.593734740999935, -27.229570388999946 ], [ -58.603698730999952, -27.213136671999962 ], [ -58.634227751999958, -27.196254730999954 ], [ -58.643856047999975, -27.193365097999958 ], [ -58.65496444799993, -27.185928343999876 ], [ -58.658988951999959, -27.178564071999972 ], [ -58.426849365999942, -27.140760420999982 ], [ -58.432971953999981, -27.164064406999898 ], [ -58.440631866999979, -27.179014205999977 ], [ -58.44022369299995, -27.224468230999946 ], [ -58.442214965999938, -27.231300352999938 ], [ -58.439525604999915, -27.229255676999969 ], [ -58.439525604999915, -27.274806976999969 ], [ -58.451499938999916, -27.278699873999926 ], [ -58.485607146999939, -27.274845122999864 ], [ -58.497364042999891, -27.27640533399989 ], [ -58.539966583999956, -27.295583724999972 ], [ -58.578819274999944, -27.300830840999936 ], [ -58.596546172999922, -27.30121040399996 ], [ -58.606357574999947, -27.295326232999912 ] ] ] ] } },
{ "type": "Feature", "properties": { "fid": 177, "GID_2": "PRY.15.11_1", "GID_0": "PRY", "COUNTRY": "Paraguay", "GID_1": "PRY.15_1", "NAME_1": "Ñeembucú", "NL_NAME_1": "NA", "NAME_2": "Pilar", "VARNAME_2": "NA", "NL_NAME_2": "NA", "TYPE_2": "Distrito", "ENGTYPE_2": "District", "CC_2": "NA", "HASC_2": "PY.NE.PI" }, "geometry": { "type": "MultiPolygon", "coordinates": [ [ [ [ -58.380504606999978, -26.879138945999898 ], [ -58.369766235999919, -26.865520477999951 ], [ -58.364337921999947, -26.864974974999939 ], [ -58.364448546999938, -26.867773055999976 ], [ -58.351112364999949, -26.870666503999928 ], [ -58.333381653999936, -26.871860504999972 ], [ -58.322353361999944, -26.866634367999893 ], [ -58.319107054999961, -26.859163284999909 ], [ -58.320850371999938, -26.848581313999944 ], [ -58.331600187999982, -26.837482451999961 ], [ -58.354000091999978, -26.823587417999875 ], [ -58.358242033999943, -26.812936781999952 ], [ -58.354705810999917, -26.808521269999858 ], [ -58.348197935999963, -26.805297850999978 ], [ -58.313774107999848, -26.807954787999961 ], [ -58.289558410999973, -26.800174712999819 ], [ -58.284679411999946, -26.794940947999919 ], [ -58.282920836999949, -26.788135528999874 ], [ -58.290245054999843, -26.774219511999888 ], [ -58.250198363999971, -26.77662086499987 ], [ -58.225135803999933, -26.790124892999984 ], [ -58.219543456999929, -26.807331085999976 ], [ -58.206909179999968, -26.815191268999911 ], [ -58.195209503999877, -26.830026626999938 ], [ -58.186206817999903, -26.836683273999938 ], [ -58.158847807999905, -26.844053266999936 ], [ -58.148342132999915, -26.840835570999957 ], [ -58.138580322999928, -26.844085692999954 ], [ -58.130573272999925, -26.837797163999824 ], [ -58.12503051799996, -26.837806701999966 ], [ -58.118511199999944, -26.842750548999959 ], [ -58.120971679999968, -26.850072860999887 ], [ -58.115226745999962, -26.852121352999916 ], [ -58.098972319999973, -26.853332518999935 ], [ -58.085411071999943, -26.849775314999874 ], [ -58.075260160999903, -26.854213714999844 ], [ -58.074295043999882, -26.856258391999916 ], [ -58.098285674999886, -26.883815764999952 ], [ -58.084690092999949, -26.888940809999895 ], [ -58.085247038999967, -26.893363952999948 ], [ -58.09231567299986, -26.894889831999933 ], [ -58.108009337999931, -26.892652511999984 ], [ -58.141586303999986, -26.918485641999951 ], [ -58.067165373999899, -26.967107772999952 ], [ -58.0570030209999, -26.971883773999878 ], [ -58.050880430999939, -26.971208572999956 ], [ -58.010574339999948, -26.996614455999918 ], [ -57.994792937999875, -27.002063750999866 ], [ -57.994159697999976, -27.020824432999859 ], [ -58.00167846599993, -27.016712187999872 ], [ -58.021610259999932, -27.012098311999921 ], [ -58.046695709999938, -27.011396407999939 ], [ -58.061859130999892, -27.002700805999893 ], [ -58.076194762999876, -27.008300780999889 ], [ -58.087135314999955, -27.000627516999941 ], [ -58.097740173999966, -26.99982261599996 ], [ -58.116462706999926, -26.992076872999974 ], [ -58.137145995999902, -26.988807677999944 ], [ -58.140422821999891, -26.981992720999983 ], [ -58.137386321999827, -26.974676132999889 ], [ -58.140083313999867, -26.969396590999963 ], [ -58.150623321999944, -26.96512222299998 ], [ -58.165168761999951, -26.9639053329999 ], [ -58.176876067999956, -26.953496932999883 ], [ -58.176361083999893, -26.933748244999947 ], [ -58.181953430999954, -26.917562483999916 ], [ -58.190402983999888, -26.906990050999923 ], [ -58.206501005999939, -26.895212173999937 ], [ -58.221538542999895, -26.924467086999925 ], [ -58.227855681999984, -26.92206954999989 ], [ -58.233974455999828, -26.923414230999981 ], [ -58.271301269999981, -26.914476393999962 ], [ -58.276134490999937, -26.89079856799998 ], [ -58.280921935999913, -26.886529921999909 ], [ -58.363834380999833, -26.877542495999876 ], [ -58.380504606999978, -26.879138945999898 ] ] ] ] } },
{ "type": "Feature", "properties": { "fid": 178, "GID_2": "PRY.15.12_1", "GID_0": "PRY", "COUNTRY": "Paraguay", "GID_1": "PRY.15_1", "NAME_1": "Ñeembucú", "NL_NAME_1": "NA", "NAME_2": "San Juan Bautista del Ñeembucu", "VARNAME_2": "NA", "NL_NAME_2": "NA", "TYPE_2": "Distrito", "ENGTYPE_2": "District", "CC_2": "NA", "HASC_2": "PY.NE.SN" }, "geometry": { "type": "MultiPolygon", "coordinates": [ [ [ [ -57.735881805999895, -26.391143798999963 ], [ -57.742847441999913, -26.387584686999901 ], [ -57.746227264999959, -26.38878250099998 ], [ -57.643775939999955, -26.774930952999966 ], [ -57.586231230999942, -26.849187849999851 ], [ -57.776885986999957, -26.849008558999913 ], [ -57.776390075999927, -26.749910354999884 ], [ -57.783687590999875, -26.744125366999981 ], [ -57.794982909999987, -26.740560531999904 ], [ -57.814083099999948, -26.741769790999967 ], [ -57.844863891999978, -26.737705230999893 ], [ -57.867546080999887, -26.730844496999964 ], [ -57.870433807999916, -26.726585387999933 ], [ -57.882686614999955, -26.721313475999978 ], [ -57.886188506999986, -26.71007347099993 ], [ -57.903461455999889, -26.694583892999958 ], [ -57.906028747999926, -26.678409574999876 ], [ -57.916355132999911, -26.675682066999968 ], [ -57.933406828999921, -26.663936613999908 ], [ -57.937793731999875, -26.66444206299991 ], [ -57.946155548999968, -26.671937941999886 ], [ -57.955108642999903, -26.675678251999955 ], [ -57.959308624999949, -26.675508498999932 ], [ -57.971374510999965, -26.667503356999873 ], [ -57.987045287999933, -26.664091108999912 ], [ -58.002307892999966, -26.666301727999951 ], [ -58.011074065999878, -26.670038222999949 ], [ -58.027137755999945, -26.66338920599992 ], [ -58.033237456999984, -26.665428161999955 ], [ -58.051193237999883, -26.662687300999949 ], [ -58.059627532999912, -26.653827667999963 ], [ -58.082950591999918, -26.643415449999907 ], [ -58.094818114999953, -26.63454818699995 ], [ -58.121185302999947, -26.624982833999979 ], [ -58.134349822999923, -26.626325606999956 ], [ -58.154781341999978, -26.621013640999934 ], [ -58.153656004999959, -26.615907668999967 ], [ -58.147003172999973, -26.608594893999907 ], [ -58.150829314999839, -26.604677199999969 ], [ -58.15163421699998, -26.592241286999979 ], [ -58.160472868999875, -26.586668013999883 ], [ -58.149761199999944, -26.581695555999943 ], [ -58.136779783999827, -26.584604261999914 ], [ -58.133548736999899, -26.581205367999871 ], [ -58.125431059999983, -26.557891844999972 ], [ -58.128551482999967, -26.53745460499988 ], [ -58.127048492999961, -26.531154631999982 ], [ -58.098281859999929, -26.524723052999946 ], [ -58.08668518099995, -26.517070769999975 ], [ -58.082481383999891, -26.519290923999904 ], [ -58.076919555999893, -26.527809142999956 ], [ -58.072528837999869, -26.529178619999982 ], [ -58.067989349999948, -26.519987105999974 ], [ -58.053699492999954, -26.517787932999966 ], [ -58.032405852999887, -26.504180907999967 ], [ -58.021541595999906, -26.504188535999901 ], [ -58.008789061999948, -26.500278472999867 ], [ -57.984104156999933, -26.480369567999901 ], [ -57.974781035999911, -26.476625441999886 ], [ -57.973495482999965, -26.467262267999956 ], [ -57.969528198999967, -26.459596633999922 ], [ -57.969944000999931, -26.452619551999874 ], [ -57.966724394999972, -26.448532102999877 ], [ -57.952434539999899, -26.449043273999905 ], [ -57.941993713999864, -26.441383360999851 ], [ -57.933223724999948, -26.442237852999938 ], [ -57.920810698999901, -26.448022841999943 ], [ -57.913761138999973, -26.446834563999971 ], [ -57.911296844999981, -26.445465086999889 ], [ -57.909648895999965, -26.433206557999824 ], [ -57.895065306999925, -26.417369842999904 ], [ -57.881679534999932, -26.426387785999964 ], [ -57.870040893999828, -26.429277420999881 ], [ -57.858444213999974, -26.425531387999911 ], [ -57.844219206999924, -26.415132522999954 ], [ -57.826499938999973, -26.415800093999962 ], [ -57.813697814999955, -26.422090528999945 ], [ -57.804004669999927, -26.41834068299994 ], [ -57.795669554999961, -26.411346435999974 ], [ -57.797035215999983, -26.406066892999945 ], [ -57.787036894999972, -26.391242980999891 ], [ -57.77369308499982, -26.393272398999954 ], [ -57.772369384999877, -26.391397475999895 ], [ -57.775283813999977, -26.382888793999939 ], [ -57.773235320999959, -26.376073837999968 ], [ -57.767185209999923, -26.369598388999918 ], [ -57.745292663999976, -26.368545531999871 ], [ -57.73104858399995, -26.364681243999883 ], [ -57.73690032899998, -26.370580672999949 ], [ -57.736473082999964, -26.377220153999872 ], [ -57.740036009999983, -26.385566709999978 ], [ -57.735881805999895, -26.391143798999963 ] ] ] ] } },
{ "type": "Feature", "properties": { "fid": 179, "GID_2": "PRY.15.13_1", "GID_0": "PRY", "COUNTRY": "Paraguay", "GID_1": "PRY.15_1", "NAME_1": "Ñeembucú", "NL_NAME_1": "NA", "NAME_2": "Tacuaras", "VARNAME_2": "NA", "NL_NAME_2": "NA", "TYPE_2": "Distrito", "ENGTYPE_2": "District", "CC_2": "NA", "HASC_2": "PY.NE.TA" }, "geometry": { "type": "MultiPolygon", "coordinates": [ [ [ [ -58.246021269999972, -26.731336592999924 ], [ -58.253181457999972, -26.706386565999935 ], [ -58.25093841599994, -26.683092116999887 ], [ -58.252456664999954, -26.650289534999899 ], [ -58.250011444999984, -26.642385481999952 ], [ -58.238677978999874, -26.644264219999968 ], [ -58.21314620999982, -26.654575347999923 ], [ -58.203712462999874, -26.653993605999972 ], [ -58.196228026999961, -26.650037764999922 ], [ -58.19035720699992, -26.644302366999852 ], [ -58.189029694999874, -26.634599684999955 ], [ -58.204818724999939, -26.617078780999975 ], [ -58.192981719999921, -26.599891662999937 ], [ -58.190887451999913, -26.587854383999968 ], [ -58.184009551999907, -26.585447310999939 ], [ -58.183746336999889, -26.587705611999922 ], [ -58.175418853999929, -26.580448149999938 ], [ -58.167022705999955, -26.581827163999833 ], [ -58.15163421699998, -26.592241286999979 ], [ -58.150829314999839, -26.604677199999969 ], [ -58.147003172999973, -26.608594893999907 ], [ -58.153656004999959, -26.615907668999967 ], [ -58.154781341999978, -26.621013640999934 ], [ -58.134349822999923, -26.626325606999956 ], [ -58.121185302999947, -26.624982833999979 ], [ -58.094818114999953, -26.63454818699995 ], [ -58.082950591999918, -26.643415449999907 ], [ -58.059627532999912, -26.653827667999963 ], [ -58.051193237999883, -26.662687300999949 ], [ -58.033237456999984, -26.665428161999955 ], [ -58.027137755999945, -26.66338920599992 ], [ -58.011074065999878, -26.670038222999949 ], [ -58.002307892999966, -26.666301727999951 ], [ -57.987045287999933, -26.664091108999912 ], [ -57.971374510999965, -26.667503356999873 ], [ -57.959308624999949, -26.675508498999932 ], [ -57.955108642999903, -26.675678251999955 ], [ -57.946155548999968, -26.671937941999886 ], [ -57.937793731999875, -26.66444206299991 ], [ -57.933406828999921, -26.663936613999908 ], [ -57.916355132999911, -26.675682066999968 ], [ -57.906028747999926, -26.678409574999876 ], [ -57.903461455999889, -26.694583892999958 ], [ -57.886188506999986, -26.71007347099993 ], [ -57.882686614999955, -26.721313475999978 ], [ -57.870433807999916, -26.726585387999933 ], [ -57.867546080999887, -26.730844496999964 ], [ -57.836830138999971, -26.73889160199991 ], [ -57.814083099999948, -26.741769790999967 ], [ -57.794982909999987, -26.740560531999904 ], [ -57.783687590999875, -26.744125366999981 ], [ -57.776390075999927, -26.749910354999884 ], [ -57.776885986999957, -26.849008558999913 ], [ -57.586231230999942, -26.849187849999851 ], [ -57.432609556999978, -27.047428131999879 ], [ -57.441890716999978, -27.042980193999938 ], [ -57.449199676999967, -27.045917510999971 ], [ -57.456470489999958, -27.038976668999965 ], [ -57.470638273999896, -27.03987312299995 ], [ -57.507274627999948, -27.034191131999933 ], [ -57.512245178999819, -27.035570143999905 ], [ -57.51846694999989, -27.04648971499995 ], [ -57.530883788999915, -27.050779341999942 ], [ -57.53879165699982, -27.044330596999941 ], [ -57.554168700999981, -27.03807067799994 ], [ -57.599838255999941, -27.027622223999913 ], [ -57.615787505999947, -27.02067375099989 ], [ -57.658695220999903, -27.019569396999941 ], [ -57.68064880299994, -27.002407074999951 ], [ -57.711738586999957, -26.993091582999909 ], [ -57.730697632999977, -26.992265701999884 ], [ -57.737415312999872, -26.989889144999893 ], [ -57.746475219999979, -26.980367659999899 ], [ -57.759143827999935, -26.975273132999916 ], [ -57.803398131999927, -26.969699859999935 ], [ -57.803230285999916, -26.935131071999876 ], [ -57.792217254999969, -26.922012329999973 ], [ -57.802246092999951, -26.908908843999882 ], [ -57.818183899999951, -26.899215696999818 ], [ -57.844554900999981, -26.903827667999849 ], [ -57.849536895999904, -26.90229797399985 ], [ -57.853584288999969, -26.897872923999898 ], [ -57.861633300999983, -26.895156858999883 ], [ -57.869529722999971, -26.885793684999953 ], [ -57.89178848399996, -26.87302780199991 ], [ -57.912868498999899, -26.864517210999963 ], [ -57.922687530999951, -26.851917265999816 ], [ -57.926708221999888, -26.850381850999952 ], [ -57.940082548999897, -26.852428436999901 ], [ -57.944889068999885, -26.847145079999848 ], [ -57.956569671999887, -26.843738554999902 ], [ -57.969749449999881, -26.846633910999913 ], [ -57.99158859299996, -26.837255477999861 ], [ -58.007846831999927, -26.838859557999967 ], [ -58.235305785999913, -26.73216438399993 ], [ -58.234477996999942, -26.735332489999962 ], [ -58.246021269999972, -26.731336592999924 ] ] ] ] } },
{ "type": "Feature", "properties": { "fid": 180, "GID_2": "PRY.15.14_1", "GID_0": "PRY", "COUNTRY": "Paraguay", "GID_1": "PRY.15_1", "NAME_1": "Ñeembucú", "NL_NAME_1": "NA", "NAME_2": "Villa Franca", "VARNAME_2": "NA", "NL_NAME_2": "NA", "TYPE_2": "Distrito", "ENGTYPE_2": "District", "CC_2": "NA", "HASC_2": "PY.NE.VF" }, "geometry": { "type": "MultiPolygon", "coordinates": [ [ [ [ -58.205551146999881, -26.392074584999875 ], [ -58.198055267999962, -26.371446608999918 ], [ -58.170318602999885, -26.359373092999874 ], [ -58.164543151999965, -26.352033613999936 ], [ -58.153900145999899, -26.323598860999937 ], [ -58.155597685999851, -26.303148269999838 ], [ -58.168788908999886, -26.28273773199993 ], [ -58.167385100999923, -26.265592575999847 ], [ -58.16096115199997, -26.260219573999905 ], [ -58.120441435999965, -26.244436263999944 ], [ -58.112514496999836, -26.233730314999946 ], [ -58.111244201999966, -26.222883223999929 ], [ -58.113880157999915, -26.210296629999903 ], [ -58.099781034999978, -26.209709166999971 ], [ -58.102928161999955, -26.207599639999955 ], [ -58.067722319999973, -26.212640761999978 ], [ -58.053810118999877, -26.219459533999895 ], [ -58.034160612999983, -26.233779906999928 ], [ -58.020641326999964, -26.237192154999946 ], [ -58.013835907999976, -26.228342054999871 ], [ -58.010898589999954, -26.205696105999948 ], [ -58.005031584999983, -26.199567793999847 ], [ -58.016475676999903, -26.191558836999945 ], [ -58.01744460999987, -26.18781471099993 ], [ -57.995693207999864, -26.164325712999982 ], [ -57.990100860999974, -26.163757323999903 ], [ -57.977409362999879, -26.17182159399988 ], [ -57.969421386999954, -26.173358915999984 ], [ -57.952419279999958, -26.152414321999856 ], [ -57.934310913999923, -26.162973403999899 ], [ -57.915924071999882, -26.153434752999885 ], [ -57.894184112999937, -26.132820128999981 ], [ -57.889247894999983, -26.132139204999874 ], [ -57.809593199999938, -26.16733550899994 ], [ -57.806491851999965, -26.17636108399995 ], [ -57.803241729999968, -26.179252624999947 ], [ -57.712421416999973, -26.225965498999983 ], [ -57.688392639999961, -26.183015823999881 ], [ -57.651573179999957, -26.199974060999978 ], [ -57.632774353999878, -26.221048355999983 ], [ -57.62233734199998, -26.217281341999978 ], [ -57.61259460399998, -26.22304534899996 ], [ -57.612873076999847, -26.235651014999974 ], [ -57.62134552099991, -26.246400833999871 ], [ -57.624324797999861, -26.254579543999967 ], [ -57.626216888999977, -26.256116866999889 ], [ -57.635360717999902, -26.254430769999942 ], [ -57.646919249999883, -26.260414122999919 ], [ -57.647964477999949, -26.27284812799985 ], [ -57.659240721999936, -26.290922164999984 ], [ -57.666652678999981, -26.292982101999939 ], [ -57.677528380999945, -26.288745880999954 ], [ -57.6813087459999, -26.29215812599989 ], [ -57.672054289999892, -26.307806013999937 ], [ -57.674072266999985, -26.318706511999892 ], [ -57.683719633999829, -26.326728820999904 ], [ -57.677963256999874, -26.332851409999876 ], [ -57.676956176999965, -26.339832304999902 ], [ -57.695060729999909, -26.363363264999975 ], [ -57.704021452999882, -26.362012863999894 ], [ -57.710731506999878, -26.355386732999932 ], [ -57.712509154999964, -26.346532820999983 ], [ -57.722236633999955, -26.344160079999881 ], [ -57.72703170799997, -26.346317290999934 ], [ -57.725788116999979, -26.353195190999941 ], [ -57.73104858399995, -26.364681243999883 ], [ -57.745292663999976, -26.368545531999871 ], [ -57.767185209999923, -26.369598388999918 ], [ -57.770595549999939, -26.371986388999971 ], [ -57.775283813999977, -26.382888793999939 ], [ -57.772369384999877, -26.391397475999895 ], [ -57.77369308499982, -26.393272398999954 ], [ -57.787036894999972, -26.391242980999891 ], [ -57.797035215999983, -26.406066892999945 ], [ -57.795669554999961, -26.411346435999974 ], [ -57.800968169999976, -26.416803358999914 ], [ -57.810462950999977, -26.421237943999927 ], [ -57.819038391999868, -26.420902250999973 ], [ -57.826499938999973, -26.415800093999962 ], [ -57.844219206999924, -26.415132522999954 ], [ -57.858444213999974, -26.425531387999911 ], [ -57.870040893999828, -26.429277420999881 ], [ -57.881679534999932, -26.426387785999964 ], [ -57.895065306999925, -26.417369842999904 ], [ -57.909648895999965, -26.433206557999824 ], [ -57.911296844999981, -26.445465086999889 ], [ -57.913761138999973, -26.446834563999971 ], [ -57.920810698999901, -26.448022841999943 ], [ -57.933223724999948, -26.442237852999938 ], [ -57.941993713999864, -26.441383360999851 ], [ -57.952434539999899, -26.449043273999905 ], [ -57.966724394999972, -26.448532102999877 ], [ -57.969944000999931, -26.452619551999874 ], [ -57.969528198999967, -26.459596633999922 ], [ -57.973495482999965, -26.467262267999956 ], [ -57.974781035999911, -26.476625441999886 ], [ -57.984104156999933, -26.480369567999901 ], [ -58.008789061999948, -26.500278472999867 ], [ -58.021541595999906, -26.504188535999901 ], [ -58.032405852999887, -26.504180907999967 ], [ -58.053699492999954, -26.517787932999966 ], [ -58.067989349999948, -26.519987105999974 ], [ -58.072528837999869, -26.529178619999982 ], [ -58.076919555999893, -26.527809142999956 ], [ -58.082481383999891, -26.519290923999904 ], [ -58.08668518099995, -26.517070769999975 ], [ -58.098281859999929, -26.524723052999946 ], [ -58.127048492999961, -26.531154631999982 ], [ -58.128551482999967, -26.53745460499988 ], [ -58.125431059999983, -26.557891844999972 ], [ -58.133548736999899, -26.581205367999871 ], [ -58.136779783999827, -26.584604261999914 ], [ -58.149761199999944, -26.581695555999943 ], [ -58.160472868999875, -26.586668013999883 ], [ -58.167022705999955, -26.581827163999833 ], [ -58.175418853999929, -26.580448149999938 ], [ -58.183746336999889, -26.587705611999922 ], [ -58.184009551999907, -26.585447310999939 ], [ -58.190887451999913, -26.587854383999968 ], [ -58.197357177999947, -26.560459137999942 ], [ -58.217655180999941, -26.535942076999959 ], [ -58.218982695999898, -26.529783247999944 ], [ -58.217056274999948, -26.521234511999978 ], [ -58.207302093999886, -26.506675719999976 ], [ -58.204341887999988, -26.49293518099995 ], [ -58.207412718999876, -26.48730659499995 ], [ -58.218513488999974, -26.479221343999939 ], [ -58.22502136199995, -26.470960616999889 ], [ -58.220226286999946, -26.464349746999915 ], [ -58.197540283999899, -26.463729857999965 ], [ -58.185440063999977, -26.460519789999921 ], [ -58.178787231999934, -26.455444334999925 ], [ -58.176742553999929, -26.450084685999911 ], [ -58.182159422999973, -26.443391799999915 ], [ -58.195346832999974, -26.43423652599995 ], [ -58.203212736999944, -26.424190519999968 ], [ -58.206401823999897, -26.416038512999876 ], [ -58.205551146999881, -26.392074584999875 ] ] ] ] } },
{ "type": "Feature", "properties": { "fid": 181, "GID_2": "PRY.15.15_1", "GID_0": "PRY", "COUNTRY": "Paraguay", "GID_1": "PRY.15_1", "NAME_1": "Ñeembucú", "NL_NAME_1": "NA", "NAME_2": "Villa Oliva", "VARNAME_2": "NA", "NL_NAME_2": "NA", "TYPE_2": "Distrito", "ENGTYPE_2": "District", "CC_2": "NA", "HASC_2": "PY.NE.VO" }, "geometry": { "type": "MultiPolygon", "coordinates": [ [ [ [ -58.077690124999947, -26.115184782999847 ], [ -58.069171905999951, -26.111362455999938 ], [ -58.055641173999959, -26.109821318999877 ], [ -58.040802001999964, -26.112461089999897 ], [ -58.014202117999901, -26.103647231999844 ], [ -57.99147415199991, -26.090541839999958 ], [ -57.976963042999898, -26.085525512999936 ], [ -57.943576812999936, -26.064210891999949 ], [ -57.904941557999962, -26.024919509999961 ], [ -57.880687713999919, -26.01838874699996 ], [ -57.849353789999952, -26.006015776999959 ], [ -57.845504759999983, -25.993051528999899 ], [ -57.847171782999965, -25.984239578999905 ], [ -57.877468109999938, -25.967714309999963 ], [ -57.884033202999888, -25.959100723999939 ], [ -57.885715483999832, -25.950286865999885 ], [ -57.882675171999892, -25.936849593999966 ], [ -57.869522094999979, -25.929653166999969 ], [ -57.850135801999897, -25.924425123999981 ], [ -57.839439392999964, -25.917329788999893 ], [ -57.837760924999884, -25.901720046999912 ], [ -57.860961913999915, -25.879362106999906 ], [ -57.862541197999974, -25.868862152999952 ], [ -57.856540679999966, -25.860910414999978 ], [ -57.813011169999982, -25.848026275999928 ], [ -57.801265716999978, -25.837554930999943 ], [ -57.796756742999946, -25.829599379999934 ], [ -57.799289703999932, -25.808115005999923 ], [ -57.815349578999985, -25.771087645999955 ], [ -57.8138275149999, -25.760919569999942 ], [ -57.811985016999984, -25.77034187299995 ], [ -57.807811735999906, -25.771358488999965 ], [ -57.805572508999887, -25.765907287999937 ], [ -57.803863525999986, -25.766761778999978 ], [ -57.801498412999877, -25.780212400999972 ], [ -57.797863006999933, -25.785148619999916 ], [ -57.788688659999934, -25.791997908999974 ], [ -57.789318084999877, -25.788747785999931 ], [ -57.784828186999903, -25.792747497999926 ], [ -57.775947570999904, -25.795404432999931 ], [ -57.768253326999968, -25.793878553999889 ], [ -57.758403777999888, -25.785987853999927 ], [ -57.757244108999942, -25.777896879999957 ], [ -57.762760162999939, -25.770149229999845 ], [ -57.755371093999884, -25.767982482999969 ], [ -57.756752013999915, -25.76188278199993 ], [ -57.752696990999937, -25.759620665999932 ], [ -57.744407652999939, -25.759639739999898 ], [ -57.744148254999971, -25.767280577999884 ], [ -57.739425658999949, -25.772474288999945 ], [ -57.749160765999932, -25.777818678999893 ], [ -57.748779296999885, -25.782552717999977 ], [ -57.751018524999893, -25.78464126599988 ], [ -57.743198395999968, -25.79657363799987 ], [ -57.738754272999984, -25.79722022999988 ], [ -57.739593506999881, -25.803037642999925 ], [ -57.74375915499985, -25.80639266999998 ], [ -57.738716125999929, -25.808593748999897 ], [ -57.743049621999944, -25.824497223999856 ], [ -57.73932266199995, -25.827146529999936 ], [ -57.729202269999973, -25.826622008999891 ], [ -57.724319458999958, -25.839912413999969 ], [ -57.716625212999986, -25.83810806199989 ], [ -57.712799071999882, -25.841573713999935 ], [ -57.704700469999921, -25.839859008999895 ], [ -57.701648711999951, -25.836593627999832 ], [ -57.689327238999908, -25.83989333999989 ], [ -57.690460204999965, -25.844253539999897 ], [ -57.685543059999986, -25.851909637999938 ], [ -57.679870605999952, -25.850004195999929 ], [ -57.669166564999898, -25.853931425999974 ], [ -57.665248870999903, -25.85876464699993 ], [ -57.662410735999913, -25.857675550999943 ], [ -57.661884307999969, -25.853584288999912 ], [ -57.654914855999948, -25.855686187999936 ], [ -57.655803680999952, -25.851411819999953 ], [ -57.647911070999953, -25.85088157499996 ], [ -57.642131804999906, -25.847337721999907 ], [ -57.634651183999949, -25.848262786999953 ], [ -57.632934568999985, -25.849536894999972 ], [ -57.635379790999821, -25.852897643999938 ], [ -57.634178161999955, -25.855989456999964 ], [ -57.625476836999951, -25.855371474999913 ], [ -57.631366729999968, -25.860090255999978 ], [ -57.629764557999977, -25.863641737999956 ], [ -57.616035461999957, -25.870300292999957 ], [ -57.613296508999952, -25.868665695999937 ], [ -57.612152099999946, -25.86121177699988 ], [ -57.600803375999931, -25.857221601999981 ], [ -57.602561950999984, -25.865406035999911 ], [ -57.606708526999967, -25.865310668999939 ], [ -57.603908538999917, -25.873050688999967 ], [ -57.614078520999954, -25.884855269999946 ], [ -57.611156463999919, -25.887046814999906 ], [ -57.605083465999883, -25.88686943099998 ], [ -57.601074218999884, -25.895244598999966 ], [ -57.599437713999919, -25.891429899999935 ], [ -57.582855224999946, -25.890449523999962 ], [ -57.581989288999978, -25.898122786999977 ], [ -57.577209472999982, -25.899093626999957 ], [ -57.547733306999987, -25.928375243999938 ], [ -57.54558181799996, -25.937784194999949 ], [ -57.540229797999984, -25.940883634999977 ], [ -57.533744810999963, -25.93925285399996 ], [ -57.527935028999934, -25.945491790999881 ], [ -57.537345886999901, -25.954620360999968 ], [ -57.5377655019999, -25.957622526999955 ], [ -57.524322509999877, -25.963729857999965 ], [ -57.522006988999976, -25.967004775999953 ], [ -57.532032012999878, -25.967451094999944 ], [ -57.538738249999938, -25.973810195999931 ], [ -57.5390663149999, -25.980001447999825 ], [ -57.535129545999951, -25.983459472999925 ], [ -57.526008605999948, -25.98100852999994 ], [ -57.519134521999888, -25.98456191899993 ], [ -57.512840270999959, -25.98056220999996 ], [ -57.504295348999904, -25.968923568999912 ], [ -57.500247955999953, -25.969564436999917 ], [ -57.497272491999979, -25.988122938999879 ], [ -57.498229979999962, -26.011783599999944 ], [ -57.501136779999968, -26.012599944999977 ], [ -57.50016403199993, -26.01497840899998 ], [ -57.49065399199992, -26.017332076999935 ], [ -57.49081039399988, -26.02074050899995 ], [ -57.496276854999849, -26.025186537999957 ], [ -57.493740081999931, -26.032838820999928 ], [ -57.482894897999984, -26.03519248899994 ], [ -57.482856750999929, -26.039451598999847 ], [ -57.488716125999986, -26.042360304999818 ], [ -57.488311766999914, -26.045085907999976 ], [ -57.480716705999896, -26.053430556999956 ], [ -57.45675659099993, -26.11650466899988 ], [ -57.456310272999929, -26.127904890999901 ], [ -57.466594696999948, -26.156965255999978 ], [ -57.47642898499987, -26.165458678999926 ], [ -57.486042022999982, -26.171047209999927 ], [ -57.495204924999882, -26.173059461999969 ], [ -57.524723052999889, -26.171499251999933 ], [ -57.570957184999941, -26.176116942999897 ], [ -57.57642364599991, -26.181749343999911 ], [ -57.584827422999979, -26.199991226999884 ], [ -57.603969573999905, -26.207700727999963 ], [ -57.61259460399998, -26.22304534899996 ], [ -57.62233734199998, -26.217281341999978 ], [ -57.632774353999878, -26.221048355999983 ], [ -57.651573179999957, -26.199974060999978 ], [ -57.688392639999961, -26.183015823999881 ], [ -57.712421416999973, -26.225965498999983 ], [ -57.803241729999968, -26.179252624999947 ], [ -57.806491851999965, -26.17636108399995 ], [ -57.809593199999938, -26.16733550899994 ], [ -57.889247894999983, -26.132139204999874 ], [ -57.897212982999974, -26.135206222999955 ], [ -57.915924071999882, -26.153434752999885 ], [ -57.934310913999923, -26.162973403999899 ], [ -57.952419279999958, -26.152414321999856 ], [ -57.965446472999929, -26.1696128829999 ], [ -57.971698760999971, -26.173868179999943 ], [ -57.980648039999892, -26.170289992999983 ], [ -58.016113281999935, -26.146482466999942 ], [ -58.020107268999823, -26.145799636999925 ], [ -58.025417327999946, -26.148519514999919 ], [ -58.029987334999987, -26.146472930999948 ], [ -58.075130462999937, -26.118961334999938 ], [ -58.073589324999944, -26.11757659999995 ], [ -58.077690124999947, -26.115184782999847 ] ] ] ] } },
{ "type": "Feature", "properties": { "fid": 182, "GID_2": "PRY.15.16_1", "GID_0": "PRY", "COUNTRY": "Paraguay", "GID_1": "PRY.15_1", "NAME_1": "Ñeembucú", "NL_NAME_1": "NA", "NAME_2": "Villalbín", "VARNAME_2": "NA", "NL_NAME_2": "NA", "TYPE_2": "Distrito", "ENGTYPE_2": "District", "CC_2": "NA", "HASC_2": "PY.NE.VI" }, "geometry": { "type": "MultiPolygon", "coordinates": [ [ [ [ -57.861202239999841, -27.293594359999872 ], [ -57.873737334999873, -27.289705276999882 ], [ -57.908733367999901, -27.289245605999952 ], [ -57.943511962999878, -27.282793045999938 ], [ -58.006931303999977, -27.263650893999909 ], [ -58.02679824799992, -27.264394758999913 ], [ -58.010276793999935, -27.218967437999936 ], [ -58.019756317999907, -27.210754394999924 ], [ -58.004638671999885, -27.213016508999942 ], [ -58.001770019999867, -27.21182823099997 ], [ -58.001018524999949, -27.208255767999958 ], [ -58.003929138999979, -27.156835555999976 ], [ -58.001689910999971, -27.10030937199997 ], [ -57.998538970999959, -27.075794218999874 ], [ -57.987773893999986, -27.042087553999977 ], [ -57.990676879999967, -27.035444259999963 ], [ -57.988311766999914, -27.027158736999922 ], [ -57.973808288999919, -27.03902626099989 ], [ -57.814903258999948, -27.091108320999979 ], [ -57.772686004999969, -27.159692764999932 ], [ -57.764907835999963, -27.1765422819999 ], [ -57.783515929999965, -27.205673216999969 ], [ -57.797790526999961, -27.223562239999978 ], [ -57.826755523999964, -27.223924636999925 ], [ -57.838798522999866, -27.231422423999902 ], [ -57.853473662999932, -27.25807380699996 ], [ -57.851699829999916, -27.258743285999856 ], [ -57.861202239999841, -27.293594359999872 ] ] ] ] } },
{ "type": "Feature", "properties": { "fid": 183, "GID_2": "PRY.16.1_1", "GID_0": "PRY", "COUNTRY": "Paraguay", "GID_1": "PRY.16_1", "NAME_1": "Paraguarí", "NL_NAME_1": "NA", "NAME_2": "Acahay", "VARNAME_2": "NA", "NL_NAME_2": "NA", "TYPE_2": "Distrito", "ENGTYPE_2": "District", "CC_2": "NA", "HASC_2": "PY.PG.AC" }, "geometry": { "type": "MultiPolygon", "coordinates": [ [ [ [ -57.190715789999956, -25.85402488699998 ], [ -57.181152343999941, -25.845687866999981 ], [ -57.165100096999879, -25.845500945999902 ], [ -57.147109985999975, -25.832534789999897 ], [ -57.135086059999935, -25.802068709999958 ], [ -57.135967253999922, -25.790328979999913 ], [ -57.121387480999942, -25.799390791999883 ], [ -57.091262816999972, -25.803670882999938 ], [ -57.083003996999935, -25.812648772999978 ], [ -57.07085800099992, -25.819555281999953 ], [ -57.067790984999931, -25.832113265999851 ], [ -57.064189910999971, -25.835018156999922 ], [ -57.043552398999907, -25.838832854999907 ], [ -57.030158995999898, -25.849065779999876 ], [ -57.007698058999836, -25.851779936999947 ], [ -56.991539000999978, -25.845985412999937 ], [ -56.986316680999892, -25.849536894999972 ], [ -56.977333067999894, -25.848747252999829 ], [ -56.963779449999947, -25.841516493999904 ], [ -56.955337524999948, -25.844577789999903 ], [ -56.945491790999938, -25.851488113999949 ], [ -56.942871092999894, -25.856451033999974 ], [ -56.949050902999886, -25.866878509999879 ], [ -56.950157164999951, -25.874298094999972 ], [ -56.911125182999854, -25.878814696999939 ], [ -56.913158415999931, -25.883655547999979 ], [ -56.912162781999882, -25.900848388999918 ], [ -56.915931700999977, -25.911678313999914 ], [ -56.943485259999932, -25.913930891999939 ], [ -56.982662199999936, -25.92367362899995 ], [ -56.984600065999985, -25.925727844999926 ], [ -56.983898162999878, -25.936594008999975 ], [ -56.987030029999914, -25.940568922999887 ], [ -57.012207031999935, -25.939357755999936 ], [ -57.018825529999901, -25.941394805999835 ], [ -57.023456573999852, -25.952922821999948 ], [ -57.021026610999968, -25.955547331999924 ], [ -57.02193069499998, -25.958156584999983 ], [ -57.025245665999932, -25.959516525999959 ], [ -57.038242339999954, -25.961246488999961 ], [ -57.090435027999888, -25.957420349999893 ], [ -57.094684599999937, -25.958501815999966 ], [ -57.102954864999901, -25.969184875999872 ], [ -57.118644714999903, -25.978794096999934 ], [ -57.121543882999902, -25.973491667999951 ], [ -57.133880615999942, -25.973703382999815 ], [ -57.136405944999979, -25.969291685999906 ], [ -57.135711669999921, -25.962829588999909 ], [ -57.139175414999897, -25.960338591999971 ], [ -57.15457916299988, -25.962867737999886 ], [ -57.158962248999899, -25.969722746999878 ], [ -57.180583954999918, -25.950502395999933 ], [ -57.158420563999925, -25.90728569099997 ], [ -57.167739867999899, -25.902696607999815 ], [ -57.18252181999992, -25.899724958999968 ], [ -57.194343566999919, -25.901447296999891 ], [ -57.198230743999943, -25.897989272999951 ], [ -57.199970245999964, -25.892612457999974 ], [ -57.196552275999977, -25.885480880999921 ], [ -57.197410582999851, -25.867460249999965 ], [ -57.190715789999956, -25.85402488699998 ] ] ] ] } },
{ "type": "Feature", "properties": { "fid": 184, "GID_2": "PRY.16.2_1", "GID_0": "PRY", "COUNTRY": "Paraguay", "GID_1": "PRY.16_1", "NAME_1": "Paraguarí", "NL_NAME_1": "NA", "NAME_2": "Caapucú", "VARNAME_2": "NA", "NL_NAME_2": "NA", "TYPE_2": "Distrito", "ENGTYPE_2": "District", "CC_2": "NA", "HASC_2": "PY.PG.CP" }, "geometry": { "type": "MultiPolygon", "coordinates": [ [ [ [ -57.257381438999971, -26.555200576999937 ], [ -57.261821746999829, -26.554903029999934 ], [ -57.270179747999919, -26.565090179999856 ], [ -57.2747879019999, -26.566158294999923 ], [ -57.276805877999891, -26.56942176799987 ], [ -57.274074552999934, -26.572849273999964 ], [ -57.265644072999976, -26.572759626999982 ], [ -57.266899108999894, -26.57671165499994 ], [ -57.274723052999946, -26.577346801999852 ], [ -57.281139373999963, -26.574716567999928 ], [ -57.284130096999888, -26.584390639999924 ], [ -57.295047760999978, -26.570135115999904 ], [ -57.299354552999944, -26.57201766999998 ], [ -57.294517515999985, -26.580099105999921 ], [ -57.297599792999904, -26.582267759999979 ], [ -57.31275558599998, -26.579994200999977 ], [ -57.31499862599992, -26.573289871999975 ], [ -57.320667266999976, -26.572984694999946 ], [ -57.324092864999841, -26.579107283999917 ], [ -57.324180603999821, -26.589748382999915 ], [ -57.335247039999899, -26.593095779999942 ], [ -57.33332061699997, -26.582733153999982 ], [ -57.337299345999895, -26.582164764999959 ], [ -57.338905333999833, -26.59020614699989 ], [ -57.346454619999975, -26.59520721399997 ], [ -57.349426268999935, -26.602010726999936 ], [ -57.352336882999964, -26.601039886999899 ], [ -57.35951614399994, -26.580797195999878 ], [ -57.362445831999878, -26.582414626999935 ], [ -57.362396239999953, -26.594423293999853 ], [ -57.365356445999851, -26.599727630999951 ], [ -57.36966323799993, -26.601610183999924 ], [ -57.372371673999965, -26.595590591999951 ], [ -57.375297545999899, -26.596937179999941 ], [ -57.373680114999956, -26.604997634999904 ], [ -57.380542754999965, -26.60085868799996 ], [ -57.375354766999862, -26.58628654499995 ], [ -57.376544951999904, -26.582048416999839 ], [ -57.381767271999934, -26.583656309999981 ], [ -57.384307860999968, -26.593326567999952 ], [ -57.387401580999892, -26.596443176999912 ], [ -57.403366088999917, -26.598661422999953 ], [ -57.409873961999949, -26.606260298999928 ], [ -57.413394928999878, -26.605554580999978 ], [ -57.414226532999919, -26.596130371999948 ], [ -57.418640136999898, -26.592689512999925 ], [ -57.421596525999917, -26.592506408999952 ], [ -57.43420410199991, -26.601316451999878 ], [ -57.438339232999908, -26.600744247999955 ], [ -57.438434599999823, -26.594739913999945 ], [ -57.431732177999947, -26.582773208999924 ], [ -57.431690215999936, -26.578268049999963 ], [ -57.451068876999955, -26.569263457999909 ], [ -57.450061797999979, -26.560125349999907 ], [ -57.457706450999922, -26.558298110999829 ], [ -57.472473144999924, -26.563926695999953 ], [ -57.474872589999961, -26.558446883999977 ], [ -57.472484587999986, -26.549186706999933 ], [ -57.488113402999943, -26.548934935999966 ], [ -57.488639831999876, -26.540332794999983 ], [ -57.492179870999962, -26.541812896999886 ], [ -57.499523162999935, -26.556222914999978 ], [ -57.507499693999932, -26.55684471099994 ], [ -57.509140014999957, -26.552194595999936 ], [ -57.502620697999987, -26.544055938999861 ], [ -57.503047942999899, -26.540912626999841 ], [ -57.521591186999956, -26.541183471999943 ], [ -57.518775939999898, -26.535335540999881 ], [ -57.509838103999982, -26.530349731999934 ], [ -57.510116576999906, -26.527345655999966 ], [ -57.524524688999918, -26.52805709699993 ], [ -57.536754606999921, -26.525508879999961 ], [ -57.544933317999948, -26.530769346999818 ], [ -57.549774169999978, -26.524728773999982 ], [ -57.548423766999974, -26.51299858099992 ], [ -57.556636810999919, -26.507341383999915 ], [ -57.562934875999929, -26.509065626999927 ], [ -57.566520691999983, -26.514907835999963 ], [ -57.577018738999925, -26.522466659999964 ], [ -57.594482421999828, -26.522190093999882 ], [ -57.608592985999906, -26.509658812999817 ], [ -57.607528685999966, -26.496431349999966 ], [ -57.613620758999957, -26.493104933999973 ], [ -57.621910094999976, -26.48115920999993 ], [ -57.633541106999985, -26.480247496999937 ], [ -57.63958740299995, -26.486747740999874 ], [ -57.641567230999897, -26.485912321999933 ], [ -57.643455504999906, -26.476617811999972 ], [ -57.638633728999935, -26.470106123999983 ], [ -57.639713286999893, -26.466686248999963 ], [ -57.651615141999855, -26.466989517999934 ], [ -57.657745361999901, -26.476398468999946 ], [ -57.662261962999878, -26.474140167999963 ], [ -57.664638519999983, -26.467428205999909 ], [ -57.656909942999903, -26.461217879999879 ], [ -57.654083251999964, -26.455097197999976 ], [ -57.671871185999919, -26.457403183999929 ], [ -57.677009581999926, -26.451358794999919 ], [ -57.67555999699988, -26.445091246999937 ], [ -57.663040161999959, -26.43482589599995 ], [ -57.66860580499997, -26.426179885999943 ], [ -57.664546965999932, -26.418979643999876 ], [ -57.668666838999911, -26.417989729999931 ], [ -57.679431914999952, -26.422540664999929 ], [ -57.684165954999969, -26.421405791999973 ], [ -57.688758849999942, -26.40645408599994 ], [ -57.694114685999978, -26.408216475999893 ], [ -57.700176239999962, -26.415941237999903 ], [ -57.70810317899992, -26.413148879999881 ], [ -57.710163115999933, -26.406436919999919 ], [ -57.704204558999947, -26.393796920999932 ], [ -57.712150573999963, -26.392908096999918 ], [ -57.717918395999959, -26.388763426999901 ], [ -57.713520049999943, -26.379245758999957 ], [ -57.714458466999872, -26.376806258999977 ], [ -57.720535278999876, -26.377273558999946 ], [ -57.733394621999821, -26.390537260999963 ], [ -57.739253997999924, -26.388292312999909 ], [ -57.73690032899998, -26.370580672999949 ], [ -57.730659485999979, -26.364435194999942 ], [ -57.726345060999961, -26.35523414599993 ], [ -57.72703170799997, -26.346317290999934 ], [ -57.715381621999938, -26.344324111999867 ], [ -57.712509154999964, -26.346532820999983 ], [ -57.710731506999878, -26.355386732999932 ], [ -57.704021452999882, -26.362012863999894 ], [ -57.697532653999986, -26.363878248999981 ], [ -57.693168638999964, -26.361654281999961 ], [ -57.685829162999937, -26.350406646999886 ], [ -57.678260802999887, -26.343746184999929 ], [ -57.677963256999874, -26.332851409999876 ], [ -57.683719633999829, -26.326728820999904 ], [ -57.674072266999985, -26.318706511999892 ], [ -57.671840666999969, -26.311552046999964 ], [ -57.6813087459999, -26.29215812599989 ], [ -57.677528380999945, -26.288745880999954 ], [ -57.666652678999981, -26.292982101999939 ], [ -57.661361693999822, -26.292423247999977 ], [ -57.647964477999949, -26.27284812799985 ], [ -57.646919249999883, -26.260414122999919 ], [ -57.635360717999902, -26.254430769999942 ], [ -57.626216888999977, -26.256116866999889 ], [ -57.624324797999861, -26.254579543999967 ], [ -57.62134552099991, -26.246400833999871 ], [ -57.612873076999847, -26.235651014999974 ], [ -57.61259460399998, -26.22304534899996 ], [ -57.603969573999905, -26.207700727999963 ], [ -57.584827422999979, -26.199991226999884 ], [ -57.57642364599991, -26.181749343999911 ], [ -57.570957184999941, -26.176116942999897 ], [ -57.524723052999889, -26.171499251999933 ], [ -57.495204924999882, -26.173059461999969 ], [ -57.486042022999982, -26.171047209999927 ], [ -57.466594696999948, -26.156965255999978 ], [ -57.456310272999929, -26.127904890999901 ], [ -57.45675659099993, -26.11650466899988 ], [ -57.462654114999907, -26.102922437999894 ], [ -57.451667784999984, -26.105083464999836 ], [ -57.446022032999906, -26.111141205999957 ], [ -57.389331816999913, -26.122243880999918 ], [ -57.346790312999872, -26.078338622999922 ], [ -57.345401762999984, -26.073957442999983 ], [ -57.328868865999937, -26.079282759999899 ], [ -57.320281982999916, -26.076314925999839 ], [ -57.315776824999944, -26.077444076999825 ], [ -57.299613952999948, -26.087972639999919 ], [ -57.25999069299985, -26.086589812999819 ], [ -57.242233275999979, -26.088754653999956 ], [ -57.237308502999838, -26.086721418999957 ], [ -57.232887267999956, -26.072717664999914 ], [ -57.226470946999939, -26.067661285999975 ], [ -57.210357664999947, -26.065412520999871 ], [ -57.18571090699993, -26.067064284999958 ], [ -57.16926574699994, -26.079690931999835 ], [ -57.164714813999979, -26.079029082999966 ], [ -57.146476745999962, -26.087238310999908 ], [ -57.139980316999981, -26.094148634999954 ], [ -57.137371062999932, -26.101591110999891 ], [ -57.129749297999979, -26.107265471999881 ], [ -57.125152586999945, -26.114301680999972 ], [ -57.093494415999885, -26.124219893999907 ], [ -57.106159209999987, -26.132499693999932 ], [ -57.110382079999965, -26.132167815999935 ], [ -57.115848540999934, -26.12765312199997 ], [ -57.132419585999969, -26.133684156999891 ], [ -57.149291990999927, -26.163579940999909 ], [ -57.151371002999895, -26.178436278999982 ], [ -57.148262022999972, -26.182075499999883 ], [ -57.12316131599988, -26.193649291999975 ], [ -57.119606017999956, -26.198684692999961 ], [ -57.121513366999864, -26.210376738999969 ], [ -57.128627777999895, -26.217914580999945 ], [ -57.125450133999891, -26.226045607999936 ], [ -57.126811979999957, -26.23223495499991 ], [ -57.120601653999927, -26.241342543999963 ], [ -57.112022399999887, -26.243858336999949 ], [ -57.1097145089999, -26.247724532999882 ], [ -57.115753173999963, -26.276441573999875 ], [ -57.124023436999892, -26.292209624999884 ], [ -57.130371093999941, -26.299045562999936 ], [ -57.13584136999998, -26.314542769999889 ], [ -57.153041838999968, -26.312114715999826 ], [ -57.15470886199995, -26.313617705999945 ], [ -57.14805221499995, -26.330556869999953 ], [ -57.112640380999949, -26.337068557999942 ], [ -57.098628996999821, -26.348136900999918 ], [ -57.094226837999827, -26.361555099999862 ], [ -57.105865478999931, -26.37431335499997 ], [ -57.110916137999936, -26.374561308999944 ], [ -57.119602201999896, -26.3693351739999 ], [ -57.125900267999839, -26.372720717999982 ], [ -57.131916046999947, -26.380199430999824 ], [ -57.127067566999983, -26.387592314999893 ], [ -57.13000488199998, -26.391946791999942 ], [ -57.139659881999933, -26.394083021999961 ], [ -57.148418426999967, -26.399225234999903 ], [ -57.163696288999972, -26.395055769999885 ], [ -57.172458648999964, -26.400747298999875 ], [ -57.183773041999984, -26.420751570999926 ], [ -57.182468412999981, -26.430856704999883 ], [ -57.190044402999945, -26.441053389999979 ], [ -57.190589903999921, -26.453197478999982 ], [ -57.210376738999912, -26.457870482999851 ], [ -57.212245940999935, -26.461957931999905 ], [ -57.210182188999909, -26.473022460999971 ], [ -57.211894988999973, -26.476699827999937 ], [ -57.215568541999971, -26.476541517999976 ], [ -57.223140716999978, -26.465038298999957 ], [ -57.228969573999962, -26.466506957999968 ], [ -57.22766113299997, -26.475797652999972 ], [ -57.220535278999876, -26.485252380999952 ], [ -57.222553253999877, -26.488788604999968 ], [ -57.229904175999934, -26.488748549999968 ], [ -57.23168563899992, -26.481233595999981 ], [ -57.234577179999974, -26.478893280999955 ], [ -57.242771148999907, -26.489091873999939 ], [ -57.245452881999938, -26.479383468999913 ], [ -57.250804899999935, -26.47826385399992 ], [ -57.252834319999977, -26.483163832999878 ], [ -57.251502990999938, -26.489311218999944 ], [ -57.243621825999867, -26.499998091999942 ], [ -57.236595153999986, -26.502359389999981 ], [ -57.245277403999978, -26.515825270999926 ], [ -57.251556395999899, -26.515792846999943 ], [ -57.257808685999976, -26.511934278999888 ], [ -57.258026123999912, -26.520395277999967 ], [ -57.252990722999925, -26.523017882999966 ], [ -57.245014190999939, -26.521425245999922 ], [ -57.235538481999924, -26.524478911999893 ], [ -57.233730314999889, -26.528446197999983 ], [ -57.23867416399986, -26.533607481999979 ], [ -57.245685577999893, -26.529197692999901 ], [ -57.253856657999904, -26.535703657999875 ], [ -57.253585815999884, -26.540210723999849 ], [ -57.249340056999927, -26.545692443999883 ], [ -57.257381438999971, -26.555200576999937 ] ] ] ] } },
{ "type": "Feature", "properties": { "fid": 185, "GID_2": "PRY.16.3_1", "GID_0": "PRY", "COUNTRY": "Paraguay", "GID_1": "PRY.16_1", "NAME_1": "Paraguarí", "NL_NAME_1": "NA", "NAME_2": "Carapeguá", "VARNAME_2": "NA", "NL_NAME_2": "NA", "TYPE_2": "Distrito", "ENGTYPE_2": "District", "CC_2": "NA", "HASC_2": "PY.PG.CR" }, "geometry": { "type": "MultiPolygon", "coordinates": [ [ [ [ -57.398281097999984, -25.621116637999933 ], [ -57.390113830999951, -25.62736129599989 ], [ -57.389617919999978, -25.631723402999853 ], [ -57.384971619999931, -25.629993438999975 ], [ -57.389888762999817, -25.633775711999931 ], [ -57.383888243999934, -25.6360931399999 ], [ -57.38279342699991, -25.641492842999924 ], [ -57.37429046699998, -25.649635314999955 ], [ -57.355243681999866, -25.658695221999949 ], [ -57.349964141999919, -25.663980483999921 ], [ -57.346443176999912, -25.664089201999957 ], [ -57.341484069999922, -25.660167693999938 ], [ -57.328617095999903, -25.666183470999954 ], [ -57.310676575999821, -25.666259765999939 ], [ -57.298187255999949, -25.675001143999964 ], [ -57.286102293999932, -25.673156736999942 ], [ -57.285305021999932, -25.667800903999932 ], [ -57.272331238999925, -25.668289183999832 ], [ -57.261356354999975, -25.688573836999979 ], [ -57.252681732999974, -25.692342758999871 ], [ -57.246234893999883, -25.698429106999981 ], [ -57.23803710899989, -25.699441908999916 ], [ -57.229583740999885, -25.717506407999963 ], [ -57.228591918999825, -25.740617750999945 ], [ -57.212612152999952, -25.74992561199997 ], [ -57.209743498999956, -25.763147353999955 ], [ -57.180183410999973, -25.777893064999944 ], [ -57.166934967999907, -25.774526594999827 ], [ -57.151435851999963, -25.777086256999951 ], [ -57.136486052999942, -25.789270400999897 ], [ -57.135086059999935, -25.802068709999958 ], [ -57.147109985999975, -25.832534789999897 ], [ -57.165100096999879, -25.845500945999902 ], [ -57.181152343999941, -25.845687866999981 ], [ -57.190715789999956, -25.85402488699998 ], [ -57.198337553999977, -25.853565215999936 ], [ -57.204406738999978, -25.841564177999942 ], [ -57.212772369999982, -25.834913253999957 ], [ -57.231845856999939, -25.832052229999931 ], [ -57.245754240999986, -25.837060927999858 ], [ -57.256008148999911, -25.837131500999931 ], [ -57.261096954999971, -25.833938598999964 ], [ -57.275104521999822, -25.831787107999958 ], [ -57.283111571999939, -25.821285247999924 ], [ -57.29582977299998, -25.813089369999943 ], [ -57.311092377999955, -25.812856672999942 ], [ -57.322189329999901, -25.815809248999983 ], [ -57.334403991999977, -25.827693938999857 ], [ -57.344886778999921, -25.827762603999929 ], [ -57.351337433999959, -25.830469130999973 ], [ -57.355461119999916, -25.837043761999951 ], [ -57.367008207999902, -25.846319198999936 ], [ -57.419544219999921, -25.865459440999871 ], [ -57.418819427999892, -25.855241774999911 ], [ -57.423240660999966, -25.844415664999815 ], [ -57.441524504999961, -25.83668136499989 ], [ -57.451385496999876, -25.820217132999915 ], [ -57.452373504999912, -25.812759398999958 ], [ -57.456504821999886, -25.808296201999894 ], [ -57.453643797999973, -25.798563003999959 ], [ -57.46066284199992, -25.780368803999977 ], [ -57.459022521999941, -25.774002074999942 ], [ -57.461441039999841, -25.770454405999942 ], [ -57.456768035999971, -25.763814924999963 ], [ -57.461910247999924, -25.760265348999951 ], [ -57.466514587999939, -25.745801925999899 ], [ -57.443458557999918, -25.707778929999961 ], [ -57.432422637999935, -25.698686598999871 ], [ -57.4290847769999, -25.698045730999866 ], [ -57.425960540999938, -25.700502395999933 ], [ -57.423110961999896, -25.693588256999931 ], [ -57.417343138999968, -25.68904113699989 ], [ -57.41376495399993, -25.67457580599995 ], [ -57.414550780999946, -25.665660857999967 ], [ -57.419284819999973, -25.661113737999983 ], [ -57.416942595999956, -25.654653549999864 ], [ -57.419242857999961, -25.646741866999946 ], [ -57.417610168999943, -25.640367507999883 ], [ -57.408477783999899, -25.62390518199993 ], [ -57.398281097999984, -25.621116637999933 ] ] ] ] } },
{ "type": "Feature", "properties": { "fid": 186, "GID_2": "PRY.16.4_1", "GID_0": "PRY", "COUNTRY": "Paraguay", "GID_1": "PRY.16_1", "NAME_1": "Paraguarí", "NL_NAME_1": "NA", "NAME_2": "Escobar", "VARNAME_2": "NA", "NL_NAME_2": "NA", "TYPE_2": "Distrito", "ENGTYPE_2": "District", "CC_2": "NA", "HASC_2": "PY.PG.ES" }, "geometry": { "type": "MultiPolygon", "coordinates": [ [ [ [ -57.022331236999889, -25.522220611999956 ], [ -57.011161803999983, -25.520677566999893 ], [ -57.00344085699993, -25.52405738799996 ], [ -56.974617003999981, -25.509319304999906 ], [ -56.967815399999949, -25.507564544999923 ], [ -56.961990356999934, -25.50937270999998 ], [ -56.956809996999937, -25.50239944499998 ], [ -56.944671629999959, -25.504083631999947 ], [ -56.933261870999956, -25.498174666999887 ], [ -56.930385589999901, -25.502861021999934 ], [ -56.926647185999911, -25.502353667999898 ], [ -56.902172088999976, -25.559400558999926 ], [ -56.90941238299996, -25.56776618899994 ], [ -56.919494627999939, -25.569982527999912 ], [ -56.914268492999952, -25.582485197999915 ], [ -56.933044432999964, -25.585748670999976 ], [ -56.947807311999952, -25.584903716999918 ], [ -56.962741851999908, -25.595369338999888 ], [ -56.978549957999974, -25.595054626999968 ], [ -56.990348815999823, -25.587476729999935 ], [ -56.997177122999915, -25.598354338999968 ], [ -57.000205992999952, -25.607444762999933 ], [ -56.999855040999876, -25.645618438999975 ], [ -57.001647949999892, -25.648439406999955 ], [ -57.010356902999888, -25.650381087999961 ], [ -57.011394501999973, -25.653755187999877 ], [ -57.006820679999976, -25.669992445999981 ], [ -56.995376585999963, -25.676668166999889 ], [ -56.985862732999976, -25.686534880999943 ], [ -56.966968536999957, -25.729206085999976 ], [ -56.970306395999899, -25.745449066999925 ], [ -56.982444762999876, -25.747817992999899 ], [ -56.982410430999892, -25.751670835999846 ], [ -56.974136352999892, -25.754529952999974 ], [ -56.976608276999968, -25.762420654999971 ], [ -56.976741789999892, -25.779333114999872 ], [ -56.991249084999879, -25.78009796099991 ], [ -57.004199981999932, -25.78485870399993 ], [ -57.015197754999974, -25.776281356999959 ], [ -57.026634215999934, -25.756534576999911 ], [ -57.042751310999961, -25.75371169999994 ], [ -57.056030272999919, -25.735767363999912 ], [ -57.072521208999945, -25.722074508999981 ], [ -57.079151153999987, -25.713518142999931 ], [ -57.088706969999976, -25.708246230999976 ], [ -57.097335815999941, -25.706550596999932 ], [ -57.104408264999961, -25.697027205999973 ], [ -57.100479125999868, -25.688659667999957 ], [ -57.085186004999969, -25.688045501999966 ], [ -57.07455062899993, -25.664306639999893 ], [ -57.075386047999928, -25.653440475999957 ], [ -57.085571289999962, -25.644859313999859 ], [ -57.082504271999881, -25.637458801999912 ], [ -57.084388731999923, -25.624242782999943 ], [ -57.081039427999826, -25.584560392999947 ], [ -57.072395324999945, -25.576213836999898 ], [ -57.068080902999839, -25.567510603999949 ], [ -57.048889160999977, -25.562601088999884 ], [ -57.038200377999942, -25.549373626999966 ], [ -57.039535522999984, -25.537542341999881 ], [ -57.03755569499998, -25.529729843999974 ], [ -57.022331236999889, -25.522220611999956 ] ] ] ] } },
{ "type": "Feature", "properties": { "fid": 187, "GID_2": "PRY.16.5_1", "GID_0": "PRY", "COUNTRY": "Paraguay", "GID_1": "PRY.16_1", "NAME_1": "Paraguarí", "NL_NAME_1": "NA", "NAME_2": "General Bernardino Caballero", "VARNAME_2": "NA", "NL_NAME_2": "NA", "TYPE_2": "Distrito", "ENGTYPE_2": "District", "CC_2": "NA", "HASC_2": "PY.PG.GC" }, "geometry": { "type": "MultiPolygon", "coordinates": [ [ [ [ -56.901145934999818, -25.654615400999887 ], [ -56.888816832999964, -25.660360334999893 ], [ -56.864223479999907, -25.654884337999931 ], [ -56.8600082399999, -25.650962829999912 ], [ -56.854919433999953, -25.639656066999919 ], [ -56.831169128999932, -25.642936705999944 ], [ -56.82416915899995, -25.637189863999879 ], [ -56.812839507999911, -25.619539259999897 ], [ -56.804450988999974, -25.614253996999935 ], [ -56.797752380999952, -25.618780135999884 ], [ -56.778141021999886, -25.623247145999983 ], [ -56.765979766999976, -25.629823683999973 ], [ -56.758335113999919, -25.638725280999836 ], [ -56.770359038999914, -25.644334793999974 ], [ -56.785476684999935, -25.657798766999974 ], [ -56.7936248769999, -25.660572051999907 ], [ -56.822185515999934, -25.681425094999838 ], [ -56.824798582999961, -25.695178985999974 ], [ -56.841339110999968, -25.72068023699984 ], [ -56.84030914199991, -25.730667113999971 ], [ -56.843578337999929, -25.750570296999911 ], [ -56.842193602999942, -25.764495849999946 ], [ -56.838497161999896, -25.773984908999864 ], [ -56.854034422999916, -25.793611525999893 ], [ -56.866226196999946, -25.795574187999932 ], [ -56.872730253999976, -25.80150222899988 ], [ -56.870140074999881, -25.820093154999881 ], [ -56.871299743999828, -25.841060637999931 ], [ -56.87811660899996, -25.842685698999958 ], [ -56.911125182999854, -25.878814696999939 ], [ -56.947597504999976, -25.87486267099996 ], [ -56.950794219999977, -25.871681212999874 ], [ -56.942871092999894, -25.856451033999974 ], [ -56.950199126999962, -25.847482680999917 ], [ -56.963779449999947, -25.841516493999904 ], [ -56.980770111999959, -25.849420546999852 ], [ -56.98917007499989, -25.848699569999951 ], [ -56.991539000999978, -25.845985412999937 ], [ -56.963966368999877, -25.826250075999951 ], [ -56.964099882999903, -25.802051543999937 ], [ -56.948131561999958, -25.77733421399995 ], [ -56.957950591999975, -25.755350112999963 ], [ -56.951221466999982, -25.749866483999938 ], [ -56.94550323399983, -25.748868941999831 ], [ -56.936405182999977, -25.755491255999914 ], [ -56.932945250999921, -25.754068373999871 ], [ -56.923065184999928, -25.738597868999875 ], [ -56.920867919999864, -25.7207927689999 ], [ -56.912406920999956, -25.698539733999951 ], [ -56.896480559999986, -25.68033027599995 ], [ -56.900272369999925, -25.671537398999931 ], [ -56.901145934999818, -25.654615400999887 ] ] ] ] } },
{ "type": "Feature", "properties": { "fid": 188, "GID_2": "PRY.16.6_1", "GID_0": "PRY", "COUNTRY": "Paraguay", "GID_1": "PRY.16_1", "NAME_1": "Paraguarí", "NL_NAME_1": "NA", "NAME_2": "La Colmena", "VARNAME_2": "NA", "NL_NAME_2": "NA", "TYPE_2": "Distrito", "ENGTYPE_2": "District", "CC_2": "NA", "HASC_2": "PY.PG.LC" }, "geometry": { "type": "MultiPolygon", "coordinates": [ [ [ [ -56.753776549999941, -25.921426772999951 ], [ -56.770957946999943, -25.913215635999904 ], [ -56.777713775999985, -25.913049697999952 ], [ -56.767047881999986, -25.923736571999939 ], [ -56.771194457999968, -25.925609588999976 ], [ -56.774036406999983, -25.931610107999973 ], [ -56.784336089999897, -25.940502166999977 ], [ -56.793506621999825, -25.973718643999916 ], [ -56.808044432999907, -25.981758117999959 ], [ -56.813117980999948, -25.989416121999966 ], [ -56.817070007999916, -25.990488051999932 ], [ -56.827228546999947, -25.983661651999967 ], [ -56.824661253999977, -25.961362838999889 ], [ -56.826938627999937, -25.951467513999944 ], [ -56.8336524959999, -25.939891815999886 ], [ -56.844596862999936, -25.930311201999814 ], [ -56.848304748999965, -25.915258406999897 ], [ -56.882152557999916, -25.914094924999915 ], [ -56.880550384999879, -25.90381813099998 ], [ -56.882198332999963, -25.881992339999954 ], [ -56.874069213999974, -25.865070342999843 ], [ -56.863883971999883, -25.852874755999835 ], [ -56.838443754999844, -25.854459762999966 ], [ -56.816333770999904, -25.848936080999977 ], [ -56.777572631999931, -25.851196289999962 ], [ -56.774898529999916, -25.85930824299993 ], [ -56.783329009999875, -25.874080656999979 ], [ -56.785076141999923, -25.883108137999955 ], [ -56.781669616999977, -25.886629104999884 ], [ -56.746078491999924, -25.897136687999932 ], [ -56.749679564999894, -25.902740477999885 ], [ -56.753776549999941, -25.921426772999951 ] ] ] ] } },
{ "type": "Feature", "properties": { "fid": 189, "GID_2": "PRY.16.7_1", "GID_0": "PRY", "COUNTRY": "Paraguay", "GID_1": "PRY.16_1", "NAME_1": "Paraguarí", "NL_NAME_1": "NA", "NAME_2": "Mbuyapey", "VARNAME_2": "NA", "NL_NAME_2": "NA", "TYPE_2": "Distrito", "ENGTYPE_2": "District", "CC_2": "NA", "HASC_2": "PY.PG.MB" }, "geometry": { "type": "MultiPolygon", "coordinates": [ [ [ [ -56.688388823999901, -26.281484602999967 ], [ -56.692363739999905, -26.281229018999966 ], [ -56.698993682999912, -26.285898206999946 ], [ -56.702705383999898, -26.294532776999915 ], [ -56.707798002999937, -26.298244475999979 ], [ -56.707527159999984, -26.310096740999938 ], [ -56.725204467999959, -26.318735122999954 ], [ -56.729682922999871, -26.332523344999913 ], [ -56.739345550999985, -26.342399596999883 ], [ -56.741313933999947, -26.357639311999947 ], [ -56.746955872999933, -26.364261626999962 ], [ -56.743137358999945, -26.372976302999916 ], [ -56.746139526999912, -26.381858825999871 ], [ -56.760742186999948, -26.377384185999858 ], [ -56.771293640999886, -26.390499113999965 ], [ -56.770179748999851, -26.401098250999894 ], [ -56.765583037999932, -26.406539917999908 ], [ -56.771717070999955, -26.428489683999885 ], [ -56.778453825999918, -26.436246871999913 ], [ -56.78684234699989, -26.44140052899985 ], [ -56.797901152999884, -26.440589903999921 ], [ -56.794193268999948, -26.462873457999819 ], [ -56.796924591999982, -26.473402022999892 ], [ -56.801300048999906, -26.478008269999918 ], [ -56.806129455999894, -26.491504668999823 ], [ -56.817741394999928, -26.489366531999906 ], [ -56.82298660299989, -26.495464324999887 ], [ -56.825279235999972, -26.506750105999913 ], [ -56.831508636999956, -26.503650665999885 ], [ -56.832359314999906, -26.497518538999941 ], [ -56.837306976999912, -26.501859664999927 ], [ -56.841114044999983, -26.501890182999887 ], [ -56.839286803999983, -26.509151458999952 ], [ -56.844738006999876, -26.513292312999965 ], [ -56.842414855999948, -26.52641486999994 ], [ -56.845497130999888, -26.530315397999914 ], [ -56.855751037999937, -26.528240202999882 ], [ -56.863544463999858, -26.523712157999967 ], [ -56.87024688799994, -26.514686582999957 ], [ -56.880035400999986, -26.51151466399989 ], [ -56.88487625099998, -26.498128889999975 ], [ -56.883178710999914, -26.495536802999936 ], [ -56.875671386999954, -26.49501609899994 ], [ -56.873668670999962, -26.492292403999897 ], [ -56.877334594999979, -26.490371703999983 ], [ -56.885150908999947, -26.491165160999969 ], [ -56.888496397999972, -26.486518859999933 ], [ -56.89601135199996, -26.487995146999879 ], [ -56.897987364999949, -26.484714507999968 ], [ -56.892604827999946, -26.47940444999989 ], [ -56.879283905999898, -26.481357573999844 ], [ -56.878658293999933, -26.478219986999932 ], [ -56.900646209999934, -26.464090346999967 ], [ -56.902759550999917, -26.457126617999961 ], [ -56.908542631999978, -26.450283049999825 ], [ -56.914360046999889, -26.44971847599993 ], [ -56.926631926999903, -26.455003738999949 ], [ -56.934482574999947, -26.462892530999966 ], [ -56.947349547999977, -26.464080808999881 ], [ -56.950614928999983, -26.47375488299997 ], [ -56.961013793999939, -26.470989227999951 ], [ -56.962978362999934, -26.465658187999907 ], [ -56.953517913999917, -26.442762374999973 ], [ -56.954113006999876, -26.439895628999921 ], [ -56.962665557999912, -26.435359953999921 ], [ -56.959274291999975, -26.43100738499993 ], [ -56.971218108999949, -26.431644438999967 ], [ -56.980354309999939, -26.422874450999814 ], [ -56.991210937999938, -26.420921324999938 ], [ -56.992549895999957, -26.413686752999979 ], [ -57.001380919999917, -26.402175902999886 ], [ -56.994323729999905, -26.397632597999916 ], [ -56.991954802999942, -26.36968612599992 ], [ -56.987777709999875, -26.361051558999918 ], [ -56.966361998999957, -26.357925414999897 ], [ -56.949317932999975, -26.361032485999942 ], [ -56.948898315999884, -26.336416243999963 ], [ -56.942962646999945, -26.327768325999955 ], [ -56.905487060999917, -26.31826209899998 ], [ -56.899154661999887, -26.305084228999874 ], [ -56.878032684999937, -26.28162574699985 ], [ -56.85178375199996, -26.264919280999891 ], [ -56.852577209999879, -26.25720977799989 ], [ -56.866489410999975, -26.244228361999888 ], [ -56.868171692999908, -26.236373900999979 ], [ -56.87230300899995, -26.230581282999879 ], [ -56.868232727999896, -26.219753264999952 ], [ -56.869541166999966, -26.218029021999939 ], [ -56.838787078999985, -26.177524565999931 ], [ -56.844753264999895, -26.169565200999955 ], [ -56.84452056899994, -26.15320205699993 ], [ -56.835510254999974, -26.141403198999967 ], [ -56.83509063799994, -26.133018492999952 ], [ -56.831306457999915, -26.125331877999827 ], [ -56.788520812999934, -26.119543074999854 ], [ -56.786853789999952, -26.103324889999897 ], [ -56.77864074699994, -26.086090086999945 ], [ -56.7945671089999, -26.083911894999915 ], [ -56.798423766999974, -26.080463407999957 ], [ -56.787158966999982, -26.073797225999954 ], [ -56.796009063999918, -26.066734314999906 ], [ -56.794544219999977, -26.061765669999943 ], [ -56.782283782999912, -26.052629470999932 ], [ -56.784099577999882, -26.043199538999886 ], [ -56.789478302999953, -26.041324613999905 ], [ -56.790271759999939, -26.038936614999955 ], [ -56.783168791999969, -26.030437468999878 ], [ -56.779571533999956, -26.00735092199983 ], [ -56.771095275999926, -26.005437849999907 ], [ -56.762699127999952, -25.98918914799998 ], [ -56.754554748999965, -25.981552122999972 ], [ -56.742401121999933, -25.981489180999972 ], [ -56.739463806999936, -25.972791670999982 ], [ -56.737026214999958, -25.971668242999897 ], [ -56.722209930999895, -25.972131728999898 ], [ -56.714439391999974, -25.988405226999873 ], [ -56.708358763999968, -25.995174406999979 ], [ -56.707370757999911, -26.006116866999946 ], [ -56.702449799999897, -26.012989043999937 ], [ -56.696968077999941, -26.031368254999904 ], [ -56.701557159999936, -26.03865051199989 ], [ -56.70590591399997, -26.057540893999885 ], [ -56.709945678999986, -26.061426162999908 ], [ -56.708835601999965, -26.069728849999876 ], [ -56.713752746999944, -26.078237533999925 ], [ -56.711498260999917, -26.08908271699994 ], [ -56.702503204999971, -26.096820831999878 ], [ -56.702808378999976, -26.102542877999952 ], [ -56.698108673999968, -26.111772537999968 ], [ -56.705448149999825, -26.12498092699991 ], [ -56.705055236999897, -26.129882811999948 ], [ -56.699066160999962, -26.136278150999942 ], [ -56.679874419999919, -26.145448683999916 ], [ -56.648792267999966, -26.165037153999947 ], [ -56.640457152999943, -26.169057844999827 ], [ -56.633899687999929, -26.169315336999887 ], [ -56.625244139999893, -26.181840895999926 ], [ -56.633785246999878, -26.19671249299995 ], [ -56.635623930999941, -26.212127684999871 ], [ -56.638698577999889, -26.211050032999879 ], [ -56.645042419999982, -26.201538085999971 ], [ -56.657993316999921, -26.20573806799996 ], [ -56.664951324999947, -26.205186842999979 ], [ -56.66921234199998, -26.215604780999968 ], [ -56.678310393999936, -26.218837736999944 ], [ -56.678928374999884, -26.231824875999905 ], [ -56.691177368999888, -26.238759993999963 ], [ -56.688640594999981, -26.260349272999974 ], [ -56.686443329999975, -26.262363433999894 ], [ -56.688388823999901, -26.281484602999967 ] ] ] ] } },
{ "type": "Feature", "properties": { "fid": 190, "GID_2": "PRY.16.8_1", "GID_0": "PRY", "COUNTRY": "Paraguay", "GID_1": "PRY.16_1", "NAME_1": "Paraguarí", "NL_NAME_1": "NA", "NAME_2": "Paraguarí", "VARNAME_2": "NA", "NL_NAME_2": "NA", "TYPE_2": "Distrito", "ENGTYPE_2": "District", "CC_2": "NA", "HASC_2": "PY.PG.PA" }, "geometry": { "type": "MultiPolygon", "coordinates": [ [ [ [ -57.120460509999987, -25.522954940999966 ], [ -57.108036039999945, -25.512411116999942 ], [ -57.070053099999939, -25.507181166999828 ], [ -57.058616636999943, -25.512556075999839 ], [ -57.025852203999932, -25.515972136999949 ], [ -57.022331236999889, -25.522220611999956 ], [ -57.03755569499998, -25.529729843999974 ], [ -57.039535522999984, -25.537542341999881 ], [ -57.038200377999942, -25.549373626999966 ], [ -57.048889160999977, -25.562601088999884 ], [ -57.068080902999839, -25.567510603999949 ], [ -57.072395324999945, -25.576213836999898 ], [ -57.081039427999826, -25.584560392999947 ], [ -57.084388731999923, -25.624242782999943 ], [ -57.082504271999881, -25.637458801999912 ], [ -57.085571289999962, -25.644859313999859 ], [ -57.075386047999928, -25.653440475999957 ], [ -57.07455062899993, -25.664306639999893 ], [ -57.085186004999969, -25.688045501999966 ], [ -57.100479125999868, -25.688659667999957 ], [ -57.103988647999984, -25.694141387999935 ], [ -57.103336334999938, -25.700193403999947 ], [ -57.099727630999951, -25.704887388999907 ], [ -57.079151153999987, -25.713518142999931 ], [ -57.072521208999945, -25.722074508999981 ], [ -57.056030272999919, -25.735767363999912 ], [ -57.045604704999903, -25.751499175999925 ], [ -57.042751310999961, -25.75371169999994 ], [ -57.02888107299998, -25.755151748999822 ], [ -57.023017883999955, -25.762054442999954 ], [ -57.02516937199988, -25.76809310799996 ], [ -57.01908874499992, -25.779260633999911 ], [ -57.019363402999943, -25.787206648999927 ], [ -57.038208007999856, -25.790039061999892 ], [ -57.051208494999912, -25.801250456999924 ], [ -57.054401396999879, -25.810726165999881 ], [ -57.066291808999949, -25.814382551999984 ], [ -57.07085800099992, -25.819555281999953 ], [ -57.083003996999935, -25.812648772999978 ], [ -57.091262816999972, -25.803670882999938 ], [ -57.121387480999942, -25.799390791999883 ], [ -57.135131834999981, -25.792026519999979 ], [ -57.138885497999979, -25.786369323999963 ], [ -57.151435851999963, -25.777086256999951 ], [ -57.166934967999907, -25.774526594999827 ], [ -57.180183410999973, -25.777893064999944 ], [ -57.207653045999905, -25.764806746999852 ], [ -57.211387632999902, -25.760936737999941 ], [ -57.212612152999952, -25.74992561199997 ], [ -57.228591918999825, -25.740617750999945 ], [ -57.229583740999885, -25.717506407999963 ], [ -57.23803710899989, -25.699441908999916 ], [ -57.246234893999883, -25.698429106999981 ], [ -57.252681732999974, -25.692342758999871 ], [ -57.261356354999975, -25.688573836999979 ], [ -57.266929625999865, -25.676441192999846 ], [ -57.259544371999937, -25.673185347999947 ], [ -57.244960783999886, -25.67134666499993 ], [ -57.23138046299988, -25.66001892099996 ], [ -57.22205352799989, -25.656497953999974 ], [ -57.217380523999964, -25.648824691999948 ], [ -57.207489012999986, -25.616565704999971 ], [ -57.196216582999909, -25.614843366999935 ], [ -57.185203550999972, -25.603218077999941 ], [ -57.180877685999974, -25.59114074699994 ], [ -57.181236267999964, -25.585226058999979 ], [ -57.21258926399986, -25.550556181999923 ], [ -57.196418761999951, -25.542783737999969 ], [ -57.183109282999965, -25.530891417999896 ], [ -57.163276671999938, -25.530040740999937 ], [ -57.157783508999955, -25.525808334999965 ], [ -57.148353576999909, -25.529434204999859 ], [ -57.120460509999987, -25.522954940999966 ] ] ] ] } },
{ "type": "Feature", "properties": { "fid": 191, "GID_2": "PRY.16.9_1", "GID_0": "PRY", "COUNTRY": "Paraguay", "GID_1": "PRY.16_1", "NAME_1": "Paraguarí", "NL_NAME_1": "NA", "NAME_2": "Pirayú", "VARNAME_2": "NA", "NL_NAME_2": "NA", "TYPE_2": "Distrito", "ENGTYPE_2": "District", "CC_2": "NA", "HASC_2": "PY.PG.PI" }, "geometry": { "type": "MultiPolygon", "coordinates": [ [ [ [ -57.319362639999952, -25.488819121999938 ], [ -57.313957214999903, -25.453020095999932 ], [ -57.3111801149999, -25.453533172999983 ], [ -57.291858673999968, -25.441263197999945 ], [ -57.20252609299996, -25.420410155999946 ], [ -57.200298308999947, -25.413131712999927 ], [ -57.200283049999939, -25.396207808999918 ], [ -57.180328369999984, -25.392450332999886 ], [ -57.176895141999978, -25.389894485999889 ], [ -57.174537658999952, -25.406850814999927 ], [ -57.169868469999983, -25.413963316999968 ], [ -57.134807586999898, -25.434101104999968 ], [ -57.1232185369999, -25.446670531999928 ], [ -57.122478484999874, -25.462669371999937 ], [ -57.129089354999905, -25.469861983999976 ], [ -57.119453429999965, -25.497802734999937 ], [ -57.119102478999935, -25.519918440999959 ], [ -57.120731352999883, -25.523761748999902 ], [ -57.148353576999909, -25.529434204999859 ], [ -57.157783508999955, -25.525808334999965 ], [ -57.163276671999938, -25.530040740999937 ], [ -57.185787200999926, -25.531705855999974 ], [ -57.196418761999951, -25.542783737999969 ], [ -57.21258926399986, -25.550556181999923 ], [ -57.229419707999909, -25.527191161999895 ], [ -57.254043578999926, -25.508747100999983 ], [ -57.261627196999882, -25.500461576999953 ], [ -57.309684753999932, -25.488796232999903 ], [ -57.319362639999952, -25.488819121999938 ] ] ] ] } },
{ "type": "Feature", "properties": { "fid": 192, "GID_2": "PRY.16.10_1", "GID_0": "PRY", "COUNTRY": "Paraguay", "GID_1": "PRY.16_1", "NAME_1": "Paraguarí", "NL_NAME_1": "NA", "NAME_2": "Quiíndy", "VARNAME_2": "NA", "NL_NAME_2": "NA", "TYPE_2": "Distrito", "ENGTYPE_2": "District", "CC_2": "NA", "HASC_2": "PY.PG.QI" }, "geometry": { "type": "MultiPolygon", "coordinates": [ [ [ [ -57.501136779999968, -26.012599944999977 ], [ -57.496017455999947, -26.011899947999893 ], [ -57.475486755999896, -25.96331977899996 ], [ -57.462802886999896, -25.944290159999923 ], [ -57.446823119999976, -25.949115752999887 ], [ -57.450908661999961, -25.960670469999968 ], [ -57.447971343999939, -25.960489273999826 ], [ -57.44644164999994, -25.956123351999963 ], [ -57.44289398199993, -25.955123901999968 ], [ -57.443897247999985, -25.952026366999917 ], [ -57.441772460999971, -25.951850890999879 ], [ -57.439121246999946, -25.945573806999903 ], [ -57.44102096599994, -25.938383102999865 ], [ -57.446372986999904, -25.934379577999891 ], [ -57.435497284999883, -25.918737411999928 ], [ -57.432460784999819, -25.918373107999969 ], [ -57.43238830599995, -25.928197860999944 ], [ -57.42935943699996, -25.931655882999962 ], [ -57.419723510999916, -25.931459425999947 ], [ -57.416282653999986, -25.934850691999884 ], [ -57.406959532999963, -25.933801650999953 ], [ -57.367275237999877, -25.919494627999939 ], [ -57.352882385999976, -25.906934736999915 ], [ -57.340778350999983, -25.911966322999945 ], [ -57.327583312999877, -25.912603377999972 ], [ -57.314899443999877, -25.918737411999928 ], [ -57.289157866999972, -25.914497375999929 ], [ -57.280315397999914, -25.910291671999914 ], [ -57.26435470499996, -25.913137434999953 ], [ -57.23525619399993, -25.914001464999842 ], [ -57.205703734999986, -25.919122694999885 ], [ -57.186527252999952, -25.925697325999977 ], [ -57.184490202999825, -25.931207656999902 ], [ -57.189270018999878, -25.943286894999972 ], [ -57.163494108999942, -25.967084884999849 ], [ -57.158962248999899, -25.969722746999878 ], [ -57.15457916299988, -25.962867737999886 ], [ -57.139175414999897, -25.960338591999971 ], [ -57.135711669999921, -25.962829588999909 ], [ -57.136405944999979, -25.969291685999906 ], [ -57.133880615999942, -25.973703382999815 ], [ -57.121543882999902, -25.973491667999951 ], [ -57.118644714999903, -25.978794096999934 ], [ -57.118480681999927, -25.995649336999918 ], [ -57.128013610999972, -26.00935363799988 ], [ -57.13154983499993, -26.027217864999955 ], [ -57.137699127999952, -26.042314527999849 ], [ -57.143749235999962, -26.04434585599995 ], [ -57.149288177999892, -26.050502776999906 ], [ -57.167503356999873, -26.055908202999888 ], [ -57.161491394999985, -26.062820433999889 ], [ -57.164714813999979, -26.079029082999966 ], [ -57.16926574699994, -26.079690931999835 ], [ -57.180358886999954, -26.069707868999842 ], [ -57.188774108999894, -26.065811156999928 ], [ -57.198299407999855, -26.067409513999905 ], [ -57.210357664999947, -26.065412520999871 ], [ -57.230106352999883, -26.069156645999954 ], [ -57.2392501839999, -26.088497161999896 ], [ -57.25999069299985, -26.086589812999819 ], [ -57.293872832999909, -26.088697433999926 ], [ -57.299613952999948, -26.087972639999919 ], [ -57.315776824999944, -26.077444076999825 ], [ -57.320281982999916, -26.076314925999839 ], [ -57.328868865999937, -26.079282759999899 ], [ -57.345401762999984, -26.073957442999983 ], [ -57.346790312999872, -26.078338622999922 ], [ -57.389331816999913, -26.122243880999918 ], [ -57.446022032999906, -26.111141205999957 ], [ -57.451667784999984, -26.105083464999836 ], [ -57.463241576999962, -26.102716445999931 ], [ -57.480716705999896, -26.053430556999956 ], [ -57.488311766999914, -26.045085907999976 ], [ -57.488716125999986, -26.042360304999818 ], [ -57.482856750999929, -26.039451598999847 ], [ -57.482894897999984, -26.03519248899994 ], [ -57.49106216399997, -26.034875869999951 ], [ -57.495082854999907, -26.031141281999965 ], [ -57.496276854999849, -26.025186537999957 ], [ -57.49081039399988, -26.02074050899995 ], [ -57.49065399199992, -26.017332076999935 ], [ -57.50016403199993, -26.01497840899998 ], [ -57.501136779999968, -26.012599944999977 ] ] ] ] } },
{ "type": "Feature", "properties": { "fid": 193, "GID_2": "PRY.16.11_1", "GID_0": "PRY", "COUNTRY": "Paraguay", "GID_1": "PRY.16_1", "NAME_1": "Paraguarí", "NL_NAME_1": "NA", "NAME_2": "Quyquyhó", "VARNAME_2": "NA", "NL_NAME_2": "NA", "TYPE_2": "Distrito", "ENGTYPE_2": "District", "CC_2": "NA", "HASC_2": "PY.PG.QQ" }, "geometry": { "type": "MultiPolygon", "coordinates": [ [ [ [ -57.001380919999917, -26.402175902999886 ], [ -57.005489349999948, -26.401216505999969 ], [ -57.01914596499995, -26.407850264999979 ], [ -57.042079924999939, -26.403390884999965 ], [ -57.045528410999964, -26.391639709999936 ], [ -57.059753417999957, -26.390487670999846 ], [ -57.063716887999874, -26.387739181999962 ], [ -57.072635650999928, -26.369823454999903 ], [ -57.082416534999879, -26.367866515999822 ], [ -57.083309173999965, -26.364313123999978 ], [ -57.095340727999883, -26.364713667999979 ], [ -57.094554900999981, -26.357906340999932 ], [ -57.096939087999885, -26.350893019999887 ], [ -57.109977720999836, -26.338731764999977 ], [ -57.114955901999963, -26.335821151999937 ], [ -57.14805221499995, -26.330556869999953 ], [ -57.150314330999947, -26.327520369999945 ], [ -57.15470886199995, -26.313617705999945 ], [ -57.153041838999968, -26.312114715999826 ], [ -57.13584136999998, -26.314542769999889 ], [ -57.130371093999941, -26.299045562999936 ], [ -57.124023436999892, -26.292209624999884 ], [ -57.115753173999963, -26.276441573999875 ], [ -57.1097145089999, -26.247724532999882 ], [ -57.112022399999887, -26.243858336999949 ], [ -57.120601653999927, -26.241342543999963 ], [ -57.126811979999957, -26.23223495499991 ], [ -57.125450133999891, -26.226045607999936 ], [ -57.128627777999895, -26.217914580999945 ], [ -57.121513366999864, -26.210376738999969 ], [ -57.119606017999956, -26.198684692999961 ], [ -57.12316131599988, -26.193649291999975 ], [ -57.148262022999972, -26.182075499999883 ], [ -57.151371002999895, -26.178436278999982 ], [ -57.149291990999927, -26.163579940999909 ], [ -57.132419585999969, -26.133684156999891 ], [ -57.115848540999934, -26.12765312199997 ], [ -57.110382079999965, -26.132167815999935 ], [ -57.106159209999987, -26.132499693999932 ], [ -57.093494415999885, -26.124219893999907 ], [ -57.063617705999945, -26.144241331999979 ], [ -57.026458739999896, -26.147575377999942 ], [ -57.00715637299993, -26.139852523999934 ], [ -56.998493194999924, -26.139492033999943 ], [ -56.995613096999932, -26.131822584999952 ], [ -56.972431182999969, -26.120639800999982 ], [ -56.960735320999902, -26.117113112999959 ], [ -56.954441069999916, -26.117689132999942 ], [ -56.943103788999963, -26.125841139999864 ], [ -56.920024872999932, -26.153289795999967 ], [ -56.902641295999899, -26.163898467999957 ], [ -56.898113250999984, -26.176271437999901 ], [ -56.895229340999947, -26.174917221999863 ], [ -56.885971068999936, -26.18842124899993 ], [ -56.882804870999905, -26.201530455999944 ], [ -56.868232727999896, -26.219753264999952 ], [ -56.87230300899995, -26.230581282999879 ], [ -56.868171692999908, -26.236373900999979 ], [ -56.866489410999975, -26.244228361999888 ], [ -56.852577209999879, -26.25720977799989 ], [ -56.85178375199996, -26.264919280999891 ], [ -56.878032684999937, -26.28162574699985 ], [ -56.899154661999887, -26.305084228999874 ], [ -56.905487060999917, -26.31826209899998 ], [ -56.942962646999945, -26.327768325999955 ], [ -56.948898315999884, -26.336416243999963 ], [ -56.949317932999975, -26.361032485999942 ], [ -56.966361998999957, -26.357925414999897 ], [ -56.987777709999875, -26.361051558999918 ], [ -56.991954802999942, -26.36968612599992 ], [ -56.994323729999905, -26.397632597999916 ], [ -57.001380919999917, -26.402175902999886 ] ] ] ] } },
{ "type": "Feature", "properties": { "fid": 194, "GID_2": "PRY.16.12_1", "GID_0": "PRY", "COUNTRY": "Paraguay", "GID_1": "PRY.16_1", "NAME_1": "Paraguarí", "NL_NAME_1": "NA", "NAME_2": "San Roque González de Santa Cruz", "VARNAME_2": "NA", "NL_NAME_2": "NA", "TYPE_2": "Distrito", "ENGTYPE_2": "District", "CC_2": "NA", "HASC_2": "PY.PG.SG" }, "geometry": { "type": "MultiPolygon", "coordinates": [ [ [ [ -57.462677000999975, -25.944316863999916 ], [ -57.460514068999942, -25.937358854999957 ], [ -57.446575163999967, -25.922245023999949 ], [ -57.421722411999951, -25.886308669999949 ], [ -57.416179656999986, -25.870019911999918 ], [ -57.419544219999921, -25.865459440999871 ], [ -57.367008207999902, -25.846319198999936 ], [ -57.355461119999916, -25.837043761999951 ], [ -57.351337433999959, -25.830469130999973 ], [ -57.344886778999921, -25.827762603999929 ], [ -57.334403991999977, -25.827693938999857 ], [ -57.322189329999901, -25.815809248999983 ], [ -57.311092377999955, -25.812856672999942 ], [ -57.29582977299998, -25.813089369999943 ], [ -57.283111571999939, -25.821285247999924 ], [ -57.275104521999822, -25.831787107999958 ], [ -57.261096954999971, -25.833938598999964 ], [ -57.256008148999911, -25.837131500999931 ], [ -57.245754240999986, -25.837060927999858 ], [ -57.231845856999939, -25.832052229999931 ], [ -57.212772369999982, -25.834913253999957 ], [ -57.204406738999978, -25.841564177999942 ], [ -57.200576781999985, -25.851764678999928 ], [ -57.190715789999956, -25.85402488699998 ], [ -57.197410582999851, -25.867460249999965 ], [ -57.196552275999977, -25.885480880999921 ], [ -57.199970245999964, -25.892612457999974 ], [ -57.196598052999946, -25.900194167999871 ], [ -57.179954527999882, -25.900152205999973 ], [ -57.158420563999925, -25.90728569099997 ], [ -57.180583954999918, -25.950502395999933 ], [ -57.189270018999878, -25.943286894999972 ], [ -57.184490202999825, -25.931207656999902 ], [ -57.186527252999952, -25.925697325999977 ], [ -57.208576201999904, -25.91828346099993 ], [ -57.280315397999914, -25.910291671999914 ], [ -57.289157866999972, -25.914497375999929 ], [ -57.314899443999877, -25.918737411999928 ], [ -57.327583312999877, -25.912603377999972 ], [ -57.340778350999983, -25.911966322999945 ], [ -57.352882385999976, -25.906934736999915 ], [ -57.367275237999877, -25.919494627999939 ], [ -57.406959532999963, -25.933801650999953 ], [ -57.416282653999986, -25.934850691999884 ], [ -57.419723510999916, -25.931459425999947 ], [ -57.42935943699996, -25.931655882999962 ], [ -57.432186126999909, -25.929016113999865 ], [ -57.432460784999819, -25.918373107999969 ], [ -57.434280394999917, -25.917919158999894 ], [ -57.445762633999948, -25.932651518999933 ], [ -57.445873260999974, -25.936294554999961 ], [ -57.44102096599994, -25.938383102999865 ], [ -57.439121246999946, -25.945573806999903 ], [ -57.441772460999971, -25.951850890999879 ], [ -57.443897247999985, -25.952026366999917 ], [ -57.44289398199993, -25.955123901999968 ], [ -57.44644164999994, -25.956123351999963 ], [ -57.44979858499994, -25.96121597299998 ], [ -57.451110838999966, -25.959756851999884 ], [ -57.446823119999976, -25.949115752999887 ], [ -57.462677000999975, -25.944316863999916 ] ] ] ] } },
{ "type": "Feature", "properties": { "fid": 195, "GID_2": "PRY.16.13_1", "GID_0": "PRY", "COUNTRY": "Paraguay", "GID_1": "PRY.16_1", "NAME_1": "Paraguarí", "NL_NAME_1": "NA", "NAME_2": "Sapucaí", "VARNAME_2": "NA", "NL_NAME_2": "NA", "TYPE_2": "Distrito", "ENGTYPE_2": "District", "CC_2": "NA", "HASC_2": "PY.PG.SA" }, "geometry": { "type": "MultiPolygon", "coordinates": [ [ [ [ -56.914268492999952, -25.582485197999915 ], [ -56.911666870999909, -25.594215392999899 ], [ -56.921230316999981, -25.598993301999883 ], [ -56.936157225999978, -25.622365951999939 ], [ -56.94773483299997, -25.634613035999848 ], [ -56.943016051999905, -25.643484113999932 ], [ -56.911491392999949, -25.64875030599984 ], [ -56.901145934999818, -25.654615400999887 ], [ -56.900272369999925, -25.671537398999931 ], [ -56.896480559999986, -25.68033027599995 ], [ -56.912406920999956, -25.698539733999951 ], [ -56.920867919999864, -25.7207927689999 ], [ -56.923065184999928, -25.738597868999875 ], [ -56.932945250999921, -25.754068373999871 ], [ -56.936405182999977, -25.755491255999914 ], [ -56.94550323399983, -25.748868941999831 ], [ -56.951221466999982, -25.749866483999938 ], [ -56.957950591999975, -25.755350112999963 ], [ -56.948131561999958, -25.77733421399995 ], [ -56.964099882999903, -25.802051543999937 ], [ -56.963966368999877, -25.826250075999951 ], [ -56.991539000999978, -25.845985412999937 ], [ -57.007698058999836, -25.851779936999947 ], [ -57.030158995999898, -25.849065779999876 ], [ -57.043552398999907, -25.838832854999907 ], [ -57.064189910999971, -25.835018156999922 ], [ -57.067790984999931, -25.832113265999851 ], [ -57.070838926999954, -25.823848723999845 ], [ -57.069255827999882, -25.816566466999916 ], [ -57.054401396999879, -25.810726165999881 ], [ -57.051208494999912, -25.801250456999924 ], [ -57.038208007999856, -25.790039061999892 ], [ -57.019363402999943, -25.787206648999927 ], [ -57.01908874499992, -25.779260633999911 ], [ -57.02516937199988, -25.76809310799996 ], [ -57.023792266999919, -25.763629913999978 ], [ -57.015197754999974, -25.776281356999959 ], [ -57.004199981999932, -25.78485870399993 ], [ -56.991249084999879, -25.78009796099991 ], [ -56.976741789999892, -25.779333114999872 ], [ -56.975429533999943, -25.77549171499993 ], [ -56.976879118999932, -25.765720366999858 ], [ -56.974136352999892, -25.754529952999974 ], [ -56.982410430999892, -25.751670835999846 ], [ -56.982444762999876, -25.747817992999899 ], [ -56.970306395999899, -25.745449066999925 ], [ -56.966968536999957, -25.729206085999976 ], [ -56.985862732999976, -25.686534880999943 ], [ -56.995376585999963, -25.676668166999889 ], [ -57.006820679999976, -25.669992445999981 ], [ -57.011394501999973, -25.653755187999877 ], [ -57.010356902999888, -25.650381087999961 ], [ -57.001647949999892, -25.648439406999955 ], [ -56.999855040999876, -25.645618438999975 ], [ -57.000205992999952, -25.607444762999933 ], [ -56.997177122999915, -25.598354338999968 ], [ -56.990348815999823, -25.587476729999935 ], [ -56.978549957999974, -25.595054626999968 ], [ -56.962741851999908, -25.595369338999888 ], [ -56.947807311999952, -25.584903716999918 ], [ -56.933044432999964, -25.585748670999976 ], [ -56.914268492999952, -25.582485197999915 ] ] ] ] } },
{ "type": "Feature", "properties": { "fid": 196, "GID_2": "PRY.16.14_1", "GID_0": "PRY", "COUNTRY": "Paraguay", "GID_1": "PRY.16_1", "NAME_1": "Paraguarí", "NL_NAME_1": "NA", "NAME_2": "Tebicuarymí", "VARNAME_2": "NA", "NL_NAME_2": "NA", "TYPE_2": "Distrito", "ENGTYPE_2": "District", "CC_2": "NA", "HASC_2": "PY.PG.TE" }, "geometry": { "type": "MultiPolygon", "coordinates": [ [ [ [ -56.572628020999957, -25.94128608699998 ], [ -56.56154251199996, -25.956876754999882 ], [ -56.547637939999902, -25.963602064999975 ], [ -56.558200835999912, -25.963840483999888 ], [ -56.571109772999876, -25.968999862999908 ], [ -56.576911926999912, -25.967613219999976 ], [ -56.583160399999883, -25.971229551999954 ], [ -56.596794128999875, -25.972707748999937 ], [ -56.61592483499993, -25.973423004999972 ], [ -56.628780364999955, -25.970403670999929 ], [ -56.645793914999956, -25.972173690999966 ], [ -56.661289215999886, -25.967428206999898 ], [ -56.671134949999953, -25.953790664999872 ], [ -56.686542511999903, -25.95234107899995 ], [ -56.698013306999883, -25.946535109999957 ], [ -56.714828491999867, -25.950283050999928 ], [ -56.735385894999922, -25.944795607999936 ], [ -56.739372252999885, -25.941410064999957 ], [ -56.746139526999912, -25.926906584999927 ], [ -56.753776549999941, -25.921426772999951 ], [ -56.749679564999894, -25.902740477999885 ], [ -56.743553160999966, -25.889551161999975 ], [ -56.728115081999817, -25.87916755599997 ], [ -56.727031706999981, -25.865320204999932 ], [ -56.713977812999985, -25.85981368899985 ], [ -56.712516783999888, -25.850769041999968 ], [ -56.681320189999894, -25.848844526999983 ], [ -56.66123199599997, -25.837707519999981 ], [ -56.659481048999908, -25.842668532999937 ], [ -56.641559600999983, -25.862598418999937 ], [ -56.641494750999982, -25.869203565999953 ], [ -56.620658874999947, -25.879205702999855 ], [ -56.621643065999933, -25.885345457999904 ], [ -56.619266509999932, -25.894681929999877 ], [ -56.609905242999957, -25.899824140999897 ], [ -56.605293273999962, -25.905939101999934 ], [ -56.605403899999942, -25.925758360999964 ], [ -56.594688414999837, -25.935617445999981 ], [ -56.592411040999878, -25.94343376199987 ], [ -56.590305327999886, -25.944934844999977 ], [ -56.582149504999904, -25.940174101999901 ], [ -56.572628020999957, -25.94128608699998 ] ] ] ] } },
{ "type": "Feature", "properties": { "fid": 197, "GID_2": "PRY.16.15_1", "GID_0": "PRY", "COUNTRY": "Paraguay", "GID_1": "PRY.16_1", "NAME_1": "Paraguarí", "NL_NAME_1": "NA", "NAME_2": "Yaguarón", "VARNAME_2": "NA", "NL_NAME_2": "NA", "TYPE_2": "Distrito", "ENGTYPE_2": "District", "CC_2": "NA", "HASC_2": "PY.PG.YA" }, "geometry": { "type": "MultiPolygon", "coordinates": [ [ [ [ -57.389888762999817, -25.633775711999931 ], [ -57.378356934999942, -25.628732680999917 ], [ -57.370655058999944, -25.617740629999957 ], [ -57.347305296999934, -25.604398727999921 ], [ -57.346401214999901, -25.581363677999946 ], [ -57.331809997999926, -25.572748183999977 ], [ -57.319362639999952, -25.488819121999938 ], [ -57.309684753999932, -25.488796232999903 ], [ -57.261627196999882, -25.500461576999953 ], [ -57.254043578999926, -25.508747100999983 ], [ -57.229419707999909, -25.527191161999895 ], [ -57.207275390999939, -25.558261870999956 ], [ -57.181236267999964, -25.585226058999979 ], [ -57.180458068999883, -25.588802336999947 ], [ -57.185203550999972, -25.603218077999941 ], [ -57.193565367999952, -25.612932204999822 ], [ -57.204383849999942, -25.615348815999937 ], [ -57.208801269999981, -25.618619918999968 ], [ -57.212764739999898, -25.635786055999915 ], [ -57.22205352799989, -25.656497953999974 ], [ -57.23138046299988, -25.66001892099996 ], [ -57.240814209999826, -25.669038771999965 ], [ -57.251792906999867, -25.673505782999882 ], [ -57.259544371999937, -25.673185347999947 ], [ -57.266929625999865, -25.676441192999846 ], [ -57.272331238999925, -25.668289183999832 ], [ -57.283462524999891, -25.667669294999939 ], [ -57.286140440999986, -25.66820335299991 ], [ -57.286102293999932, -25.673156736999942 ], [ -57.298187255999949, -25.675001143999964 ], [ -57.310676575999821, -25.666259765999939 ], [ -57.328617095999903, -25.666183470999954 ], [ -57.341484069999922, -25.660167693999938 ], [ -57.346443176999912, -25.664089201999957 ], [ -57.349964141999919, -25.663980483999921 ], [ -57.355243681999866, -25.658695221999949 ], [ -57.37429046699998, -25.649635314999955 ], [ -57.38279342699991, -25.641492842999924 ], [ -57.383888243999934, -25.6360931399999 ], [ -57.389888762999817, -25.633775711999931 ] ] ] ] } },
{ "type": "Feature", "properties": { "fid": 198, "GID_2": "PRY.16.16_1", "GID_0": "PRY", "COUNTRY": "Paraguay", "GID_1": "PRY.16_1", "NAME_1": "Paraguarí", "NL_NAME_1": "NA", "NAME_2": "Ybycui", "VARNAME_2": "NA", "NL_NAME_2": "NA", "TYPE_2": "Distrito", "ENGTYPE_2": "District", "CC_2": "NA", "HASC_2": "NA" }, "geometry": { "type": "MultiPolygon", "coordinates": [ [ [ [ -56.767047881999986, -25.923736571999939 ], [ -56.74213790899995, -25.944160460999967 ], [ -56.734176635999972, -25.953754425999932 ], [ -56.730960845999903, -25.962612150999973 ], [ -56.722209930999895, -25.972131728999898 ], [ -56.738594055999897, -25.972124098999871 ], [ -56.742401121999933, -25.981489180999972 ], [ -56.754554748999965, -25.981552122999972 ], [ -56.762699127999952, -25.98918914799998 ], [ -56.771095275999926, -26.005437849999907 ], [ -56.779571533999956, -26.00735092199983 ], [ -56.783168791999969, -26.030437468999878 ], [ -56.790271759999939, -26.038936614999955 ], [ -56.789478302999953, -26.041324613999905 ], [ -56.784099577999882, -26.043199538999886 ], [ -56.782283782999912, -26.052629470999932 ], [ -56.794544219999977, -26.061765669999943 ], [ -56.796009063999918, -26.066734314999906 ], [ -56.787158966999982, -26.073797225999954 ], [ -56.798423766999974, -26.080463407999957 ], [ -56.7945671089999, -26.083911894999915 ], [ -56.77864074699994, -26.086090086999945 ], [ -56.786853789999952, -26.103324889999897 ], [ -56.787021637999885, -26.116525649999858 ], [ -56.790958404999913, -26.120363234999957 ], [ -56.831306457999915, -26.125331877999827 ], [ -56.83509063799994, -26.133018492999952 ], [ -56.835510254999974, -26.141403198999967 ], [ -56.845588684999939, -26.156501768999931 ], [ -56.844753264999895, -26.169565200999955 ], [ -56.838787078999985, -26.177524565999931 ], [ -56.868011474999889, -26.215692519999948 ], [ -56.868232727999896, -26.219753264999952 ], [ -56.882804870999905, -26.201530455999944 ], [ -56.885971068999936, -26.18842124899993 ], [ -56.895229340999947, -26.174917221999863 ], [ -56.898113250999984, -26.176271437999901 ], [ -56.902641295999899, -26.163898467999957 ], [ -56.920024872999932, -26.153289795999967 ], [ -56.943103788999963, -26.125841139999864 ], [ -56.954441069999916, -26.117689132999942 ], [ -56.960735320999902, -26.117113112999959 ], [ -56.972431182999969, -26.120639800999982 ], [ -56.995613096999932, -26.131822584999952 ], [ -56.998493194999924, -26.139492033999943 ], [ -57.011478422999971, -26.141181945999961 ], [ -57.019138336999958, -26.14595603999993 ], [ -57.05205154399988, -26.14649581999987 ], [ -57.058750152999892, -26.143402099999889 ], [ -57.063617705999945, -26.144241331999979 ], [ -57.080787657999963, -26.134527206999906 ], [ -57.088390349999884, -26.126398085999938 ], [ -57.125152586999945, -26.114301680999972 ], [ -57.129749297999979, -26.107265471999881 ], [ -57.137371062999932, -26.101591110999891 ], [ -57.139980316999981, -26.094148634999954 ], [ -57.146476745999962, -26.087238310999908 ], [ -57.164714813999979, -26.079029082999966 ], [ -57.161491394999985, -26.062820433999889 ], [ -57.167503356999873, -26.055908202999888 ], [ -57.149288177999892, -26.050502776999906 ], [ -57.143749235999962, -26.04434585599995 ], [ -57.137699127999952, -26.042314527999849 ], [ -57.13154983499993, -26.027217864999955 ], [ -57.128013610999972, -26.00935363799988 ], [ -57.118480681999927, -25.995649336999918 ], [ -57.118644714999903, -25.978794096999934 ], [ -57.102954864999901, -25.969184875999872 ], [ -57.094684599999937, -25.958501815999966 ], [ -57.086494445999961, -25.956756590999873 ], [ -57.038242339999954, -25.961246488999961 ], [ -57.025245665999932, -25.959516525999959 ], [ -57.02193069499998, -25.958156584999983 ], [ -57.021026610999968, -25.955547331999924 ], [ -57.023456573999852, -25.952922821999948 ], [ -57.018825529999901, -25.941394805999835 ], [ -57.012207031999935, -25.939357755999936 ], [ -56.987030029999914, -25.940568922999887 ], [ -56.983898162999878, -25.936594008999975 ], [ -56.984600065999985, -25.925727844999926 ], [ -56.982662199999936, -25.92367362899995 ], [ -56.943485259999932, -25.913930891999939 ], [ -56.912162781999882, -25.911575316999915 ], [ -56.870471952999878, -25.915939330999947 ], [ -56.850597381999933, -25.914213179999933 ], [ -56.848304748999965, -25.915258406999897 ], [ -56.844596862999936, -25.930311201999814 ], [ -56.829460143999938, -25.945728301999907 ], [ -56.824661253999977, -25.961362838999889 ], [ -56.827228546999947, -25.983661651999967 ], [ -56.817070007999916, -25.990488051999932 ], [ -56.813117980999948, -25.989416121999966 ], [ -56.808044432999907, -25.981758117999959 ], [ -56.793506621999825, -25.973718643999916 ], [ -56.784336089999897, -25.940502166999977 ], [ -56.774036406999983, -25.931610107999973 ], [ -56.771194457999968, -25.925609588999976 ], [ -56.767047881999986, -25.923736571999939 ] ] ] ] } },
{ "type": "Feature", "properties": { "fid": 199, "GID_2": "PRY.16.17_1", "GID_0": "PRY", "COUNTRY": "Paraguay", "GID_1": "PRY.16_1", "NAME_1": "Paraguarí", "NL_NAME_1": "NA", "NAME_2": "Ybytimí", "VARNAME_2": "NA", "NL_NAME_2": "NA", "TYPE_2": "Distrito", "ENGTYPE_2": "District", "CC_2": "NA", "HASC_2": "PY.PG.YT" }, "geometry": { "type": "MultiPolygon", "coordinates": [ [ [ [ -56.661434172999975, -25.694206237999879 ], [ -56.68122863799988, -25.75924301099991 ], [ -56.66123199599997, -25.837707519999981 ], [ -56.681320189999894, -25.848844526999983 ], [ -56.712516783999888, -25.850769041999968 ], [ -56.713977812999985, -25.85981368899985 ], [ -56.727031706999981, -25.865320204999932 ], [ -56.728115081999817, -25.87916755599997 ], [ -56.743553160999966, -25.889551161999975 ], [ -56.746078491999924, -25.897136687999932 ], [ -56.78413390999998, -25.885461807999945 ], [ -56.784378050999919, -25.876768112999969 ], [ -56.774898529999916, -25.85930824299993 ], [ -56.777572631999931, -25.851196289999962 ], [ -56.816333770999904, -25.848936080999977 ], [ -56.838443754999844, -25.854459762999966 ], [ -56.863883971999883, -25.852874755999835 ], [ -56.874069213999974, -25.865070342999843 ], [ -56.882198332999963, -25.881992339999954 ], [ -56.880550384999879, -25.90381813099998 ], [ -56.882152557999916, -25.914094924999915 ], [ -56.915931700999977, -25.911678313999914 ], [ -56.912162781999882, -25.900848388999918 ], [ -56.913158415999931, -25.883655547999979 ], [ -56.911125182999854, -25.878814696999939 ], [ -56.87811660899996, -25.842685698999958 ], [ -56.871299743999828, -25.841060637999931 ], [ -56.86982345499996, -25.83754539499995 ], [ -56.872730253999976, -25.80150222899988 ], [ -56.866226196999946, -25.795574187999932 ], [ -56.854034422999916, -25.793611525999893 ], [ -56.838497161999896, -25.773984908999864 ], [ -56.842193602999942, -25.764495849999946 ], [ -56.843578337999929, -25.750570296999911 ], [ -56.84030914199991, -25.730667113999971 ], [ -56.841339110999968, -25.72068023699984 ], [ -56.824798582999961, -25.695178985999974 ], [ -56.822185515999934, -25.681425094999838 ], [ -56.819690703999925, -25.679126738999912 ], [ -56.7936248769999, -25.660572051999907 ], [ -56.785476684999935, -25.657798766999974 ], [ -56.770359038999914, -25.644334793999974 ], [ -56.758335113999919, -25.638725280999836 ], [ -56.747592924999822, -25.640645980999921 ], [ -56.740444182999966, -25.648477552999907 ], [ -56.729366302999949, -25.65175056399994 ], [ -56.716640471999938, -25.65061187799995 ], [ -56.713138580999953, -25.657903669999939 ], [ -56.695438385999921, -25.66831016499998 ], [ -56.69564437799994, -25.681125640999937 ], [ -56.68940353399995, -25.692203521999829 ], [ -56.661434172999975, -25.694206237999879 ] ] ] ] } },
{ "type": "Feature", "properties": { "fid": 200, "GID_2": "PRY.17.1_1", "GID_0": "PRY", "COUNTRY": "Paraguay", "GID_1": "PRY.17_1", "NAME_1": "Presidente Hayes", "NL_NAME_1": "NA", "NAME_2": "Benjamín Aceval", "VARNAME_2": "NA", "NL_NAME_2": "NA", "TYPE_2": "Distrito", "ENGTYPE_2": "District", "CC_2": "NA", "HASC_2": "PY.PH.BA" }, "geometry": { "type": "MultiPolygon", "coordinates": [ [ [ [ -57.462055206999935, -25.099250793999886 ], [ -57.463268280999955, -25.096979140999963 ], [ -57.476631164999901, -25.094701765999901 ], [ -57.490375518999883, -25.086692810999921 ], [ -57.498912810999968, -25.08505058399993 ], [ -57.5143051149999, -25.089044570999931 ], [ -57.522804152999925, -25.097741846999838 ], [ -57.551773, -25.070278 ], [ -57.572212126999943, -25.065919906999966 ], [ -57.591991424999947, -25.054439543999877 ], [ -57.598384857999861, -25.041503905999946 ], [ -57.596565, -25.025849999999878 ], [ -57.590323999999839, -25.007587 ], [ -57.590176, -24.995974999999873 ], [ -57.595547710999938, -24.987672748999955 ], [ -57.61694717499995, -24.985599517999958 ], [ -57.641735076999964, -24.967235565999886 ], [ -57.652481079999916, -24.955274581999959 ], [ -57.701445994999972, -24.930053998999938 ], [ -57.694981, -24.929314 ], [ -57.694450121999921, -24.926323684999943 ], [ -57.700187682999911, -24.92082405099984 ], [ -57.691219, -24.915028 ], [ -57.689423, -24.909658 ], [ -57.69066608299994, -24.905496848999974 ], [ -57.694545, -24.898461 ], [ -57.692277036999883, -24.90279801399987 ], [ -57.726039886999956, -24.896539687999962 ], [ -57.746494, -24.88843 ], [ -57.759132158999932, -24.886814059999949 ], [ -57.776004999999884, -24.894345999999814 ], [ -57.786177072999976, -24.893330316999879 ], [ -57.79415893599986, -24.884859084999903 ], [ -57.792263, -24.859574999999836 ], [ -57.795544, -24.849875999999881 ], [ -57.801071, -24.846275 ], [ -57.821491, -24.842888 ], [ -57.846565, -24.844134999999881 ], [ -57.868590421999897, -24.842049588999885 ], [ -57.889510998999981, -24.827628999999831 ], [ -57.91074387499998, -24.818651066999962 ], [ -57.912804, -24.815147 ], [ -57.918897779999895, -24.817006230999937 ], [ -57.927894791999847, -24.831798606999939 ], [ -57.933872067999971, -24.831590684999981 ], [ -57.93632107499991, -24.821197965999943 ], [ -57.956122999999877, -24.813637 ], [ -57.980518, -24.80797 ], [ -57.987761998999986, -24.803593 ], [ -57.988152, -24.796707 ], [ -57.993759, -24.789642 ], [ -57.998912863999976, -24.788082040999939 ], [ -58.006400998999936, -24.77408 ], [ -58.005107925999823, -24.763822923999896 ], [ -57.99799, -24.756523 ], [ -57.995808, -24.750414 ], [ -57.996872, -24.734993 ], [ -58.00034, -24.730339 ], [ -58.021332, -24.71723 ], [ -58.03112, -24.704514998999855 ], [ -58.030601999999874, -24.674329999999884 ], [ -58.069789886999899, -24.672908783999958 ], [ -58.084926922999955, -24.67647899699989 ], [ -58.09254455599995, -24.665212630999918 ], [ -58.0914649959999, -24.659069059999922 ], [ -58.085098, -24.651749000999814 ], [ -58.048157, -24.61738 ], [ -58.04686, -24.607126 ], [ -58.055568695999966, -24.588270187999967 ], [ -58.055164442999853, -24.580746254999951 ], [ -58.051475523999898, -24.574407577999978 ], [ -58.039386949999937, -24.564829005999968 ], [ -58.024887, -24.565125 ], [ -58.018338507999943, -24.562147684999957 ], [ -58.010419285999888, -24.553513477999957 ], [ -57.996177672999977, -24.552639007999971 ], [ -57.98847579999989, -24.548107147999815 ], [ -57.973819999999819, -24.553431 ], [ -57.944897, -24.550026 ], [ -57.922569273999898, -24.558664322999959 ], [ -57.891582488999973, -24.565912246999972 ], [ -57.836142999999879, -24.606267999999886 ], [ -57.822147000999962, -24.610178 ], [ -57.817455, -24.620633999999825 ], [ -57.791622, -24.627001 ], [ -57.783012, -24.634157 ], [ -57.768238066999913, -24.62298011699994 ], [ -57.763762998999937, -24.623133000999928 ], [ -57.753696440999875, -24.631019590999983 ], [ -57.748322, -24.642874 ], [ -57.730094909999934, -24.666826248999939 ], [ -57.722511291999922, -24.679437636999978 ], [ -57.720291, -24.694618 ], [ -57.687397003999877, -24.722120284999903 ], [ -57.68647, -24.747952 ], [ -57.682926, -24.755250999999873 ], [ -57.677455999999893, -24.758467 ], [ -57.666374, -24.758703 ], [ -57.639202, -24.746873999999877 ], [ -57.630294799999888, -24.747768401999906 ], [ -57.592815, -24.76309 ], [ -57.575817, -24.765509 ], [ -57.555294000999936, -24.772772000999964 ], [ -57.530524999999898, -24.788363999999888 ], [ -57.512428, -24.794436 ], [ -57.502925871999935, -24.790676116999975 ], [ -57.506519, -24.780525 ], [ -57.490849, -24.76890799999984 ], [ -57.478343962999929, -24.755304336999927 ], [ -57.468006132999903, -24.75318336499987 ], [ -57.438636779999854, -24.737350462999927 ], [ -57.432556677999912, -24.736889246999851 ], [ -57.426242828999932, -24.714365005999923 ], [ -57.422916412999882, -24.714010236999968 ], [ -57.41626, -24.720773999999892 ], [ -57.394222, -24.748296999999866 ], [ -57.379803, -24.745223999999894 ], [ -57.368801116999919, -24.732185363999918 ], [ -57.340632998999979, -24.727116000999899 ], [ -57.324008940999931, -24.733427046999907 ], [ -57.321544647999929, -24.749504087999981 ], [ -57.314758299999937, -24.757503509999935 ], [ -57.296253204999971, -24.770181656999966 ], [ -57.291667937999932, -24.777938842999902 ], [ -57.29088974099983, -24.785224913999969 ], [ -57.2921981799999, -24.788457870999935 ], [ -57.29992675699998, -24.791330337999909 ], [ -57.316635131999874, -24.78542137099987 ], [ -57.319385528999987, -24.789884567999934 ], [ -57.327384948999907, -24.794929503999924 ], [ -57.325004576999959, -24.805019378999873 ], [ -57.316230773999905, -24.817577362999941 ], [ -57.308258056999819, -24.819976804999953 ], [ -57.297954559999937, -24.837877273999936 ], [ -57.285278320999964, -24.844217300999958 ], [ -57.270030975999873, -24.845542907999913 ], [ -57.263488769999981, -24.855169296999975 ], [ -57.26428222699991, -24.859792708999976 ], [ -57.268295287999877, -24.855991362999873 ], [ -57.280078886999888, -24.864702223999871 ], [ -57.297393798999906, -24.86513519399989 ], [ -57.305835723999962, -24.871259687999952 ], [ -57.270992278999984, -24.863948820999951 ], [ -57.265419004999842, -24.878723144999981 ], [ -57.228389739999955, -24.891717909999954 ], [ -57.222316742999908, -24.903869628999814 ], [ -57.223453520999954, -24.914737700999922 ], [ -57.226966857999912, -24.917726515999959 ], [ -57.233840942999905, -24.918632507999973 ], [ -57.279838560999906, -24.902481078999926 ], [ -57.289501190999943, -24.902580260999969 ], [ -57.295021056999985, -24.905332564999981 ], [ -57.307518004999963, -24.918792722999967 ], [ -57.320968627999889, -24.949840545999905 ], [ -57.314903258999948, -24.951606750999872 ], [ -57.318241119999982, -24.956741333999958 ], [ -57.313243865999937, -24.954809187999899 ], [ -57.311107635999974, -24.956573485999968 ], [ -57.330238341999916, -24.997167587999968 ], [ -57.341781615999878, -25.009279250999953 ], [ -57.3499488839999, -25.022216796999885 ], [ -57.372863769999981, -25.035486220999928 ], [ -57.379661560999978, -25.058769224999935 ], [ -57.395298003999983, -25.051851272999954 ], [ -57.417861937999987, -25.05495262099987 ], [ -57.421501158999945, -25.065010069999914 ], [ -57.439422606999926, -25.090528487999961 ], [ -57.448249816999976, -25.09560966399988 ], [ -57.462055206999935, -25.099250793999886 ] ] ] ] } },
{ "type": "Feature", "properties": { "fid": 201, "GID_2": "PRY.17.2_1", "GID_0": "PRY", "COUNTRY": "Paraguay", "GID_1": "PRY.17_1", "NAME_1": "Presidente Hayes", "NL_NAME_1": "NA", "NAME_2": "Pozo Colorado", "VARNAME_2": "NA", "NL_NAME_2": "NA", "TYPE_2": "Distrito", "ENGTYPE_2": "District", "CC_2": "NA", "HASC_2": "PY.PH.PC" }, "geometry": { "type": "MultiPolygon", "coordinates": [ [ [ [ -59.323272704999965, -22.039112090999879 ], [ -59.21492767299992, -22.095863342999905 ], [ -59.197551727999951, -22.102172850999978 ], [ -59.21050262499989, -22.123874662999867 ], [ -59.224422454999967, -22.164876936999917 ], [ -59.219104765999873, -22.223077773999933 ], [ -59.200805663999972, -22.246204374999877 ], [ -59.164302825999869, -22.262479782999947 ], [ -59.125461577999829, -22.244316101999971 ], [ -59.084526061999952, -22.23860359199989 ], [ -59.038555144999918, -22.251247405999948 ], [ -59.002101896999932, -22.268974304999972 ], [ -58.924850464999906, -22.313964842999951 ], [ -58.917682646999879, -22.357952116999968 ], [ -58.915649413999972, -22.39820289499994 ], [ -58.918052673999853, -22.440574645999902 ], [ -58.906574248999959, -22.480030059999933 ], [ -58.870098113999916, -22.49624824499989 ], [ -58.844757078999919, -22.537487029999909 ], [ -58.814945219999913, -22.56429290799997 ], [ -58.774787902999947, -22.573055265999926 ], [ -58.72873687799995, -22.573970793999933 ], [ -58.643188475999921, -22.561838149999971 ], [ -58.567386626999905, -22.59093856699991 ], [ -58.525024413999972, -22.586496352999973 ], [ -58.484889983999949, -22.590789794999921 ], [ -58.457244872999979, -22.616582870999935 ], [ -58.466163635999919, -22.653196333999972 ], [ -58.483844756999986, -22.684364318999883 ], [ -58.518302916999971, -22.704515455999911 ], [ -58.546241760999919, -22.732713699999977 ], [ -58.56112289399988, -22.768119811999952 ], [ -58.557605743999943, -22.81040954599996 ], [ -58.529769896999937, -22.876976012999819 ], [ -58.520778654999958, -22.921451568999942 ], [ -58.522483824999881, -22.979099272999918 ], [ -58.529514311999947, -23.048379896999961 ], [ -58.499996185999976, -23.095504759999983 ], [ -58.49813079899991, -23.142627715999936 ], [ -58.475627899999893, -23.178207397999927 ], [ -58.440570831999878, -23.198602675999894 ], [ -58.417514800999925, -23.215616225999952 ], [ -58.401782988999912, -23.223068237999939 ], [ -58.373165130999951, -23.224971771999947 ], [ -58.337406157999851, -23.21927642799983 ], [ -58.25305557299987, -23.198852537999983 ], [ -58.235328673999959, -23.1994132989999 ], [ -58.228099822999923, -23.195936203999906 ], [ -58.204547881999986, -23.173229216999971 ], [ -58.18791198699995, -23.166067123999881 ], [ -58.145648956999935, -23.165224074999912 ], [ -58.121501922999983, -23.173755644999915 ], [ -58.082447052999896, -23.173597334999954 ], [ -58.059757231999981, -23.170059203999983 ], [ -58.043315886999949, -23.160753249999857 ], [ -57.965270996999891, -23.087947845999963 ], [ -57.940063475999921, -23.072238921999883 ], [ -57.907165526999961, -23.055915832999972 ], [ -57.937042236999957, -23.050626754999939 ], [ -57.927841185999853, -23.049495696999884 ], [ -57.917079925999928, -23.043363571999919 ], [ -57.884212493999883, -23.037006378999934 ], [ -57.828056334999928, -23.002229689999979 ], [ -57.785507200999973, -22.983451841999909 ], [ -57.802520750999918, -23.013639448999982 ], [ -57.801895141999921, -23.034017561999974 ], [ -57.795932769999979, -23.041009901999871 ], [ -57.78012466399997, -23.042293548999965 ], [ -57.765899656999977, -23.058145521999961 ], [ -57.750858306999987, -23.066844939999896 ], [ -57.749195098999849, -23.083154678999961 ], [ -57.74227523799982, -23.095958708999945 ], [ -57.731365203999928, -23.103052138999942 ], [ -57.716686248999906, -23.108078001999957 ], [ -57.665035247999924, -23.097505568999964 ], [ -57.653209686999958, -23.100912093999909 ], [ -57.648200988999974, -23.108139036999944 ], [ -57.648632049999947, -23.116653440999926 ], [ -57.660770415999934, -23.139808653999978 ], [ -57.646320343999889, -23.185131072999923 ], [ -57.633808134999981, -23.198104857999908 ], [ -57.569049834999987, -23.22469329899991 ], [ -57.564060211999958, -23.232675552999922 ], [ -57.562988280999889, -23.24757766599987 ], [ -57.558547972999861, -23.255531310999913 ], [ -57.519577026999912, -23.284572601999912 ], [ -57.506595610999909, -23.330289839999921 ], [ -57.524993895999955, -23.339052199999912 ], [ -57.538154602999953, -23.349996565999959 ], [ -57.542694092999966, -23.358037947999946 ], [ -57.539352416999918, -23.367837905999977 ], [ -57.533740997999985, -23.374990463999836 ], [ -57.517856596999934, -23.385040282999853 ], [ -57.499877928999979, -23.403669357999945 ], [ -57.485298155999885, -23.423543929999937 ], [ -57.481399535999913, -23.434907911999971 ], [ -57.468273162999878, -23.437931060999972 ], [ -57.452640532999965, -23.463666914999976 ], [ -57.451595306999934, -23.47321891699994 ], [ -57.457012175999921, -23.476800917999924 ], [ -57.466983794999976, -23.502309797999942 ], [ -57.481899261999956, -23.520404815999939 ], [ -57.481670378999922, -23.538211822999983 ], [ -57.469833373999847, -23.572885512999903 ], [ -57.478801726999905, -23.566814422999926 ], [ -57.485698699999887, -23.558256148999874 ], [ -57.487785339999959, -23.56128692599998 ], [ -57.486888885999974, -23.57057380699996 ], [ -57.496116637999933, -23.572488783999859 ], [ -57.506568907999906, -23.588060378999955 ], [ -57.500469206999981, -23.586696624999831 ], [ -57.491130828999928, -23.593261717999894 ], [ -57.478874206999933, -23.606407165999883 ], [ -57.473022460999914, -23.616565703999925 ], [ -57.463386535999973, -23.620267867999928 ], [ -57.456237791999911, -23.633766174999892 ], [ -57.440288543999827, -23.646028517999923 ], [ -57.430877685999917, -23.663557051999931 ], [ -57.400470733999896, -23.678953169999886 ], [ -57.388710021999884, -23.691637038999886 ], [ -57.38019943099988, -23.692768096999941 ], [ -57.374111175999985, -23.696592331999909 ], [ -57.359378814999957, -23.690832136999973 ], [ -57.349243162999983, -23.691844938999964 ], [ -57.342575072999978, -23.695478438999942 ], [ -57.339580534999925, -23.701738357999886 ], [ -57.353595733999953, -23.69716834899998 ], [ -57.358390808999957, -23.697582244999921 ], [ -57.35866928199988, -23.700115203999871 ], [ -57.336032866999915, -23.709468839999943 ], [ -57.292884826999966, -23.712308882999935 ], [ -57.266826628999866, -23.727378844999976 ], [ -57.261688232999973, -23.742046356999879 ], [ -57.261577604999957, -23.751493453999956 ], [ -57.267494201999966, -23.755872726999939 ], [ -57.284610748999967, -23.761213301999931 ], [ -57.289958954999975, -23.773054121999962 ], [ -57.288360594999972, -23.785995483999955 ], [ -57.285068510999906, -23.789171217999922 ], [ -57.260002135999912, -23.791498183999977 ], [ -57.254215239999894, -23.798015593999935 ], [ -57.256710051999903, -23.807939528999839 ], [ -57.27575683699996, -23.823942183999975 ], [ -57.282611845999952, -23.836444854999911 ], [ -57.279838560999906, -23.846536635999939 ], [ -57.259670257999971, -23.865797042999873 ], [ -57.265552520999961, -23.87544250499991 ], [ -57.273250579999967, -23.879045485999939 ], [ -57.302089690999878, -23.88206291299997 ], [ -57.309249878999879, -23.887676237999983 ], [ -57.31464004399993, -23.881170272999896 ], [ -57.317630766999912, -23.881614683999885 ], [ -57.328140152999936, -23.873998719999918 ], [ -57.342026, -23.848669 ], [ -57.391769407999902, -23.867780685999946 ], [ -57.434223, -23.863218 ], [ -57.477539061999948, -23.888080596999941 ], [ -57.521835327999895, -23.926103591999947 ], [ -57.56419, -23.917179 ], [ -57.599098, -23.893583 ], [ -57.641971999999896, -23.882816 ], [ -57.688522, -23.865918999999849 ], [ -57.738529, -23.855008999999882 ], [ -57.782406, -23.851711 ], [ -57.805927, -23.84354 ], [ -57.827988, -23.825453 ], [ -57.877178, -23.84292 ], [ -57.923866, -23.852001 ], [ -57.965373999999883, -23.855566 ], [ -58.04833221399997, -23.883750914999894 ], [ -58.134307860999911, -23.883132934999935 ], [ -58.220298998999851, -23.85778199899994 ], [ -58.261047, -23.848492 ], [ -58.302917, -23.848782 ], [ -58.350674, -23.85388399999988 ], [ -58.424060999999881, -23.838531 ], [ -58.464275000999976, -23.847616 ], [ -58.500187, -23.847755 ], [ -58.536869, -23.841703 ], [ -58.565979, -23.819858999999894 ], [ -58.644435881999925, -23.798755645999961 ], [ -58.673801, -23.77412 ], [ -58.717334747999985, -23.778247832999909 ], [ -58.75668, -23.759749999999826 ], [ -58.844635010999923, -23.763093947999948 ], [ -58.919505999999842, -23.724586 ], [ -58.95879, -23.733379 ], [ -59.000214398999901, -23.735299944999895 ], [ -59.040797999999882, -23.72967 ], [ -59.083698, -23.730171 ], [ -59.130459256999984, -23.740220833999842 ], [ -59.17113113299996, -23.738639831999933 ], [ -59.214866636999943, -23.742492674999937 ], [ -59.262096404999966, -23.732610701999874 ], [ -59.309456, -23.730227999999897 ], [ -59.39765528099997, -23.731622693999952 ], [ -59.427482604999966, -23.699190138999938 ], [ -59.434196, -23.65941 ], [ -59.458110809999937, -23.629077910999854 ], [ -59.476592998999877, -23.585083000999873 ], [ -59.477119075999894, -23.489193274999934 ], [ -59.483574, -23.438143 ], [ -59.501358, -23.436928 ], [ -59.626041, -23.45219 ], [ -59.807228, -23.467358 ], [ -59.848049, -23.467564 ], [ -59.900871, -23.47377 ], [ -59.95364, -23.475847 ], [ -60.035099000999935, -23.498058 ], [ -60.046566009999879, -23.499303816999941 ], [ -60.028652190999878, -23.403625487999875 ], [ -60.006214141999976, -23.325933455999973 ], [ -59.988842009999985, -23.281368254999904 ], [ -59.975833892999958, -23.256591795999896 ], [ -59.950607300999934, -23.218980788999943 ], [ -59.950782776999972, -23.20260238599991 ], [ -59.980178833999844, -23.177686690999906 ], [ -59.979755401999967, -23.111623762999955 ], [ -59.947959899999887, -23.035717010999974 ], [ -59.942337035999969, -22.997468948999824 ], [ -59.944095610999909, -22.964513778999901 ], [ -59.961364744999969, -22.933622359999845 ], [ -59.943885803999876, -22.915973662999932 ], [ -59.930557250999982, -22.881118773999845 ], [ -59.931251525999983, -22.839700698999934 ], [ -59.916198730999895, -22.757425307999881 ], [ -59.883541107999918, -22.725269316999913 ], [ -59.731895446999886, -22.530376433999891 ], [ -59.701732635999917, -22.460960387999876 ], [ -59.704658508999955, -22.415773390999959 ], [ -59.638782501999856, -22.410858152999879 ], [ -59.597515105999889, -22.417129516999978 ], [ -59.586528777999945, -22.372499465999965 ], [ -59.587993621999885, -22.318187712999929 ], [ -59.558128356999987, -22.287975309999922 ], [ -59.516651153999987, -22.267215728999929 ], [ -59.480373382999971, -22.24488067599998 ], [ -59.440231322999921, -22.246696470999893 ], [ -59.347839355999952, -22.242179870999962 ], [ -59.311019897999927, -22.188737869999954 ], [ -59.282337188999918, -22.160715101999983 ], [ -59.323272704999965, -22.039112090999879 ] ] ] ] } },
{ "type": "Feature", "properties": { "fid": 202, "GID_2": "PRY.17.3_1", "GID_0": "PRY", "COUNTRY": "Paraguay", "GID_1": "PRY.17_1", "NAME_1": "Presidente Hayes", "NL_NAME_1": "NA", "NAME_2": "Puerto Pinasco", "VARNAME_2": "NA", "NL_NAME_2": "NA", "TYPE_2": "Distrito", "ENGTYPE_2": "District", "CC_2": "NA", "HASC_2": "PY.PH.PP" }, "geometry": { "type": "MultiPolygon", "coordinates": [ [ [ [ -59.197551727999951, -22.102172850999978 ], [ -59.165878296999949, -22.11367034999995 ], [ -59.146209716999863, -22.123954771999934 ], [ -59.060989378999864, -22.119882582999878 ], [ -58.975421904999905, -22.133518219999928 ], [ -58.669239043999937, -22.130338667999922 ], [ -58.584571836999942, -22.134134290999896 ], [ -58.541530609999938, -22.131891250999956 ], [ -58.499237060999974, -22.133045194999966 ], [ -58.463493345999893, -22.150619505999941 ], [ -58.423393248999957, -22.156520842999896 ], [ -58.300243377999948, -22.164363859999924 ], [ -58.254375456999981, -22.16476249599998 ], [ -58.22546768199993, -22.205762862999961 ], [ -58.218849181999985, -22.239324569999951 ], [ -58.189712523999958, -22.268663404999813 ], [ -58.108089446999884, -22.294488907999948 ], [ -57.987636564999832, -22.342872619999923 ], [ -57.856369018999885, -22.380706787999941 ], [ -57.873291014999893, -22.384105681999813 ], [ -57.879261016999919, -22.388940810999941 ], [ -57.880981444999975, -22.399227142999962 ], [ -57.875568388999852, -22.408182142999976 ], [ -57.851039886999843, -22.418767928999955 ], [ -57.845619202999956, -22.424133299999937 ], [ -57.840904236999904, -22.434526442999982 ], [ -57.839969634999932, -22.448057173999928 ], [ -57.852443694999977, -22.482719420999899 ], [ -57.856014251999909, -22.498556137999969 ], [ -57.853267668999877, -22.502744673999814 ], [ -57.857540130999951, -22.503105162999873 ], [ -57.845851898999911, -22.509172439999872 ], [ -57.833366393999938, -22.509202956999843 ], [ -57.83533859299996, -22.533769607999886 ], [ -57.830425262999938, -22.558530807999887 ], [ -57.815971373999957, -22.580518722999898 ], [ -57.781707762999929, -22.610080718999939 ], [ -57.772956847999922, -22.626991270999952 ], [ -57.772407531999932, -22.63904380799994 ], [ -57.780513763999977, -22.645057677999887 ], [ -57.790424346999941, -22.643951415999936 ], [ -57.829124449999938, -22.627475738999919 ], [ -57.865745543999878, -22.633251189999953 ], [ -57.882671356999936, -22.631311415999846 ], [ -57.911655424999935, -22.639707564999981 ], [ -57.936084746999882, -22.65049171499993 ], [ -57.941051481999978, -22.672533034999844 ], [ -57.940376280999885, -22.681455610999933 ], [ -57.931095122999977, -22.714014053999904 ], [ -57.924777984999878, -22.725208282999915 ], [ -57.916191101999857, -22.730930328999875 ], [ -57.890476226999908, -22.739456175999919 ], [ -57.887268066999866, -22.748273848999929 ], [ -57.881103515999882, -22.753078459999927 ], [ -57.878234863999921, -22.764122008999834 ], [ -57.886310576999961, -22.770431517999896 ], [ -57.887924194999982, -22.775032042999953 ], [ -57.874210357999914, -22.797224044999837 ], [ -57.874282835999963, -22.814273833999948 ], [ -57.865474700999926, -22.8290538789999 ], [ -57.857162475999985, -22.833740233999947 ], [ -57.835372924999945, -22.831090926999877 ], [ -57.826023101999908, -22.832284925999886 ], [ -57.815147399999887, -22.823650358999942 ], [ -57.809280394999917, -22.848499297999979 ], [ -57.802001953999877, -22.855615615999909 ], [ -57.799285888999975, -22.86181068399992 ], [ -57.799610136999945, -22.873296737999965 ], [ -57.805175779999956, -22.885053633999973 ], [ -57.830627440999933, -22.90326499899993 ], [ -57.83193206899989, -22.910921095999925 ], [ -57.828826903999925, -22.916637420999962 ], [ -57.818397521999941, -22.925079344999972 ], [ -57.810649871999885, -22.938053129999957 ], [ -57.784854887999984, -22.961975097999982 ], [ -57.781967162999877, -22.972776411999916 ], [ -57.785507200999973, -22.983451841999909 ], [ -57.828056334999928, -23.002229689999979 ], [ -57.884212493999883, -23.037006378999934 ], [ -57.917079925999928, -23.043363571999919 ], [ -57.927841185999853, -23.049495696999884 ], [ -57.937042236999957, -23.050626754999939 ], [ -57.907165526999961, -23.055915832999972 ], [ -57.940063475999921, -23.072238921999883 ], [ -57.965270996999891, -23.087947845999963 ], [ -58.043315886999949, -23.160753249999857 ], [ -58.059757231999981, -23.170059203999983 ], [ -58.082447052999896, -23.173597334999954 ], [ -58.121501922999983, -23.173755644999915 ], [ -58.145648956999935, -23.165224074999912 ], [ -58.18791198699995, -23.166067123999881 ], [ -58.204547881999986, -23.173229216999971 ], [ -58.228099822999923, -23.195936203999906 ], [ -58.235328673999959, -23.1994132989999 ], [ -58.25305557299987, -23.198852537999983 ], [ -58.337406157999851, -23.21927642799983 ], [ -58.373165130999951, -23.224971771999947 ], [ -58.401782988999912, -23.223068237999939 ], [ -58.417514800999925, -23.215616225999952 ], [ -58.440570831999878, -23.198602675999894 ], [ -58.475627899999893, -23.178207397999927 ], [ -58.49813079899991, -23.142627715999936 ], [ -58.499996185999976, -23.095504759999983 ], [ -58.529514311999947, -23.048379896999961 ], [ -58.522483824999881, -22.979099272999918 ], [ -58.520778654999958, -22.921451568999942 ], [ -58.529769896999937, -22.876976012999819 ], [ -58.557605743999943, -22.81040954599996 ], [ -58.56112289399988, -22.768119811999952 ], [ -58.546241760999919, -22.732713699999977 ], [ -58.518302916999971, -22.704515455999911 ], [ -58.483844756999986, -22.684364318999883 ], [ -58.466163635999919, -22.653196333999972 ], [ -58.457244872999979, -22.616582870999935 ], [ -58.484889983999949, -22.590789794999921 ], [ -58.525024413999972, -22.586496352999973 ], [ -58.567386626999905, -22.59093856699991 ], [ -58.643188475999921, -22.561838149999971 ], [ -58.72873687799995, -22.573970793999933 ], [ -58.774787902999947, -22.573055265999926 ], [ -58.814945219999913, -22.56429290799997 ], [ -58.844757078999919, -22.537487029999909 ], [ -58.870098113999916, -22.49624824499989 ], [ -58.906574248999959, -22.480030059999933 ], [ -58.918052673999853, -22.440574645999902 ], [ -58.915649413999972, -22.39820289499994 ], [ -58.917682646999879, -22.357952116999968 ], [ -58.924850464999906, -22.313964842999951 ], [ -59.002101896999932, -22.268974304999972 ], [ -59.038555144999918, -22.251247405999948 ], [ -59.084526061999952, -22.23860359199989 ], [ -59.125461577999829, -22.244316101999971 ], [ -59.164302825999869, -22.262479782999947 ], [ -59.200805663999972, -22.246204374999877 ], [ -59.219104765999873, -22.223077773999933 ], [ -59.224422454999967, -22.164876936999917 ], [ -59.21050262499989, -22.123874662999867 ], [ -59.197551727999951, -22.102172850999978 ] ] ] ] } },
{ "type": "Feature", "properties": { "fid": 203, "GID_2": "PRY.17.4_1", "GID_0": "PRY", "COUNTRY": "Paraguay", "GID_1": "PRY.17_1", "NAME_1": "Presidente Hayes", "NL_NAME_1": "NA", "NAME_2": "Villa Hayes", "VARNAME_2": "NA", "NL_NAME_2": "NA", "TYPE_2": "Distrito", "ENGTYPE_2": "District", "CC_2": "NA", "HASC_2": "PY.PH.VH" }, "geometry": { "type": "MultiPolygon", "coordinates": [ [ [ [ -60.369479999999896, -24.030127 ], [ -60.380997, -24.019144 ], [ -60.390499113999965, -23.995708465999883 ], [ -60.397068000999923, -23.990990000999943 ], [ -60.435898446999943, -23.977021589999936 ], [ -60.452503203999925, -23.96409034699991 ], [ -60.469322204999855, -23.960855484999968 ], [ -60.505252838999922, -23.962093352999887 ], [ -60.517025, -23.966036 ], [ -60.56742899999989, -23.95698 ], [ -60.584038, -23.945007 ], [ -60.588028, -23.935227999999881 ], [ -60.587608337999939, -23.917776108999931 ], [ -60.603061854999964, -23.901945121999916 ], [ -60.660824, -23.906429 ], [ -60.702766000999929, -23.894136 ], [ -60.715508, -23.884750000999873 ], [ -60.729866, -23.881412999999895 ], [ -60.734866999999895, -23.876431 ], [ -60.747161864999953, -23.873899459999961 ], [ -60.753384, -23.875662 ], [ -60.762741088999974, -23.870922087999929 ], [ -60.776066, -23.876699 ], [ -60.785850524999887, -23.87270545899986 ], [ -60.79908799999987, -23.879511 ], [ -60.799397, -23.871874999999875 ], [ -60.798488787999929, -23.876721985999893 ], [ -60.785251841999923, -23.869915088999903 ], [ -60.778408050999985, -23.873168945999907 ], [ -60.77313613899986, -23.829151152999941 ], [ -60.775859831999981, -23.791242598999872 ], [ -60.774466999999845, -23.739288 ], [ -60.761768, -23.685017 ], [ -60.743576048999898, -23.649164198999927 ], [ -60.709209309999892, -23.625345214999982 ], [ -60.666332243999875, -23.620071410999913 ], [ -60.624870300999987, -23.611379623999937 ], [ -60.542156219999981, -23.573057174999974 ], [ -60.477851866999856, -23.580057143999966 ], [ -60.434368133999897, -23.580251692999923 ], [ -60.292419432999964, -23.570444107999947 ], [ -60.204406738999978, -23.557359694999946 ], [ -60.157558440999935, -23.541425705999814 ], [ -60.117481230999942, -23.522523879999937 ], [ -60.079978942999958, -23.508342742999957 ], [ -59.95364, -23.475847 ], [ -59.900871, -23.47377 ], [ -59.848049, -23.467564 ], [ -59.807228, -23.467358 ], [ -59.626041, -23.45219 ], [ -59.501358, -23.436928 ], [ -59.483574, -23.438143 ], [ -59.477119075999894, -23.489193274999934 ], [ -59.476592998999877, -23.585083000999873 ], [ -59.458110809999937, -23.629077910999854 ], [ -59.434196, -23.65941 ], [ -59.427482604999966, -23.699190138999938 ], [ -59.39765528099997, -23.731622693999952 ], [ -59.309456, -23.730227999999897 ], [ -59.262096404999966, -23.732610701999874 ], [ -59.214866636999943, -23.742492674999937 ], [ -59.17113113299996, -23.738639831999933 ], [ -59.130459256999984, -23.740220833999842 ], [ -59.083698, -23.730171 ], [ -59.040797999999882, -23.72967 ], [ -59.000214398999901, -23.735299944999895 ], [ -58.95879, -23.733379 ], [ -58.919505999999842, -23.724586 ], [ -58.844635010999923, -23.763093947999948 ], [ -58.75668, -23.759749999999826 ], [ -58.717334747999985, -23.778247832999909 ], [ -58.673801, -23.77412 ], [ -58.644435881999925, -23.798755645999961 ], [ -58.565979, -23.819858999999894 ], [ -58.536869, -23.841703 ], [ -58.500187, -23.847755 ], [ -58.464275000999976, -23.847616 ], [ -58.424060999999881, -23.838531 ], [ -58.350674, -23.85388399999988 ], [ -58.302917, -23.848782 ], [ -58.261047, -23.848492 ], [ -58.220298998999851, -23.85778199899994 ], [ -58.134307860999911, -23.883132934999935 ], [ -58.04833221399997, -23.883750914999894 ], [ -57.965373999999883, -23.855566 ], [ -57.923866, -23.852001 ], [ -57.877178, -23.84292 ], [ -57.827988, -23.825453 ], [ -57.805927, -23.84354 ], [ -57.782406, -23.851711 ], [ -57.738529, -23.855008999999882 ], [ -57.688522, -23.865918999999849 ], [ -57.641971999999896, -23.882816 ], [ -57.599098, -23.893583 ], [ -57.56419, -23.917179 ], [ -57.521835327999895, -23.926103591999947 ], [ -57.477539061999948, -23.888080596999941 ], [ -57.434223, -23.863218 ], [ -57.391769407999902, -23.867780685999946 ], [ -57.342026, -23.848669 ], [ -57.328140152999936, -23.873998719999918 ], [ -57.317630766999912, -23.881614683999885 ], [ -57.319816679999974, -23.88719922699994 ], [ -57.313274, -23.889741999999842 ], [ -57.310791, -23.893443999999874 ], [ -57.308780669999976, -23.912391661999891 ], [ -57.305607, -23.919563 ], [ -57.297283172999983, -23.927230833999886 ], [ -57.269077, -23.939651 ], [ -57.245589999999822, -23.942286 ], [ -57.238884, -23.958267 ], [ -57.248455009999986, -23.970903348999911 ], [ -57.248233794999976, -23.976726530999883 ], [ -57.221817, -23.98089 ], [ -57.216911, -23.99029499999989 ], [ -57.216992617999949, -23.999556028999905 ], [ -57.21991, -24.003652999999872 ], [ -57.238758, -24.013296 ], [ -57.262916802999939, -24.018285929999934 ], [ -57.270996, -24.028591 ], [ -57.267707824999945, -24.038669585999912 ], [ -57.2627105709999, -24.045162200999982 ], [ -57.21843, -24.067083 ], [ -57.211818999999878, -24.079973 ], [ -57.213196382999911, -24.085930391999909 ], [ -57.229389, -24.094065 ], [ -57.227558157999908, -24.092439903999946 ], [ -57.22913, -24.091488 ], [ -57.240528, -24.091542999999888 ], [ -57.242191313999967, -24.073879240999872 ], [ -57.246117, -24.064873000999967 ], [ -57.253326415999936, -24.05868148899998 ], [ -57.276084899999944, -24.051153183999872 ], [ -57.276195524999935, -24.054779052999947 ], [ -57.256175994999978, -24.060420989999955 ], [ -57.250720999999885, -24.06510899899996 ], [ -57.244586998999978, -24.086889000999918 ], [ -57.260341644999926, -24.098628997999981 ], [ -57.262264, -24.102572999999893 ], [ -57.261429, -24.114582 ], [ -57.271557455999982, -24.118662394999944 ], [ -57.283313750999866, -24.130327223999927 ], [ -57.285156, -24.158787 ], [ -57.264404, -24.2064 ], [ -57.250647499999957, -24.208228929999848 ], [ -57.236110998999948, -24.205983999999887 ], [ -57.222843, -24.210709 ], [ -57.211555, -24.219350999999847 ], [ -57.209049012999856, -24.231238676999965 ], [ -57.211872, -24.24515 ], [ -57.212894, -24.272367 ], [ -57.206330685999831, -24.287068149999982 ], [ -57.192055, -24.298537999999894 ], [ -57.19059, -24.306667 ], [ -57.194030999999825, -24.307846 ], [ -57.197174, -24.305765 ], [ -57.204456328999981, -24.294940947999976 ], [ -57.206862999999885, -24.294968000999916 ], [ -57.207305906999977, -24.297767639999904 ], [ -57.195571899999948, -24.312528608999912 ], [ -57.174588756999924, -24.327440208999917 ], [ -57.169323, -24.339022 ], [ -57.169952, -24.342445 ], [ -57.174957139999947, -24.346498346999965 ], [ -57.185626983999896, -24.37491035499994 ], [ -57.195724, -24.384085 ], [ -57.200874327999827, -24.375175474999935 ], [ -57.202675, -24.375359 ], [ -57.208511, -24.387238998999919 ], [ -57.198909999999898, -24.389991999999893 ], [ -57.193405150999979, -24.400308609999968 ], [ -57.176865927999927, -24.410199329999955 ], [ -57.161132999999893, -24.427149 ], [ -57.156055, -24.43836 ], [ -57.156738675999861, -24.44778466799994 ], [ -57.166904, -24.459139 ], [ -57.191143, -24.465025000999958 ], [ -57.198398589999954, -24.47282409599984 ], [ -57.197319236999931, -24.483567538999864 ], [ -57.170204, -24.509174 ], [ -57.16814857199995, -24.521204223999973 ], [ -57.171009, -24.529316 ], [ -57.174278, -24.531224999999893 ], [ -57.171146392999958, -24.522407530999885 ], [ -57.172347999999886, -24.520381999999813 ], [ -57.175991617999898, -24.52137493399988 ], [ -57.185207169999899, -24.532152076999978 ], [ -57.192244999999843, -24.534919999999829 ], [ -57.197875976999967, -24.528591155999948 ], [ -57.198993999999857, -24.539090999999871 ], [ -57.201766967999959, -24.5434570299999 ], [ -57.196358, -24.564774998999951 ], [ -57.188945768999986, -24.578594206999981 ], [ -57.163689, -24.599794 ], [ -57.160576, -24.609865 ], [ -57.164864, -24.619016999999872 ], [ -57.176429747999919, -24.629604338999968 ], [ -57.179630683999903, -24.635874946999934 ], [ -57.178945042999942, -24.67330713299998 ], [ -57.181187, -24.679171 ], [ -57.185871, -24.683108999999831 ], [ -57.202053, -24.68013 ], [ -57.209641, -24.671932 ], [ -57.197742461999951, -24.670434950999947 ], [ -57.188951569999915, -24.665227417999915 ], [ -57.186836242999959, -24.660493849999966 ], [ -57.186432, -24.641684 ], [ -57.190696715999877, -24.649923323999928 ], [ -57.190651, -24.66173 ], [ -57.201076999999884, -24.667809 ], [ -57.207667999999899, -24.667313000999968 ], [ -57.202827225999954, -24.665239122999822 ], [ -57.202217100999974, -24.662487029999909 ], [ -57.210396, -24.66374 ], [ -57.223103, -24.672112 ], [ -57.230808, -24.680986 ], [ -57.245677999999884, -24.687668000999906 ], [ -57.257606505999945, -24.703138349999904 ], [ -57.253494, -24.706699 ], [ -57.253962999999828, -24.708863999999892 ], [ -57.264271, -24.708098999999834 ], [ -57.271096052999894, -24.704039536999858 ], [ -57.268966999999861, -24.713179 ], [ -57.276028, -24.714073 ], [ -57.285519, -24.709093 ], [ -57.291336000999877, -24.708750000999942 ], [ -57.317874907999965, -24.722183227999949 ], [ -57.324008940999931, -24.733427046999907 ], [ -57.340632998999979, -24.727116000999899 ], [ -57.368801116999919, -24.732185363999918 ], [ -57.379803, -24.745223999999894 ], [ -57.394222, -24.748296999999866 ], [ -57.41626, -24.720773999999892 ], [ -57.422916412999882, -24.714010236999968 ], [ -57.426242828999932, -24.714365005999923 ], [ -57.432556677999912, -24.736889246999851 ], [ -57.438636779999854, -24.737350462999927 ], [ -57.468006132999903, -24.75318336499987 ], [ -57.478343962999929, -24.755304336999927 ], [ -57.490849, -24.76890799999984 ], [ -57.506519, -24.780525 ], [ -57.502925871999935, -24.790676116999975 ], [ -57.512428, -24.794436 ], [ -57.530524999999898, -24.788363999999888 ], [ -57.555294000999936, -24.772772000999964 ], [ -57.575817, -24.765509 ], [ -57.592815, -24.76309 ], [ -57.630294799999888, -24.747768401999906 ], [ -57.639202, -24.746873999999877 ], [ -57.666374, -24.758703 ], [ -57.677455999999893, -24.758467 ], [ -57.682926, -24.755250999999873 ], [ -57.68647, -24.747952 ], [ -57.687397003999877, -24.722120284999903 ], [ -57.720291, -24.694618 ], [ -57.722511291999922, -24.679437636999978 ], [ -57.758468960999949, -24.625860041999942 ], [ -57.768238066999913, -24.62298011699994 ], [ -57.783012, -24.634157 ], [ -57.791622, -24.627001 ], [ -57.817455, -24.620633999999825 ], [ -57.822147000999962, -24.610178 ], [ -57.836142999999879, -24.606267999999886 ], [ -57.891582488999973, -24.565912246999972 ], [ -57.922569273999898, -24.558664322999959 ], [ -57.944897, -24.550026 ], [ -57.973819999999819, -24.553431 ], [ -57.98847579999989, -24.548107147999815 ], [ -57.996177672999977, -24.552639007999971 ], [ -58.010419285999888, -24.553513477999957 ], [ -58.018338507999943, -24.562147684999957 ], [ -58.024887, -24.565125 ], [ -58.039386949999937, -24.564829005999968 ], [ -58.051475523999898, -24.574407577999978 ], [ -58.055164442999853, -24.580746254999951 ], [ -58.055568695999966, -24.588270187999967 ], [ -58.04686, -24.607126 ], [ -58.048157, -24.61738 ], [ -58.085098, -24.651749000999814 ], [ -58.0914649959999, -24.659069059999922 ], [ -58.09254455599995, -24.665212630999918 ], [ -58.084926922999955, -24.67647899699989 ], [ -58.069789886999899, -24.672908783999958 ], [ -58.030601999999874, -24.674329999999884 ], [ -58.03112, -24.704514998999855 ], [ -58.021332, -24.71723 ], [ -58.00034, -24.730339 ], [ -57.996872, -24.734993 ], [ -57.995808, -24.750414 ], [ -57.99799, -24.756523 ], [ -58.005107925999823, -24.763822923999896 ], [ -58.006400998999936, -24.77408 ], [ -57.998912863999976, -24.788082040999939 ], [ -57.993759, -24.789642 ], [ -57.988152, -24.796707 ], [ -57.987761998999986, -24.803593 ], [ -57.980518, -24.80797 ], [ -57.956122999999877, -24.813637 ], [ -57.93632107499991, -24.821197965999943 ], [ -57.933872067999971, -24.831590684999981 ], [ -57.927894791999847, -24.831798606999939 ], [ -57.918897779999895, -24.817006230999937 ], [ -57.912804, -24.815147 ], [ -57.91074387499998, -24.818651066999962 ], [ -57.889510998999981, -24.827628999999831 ], [ -57.868590421999897, -24.842049588999885 ], [ -57.846565, -24.844134999999881 ], [ -57.821491, -24.842888 ], [ -57.801071, -24.846275 ], [ -57.795544, -24.849875999999881 ], [ -57.792263, -24.859574999999836 ], [ -57.79415893599986, -24.884859084999903 ], [ -57.786177072999976, -24.893330316999879 ], [ -57.776004999999884, -24.894345999999814 ], [ -57.759132158999932, -24.886814059999949 ], [ -57.746494, -24.88843 ], [ -57.726039886999956, -24.896539687999962 ], [ -57.692277036999883, -24.90279801399987 ], [ -57.694545, -24.898461 ], [ -57.69066608299994, -24.905496848999974 ], [ -57.689423, -24.909658 ], [ -57.691219, -24.915028 ], [ -57.700187682999911, -24.92082405099984 ], [ -57.694450121999921, -24.926323684999943 ], [ -57.694981, -24.929314 ], [ -57.701445994999972, -24.930053998999938 ], [ -57.652481079999916, -24.955274581999959 ], [ -57.641735076999964, -24.967235565999886 ], [ -57.61694717499995, -24.985599517999958 ], [ -57.595547710999938, -24.987672748999955 ], [ -57.590176, -24.995974999999873 ], [ -57.590323999999839, -25.007587 ], [ -57.597976683999946, -25.033477781999864 ], [ -57.598384857999861, -25.041503905999946 ], [ -57.595244998999931, -25.05116999899991 ], [ -57.572212126999943, -25.065919906999966 ], [ -57.551773, -25.070278 ], [ -57.522804152999925, -25.097741846999838 ], [ -57.544292, -25.113947 ], [ -57.551029, -25.113945 ], [ -57.548531, -25.117586 ], [ -57.549149, -25.122314 ], [ -57.543449021999947, -25.129515110999932 ], [ -57.54965591399997, -25.149969100999954 ], [ -57.547966, -25.154615 ], [ -57.543449, -25.157618998999908 ], [ -57.545001998999965, -25.169076998999913 ], [ -57.548140999999873, -25.175356 ], [ -57.560642, -25.181983999999886 ], [ -57.572898865999946, -25.203720091999969 ], [ -57.593418, -25.227715999999873 ], [ -57.613495, -25.239155 ], [ -57.63525, -25.243767 ], [ -57.646887775999971, -25.256757837999942 ], [ -57.6759757989999, -25.275526046999914 ], [ -57.686015998999949, -25.279400000999942 ], [ -57.695889, -25.279125 ], [ -57.722058946999823, -25.264025659999959 ], [ -57.736148999999898, -25.240149 ], [ -57.756325, -25.223414999999818 ], [ -57.761638999999889, -25.215711999999826 ], [ -57.76009000099998, -25.201172000999975 ], [ -57.764061, -25.182383 ], [ -57.767395019999981, -25.176317214999983 ], [ -57.77932, -25.165098 ], [ -57.782791138999869, -25.156282423999983 ], [ -57.787567137999986, -25.151655196999968 ], [ -57.82235, -25.137588999999878 ], [ -57.848274, -25.118668 ], [ -57.867118999999832, -25.081881 ], [ -57.896557, -25.075848 ], [ -57.928852080999889, -25.074474333999888 ], [ -57.939319610999917, -25.071924208999917 ], [ -57.951942, -25.076584 ], [ -57.969109, -25.076146999999821 ], [ -57.978889, -25.082294 ], [ -57.98526, -25.08095 ], [ -57.995354, -25.071029999999894 ], [ -57.99472045999994, -25.058149337999964 ], [ -58.000736, -25.048754 ], [ -57.997208000999876, -25.039462999999898 ], [ -58.032001, -25.044337999999868 ], [ -58.047233760999916, -25.042208032999952 ], [ -58.05135, -25.045588999999893 ], [ -58.06657799899989, -25.043454999999881 ], [ -58.085563688999969, -25.01621244699993 ], [ -58.096534727999881, -25.013441085999887 ], [ -58.113411, -25.018717 ], [ -58.121773, -25.012625 ], [ -58.129658, -25.011106 ], [ -58.135117000999912, -24.997318000999883 ], [ -58.146278011999925, -24.98537095599994 ], [ -58.14843, -24.977419 ], [ -58.159824370999956, -24.970987318999903 ], [ -58.180680679999909, -24.97205149999985 ], [ -58.186813, -24.970226 ], [ -58.198605, -24.955544 ], [ -58.208836, -24.952276 ], [ -58.218868, -24.942572 ], [ -58.21978, -24.934113 ], [ -58.229538, -24.930135999999891 ], [ -58.237907160999953, -24.934141051999973 ], [ -58.24648284899996, -24.933790205999912 ], [ -58.261876960999928, -24.943577160999951 ], [ -58.271664, -24.954985 ], [ -58.284378052999955, -24.963058471999943 ], [ -58.290634, -24.974552 ], [ -58.30476, -24.984751 ], [ -58.314781030999939, -24.996620012999983 ], [ -58.327259, -24.99917 ], [ -58.340515, -24.979712 ], [ -58.353416372999902, -24.967807833999927 ], [ -58.380169166999906, -24.955750856999828 ], [ -58.388824461999945, -24.948278426999821 ], [ -58.402149200999929, -24.926977156999953 ], [ -58.407871246999889, -24.923065185999974 ], [ -58.419704, -24.923058 ], [ -58.422573015999944, -24.920873840999946 ], [ -58.419678, -24.900799 ], [ -58.423957962999964, -24.890848054999935 ], [ -58.46387481599993, -24.865505218999942 ], [ -58.4811248769999, -24.862480163999976 ], [ -58.493457794999983, -24.851238249999881 ], [ -58.49935169399987, -24.848936118999916 ], [ -58.512649999999894, -24.849663 ], [ -58.547695158999886, -24.831230162999873 ], [ -58.566037287999904, -24.826171005999981 ], [ -58.606758, -24.832263999999896 ], [ -58.654742999999883, -24.833561 ], [ -58.665412999999887, -24.831194 ], [ -58.671128101999898, -24.827039995999939 ], [ -58.677685, -24.815113000999872 ], [ -58.683090000999925, -24.812323 ], [ -58.691124, -24.812614 ], [ -58.696568, -24.808908 ], [ -58.711945, -24.784902999999872 ], [ -58.718758, -24.77849 ], [ -58.72459, -24.777323000999957 ], [ -58.734974, -24.781368000999976 ], [ -58.758033999999839, -24.777142000999959 ], [ -58.795845, -24.774813 ], [ -58.813465, -24.768318 ], [ -58.826687, -24.752947 ], [ -58.843105316999925, -24.739061355999979 ], [ -58.859958648999964, -24.732763290999969 ], [ -58.875534056999925, -24.7328472129999 ], [ -58.881484999999884, -24.722727 ], [ -58.902267318999918, -24.706464872999959 ], [ -58.915039, -24.701396999999872 ], [ -58.940216064999902, -24.681837081999902 ], [ -58.960148, -24.673568999999873 ], [ -58.968723297999986, -24.666515348999894 ], [ -58.977642, -24.66338 ], [ -58.990653999999893, -24.664511 ], [ -58.997631, -24.659697 ], [ -59.008933999999897, -24.65962 ], [ -59.024277, -24.646599 ], [ -59.043380999999897, -24.639896 ], [ -59.05286788899997, -24.628740310999945 ], [ -59.089519836999955, -24.616194065999878 ], [ -59.096068999999886, -24.621918 ], [ -59.10228, -24.623501 ], [ -59.121784074999937, -24.619096878999983 ], [ -59.125809, -24.612576000999923 ], [ -59.144228744999907, -24.60376789899982 ], [ -59.149906072999897, -24.593402942999944 ], [ -59.156379999999899, -24.588339 ], [ -59.170666, -24.582378 ], [ -59.181454000999906, -24.569651 ], [ -59.210311888999854, -24.556589125999949 ], [ -59.23539, -24.550283 ], [ -59.248772, -24.53511 ], [ -59.2518271429999, -24.527406934999931 ], [ -59.263058000999933, -24.522259000999952 ], [ -59.289762166999935, -24.519206893999922 ], [ -59.299689999999885, -24.515163 ], [ -59.327461006999954, -24.496997997999983 ], [ -59.342418999999893, -24.492647 ], [ -59.352992999999856, -24.484718000999919 ], [ -59.36488, -24.455262999999889 ], [ -59.373337, -24.44359999999989 ], [ -59.381793348999906, -24.425275134999879 ], [ -59.388000487999932, -24.419963835999908 ], [ -59.402729034999936, -24.414682387999903 ], [ -59.421836852999945, -24.412750242999891 ], [ -59.429035185999908, -24.401042936999886 ], [ -59.451744079999912, -24.382926939999948 ], [ -59.462746, -24.369726 ], [ -59.462322234999874, -24.360767363999912 ], [ -59.470119475999923, -24.352977751999958 ], [ -59.472263335999969, -24.342258451999953 ], [ -59.475955963999922, -24.337097167999957 ], [ -60.046622999999897, -24.012133000999938 ], [ -60.060485839999899, -24.015907286999948 ], [ -60.075218199999938, -24.024057388999893 ], [ -60.116694998999833, -24.039494 ], [ -60.154541853999945, -24.042449918999978 ], [ -60.175811766999971, -24.040426253999954 ], [ -60.301613, -24.048573 ], [ -60.32008, -24.048525 ], [ -60.334625217999928, -24.045639751999943 ], [ -60.358166000999915, -24.033317999999895 ], [ -60.369479999999896, -24.030127 ] ] ], [ [ [ -60.800125, -23.867103998999937 ], [ -60.825004786999898, -23.873765971999944 ], [ -60.847492086999864, -23.867223874999979 ], [ -60.857482908999884, -23.855268476999981 ], [ -60.900112, -23.831629 ], [ -60.911681998999939, -23.817363999999884 ], [ -60.931941999999879, -23.804804000999923 ], [ -60.942657000999986, -23.805322999999873 ], [ -60.947352998999918, -23.811657 ], [ -60.951920000999962, -23.813070000999971 ], [ -60.981937, -23.811645998999893 ], [ -61.002472, -23.794147 ], [ -61.018763998999987, -23.772197998999957 ], [ -61.020606998999881, -23.764203998999847 ], [ -61.031882998999947, -23.747295000999941 ], [ -61.039782998999954, -23.742565000999889 ], [ -61.044746, -23.728061999999852 ], [ -61.057906998999954, -23.712616000999844 ], [ -61.079673999999898, -23.695835 ], [ -61.086838000999876, -23.686959999999885 ], [ -61.087234408999905, -23.679827124999974 ], [ -61.079082487999983, -23.693050383999946 ], [ -61.057315825999979, -23.709831236999889 ], [ -61.04415130599989, -23.725276945999894 ], [ -61.039188275999948, -23.739778582999918 ], [ -61.031288145999895, -23.74450874199988 ], [ -61.020011913999952, -23.761417369999947 ], [ -61.018169403999821, -23.76941108699998 ], [ -61.001876829999844, -23.79136085499988 ], [ -60.981342246999986, -23.808858861999965 ], [ -60.951324463999981, -23.810283661999904 ], [ -60.946758269999918, -23.808870314999922 ], [ -60.942061999999851, -23.802537998999924 ], [ -60.931346892999954, -23.802015303999951 ], [ -60.911087035999969, -23.814575194999975 ], [ -60.899517058999947, -23.828838348999909 ], [ -60.856883998999876, -23.852482000999885 ], [ -60.846893309999984, -23.864435196999978 ], [ -60.824405668999987, -23.870973585999934 ], [ -60.79952621599989, -23.864313125999956 ], [ -60.798854997999968, -23.869414983999832 ], [ -60.800125, -23.867103998999937 ] ] ] ] } },
{ "type": "Feature", "properties": { "fid": 204, "GID_2": "PRY.18.1_1", "GID_0": "PRY", "COUNTRY": "Paraguay", "GID_1": "PRY.18_1", "NAME_1": "San Pedro", "NL_NAME_1": "NA", "NAME_2": "25 de Diciembre", "VARNAME_2": "NA", "NL_NAME_2": "NA", "TYPE_2": "Distrito", "ENGTYPE_2": "District", "CC_2": "NA", "HASC_2": "PY.SP.VD" }, "geometry": { "type": "MultiPolygon", "coordinates": [ [ [ [ -56.687400816999968, -24.867292404999944 ], [ -56.698513029999958, -24.868770598999959 ], [ -56.709922789999951, -24.866500854999913 ], [ -56.720256803999916, -24.876419066999972 ], [ -56.731277465999881, -24.882148742999846 ], [ -56.736404418999939, -24.870761869999967 ], [ -56.742088316999912, -24.86499404999995 ], [ -56.762802122999972, -24.857042311999976 ], [ -56.773620604999962, -24.85514450099987 ], [ -56.802841186999899, -24.856603621999909 ], [ -56.840682982999908, -24.863842010999917 ], [ -56.859600065999985, -24.863731382999902 ], [ -56.91686630199996, -24.846117019999895 ], [ -56.939548492999961, -24.835990905999893 ], [ -56.951725005999833, -24.853889464999952 ], [ -56.964046477999943, -24.855632780999883 ], [ -56.976055145999965, -24.865953444999946 ], [ -56.980079651999972, -24.880609511999921 ], [ -56.972404479999966, -24.892827986999976 ], [ -56.982482909999931, -24.895816801999899 ], [ -56.978313445999902, -24.899288176999903 ], [ -56.983181, -24.90374374299995 ], [ -56.979797363999978, -24.907274245999872 ], [ -56.985382079999908, -24.912414551999916 ], [ -56.984973907999972, -24.918197632999863 ], [ -56.98902893099995, -24.916086195999867 ], [ -56.990684508999891, -24.917369841999914 ], [ -56.997764587999939, -24.930173873999934 ], [ -56.997001646999877, -24.938034056999982 ], [ -57.001281737999875, -24.937541961999898 ], [ -57.009433746999889, -24.950807570999928 ], [ -57.00729370199997, -24.962432860999968 ], [ -57.013732910999977, -24.968650816999855 ], [ -57.028770445999953, -24.963710784999932 ], [ -57.030441283999835, -24.956697463999888 ], [ -57.022743225999875, -24.948179244999949 ], [ -57.029331206999984, -24.946195601999875 ], [ -57.032779693999942, -24.940111159999958 ], [ -57.039787291999971, -24.938844679999875 ], [ -57.042064665999987, -24.933883667999908 ], [ -57.039867400999924, -24.927579879999882 ], [ -57.05843353299997, -24.915481567999848 ], [ -57.057666777999884, -24.90986823999998 ], [ -57.053398131999984, -24.90834426899994 ], [ -57.061672209999983, -24.902320860999907 ], [ -57.057388304999847, -24.900249481999936 ], [ -57.059867857999905, -24.89564704899982 ], [ -57.057594298999902, -24.893524168999932 ], [ -57.047164917999964, -24.887805938999918 ], [ -57.041358947999981, -24.888862609999876 ], [ -57.032817840999826, -24.885816572999943 ], [ -57.028476714999897, -24.881929397999897 ], [ -57.029373168999939, -24.878093718999878 ], [ -57.038364409999986, -24.882768629999873 ], [ -57.04349136299993, -24.879182814999922 ], [ -57.038887024999894, -24.872945784999899 ], [ -57.048606872999983, -24.854349135999882 ], [ -57.048786163999978, -24.83981704699994 ], [ -57.057899475999932, -24.828140257999962 ], [ -57.054786681999985, -24.824769972999889 ], [ -57.046916960999965, -24.823888778999958 ], [ -57.04252624499992, -24.818191528999932 ], [ -57.043094634999875, -24.810003279999933 ], [ -57.047336577999943, -24.803716658999974 ], [ -57.043640137999887, -24.801088332999939 ], [ -57.047023773999967, -24.793008803999896 ], [ -57.043174742999952, -24.785120009999901 ], [ -57.03111267099996, -24.778163910999979 ], [ -57.027317047999986, -24.77209091099985 ], [ -57.016105651999965, -24.773651121999876 ], [ -57.008167267999909, -24.770219802999918 ], [ -57.005123137999931, -24.755226135999976 ], [ -56.99992752199995, -24.749368666999885 ], [ -57.004539489999956, -24.734903335999945 ], [ -57.005184172999918, -24.708765028999949 ], [ -56.902385710999965, -24.725242613999967 ], [ -56.89174651999997, -24.719232558999977 ], [ -56.890628814999957, -24.715265273999933 ], [ -56.904094695999902, -24.686769485999832 ], [ -56.904041290999942, -24.677688597999975 ], [ -56.896087645999955, -24.673706053999979 ], [ -56.882850645999952, -24.674589156999843 ], [ -56.854755401999967, -24.690553664999925 ], [ -56.823547363999921, -24.659547804999931 ], [ -56.81280136099997, -24.65599822899992 ], [ -56.794307708999952, -24.655729293999968 ], [ -56.769374847999927, -24.669965742999921 ], [ -56.764163971999835, -24.670457838999937 ], [ -56.669815062999987, -24.666923522999923 ], [ -56.575973510999972, -24.627899169999978 ], [ -56.551074981999932, -24.628295897999976 ], [ -56.531307219999974, -24.640918731999875 ], [ -56.528877258999842, -24.66404151799992 ], [ -56.576107024999942, -24.664224623999814 ], [ -56.570045470999958, -24.694335937999881 ], [ -56.562793730999886, -24.693595885999855 ], [ -56.56670761099997, -24.728744506999817 ], [ -56.579608915999927, -24.737890243999971 ], [ -56.579086303999986, -24.740989683999942 ], [ -56.54404449499998, -24.761253355999941 ], [ -56.552753447999976, -24.765028 ], [ -56.563510893999933, -24.776769637999962 ], [ -56.572097778999932, -24.782018660999881 ], [ -56.598468779999962, -24.79067039499995 ], [ -56.619453430999954, -24.793268203999958 ], [ -56.637237548999963, -24.804109573999824 ], [ -56.641963957999963, -24.80314636199995 ], [ -56.642047881999986, -24.795640944999889 ], [ -56.654434204999973, -24.79244041499993 ], [ -56.674118041999975, -24.791427611999893 ], [ -56.680431365999937, -24.794361114999958 ], [ -56.68483352699991, -24.800979614999846 ], [ -56.67988967999986, -24.849599837999961 ], [ -56.687400816999968, -24.867292404999944 ] ] ] ] } },
{ "type": "Feature", "properties": { "fid": 205, "GID_2": "PRY.18.2_1", "GID_0": "PRY", "COUNTRY": "Paraguay", "GID_1": "PRY.18_1", "NAME_1": "San Pedro", "NL_NAME_1": "NA", "NAME_2": "Antequera", "VARNAME_2": "NA", "NL_NAME_2": "NA", "TYPE_2": "Distrito", "ENGTYPE_2": "District", "CC_2": "NA", "HASC_2": "PY.SP.AN" }, "geometry": { "type": "MultiPolygon", "coordinates": [ [ [ [ -57.212032, -24.250377999999841 ], [ -57.209049012999856, -24.231238676999965 ], [ -57.211555, -24.219350999999847 ], [ -57.222843, -24.210709 ], [ -57.236110998999948, -24.205983999999887 ], [ -57.250647499999957, -24.208228929999848 ], [ -57.264404, -24.2064 ], [ -57.284977, -24.159517 ], [ -57.285408013999927, -24.139894454999876 ], [ -57.283313750999866, -24.130327223999927 ], [ -57.271557455999982, -24.118662394999944 ], [ -57.261429, -24.114582 ], [ -57.262264, -24.102572999999893 ], [ -57.260341644999926, -24.098628997999981 ], [ -57.244586998999978, -24.086889000999918 ], [ -57.250720999999885, -24.06510899899996 ], [ -57.256175994999978, -24.060420989999955 ], [ -57.276195524999935, -24.054779052999947 ], [ -57.276084899999944, -24.051153183999872 ], [ -57.253326415999936, -24.05868148899998 ], [ -57.246117, -24.064873000999967 ], [ -57.242191313999967, -24.073879240999872 ], [ -57.240528, -24.091542999999888 ], [ -57.22913, -24.091488 ], [ -57.227558157999908, -24.092439903999946 ], [ -57.229389, -24.094065 ], [ -57.222739999999874, -24.091845 ], [ -57.213196382999911, -24.085930391999909 ], [ -57.211818999999878, -24.079973 ], [ -57.21843, -24.067083 ], [ -57.264266967999902, -24.04384994399993 ], [ -57.270141600999978, -24.033334730999968 ], [ -57.270759582999915, -24.027324676999967 ], [ -57.262916802999939, -24.018285929999934 ], [ -57.236363598999901, -24.012478544999851 ], [ -57.21991, -24.003652999999872 ], [ -57.216992617999949, -23.999556028999905 ], [ -57.216911, -23.99029499999989 ], [ -57.221233005999977, -23.981273995999913 ], [ -57.243110656999932, -23.979047774999913 ], [ -57.248611, -23.97599 ], [ -57.248455009999986, -23.970903348999911 ], [ -57.238884, -23.958267 ], [ -57.242358945999911, -23.947439077999945 ], [ -57.223194121999938, -23.94071960399998 ], [ -57.210411071999943, -23.948272704999965 ], [ -57.20882415799997, -23.945583343999942 ], [ -57.211116790999881, -23.936897276999957 ], [ -57.190849303999983, -23.921989440999937 ], [ -57.17784500099998, -23.908170698999982 ], [ -57.151412962999927, -23.89962768599986 ], [ -57.125679016999982, -23.900869368999906 ], [ -57.10384750399993, -23.905637739999918 ], [ -57.099548339999956, -23.922283171999879 ], [ -57.092601776999913, -23.930646896999917 ], [ -57.087860106999983, -23.946037292999961 ], [ -57.08634948699995, -23.962427138999885 ], [ -57.079795836999949, -23.970596313999977 ], [ -57.079372406999937, -23.976602554999943 ], [ -57.082824706999986, -23.985229491999974 ], [ -57.088348387999986, -23.989442824999969 ], [ -57.113517761999901, -24.002210617999822 ], [ -57.131637573999967, -24.006446838999921 ], [ -57.124366759999987, -24.050792693999881 ], [ -57.107574462999935, -24.064506529999846 ], [ -57.103008269999975, -24.072441100999981 ], [ -57.10577011099997, -24.077817915999958 ], [ -57.114177702999882, -24.084676741999942 ], [ -57.143482208999899, -24.087879179999959 ], [ -57.154884337999931, -24.094476698999983 ], [ -57.15364074699994, -24.113042830999859 ], [ -57.147003173999906, -24.125213621999933 ], [ -57.152313232999973, -24.148950575999834 ], [ -57.13798904399988, -24.147161482999934 ], [ -57.126232147999929, -24.148742675999927 ], [ -57.123355865999883, -24.146095274999936 ], [ -57.124237059999984, -24.142080306999901 ], [ -57.115222931999938, -24.134868621999885 ], [ -57.113952636999898, -24.125638961999982 ], [ -57.106945036999889, -24.125463485999944 ], [ -57.102886198999897, -24.116668700999924 ], [ -57.095581053999979, -24.113052366999909 ], [ -57.088405607999903, -24.133148192999897 ], [ -57.081100462999984, -24.183849333999888 ], [ -57.092357635999974, -24.192087172999891 ], [ -57.098266601999967, -24.202285765999875 ], [ -57.083812712999872, -24.214483259999952 ], [ -57.074428557999966, -24.229082106999954 ], [ -57.074050902999886, -24.236543655999867 ], [ -57.083976744999916, -24.233554840999943 ], [ -57.095615385999963, -24.23433112999993 ], [ -57.103305815999875, -24.237031935999937 ], [ -57.114238738999973, -24.247636795999938 ], [ -57.141460418999941, -24.253625868999961 ], [ -57.169551849999891, -24.25522613399994 ], [ -57.179309844999921, -24.259864805999882 ], [ -57.194133758999953, -24.253282547999902 ], [ -57.212032, -24.250377999999841 ] ] ] ] } },
{ "type": "Feature", "properties": { "fid": 206, "GID_2": "PRY.18.3_1", "GID_0": "PRY", "COUNTRY": "Paraguay", "GID_1": "PRY.18_1", "NAME_1": "San Pedro", "NL_NAME_1": "NA", "NAME_2": "Choré", "VARNAME_2": "NA", "NL_NAME_2": "NA", "TYPE_2": "Distrito", "ENGTYPE_2": "District", "CC_2": "NA", "HASC_2": "PY.SP.CH" }, "geometry": { "type": "MultiPolygon", "coordinates": [ [ [ [ -56.467880247999972, -24.071765899999889 ], [ -56.470489502999953, -24.074857711999925 ], [ -56.471054076999962, -24.081560133999972 ], [ -56.450119017999896, -24.075670241999831 ], [ -56.449451446999944, -24.089305876999958 ], [ -56.438724516999912, -24.09208869899993 ], [ -56.431735991999972, -24.100776671999938 ], [ -56.409095763999971, -24.098909378999906 ], [ -56.394222258999946, -24.112489699999912 ], [ -56.374828337999929, -24.112546920999932 ], [ -56.345348358999956, -24.123443603999931 ], [ -56.334182737999981, -24.141820906999953 ], [ -56.337345123999967, -24.165363310999965 ], [ -56.332168578999983, -24.183275221999907 ], [ -56.331851958999948, -24.195272444999944 ], [ -56.367671966999978, -24.21973419099993 ], [ -56.37343597499995, -24.234504699999832 ], [ -56.435276031999877, -24.240943908999952 ], [ -56.440673827999944, -24.240636824999967 ], [ -56.444393157999912, -24.237106322999978 ], [ -56.444698333999952, -24.233282087999896 ], [ -56.448280334999936, -24.232292173999895 ], [ -56.457988738999916, -24.236251829999958 ], [ -56.488555908999899, -24.241376876999823 ], [ -56.483448027999941, -24.253297805999921 ], [ -56.481937408999954, -24.265138625999896 ], [ -56.491436003999979, -24.292533874999947 ], [ -56.497509003999937, -24.294935226999939 ], [ -56.527111053999874, -24.292987822999862 ], [ -56.543788909999932, -24.294960020999952 ], [ -56.547847747999981, -24.33628654499995 ], [ -56.551795959999879, -24.341823576999957 ], [ -56.557033537999985, -24.342792509999924 ], [ -56.571750639999891, -24.338272094999979 ], [ -56.576786040999878, -24.339244842999847 ], [ -56.588264463999963, -24.349149702999853 ], [ -56.59743499699988, -24.347301482999967 ], [ -56.60200881999998, -24.343393324999965 ], [ -56.604877471999885, -24.332778929999961 ], [ -56.600612639999895, -24.307443617999979 ], [ -56.601623534999987, -24.299972532999902 ], [ -56.606086731999937, -24.294418334999932 ], [ -56.619369506999931, -24.289018629999873 ], [ -56.643409727999881, -24.28881454499998 ], [ -56.652553558999955, -24.286052702999882 ], [ -56.674282074999951, -24.27426910399987 ], [ -56.68807220399998, -24.257949828999983 ], [ -56.713249205999944, -24.255710601999908 ], [ -56.71897125199996, -24.252483367999957 ], [ -56.789894104999973, -24.201877593999939 ], [ -56.801429747999975, -24.199047088999976 ], [ -56.820346831999984, -24.198940276999906 ], [ -56.823314665999931, -24.193725584999925 ], [ -56.766151427999944, -24.066709517999868 ], [ -56.76199340799991, -24.068084716999977 ], [ -56.746532439999896, -24.06555175799997 ], [ -56.737056731999985, -24.07013511599996 ], [ -56.722072601999969, -24.062868117999983 ], [ -56.713554382999973, -24.065795897999919 ], [ -56.704238890999932, -24.061298368999871 ], [ -56.697551727999894, -24.065454483999929 ], [ -56.67429733299997, -24.062915801999964 ], [ -56.663349151999967, -24.056999204999954 ], [ -56.637657165999883, -24.052879331999975 ], [ -56.624950407999961, -24.056261062999909 ], [ -56.61217880199996, -24.049295423999979 ], [ -56.600593566999919, -24.049564361999956 ], [ -56.591999053999984, -24.057390212999962 ], [ -56.587608337999939, -24.057672498999978 ], [ -56.584121704999973, -24.054122924999945 ], [ -56.586143494999817, -24.047172546999946 ], [ -56.582542418999935, -24.039085387999876 ], [ -56.57413864199998, -24.038915632999931 ], [ -56.547115325999926, -24.029182433999949 ], [ -56.536247253999875, -24.034149168999932 ], [ -56.53611755299994, -24.045049667999876 ], [ -56.526664732999905, -24.042537689999961 ], [ -56.521690368999941, -24.043563842999959 ], [ -56.51004409899997, -24.04945373399994 ], [ -56.511352539999962, -24.05377960199985 ], [ -56.508827208999833, -24.056743620999953 ], [ -56.502468108999835, -24.058340072999954 ], [ -56.490039825999929, -24.05680465599994 ], [ -56.484775541999909, -24.062189100999944 ], [ -56.475070952999943, -24.057683944999951 ], [ -56.472961425999927, -24.061359404999962 ], [ -56.479152678999981, -24.069393157999968 ], [ -56.470363616999862, -24.069593429999827 ], [ -56.467880247999972, -24.071765899999889 ] ] ] ] } },
{ "type": "Feature", "properties": { "fid": 207, "GID_2": "PRY.18.4_1", "GID_0": "PRY", "COUNTRY": "Paraguay", "GID_1": "PRY.18_1", "NAME_1": "San Pedro", "NL_NAME_1": "NA", "NAME_2": "General Elizardo Aquino", "VARNAME_2": "NA", "NL_NAME_2": "NA", "TYPE_2": "Distrito", "ENGTYPE_2": "District", "CC_2": "NA", "HASC_2": "PY.SP.GA" }, "geometry": { "type": "MultiPolygon", "coordinates": [ [ [ [ -56.820346831999984, -24.198940276999906 ], [ -56.801429747999975, -24.199047088999976 ], [ -56.789894104999973, -24.201877593999939 ], [ -56.71897125199996, -24.252483367999957 ], [ -56.713249205999944, -24.255710601999908 ], [ -56.68807220399998, -24.257949828999983 ], [ -56.674282074999951, -24.27426910399987 ], [ -56.652553558999955, -24.286052702999882 ], [ -56.643409727999881, -24.28881454499998 ], [ -56.615585326999906, -24.289831160999881 ], [ -56.603160856999978, -24.297393797999973 ], [ -56.600688933999891, -24.310348509999926 ], [ -56.604877471999885, -24.332778929999961 ], [ -56.601360319999969, -24.351749419999919 ], [ -56.607624053999984, -24.376852035999832 ], [ -56.608036040999934, -24.392824171999962 ], [ -56.603298185999961, -24.411102294999978 ], [ -56.607082365999986, -24.425546644999883 ], [ -56.603317259999983, -24.449569700999973 ], [ -56.754894256999876, -24.447435377999966 ], [ -56.806888580999953, -24.492475508999973 ], [ -56.831134796999947, -24.491144178999946 ], [ -56.840778351999916, -24.484363555999892 ], [ -56.914653777999945, -24.485223768999958 ], [ -56.914592742999957, -24.511383056999875 ], [ -56.971145630999899, -24.516653060999829 ], [ -56.981609343999935, -24.526313781999875 ], [ -56.997955321999825, -24.513593672999889 ], [ -56.998672485999919, -24.489955900999973 ], [ -56.992317199999889, -24.443796157999941 ], [ -56.993087768999942, -24.435787199999936 ], [ -57.007976531999873, -24.409778593999874 ], [ -56.979755401999967, -24.397798536999915 ], [ -56.962593077999941, -24.372812270999873 ], [ -56.950984955999957, -24.380556106999961 ], [ -56.946929930999943, -24.38593482899995 ], [ -56.943325041999969, -24.386585234999927 ], [ -56.89868926999992, -24.33921050999993 ], [ -56.842014311999947, -24.290681837999841 ], [ -56.818073272999982, -24.265300750999813 ], [ -56.816753387999938, -24.253713607999941 ], [ -56.827129364999905, -24.237646102999975 ], [ -56.821098326999959, -24.229803084999901 ], [ -56.820346831999984, -24.198940276999906 ] ] ] ] } },
{ "type": "Feature", "properties": { "fid": 208, "GID_2": "PRY.18.5_1", "GID_0": "PRY", "COUNTRY": "Paraguay", "GID_1": "PRY.18_1", "NAME_1": "San Pedro", "NL_NAME_1": "NA", "NAME_2": "General Isidoro Resquín", "VARNAME_2": "NA", "NL_NAME_2": "NA", "TYPE_2": "Distrito", "ENGTYPE_2": "District", "CC_2": "NA", "HASC_2": "PY.SP.GR" }, "geometry": { "type": "MultiPolygon", "coordinates": [ [ [ [ -55.973583220999899, -24.028942107999853 ], [ -55.990463256999874, -24.029375075999951 ], [ -56.005882263999979, -24.022535322999886 ], [ -56.011466980999955, -24.02438926699989 ], [ -56.015716552999947, -24.031517028999929 ], [ -56.024261474999946, -24.033342361999871 ], [ -56.054222106999987, -24.052473067999927 ], [ -56.059440613999925, -24.052419662999966 ], [ -56.071197509999877, -24.061378477999938 ], [ -56.077068329999975, -24.07326316699988 ], [ -56.097290039999962, -24.091690062999874 ], [ -56.101776122999979, -24.104225157999906 ], [ -56.113510131999931, -24.110315322999952 ], [ -56.123603820999904, -24.109891890999904 ], [ -56.141262054999913, -24.116231917999926 ], [ -56.149555206999878, -24.126018523999903 ], [ -56.155757904999973, -24.143508910999969 ], [ -56.173019408999949, -24.141069411999922 ], [ -56.185188293999943, -24.148626325999828 ], [ -56.20290374699988, -24.135915755999918 ], [ -56.212757110999974, -24.147153854999942 ], [ -56.220222472999978, -24.150087356999904 ], [ -56.230022429999963, -24.150068283999929 ], [ -56.243534087999933, -24.146152494999967 ], [ -56.264400482999974, -24.148986815999876 ], [ -56.271434782999961, -24.141761779999911 ], [ -56.286449431999984, -24.142356871999937 ], [ -56.310295105999955, -24.135677336999834 ], [ -56.319908141999917, -24.127664565999964 ], [ -56.32933425899995, -24.128915786999926 ], [ -56.338233947999981, -24.126529692999952 ], [ -56.374828337999929, -24.112546920999932 ], [ -56.394222258999946, -24.112489699999912 ], [ -56.409095763999971, -24.098909378999906 ], [ -56.431735991999972, -24.100776671999938 ], [ -56.438724516999912, -24.09208869899993 ], [ -56.449451446999944, -24.089305876999958 ], [ -56.450119017999896, -24.075670241999831 ], [ -56.467258453999875, -24.081647872999952 ], [ -56.472007750999978, -24.079725264999979 ], [ -56.467880247999972, -24.071765899999889 ], [ -56.45680618199998, -24.0671672819999 ], [ -56.447975157999906, -24.04157066199997 ], [ -56.438175200999979, -24.025262832999886 ], [ -56.356143951999968, -23.955881118999969 ], [ -56.348796844999981, -23.932794569999885 ], [ -56.349395750999975, -23.924425124999914 ], [ -56.353981017999956, -23.915605544999892 ], [ -56.352817535999975, -23.910642623999877 ], [ -56.348789214999897, -23.915033339999979 ], [ -56.334247588999915, -23.916431425999917 ], [ -56.280254363999973, -23.912855147999892 ], [ -56.259552000999975, -23.897859572999948 ], [ -56.239856719999921, -23.900810240999931 ], [ -56.219684599999937, -23.89142608599991 ], [ -56.201683043999878, -23.872003553999946 ], [ -56.178226469999913, -23.858139036999887 ], [ -56.158618925999917, -23.864896773999931 ], [ -56.133239746999948, -23.863227844999926 ], [ -56.110382080999898, -23.858238218999929 ], [ -56.092929840999886, -23.853866576999962 ], [ -56.075752257999966, -23.843860624999934 ], [ -56.055690765999941, -23.83880615299995 ], [ -56.030212401999904, -23.822599410999885 ], [ -56.025775908999947, -23.823099136999929 ], [ -55.973583220999899, -24.028942107999853 ] ] ] ] } },
{ "type": "Feature", "properties": { "fid": 209, "GID_2": "PRY.18.6_1", "GID_0": "PRY", "COUNTRY": "Paraguay", "GID_1": "PRY.18_1", "NAME_1": "San Pedro", "NL_NAME_1": "NA", "NAME_2": "Itacurubí del Rosario", "VARNAME_2": "NA", "NL_NAME_2": "NA", "TYPE_2": "Distrito", "ENGTYPE_2": "District", "CC_2": "NA", "HASC_2": "PY.SP.IR" }, "geometry": { "type": "MultiPolygon", "coordinates": [ [ [ [ -56.60002899299991, -24.637912748999952 ], [ -56.669815062999987, -24.666923522999923 ], [ -56.764163971999835, -24.670457838999937 ], [ -56.769374847999927, -24.669965742999921 ], [ -56.794307708999952, -24.655729293999968 ], [ -56.81280136099997, -24.65599822899992 ], [ -56.823547363999921, -24.659547804999931 ], [ -56.854755401999967, -24.690553664999925 ], [ -56.882850645999952, -24.674589156999843 ], [ -56.896087645999955, -24.673706053999979 ], [ -56.904041290999942, -24.677688597999975 ], [ -56.904094695999902, -24.686769485999832 ], [ -56.890628814999957, -24.715265273999933 ], [ -56.89174651999997, -24.719232558999977 ], [ -56.902385710999965, -24.725242613999967 ], [ -57.029098510999916, -24.704927443999964 ], [ -57.030784607999976, -24.702390669999943 ], [ -57.025794983999958, -24.676179884999897 ], [ -57.017902373999902, -24.664756773999954 ], [ -57.021709441999974, -24.647064207999961 ], [ -57.003986358999953, -24.610624312999846 ], [ -56.969509123999956, -24.550481796999918 ], [ -56.969127655999898, -24.544134139999983 ], [ -56.981609343999935, -24.526313781999875 ], [ -56.973598480999897, -24.518224714999917 ], [ -56.914592742999957, -24.511383056999875 ], [ -56.914653777999945, -24.485223768999958 ], [ -56.840778351999916, -24.484363555999892 ], [ -56.831134796999947, -24.491144178999946 ], [ -56.806888580999953, -24.492475508999973 ], [ -56.754894256999876, -24.447435377999966 ], [ -56.603317259999983, -24.449569700999973 ], [ -56.599102019999975, -24.473686217999955 ], [ -56.613048552999885, -24.485349654999879 ], [ -56.630954741999972, -24.494918822999978 ], [ -56.634105681999927, -24.50029182499992 ], [ -56.627082824999889, -24.50027465699992 ], [ -56.623729705999949, -24.50253867999993 ], [ -56.616352080999945, -24.519786833999945 ], [ -56.581676482999967, -24.521688459999893 ], [ -56.576335907999862, -24.524717329999874 ], [ -56.596172331999981, -24.570028304999937 ], [ -56.596660614999962, -24.573286055999972 ], [ -56.591518401999906, -24.576311111999928 ], [ -56.590011595999954, -24.58016586299982 ], [ -56.59138870299995, -24.586851118999959 ], [ -56.610248566999985, -24.609479903999897 ], [ -56.601917266999919, -24.613489151999829 ], [ -56.600414275999924, -24.61751937799994 ], [ -56.60002899299991, -24.637912748999952 ] ] ] ] } },
{ "type": "Feature", "properties": { "fid": 210, "GID_2": "PRY.18.7_1", "GID_0": "PRY", "COUNTRY": "Paraguay", "GID_1": "PRY.18_1", "NAME_1": "San Pedro", "NL_NAME_1": "NA", "NAME_2": "Lima", "VARNAME_2": "NA", "NL_NAME_2": "NA", "TYPE_2": "Distrito", "ENGTYPE_2": "District", "CC_2": "NA", "HASC_2": "PY.SP.LI" }, "geometry": { "type": "MultiPolygon", "coordinates": [ [ [ [ -56.467880247999972, -24.071765899999889 ], [ -56.470363616999862, -24.069593429999827 ], [ -56.479152678999981, -24.069393157999968 ], [ -56.472961425999927, -24.061359404999962 ], [ -56.475070952999943, -24.057683944999951 ], [ -56.484775541999909, -24.062189100999944 ], [ -56.490039825999929, -24.05680465599994 ], [ -56.502468108999835, -24.058340072999954 ], [ -56.508827208999833, -24.056743620999953 ], [ -56.511352539999962, -24.05377960199985 ], [ -56.51004409899997, -24.04945373399994 ], [ -56.521690368999941, -24.043563842999959 ], [ -56.526664732999905, -24.042537689999961 ], [ -56.53611755299994, -24.045049667999876 ], [ -56.536247253999875, -24.034149168999932 ], [ -56.547115325999926, -24.029182433999949 ], [ -56.57413864199998, -24.038915632999931 ], [ -56.582542418999935, -24.039085387999876 ], [ -56.586143494999817, -24.047172546999946 ], [ -56.584121704999973, -24.054122924999945 ], [ -56.589614867999956, -24.057989118999956 ], [ -56.600593566999919, -24.049564361999956 ], [ -56.61217880199996, -24.049295423999979 ], [ -56.624950407999961, -24.056261062999909 ], [ -56.637657165999883, -24.052879331999975 ], [ -56.663349151999967, -24.056999204999954 ], [ -56.67429733299997, -24.062915801999964 ], [ -56.697551727999894, -24.065454483999929 ], [ -56.704238890999932, -24.061298368999871 ], [ -56.713554382999973, -24.065795897999919 ], [ -56.722072601999969, -24.062868117999983 ], [ -56.737056731999985, -24.07013511599996 ], [ -56.746532439999896, -24.06555175799997 ], [ -56.76199340799991, -24.068084716999977 ], [ -56.777030944999979, -24.062271116999966 ], [ -56.800338743999987, -24.066606520999869 ], [ -56.806465148999962, -24.063913343999957 ], [ -56.816577909999978, -24.065799712999819 ], [ -56.810924529999909, -24.058900831999836 ], [ -56.794033050999928, -24.055135727999982 ], [ -56.789142608999953, -24.044363020999981 ], [ -56.768993377999834, -24.015790938999828 ], [ -56.732566833999897, -23.983434677999981 ], [ -56.725936889999957, -23.97451209999997 ], [ -56.718467712999882, -23.956350325999892 ], [ -56.708557128999928, -23.944055557999945 ], [ -56.703098297999986, -23.926208495999958 ], [ -56.694885252999882, -23.917686461999949 ], [ -56.6629104619999, -23.901187895999897 ], [ -56.621978758999944, -23.901056289999929 ], [ -56.602893829999914, -23.896415709999928 ], [ -56.57788467499995, -23.886276244999976 ], [ -56.558242796999934, -23.883098600999858 ], [ -56.539596557999914, -23.871902465999938 ], [ -56.523094177999894, -23.866468428999838 ], [ -56.474704742999961, -23.862834928999916 ], [ -56.461086271999875, -23.869131086999971 ], [ -56.444545744999914, -23.886749266999914 ], [ -56.396800994999921, -23.893615721999879 ], [ -56.352817535999975, -23.910642623999877 ], [ -56.353981017999956, -23.915605544999892 ], [ -56.34873199499998, -23.930070876999935 ], [ -56.350845335999963, -23.943281173999878 ], [ -56.356143951999968, -23.955881118999969 ], [ -56.438175200999979, -24.025262832999886 ], [ -56.447975157999906, -24.04157066199997 ], [ -56.45680618199998, -24.0671672819999 ], [ -56.467880247999972, -24.071765899999889 ] ] ] ] } },
{ "type": "Feature", "properties": { "fid": 211, "GID_2": "PRY.18.8_1", "GID_0": "PRY", "COUNTRY": "Paraguay", "GID_1": "PRY.18_1", "NAME_1": "San Pedro", "NL_NAME_1": "NA", "NAME_2": "Nueva Germania", "VARNAME_2": "NA", "NL_NAME_2": "NA", "TYPE_2": "Distrito", "ENGTYPE_2": "District", "CC_2": "NA", "HASC_2": "PY.SP.NG" }, "geometry": { "type": "MultiPolygon", "coordinates": [ [ [ [ -56.164344786999948, -23.493476866999913 ], [ -56.150661467999953, -23.499166487999958 ], [ -56.143634796999947, -23.506586074999916 ], [ -56.152145385999972, -23.527727125999945 ], [ -56.15292358399995, -23.540124891999938 ], [ -56.150695799999937, -23.550367354999878 ], [ -56.141983031999985, -23.564535140999908 ], [ -56.120105743999943, -23.585945128999981 ], [ -56.122154234999982, -23.599645613999826 ], [ -56.092922209999983, -23.602035522999927 ], [ -56.067810058999896, -23.600767135999888 ], [ -56.052398680999943, -23.593460081999979 ], [ -56.043777464999891, -23.596286773999907 ], [ -56.039653778999934, -23.588335036999922 ], [ -56.013584136999953, -23.61068153399998 ], [ -56.010604857999908, -23.621198653999954 ], [ -56.001178740999933, -23.630935667999893 ], [ -55.995513915999879, -23.642442701999983 ], [ -55.996276855999952, -23.647909162999895 ], [ -56.000213622999979, -23.650470732999963 ], [ -55.99835586599994, -23.654994964999901 ], [ -55.987541198999963, -23.668996810999886 ], [ -55.982818602999942, -23.682289123999965 ], [ -55.968112944999973, -23.707164764999902 ], [ -55.96500778099994, -23.743215560999886 ], [ -55.976112365999882, -23.773689269999977 ], [ -55.978912352999942, -23.79038238399994 ], [ -55.987087250999878, -23.790996550999978 ], [ -56.02569198499998, -23.820692061999921 ], [ -56.025775908999947, -23.823099136999929 ], [ -56.030212401999904, -23.822599410999885 ], [ -56.055690765999941, -23.83880615299995 ], [ -56.075752257999966, -23.843860624999934 ], [ -56.092929840999886, -23.853866576999962 ], [ -56.133239746999948, -23.863227844999926 ], [ -56.158618925999917, -23.864896773999931 ], [ -56.177223205999951, -23.857799530999955 ], [ -56.200061797999922, -23.870767592999925 ], [ -56.212982177999947, -23.886297225999897 ], [ -56.23038864199998, -23.897016525999902 ], [ -56.239856719999921, -23.900810240999931 ], [ -56.259552000999975, -23.897859572999948 ], [ -56.279251098999907, -23.912517546999936 ], [ -56.288078307999911, -23.914510725999833 ], [ -56.330654144999983, -23.916507721999949 ], [ -56.348789214999897, -23.915033339999979 ], [ -56.352817535999975, -23.910642623999877 ], [ -56.396800994999921, -23.893615721999879 ], [ -56.444545744999914, -23.886749266999914 ], [ -56.461086271999875, -23.869131086999971 ], [ -56.474704742999961, -23.862834928999916 ], [ -56.523094177999894, -23.866468428999838 ], [ -56.539596557999914, -23.871902465999938 ], [ -56.558242796999934, -23.883098600999858 ], [ -56.57788467499995, -23.886276244999976 ], [ -56.602893829999914, -23.896415709999928 ], [ -56.621978758999944, -23.901056289999929 ], [ -56.640716551999958, -23.899892805999968 ], [ -56.666934967999907, -23.902362823999965 ], [ -56.694885252999882, -23.917686461999949 ], [ -56.701221466999982, -23.92316246099989 ], [ -56.70442199699994, -23.930986404999942 ], [ -56.711368559999926, -23.923313140999937 ], [ -56.724163054999963, -23.916097639999862 ], [ -56.746196746999942, -23.873777388999883 ], [ -56.746475219999979, -23.869228363999923 ], [ -56.743919372999983, -23.833681105999915 ], [ -56.739028930999893, -23.815088271999969 ], [ -56.729816436999897, -23.799148559999878 ], [ -56.72351455699993, -23.791818618999855 ], [ -56.685310363999918, -23.794136047999928 ], [ -56.663024901999961, -23.781593321999878 ], [ -56.636848450999935, -23.77259635799993 ], [ -56.621265410999968, -23.764242171999967 ], [ -56.601001738999969, -23.736749648999933 ], [ -56.580459595999969, -23.736867903999951 ], [ -56.56060027999996, -23.724798202999978 ], [ -56.556011199999944, -23.71691131599988 ], [ -56.558246612999881, -23.695060729999909 ], [ -56.518798828999934, -23.633121489999951 ], [ -56.476356504999956, -23.617748259999928 ], [ -56.457283018999874, -23.604013442999928 ], [ -56.437904357999912, -23.593919752999909 ], [ -56.417739867999956, -23.592376707999961 ], [ -56.401889800999982, -23.588003157999935 ], [ -56.360855102999949, -23.563488006999933 ], [ -56.328723906999983, -23.561107635999917 ], [ -56.309761045999949, -23.542449950999981 ], [ -56.279285430999892, -23.533847807999962 ], [ -56.266799925999976, -23.527940748999981 ], [ -56.24523925799997, -23.499885558999836 ], [ -56.230804443999943, -23.486934661999953 ], [ -56.164344786999948, -23.493476866999913 ] ] ] ] } },
{ "type": "Feature", "properties": { "fid": 212, "GID_2": "PRY.18.9_1", "GID_0": "PRY", "COUNTRY": "Paraguay", "GID_1": "PRY.18_1", "NAME_1": "San Pedro", "NL_NAME_1": "NA", "NAME_2": "San Estanislao", "VARNAME_2": "NA", "NL_NAME_2": "NA", "TYPE_2": "Distrito", "ENGTYPE_2": "District", "CC_2": "NA", "HASC_2": "PY.SP.SE" }, "geometry": { "type": "MultiPolygon", "coordinates": [ [ [ [ -56.04896545299988, -24.872320174999913 ], [ -56.085155485999962, -24.90067481899996 ], [ -56.116046905999951, -24.919942854999931 ], [ -56.138832091999916, -24.926633834999961 ], [ -56.155914306999875, -24.922355651999908 ], [ -56.166351318999943, -24.911987303999922 ], [ -56.17990875199996, -24.879032134999818 ], [ -56.189464568999938, -24.861993788999939 ], [ -56.196941374999938, -24.854534148999846 ], [ -56.204135893999876, -24.840042112999981 ], [ -56.213581083999941, -24.831121444999951 ], [ -56.221263884999985, -24.80796050999993 ], [ -56.222278593999818, -24.793331146999833 ], [ -56.22518539299989, -24.786994934999939 ], [ -56.237380981999877, -24.775341033999894 ], [ -56.247550963999913, -24.761180877999891 ], [ -56.26254653899997, -24.750949857999899 ], [ -56.26802444499998, -24.743686674999879 ], [ -56.275413513999979, -24.745964049999941 ], [ -56.280105590999938, -24.751117705999945 ], [ -56.269020079999905, -24.736692427999913 ], [ -56.286930083999948, -24.731864928999983 ], [ -56.299224852999828, -24.725526808999859 ], [ -56.305522917999838, -24.718938827999921 ], [ -56.324798582999961, -24.726518630999919 ], [ -56.419391630999939, -24.728431700999977 ], [ -56.431018827999878, -24.696767806999844 ], [ -56.469886779999911, -24.707883834999961 ], [ -56.478939055999831, -24.716218947999948 ], [ -56.499607086999902, -24.74681091199983 ], [ -56.520973205999894, -24.764850616999922 ], [ -56.538959503999934, -24.760442732999934 ], [ -56.54404449499998, -24.761253355999941 ], [ -56.579086303999986, -24.740989683999942 ], [ -56.579608915999927, -24.737890243999971 ], [ -56.569400787999882, -24.731769561999897 ], [ -56.565399169999978, -24.724956512999938 ], [ -56.562793730999886, -24.693595885999855 ], [ -56.570045470999958, -24.694335937999881 ], [ -56.576107024999942, -24.664224623999814 ], [ -56.528877258999842, -24.66404151799992 ], [ -56.528804777999881, -24.653144834999921 ], [ -56.531307219999974, -24.640918731999875 ], [ -56.551074981999932, -24.628295897999976 ], [ -56.575973510999972, -24.627899169999978 ], [ -56.60002899299991, -24.637912748999952 ], [ -56.600414275999924, -24.61751937799994 ], [ -56.601917266999919, -24.613489151999829 ], [ -56.610248566999985, -24.609479903999897 ], [ -56.59138870299995, -24.586851118999959 ], [ -56.590011595999954, -24.58016586299982 ], [ -56.591518401999906, -24.576311111999928 ], [ -56.596660614999962, -24.573286055999972 ], [ -56.596172331999981, -24.570028304999937 ], [ -56.576335907999862, -24.524717329999874 ], [ -56.581676482999967, -24.521688459999893 ], [ -56.616352080999945, -24.519786833999945 ], [ -56.623729705999949, -24.50253867999993 ], [ -56.627082824999889, -24.50027465699992 ], [ -56.634105681999927, -24.50029182499992 ], [ -56.630954741999972, -24.494918822999978 ], [ -56.613048552999885, -24.485349654999879 ], [ -56.599102019999975, -24.473686217999955 ], [ -56.607082365999986, -24.425546644999883 ], [ -56.603298185999961, -24.411102294999978 ], [ -56.608036040999934, -24.392824171999962 ], [ -56.607624053999984, -24.376852035999832 ], [ -56.601360319999969, -24.351749419999919 ], [ -56.60200881999998, -24.343393324999965 ], [ -56.59743499699988, -24.347301482999967 ], [ -56.588264463999963, -24.349149702999853 ], [ -56.576786040999878, -24.339244842999847 ], [ -56.56794738699989, -24.338542937999932 ], [ -56.557033537999985, -24.342792509999924 ], [ -56.551795959999879, -24.341823576999957 ], [ -56.547847747999981, -24.33628654499995 ], [ -56.543788909999932, -24.294960020999952 ], [ -56.527111053999874, -24.292987822999862 ], [ -56.497509003999937, -24.294935226999939 ], [ -56.491436003999979, -24.292533874999947 ], [ -56.481937408999954, -24.265138625999896 ], [ -56.483448027999941, -24.253297805999921 ], [ -56.488555908999899, -24.241376876999823 ], [ -56.457988738999916, -24.236251829999958 ], [ -56.448280334999936, -24.232292173999895 ], [ -56.444698333999952, -24.233282087999896 ], [ -56.444393157999912, -24.237106322999978 ], [ -56.440673827999944, -24.240636824999967 ], [ -56.435276031999877, -24.240943908999952 ], [ -56.37343597499995, -24.234504699999832 ], [ -56.367671966999978, -24.21973419099993 ], [ -56.33898925799997, -24.200744628999928 ], [ -56.330982207999966, -24.192386626999905 ], [ -56.337345123999967, -24.165363310999965 ], [ -56.334182737999981, -24.141820906999953 ], [ -56.345348358999956, -24.123443603999931 ], [ -56.32933425899995, -24.128915786999926 ], [ -56.319908141999917, -24.127664565999964 ], [ -56.311485289999951, -24.135286330999975 ], [ -56.286449431999984, -24.142356871999937 ], [ -56.272029875999976, -24.141565322999838 ], [ -56.263202666999973, -24.149194717999933 ], [ -56.243534087999933, -24.146152494999967 ], [ -56.230022429999963, -24.150068283999929 ], [ -56.220222472999978, -24.150087356999904 ], [ -56.212757110999974, -24.147153854999942 ], [ -56.20290374699988, -24.135915755999918 ], [ -56.185188293999943, -24.148626325999828 ], [ -56.173019408999949, -24.141069411999922 ], [ -56.155757904999973, -24.143508910999969 ], [ -56.153354644999922, -24.154012678999891 ], [ -56.15540313799994, -24.165615081999931 ], [ -56.149379730999954, -24.172052383999926 ], [ -56.145668028999978, -24.198373794999952 ], [ -56.151382446999889, -24.218507765999959 ], [ -56.164379118999932, -24.234804151999981 ], [ -56.163272856999981, -24.24469375599989 ], [ -56.150413513999922, -24.278915403999974 ], [ -56.128803253999877, -24.295707702999948 ], [ -56.119205473999955, -24.310619353999869 ], [ -56.123245238999914, -24.329212187999929 ], [ -56.12263107299998, -24.336706161999928 ], [ -56.112491606999924, -24.366277694999951 ], [ -56.118568419999917, -24.379594801999929 ], [ -56.116878509999822, -24.384386061999976 ], [ -56.103393553999979, -24.395835875999978 ], [ -56.091567993999945, -24.399778364999975 ], [ -56.082832336999957, -24.398914336999894 ], [ -56.074657439999896, -24.401388167999926 ], [ -56.066432953999936, -24.399402617999954 ], [ -56.05215453999989, -24.402088165999942 ], [ -56.041915892999953, -24.424489974999858 ], [ -56.035167693999938, -24.430610656999932 ], [ -56.023872374999883, -24.435499190999849 ], [ -56.017677306999985, -24.444156646999943 ], [ -56.012336730999948, -24.468421935999913 ], [ -56.004108428999928, -24.483308791999946 ], [ -55.991157531999875, -24.49793052699988 ], [ -55.983753204999971, -24.526187895999954 ], [ -55.972869871999933, -24.538711547999924 ], [ -55.946144104999917, -24.556957244999921 ], [ -55.939590454999916, -24.566097258999889 ], [ -55.936111449999942, -24.60434722899987 ], [ -55.93917846599993, -24.614513396999939 ], [ -55.93711852999985, -24.618354796999881 ], [ -55.927894591999973, -24.62274169799997 ], [ -55.910888672999931, -24.655061721999971 ], [ -55.902900695999961, -24.661186216999965 ], [ -55.873279570999955, -24.672912596999936 ], [ -55.859218596999881, -24.684822081999982 ], [ -55.830799101999901, -24.755451201999904 ], [ -55.818256376999955, -24.762241362999873 ], [ -55.812370300999987, -24.769456862999959 ], [ -55.790885924999884, -24.774572372999899 ], [ -55.764717100999974, -24.776704787999961 ], [ -55.841342925999925, -24.783346175999952 ], [ -55.885818480999944, -24.794099807999942 ], [ -55.960742950999929, -24.823604582999906 ], [ -56.04896545299988, -24.872320174999913 ] ] ] ] } },
{ "type": "Feature", "properties": { "fid": 213, "GID_2": "PRY.18.10_1", "GID_0": "PRY", "COUNTRY": "Paraguay", "GID_1": "PRY.18_1", "NAME_1": "San Pedro", "NL_NAME_1": "NA", "NAME_2": "San Pablo", "VARNAME_2": "NA", "NL_NAME_2": "NA", "TYPE_2": "Distrito", "ENGTYPE_2": "District", "CC_2": "NA", "HASC_2": "PY.SP.SP" }, "geometry": { "type": "MultiPolygon", "coordinates": [ [ [ [ -57.081100462999984, -24.183849333999888 ], [ -57.091773985999907, -24.119688032999875 ], [ -57.080520630999956, -24.124708174999967 ], [ -57.065998077999893, -24.113645553999902 ], [ -57.041160583999897, -24.112293243999829 ], [ -57.035247801999958, -24.101373671999966 ], [ -57.01449966499996, -24.096097944999883 ], [ -57.0149993899999, -24.085731505999888 ], [ -57.011322020999899, -24.082918166999889 ], [ -57.004524229999959, -24.08309364299987 ], [ -56.998081207999917, -24.08852767999997 ], [ -56.985759734999817, -24.084123610999825 ], [ -56.973037718999933, -24.086809156999891 ], [ -56.962623595999901, -24.079084394999938 ], [ -56.949302671999931, -24.081785201999878 ], [ -56.940452574999824, -24.072744369999953 ], [ -56.917938231999926, -24.075496673999965 ], [ -56.905334471999879, -24.067998885999941 ], [ -56.900577545999965, -24.069572448999963 ], [ -56.895225524999944, -24.078424453999958 ], [ -56.885868071999937, -24.072664260999886 ], [ -56.873046873999954, -24.071714401999884 ], [ -56.86890411499985, -24.066368101999956 ], [ -56.863853454999912, -24.064498901999912 ], [ -56.860755919999974, -24.075473785999918 ], [ -56.847305297999924, -24.073444365999933 ], [ -56.838562012999944, -24.082738875999894 ], [ -56.834186552999938, -24.083574294999949 ], [ -56.830963133999944, -24.07530021599996 ], [ -56.827915191999921, -24.073558805999937 ], [ -56.822570800999927, -24.075506209999844 ], [ -56.816577909999978, -24.065799712999819 ], [ -56.811862944999916, -24.063964843999941 ], [ -56.800338743999987, -24.066606520999869 ], [ -56.777030944999979, -24.062271116999966 ], [ -56.766151427999944, -24.066709517999868 ], [ -56.823314665999931, -24.193725584999925 ], [ -56.88294982799988, -24.192823409999903 ], [ -56.940101622999919, -24.188999175999925 ], [ -56.953777313999979, -24.177204132999918 ], [ -57.001358031999985, -24.161066053999946 ], [ -57.081100462999984, -24.183849333999888 ] ] ] ] } },
{ "type": "Feature", "properties": { "fid": 214, "GID_2": "PRY.18.11_1", "GID_0": "PRY", "COUNTRY": "Paraguay", "GID_1": "PRY.18_1", "NAME_1": "San Pedro", "NL_NAME_1": "NA", "NAME_2": "San Pedro del Ycuamandyyú", "VARNAME_2": "NA", "NL_NAME_2": "NA", "TYPE_2": "Distrito", "ENGTYPE_2": "District", "CC_2": "NA", "HASC_2": "PY.SP.SY" }, "geometry": { "type": "MultiPolygon", "coordinates": [ [ [ [ -57.291229246999933, -23.485107421999942 ], [ -57.290283202999888, -23.489107131999845 ], [ -57.284828186999846, -23.487728118999939 ], [ -57.274520873999847, -23.479078291999883 ], [ -57.238754272999984, -23.468229292999979 ], [ -57.238090514999953, -23.470500944999912 ], [ -57.227550505999886, -23.470453261999978 ], [ -57.209774017999962, -23.475559233999945 ], [ -57.194576262999817, -23.473207473999935 ], [ -57.184165954999912, -23.474325178999891 ], [ -57.166740417999961, -23.470193862999906 ], [ -57.161037443999987, -23.473758696999937 ], [ -57.154838560999963, -23.47392272999997 ], [ -57.12591171299988, -23.461999893999973 ], [ -57.062244414999896, -23.451946257999907 ], [ -57.032676696999943, -23.440664291999838 ], [ -57.02135467599993, -23.441991805999976 ], [ -57.028987883999946, -23.455049514999928 ], [ -57.041690825999979, -23.467248916999949 ], [ -57.056396484999937, -23.486663816999908 ], [ -57.061290739999947, -23.497436521999873 ], [ -57.05820464999988, -23.507690429999911 ], [ -57.018722534999938, -23.540531158999954 ], [ -56.997325896999882, -23.544729232999941 ], [ -56.939311980999946, -23.564231871999937 ], [ -56.95261001699987, -23.5974922179999 ], [ -56.964809418999948, -23.605899809999926 ], [ -56.967144012999825, -23.610923766999861 ], [ -56.965526579999846, -23.624050139999952 ], [ -56.951889037999877, -23.62821960499997 ], [ -56.97552108799988, -23.69464301999983 ], [ -56.930377959999987, -23.692180632999907 ], [ -56.88600921599982, -23.696041105999939 ], [ -56.81420898399989, -23.696041105999939 ], [ -56.809013365999874, -23.710161209999967 ], [ -56.795955658999958, -23.721385955999835 ], [ -56.78094482299997, -23.726848601999905 ], [ -56.761989592999953, -23.726770400999897 ], [ -56.750709533999952, -23.730138778999901 ], [ -56.740245818999881, -23.756372450999947 ], [ -56.726898192999954, -23.772140501999957 ], [ -56.71206664999994, -23.784673690999853 ], [ -56.72351455699993, -23.791818618999855 ], [ -56.739028930999893, -23.815088271999969 ], [ -56.743919372999983, -23.833681105999915 ], [ -56.746196746999942, -23.873777388999883 ], [ -56.724163054999963, -23.916097639999862 ], [ -56.711368559999926, -23.923313140999937 ], [ -56.70442199699994, -23.930986404999942 ], [ -56.706661224999891, -23.940286635999939 ], [ -56.718467712999882, -23.956350325999892 ], [ -56.727401733999955, -23.977022169999941 ], [ -56.742633819999924, -23.993907928999931 ], [ -56.768993377999834, -24.015790938999828 ], [ -56.789142608999953, -24.044363020999981 ], [ -56.794033050999928, -24.055135727999982 ], [ -56.81275177099991, -24.059946060999891 ], [ -56.822570800999927, -24.075506209999844 ], [ -56.828918455999883, -24.073717115999955 ], [ -56.834186552999938, -24.083574294999949 ], [ -56.838562012999944, -24.082738875999894 ], [ -56.847305297999924, -24.073444365999933 ], [ -56.860755919999974, -24.075473785999918 ], [ -56.863853454999912, -24.064498901999912 ], [ -56.86890411499985, -24.066368101999956 ], [ -56.873046873999954, -24.071714401999884 ], [ -56.885868071999937, -24.072664260999886 ], [ -56.895225524999944, -24.078424453999958 ], [ -56.900577545999965, -24.069572448999963 ], [ -56.905334471999879, -24.067998885999941 ], [ -56.917938231999926, -24.075496673999965 ], [ -56.940452574999824, -24.072744369999953 ], [ -56.949302671999931, -24.081785201999878 ], [ -56.962623595999901, -24.079084394999938 ], [ -56.973037718999933, -24.086809156999891 ], [ -56.985759734999817, -24.084123610999825 ], [ -56.998081207999917, -24.08852767999997 ], [ -57.004524229999959, -24.08309364299987 ], [ -57.011322020999899, -24.082918166999889 ], [ -57.0149993899999, -24.085731505999888 ], [ -57.01449966499996, -24.096097944999883 ], [ -57.035247801999958, -24.101373671999966 ], [ -57.041160583999897, -24.112293243999829 ], [ -57.065998077999893, -24.113645553999902 ], [ -57.080520630999956, -24.124708174999967 ], [ -57.089431762999936, -24.121568678999893 ], [ -57.096580505999952, -24.11302375799994 ], [ -57.102886198999897, -24.116668700999924 ], [ -57.106945036999889, -24.125463485999944 ], [ -57.113952636999898, -24.125638961999982 ], [ -57.115222931999938, -24.134868621999885 ], [ -57.124237059999984, -24.142080306999901 ], [ -57.123355865999883, -24.146095274999936 ], [ -57.126232147999929, -24.148742675999927 ], [ -57.13798904399988, -24.147161482999934 ], [ -57.152313232999973, -24.148950575999834 ], [ -57.147003173999906, -24.125213621999933 ], [ -57.15364074699994, -24.113042830999859 ], [ -57.154884337999931, -24.094476698999983 ], [ -57.143482208999899, -24.087879179999959 ], [ -57.114177702999882, -24.084676741999942 ], [ -57.10577011099997, -24.077817915999958 ], [ -57.103008269999975, -24.072441100999981 ], [ -57.107574462999935, -24.064506529999846 ], [ -57.124366759999987, -24.050792693999881 ], [ -57.131637573999967, -24.006446838999921 ], [ -57.113517761999901, -24.002210617999822 ], [ -57.088348387999986, -23.989442824999969 ], [ -57.082824706999986, -23.985229491999974 ], [ -57.079372406999937, -23.976602554999943 ], [ -57.079795836999949, -23.970596313999977 ], [ -57.08634948699995, -23.962427138999885 ], [ -57.087860106999983, -23.946037292999961 ], [ -57.092601776999913, -23.930646896999917 ], [ -57.099548339999956, -23.922283171999879 ], [ -57.10384750399993, -23.905637739999918 ], [ -57.125679016999982, -23.900869368999906 ], [ -57.148403166999913, -23.899162291999971 ], [ -57.17399215599994, -23.906459807999909 ], [ -57.211116790999881, -23.936897276999957 ], [ -57.20882415799997, -23.945583343999942 ], [ -57.21165084799992, -23.948846816999946 ], [ -57.223194121999938, -23.94071960399998 ], [ -57.242358945999911, -23.947439077999945 ], [ -57.248772, -23.940748 ], [ -57.264137267999899, -23.941415786999926 ], [ -57.297283172999983, -23.927230833999886 ], [ -57.307708738999906, -23.916416167999898 ], [ -57.310791, -23.893443999999874 ], [ -57.313274, -23.889741999999842 ], [ -57.320006998999986, -23.886833000999843 ], [ -57.316841124999883, -23.881288528999903 ], [ -57.313278197999978, -23.882299423999882 ], [ -57.309249878999879, -23.887676237999983 ], [ -57.302089690999878, -23.88206291299997 ], [ -57.268218993999938, -23.877729414999976 ], [ -57.259696959999985, -23.866704940999966 ], [ -57.264266967999902, -23.859493254999848 ], [ -57.280418395999845, -23.845787047999977 ], [ -57.282611845999952, -23.836444854999911 ], [ -57.27575683699996, -23.823942183999975 ], [ -57.256710051999903, -23.807939528999839 ], [ -57.254390715999932, -23.797283172999983 ], [ -57.260002135999912, -23.791498183999977 ], [ -57.285068510999906, -23.789171217999922 ], [ -57.288360594999972, -23.785995483999955 ], [ -57.289958954999975, -23.773054121999962 ], [ -57.284610748999967, -23.761213301999931 ], [ -57.267494201999966, -23.755872726999939 ], [ -57.261577604999957, -23.751493453999956 ], [ -57.265285490999986, -23.729236601999958 ], [ -57.292884826999966, -23.712308882999935 ], [ -57.336032866999915, -23.709468839999943 ], [ -57.35866928199988, -23.700115203999871 ], [ -57.358390808999957, -23.697582244999921 ], [ -57.353595733999953, -23.69716834899998 ], [ -57.339580534999925, -23.701738357999886 ], [ -57.342575072999978, -23.695478438999942 ], [ -57.349243162999983, -23.691844938999964 ], [ -57.359378814999957, -23.690832136999973 ], [ -57.374111175999985, -23.696592331999909 ], [ -57.38019943099988, -23.692768096999941 ], [ -57.388710021999884, -23.691637038999886 ], [ -57.400470733999896, -23.678953169999886 ], [ -57.430877685999917, -23.663557051999931 ], [ -57.440288543999827, -23.646028517999923 ], [ -57.456237791999911, -23.633766174999892 ], [ -57.463386535999973, -23.620267867999928 ], [ -57.473022460999914, -23.616565703999925 ], [ -57.478874206999933, -23.606407165999883 ], [ -57.491130828999928, -23.593261717999894 ], [ -57.500469206999981, -23.586696624999831 ], [ -57.505813599999954, -23.589101791999951 ], [ -57.506935119999923, -23.586887358999888 ], [ -57.498916625999925, -23.579126356999893 ], [ -57.495498656999928, -23.571962356999904 ], [ -57.486888885999974, -23.57057380699996 ], [ -57.487785339999959, -23.56128692599998 ], [ -57.485698699999887, -23.558256148999874 ], [ -57.478801726999905, -23.566814422999926 ], [ -57.469833373999847, -23.572885512999903 ], [ -57.481670378999922, -23.538211822999983 ], [ -57.481899261999956, -23.520404815999939 ], [ -57.466983794999976, -23.502309797999942 ], [ -57.461711882999964, -23.486652373999959 ], [ -57.453540802999953, -23.473991392999892 ], [ -57.431720732999963, -23.473102568999877 ], [ -57.409885406999933, -23.482248304999871 ], [ -57.406311034999931, -23.487539290999962 ], [ -57.39890670799997, -23.488714217999927 ], [ -57.396621702999937, -23.490144729999884 ], [ -57.398056029999964, -23.493593216999955 ], [ -57.37986755299994, -23.493516920999923 ], [ -57.375495910999973, -23.499069213999974 ], [ -57.368930815999931, -23.502178191999974 ], [ -57.36078643899998, -23.502023696999913 ], [ -57.333271026999853, -23.493890762999968 ], [ -57.295665739999947, -23.48888015599988 ], [ -57.291229246999933, -23.485107421999942 ] ] ] ] } },
{ "type": "Feature", "properties": { "fid": 215, "GID_2": "PRY.18.12_1", "GID_0": "PRY", "COUNTRY": "Paraguay", "GID_1": "PRY.18_1", "NAME_1": "San Pedro", "NL_NAME_1": "NA", "NAME_2": "Tacuatí", "VARNAME_2": "NA", "NL_NAME_2": "NA", "TYPE_2": "Distrito", "ENGTYPE_2": "District", "CC_2": "NA", "HASC_2": "PY.SP.TA" }, "geometry": { "type": "MultiPolygon", "coordinates": [ [ [ [ -56.191440581999984, -23.295751570999926 ], [ -56.175632475999976, -23.296911239999872 ], [ -56.176239013999975, -23.298984527999892 ], [ -56.172660826999959, -23.300127028999952 ], [ -56.177265166999973, -23.318187712999929 ], [ -56.168647765999879, -23.354015348999951 ], [ -56.168445586999951, -23.362016678999908 ], [ -56.171451567999895, -23.366207122999981 ], [ -56.171985624999934, -23.374183653999978 ], [ -56.165714263999917, -23.412036894999972 ], [ -56.167133329999899, -23.4283676149999 ], [ -56.173526764999906, -23.436832426999956 ], [ -56.174800871999878, -23.454208373999961 ], [ -56.173606872999983, -23.463233946999935 ], [ -56.165794372999983, -23.480213164999896 ], [ -56.166622160999964, -23.490507124999965 ], [ -56.164344786999948, -23.493476866999913 ], [ -56.230804443999943, -23.486934661999953 ], [ -56.24523925799997, -23.499885558999836 ], [ -56.266799925999976, -23.527940748999981 ], [ -56.279285430999892, -23.533847807999962 ], [ -56.309761045999949, -23.542449950999981 ], [ -56.328723906999983, -23.561107635999917 ], [ -56.360855102999949, -23.563488006999933 ], [ -56.401889800999982, -23.588003157999935 ], [ -56.417739867999956, -23.592376707999961 ], [ -56.437904357999912, -23.593919752999909 ], [ -56.457283018999874, -23.604013442999928 ], [ -56.476356504999956, -23.617748259999928 ], [ -56.518798828999934, -23.633121489999951 ], [ -56.558246612999881, -23.695060729999909 ], [ -56.55587387099996, -23.711465835999888 ], [ -56.557952880999949, -23.722681043999955 ], [ -56.580459595999969, -23.736867903999951 ], [ -56.601001738999969, -23.736749648999933 ], [ -56.621265410999968, -23.764242171999967 ], [ -56.636848450999935, -23.77259635799993 ], [ -56.663024901999961, -23.781593321999878 ], [ -56.685310363999918, -23.794136047999928 ], [ -56.72351455699993, -23.791818618999855 ], [ -56.71206664999994, -23.784673690999853 ], [ -56.726898192999954, -23.772140501999957 ], [ -56.740245818999881, -23.756372450999947 ], [ -56.750709533999952, -23.730138778999901 ], [ -56.761989592999953, -23.726770400999897 ], [ -56.78094482299997, -23.726848601999905 ], [ -56.795955658999958, -23.721385955999835 ], [ -56.809013365999874, -23.710161209999967 ], [ -56.81420898399989, -23.696041105999939 ], [ -56.88600921599982, -23.696041105999939 ], [ -56.930377959999987, -23.692180632999907 ], [ -56.97552108799988, -23.69464301999983 ], [ -56.951889037999877, -23.62821960499997 ], [ -56.965526579999846, -23.624050139999952 ], [ -56.967144012999825, -23.610923766999861 ], [ -56.964809418999948, -23.605899809999926 ], [ -56.95261001699987, -23.5974922179999 ], [ -56.939311980999946, -23.564231871999937 ], [ -56.997325896999882, -23.544729232999941 ], [ -57.018722534999938, -23.540531158999954 ], [ -57.054519652999886, -23.511241911999946 ], [ -57.061599731999934, -23.501245497999889 ], [ -57.05430221499995, -23.483266829999877 ], [ -57.028987883999946, -23.455049514999928 ], [ -57.018074034999984, -23.439180373999875 ], [ -57.007011413999862, -23.446136474999889 ], [ -57.001194000999931, -23.443855285999973 ], [ -56.988655090999941, -23.44547653199993 ], [ -56.971225738999863, -23.43365478599992 ], [ -56.966526031999933, -23.434049606999906 ], [ -56.959167479999849, -23.43949317899984 ], [ -56.952175138999962, -23.437879560999932 ], [ -56.946575163999967, -23.433170317999895 ], [ -56.934677123999961, -23.434097288999965 ], [ -56.923908233999953, -23.439262390999943 ], [ -56.914913177999836, -23.440658568999879 ], [ -56.889373778999925, -23.43946266099988 ], [ -56.877845763999915, -23.434150695999847 ], [ -56.861351012999933, -23.43684387199994 ], [ -56.846900940999888, -23.433641432999877 ], [ -56.824634552999896, -23.437404631999982 ], [ -56.818794250999929, -23.435953140999857 ], [ -56.801330565999876, -23.42226981999994 ], [ -56.790382384999873, -23.424905775999889 ], [ -56.756015776999959, -23.44667243799995 ], [ -56.747917174999827, -23.444671629999959 ], [ -56.740272521999941, -23.436935423999955 ], [ -56.727062225999987, -23.431270598999845 ], [ -56.715469359999929, -23.43307876599988 ], [ -56.694732665999879, -23.446228026999904 ], [ -56.688411711999947, -23.446525573999963 ], [ -56.661239623999961, -23.437953948999848 ], [ -56.635578155999895, -23.440364837999937 ], [ -56.609420775999922, -23.452821730999972 ], [ -56.573528288999967, -23.447954177999918 ], [ -56.557117461999894, -23.442672727999934 ], [ -56.554523467999957, -23.447055815999931 ], [ -56.54213714499997, -23.446443556999895 ], [ -56.526191710999967, -23.452217102999953 ], [ -56.521614073999899, -23.448398588999908 ], [ -56.517951964999952, -23.43643760599997 ], [ -56.518241882999973, -23.427749633999952 ], [ -56.514953613999921, -23.424728392999953 ], [ -56.506649016999972, -23.419544219999921 ], [ -56.490600584999981, -23.41636466999995 ], [ -56.476737975999981, -23.404256820999819 ], [ -56.469001769999977, -23.402444837999894 ], [ -56.46115875299995, -23.397012710999945 ], [ -56.458747862999928, -23.405122755999969 ], [ -56.441822051999964, -23.414190290999954 ], [ -56.431560515999934, -23.411117553999929 ], [ -56.421504974999891, -23.413774488999934 ], [ -56.415359496999827, -23.412853240999937 ], [ -56.39409637499989, -23.399478911999893 ], [ -56.380195616999913, -23.38560676599991 ], [ -56.371547698999905, -23.38696288999995 ], [ -56.367923736999899, -23.384752273999823 ], [ -56.359687805999954, -23.373487471999908 ], [ -56.36125183099989, -23.359428404999903 ], [ -56.353279112999985, -23.352745056999879 ], [ -56.341503143999944, -23.347768783999925 ], [ -56.335357665999936, -23.347593307999887 ], [ -56.327556609999931, -23.342880248999904 ], [ -56.306121825999981, -23.342636107999965 ], [ -56.29354476899988, -23.333063124999967 ], [ -56.293678282999906, -23.328006744999925 ], [ -56.289123533999884, -23.324947356999928 ], [ -56.282577514999957, -23.324657440999943 ], [ -56.238197327999956, -23.310522078999895 ], [ -56.234867096999892, -23.313394545999927 ], [ -56.231464384999924, -23.312879560999932 ], [ -56.22076416099992, -23.309291837999979 ], [ -56.217792510999971, -23.302715301999967 ], [ -56.19775771999997, -23.299711226999932 ], [ -56.191440581999984, -23.295751570999926 ] ] ] ] } },
{ "type": "Feature", "properties": { "fid": 216, "GID_2": "PRY.18.13_1", "GID_0": "PRY", "COUNTRY": "Paraguay", "GID_1": "PRY.18_1", "NAME_1": "San Pedro", "NL_NAME_1": "NA", "NAME_2": "Unión", "VARNAME_2": "NA", "NL_NAME_2": "NA", "TYPE_2": "Distrito", "ENGTYPE_2": "District", "CC_2": "NA", "HASC_2": "PY.SP.UN" }, "geometry": { "type": "MultiPolygon", "coordinates": [ [ [ [ -56.393344879999972, -24.903890609999962 ], [ -56.414512634999937, -24.934705733999976 ], [ -56.420627593999882, -24.934629439999981 ], [ -56.430076598999904, -24.928726195999957 ], [ -56.442787169999974, -24.92971801799996 ], [ -56.462127685999917, -24.946357726999963 ], [ -56.48879623299996, -24.97436523499988 ], [ -56.501693724999882, -24.982158659999982 ], [ -56.52561187799995, -24.987972259999879 ], [ -56.565387724999937, -24.983427046999964 ], [ -56.590332030999889, -24.974313734999953 ], [ -56.601776121999876, -24.972774504999961 ], [ -56.630516051999905, -24.947036743999945 ], [ -56.647430418999932, -24.908676146999937 ], [ -56.655014036999887, -24.883249282999941 ], [ -56.668781279999905, -24.878559112999937 ], [ -56.679019926999899, -24.869962691999831 ], [ -56.687400816999968, -24.867292404999944 ], [ -56.67988967999986, -24.849599837999961 ], [ -56.68483352699991, -24.800979614999846 ], [ -56.677974700999926, -24.792606352999883 ], [ -56.658836363999967, -24.791610717999959 ], [ -56.642047881999986, -24.795640944999889 ], [ -56.641963957999963, -24.80314636199995 ], [ -56.637237548999963, -24.804109573999824 ], [ -56.619453430999954, -24.793268203999958 ], [ -56.598468779999962, -24.79067039499995 ], [ -56.572097778999932, -24.782018660999881 ], [ -56.563510893999933, -24.776769637999962 ], [ -56.552753447999976, -24.765028 ], [ -56.542995452999946, -24.760892866999939 ], [ -56.520973205999894, -24.764850616999922 ], [ -56.499607086999902, -24.74681091199983 ], [ -56.478939055999831, -24.716218947999948 ], [ -56.469886779999911, -24.707883834999961 ], [ -56.431018827999878, -24.696767806999844 ], [ -56.421054840999943, -24.724775313999942 ], [ -56.403682709999941, -24.762754438999877 ], [ -56.404178619999925, -24.766561506999949 ], [ -56.418498993999947, -24.768243788999939 ], [ -56.427444457999911, -24.772224424999877 ], [ -56.42853927699997, -24.800533293999933 ], [ -56.418125151999959, -24.802396773999931 ], [ -56.413646698999969, -24.808488844999943 ], [ -56.414424895999957, -24.815553664999982 ], [ -56.426082611999959, -24.83981704699994 ], [ -56.426242828999875, -24.846351623999965 ], [ -56.418857573999958, -24.85705375699996 ], [ -56.407436370999903, -24.867294311999956 ], [ -56.384059904999901, -24.874528883999972 ], [ -56.393344879999972, -24.903890609999962 ] ] ] ] } },
{ "type": "Feature", "properties": { "fid": 217, "GID_2": "PRY.18.14_1", "GID_0": "PRY", "COUNTRY": "Paraguay", "GID_1": "PRY.18_1", "NAME_1": "San Pedro", "NL_NAME_1": "NA", "NAME_2": "Villa del Rosario", "VARNAME_2": "NA", "NL_NAME_2": "NA", "TYPE_2": "Distrito", "ENGTYPE_2": "District", "CC_2": "NA", "HASC_2": "PY.SP.VR" }, "geometry": { "type": "MultiPolygon", "coordinates": [ [ [ [ -57.046657561999893, -25.002223967999839 ], [ -57.050952910999911, -25.004871368999943 ], [ -57.048625945999959, -25.01003074599987 ], [ -57.051567076999959, -25.010862349999968 ], [ -57.058006285999909, -25.00192070099996 ], [ -57.064964293999878, -25.002977370999929 ], [ -57.079658507999966, -24.997886656999981 ], [ -57.079647064999904, -25.004909515999884 ], [ -57.091983794999976, -25.004812240999854 ], [ -57.096652983999945, -25.008577345999981 ], [ -57.099010466999857, -25.015979766999976 ], [ -57.106140135999908, -25.007612227999971 ], [ -57.116008758999953, -25.005371092999894 ], [ -57.118675230999941, -24.996507644999895 ], [ -57.127277373999902, -24.985643385999936 ], [ -57.130424498999901, -24.973789214999897 ], [ -57.142761229999962, -24.974872588999858 ], [ -57.145996093999884, -24.97743797399994 ], [ -57.155590057999859, -24.972372053999891 ], [ -57.149520873999961, -24.972726820999924 ], [ -57.150566100999924, -24.971271514999955 ], [ -57.165077209999936, -24.968154905999938 ], [ -57.173576353999977, -24.972297667999953 ], [ -57.17586517399991, -24.969024656999977 ], [ -57.170181274999948, -24.967741011999976 ], [ -57.172763823999901, -24.964321136999899 ], [ -57.177326201999847, -24.965225218999933 ], [ -57.180309294999915, -24.969472884999902 ], [ -57.187183378999976, -24.970422744999894 ], [ -57.189792633999957, -24.967327117999844 ], [ -57.181018829999914, -24.964443206999874 ], [ -57.17943954399982, -24.957284926999932 ], [ -57.185840605999829, -24.957290649999948 ], [ -57.190380095999899, -24.964424133999898 ], [ -57.194633482999848, -24.964836120999962 ], [ -57.196109771999943, -24.961620329999903 ], [ -57.188873290999936, -24.958372114999975 ], [ -57.192150116999983, -24.950738906999902 ], [ -57.187488555999948, -24.946264267999879 ], [ -57.187839506999921, -24.943923950999931 ], [ -57.196166991999974, -24.944921492999981 ], [ -57.202121733999832, -24.948942183999918 ], [ -57.199172972999918, -24.953462599999966 ], [ -57.203006744999982, -24.957437513999935 ], [ -57.206279753999979, -24.967153548999931 ], [ -57.21952056899994, -24.962919235999891 ], [ -57.221988677999946, -24.955713270999979 ], [ -57.217887877999942, -24.951219557999877 ], [ -57.218147277999833, -24.948150633999887 ], [ -57.222927093999886, -24.948875427999894 ], [ -57.22777938899992, -24.956134795999958 ], [ -57.237068176999912, -24.948808669999892 ], [ -57.250518798999963, -24.950517654999885 ], [ -57.246791839999958, -24.947679518999905 ], [ -57.247577666999973, -24.944875717999935 ], [ -57.257259367999893, -24.945280073999982 ], [ -57.251888275999931, -24.939176558999975 ], [ -57.251209258999893, -24.932693481999934 ], [ -57.25403976399997, -24.932470321999972 ], [ -57.259220121999931, -24.938070296999854 ], [ -57.262992858999894, -24.935230255999954 ], [ -57.27222442599998, -24.93493652199993 ], [ -57.270557402999884, -24.930271148999964 ], [ -57.262092588999963, -24.929561614999898 ], [ -57.261974333999945, -24.926422117999948 ], [ -57.265750885999921, -24.925491331999922 ], [ -57.260406494999984, -24.924949645999959 ], [ -57.258380889999955, -24.922054290999938 ], [ -57.264614104999964, -24.908081053999922 ], [ -57.239440917999957, -24.917570113999886 ], [ -57.226146696999933, -24.917203903999962 ], [ -57.222034454999914, -24.907690047999893 ], [ -57.22526931799996, -24.895072936999895 ], [ -57.234729766999976, -24.888460158999976 ], [ -57.265419004999842, -24.878723144999981 ], [ -57.270992278999984, -24.863948820999951 ], [ -57.305423736999956, -24.871715544999972 ], [ -57.297393798999906, -24.86513519399989 ], [ -57.280078886999888, -24.864702223999871 ], [ -57.268295287999877, -24.855991362999873 ], [ -57.26428222699991, -24.859792708999976 ], [ -57.263488769999981, -24.855169296999975 ], [ -57.270030975999873, -24.845542907999913 ], [ -57.285278320999964, -24.844217300999958 ], [ -57.297954559999937, -24.837877273999936 ], [ -57.308258056999819, -24.819976804999953 ], [ -57.314643858999887, -24.818920135999917 ], [ -57.319988249999938, -24.81303977999994 ], [ -57.327663421999944, -24.796613692999983 ], [ -57.316635131999874, -24.78542137099987 ], [ -57.29992675699998, -24.791330337999909 ], [ -57.2921981799999, -24.788457870999935 ], [ -57.29088974099983, -24.785224913999969 ], [ -57.291667937999932, -24.777938842999902 ], [ -57.296253204999971, -24.770181656999966 ], [ -57.314758299999937, -24.757503509999935 ], [ -57.321544647999929, -24.749504087999981 ], [ -57.324283600999877, -24.734352110999964 ], [ -57.320575714999961, -24.725013732999969 ], [ -57.291336000999877, -24.708750000999942 ], [ -57.285519, -24.709093 ], [ -57.276028, -24.714073 ], [ -57.268966999999861, -24.713179 ], [ -57.271096052999894, -24.704039536999858 ], [ -57.264271, -24.708098999999834 ], [ -57.253962999999828, -24.708863999999892 ], [ -57.253494, -24.706699 ], [ -57.257606505999945, -24.703138349999904 ], [ -57.245677999999884, -24.687668000999906 ], [ -57.230808, -24.680986 ], [ -57.223103, -24.672112 ], [ -57.210396, -24.66374 ], [ -57.202217100999974, -24.662487029999909 ], [ -57.202827225999954, -24.665239122999822 ], [ -57.207667999999899, -24.667313000999968 ], [ -57.201076999999884, -24.667809 ], [ -57.190651, -24.66173 ], [ -57.190696715999877, -24.649923323999928 ], [ -57.186432, -24.641684 ], [ -57.186836242999959, -24.660493849999966 ], [ -57.188951569999915, -24.665227417999915 ], [ -57.197742461999951, -24.670434950999947 ], [ -57.209641, -24.671932 ], [ -57.199073999999882, -24.681299 ], [ -57.188697999999818, -24.683577 ], [ -57.183212096999966, -24.681545057999926 ], [ -57.178945042999942, -24.67330713299998 ], [ -57.179630683999903, -24.635874946999934 ], [ -57.176429747999919, -24.629604338999968 ], [ -57.164864, -24.619016999999872 ], [ -57.160576, -24.609865 ], [ -57.163689, -24.599794 ], [ -57.188945768999986, -24.578594206999981 ], [ -57.201141, -24.550298998999892 ], [ -57.198699950999867, -24.52929305899994 ], [ -57.195876999999882, -24.528828 ], [ -57.19463, -24.534128 ], [ -57.192244999999843, -24.534919999999829 ], [ -57.185207169999899, -24.532152076999978 ], [ -57.175991617999898, -24.52137493399988 ], [ -57.172347999999886, -24.520381999999813 ], [ -57.171146392999958, -24.522407530999885 ], [ -57.174278, -24.531224999999893 ], [ -57.171009, -24.529316 ], [ -57.16814857199995, -24.521204223999973 ], [ -57.170204, -24.509174 ], [ -57.197319236999931, -24.483567538999864 ], [ -57.198398589999954, -24.47282409599984 ], [ -57.191143, -24.465025000999958 ], [ -57.166904, -24.459139 ], [ -57.156738675999861, -24.44778466799994 ], [ -57.155362571999945, -24.442004591999932 ], [ -57.158635183999934, -24.430662333999919 ], [ -57.176865927999927, -24.410199329999955 ], [ -57.193405150999979, -24.400308609999968 ], [ -57.198909999999898, -24.389991999999893 ], [ -57.208511, -24.387238998999919 ], [ -57.202675, -24.375359 ], [ -57.200874327999827, -24.375175474999935 ], [ -57.195724, -24.384085 ], [ -57.185626983999896, -24.37491035499994 ], [ -57.174957139999947, -24.346498346999965 ], [ -57.169952, -24.342445 ], [ -57.169323, -24.339022 ], [ -57.174588756999924, -24.327440208999917 ], [ -57.195571899999948, -24.312528608999912 ], [ -57.207305906999977, -24.297767639999904 ], [ -57.206862999999885, -24.294968000999916 ], [ -57.204456328999981, -24.294940947999976 ], [ -57.197174, -24.305765 ], [ -57.194030999999825, -24.307846 ], [ -57.19059, -24.306667 ], [ -57.192055, -24.298537999999894 ], [ -57.205169676999958, -24.288377761999982 ], [ -57.21146, -24.277851 ], [ -57.212032, -24.250377999999841 ], [ -57.194133758999953, -24.253282547999902 ], [ -57.179309844999921, -24.259864805999882 ], [ -57.169551849999891, -24.25522613399994 ], [ -57.141460418999941, -24.253625868999961 ], [ -57.114238738999973, -24.247636795999938 ], [ -57.103305815999875, -24.237031935999937 ], [ -57.095615385999963, -24.23433112999993 ], [ -57.083976744999916, -24.233554840999943 ], [ -57.074050902999886, -24.236543655999867 ], [ -57.074428557999966, -24.229082106999954 ], [ -57.083812712999872, -24.214483259999952 ], [ -57.098266601999967, -24.202285765999875 ], [ -57.092357635999974, -24.192087172999891 ], [ -57.08049011199995, -24.18350410499994 ], [ -57.001358031999985, -24.161066053999946 ], [ -56.953777313999979, -24.177204132999918 ], [ -56.940101622999919, -24.188999175999925 ], [ -56.88294982799988, -24.192823409999903 ], [ -56.823898315999941, -24.193216322999888 ], [ -56.820388793999882, -24.19785881099989 ], [ -56.82059478799988, -24.22600364699997 ], [ -56.82300567599998, -24.233573913999976 ], [ -56.827129364999905, -24.237646102999975 ], [ -56.815845488999912, -24.257183074999944 ], [ -56.818073272999982, -24.265300750999813 ], [ -56.842014311999947, -24.290681837999841 ], [ -56.892093658999897, -24.332836150999981 ], [ -56.943325041999969, -24.386585234999927 ], [ -56.946929930999943, -24.38593482899995 ], [ -56.950984955999957, -24.380556106999961 ], [ -56.962593077999941, -24.372812270999873 ], [ -56.979755401999967, -24.397798536999915 ], [ -57.007976531999873, -24.409778593999874 ], [ -56.993087768999942, -24.435787199999936 ], [ -56.992317199999889, -24.443796157999941 ], [ -56.998672485999919, -24.489955900999973 ], [ -56.997955321999825, -24.513593672999889 ], [ -56.978115081999931, -24.528909682999824 ], [ -56.968402861999891, -24.546878814999957 ], [ -57.021709441999974, -24.647064207999961 ], [ -57.017902373999902, -24.664756773999954 ], [ -57.025794983999958, -24.676179884999897 ], [ -57.030784607999976, -24.702390669999943 ], [ -57.029098510999916, -24.704927443999964 ], [ -57.005184172999918, -24.708765028999949 ], [ -57.004539489999956, -24.734903335999945 ], [ -56.99992752199995, -24.749368666999885 ], [ -57.005123137999931, -24.755226135999976 ], [ -57.008586882999907, -24.770940779999876 ], [ -57.016105651999965, -24.773651121999876 ], [ -57.027317047999986, -24.77209091099985 ], [ -57.03111267099996, -24.778163910999979 ], [ -57.040279387999931, -24.782289503999891 ], [ -57.046722411999838, -24.789567947999956 ], [ -57.043384552999953, -24.799278257999958 ], [ -57.047336577999943, -24.803716658999974 ], [ -57.043094634999875, -24.810003279999933 ], [ -57.04252624499992, -24.818191528999932 ], [ -57.046916960999965, -24.823888778999958 ], [ -57.054786681999985, -24.824769972999889 ], [ -57.057899475999932, -24.828140257999962 ], [ -57.048786163999978, -24.83981704699994 ], [ -57.048606872999983, -24.854349135999882 ], [ -57.038887024999894, -24.872945784999899 ], [ -57.04349136299993, -24.879182814999922 ], [ -57.038364409999986, -24.882768629999873 ], [ -57.029373168999939, -24.878093718999878 ], [ -57.028453825999975, -24.881021497999939 ], [ -57.032817840999826, -24.885816572999943 ], [ -57.041358947999981, -24.888862609999876 ], [ -57.047164917999964, -24.887805938999918 ], [ -57.059852599999886, -24.895101547999957 ], [ -57.057388304999847, -24.900249481999936 ], [ -57.061672209999983, -24.902320860999907 ], [ -57.053398131999984, -24.90834426899994 ], [ -57.057666777999884, -24.90986823999998 ], [ -57.059177397999974, -24.913282394999953 ], [ -57.056076049999888, -24.917356490999964 ], [ -57.046344756999929, -24.921966551999958 ], [ -57.045635223999966, -24.925251005999939 ], [ -57.039867400999924, -24.927579879999882 ], [ -57.042064665999987, -24.933883667999908 ], [ -57.039787291999971, -24.938844679999875 ], [ -57.032779693999942, -24.940111159999958 ], [ -57.029331206999984, -24.946195601999875 ], [ -57.022743225999875, -24.948179244999949 ], [ -57.030441283999835, -24.956697463999888 ], [ -57.028770445999953, -24.963710784999932 ], [ -57.037181854999972, -24.961938857999883 ], [ -57.044872282999961, -24.968769072999976 ], [ -57.050636290999932, -24.969646453999871 ], [ -57.045516967999845, -24.975547789999951 ], [ -57.050155639999957, -24.977418899999861 ], [ -57.038906097999984, -24.980245589999981 ], [ -57.04470443799994, -24.981336593999913 ], [ -57.052467345999901, -24.98715972899987 ], [ -57.050392150999983, -24.989576339999928 ], [ -57.040187835999973, -24.991928099999882 ], [ -57.046657561999893, -25.002223967999839 ] ] ] ] } },
{ "type": "Feature", "properties": { "fid": 218, "GID_2": "PRY.18.15_1", "GID_0": "PRY", "COUNTRY": "Paraguay", "GID_1": "PRY.18_1", "NAME_1": "San Pedro", "NL_NAME_1": "NA", "NAME_2": "Yataity del Norte", "VARNAME_2": "NA", "NL_NAME_2": "NA", "TYPE_2": "Distrito", "ENGTYPE_2": "District", "CC_2": "NA", "HASC_2": "PY.SP.YN" }, "geometry": { "type": "MultiPolygon", "coordinates": [ [ [ [ -56.280105590999938, -24.751117705999945 ], [ -56.287857054999904, -24.771438597999975 ], [ -56.243679046999887, -24.913854598999876 ], [ -56.261219023999956, -24.914939879999963 ], [ -56.273002623999901, -24.928129195999929 ], [ -56.292903900999875, -24.926801680999972 ], [ -56.304298399999936, -24.914754866999942 ], [ -56.341571806999923, -24.907413481999924 ], [ -56.376632689999838, -24.891941069999973 ], [ -56.383514404999971, -24.893426894999948 ], [ -56.393344879999972, -24.903890609999962 ], [ -56.384059904999901, -24.874528883999972 ], [ -56.407436370999903, -24.867294311999956 ], [ -56.418857573999958, -24.85705375699996 ], [ -56.426242828999875, -24.846351623999965 ], [ -56.426082611999959, -24.83981704699994 ], [ -56.414424895999957, -24.815553664999982 ], [ -56.413646698999969, -24.808488844999943 ], [ -56.418125151999959, -24.802396773999931 ], [ -56.42853927699997, -24.800533293999933 ], [ -56.427444457999911, -24.772224424999877 ], [ -56.418498993999947, -24.768243788999939 ], [ -56.404178619999925, -24.766561506999949 ], [ -56.403682709999941, -24.762754438999877 ], [ -56.419391630999939, -24.728431700999977 ], [ -56.324798582999961, -24.726518630999919 ], [ -56.305522917999838, -24.718938827999921 ], [ -56.299224852999828, -24.725526808999859 ], [ -56.286930083999948, -24.731864928999983 ], [ -56.269020079999905, -24.736692427999913 ], [ -56.280105590999938, -24.751117705999945 ] ] ] ] } }
]
}
