{"type":"FeatureCollection","features":[{"type":"Feature","properties":{"nome":"Cerro Corá","pais":"PY","unidade":"Distrito","dep":"Amambay","pop":10690,"pop_urb":2316,"pop_rur":8374,"area_km2":1445.5,"area_oficial":false,"destaque":false},"geometry":{"type":"Polygon","coordinates":[[[-56.13016,-23.04563],[-56.13004,-23.04426],[-56.13044,-23.04287],[-56.13215,-23.04116],[-56.29439,-22.68764],[-56.2936,-22.68702],[-56.2928,-22.68564],[-56.29167,-22.68564],[-56.29142,-22.68648],[-56.29088,-22.6861],[-56.28945,-22.68326],[-56.29081,-22.68197],[-56.29011,-22.67997],[-56.28843,-22.67779],[-56.28837,-22.67657],[-56.28705,-22.6743],[-56.28634,-22.67374],[-56.28271,-22.67232],[-56.28213,-22.67081],[-56.28291,-22.6694],[-56.28154,-22.66784],[-56.28076,-22.66767],[-56.27889,-22.66873],[-56.27883,-22.67006],[-56.27764,-22.6707],[-56.27668,-22.66989],[-56.27588,-22.66832],[-56.27638,-22.66754],[-56.2761,-22.66728],[-56.27504,-22.66748],[-56.27391,-22.66844],[-56.27247,-22.66839],[-56.27195,-22.6691],[-56.27115,-22.66836],[-56.2693,-22.66839],[-56.26907,-22.66747],[-56.26964,-22.6646],[-56.26934,-22.66411],[-56.26738,-22.66506],[-56.26639,-22.66604],[-56.26585,-22.66602],[-56.26543,-22.66554],[-56.26526,-22.66489],[-56.26556,-22.66416],[-56.26677,-22.66322],[-56.26768,-22.66299],[-56.26792,-22.66137],[-56.26733,-22.66148],[-56.2671,-22.66111],[-56.26734,-22.66054],[-56.26653,-22.66036],[-56.26659,-22.65883],[-56.26617,-22.65889],[-56.2653,-22.65825],[-56.26555,-22.65746],[-56.26457,-22.65577],[-56.26472,-22.65511],[-56.26608,-22.65461],[-56.26586,-22.65403],[-56.26496,-22.65372],[-56.26602,-22.65243],[-56.26592,-22.65207],[-56.26532,-22.65149],[-56.26492,-22.65039],[-56.26334,-22.65031],[-56.26323,-22.6497],[-56.26406,-22.64907],[-56.26425,-22.64802],[-56.26461,-22.64779],[-56.26838,-22.64852],[-56.26936,-22.6483],[-56.26952,-22.64752],[-56.26847,-22.64762],[-56.26795,-22.64737],[-56.2672,-22.64561],[-56.26665,-22.64537],[-56.26269,-22.6448],[-56.26206,-22.64443],[-56.26317,-22.64316],[-56.26344,-22.64139],[-56.2626,-22.63991],[-56.26132,-22.63947],[-56.26107,-22.63885],[-56.26249,-22.63778],[-56.26257,-22.63695],[-56.2621,-22.63531],[-56.25962,-22.63473],[-56.25903,-22.63405],[-56.25875,-22.63291],[-56.2589,-22.63237],[-56.26105,-22.6327],[-56.2615,-22.63246],[-56.25889,-22.63072],[-56.25537,-22.63002],[-56.25469,-22.62948],[-56.25396,-22.62816],[-56.25317,-22.62759],[-56.25345,-22.62613],[-56.25434,-22.62631],[-56.25475,-22.62579],[-56.25472,-22.6245],[-56.25436,-22.62371],[-56.25488,-22.6227],[-56.25417,-22.62237],[-56.25427,-22.62132],[-56.25364,-22.62128],[-56.25345,-22.62228],[-56.25086,-22.62304],[-56.24984,-22.6231],[-56.24816,-22.62263],[-56.24596,-22.6218],[-56.24579,-22.62036],[-56.24529,-22.61963],[-56.24354,-22.61876],[-56.24279,-22.61788],[-56.24193,-22.61777],[-56.23996,-22.61615],[-56.23966,-22.61521],[-56.23981,-22.61467],[-56.24143,-22.61319],[-56.24151,-22.6119],[-56.24204,-22.6115],[-56.24197,-22.61067],[-56.24236,-22.61025],[-56.24257,-22.60907],[-56.24196,-22.60847],[-56.23967,-22.60801],[-56.23932,-22.60711],[-56.23858,-22.60669],[-56.23923,-22.60576],[-56.23897,-22.60508],[-56.24004,-22.60342],[-56.23983,-22.60204],[-56.23918,-22.60188],[-56.23709,-22.60304],[-56.23652,-22.60298],[-56.2362,-22.60257],[-56.23629,-22.60102],[-56.23526,-22.59874],[-56.23577,-22.59815],[-56.235,-22.59778],[-56.2363,-22.59669],[-56.23652,-22.59459],[-56.23583,-22.59325],[-56.23565,-22.59176],[-56.23404,-22.59071],[-56.23392,-22.58918],[-56.23228,-22.58863],[-56.23077,-22.5854],[-56.22975,-22.58454],[-56.23022,-22.58369],[-56.22866,-22.58217],[-56.22898,-22.58179],[-56.23074,-22.58195],[-56.23009,-22.58023],[-56.2291,-22.57995],[-56.22969,-22.57801],[-56.22703,-22.57811],[-56.22686,-22.5779],[-56.22723,-22.5773],[-56.22672,-22.57728],[-56.22627,-22.57674],[-56.22669,-22.57602],[-56.22534,-22.57579],[-56.22241,-22.57694],[-56.22219,-22.57795],[-56.22107,-22.5792],[-56.21904,-22.5792],[-56.21782,-22.58067],[-56.21466,-22.58113],[-56.21411,-22.58183],[-56.21347,-22.58208],[-56.21257,-22.58172],[-56.21223,-22.58009],[-56.21042,-22.57905],[-56.20915,-22.57957],[-56.20838,-22.58073],[-56.20741,-22.58097],[-56.20527,-22.58092],[-56.20363,-22.58038],[-56.20263,-22.57969],[-56.2011,-22.57978],[-56.20162,-22.57702],[-56.19975,-22.57569],[-56.20006,-22.57294],[-56.19952,-22.57064],[-56.20037,-22.56951],[-56.20049,-22.56863],[-56.19918,-22.56696],[-56.19805,-22.56368],[-56.19873,-22.56257],[-56.1987,-22.56139],[-56.19833,-22.56078],[-56.19527,-22.5609],[-56.19439,-22.56026],[-56.19544,-22.55933],[-56.19477,-22.55655],[-56.19396,-22.55576],[-56.19503,-22.55411],[-56.19448,-22.55245],[-56.19505,-22.55074],[-56.19586,-22.55],[-56.19711,-22.54991],[-56.1976,-22.54875],[-56.19848,-22.54809],[-56.19779,-22.54681],[-56.19765,-22.54541],[-56.1968,-22.54486],[-56.19348,-22.54382],[-56.19254,-22.54262],[-56.19247,-22.5415],[-56.19113,-22.54043],[-56.18879,-22.53927],[-56.18686,-22.53906],[-56.18532,-22.53646],[-56.18419,-22.536],[-56.18471,-22.53533],[-56.1847,-22.53485],[-56.18235,-22.53382],[-56.18211,-22.533],[-56.18113,-22.53234],[-56.08115,-22.59205],[-55.99737,-22.56201],[-55.94708,-22.56772],[-55.93774,-22.5504],[-55.88014,-22.54824],[-55.83933,-22.56307],[-55.82537,-22.61298],[-55.8264,-22.61346],[-55.82493,-22.61477],[-55.81875,-22.62487],[-55.83733,-22.63267],[-55.84738,-22.6364],[-55.86499,-22.65059],[-55.82138,-22.70707],[-55.92906,-22.77792],[-55.92894,-22.77849],[-55.92919,-22.77877],[-55.93104,-22.77952],[-55.93117,-22.77991],[-55.9297,-22.78],[-55.9298,-22.78108],[-55.92873,-22.78123],[-55.92827,-22.78232],[-55.93154,-22.78319],[-55.93236,-22.78172],[-55.93336,-22.78183],[-55.93251,-22.78314],[-55.93264,-22.7842],[-55.9339,-22.78449],[-55.93547,-22.78539],[-55.93428,-22.786],[-55.93311,-22.78891],[-55.93538,-22.78926],[-55.93497,-22.79001],[-55.93575,-22.7909],[-55.93686,-22.7909],[-55.93882,-22.79005],[-55.93927,-22.7902],[-55.93872,-22.7936],[-55.93853,-22.79396],[-55.93765,-22.79409],[-55.93724,-22.79529],[-55.93654,-22.796],[-55.93646,-22.79784],[-55.93704,-22.79823],[-55.9383,-22.79826],[-55.93903,-22.79657],[-55.94062,-22.79542],[-55.94128,-22.79535],[-55.94154,-22.79592],[-55.94114,-22.79763],[-55.94206,-22.79928],[-55.94223,-22.80144],[-55.94283,-22.80228],[-55.94372,-22.80237],[-55.94366,-22.80095],[-55.94552,-22.79868],[-55.94613,-22.79993],[-55.94764,-22.80088],[-55.94844,-22.80103],[-55.94987,-22.80057],[-55.95037,-22.8014],[-55.95039,-22.8028],[-55.95132,-22.80452],[-55.95253,-22.8056],[-55.95277,-22.80626],[-55.9512,-22.80703],[-55.9496,-22.80683],[-55.9492,-22.80751],[-55.94933,-22.80818],[-55.95159,-22.81025],[-55.95311,-22.81099],[-55.95397,-22.81089],[-55.95527,-22.80913],[-55.95618,-22.80927],[-55.95692,-22.80992],[-55.95703,-22.81056],[-55.95644,-22.81132],[-55.95647,-22.81235],[-55.95554,-22.81286],[-55.95597,-22.81395],[-55.95757,-22.81427],[-55.9571,-22.81536],[-55.95723,-22.81628],[-55.95646,-22.81895],[-55.9566,-22.82132],[-55.95579,-22.82209],[-55.9556,-22.82305],[-55.95624,-22.82411],[-55.95633,-22.82506],[-55.95693,-22.8258],[-55.95662,-22.82622],[-55.95536,-22.82643],[-55.95539,-22.82675],[-55.95626,-22.82719],[-55.95684,-22.82803],[-55.95756,-22.82829],[-55.95887,-22.82674],[-55.95885,-22.826],[-55.95823,-22.82533],[-55.9583,-22.82502],[-55.95879,-22.825],[-55.95948,-22.82599],[-55.95993,-22.82616],[-55.96128,-22.82435],[-55.96211,-22.82598],[-55.96338,-22.82636],[-55.96457,-22.82625],[-55.9649,-22.82767],[-55.96434,-22.82946],[-55.96604,-22.83025],[-55.9667,-22.83134],[-55.96798,-22.83223],[-55.96874,-22.83225],[-55.96945,-22.8315],[-55.97215,-22.83052],[-55.97422,-22.83072],[-55.97212,-22.83221],[-55.97186,-22.8336],[-55.97135,-22.83449],[-55.97372,-22.83665],[-55.97327,-22.84039],[-55.97411,-22.84727],[-55.97469,-22.8482],[-55.97538,-22.8485],[-55.97593,-22.84817],[-55.976,-22.84526],[-55.97699,-22.845],[-55.97901,-22.84675],[-55.98099,-22.84922],[-55.98219,-22.84984],[-55.98326,-22.85102],[-55.98386,-22.85118],[-55.98448,-22.85029],[-55.98464,-22.84787],[-55.98514,-22.84723],[-55.98602,-22.84695],[-55.9882,-22.85084],[-55.98947,-22.85104],[-55.9905,-22.85034],[-55.99116,-22.85028],[-55.99388,-22.85189],[-55.99481,-22.85292],[-55.99556,-22.85327],[-55.99723,-22.85212],[-55.99554,-22.85051],[-55.99774,-22.84942],[-55.99944,-22.85036],[-55.99966,-22.85165],[-56.00083,-22.8527],[-56.00297,-22.85323],[-56.00409,-22.85445],[-56.00523,-22.8542],[-56.00563,-22.85452],[-56.00561,-22.85535],[-56.00436,-22.85481],[-56.00369,-22.85508],[-56.0024,-22.85699],[-56.00386,-22.86017],[-56.0058,-22.86017],[-56.00642,-22.85964],[-56.01098,-22.85813],[-56.01288,-22.85961],[-56.01492,-22.8601],[-56.01512,-22.86055],[-56.01336,-22.86054],[-56.01301,-22.86085],[-56.0139,-22.86331],[-56.0126,-22.86296],[-56.01189,-22.86343],[-56.01219,-22.8649],[-56.01295,-22.86588],[-56.01201,-22.86627],[-56.0118,-22.86684],[-56.01255,-22.86819],[-56.0134,-22.86824],[-56.01317,-22.86907],[-56.01346,-22.8699],[-56.0124,-22.87204],[-56.01263,-22.87254],[-56.01534,-22.87437],[-56.01687,-22.87624],[-56.01788,-22.87681],[-56.01952,-22.87391],[-56.02088,-22.87386],[-56.02121,-22.87296],[-56.02339,-22.87388],[-56.02347,-22.87538],[-56.02614,-22.87847],[-56.02607,-22.87891],[-56.02487,-22.87902],[-56.02493,-22.88061],[-56.02554,-22.8816],[-56.02531,-22.88316],[-56.02652,-22.88464],[-56.02875,-22.88459],[-56.0293,-22.886],[-56.03055,-22.88556],[-56.03057,-22.88461],[-56.0326,-22.88456],[-56.03271,-22.8852],[-56.03172,-22.88549],[-56.03108,-22.88732],[-56.03139,-22.88759],[-56.0341,-22.88746],[-56.03517,-22.88921],[-56.03393,-22.89041],[-56.03364,-22.89177],[-56.03603,-22.89293],[-56.03673,-22.89286],[-56.03699,-22.89228],[-56.0369,-22.89153],[-56.03612,-22.89077],[-56.03622,-22.88994],[-56.0381,-22.88718],[-56.04115,-22.88554],[-56.04255,-22.88557],[-56.04372,-22.8851],[-56.04857,-22.87936],[-56.04959,-22.88004],[-56.05038,-22.88004],[-56.05114,-22.8809],[-56.05129,-22.88193],[-56.05217,-22.88235],[-56.05237,-22.88283],[-56.0514,-22.88394],[-56.05073,-22.88574],[-56.05307,-22.88595],[-56.05367,-22.88677],[-56.05347,-22.88707],[-56.05239,-22.88658],[-56.05227,-22.88765],[-56.05093,-22.8879],[-56.05087,-22.88838],[-56.05129,-22.88894],[-56.05278,-22.88945],[-56.0531,-22.89062],[-56.05426,-22.89134],[-56.05448,-22.89288],[-56.05693,-22.89346],[-56.05846,-22.89296],[-56.05827,-22.89501],[-56.05892,-22.8971],[-56.06247,-22.89693],[-56.06231,-22.89834],[-56.06342,-22.89825],[-56.06444,-22.89959],[-56.06613,-22.89991],[-56.0664,-22.90027],[-56.06593,-22.90121],[-56.06634,-22.90188],[-56.06529,-22.90383],[-56.06684,-22.90467],[-56.06865,-22.90449],[-56.06925,-22.90649],[-56.07011,-22.90653],[-56.07206,-22.90572],[-56.07159,-22.90517],[-56.06995,-22.90482],[-56.07135,-22.90354],[-56.07263,-22.90336],[-56.07294,-22.90451],[-56.07421,-22.9045],[-56.07414,-22.90757],[-56.07278,-22.90835],[-56.0718,-22.91047],[-56.07052,-22.91106],[-56.06979,-22.91184],[-56.07115,-22.91352],[-56.07164,-22.91366],[-56.07221,-22.91324],[-56.07147,-22.91206],[-56.07287,-22.9116],[-56.07308,-22.91087],[-56.07394,-22.91033],[-56.07483,-22.91023],[-56.07559,-22.91123],[-56.07604,-22.91125],[-56.07685,-22.90952],[-56.07614,-22.90889],[-56.07716,-22.90837],[-56.07766,-22.90759],[-56.07648,-22.9064],[-56.07753,-22.90595],[-56.07773,-22.90507],[-56.07976,-22.90627],[-56.08044,-22.90747],[-56.08231,-22.90681],[-56.08257,-22.90843],[-56.08396,-22.90977],[-56.082,-22.91069],[-56.08034,-22.9108],[-56.07979,-22.91136],[-56.07977,-22.91192],[-56.08064,-22.91231],[-56.08159,-22.91193],[-56.08264,-22.91239],[-56.08364,-22.91185],[-56.08463,-22.91201],[-56.08464,-22.91272],[-56.08296,-22.91305],[-56.08241,-22.9142],[-56.08353,-22.91424],[-56.08812,-22.91641],[-56.08824,-22.91818],[-56.08745,-22.9205],[-56.08922,-22.92179],[-56.08914,-22.9222],[-56.08833,-22.92268],[-56.08823,-22.92324],[-56.08911,-22.92354],[-56.08959,-22.92407],[-56.08862,-22.92449],[-56.08864,-22.92574],[-56.08827,-22.92664],[-56.08888,-22.927],[-56.08982,-22.92649],[-56.09022,-22.92668],[-56.09138,-22.92916],[-56.09071,-22.92968],[-56.08911,-22.92947],[-56.0885,-22.93041],[-56.08909,-22.93083],[-56.09105,-22.93065],[-56.09184,-22.93121],[-56.09158,-22.93212],[-56.09061,-22.93217],[-56.08925,-22.93321],[-56.09077,-22.93527],[-56.09198,-22.93562],[-56.0921,-22.93641],[-56.091,-22.93741],[-56.08996,-22.93786],[-56.08945,-22.93892],[-56.08858,-22.93977],[-56.08862,-22.94011],[-56.08934,-22.94118],[-56.09025,-22.94112],[-56.09067,-22.94147],[-56.09073,-22.94256],[-56.09027,-22.94356],[-56.09102,-22.9445],[-56.09363,-22.94431],[-56.09434,-22.94474],[-56.09439,-22.94557],[-56.09357,-22.9467],[-56.09382,-22.94704],[-56.09717,-22.9478],[-56.09724,-22.94829],[-56.09634,-22.94975],[-56.09742,-22.95077],[-56.09955,-22.95005],[-56.10084,-22.95054],[-56.10099,-22.95189],[-56.10042,-22.95336],[-56.10133,-22.95572],[-56.10046,-22.95612],[-56.09943,-22.95546],[-56.09865,-22.95604],[-56.09825,-22.95683],[-56.09984,-22.95723],[-56.10085,-22.95898],[-56.10337,-22.96056],[-56.10305,-22.96139],[-56.10326,-22.96189],[-56.10446,-22.96196],[-56.10691,-22.96448],[-56.10862,-22.96519],[-56.10838,-22.96632],[-56.10871,-22.96735],[-56.10918,-22.96789],[-56.1102,-22.96794],[-56.11013,-22.96887],[-56.11116,-22.96967],[-56.1115,-22.97035],[-56.11034,-22.97138],[-56.11055,-22.97262],[-56.10833,-22.9755],[-56.10896,-22.97591],[-56.11053,-22.97561],[-56.1113,-22.97632],[-56.11336,-22.97682],[-56.11379,-22.97747],[-56.11276,-22.97869],[-56.11306,-22.98327],[-56.11142,-22.9838],[-56.11088,-22.98365],[-56.11011,-22.98302],[-56.10907,-22.9809],[-56.10742,-22.98144],[-56.10543,-22.98368],[-56.10434,-22.98417],[-56.1042,-22.98737],[-56.10321,-22.98825],[-56.1026,-22.99018],[-56.10213,-22.99068],[-56.10126,-22.99085],[-56.10069,-22.99181],[-56.09815,-22.99341],[-56.09651,-22.994],[-56.09652,-22.99435],[-56.09828,-22.99524],[-56.09833,-22.99567],[-56.09612,-22.99656],[-56.09474,-22.99652],[-56.0951,-22.99772],[-56.09344,-22.99808],[-56.09177,-22.99985],[-56.09222,-23.00146],[-56.09165,-23.00287],[-56.09302,-23.00428],[-56.09579,-23.004],[-56.09686,-23.00322],[-56.09712,-23.00158],[-56.09951,-23.00128],[-56.09919,-23.00277],[-56.10039,-23.0051],[-56.10142,-23.00585],[-56.10268,-23.00565],[-56.10314,-23.00596],[-56.10273,-23.00808],[-56.10308,-23.0092],[-56.10388,-23.00999],[-56.10565,-23.01054],[-56.10538,-23.01096],[-56.10394,-23.01088],[-56.10452,-23.01178],[-56.10455,-23.01291],[-56.10401,-23.01316],[-56.10293,-23.01294],[-56.1014,-23.0137],[-56.10006,-23.01547],[-56.09996,-23.01606],[-56.10128,-23.01697],[-56.103,-23.01741],[-56.10379,-23.01808],[-56.10534,-23.02137],[-56.10686,-23.02348],[-56.10569,-23.02464],[-56.10609,-23.0257],[-56.10831,-23.02683],[-56.10971,-23.02578],[-56.11022,-23.02577],[-56.11146,-23.0302],[-56.11227,-23.03026],[-56.11413,-23.02954],[-56.11455,-23.02972],[-56.11446,-23.03222],[-56.11309,-23.03255],[-56.11143,-23.03631],[-56.11066,-23.0371],[-56.10977,-23.03746],[-56.1098,-23.03784],[-56.11532,-23.03916],[-56.1159,-23.04076],[-56.11711,-23.03983],[-56.11775,-23.03983],[-56.11828,-23.04033],[-56.11841,-23.04227],[-56.11939,-23.04249],[-56.12014,-23.04329],[-56.12046,-23.04495],[-56.12264,-23.04446],[-56.12396,-23.04512],[-56.12416,-23.04575],[-56.12301,-23.04637],[-56.1223,-23.04974],[-56.12536,-23.04957],[-56.12561,-23.04932],[-56.12424,-23.04883],[-56.12407,-23.04842],[-56.12649,-23.04712],[-56.12696,-23.04717],[-56.12772,-23.04828],[-56.13016,-23.04563]]]}},{"type":"Feature","properties":{"nome":"Karapaí","pais":"PY","unidade":"Distrito","dep":"Amambay","pop":4988,"pop_urb":874,"pop_rur":4114,"area_km2":672.6,"area_oficial":false,"destaque":false},"geometry":{"type":"Polygon","coordinates":[[[-56.11422,-23.60551],[-56.11319,-23.60413],[-56.11317,-23.60234],[-56.11369,-23.6017],[-56.11328,-23.60079],[-56.1137,-23.59961],[-56.11362,-23.5977],[-56.11328,-23.59702],[-56.11351,-23.5963],[-56.11289,-23.59498],[-56.11206,-23.59462],[-56.11195,-23.59401],[-56.11118,-23.59331],[-56.11092,-23.59284],[-56.11107,-23.59213],[-56.11188,-23.59151],[-56.1136,-23.59109],[-56.1158,-23.58913],[-56.11667,-23.58789],[-56.11652,-23.58685],[-56.11769,-23.58431],[-56.11863,-23.58383],[-56.12032,-23.58381],[-56.12092,-23.5835],[-56.1219,-23.58205],[-56.12141,-23.58067],[-56.12196,-23.5791],[-56.12369,-23.57715],[-56.12413,-23.57561],[-56.12485,-23.57529],[-56.12468,-23.57461],[-56.12525,-23.57341],[-56.12614,-23.57266],[-56.1278,-23.57243],[-56.12835,-23.57201],[-56.13003,-23.56835],[-56.13173,-23.56717],[-56.13176,-23.56585],[-56.13213,-23.5651],[-56.13277,-23.56476],[-56.13363,-23.56533],[-56.13574,-23.56529],[-56.13638,-23.56366],[-56.13649,-23.56124],[-56.13762,-23.55965],[-56.13787,-23.55656],[-56.13939,-23.5536],[-56.13939,-23.54957],[-56.141,-23.54678],[-56.14215,-23.53942],[-56.14264,-23.53779],[-56.14361,-23.53619],[-56.14378,-23.53363],[-56.14283,-23.53135],[-56.14299,-23.53021],[-56.14246,-23.53003],[-56.14225,-23.52572],[-56.13984,-23.52083],[-56.13826,-23.5187],[-56.1372,-23.51907],[-56.13632,-23.51888],[-56.1367,-23.51482],[-56.13521,-23.51313],[-56.13533,-23.51201],[-56.13582,-23.51158],[-56.13675,-23.50876],[-56.13886,-23.50595],[-56.13888,-23.50519],[-56.13929,-23.5049],[-56.13951,-23.50515],[-56.14004,-23.50496],[-56.14167,-23.50293],[-56.1414,-23.50142],[-56.14186,-23.49943],[-56.16569,-23.47138],[-56.16683,-23.4692],[-56.16634,-23.46507],[-56.16729,-23.46257],[-56.1671,-23.45881],[-56.16826,-23.45678],[-56.1682,-23.45519],[-56.16706,-23.45246],[-56.1634,-23.44892],[-56.16108,-23.44536],[-56.16053,-23.44302],[-56.16056,-23.4413],[-56.15797,-23.43775],[-56.1576,-23.43378],[-56.15508,-23.4286],[-56.15429,-23.42377],[-56.15453,-23.41746],[-56.15508,-23.4134],[-56.15476,-23.4111],[-56.15653,-23.40766],[-56.15701,-23.40534],[-56.15573,-23.39081],[-56.15617,-23.38871],[-56.1563,-23.3852],[-56.15786,-23.38159],[-56.15777,-23.38007],[-56.15894,-23.3769],[-56.15917,-23.37277],[-56.15889,-23.37003],[-56.15932,-23.36913],[-56.16015,-23.36359],[-56.16156,-23.36054],[-56.16191,-23.35845],[-56.16272,-23.35763],[-56.16459,-23.35234],[-56.16421,-23.34616],[-56.16293,-23.33762],[-56.16374,-23.33493],[-56.16301,-23.32864],[-56.16359,-23.3258],[-56.16266,-23.32409],[-56.16252,-23.32271],[-56.16011,-23.32207],[-56.15885,-23.32073],[-56.15865,-23.31977],[-56.15902,-23.31868],[-56.1591,-23.31599],[-56.15897,-23.31517],[-56.15848,-23.31457],[-56.15744,-23.3143],[-56.15703,-23.31454],[-56.15528,-23.31664],[-56.15419,-23.31695],[-56.15306,-23.31685],[-56.1525,-23.31623],[-56.15187,-23.31392],[-56.15197,-23.31066],[-56.15118,-23.31019],[-56.14914,-23.31014],[-56.1485,-23.31019],[-56.14738,-23.31113],[-56.14648,-23.31309],[-56.14366,-23.31525],[-56.14347,-23.3157],[-56.14382,-23.31777],[-56.14332,-23.31855],[-56.14168,-23.31858],[-56.13958,-23.31807],[-56.1394,-23.31782],[-56.13982,-23.31555],[-56.13937,-23.31394],[-56.13661,-23.3129],[-56.13511,-23.31286],[-56.13406,-23.31356],[-56.1308,-23.31468],[-56.12826,-23.31733],[-56.12841,-23.31972],[-56.12687,-23.31958],[-56.12665,-23.31988],[-56.12731,-23.32365],[-56.12632,-23.32711],[-56.12517,-23.32724],[-56.12451,-23.32596],[-56.12334,-23.32475],[-56.12294,-23.32469],[-56.12248,-23.32776],[-56.1193,-23.3283],[-56.11671,-23.32719],[-56.11415,-23.32512],[-56.11329,-23.32497],[-56.11292,-23.32601],[-56.11362,-23.32711],[-56.11372,-23.33262],[-56.11046,-23.33456],[-56.10911,-23.33675],[-56.1066,-23.33491],[-56.10478,-23.3349],[-56.10319,-23.33396],[-56.09885,-23.33331],[-56.09528,-23.33337],[-56.09431,-23.33284],[-56.09396,-23.33172],[-56.09499,-23.3313],[-56.09666,-23.32937],[-56.09626,-23.32868],[-56.09479,-23.32828],[-56.09469,-23.3249],[-56.09022,-23.32066],[-56.0874,-23.31975],[-56.08563,-23.32035],[-56.08462,-23.31859],[-56.08191,-23.3186],[-56.08173,-23.31826],[-56.08219,-23.31591],[-56.07828,-23.31533],[-56.07792,-23.31505],[-56.07786,-23.31421],[-56.07627,-23.31403],[-56.07601,-23.31345],[-56.07503,-23.31276],[-56.07206,-23.31199],[-56.06938,-23.31218],[-56.0666,-23.31313],[-56.06706,-23.31447],[-56.06705,-23.31688],[-56.06454,-23.32126],[-56.06439,-23.32289],[-56.06611,-23.32621],[-56.06661,-23.32785],[-56.06685,-23.33003],[-56.06663,-23.3328],[-56.06884,-23.33782],[-56.06944,-23.34021],[-56.06988,-23.3442],[-56.06907,-23.34751],[-56.06546,-23.3525],[-56.06521,-23.35425],[-56.06424,-23.35572],[-56.06302,-23.36042],[-56.06175,-23.36241],[-56.06028,-23.36631],[-56.05803,-23.36864],[-56.05747,-23.36968],[-56.0561,-23.37006],[-56.0556,-23.37064],[-56.05551,-23.37267],[-56.05477,-23.37618],[-56.05549,-23.37704],[-56.05506,-23.37811],[-56.05527,-23.37848],[-56.05452,-23.37901],[-56.05414,-23.38189],[-56.05223,-23.38286],[-56.05085,-23.38302],[-56.04704,-23.38457],[-56.04535,-23.38602],[-56.04333,-23.38879],[-56.03798,-23.39228],[-56.03596,-23.39492],[-56.03479,-23.39777],[-56.03229,-23.40094],[-56.03023,-23.40147],[-56.02927,-23.40226],[-56.02833,-23.3986],[-56.02851,-23.3978],[-56.02789,-23.3902],[-56.02933,-23.3845],[-56.03087,-23.38036],[-55.97203,-23.38524],[-55.91751,-23.39117],[-55.89919,-23.39218],[-55.9011,-23.39422],[-55.90196,-23.39604],[-55.90204,-23.39901],[-55.89854,-23.40125],[-55.895,-23.40606],[-55.89456,-23.40802],[-55.89471,-23.41017],[-55.8943,-23.41276],[-55.89488,-23.41582],[-55.89547,-23.41723],[-55.89562,-23.41881],[-55.89889,-23.42411],[-55.89968,-23.42728],[-55.90073,-23.42891],[-55.90112,-23.43116],[-55.90192,-23.43253],[-55.90342,-23.43388],[-55.90388,-23.43485],[-55.9039,-23.43694],[-55.90515,-23.43983],[-55.9053,-23.4414],[-55.90613,-23.44256],[-55.9063,-23.44454],[-55.90687,-23.44576],[-55.90673,-23.44764],[-55.90709,-23.44917],[-55.90862,-23.45073],[-55.90952,-23.45278],[-55.91172,-23.45483],[-55.91177,-23.45726],[-55.91118,-23.45887],[-55.91157,-23.45998],[-55.91157,-23.46272],[-55.91273,-23.46549],[-55.91298,-23.46761],[-55.91534,-23.47105],[-55.91595,-23.47346],[-55.91662,-23.47441],[-55.91693,-23.47558],[-55.91664,-23.47803],[-55.91691,-23.48092],[-55.91645,-23.48367],[-55.9158,-23.48487],[-55.91422,-23.48631],[-55.91285,-23.48863],[-55.91226,-23.49028],[-55.91131,-23.49128],[-55.9105,-23.49404],[-55.91064,-23.49472],[-55.90842,-23.49603],[-55.90697,-23.49594],[-55.90437,-23.49851],[-55.90372,-23.49964],[-55.9043,-23.50157],[-55.90493,-23.50232],[-55.90528,-23.50472],[-55.90874,-23.50902],[-55.90942,-23.50941],[-55.90922,-23.51035],[-55.90996,-23.51137],[-55.90971,-23.51216],[-55.9104,-23.51283],[-55.91036,-23.51403],[-55.9094,-23.51541],[-55.91085,-23.51559],[-55.91147,-23.51607],[-55.91196,-23.51766],[-55.91346,-23.51851],[-55.91379,-23.51976],[-55.91689,-23.52366],[-55.91725,-23.52735],[-55.9182,-23.52968],[-55.91877,-23.53298],[-55.92134,-23.5394],[-55.92405,-23.54215],[-55.92464,-23.54379],[-55.92529,-23.54463],[-55.92718,-23.54528],[-55.92863,-23.54781],[-55.92961,-23.54775],[-55.93056,-23.5483],[-55.93107,-23.55061],[-55.93201,-23.55284],[-55.93201,-23.55435],[-55.93326,-23.55601],[-55.93358,-23.55703],[-55.93342,-23.55759],[-55.93236,-23.5581],[-55.93093,-23.5598],[-55.93041,-23.56082],[-55.93064,-23.56124],[-55.93039,-23.56183],[-55.92962,-23.5625],[-55.93137,-23.56172],[-55.93164,-23.56199],[-55.93102,-23.56309],[-55.93156,-23.5637],[-55.9305,-23.5639],[-55.93009,-23.56452],[-55.93044,-23.56511],[-55.93166,-23.56518],[-55.93119,-23.56636],[-55.93248,-23.56746],[-55.93258,-23.56846],[-55.93169,-23.56831],[-55.93087,-23.56866],[-55.93115,-23.56919],[-55.93212,-23.56905],[-55.93309,-23.57045],[-55.93267,-23.57127],[-55.9318,-23.57143],[-55.93226,-23.57351],[-55.93275,-23.57361],[-55.93295,-23.57468],[-55.93293,-23.57492],[-55.9322,-23.57496],[-55.9329,-23.57556],[-55.93163,-23.5762],[-55.93065,-23.57573],[-55.93033,-23.57635],[-55.92942,-23.57543],[-55.92925,-23.57628],[-55.92872,-23.57665],[-55.92889,-23.57773],[-55.92752,-23.57773],[-55.92782,-23.57868],[-55.92714,-23.57911],[-55.92651,-23.58164],[-55.92605,-23.58174],[-55.92536,-23.58092],[-55.92582,-23.58276],[-55.92767,-23.58555],[-55.92876,-23.58592],[-55.9293,-23.58654],[-55.9291,-23.58811],[-55.93006,-23.5881],[-55.93066,-23.58906],[-55.93162,-23.5896],[-55.93139,-23.59057],[-55.93154,-23.59344],[-55.9322,-23.5941],[-55.93135,-23.59455],[-55.93224,-23.59479],[-55.93289,-23.59453],[-55.93251,-23.59513],[-55.93052,-23.59527],[-55.93096,-23.59585],[-55.93082,-23.59615],[-55.92999,-23.59592],[-55.93066,-23.59674],[-55.92939,-23.59797],[-55.93053,-23.5978],[-55.93127,-23.59914],[-55.93071,-23.59968],[-55.92952,-23.59994],[-55.93017,-23.6012],[-55.93171,-23.60147],[-55.93138,-23.60221],[-55.93188,-23.60239],[-55.932,-23.6028],[-55.93145,-23.6041],[-55.93195,-23.60507],[-55.93269,-23.60455],[-55.93378,-23.60528],[-55.93396,-23.60616],[-55.9347,-23.60668],[-55.93509,-23.6068],[-55.93509,-23.60616],[-55.93536,-23.60619],[-55.93566,-23.60749],[-55.93471,-23.6071],[-55.93457,-23.60742],[-55.93572,-23.60851],[-55.93479,-23.60882],[-55.93652,-23.61017],[-55.93583,-23.61079],[-55.93583,-23.61015],[-55.93546,-23.61016],[-55.93485,-23.61125],[-55.93409,-23.6114],[-55.93372,-23.61184],[-55.93431,-23.61273],[-55.93374,-23.61373],[-55.93501,-23.61302],[-55.93577,-23.61321],[-55.93543,-23.61405],[-55.93414,-23.61394],[-55.93312,-23.61474],[-55.93329,-23.61499],[-55.93459,-23.61509],[-55.93353,-23.61562],[-55.93417,-23.61653],[-55.93435,-23.61783],[-55.93411,-23.61871],[-55.93334,-23.61958],[-55.93354,-23.62026],[-55.93307,-23.62044],[-55.93408,-23.621],[-55.93135,-23.62123],[-55.93214,-23.62217],[-55.93239,-23.62309],[-55.93193,-23.62437],[-55.93264,-23.62469],[-55.93269,-23.62564],[-55.93345,-23.62579],[-55.93311,-23.6269],[-55.93377,-23.62748],[-55.93297,-23.62745],[-55.93292,-23.62767],[-55.93394,-23.62928],[-55.93557,-23.62957],[-55.93567,-23.63022],[-55.93623,-23.63072],[-55.93567,-23.63142],[-55.93679,-23.63211],[-55.93637,-23.63296],[-55.93715,-23.63291],[-55.93784,-23.6333],[-55.93757,-23.63453],[-55.9368,-23.63501],[-55.93826,-23.63534],[-55.93839,-23.63463],[-55.94091,-23.63562],[-55.94116,-23.63492],[-55.94173,-23.63529],[-55.94315,-23.63514],[-55.94273,-23.63568],[-55.94193,-23.636],[-55.94261,-23.63609],[-55.94337,-23.63546],[-55.94398,-23.63542],[-55.94456,-23.63587],[-55.94411,-23.63622],[-55.94424,-23.63652],[-55.94481,-23.63629],[-55.94499,-23.63572],[-55.94525,-23.63578],[-55.94559,-23.63651],[-55.94629,-23.63673],[-55.94717,-23.63784],[-55.94704,-23.63838],[-55.94625,-23.63842],[-55.94652,-23.63916],[-55.94791,-23.63838],[-55.94809,-23.63889],[-55.94746,-23.63994],[-55.94836,-23.63976],[-55.94826,-23.64067],[-55.94976,-23.64126],[-55.94938,-23.64276],[-55.95043,-23.64184],[-55.9521,-23.64275],[-55.95186,-23.64449],[-55.95216,-23.64574],[-55.95153,-23.64681],[-55.95223,-23.64747],[-55.9518,-23.64773],[-55.95093,-23.64747],[-55.95055,-23.6479],[-55.95186,-23.64807],[-55.95239,-23.64897],[-55.9522,-23.64926],[-55.95035,-23.64909],[-55.95003,-23.64965],[-55.95021,-23.65061],[-55.94997,-23.65106],[-55.94877,-23.65066],[-55.94881,-23.65106],[-55.94937,-23.6514],[-55.95106,-23.65142],[-55.95089,-23.65203],[-55.94982,-23.65199],[-55.94982,-23.65266],[-55.95101,-23.65258],[-55.95244,-23.65319],[-55.95163,-23.65364],[-55.95266,-23.65397],[-55.95354,-23.65473],[-55.95472,-23.65431],[-55.95632,-23.65305],[-55.9581,-23.65339],[-55.96178,-23.65627],[-55.96203,-23.65764],[-55.9629,-23.65867],[-55.96311,-23.65966],[-55.96446,-23.66048],[-55.96502,-23.66043],[-55.96521,-23.6588],[-55.96591,-23.65823],[-55.96638,-23.65876],[-55.96602,-23.66038],[-55.96645,-23.66049],[-55.96704,-23.65805],[-55.96745,-23.65793],[-55.97038,-23.66211],[-55.97131,-23.66274],[-55.9717,-23.66252],[-55.97155,-23.6611],[-55.97176,-23.66082],[-55.97362,-23.66136],[-55.97441,-23.66058],[-55.97491,-23.66117],[-55.97622,-23.66178],[-55.97641,-23.66103],[-55.97678,-23.66107],[-55.97698,-23.66154],[-55.9776,-23.66151],[-55.97786,-23.66181],[-55.97711,-23.66351],[-55.97856,-23.66301],[-55.97896,-23.66498],[-55.97958,-23.66532],[-55.98017,-23.66522],[-55.98081,-23.66594],[-55.97946,-23.66758],[-55.98066,-23.66795],[-55.98293,-23.66672],[-55.98329,-23.66551],[-55.98532,-23.66412],[-55.98704,-23.66172],[-55.9877,-23.66021],[-55.98748,-23.65907],[-55.98767,-23.65709],[-55.98987,-23.65506],[-55.99057,-23.65341],[-55.99199,-23.64801],[-55.992,-23.64484],[-55.99106,-23.64335],[-55.99205,-23.63883],[-55.99374,-23.63706],[-55.99715,-23.63218],[-55.99857,-23.62849],[-56.00028,-23.62583],[-56.00106,-23.6232],[-56.0035,-23.6215],[-56.0068,-23.62026],[-56.00933,-23.61811],[-56.01095,-23.61751],[-56.01103,-23.61682],[-56.01216,-23.61601],[-56.01434,-23.61215],[-56.0166,-23.60618],[-56.01851,-23.60446],[-56.02031,-23.60208],[-56.0208,-23.60038],[-56.02158,-23.59906],[-56.04899,-23.57554],[-56.04902,-23.57859],[-56.04829,-23.58073],[-56.04804,-23.58454],[-56.04726,-23.58669],[-56.04854,-23.59067],[-56.05028,-23.59321],[-56.05179,-23.59344],[-56.05256,-23.59416],[-56.05293,-23.59488],[-56.05293,-23.59637],[-56.05343,-23.59781],[-56.05546,-23.59869],[-56.05604,-23.60021],[-56.05767,-23.60081],[-56.05833,-23.60249],[-56.06002,-23.60279],[-56.06091,-23.60419],[-56.06371,-23.60454],[-56.06643,-23.60666],[-56.06819,-23.60686],[-56.0701,-23.60778],[-56.0717,-23.60726],[-56.07462,-23.60786],[-56.07599,-23.6074],[-56.07703,-23.60744],[-56.07779,-23.6069],[-56.07934,-23.60656],[-56.08195,-23.60718],[-56.08563,-23.60608],[-56.08961,-23.60365],[-56.09433,-23.602],[-56.10523,-23.60203],[-56.10757,-23.60311],[-56.10887,-23.60287],[-56.112,-23.60334],[-56.11292,-23.60564],[-56.11405,-23.60588],[-56.11422,-23.60551]]]}},{"type":"Feature","properties":{"nome":"Zanja Pytã","pais":"PY","unidade":"Distrito","dep":"Amambay","pop":5419,"pop_urb":2629,"pop_rur":2790,"area_km2":524.4,"area_oficial":false,"destaque":false},"geometry":{"type":"Polygon","coordinates":[[[-55.65819,-23.00555],[-55.66121,-23.00251],[-55.66261,-23.00203],[-55.66453,-23.00284],[-55.66539,-23.00278],[-55.66591,-23.00333],[-55.66821,-23.00302],[-55.67,-23.00355],[-55.67116,-23.00343],[-55.6726,-23.00449],[-55.6733,-23.00573],[-55.67611,-23.00614],[-55.67501,-23.0045],[-55.67409,-23.00161],[-55.67236,-22.99942],[-55.67277,-22.99679],[-55.67163,-22.99435],[-55.67133,-22.99293],[-55.6725,-22.99061],[-55.67302,-22.98826],[-55.67289,-22.98711],[-55.67154,-22.98533],[-55.66926,-22.9799],[-55.66634,-22.9763],[-55.66604,-22.9747],[-55.66521,-22.97412],[-55.66448,-22.97304],[-55.66339,-22.97262],[-55.66351,-22.97162],[-55.66244,-22.96977],[-55.66253,-22.96859],[-55.66125,-22.96622],[-55.66147,-22.96487],[-55.66118,-22.96405],[-55.66494,-22.9546],[-55.66478,-22.95403],[-55.66533,-22.95132],[-55.66521,-22.95035],[-55.66587,-22.94865],[-55.66781,-22.94889],[-55.6715,-22.94863],[-55.67235,-22.94803],[-55.67363,-22.94468],[-55.67445,-22.94365],[-55.67552,-22.93923],[-55.67749,-22.93771],[-55.679,-22.93593],[-55.67895,-22.93369],[-55.67924,-22.93272],[-55.68086,-22.93122],[-55.68179,-22.93091],[-55.6822,-22.93027],[-55.68299,-22.9301],[-55.68329,-22.92939],[-55.68512,-22.92864],[-55.68655,-22.92724],[-55.68751,-22.92475],[-55.68814,-22.92393],[-55.68841,-22.92257],[-55.69003,-22.92223],[-55.69084,-22.92082],[-55.69274,-22.9193],[-55.69373,-22.91897],[-55.69463,-22.918],[-55.69606,-22.91733],[-55.69774,-22.91762],[-55.69973,-22.91654],[-55.70018,-22.91595],[-55.70182,-22.91579],[-55.70412,-22.91625],[-55.70812,-22.91617],[-55.70972,-22.91456],[-55.71051,-22.91445],[-55.71187,-22.91361],[-55.71249,-22.91405],[-55.71338,-22.91357],[-55.71542,-22.91202],[-55.71578,-22.91121],[-55.71646,-22.91099],[-55.71656,-22.91053],[-55.71828,-22.90989],[-55.7197,-22.90885],[-55.72128,-22.90925],[-55.72206,-22.90987],[-55.72317,-22.91003],[-55.72471,-22.91084],[-55.72541,-22.91046],[-55.7279,-22.91017],[-55.73307,-22.90722],[-55.73419,-22.90729],[-55.73513,-22.90591],[-55.73658,-22.90512],[-55.74004,-22.9043],[-55.74231,-22.90415],[-55.74411,-22.90356],[-55.74584,-22.90405],[-55.74861,-22.90307],[-55.7526,-22.90296],[-55.75394,-22.90125],[-55.75628,-22.89936],[-55.75809,-22.89991],[-55.7595,-22.89957],[-55.76034,-22.89841],[-55.7603,-22.89765],[-55.76118,-22.89694],[-55.76199,-22.8942],[-55.76263,-22.89378],[-55.76479,-22.89354],[-55.76702,-22.8926],[-55.76764,-22.89212],[-55.76824,-22.89065],[-55.76956,-22.88935],[-55.76865,-22.88873],[-55.76828,-22.88618],[-55.76759,-22.88534],[-55.76786,-22.88473],[-55.76723,-22.88433],[-55.76734,-22.88372],[-55.76665,-22.88356],[-55.76696,-22.88306],[-55.76612,-22.88241],[-55.76616,-22.88097],[-55.76587,-22.8808],[-55.76512,-22.88119],[-55.76475,-22.88085],[-55.76473,-22.88021],[-55.76416,-22.88021],[-55.7637,-22.87962],[-55.76418,-22.87796],[-55.76329,-22.87626],[-55.76362,-22.87439],[-55.76407,-22.87423],[-55.76475,-22.87297],[-55.76465,-22.87214],[-55.76499,-22.87116],[-55.76399,-22.87128],[-55.76374,-22.87175],[-55.76302,-22.87129],[-55.76301,-22.87167],[-55.76274,-22.87171],[-55.76233,-22.87133],[-55.76235,-22.87035],[-55.76207,-22.87034],[-55.76214,-22.87075],[-55.76168,-22.87052],[-55.76127,-22.86933],[-55.76149,-22.86863],[-55.76283,-22.8682],[-55.76182,-22.86457],[-55.76087,-22.86432],[-55.75966,-22.86315],[-55.75921,-22.86315],[-55.75919,-22.86231],[-55.75718,-22.8606],[-55.75703,-22.85844],[-55.75567,-22.85675],[-55.7539,-22.85552],[-55.75321,-22.85332],[-55.75218,-22.85213],[-55.75263,-22.85009],[-55.75257,-22.84691],[-55.75159,-22.84355],[-55.75124,-22.83902],[-55.74901,-22.83479],[-55.74837,-22.83292],[-55.74912,-22.83104],[-55.75021,-22.83047],[-55.75097,-22.82958],[-55.75179,-22.82696],[-55.75247,-22.82602],[-55.76,-22.82152],[-55.76176,-22.8191],[-55.76486,-22.81699],[-55.76576,-22.81548],[-55.76592,-22.81325],[-55.76705,-22.81193],[-55.77023,-22.81036],[-55.77419,-22.80891],[-55.77588,-22.80758],[-55.78155,-22.8071],[-55.78621,-22.80774],[-55.78761,-22.80803],[-55.78896,-22.80878],[-55.78924,-22.80854],[-55.79355,-22.81078],[-55.81524,-22.80014],[-55.81642,-22.79841],[-55.81563,-22.79594],[-55.81565,-22.79283],[-55.81488,-22.78672],[-55.8139,-22.78294],[-55.81218,-22.78088],[-55.80826,-22.77899],[-55.80543,-22.77781],[-55.80336,-22.77777],[-55.79868,-22.77642],[-55.79683,-22.77551],[-55.81539,-22.77382],[-55.82174,-22.77409],[-55.82499,-22.77376],[-55.83072,-22.77427],[-55.83515,-22.7752],[-55.8377,-22.77607],[-55.84012,-22.77521],[-55.84177,-22.77396],[-55.8448,-22.77313],[-55.85026,-22.77328],[-55.85185,-22.77369],[-55.85324,-22.7735],[-55.85431,-22.7739],[-55.8546,-22.77185],[-55.85399,-22.7711],[-55.85421,-22.77028],[-55.85379,-22.76993],[-55.85207,-22.76995],[-55.85083,-22.76823],[-55.8516,-22.76771],[-55.85294,-22.76599],[-55.85339,-22.76616],[-55.85353,-22.76674],[-55.85388,-22.76682],[-55.85455,-22.76628],[-55.85495,-22.76685],[-55.85545,-22.76682],[-55.85574,-22.76549],[-55.85788,-22.76233],[-55.85605,-22.76055],[-55.85668,-22.75927],[-55.85697,-22.75616],[-55.856,-22.75556],[-55.85589,-22.75338],[-55.85514,-22.75315],[-55.85421,-22.75346],[-55.85371,-22.75225],[-55.85205,-22.75203],[-55.85173,-22.75131],[-55.8511,-22.75105],[-55.84932,-22.74894],[-55.84959,-22.74746],[-55.84851,-22.74759],[-55.8481,-22.74641],[-55.84734,-22.74593],[-55.84726,-22.74525],[-55.84608,-22.74464],[-55.84542,-22.74353],[-55.84564,-22.74308],[-55.84703,-22.74262],[-55.84695,-22.74234],[-55.84621,-22.74239],[-55.84723,-22.74136],[-55.84728,-22.74077],[-55.84603,-22.7404],[-55.84562,-22.74133],[-55.84431,-22.74133],[-55.84433,-22.74018],[-55.8421,-22.73902],[-55.84173,-22.73917],[-55.84188,-22.7404],[-55.84145,-22.74114],[-55.84103,-22.74026],[-55.83838,-22.73995],[-55.8385,-22.73844],[-55.83785,-22.73749],[-55.83899,-22.73645],[-55.83723,-22.73642],[-55.83692,-22.73614],[-55.83775,-22.73548],[-55.83716,-22.73443],[-55.83796,-22.73326],[-55.83775,-22.73295],[-55.83483,-22.73278],[-55.8349,-22.7335],[-55.83461,-22.7339],[-55.83316,-22.73442],[-55.83206,-22.7343],[-55.83184,-22.73308],[-55.83015,-22.73259],[-55.82948,-22.73064],[-55.83005,-22.72937],[-55.82898,-22.7292],[-55.82867,-22.73031],[-55.82797,-22.73008],[-55.82699,-22.73026],[-55.82651,-22.7309],[-55.82485,-22.73169],[-55.82458,-22.73158],[-55.82487,-22.73075],[-55.82472,-22.73016],[-55.82345,-22.73083],[-55.82234,-22.73044],[-55.82152,-22.7306],[-55.82103,-22.73221],[-55.82005,-22.73282],[-55.81972,-22.73357],[-55.81905,-22.73373],[-55.81778,-22.73314],[-55.81753,-22.73202],[-55.81681,-22.73124],[-55.81713,-22.73057],[-55.81839,-22.73003],[-55.8184,-22.72869],[-55.81756,-22.72873],[-55.81458,-22.73021],[-55.81436,-22.73064],[-55.8147,-22.73163],[-55.81449,-22.73177],[-55.81255,-22.73108],[-55.8122,-22.7287],[-55.8105,-22.72846],[-55.81028,-22.72992],[-55.80982,-22.73014],[-55.8095,-22.72989],[-55.81005,-22.72802],[-55.80982,-22.72762],[-55.80909,-22.7277],[-55.80882,-22.7272],[-55.80829,-22.72704],[-55.80786,-22.72772],[-55.80653,-22.72727],[-55.80648,-22.72704],[-55.80723,-22.72668],[-55.80682,-22.72589],[-55.80672,-22.72471],[-55.80705,-22.7244],[-55.80703,-22.72359],[-55.80761,-22.72302],[-55.80695,-22.72155],[-55.80661,-22.72202],[-55.80579,-22.7221],[-55.80599,-22.7212],[-55.80534,-22.72073],[-55.80576,-22.72032],[-55.80569,-22.71934],[-55.80647,-22.71881],[-55.80621,-22.71618],[-55.80487,-22.71671],[-55.80458,-22.71628],[-55.80468,-22.71565],[-55.80398,-22.71585],[-55.80375,-22.7153],[-55.80293,-22.71555],[-55.80253,-22.71321],[-55.80266,-22.71234],[-55.80225,-22.711],[-55.80249,-22.71018],[-55.80312,-22.71022],[-55.80342,-22.71067],[-55.80397,-22.71054],[-55.80426,-22.709],[-55.80385,-22.70919],[-55.80309,-22.70864],[-55.80238,-22.7087],[-55.80231,-22.70785],[-55.80274,-22.70796],[-55.80308,-22.70758],[-55.80303,-22.70629],[-55.80161,-22.70433],[-55.80117,-22.70422],[-55.80066,-22.70464],[-55.79961,-22.70423],[-55.79852,-22.70461],[-55.79846,-22.70382],[-55.79768,-22.70379],[-55.79719,-22.70312],[-55.79771,-22.70236],[-55.79841,-22.70216],[-55.79841,-22.70185],[-55.7977,-22.70069],[-55.79653,-22.70006],[-55.79641,-22.69953],[-55.7972,-22.69945],[-55.7972,-22.69859],[-55.79828,-22.69851],[-55.79782,-22.69818],[-55.79794,-22.69775],[-55.79875,-22.69745],[-55.79916,-22.69663],[-55.79832,-22.69604],[-55.79874,-22.69512],[-55.79443,-22.69322],[-55.79422,-22.693],[-55.79451,-22.69234],[-55.79299,-22.69183],[-55.79242,-22.69215],[-55.79149,-22.69125],[-55.79156,-22.69052],[-55.79262,-22.69084],[-55.79243,-22.6899],[-55.7943,-22.68872],[-55.79453,-22.68758],[-55.79363,-22.68583],[-55.7955,-22.68473],[-55.79539,-22.68425],[-55.79483,-22.68364],[-55.79189,-22.6852],[-55.78988,-22.68405],[-55.78969,-22.68199],[-55.78912,-22.68146],[-55.78938,-22.68081],[-55.78891,-22.68045],[-55.7887,-22.67976],[-55.78886,-22.67821],[-55.78784,-22.67687],[-55.78438,-22.6766],[-55.78394,-22.67566],[-55.78238,-22.67501],[-55.78242,-22.67457],[-55.78331,-22.67391],[-55.78336,-22.67331],[-55.78378,-22.67309],[-55.7834,-22.67247],[-55.78246,-22.67211],[-55.78259,-22.6714],[-55.78193,-22.67134],[-55.7817,-22.67017],[-55.78032,-22.66983],[-55.77863,-22.67017],[-55.77839,-22.67047],[-55.77862,-22.67115],[-55.77825,-22.67153],[-55.77689,-22.67096],[-55.77733,-22.66903],[-55.77651,-22.66847],[-55.77489,-22.66851],[-55.77457,-22.66714],[-55.77411,-22.66686],[-55.77469,-22.66628],[-55.77426,-22.66604],[-55.77444,-22.66577],[-55.77373,-22.66494],[-55.77395,-22.66405],[-55.77353,-22.66319],[-55.7734,-22.6616],[-55.77263,-22.66121],[-55.77214,-22.66146],[-55.77136,-22.66002],[-55.76943,-22.6596],[-55.76889,-22.65871],[-55.76893,-22.65546],[-55.768,-22.65542],[-55.76787,-22.65347],[-55.76602,-22.65331],[-55.76583,-22.65254],[-55.76417,-22.65202],[-55.76419,-22.65135],[-55.76379,-22.65088],[-55.76341,-22.65149],[-55.76294,-22.65163],[-55.76209,-22.65096],[-55.76204,-22.65041],[-55.7613,-22.65022],[-55.7606,-22.65087],[-55.75941,-22.64945],[-55.75961,-22.64886],[-55.75923,-22.64891],[-55.75903,-22.64934],[-55.75861,-22.64839],[-55.75836,-22.64835],[-55.7584,-22.64869],[-55.75781,-22.64834],[-55.75769,-22.64751],[-55.75761,-22.64797],[-55.75709,-22.6476],[-55.75637,-22.64836],[-55.75587,-22.64852],[-55.7556,-22.64823],[-55.75532,-22.64873],[-55.75516,-22.64851],[-55.75468,-22.64869],[-55.75457,-22.64903],[-55.75381,-22.64885],[-55.75361,-22.64963],[-55.75311,-22.64952],[-55.75224,-22.65065],[-55.75146,-22.64986],[-55.75074,-22.65002],[-55.751,-22.65094],[-55.75014,-22.65039],[-55.7498,-22.65117],[-55.75042,-22.65159],[-55.74962,-22.65186],[-55.7496,-22.65222],[-55.7491,-22.6516],[-55.74865,-22.65197],[-55.74788,-22.65155],[-55.74795,-22.65197],[-55.74759,-22.65208],[-55.74759,-22.65123],[-55.7461,-22.65087],[-55.74671,-22.65045],[-55.74627,-22.65025],[-55.74559,-22.64878],[-55.74373,-22.64746],[-55.74324,-22.64803],[-55.74313,-22.64732],[-55.74209,-22.6463],[-55.74218,-22.6449],[-55.74194,-22.64464],[-55.74146,-22.64474],[-55.7414,-22.64379],[-55.74047,-22.64299],[-55.74074,-22.64177],[-55.74034,-22.64159],[-55.74037,-22.64199],[-55.74002,-22.64173],[-55.74061,-22.64098],[-55.73955,-22.64005],[-55.73984,-22.63944],[-55.73945,-22.63953],[-55.73956,-22.63892],[-55.73896,-22.63888],[-55.73931,-22.63851],[-55.73927,-22.638],[-55.73961,-22.63786],[-55.73919,-22.63756],[-55.73994,-22.63732],[-55.73854,-22.63555],[-55.73807,-22.63422],[-55.73717,-22.63371],[-55.73711,-22.63311],[-55.73765,-22.63268],[-55.73721,-22.63153],[-55.7352,-22.62994],[-55.7135,-22.65277],[-55.65655,-22.60651],[-55.65575,-22.60543],[-55.6513,-22.60791],[-55.64923,-22.61046],[-55.64139,-22.61271],[-55.63667,-22.61785],[-55.63133,-22.62061],[-55.62516,-22.62825],[-55.6233,-22.64381],[-55.62249,-22.6471],[-55.62287,-22.65047],[-55.6216,-22.65291],[-55.6181,-22.65353],[-55.61442,-22.65509],[-55.6138,-22.66],[-55.61724,-22.66486],[-55.61829,-22.67042],[-55.61731,-22.67762],[-55.60931,-22.68902],[-55.61363,-22.69282],[-55.61475,-22.69967],[-55.61318,-22.70454],[-55.61392,-22.71156],[-55.61342,-22.71704],[-55.61704,-22.72508],[-55.61601,-22.73592],[-55.61309,-22.73895],[-55.61645,-22.74007],[-55.61975,-22.7433],[-55.62096,-22.74525],[-55.62012,-22.74684],[-55.6194,-22.74945],[-55.62018,-22.75335],[-55.62664,-22.75762],[-55.62573,-22.7604],[-55.62073,-22.76379],[-55.61944,-22.76523],[-55.61806,-22.76751],[-55.61852,-22.76794],[-55.62314,-22.76703],[-55.6277,-22.76661],[-55.62975,-22.7667],[-55.63078,-22.76708],[-55.63151,-22.7682],[-55.63321,-22.76938],[-55.63529,-22.77029],[-55.63664,-22.77175],[-55.63685,-22.77385],[-55.6363,-22.77714],[-55.63657,-22.77887],[-55.63902,-22.7827],[-55.64188,-22.78535],[-55.64359,-22.78645],[-55.64403,-22.78755],[-55.64552,-22.78888],[-55.65043,-22.79104],[-55.65066,-22.79192],[-55.65231,-22.79231],[-55.65063,-22.79334],[-55.64987,-22.79923],[-55.64916,-22.80162],[-55.65091,-22.80437],[-55.6543,-22.807],[-55.65567,-22.80859],[-55.65344,-22.81183],[-55.65338,-22.81664],[-55.65459,-22.819],[-55.65615,-22.82067],[-55.65748,-22.82322],[-55.66088,-22.82741],[-55.65924,-22.83462],[-55.65899,-22.841],[-55.66319,-22.84713],[-55.66586,-22.85247],[-55.66306,-22.8572],[-55.66329,-22.86029],[-55.66161,-22.8626],[-55.66013,-22.86398],[-55.65993,-22.86809],[-55.66168,-22.87447],[-55.66175,-22.878],[-55.66122,-22.88222],[-55.65685,-22.88509],[-55.65379,-22.88483],[-55.65098,-22.88731],[-55.64954,-22.89102],[-55.6487,-22.89693],[-55.65111,-22.90253],[-55.65055,-22.91108],[-55.64809,-22.91295],[-55.64717,-22.92183],[-55.64552,-22.92449],[-55.65165,-22.93108],[-55.65064,-22.93456],[-55.64714,-22.93748],[-55.64476,-22.94006],[-55.64396,-22.94241],[-55.64761,-22.94989],[-55.64409,-22.9509],[-55.63841,-22.9506],[-55.63608,-22.95385],[-55.63462,-22.95515],[-55.63819,-22.9576],[-55.6379,-22.96024],[-55.63684,-22.96477],[-55.63366,-22.96773],[-55.63171,-22.97005],[-55.62889,-22.97511],[-55.62642,-22.97791],[-55.62198,-22.98455],[-55.62413,-22.9885],[-55.62665,-22.98919],[-55.62819,-22.9879],[-55.63393,-22.99182],[-55.63334,-22.99731],[-55.62848,-22.99835],[-55.63232,-23.00153],[-55.63295,-23.0083],[-55.63665,-23.01826],[-55.65819,-23.00555]]]}},{"type":"Feature","properties":{"nome":"Capitán Bado","pais":"PY","unidade":"Distrito","dep":"Amambay","pop":18851,"pop_urb":10902,"pop_rur":7949,"area_km2":2936.1,"area_oficial":false,"destaque":false},"geometry":{"type":"Polygon","coordinates":[[[-55.82059,-23.7576],[-55.82012,-23.75829],[-55.82104,-23.75815],[-55.82047,-23.75861],[-55.82051,-23.75901],[-55.82181,-23.75878],[-55.82161,-23.75966],[-55.82287,-23.75999],[-55.82218,-23.76061],[-55.82277,-23.76092],[-55.82245,-23.76138],[-55.82274,-23.76178],[-55.82252,-23.76224],[-55.82351,-23.76301],[-55.82364,-23.76358],[-55.82486,-23.76415],[-55.82556,-23.7656],[-55.82614,-23.76591],[-55.82693,-23.7652],[-55.82744,-23.76564],[-55.82823,-23.76521],[-55.82852,-23.76559],[-55.82907,-23.7656],[-55.82936,-23.76462],[-55.83076,-23.76417],[-55.83544,-23.76559],[-55.83633,-23.76529],[-55.8372,-23.76397],[-55.83928,-23.76352],[-55.84054,-23.76407],[-55.84015,-23.76465],[-55.84079,-23.76558],[-55.84111,-23.76492],[-55.84231,-23.7655],[-55.84145,-23.76647],[-55.84162,-23.76711],[-55.84222,-23.76765],[-55.84268,-23.76714],[-55.84356,-23.76737],[-55.84408,-23.76803],[-55.84374,-23.76939],[-55.8441,-23.77023],[-55.8446,-23.77022],[-55.84462,-23.77084],[-55.84495,-23.77103],[-55.84478,-23.77332],[-55.84655,-23.77432],[-55.8471,-23.77404],[-55.84775,-23.77421],[-55.84686,-23.77545],[-55.84643,-23.77511],[-55.84625,-23.77612],[-55.84683,-23.77628],[-55.84759,-23.77738],[-55.84841,-23.77758],[-55.84853,-23.77828],[-55.84812,-23.77857],[-55.84863,-23.77879],[-55.84846,-23.77929],[-55.84896,-23.77954],[-55.84944,-23.77908],[-55.85074,-23.78031],[-55.85177,-23.77979],[-55.85156,-23.78062],[-55.85253,-23.78027],[-55.8521,-23.78086],[-55.85228,-23.78143],[-55.85312,-23.7802],[-55.85378,-23.78003],[-55.8531,-23.78105],[-55.85369,-23.78147],[-55.85384,-23.78064],[-55.85426,-23.78044],[-55.85445,-23.78064],[-55.85418,-23.78139],[-55.8552,-23.78114],[-55.85459,-23.782],[-55.8546,-23.78279],[-55.85594,-23.78223],[-55.85592,-23.78314],[-55.85641,-23.78307],[-55.8567,-23.78355],[-55.85587,-23.78439],[-55.8568,-23.78444],[-55.85726,-23.78416],[-55.85713,-23.78529],[-55.85786,-23.78505],[-55.85853,-23.78644],[-55.85785,-23.78649],[-55.85769,-23.78678],[-55.85837,-23.78697],[-55.85841,-23.78778],[-55.859,-23.78772],[-55.85876,-23.78821],[-55.85913,-23.78834],[-55.85861,-23.78857],[-55.85763,-23.78826],[-55.85799,-23.78893],[-55.85728,-23.78901],[-55.8576,-23.78995],[-55.85797,-23.79011],[-55.85775,-23.79108],[-55.85831,-23.79091],[-55.85825,-23.79173],[-55.85879,-23.79186],[-55.85825,-23.79219],[-55.85858,-23.793],[-55.85805,-23.79385],[-55.85741,-23.79395],[-55.85773,-23.79463],[-55.85814,-23.7944],[-55.85872,-23.79456],[-55.85812,-23.79514],[-55.85847,-23.79539],[-55.8584,-23.79589],[-55.859,-23.79573],[-55.85899,-23.79731],[-55.85948,-23.79733],[-55.8597,-23.79846],[-55.85927,-23.79861],[-55.85931,-23.79901],[-55.86009,-23.79908],[-55.85972,-23.79955],[-55.86065,-23.79965],[-55.86054,-23.80012],[-55.86105,-23.79989],[-55.86103,-23.80047],[-55.86157,-23.80033],[-55.86188,-23.80058],[-55.86247,-23.80013],[-55.86288,-23.8002],[-55.86311,-23.79981],[-55.86456,-23.80017],[-55.86546,-23.79965],[-55.86681,-23.80025],[-55.86806,-23.80038],[-55.86795,-23.80083],[-55.86841,-23.80154],[-55.86932,-23.8018],[-55.86957,-23.80267],[-55.86891,-23.80304],[-55.86966,-23.80336],[-55.86897,-23.80365],[-55.86943,-23.80398],[-55.86925,-23.80431],[-55.86961,-23.80446],[-55.86955,-23.80477],[-55.87023,-23.80451],[-55.87059,-23.80475],[-55.87078,-23.80451],[-55.87105,-23.80514],[-55.87464,-23.8052],[-55.87505,-23.80725],[-55.87573,-23.80787],[-55.876,-23.80731],[-55.87696,-23.80667],[-55.87832,-23.80658],[-55.87935,-23.80533],[-55.88195,-23.80563],[-55.88321,-23.80629],[-55.88436,-23.80605],[-55.8844,-23.80651],[-55.88509,-23.80661],[-55.88544,-23.80754],[-55.88616,-23.80707],[-55.88814,-23.81006],[-55.88881,-23.81162],[-55.88934,-23.81201],[-55.88943,-23.81283],[-55.89011,-23.81301],[-55.89074,-23.81487],[-55.89227,-23.81533],[-55.89192,-23.81637],[-55.89136,-23.81683],[-55.89324,-23.81765],[-55.8936,-23.81853],[-55.89466,-23.819],[-55.89542,-23.82016],[-55.89617,-23.82071],[-55.89648,-23.82052],[-55.89654,-23.81992],[-55.89722,-23.81996],[-55.8975,-23.81942],[-55.89821,-23.81929],[-55.89886,-23.81948],[-55.89896,-23.82009],[-55.89976,-23.82063],[-55.89965,-23.82108],[-55.9008,-23.82132],[-55.90261,-23.821],[-55.90313,-23.8204],[-55.90414,-23.82015],[-55.90683,-23.82138],[-55.9085,-23.82094],[-55.91219,-23.82072],[-55.91343,-23.82033],[-55.914,-23.81954],[-55.9147,-23.81934],[-55.91458,-23.81868],[-55.91492,-23.81819],[-55.91612,-23.81789],[-55.91534,-23.81753],[-55.91724,-23.81678],[-55.91766,-23.81776],[-55.91868,-23.81781],[-55.91916,-23.81845],[-55.92105,-23.81896],[-55.92119,-23.81929],[-55.92043,-23.82012],[-55.92117,-23.82015],[-55.92201,-23.82085],[-55.92235,-23.822],[-55.92319,-23.82265],[-55.92284,-23.82309],[-55.92321,-23.82336],[-55.92303,-23.82369],[-55.92499,-23.82451],[-55.92535,-23.82498],[-55.92507,-23.82547],[-55.92604,-23.82614],[-55.9267,-23.82577],[-55.92744,-23.82613],[-55.92761,-23.82822],[-55.92862,-23.82891],[-55.92869,-23.82958],[-55.92967,-23.82972],[-55.9311,-23.83094],[-55.93445,-23.82864],[-55.93481,-23.82659],[-55.936,-23.82684],[-55.93681,-23.82647],[-55.93658,-23.82599],[-55.9372,-23.82579],[-55.94108,-23.82629],[-55.94195,-23.82603],[-55.94088,-23.82539],[-55.94156,-23.82517],[-55.94113,-23.82401],[-55.94154,-23.82272],[-55.94223,-23.82232],[-55.94392,-23.82238],[-55.94418,-23.82196],[-55.94374,-23.82131],[-55.94613,-23.82021],[-55.94688,-23.81782],[-55.94643,-23.81701],[-55.94637,-23.81607],[-55.94741,-23.81595],[-55.94708,-23.81548],[-55.94777,-23.81471],[-55.94811,-23.8153],[-55.94843,-23.81469],[-55.94895,-23.81447],[-55.94865,-23.81391],[-55.94997,-23.81398],[-55.95129,-23.81244],[-55.95149,-23.81306],[-55.95181,-23.8125],[-55.95217,-23.81306],[-55.95265,-23.8126],[-55.95452,-23.81389],[-55.95501,-23.8136],[-55.95556,-23.81376],[-55.95542,-23.81321],[-55.95568,-23.81317],[-55.956,-23.81395],[-55.95714,-23.81395],[-55.95682,-23.81472],[-55.95793,-23.81458],[-55.95794,-23.8149],[-55.95846,-23.81514],[-55.95816,-23.81554],[-55.95876,-23.81544],[-55.9591,-23.81574],[-55.95972,-23.81544],[-55.96001,-23.81673],[-55.96047,-23.81631],[-55.96082,-23.81697],[-55.96134,-23.81701],[-55.9614,-23.81741],[-55.96225,-23.81719],[-55.96272,-23.81786],[-55.96241,-23.81822],[-55.96334,-23.8177],[-55.96352,-23.81831],[-55.96417,-23.81784],[-55.96403,-23.8186],[-55.9646,-23.81866],[-55.96478,-23.81901],[-55.96616,-23.81885],[-55.9664,-23.81825],[-55.96755,-23.81875],[-55.96786,-23.81828],[-55.96799,-23.81895],[-55.96991,-23.81926],[-55.97023,-23.81982],[-55.97096,-23.81992],[-55.97135,-23.82062],[-55.97178,-23.82075],[-55.97408,-23.82109],[-55.97543,-23.82075],[-55.97696,-23.8214],[-55.97827,-23.8211],[-55.9791,-23.82228],[-55.98032,-23.82285],[-55.98042,-23.8235],[-55.98122,-23.82373],[-55.98124,-23.82418],[-55.98718,-23.8264],[-55.98756,-23.82666],[-55.98712,-23.82697],[-55.98731,-23.8272],[-55.98886,-23.82706],[-55.98965,-23.82645],[-55.9919,-23.82775],[-55.99197,-23.82694],[-55.99159,-23.82633],[-55.99246,-23.82635],[-55.99282,-23.82673],[-55.99348,-23.82628],[-55.99323,-23.82572],[-55.99384,-23.82626],[-55.99429,-23.8257],[-55.99511,-23.82594],[-55.99562,-23.82562],[-55.99586,-23.8263],[-55.9969,-23.8253],[-55.99875,-23.82564],[-55.99954,-23.82446],[-56.00156,-23.82456],[-56.00307,-23.82569],[-56.00375,-23.82584],[-56.0053,-23.82526],[-56.00602,-23.82567],[-56.00661,-23.82517],[-56.0086,-23.82575],[-56.01007,-23.82573],[-56.01025,-23.8254],[-56.00986,-23.82535],[-56.00985,-23.82508],[-56.01072,-23.82482],[-56.01327,-23.82558],[-56.0137,-23.82544],[-56.01509,-23.82624],[-56.01538,-23.82731],[-56.01737,-23.82973],[-56.01772,-23.82946],[-56.01778,-23.82855],[-56.01818,-23.82826],[-56.01986,-23.82874],[-56.02005,-23.82862],[-56.01984,-23.82819],[-56.02147,-23.82876],[-56.02163,-23.8285],[-56.02112,-23.82805],[-56.02134,-23.82778],[-56.02167,-23.82779],[-56.02178,-23.82833],[-56.02209,-23.82801],[-56.02259,-23.82809],[-56.02257,-23.82743],[-56.02313,-23.82782],[-56.02355,-23.82719],[-56.02459,-23.82689],[-56.02456,-23.8264],[-56.02539,-23.82642],[-56.02542,-23.82592],[-56.02482,-23.82595],[-56.02461,-23.82521],[-56.02531,-23.8251],[-56.02507,-23.82454],[-56.026,-23.82458],[-56.02586,-23.82374],[-56.0265,-23.82394],[-56.02659,-23.82361],[-56.02622,-23.82321],[-56.02689,-23.8232],[-56.02729,-23.82222],[-56.02708,-23.82176],[-56.02767,-23.82152],[-56.02779,-23.82103],[-56.02742,-23.82092],[-56.02633,-23.82159],[-56.02644,-23.82049],[-56.02755,-23.81939],[-56.02598,-23.81924],[-56.02626,-23.8188],[-56.02702,-23.81883],[-56.0271,-23.81854],[-56.02655,-23.81806],[-56.0255,-23.81826],[-56.02544,-23.81787],[-56.02586,-23.81755],[-56.02657,-23.81746],[-56.02588,-23.81699],[-56.02625,-23.81612],[-56.02547,-23.81587],[-56.0255,-23.81529],[-56.02491,-23.81501],[-56.02508,-23.81463],[-56.02587,-23.8145],[-56.02507,-23.81364],[-56.02552,-23.81285],[-56.0247,-23.81256],[-56.02454,-23.81326],[-56.02424,-23.81331],[-56.02348,-23.81269],[-56.02337,-23.81243],[-56.024,-23.81148],[-56.02253,-23.81058],[-56.02229,-23.81009],[-56.02248,-23.80973],[-56.02304,-23.81061],[-56.02326,-23.81033],[-56.02306,-23.80988],[-56.02377,-23.80926],[-56.02257,-23.80751],[-56.02175,-23.80742],[-56.02145,-23.80633],[-56.02174,-23.80575],[-56.02089,-23.80571],[-56.02098,-23.80525],[-56.02058,-23.80489],[-56.02138,-23.80447],[-56.02165,-23.80377],[-56.02129,-23.80329],[-56.02077,-23.80408],[-56.02045,-23.80381],[-56.02074,-23.8032],[-56.02136,-23.80286],[-56.02077,-23.80174],[-56.02023,-23.8015],[-56.02067,-23.80027],[-56.02015,-23.80012],[-56.0199,-23.80056],[-56.01895,-23.79957],[-56.01863,-23.79967],[-56.01836,-23.80066],[-56.01806,-23.80062],[-56.0181,-23.79972],[-56.01868,-23.79898],[-56.01851,-23.79821],[-56.01752,-23.79733],[-56.01723,-23.798],[-56.01687,-23.79806],[-56.01679,-23.79719],[-56.01556,-23.79575],[-56.01459,-23.79608],[-56.01494,-23.79529],[-56.01429,-23.79425],[-56.01388,-23.79419],[-56.01264,-23.79524],[-56.0121,-23.79492],[-56.0126,-23.79397],[-56.01193,-23.79333],[-56.01095,-23.79423],[-56.01028,-23.79432],[-56.01018,-23.79293],[-56.01089,-23.79263],[-56.01083,-23.79237],[-56.00977,-23.79221],[-56.01026,-23.79084],[-56.01008,-23.79056],[-56.00833,-23.79025],[-56.00703,-23.79089],[-56.0064,-23.79031],[-56.00625,-23.78958],[-56.00591,-23.79006],[-56.00427,-23.78967],[-56.0038,-23.78828],[-56.00356,-23.78907],[-56.00323,-23.78923],[-56.00062,-23.7883],[-56.00001,-23.78686],[-55.99917,-23.78723],[-55.99827,-23.78686],[-55.99815,-23.78755],[-55.99769,-23.78769],[-55.99758,-23.78636],[-55.99631,-23.78642],[-55.99625,-23.78614],[-55.99709,-23.78597],[-55.99741,-23.78547],[-55.99651,-23.78547],[-55.9963,-23.78474],[-55.99585,-23.78452],[-55.99331,-23.78412],[-55.99342,-23.78458],[-55.99469,-23.78503],[-55.9946,-23.78555],[-55.99381,-23.78517],[-55.99287,-23.78541],[-55.99263,-23.78428],[-55.99155,-23.78423],[-55.99133,-23.78488],[-55.99052,-23.7845],[-55.99033,-23.78374],[-55.9927,-23.78344],[-55.99279,-23.78319],[-55.99193,-23.78264],[-55.99157,-23.78254],[-55.99087,-23.78304],[-55.99035,-23.7826],[-55.98904,-23.78247],[-55.98859,-23.78325],[-55.98919,-23.78391],[-55.9891,-23.78424],[-55.98806,-23.78406],[-55.98791,-23.78221],[-55.98697,-23.78215],[-55.98603,-23.78082],[-55.98667,-23.77856],[-55.98641,-23.77829],[-55.9859,-23.77912],[-55.98518,-23.77919],[-55.98528,-23.77774],[-55.98381,-23.77603],[-55.98485,-23.77464],[-55.98669,-23.77051],[-55.98633,-23.7699],[-55.98534,-23.76968],[-55.98517,-23.76779],[-55.98442,-23.76732],[-55.98479,-23.76539],[-55.98411,-23.7644],[-55.9831,-23.76435],[-55.98259,-23.76467],[-55.98247,-23.76537],[-55.98196,-23.76469],[-55.98102,-23.76523],[-55.98106,-23.7647],[-55.98031,-23.76445],[-55.98135,-23.76287],[-55.98067,-23.76186],[-55.97955,-23.76172],[-55.97942,-23.76139],[-55.98047,-23.76043],[-55.98043,-23.75978],[-55.98189,-23.75938],[-55.98073,-23.75895],[-55.97962,-23.75937],[-55.97938,-23.75914],[-55.9804,-23.75828],[-55.98021,-23.75759],[-55.98112,-23.75755],[-55.98057,-23.7567],[-55.98119,-23.75649],[-55.9811,-23.75509],[-55.98165,-23.75425],[-55.98123,-23.75396],[-55.98066,-23.75422],[-55.98032,-23.75404],[-55.9813,-23.75337],[-55.98128,-23.75271],[-55.98058,-23.75248],[-55.98051,-23.75183],[-55.9796,-23.75126],[-55.97948,-23.75053],[-55.9798,-23.74979],[-55.97865,-23.74949],[-55.97855,-23.74818],[-55.9774,-23.74817],[-55.97762,-23.74743],[-55.97728,-23.74711],[-55.97735,-23.74623],[-55.97628,-23.74627],[-55.97584,-23.74674],[-55.97496,-23.74668],[-55.97641,-23.74523],[-55.97546,-23.74487],[-55.9762,-23.74394],[-55.97527,-23.74379],[-55.97553,-23.74272],[-55.97443,-23.74299],[-55.97365,-23.74238],[-55.97375,-23.74192],[-55.97455,-23.74233],[-55.97505,-23.74219],[-55.97412,-23.74142],[-55.97348,-23.7406],[-55.97352,-23.74023],[-55.97408,-23.74033],[-55.97494,-23.74158],[-55.97515,-23.74147],[-55.97459,-23.73994],[-55.97474,-23.73954],[-55.975,-23.73944],[-55.97549,-23.74022],[-55.97619,-23.74042],[-55.97538,-23.7391],[-55.97532,-23.7381],[-55.97576,-23.7377],[-55.97596,-23.73592],[-55.97554,-23.73573],[-55.97488,-23.73702],[-55.97456,-23.73592],[-55.97525,-23.73445],[-55.97441,-23.73327],[-55.97458,-23.7329],[-55.9755,-23.73355],[-55.97624,-23.73334],[-55.97589,-23.73299],[-55.97641,-23.73162],[-55.97615,-23.73141],[-55.97556,-23.7318],[-55.97562,-23.73116],[-55.97523,-23.73054],[-55.97553,-23.73015],[-55.97677,-23.7298],[-55.97681,-23.72945],[-55.97577,-23.72855],[-55.97747,-23.7273],[-55.977,-23.72645],[-55.97773,-23.72662],[-55.97817,-23.7253],[-55.97845,-23.72612],[-55.9791,-23.72593],[-55.9791,-23.72499],[-55.98002,-23.72411],[-55.98011,-23.72259],[-55.97934,-23.72293],[-55.97806,-23.72277],[-55.97791,-23.72232],[-55.97837,-23.72144],[-55.97744,-23.72151],[-55.9771,-23.72091],[-55.9778,-23.72023],[-55.9767,-23.71965],[-55.97639,-23.71866],[-55.97655,-23.71826],[-55.97716,-23.71851],[-55.97771,-23.71803],[-55.97774,-23.71781],[-55.97717,-23.7178],[-55.97745,-23.71602],[-55.97703,-23.71522],[-55.97815,-23.7138],[-55.97642,-23.7142],[-55.97643,-23.71384],[-55.97776,-23.71315],[-55.97755,-23.7128],[-55.97675,-23.71261],[-55.97647,-23.71179],[-55.97683,-23.71135],[-55.97718,-23.71226],[-55.97742,-23.71159],[-55.97792,-23.71149],[-55.97816,-23.71039],[-55.97899,-23.71071],[-55.9793,-23.71042],[-55.97816,-23.70884],[-55.97911,-23.70863],[-55.97851,-23.70785],[-55.97746,-23.70762],[-55.97698,-23.70707],[-55.97834,-23.70728],[-55.97868,-23.70498],[-55.97743,-23.70421],[-55.97761,-23.70391],[-55.97847,-23.70414],[-55.97908,-23.70382],[-55.97784,-23.70282],[-55.97865,-23.70232],[-55.97879,-23.70186],[-55.97739,-23.70171],[-55.97754,-23.70132],[-55.97842,-23.70098],[-55.97812,-23.70033],[-55.97674,-23.70086],[-55.97634,-23.70053],[-55.97767,-23.69971],[-55.97791,-23.69844],[-55.97921,-23.69858],[-55.97963,-23.69792],[-55.98052,-23.69824],[-55.98039,-23.6974],[-55.9809,-23.69655],[-55.9805,-23.69546],[-55.98066,-23.69518],[-55.98099,-23.69502],[-55.98183,-23.69569],[-55.98238,-23.6957],[-55.98179,-23.69378],[-55.9821,-23.69326],[-55.98054,-23.69206],[-55.98102,-23.69114],[-55.98108,-23.69007],[-55.98191,-23.69043],[-55.98205,-23.68967],[-55.98279,-23.69004],[-55.98372,-23.68976],[-55.98369,-23.68942],[-55.98307,-23.68965],[-55.98277,-23.68933],[-55.98369,-23.68839],[-55.98339,-23.68743],[-55.98404,-23.68759],[-55.98485,-23.68729],[-55.98659,-23.68523],[-55.98624,-23.68516],[-55.98568,-23.68599],[-55.98489,-23.68516],[-55.98552,-23.68414],[-55.98478,-23.68451],[-55.98466,-23.68381],[-55.98516,-23.68325],[-55.98424,-23.68286],[-55.98503,-23.68143],[-55.98327,-23.68038],[-55.9835,-23.67956],[-55.98428,-23.68041],[-55.98472,-23.68067],[-55.98511,-23.6805],[-55.98434,-23.67977],[-55.98542,-23.67877],[-55.98435,-23.67906],[-55.98421,-23.67847],[-55.98366,-23.67824],[-55.98333,-23.67766],[-55.98451,-23.67729],[-55.98476,-23.6766],[-55.9835,-23.67682],[-55.98303,-23.67633],[-55.98347,-23.67607],[-55.98461,-23.67624],[-55.9848,-23.67572],[-55.98385,-23.67566],[-55.98361,-23.67531],[-55.98472,-23.67475],[-55.98485,-23.6743],[-55.98418,-23.67417],[-55.98373,-23.67462],[-55.98302,-23.6743],[-55.98281,-23.67516],[-55.98191,-23.6746],[-55.98238,-23.67364],[-55.98172,-23.6725],[-55.98045,-23.67258],[-55.97862,-23.67185],[-55.9788,-23.67127],[-55.97977,-23.67196],[-55.98013,-23.67173],[-55.97938,-23.67052],[-55.98061,-23.67072],[-55.98097,-23.66943],[-55.9808,-23.66891],[-55.97839,-23.66887],[-55.97955,-23.66811],[-55.9808,-23.66829],[-55.98083,-23.66803],[-55.97943,-23.66747],[-55.98081,-23.66594],[-55.98017,-23.66522],[-55.97958,-23.66532],[-55.97896,-23.66498],[-55.97856,-23.66301],[-55.97711,-23.66351],[-55.97787,-23.6619],[-55.9776,-23.66151],[-55.97698,-23.66154],[-55.97647,-23.66097],[-55.97632,-23.66171],[-55.97606,-23.66174],[-55.97441,-23.66058],[-55.97362,-23.66136],[-55.97176,-23.66082],[-55.97155,-23.6611],[-55.9717,-23.66252],[-55.97131,-23.66274],[-55.97038,-23.66211],[-55.96745,-23.65793],[-55.96704,-23.65805],[-55.96645,-23.66049],[-55.96602,-23.66038],[-55.96638,-23.65876],[-55.96591,-23.65823],[-55.96521,-23.6588],[-55.96502,-23.66043],[-55.96446,-23.66048],[-55.96311,-23.65966],[-55.9629,-23.65867],[-55.96203,-23.65764],[-55.96178,-23.65627],[-55.9581,-23.65339],[-55.95632,-23.65305],[-55.95472,-23.65431],[-55.95354,-23.65473],[-55.95266,-23.65397],[-55.95163,-23.65364],[-55.95244,-23.65319],[-55.95101,-23.65258],[-55.94982,-23.65266],[-55.94982,-23.65199],[-55.95089,-23.65203],[-55.95106,-23.65142],[-55.94937,-23.6514],[-55.94881,-23.65106],[-55.94877,-23.65066],[-55.94997,-23.65106],[-55.95021,-23.65061],[-55.95003,-23.64965],[-55.95035,-23.64909],[-55.9522,-23.64926],[-55.95239,-23.64897],[-55.95186,-23.64807],[-55.95055,-23.6479],[-55.95093,-23.64747],[-55.9518,-23.64773],[-55.95223,-23.64747],[-55.95153,-23.64681],[-55.95216,-23.64574],[-55.95186,-23.64449],[-55.9521,-23.64275],[-55.95043,-23.64184],[-55.94938,-23.64276],[-55.94976,-23.64126],[-55.94826,-23.64067],[-55.94836,-23.63976],[-55.94746,-23.63994],[-55.94809,-23.63889],[-55.94791,-23.63838],[-55.94652,-23.63916],[-55.94625,-23.63842],[-55.94704,-23.63838],[-55.94717,-23.63784],[-55.94629,-23.63673],[-55.94559,-23.63651],[-55.94525,-23.63578],[-55.94499,-23.63572],[-55.94481,-23.63629],[-55.94424,-23.63652],[-55.94411,-23.63622],[-55.94456,-23.63587],[-55.94398,-23.63542],[-55.94337,-23.63546],[-55.94261,-23.63609],[-55.94193,-23.636],[-55.94273,-23.63568],[-55.94315,-23.63514],[-55.94173,-23.63529],[-55.94116,-23.63492],[-55.94091,-23.63562],[-55.93839,-23.63463],[-55.93826,-23.63534],[-55.93687,-23.63508],[-55.93681,-23.63484],[-55.93767,-23.63435],[-55.93784,-23.6333],[-55.93715,-23.63291],[-55.93637,-23.63296],[-55.93679,-23.63211],[-55.93567,-23.63142],[-55.93623,-23.63072],[-55.93567,-23.63022],[-55.93557,-23.62957],[-55.93394,-23.62928],[-55.93286,-23.62757],[-55.93377,-23.62748],[-55.93311,-23.6269],[-55.93345,-23.62579],[-55.93269,-23.62564],[-55.93264,-23.62469],[-55.93193,-23.62437],[-55.93239,-23.62309],[-55.93214,-23.62217],[-55.93135,-23.62123],[-55.93408,-23.621],[-55.93307,-23.62044],[-55.93354,-23.62026],[-55.93334,-23.61958],[-55.93411,-23.61871],[-55.93435,-23.61783],[-55.93417,-23.61653],[-55.93353,-23.61562],[-55.93459,-23.61509],[-55.93329,-23.61499],[-55.93312,-23.61474],[-55.93414,-23.61394],[-55.93543,-23.61405],[-55.93577,-23.61321],[-55.93501,-23.61302],[-55.93374,-23.61373],[-55.93431,-23.61273],[-55.93372,-23.61184],[-55.93409,-23.6114],[-55.93485,-23.61125],[-55.93546,-23.61016],[-55.93583,-23.61015],[-55.93583,-23.61079],[-55.93652,-23.61017],[-55.93479,-23.60882],[-55.93572,-23.60851],[-55.93457,-23.60742],[-55.93471,-23.6071],[-55.93566,-23.60749],[-55.93536,-23.60619],[-55.93509,-23.60616],[-55.93509,-23.6068],[-55.9347,-23.60668],[-55.93396,-23.60616],[-55.93378,-23.60528],[-55.93269,-23.60455],[-55.93195,-23.60507],[-55.93145,-23.6041],[-55.932,-23.6028],[-55.93188,-23.60239],[-55.93138,-23.60221],[-55.93171,-23.60147],[-55.93017,-23.6012],[-55.92952,-23.59994],[-55.93071,-23.59968],[-55.93127,-23.59914],[-55.93053,-23.5978],[-55.92939,-23.59797],[-55.93066,-23.59674],[-55.92999,-23.59592],[-55.93082,-23.59615],[-55.93096,-23.59585],[-55.93052,-23.59527],[-55.93251,-23.59513],[-55.93289,-23.59453],[-55.93224,-23.59479],[-55.93135,-23.59455],[-55.9322,-23.5941],[-55.93154,-23.59344],[-55.93139,-23.59057],[-55.93162,-23.5896],[-55.93066,-23.58906],[-55.93006,-23.5881],[-55.9291,-23.58811],[-55.9293,-23.58654],[-55.92876,-23.58592],[-55.92767,-23.58555],[-55.92582,-23.58276],[-55.92536,-23.58092],[-55.92605,-23.58174],[-55.92651,-23.58164],[-55.92714,-23.57911],[-55.92782,-23.57868],[-55.92752,-23.57773],[-55.92889,-23.57773],[-55.92872,-23.57665],[-55.92925,-23.57628],[-55.92942,-23.57543],[-55.93033,-23.57635],[-55.93065,-23.57573],[-55.93163,-23.5762],[-55.9329,-23.57556],[-55.9322,-23.57496],[-55.93293,-23.57492],[-55.93295,-23.57468],[-55.93275,-23.57361],[-55.93226,-23.57351],[-55.9318,-23.57143],[-55.93267,-23.57127],[-55.93309,-23.57045],[-55.93212,-23.56905],[-55.93115,-23.56919],[-55.93087,-23.56866],[-55.93169,-23.56831],[-55.93258,-23.56846],[-55.93248,-23.56746],[-55.93119,-23.56636],[-55.93166,-23.56518],[-55.93044,-23.56511],[-55.93009,-23.56452],[-55.9305,-23.5639],[-55.93156,-23.5637],[-55.93102,-23.56309],[-55.93164,-23.56199],[-55.93137,-23.56172],[-55.92962,-23.5625],[-55.93039,-23.56183],[-55.93064,-23.56124],[-55.93041,-23.56082],[-55.93093,-23.5598],[-55.93236,-23.5581],[-55.93342,-23.55759],[-55.93358,-23.55703],[-55.93326,-23.55601],[-55.93201,-23.55435],[-55.93201,-23.55284],[-55.93107,-23.55061],[-55.93056,-23.5483],[-55.92961,-23.54775],[-55.92863,-23.54781],[-55.92718,-23.54528],[-55.92529,-23.54463],[-55.92464,-23.54379],[-55.92405,-23.54215],[-55.92134,-23.5394],[-55.91877,-23.53298],[-55.9182,-23.52968],[-55.91725,-23.52735],[-55.91689,-23.52366],[-55.91379,-23.51976],[-55.91346,-23.51851],[-55.91196,-23.51766],[-55.91147,-23.51607],[-55.91085,-23.51559],[-55.9094,-23.51541],[-55.91036,-23.51403],[-55.9104,-23.51283],[-55.90971,-23.51216],[-55.90996,-23.51137],[-55.90922,-23.51035],[-55.90942,-23.50941],[-55.90874,-23.50902],[-55.90528,-23.50472],[-55.90493,-23.50232],[-55.9043,-23.50157],[-55.90372,-23.49964],[-55.90437,-23.49851],[-55.90697,-23.49594],[-55.90842,-23.49603],[-55.91064,-23.49472],[-55.9105,-23.49404],[-55.91131,-23.49128],[-55.91226,-23.49028],[-55.91285,-23.48863],[-55.91422,-23.48631],[-55.9158,-23.48487],[-55.91645,-23.48367],[-55.91691,-23.48092],[-55.91664,-23.47803],[-55.91693,-23.47558],[-55.91662,-23.47441],[-55.91595,-23.47346],[-55.91534,-23.47105],[-55.91298,-23.46761],[-55.91273,-23.46549],[-55.91157,-23.46272],[-55.91157,-23.45998],[-55.91118,-23.45887],[-55.91177,-23.45726],[-55.91172,-23.45483],[-55.90952,-23.45278],[-55.90862,-23.45073],[-55.90709,-23.44917],[-55.90673,-23.44764],[-55.90687,-23.44576],[-55.9063,-23.44454],[-55.90613,-23.44256],[-55.9053,-23.4414],[-55.90515,-23.43983],[-55.9039,-23.43694],[-55.90388,-23.43485],[-55.90342,-23.43388],[-55.90192,-23.43253],[-55.90112,-23.43116],[-55.90073,-23.42891],[-55.89968,-23.42728],[-55.8988,-23.42391],[-55.89554,-23.41858],[-55.89547,-23.41723],[-55.89488,-23.41582],[-55.8943,-23.41276],[-55.89471,-23.41017],[-55.89456,-23.40802],[-55.89508,-23.40591],[-55.89833,-23.40149],[-55.90204,-23.39901],[-55.90196,-23.39604],[-55.9011,-23.39422],[-55.89919,-23.39218],[-55.91751,-23.39117],[-55.97203,-23.38524],[-56.03087,-23.38036],[-56.02933,-23.3845],[-56.02789,-23.3902],[-56.02851,-23.3978],[-56.02833,-23.3986],[-56.02927,-23.40226],[-56.03023,-23.40147],[-56.03218,-23.40104],[-56.03479,-23.39777],[-56.03596,-23.39492],[-56.03822,-23.39204],[-56.04333,-23.38879],[-56.04535,-23.38602],[-56.0473,-23.38439],[-56.05085,-23.38302],[-56.05223,-23.38286],[-56.05414,-23.38189],[-56.05452,-23.37901],[-56.05527,-23.37848],[-56.05506,-23.37811],[-56.05549,-23.37704],[-56.05477,-23.37618],[-56.05551,-23.37267],[-56.0556,-23.37064],[-56.0561,-23.37006],[-56.05747,-23.36968],[-56.05803,-23.36864],[-56.06028,-23.36631],[-56.06175,-23.36241],[-56.06302,-23.36042],[-56.06424,-23.35572],[-56.06521,-23.35425],[-56.06546,-23.3525],[-56.06907,-23.34751],[-56.06988,-23.3442],[-56.06944,-23.34021],[-56.06884,-23.33782],[-56.06663,-23.3328],[-56.06685,-23.33003],[-56.06661,-23.32785],[-56.06611,-23.32621],[-56.06439,-23.32289],[-56.06454,-23.32126],[-56.06705,-23.31688],[-56.067,-23.31414],[-56.0666,-23.31313],[-56.06401,-23.31467],[-56.06058,-23.31452],[-56.06032,-23.31427],[-56.0612,-23.31197],[-56.06129,-23.31068],[-56.0608,-23.30913],[-56.05781,-23.30831],[-56.05672,-23.30849],[-56.05485,-23.30818],[-56.05376,-23.30752],[-56.05389,-23.30629],[-56.05334,-23.30461],[-56.05484,-23.30363],[-56.05291,-23.30192],[-56.05287,-23.30166],[-56.0539,-23.30185],[-56.05451,-23.30159],[-56.05478,-23.30107],[-56.05382,-23.29883],[-56.05196,-23.29966],[-56.05153,-23.30035],[-56.05111,-23.3004],[-56.05047,-23.29952],[-56.04805,-23.29844],[-56.04667,-23.29743],[-56.04184,-23.29544],[-56.04155,-23.29508],[-56.04279,-23.29436],[-56.04251,-23.29362],[-56.04323,-23.29272],[-56.04298,-23.29034],[-56.04264,-23.28996],[-56.03978,-23.28948],[-56.04001,-23.28786],[-56.03981,-23.28759],[-56.03803,-23.28861],[-56.03709,-23.28959],[-56.03589,-23.28886],[-56.03298,-23.28869],[-56.03206,-23.28771],[-56.03085,-23.28715],[-56.0298,-23.28511],[-56.03112,-23.2832],[-56.03115,-23.28232],[-56.03063,-23.28189],[-56.02984,-23.28205],[-56.0292,-23.28151],[-56.02967,-23.28082],[-56.02971,-23.27981],[-56.02844,-23.28008],[-56.02755,-23.27805],[-56.0259,-23.27721],[-56.02541,-23.27729],[-56.02387,-23.27875],[-56.02377,-23.27784],[-56.02463,-23.27687],[-56.02461,-23.27648],[-56.02423,-23.27616],[-56.02396,-23.27694],[-56.02336,-23.27711],[-56.02207,-23.27652],[-56.02201,-23.2759],[-56.02285,-23.27498],[-56.02119,-23.27478],[-56.02054,-23.27353],[-56.01908,-23.27359],[-56.01729,-23.27293],[-56.01663,-23.27177],[-56.01521,-23.27062],[-56.01219,-23.2698],[-56.012,-23.27014],[-56.01248,-23.27116],[-56.0132,-23.27195],[-56.01273,-23.27279],[-56.01148,-23.27222],[-56.01057,-23.27331],[-56.00929,-23.27355],[-56.00901,-23.27334],[-56.00882,-23.27187],[-56.00844,-23.27175],[-56.00815,-23.27203],[-56.00839,-23.27323],[-56.00798,-23.27367],[-56.00764,-23.27376],[-56.00732,-23.27255],[-56.00652,-23.27232],[-56.00534,-23.27339],[-56.00437,-23.27352],[-56.00415,-23.27335],[-56.00458,-23.2722],[-56.00557,-23.27155],[-56.00554,-23.27116],[-56.00382,-23.27141],[-56.00291,-23.27164],[-56.0024,-23.27214],[-56.00207,-23.27289],[-56.00273,-23.27414],[-56.00226,-23.2744],[-56.00033,-23.27368],[-55.99951,-23.27302],[-55.99863,-23.27182],[-55.99766,-23.26947],[-55.99616,-23.26931],[-55.99508,-23.26882],[-55.98929,-23.26839],[-55.98956,-23.26723],[-55.99092,-23.26549],[-55.99137,-23.26512],[-55.99214,-23.2651],[-55.99218,-23.26482],[-55.99142,-23.26447],[-55.99034,-23.26485],[-55.99039,-23.2639],[-55.98923,-23.26292],[-55.99028,-23.26254],[-55.98979,-23.26106],[-55.98869,-23.26143],[-55.98711,-23.26065],[-55.98723,-23.26045],[-55.98876,-23.26074],[-55.9886,-23.26001],[-55.98734,-23.25955],[-55.98895,-23.25921],[-55.98912,-23.25874],[-55.98789,-23.25877],[-55.98576,-23.25656],[-55.98345,-23.25324],[-55.98276,-23.25305],[-55.98234,-23.25329],[-55.98184,-23.2545],[-55.98127,-23.25353],[-55.98128,-23.25224],[-55.98102,-23.2519],[-55.97842,-23.2515],[-55.97726,-23.25201],[-55.97697,-23.25328],[-55.97598,-23.25355],[-55.97529,-23.25342],[-55.97536,-23.25295],[-55.97492,-23.25257],[-55.97401,-23.25305],[-55.97338,-23.25281],[-55.97312,-23.25245],[-55.97379,-23.25173],[-55.97378,-23.2512],[-55.97322,-23.25062],[-55.97193,-23.25252],[-55.97136,-23.25283],[-55.97015,-23.25254],[-55.96988,-23.25204],[-55.97,-23.2515],[-55.97171,-23.24987],[-55.97121,-23.24936],[-55.97089,-23.24813],[-55.97159,-23.24692],[-55.96944,-23.24586],[-55.97055,-23.24522],[-55.97044,-23.24469],[-55.96864,-23.24489],[-55.96574,-23.24397],[-55.9653,-23.24326],[-55.96527,-23.2425],[-55.9658,-23.24185],[-55.96534,-23.24104],[-55.96504,-23.24119],[-55.96495,-23.24208],[-55.96191,-23.24397],[-55.96068,-23.24375],[-55.96021,-23.24448],[-55.95894,-23.24344],[-55.95812,-23.24323],[-55.95823,-23.24396],[-55.95788,-23.24485],[-55.9584,-23.24543],[-55.9582,-23.2459],[-55.9575,-23.24547],[-55.95663,-23.2457],[-55.95564,-23.24551],[-55.95603,-23.24452],[-55.95589,-23.24411],[-55.95511,-23.24379],[-55.95401,-23.24419],[-55.95381,-23.24244],[-55.95459,-23.24254],[-55.95547,-23.2432],[-55.95565,-23.24172],[-55.95462,-23.24138],[-55.95466,-23.24108],[-55.95586,-23.24076],[-55.95661,-23.23936],[-55.95583,-23.23852],[-55.95548,-23.23756],[-55.95348,-23.23699],[-55.95314,-23.23738],[-55.95083,-23.23804],[-55.95068,-23.23936],[-55.94886,-23.23978],[-55.94839,-23.24017],[-55.94821,-23.24059],[-55.94846,-23.24201],[-55.94773,-23.24307],[-55.94764,-23.2441],[-55.9464,-23.24433],[-55.9447,-23.24318],[-55.94415,-23.24362],[-55.94415,-23.24407],[-55.94511,-23.24492],[-55.94498,-23.24553],[-55.94376,-23.24489],[-55.94208,-23.24467],[-55.94181,-23.24564],[-55.94296,-23.24613],[-55.9436,-23.24688],[-55.9436,-23.24735],[-55.94323,-23.24755],[-55.93768,-23.24569],[-55.93738,-23.24528],[-55.93745,-23.24309],[-55.93709,-23.24298],[-55.93582,-23.24359],[-55.93547,-23.24411],[-55.93544,-23.24564],[-55.9349,-23.24679],[-55.93558,-23.24763],[-55.9353,-23.24811],[-55.93446,-23.24865],[-55.93238,-23.24897],[-55.93372,-23.2482],[-55.93391,-23.2474],[-55.93181,-23.24703],[-55.93131,-23.24632],[-55.92891,-23.24445],[-55.92839,-23.24337],[-55.92946,-23.24339],[-55.92971,-23.24299],[-55.92638,-23.24205],[-55.92615,-23.24065],[-55.92428,-23.24013],[-55.9232,-23.23944],[-55.92248,-23.23844],[-55.92143,-23.23845],[-55.92091,-23.23767],[-55.92014,-23.23762],[-55.91959,-23.23876],[-55.91888,-23.23868],[-55.91828,-23.23593],[-55.91602,-23.23402],[-55.91516,-23.2328],[-55.91279,-23.23412],[-55.91193,-23.23574],[-55.91154,-23.23587],[-55.91118,-23.23559],[-55.91127,-23.23456],[-55.91209,-23.23302],[-55.91109,-23.23199],[-55.90814,-23.23003],[-55.90833,-23.22919],[-55.90535,-23.22835],[-55.9034,-23.22477],[-55.90216,-23.22378],[-55.89845,-23.22304],[-55.89616,-23.22163],[-55.89631,-23.22097],[-55.89593,-23.22004],[-55.89689,-23.21883],[-55.89688,-23.21794],[-55.89493,-23.21707],[-55.8919,-23.2169],[-55.89198,-23.21539],[-55.89151,-23.21512],[-55.8899,-23.21558],[-55.88758,-23.21757],[-55.88685,-23.21753],[-55.88713,-23.21563],[-55.88607,-23.21492],[-55.88565,-23.21404],[-55.88864,-23.21335],[-55.88933,-23.21373],[-55.89014,-23.21353],[-55.8904,-23.21312],[-55.88975,-23.21142],[-55.88978,-23.21049],[-55.89031,-23.20952],[-55.89167,-23.20875],[-55.89198,-23.20793],[-55.89176,-23.20759],[-55.8892,-23.20735],[-55.88784,-23.20568],[-55.88811,-23.20505],[-55.88769,-23.20452],[-55.88624,-23.20379],[-55.88642,-23.202],[-55.88582,-23.20108],[-55.88504,-23.20077],[-55.88328,-23.20106],[-55.88274,-23.20018],[-55.88063,-23.19886],[-55.8792,-23.19926],[-55.87967,-23.19811],[-55.88176,-23.19635],[-55.88108,-23.19567],[-55.87888,-23.19622],[-55.87881,-23.19517],[-55.87741,-23.19354],[-55.87734,-23.19263],[-55.87811,-23.19174],[-55.87693,-23.19059],[-55.87763,-23.18935],[-55.87738,-23.18806],[-55.87651,-23.18798],[-55.87513,-23.18912],[-55.87356,-23.18844],[-55.87174,-23.18878],[-55.87146,-23.18861],[-55.87167,-23.18729],[-55.87148,-23.1869],[-55.8699,-23.18661],[-55.87002,-23.18498],[-55.86978,-23.18467],[-55.86719,-23.18353],[-55.86735,-23.18323],[-55.86871,-23.18287],[-55.86864,-23.18141],[-55.86842,-23.18117],[-55.86729,-23.18124],[-55.86703,-23.18079],[-55.86734,-23.17987],[-55.86831,-23.17947],[-55.86848,-23.17794],[-55.86804,-23.17762],[-55.86629,-23.17776],[-55.86282,-23.17714],[-55.86247,-23.17637],[-55.86324,-23.17578],[-55.8633,-23.1753],[-55.86198,-23.17387],[-55.86007,-23.17399],[-55.85989,-23.17367],[-55.86027,-23.1719],[-55.85984,-23.17005],[-55.86015,-23.16854],[-55.86076,-23.16847],[-55.86125,-23.16993],[-55.86308,-23.17045],[-55.86416,-23.16909],[-55.86395,-23.16833],[-55.86229,-23.16831],[-55.86169,-23.16756],[-55.86013,-23.1666],[-55.85946,-23.16665],[-55.85812,-23.16795],[-55.85462,-23.16688],[-55.85236,-23.16515],[-55.85148,-23.16389],[-55.85117,-23.16232],[-55.84977,-23.16142],[-55.85005,-23.16088],[-55.85154,-23.16108],[-55.8519,-23.1602],[-55.85156,-23.15936],[-55.84715,-23.1608],[-55.84532,-23.16077],[-55.84445,-23.16032],[-55.84451,-23.15881],[-55.84313,-23.15631],[-55.84012,-23.15465],[-55.83975,-23.15476],[-55.83926,-23.15567],[-55.83897,-23.15559],[-55.8384,-23.15321],[-55.83609,-23.15332],[-55.83366,-23.15294],[-55.83212,-23.1533],[-55.83145,-23.15112],[-55.82896,-23.15027],[-55.82688,-23.14838],[-55.82753,-23.14709],[-55.82735,-23.1467],[-55.82631,-23.1465],[-55.82532,-23.14734],[-55.82459,-23.14732],[-55.82484,-23.14456],[-55.82458,-23.14324],[-55.82539,-23.14301],[-55.82636,-23.14338],[-55.82652,-23.14251],[-55.82553,-23.14103],[-55.82378,-23.14092],[-55.82221,-23.13977],[-55.82211,-23.13928],[-55.82305,-23.13822],[-55.82441,-23.13734],[-55.82357,-23.13668],[-55.82372,-23.13546],[-55.82323,-23.13359],[-55.82353,-23.13324],[-55.82412,-23.13327],[-55.82521,-23.13272],[-55.82587,-23.13184],[-55.82377,-23.13186],[-55.82193,-23.13244],[-55.8196,-23.13173],[-55.81944,-23.13138],[-55.82031,-23.13027],[-55.82215,-23.13042],[-55.82379,-23.12981],[-55.82348,-23.12861],[-55.82401,-23.12804],[-55.82378,-23.12663],[-55.82477,-23.12522],[-55.82469,-23.124],[-55.82339,-23.12383],[-55.82132,-23.12447],[-55.82128,-23.12323],[-55.822,-23.12273],[-55.82087,-23.12158],[-55.81941,-23.12297],[-55.81777,-23.12324],[-55.81762,-23.12298],[-55.81835,-23.12168],[-55.81789,-23.11974],[-55.81723,-23.11877],[-55.81721,-23.11777],[-55.81758,-23.11626],[-55.8201,-23.11566],[-55.81895,-23.11498],[-55.81936,-23.11387],[-55.81914,-23.11251],[-55.81945,-23.11069],[-55.81873,-23.10934],[-55.8201,-23.10869],[-55.82022,-23.10823],[-55.81948,-23.10675],[-55.81907,-23.10651],[-55.81741,-23.10756],[-55.81752,-23.10885],[-55.81655,-23.1106],[-55.81409,-23.11113],[-55.81305,-23.11088],[-55.81345,-23.10923],[-55.81239,-23.10764],[-55.81169,-23.1058],[-55.81244,-23.10546],[-55.81295,-23.10624],[-55.81356,-23.10635],[-55.81421,-23.10523],[-55.81513,-23.10483],[-55.81542,-23.10262],[-55.815,-23.10214],[-55.81368,-23.10347],[-55.81325,-23.10343],[-55.81304,-23.10302],[-55.81298,-23.09971],[-55.81351,-23.09912],[-55.81346,-23.09838],[-55.81225,-23.09789],[-55.81186,-23.09804],[-55.81042,-23.10126],[-55.8101,-23.10136],[-55.80936,-23.09859],[-55.8083,-23.09683],[-55.80713,-23.09654],[-55.8068,-23.09741],[-55.80634,-23.09784],[-55.80575,-23.09789],[-55.80556,-23.0964],[-55.80386,-23.09343],[-55.80477,-23.09276],[-55.8048,-23.09244],[-55.80229,-23.09176],[-55.80137,-23.09191],[-55.80112,-23.09289],[-55.80049,-23.09298],[-55.79963,-23.09226],[-55.79966,-23.0918],[-55.80057,-23.09135],[-55.80072,-23.09077],[-55.79968,-23.08872],[-55.79958,-23.08793],[-55.797,-23.08833],[-55.79634,-23.08804],[-55.7961,-23.08756],[-55.79643,-23.08628],[-55.79743,-23.08481],[-55.79746,-23.08413],[-55.79621,-23.08292],[-55.79446,-23.08237],[-55.7944,-23.08203],[-55.79542,-23.08162],[-55.79526,-23.08111],[-55.79309,-23.08103],[-55.79316,-23.08011],[-55.79437,-23.07885],[-55.79439,-23.07848],[-55.79362,-23.07801],[-55.79228,-23.07924],[-55.78888,-23.08084],[-55.78811,-23.07837],[-55.78872,-23.07755],[-55.78739,-23.07665],[-55.78737,-23.07455],[-55.78542,-23.07445],[-55.78462,-23.07383],[-55.78344,-23.07438],[-55.78218,-23.07229],[-55.78097,-23.07272],[-55.78107,-23.07103],[-55.78053,-23.06953],[-55.77829,-23.06881],[-55.77746,-23.06756],[-55.77531,-23.06759],[-55.77549,-23.06934],[-55.77367,-23.06963],[-55.77317,-23.07019],[-55.77253,-23.07021],[-55.77077,-23.0682],[-55.77076,-23.06767],[-55.77169,-23.06609],[-55.77123,-23.06568],[-55.76855,-23.06587],[-55.76802,-23.06541],[-55.76781,-23.06395],[-55.76821,-23.06305],[-55.76821,-23.06199],[-55.76566,-23.06146],[-55.76458,-23.06068],[-55.76339,-23.06072],[-55.76256,-23.06009],[-55.76259,-23.05928],[-55.76389,-23.05962],[-55.76501,-23.05929],[-55.76495,-23.05878],[-55.7635,-23.05824],[-55.76091,-23.05804],[-55.76014,-23.05828],[-55.75954,-23.05794],[-55.75956,-23.05713],[-55.7611,-23.05698],[-55.76152,-23.05637],[-55.76038,-23.05619],[-55.75985,-23.05372],[-55.75867,-23.05388],[-55.75769,-23.05331],[-55.75948,-23.05295],[-55.75912,-23.05196],[-55.75949,-23.05063],[-55.75826,-23.0502],[-55.75777,-23.04962],[-55.75583,-23.04929],[-55.75472,-23.04864],[-55.75349,-23.04935],[-55.75365,-23.04784],[-55.75277,-23.04742],[-55.7528,-23.04652],[-55.75073,-23.04559],[-55.74911,-23.04571],[-55.74888,-23.04527],[-55.74773,-23.04482],[-55.74676,-23.04388],[-55.7447,-23.04396],[-55.74395,-23.04295],[-55.74234,-23.04276],[-55.74148,-23.04181],[-55.73982,-23.04209],[-55.73907,-23.04099],[-55.73711,-23.04136],[-55.73653,-23.0409],[-55.73485,-23.04098],[-55.73267,-23.04015],[-55.73084,-23.04025],[-55.72967,-23.03946],[-55.72704,-23.04023],[-55.72639,-23.03989],[-55.72602,-23.03881],[-55.72565,-23.03861],[-55.7248,-23.03891],[-55.72409,-23.03864],[-55.72341,-23.03912],[-55.7222,-23.0392],[-55.71917,-23.03877],[-55.71781,-23.03739],[-55.7173,-23.03521],[-55.71703,-23.03511],[-55.71281,-23.03607],[-55.71166,-23.03428],[-55.71196,-23.03362],[-55.71026,-23.03165],[-55.70836,-23.03024],[-55.70673,-23.02951],[-55.70576,-23.0279],[-55.70429,-23.02798],[-55.70288,-23.02712],[-55.70256,-23.02454],[-55.70074,-23.02229],[-55.70009,-23.01925],[-55.69957,-23.01856],[-55.69449,-23.01543],[-55.692,-23.01491],[-55.69018,-23.01405],[-55.68797,-23.01096],[-55.68439,-23.01026],[-55.68305,-23.00845],[-55.6805,-23.00681],[-55.67756,-23.00669],[-55.67565,-23.00597],[-55.67379,-23.00592],[-55.67311,-23.00558],[-55.6726,-23.00449],[-55.67116,-23.00343],[-55.67,-23.00355],[-55.66821,-23.00302],[-55.66591,-23.00333],[-55.66539,-23.00278],[-55.66464,-23.00286],[-55.66285,-23.00206],[-55.66212,-23.00204],[-55.66121,-23.00251],[-55.65819,-23.00555],[-55.63665,-23.01826],[-55.63942,-23.02593],[-55.63524,-23.02569],[-55.62889,-23.03255],[-55.62382,-23.03296],[-55.61918,-23.03641],[-55.61392,-23.04108],[-55.61119,-23.04768],[-55.61132,-23.05006],[-55.61463,-23.05438],[-55.61173,-23.05935],[-55.61053,-23.06966],[-55.61097,-23.07702],[-55.61703,-23.08173],[-55.6121,-23.08603],[-55.61211,-23.09051],[-55.59978,-23.10418],[-55.59583,-23.11946],[-55.59826,-23.12136],[-55.59622,-23.12968],[-55.59549,-23.13137],[-55.59645,-23.1425],[-55.59734,-23.14701],[-55.59681,-23.1526],[-55.59202,-23.1517],[-55.58556,-23.14908],[-55.58292,-23.14851],[-55.57348,-23.14329],[-55.56687,-23.14407],[-55.56439,-23.1466],[-55.56098,-23.14824],[-55.55821,-23.15005],[-55.55502,-23.15295],[-55.54701,-23.15633],[-55.54511,-23.15577],[-55.5419,-23.15612],[-55.54116,-23.15911],[-55.54077,-23.16269],[-55.54433,-23.16695],[-55.54084,-23.16943],[-55.53998,-23.17499],[-55.54381,-23.17748],[-55.5431,-23.18081],[-55.53882,-23.18451],[-55.53592,-23.18604],[-55.53286,-23.19037],[-55.52526,-23.1949],[-55.52329,-23.19779],[-55.52627,-23.2082],[-55.53004,-23.21167],[-55.53418,-23.21686],[-55.54032,-23.22093],[-55.54286,-23.21929],[-55.54623,-23.22014],[-55.5424,-23.2266],[-55.54049,-23.23404],[-55.53672,-23.23578],[-55.54042,-23.24413],[-55.53731,-23.25126],[-55.52973,-23.25276],[-55.52641,-23.25674],[-55.52268,-23.25972],[-55.52592,-23.26236],[-55.533,-23.26931],[-55.53742,-23.27072],[-55.54074,-23.27363],[-55.54401,-23.27409],[-55.54749,-23.27535],[-55.54939,-23.27896],[-55.55318,-23.27947],[-55.55497,-23.28291],[-55.55473,-23.28817],[-55.55204,-23.29669],[-55.54927,-23.30365],[-55.55601,-23.3163],[-55.55495,-23.3205],[-55.54625,-23.32362],[-55.53853,-23.32948],[-55.53464,-23.33331],[-55.53221,-23.34106],[-55.52765,-23.34236],[-55.52407,-23.34933],[-55.52071,-23.35224],[-55.5195,-23.36512],[-55.51076,-23.36679],[-55.5066,-23.37023],[-55.50447,-23.37498],[-55.50448,-23.37847],[-55.50954,-23.3935],[-55.51338,-23.4003],[-55.51564,-23.40954],[-55.52279,-23.41987],[-55.52424,-23.4233],[-55.52933,-23.42983],[-55.53839,-23.43892],[-55.54479,-23.44932],[-55.54058,-23.45552],[-55.54331,-23.47419],[-55.54508,-23.47721],[-55.55394,-23.47568],[-55.5622,-23.47616],[-55.55911,-23.48864],[-55.55349,-23.48815],[-55.55178,-23.4894],[-55.54972,-23.49619],[-55.54828,-23.50446],[-55.54678,-23.52256],[-55.54342,-23.52367],[-55.545,-23.52986],[-55.54491,-23.53126],[-55.54578,-23.53289],[-55.544,-23.53518],[-55.54429,-23.53896],[-55.54465,-23.53997],[-55.5453,-23.54059],[-55.54531,-23.54157],[-55.54664,-23.54239],[-55.5478,-23.54362],[-55.54835,-23.54495],[-55.54884,-23.54768],[-55.55171,-23.55096],[-55.55234,-23.55267],[-55.55402,-23.55376],[-55.55541,-23.55764],[-55.55551,-23.55985],[-55.55651,-23.56018],[-55.5574,-23.5614],[-55.55838,-23.5617],[-55.55866,-23.56307],[-55.55981,-23.56374],[-55.56003,-23.56477],[-55.56069,-23.56576],[-55.56171,-23.56619],[-55.56188,-23.56678],[-55.56136,-23.56728],[-55.56162,-23.56808],[-55.56292,-23.56888],[-55.56316,-23.57008],[-55.5655,-23.57272],[-55.56587,-23.5735],[-55.56583,-23.57437],[-55.56671,-23.57577],[-55.56733,-23.57623],[-55.56895,-23.57645],[-55.56956,-23.57739],[-55.57166,-23.57876],[-55.57166,-23.58002],[-55.57121,-23.58137],[-55.57193,-23.58321],[-55.57317,-23.58397],[-55.57327,-23.5853],[-55.57276,-23.58616],[-55.57281,-23.58671],[-55.57351,-23.58738],[-55.57373,-23.58852],[-55.57421,-23.58906],[-55.57735,-23.59105],[-55.57735,-23.59148],[-55.57656,-23.59174],[-55.57702,-23.59278],[-55.5778,-23.59322],[-55.57791,-23.59374],[-55.57791,-23.5943],[-55.57715,-23.59499],[-55.57691,-23.59568],[-55.57698,-23.59767],[-55.57756,-23.59823],[-55.57705,-23.5987],[-55.57731,-23.59961],[-55.57714,-23.60012],[-55.57762,-23.60095],[-55.57887,-23.60128],[-55.57968,-23.60305],[-55.57885,-23.60367],[-55.57892,-23.60479],[-55.57853,-23.60494],[-55.57787,-23.60605],[-55.57805,-23.60665],[-55.57876,-23.60679],[-55.57847,-23.60767],[-55.57949,-23.60783],[-55.57923,-23.60985],[-55.57843,-23.61083],[-55.57889,-23.61101],[-55.57873,-23.61136],[-55.57978,-23.61158],[-55.57935,-23.61206],[-55.57992,-23.61217],[-55.5797,-23.61269],[-55.5802,-23.61293],[-55.57968,-23.61378],[-55.58019,-23.61457],[-55.57982,-23.61507],[-55.58013,-23.61631],[-55.5806,-23.61636],[-55.58029,-23.61712],[-55.58101,-23.61764],[-55.58046,-23.61911],[-55.58222,-23.61978],[-55.58236,-23.62021],[-55.5831,-23.62016],[-55.58291,-23.62133],[-55.58397,-23.6229],[-55.58358,-23.62379],[-55.58405,-23.62542],[-55.58343,-23.62572],[-55.58396,-23.62601],[-55.58365,-23.62664],[-55.58444,-23.6278],[-55.58332,-23.62905],[-55.58547,-23.62959],[-55.58535,-23.63004],[-55.58448,-23.63019],[-55.58438,-23.63048],[-55.58632,-23.63332],[-55.58582,-23.63447],[-55.58615,-23.63537],[-55.58717,-23.63618],[-55.58673,-23.6376],[-55.58733,-23.63827],[-55.58812,-23.63841],[-55.58884,-23.63964],[-55.58967,-23.6398],[-55.59092,-23.64094],[-55.59055,-23.64237],[-55.59163,-23.64318],[-55.5929,-23.6458],[-55.59412,-23.64533],[-55.59465,-23.64568],[-55.59444,-23.64626],[-55.59464,-23.64656],[-55.59649,-23.64671],[-55.59705,-23.64737],[-55.59669,-23.64811],[-55.59739,-23.64854],[-55.59732,-23.64925],[-55.59844,-23.64937],[-55.59826,-23.65014],[-55.60008,-23.64971],[-55.60013,-23.65007],[-55.59951,-23.65085],[-55.59944,-23.65189],[-55.59967,-23.65259],[-55.60035,-23.65293],[-55.60174,-23.65271],[-55.60143,-23.65116],[-55.60224,-23.65085],[-55.60354,-23.65098],[-55.60452,-23.65146],[-55.60486,-23.65181],[-55.60483,-23.65237],[-55.60571,-23.65257],[-55.60613,-23.6535],[-55.60877,-23.65325],[-55.61014,-23.65245],[-55.60996,-23.65203],[-55.61045,-23.6515],[-55.61088,-23.65193],[-55.61088,-23.65276],[-55.61204,-23.65263],[-55.61236,-23.65385],[-55.61156,-23.65424],[-55.61157,-23.65464],[-55.61323,-23.65554],[-55.61386,-23.65555],[-55.61385,-23.65495],[-55.61419,-23.6546],[-55.6159,-23.65403],[-55.61801,-23.65527],[-55.61929,-23.65551],[-55.61949,-23.65437],[-55.61983,-23.65423],[-55.62079,-23.65606],[-55.62452,-23.65618],[-55.62604,-23.65758],[-55.6269,-23.65741],[-55.62739,-23.6566],[-55.62792,-23.65637],[-55.62947,-23.65708],[-55.63033,-23.65692],[-55.63212,-23.65862],[-55.63241,-23.65978],[-55.6331,-23.66066],[-55.63438,-23.66103],[-55.63741,-23.66345],[-55.64107,-23.66811],[-55.64274,-23.6694],[-55.64313,-23.66938],[-55.64313,-23.66876],[-55.64337,-23.66873],[-55.64449,-23.66945],[-55.64531,-23.67066],[-55.64609,-23.67098],[-55.64575,-23.66997],[-55.64656,-23.67029],[-55.64722,-23.66982],[-55.64869,-23.66986],[-55.6493,-23.66901],[-55.65156,-23.66965],[-55.65284,-23.66954],[-55.6535,-23.67005],[-55.65276,-23.67036],[-55.65283,-23.67069],[-55.65349,-23.67105],[-55.65452,-23.67065],[-55.65463,-23.67172],[-55.65607,-23.67341],[-55.65694,-23.67374],[-55.65814,-23.6736],[-55.65884,-23.67266],[-55.65953,-23.67256],[-55.65925,-23.67338],[-55.65964,-23.67399],[-55.65955,-23.67457],[-55.66049,-23.67523],[-55.66066,-23.67624],[-55.66118,-23.67703],[-55.66182,-23.67675],[-55.66317,-23.675],[-55.66528,-23.67435],[-55.66585,-23.67385],[-55.66691,-23.67383],[-55.66826,-23.6724],[-55.66919,-23.67337],[-55.67111,-23.6735],[-55.67175,-23.67302],[-55.67264,-23.67154],[-55.67341,-23.67204],[-55.67331,-23.67301],[-55.67368,-23.67337],[-55.67454,-23.6735],[-55.67549,-23.67316],[-55.67615,-23.672],[-55.67678,-23.67231],[-55.67727,-23.6732],[-55.67916,-23.67154],[-55.68013,-23.67243],[-55.68082,-23.67212],[-55.68112,-23.67095],[-55.68181,-23.67041],[-55.68335,-23.67052],[-55.68415,-23.67027],[-55.68467,-23.67053],[-55.68565,-23.66991],[-55.68658,-23.67013],[-55.68947,-23.66648],[-55.68994,-23.66669],[-55.68994,-23.66763],[-55.69108,-23.66721],[-55.69205,-23.66613],[-55.69296,-23.66647],[-55.69391,-23.66752],[-55.69495,-23.66772],[-55.69446,-23.66714],[-55.69574,-23.66645],[-55.69651,-23.66537],[-55.69886,-23.66555],[-55.69866,-23.66457],[-55.69792,-23.66405],[-55.69793,-23.66373],[-55.69829,-23.66326],[-55.69938,-23.66311],[-55.70083,-23.66161],[-55.70138,-23.66175],[-55.70226,-23.66276],[-55.70286,-23.66284],[-55.70378,-23.66249],[-55.70456,-23.66168],[-55.70574,-23.6621],[-55.70624,-23.66119],[-55.70734,-23.66065],[-55.70786,-23.66117],[-55.70787,-23.66281],[-55.70904,-23.66297],[-55.71104,-23.66219],[-55.71462,-23.66367],[-55.71656,-23.66322],[-55.71801,-23.66445],[-55.71892,-23.6661],[-55.72078,-23.66616],[-55.72184,-23.66671],[-55.72283,-23.66827],[-55.7238,-23.66901],[-55.72419,-23.67047],[-55.72678,-23.67492],[-55.72729,-23.67639],[-55.72859,-23.67738],[-55.72924,-23.67923],[-55.73045,-23.67876],[-55.73249,-23.68082],[-55.73398,-23.68064],[-55.73872,-23.68512],[-55.73958,-23.68523],[-55.74079,-23.68478],[-55.74103,-23.68561],[-55.74163,-23.68529],[-55.74207,-23.68571],[-55.74246,-23.68681],[-55.74401,-23.68634],[-55.74393,-23.68692],[-55.74461,-23.6872],[-55.74461,-23.68771],[-55.74563,-23.68797],[-55.74587,-23.68863],[-55.74722,-23.68904],[-55.74719,-23.69042],[-55.74818,-23.69136],[-55.7502,-23.69099],[-55.75106,-23.69145],[-55.75147,-23.69048],[-55.75217,-23.69061],[-55.75213,-23.69156],[-55.75278,-23.69125],[-55.75278,-23.69181],[-55.75322,-23.69145],[-55.75362,-23.69199],[-55.75459,-23.69225],[-55.75506,-23.6935],[-55.75998,-23.69761],[-55.76058,-23.69877],[-55.76116,-23.69855],[-55.76108,-23.69911],[-55.76156,-23.69927],[-55.76139,-23.69956],[-55.76171,-23.70004],[-55.76082,-23.7008],[-55.7603,-23.70075],[-55.75993,-23.70145],[-55.76041,-23.70179],[-55.76,-23.70217],[-55.76051,-23.70251],[-55.7599,-23.70291],[-55.75951,-23.70409],[-55.75953,-23.70634],[-55.76001,-23.70732],[-55.76063,-23.70748],[-55.76087,-23.70808],[-55.76075,-23.70995],[-55.76147,-23.71024],[-55.7624,-23.71128],[-55.76261,-23.71249],[-55.76312,-23.71308],[-55.76318,-23.71402],[-55.764,-23.7145],[-55.76405,-23.71515],[-55.76506,-23.71613],[-55.76487,-23.71713],[-55.76525,-23.71889],[-55.76455,-23.7208],[-55.76453,-23.72449],[-55.76554,-23.72686],[-55.76545,-23.72746],[-55.76587,-23.72758],[-55.76654,-23.72872],[-55.76705,-23.72878],[-55.76748,-23.72931],[-55.76726,-23.72986],[-55.76802,-23.73023],[-55.76805,-23.73072],[-55.76759,-23.73105],[-55.76772,-23.73168],[-55.76691,-23.73241],[-55.76715,-23.73286],[-55.76856,-23.73364],[-55.76993,-23.73612],[-55.77206,-23.73741],[-55.77691,-23.7395],[-55.77942,-23.74163],[-55.77982,-23.74151],[-55.78053,-23.74042],[-55.78088,-23.74084],[-55.78239,-23.74064],[-55.7829,-23.74109],[-55.78376,-23.7411],[-55.78344,-23.74248],[-55.78417,-23.74399],[-55.7848,-23.7444],[-55.78564,-23.74439],[-55.78689,-23.74562],[-55.78885,-23.74667],[-55.78974,-23.74686],[-55.79019,-23.74625],[-55.79104,-23.74604],[-55.7916,-23.74612],[-55.79209,-23.74668],[-55.79269,-23.74646],[-55.79306,-23.7471],[-55.79269,-23.74746],[-55.79351,-23.74748],[-55.79389,-23.74796],[-55.79472,-23.74794],[-55.79486,-23.74846],[-55.79569,-23.74843],[-55.79632,-23.75036],[-55.79745,-23.75065],[-55.79793,-23.75154],[-55.79874,-23.75152],[-55.79946,-23.75095],[-55.80002,-23.75137],[-55.80069,-23.75243],[-55.80107,-23.75382],[-55.80097,-23.75562],[-55.80514,-23.75901],[-55.80892,-23.75935],[-55.80939,-23.75922],[-55.80956,-23.75878],[-55.81013,-23.759],[-55.81059,-23.75866],[-55.81114,-23.75906],[-55.8119,-23.75785],[-55.8126,-23.75855],[-55.81289,-23.75782],[-55.81343,-23.75794],[-55.81366,-23.75764],[-55.81511,-23.75739],[-55.81531,-23.75689],[-55.8162,-23.75662],[-55.81628,-23.75686],[-55.81678,-23.7568],[-55.81701,-23.75734],[-55.81981,-23.75704],[-55.82059,-23.7576]]]}},{"type":"Feature","properties":{"nome":"Bella Vista","pais":"PY","unidade":"Distrito","dep":"Amambay","pop":12027,"pop_urb":7354,"pop_rur":4673,"area_km2":3691.0,"area_oficial":false,"destaque":false},"geometry":{"type":"Polygon","coordinates":[[[-56.67395,-22.83055],[-56.67215,-22.82969],[-56.66632,-22.82829],[-56.66651,-22.82606],[-56.66615,-22.82445],[-56.66744,-22.82272],[-56.6675,-22.82172],[-56.66886,-22.8203],[-56.66859,-22.81975],[-56.66442,-22.81601],[-56.66003,-22.8169],[-56.65659,-22.81623],[-56.65423,-22.8163],[-56.65346,-22.81591],[-56.65234,-22.81432],[-56.65273,-22.81248],[-56.65216,-22.80974],[-56.65094,-22.8084],[-56.65179,-22.80643],[-56.65003,-22.80547],[-56.64907,-22.80236],[-56.64958,-22.80087],[-56.65542,-22.79591],[-56.65727,-22.79496],[-56.66093,-22.79418],[-56.66142,-22.79371],[-56.66264,-22.79088],[-56.66292,-22.78909],[-56.66183,-22.78492],[-56.66238,-22.77984],[-56.66154,-22.77678],[-56.66252,-22.77447],[-56.66227,-22.77202],[-56.66462,-22.77142],[-56.66525,-22.76978],[-56.66714,-22.76851],[-56.66734,-22.76784],[-56.66656,-22.76669],[-56.66679,-22.76649],[-56.66913,-22.76689],[-56.66975,-22.76646],[-56.66897,-22.76452],[-56.66788,-22.76421],[-56.66836,-22.76344],[-56.667,-22.76189],[-56.66796,-22.76084],[-56.66795,-22.75963],[-56.66861,-22.75842],[-56.66849,-22.75688],[-56.66813,-22.75653],[-56.66754,-22.7568],[-56.66736,-22.75776],[-56.66696,-22.75816],[-56.66615,-22.75816],[-56.66522,-22.75751],[-56.66527,-22.75687],[-56.66564,-22.75653],[-56.66937,-22.75526],[-56.66828,-22.74991],[-56.6678,-22.74917],[-56.66615,-22.74795],[-56.66435,-22.74731],[-56.66377,-22.74672],[-56.66643,-22.74366],[-56.66695,-22.7424],[-56.66775,-22.73618],[-56.66705,-22.73336],[-56.66856,-22.72903],[-56.66834,-22.72728],[-56.66935,-22.7256],[-56.66909,-22.72493],[-56.66782,-22.72474],[-56.66711,-22.72356],[-56.66553,-22.72289],[-56.66712,-22.72261],[-56.67005,-22.72438],[-56.67141,-22.72418],[-56.67342,-22.72555],[-56.67612,-22.72284],[-56.67657,-22.72151],[-56.67617,-22.71883],[-56.67386,-22.71622],[-56.67236,-22.71288],[-56.67254,-22.71117],[-56.67358,-22.71018],[-56.67895,-22.70985],[-56.68221,-22.71223],[-56.68376,-22.71282],[-56.69,-22.71311],[-56.69151,-22.71252],[-56.69471,-22.70946],[-56.69601,-22.70926],[-56.6963,-22.70846],[-56.6956,-22.70624],[-56.69553,-22.70347],[-56.69728,-22.70186],[-56.69782,-22.7006],[-56.69908,-22.70071],[-56.69871,-22.70008],[-56.69899,-22.69953],[-56.70076,-22.69859],[-56.70192,-22.69704],[-56.70116,-22.69591],[-56.69994,-22.69523],[-56.69639,-22.6953],[-56.69546,-22.6959],[-56.69491,-22.69576],[-56.69492,-22.6952],[-56.69586,-22.69451],[-56.69565,-22.69399],[-56.69474,-22.69389],[-56.6952,-22.69352],[-56.69579,-22.69206],[-56.69582,-22.69104],[-56.6944,-22.69039],[-56.69467,-22.68875],[-56.6937,-22.68885],[-56.69295,-22.69017],[-56.69248,-22.68975],[-56.69383,-22.68462],[-56.69443,-22.68371],[-56.69417,-22.68222],[-56.69872,-22.68056],[-56.69938,-22.67895],[-56.70051,-22.678],[-56.70111,-22.67829],[-56.7041,-22.67697],[-56.70398,-22.67646],[-56.70298,-22.67664],[-56.70263,-22.67639],[-56.70398,-22.67493],[-56.70381,-22.67337],[-56.70414,-22.67238],[-56.70363,-22.67101],[-56.70847,-22.66798],[-56.70875,-22.66723],[-56.7085,-22.66536],[-56.70935,-22.66408],[-56.71038,-22.66387],[-56.71226,-22.66502],[-56.71324,-22.6649],[-56.71347,-22.66417],[-56.71304,-22.66293],[-56.71352,-22.66162],[-56.71407,-22.66092],[-56.71534,-22.66048],[-56.71537,-22.65862],[-56.71632,-22.65702],[-56.71754,-22.65661],[-56.71948,-22.6569],[-56.71975,-22.65629],[-56.7196,-22.65523],[-56.72232,-22.65416],[-56.72304,-22.65335],[-56.72362,-22.65094],[-56.72439,-22.65088],[-56.72498,-22.65185],[-56.72572,-22.65226],[-56.72629,-22.65216],[-56.72672,-22.65165],[-56.7267,-22.65087],[-56.72586,-22.65],[-56.72331,-22.64938],[-56.72269,-22.64881],[-56.72213,-22.64698],[-56.7217,-22.64084],[-56.72084,-22.63988],[-56.7182,-22.63833],[-56.71884,-22.63706],[-56.71973,-22.63662],[-56.71875,-22.63445],[-56.71935,-22.6345],[-56.72012,-22.63398],[-56.72009,-22.63347],[-56.71938,-22.63327],[-56.71924,-22.63261],[-56.71961,-22.63194],[-56.72031,-22.63152],[-56.72059,-22.62997],[-56.72021,-22.62907],[-56.72123,-22.6277],[-56.72015,-22.62644],[-56.72,-22.62585],[-56.72026,-22.62544],[-56.72106,-22.62551],[-56.72118,-22.62504],[-56.72049,-22.62404],[-56.71974,-22.62357],[-56.7156,-22.62264],[-56.71534,-22.62207],[-56.71558,-22.62134],[-56.71775,-22.6193],[-56.71928,-22.61676],[-56.71984,-22.61523],[-56.71824,-22.60935],[-56.7192,-22.60723],[-56.7201,-22.60402],[-56.71997,-22.60234],[-56.72117,-22.6003],[-56.72316,-22.59898],[-56.72267,-22.59797],[-56.72281,-22.59759],[-56.72429,-22.59685],[-56.72684,-22.59334],[-56.72701,-22.59243],[-56.72762,-22.59226],[-56.72677,-22.59031],[-56.72773,-22.58965],[-56.7276,-22.58807],[-56.72602,-22.58514],[-56.72567,-22.58321],[-56.7265,-22.58215],[-56.72636,-22.57956],[-56.72719,-22.57834],[-56.7264,-22.57795],[-56.72627,-22.57692],[-56.72685,-22.57656],[-56.72796,-22.57484],[-56.72936,-22.57366],[-56.72879,-22.5709],[-56.73051,-22.56881],[-56.73034,-22.56816],[-56.7292,-22.56702],[-56.72938,-22.56597],[-56.72867,-22.56368],[-56.7286,-22.56108],[-56.73081,-22.55858],[-56.73321,-22.55757],[-56.73537,-22.55707],[-56.73578,-22.55667],[-56.73681,-22.55421],[-56.73675,-22.55191],[-56.73776,-22.5497],[-56.73707,-22.54667],[-56.73751,-22.54594],[-56.73827,-22.54551],[-56.73869,-22.54381],[-56.73843,-22.54314],[-56.7352,-22.53945],[-56.73482,-22.53841],[-56.73504,-22.53678],[-56.73333,-22.53473],[-56.73255,-22.5326],[-56.73273,-22.53046],[-56.73399,-22.52975],[-56.73453,-22.52908],[-56.73394,-22.52618],[-56.73501,-22.52472],[-56.73312,-22.52369],[-56.73104,-22.52168],[-56.73068,-22.52041],[-56.73142,-22.51865],[-56.72867,-22.51544],[-56.72771,-22.51332],[-56.72654,-22.51271],[-56.72439,-22.51243],[-56.72486,-22.51193],[-56.72329,-22.51083],[-56.72263,-22.50943],[-56.72265,-22.50734],[-56.7222,-22.50685],[-56.72364,-22.5031],[-56.72353,-22.50219],[-56.72256,-22.50106],[-56.7233,-22.49932],[-56.72285,-22.49904],[-56.72223,-22.49914],[-56.72138,-22.49841],[-56.72146,-22.49723],[-56.71974,-22.49598],[-56.72036,-22.49391],[-56.7191,-22.49257],[-56.71877,-22.4917],[-56.71921,-22.49118],[-56.71981,-22.48906],[-56.72039,-22.48901],[-56.72037,-22.48849],[-56.71748,-22.48616],[-56.71675,-22.48301],[-56.71705,-22.48072],[-56.71592,-22.47945],[-56.71545,-22.47787],[-56.71805,-22.47743],[-56.71844,-22.47696],[-56.71735,-22.47599],[-56.71723,-22.47469],[-56.71635,-22.47457],[-56.71683,-22.47396],[-56.7161,-22.47309],[-56.71648,-22.47082],[-56.7151,-22.46944],[-56.71601,-22.46675],[-56.71597,-22.46611],[-56.71746,-22.4648],[-56.71787,-22.46324],[-56.71788,-22.4622],[-56.71704,-22.46257],[-56.71681,-22.46208],[-56.71752,-22.46023],[-56.71682,-22.45866],[-56.71423,-22.45684],[-56.71259,-22.4563],[-56.71259,-22.45545],[-56.71107,-22.45461],[-56.71073,-22.45394],[-56.71086,-22.45165],[-56.71014,-22.45021],[-56.70878,-22.4498],[-56.70584,-22.45012],[-56.70516,-22.44988],[-56.70351,-22.44773],[-56.70327,-22.44559],[-56.70272,-22.44483],[-56.70184,-22.44439],[-56.70151,-22.4436],[-56.70027,-22.44284],[-56.69886,-22.44041],[-56.69363,-22.43854],[-56.68837,-22.43737],[-56.68832,-22.43664],[-56.68624,-22.43457],[-56.68241,-22.43254],[-56.68129,-22.43319],[-56.68117,-22.43429],[-56.68013,-22.43445],[-56.67876,-22.43329],[-56.67816,-22.43153],[-56.67709,-22.43132],[-56.67323,-22.42953],[-56.67164,-22.43014],[-56.66808,-22.4304],[-56.66696,-22.42852],[-56.66553,-22.42743],[-56.6611,-22.42636],[-56.65928,-22.42383],[-56.65192,-22.42392],[-56.65071,-22.42303],[-56.64866,-22.42215],[-56.64833,-22.4215],[-56.64839,-22.41986],[-56.64915,-22.41898],[-56.64935,-22.41823],[-56.64825,-22.41647],[-56.64868,-22.41409],[-56.6474,-22.41172],[-56.64759,-22.41036],[-56.64725,-22.40931],[-56.64601,-22.4076],[-56.64639,-22.40603],[-56.64599,-22.40405],[-56.64684,-22.40178],[-56.64626,-22.40091],[-56.64618,-22.39988],[-56.64657,-22.39898],[-56.64611,-22.39758],[-56.6461,-22.39569],[-56.64676,-22.39339],[-56.64586,-22.39273],[-56.64616,-22.39167],[-56.64515,-22.3902],[-56.6459,-22.38903],[-56.646,-22.38737],[-56.64543,-22.38636],[-56.64435,-22.38579],[-56.64489,-22.38452],[-56.64417,-22.38397],[-56.64365,-22.38277],[-56.64273,-22.38238],[-56.64216,-22.3817],[-56.64009,-22.38157],[-56.63791,-22.37976],[-56.63453,-22.37924],[-56.6318,-22.37783],[-56.62397,-22.37557],[-56.62181,-22.37453],[-56.62066,-22.37345],[-56.61754,-22.37152],[-56.6123,-22.369],[-56.61031,-22.36688],[-56.60943,-22.36529],[-56.82607,-22.29593],[-56.82514,-22.29473],[-56.82321,-22.29004],[-56.81991,-22.28667],[-56.81773,-22.28788],[-56.8163,-22.2883],[-56.81165,-22.28661],[-56.81066,-22.2865],[-56.80911,-22.28689],[-56.80825,-22.28522],[-56.80746,-22.28441],[-56.80668,-22.28421],[-56.80513,-22.28446],[-56.80378,-22.28412],[-56.80283,-22.2835],[-56.80162,-22.28164],[-56.80166,-22.28085],[-56.8037,-22.27965],[-56.80382,-22.27775],[-56.80469,-22.27626],[-56.80487,-22.27534],[-56.80764,-22.27231],[-56.80814,-22.27121],[-56.80756,-22.26942],[-56.80373,-22.26675],[-56.80384,-22.2655],[-56.80542,-22.26242],[-56.80603,-22.26046],[-56.80585,-22.25737],[-56.80456,-22.25502],[-56.80453,-22.25272],[-56.80181,-22.24872],[-56.79731,-22.24475],[-56.7933,-22.24241],[-56.7914,-22.24195],[-56.78893,-22.24199],[-56.78593,-22.24119],[-56.7857,-22.24205],[-56.78691,-22.24368],[-56.79019,-22.24499],[-56.78967,-22.24608],[-56.78836,-22.24753],[-56.78833,-22.24795],[-56.78892,-22.24866],[-56.78877,-22.2491],[-56.78763,-22.24982],[-56.78559,-22.24836],[-56.78309,-22.2475],[-56.78256,-22.24775],[-56.78451,-22.24891],[-56.7854,-22.251],[-56.78721,-22.25155],[-56.78828,-22.25274],[-56.7884,-22.25359],[-56.7864,-22.25465],[-56.78646,-22.25616],[-56.78485,-22.25737],[-56.77892,-22.2573],[-56.77782,-22.2583],[-56.77736,-22.26035],[-56.7767,-22.26051],[-56.77385,-22.25928],[-56.77252,-22.25837],[-56.77223,-22.25764],[-56.77283,-22.25662],[-56.7721,-22.25487],[-56.7716,-22.2544],[-56.77068,-22.2541],[-56.76993,-22.25533],[-56.76921,-22.25546],[-56.76838,-22.25466],[-56.76825,-22.25318],[-56.76679,-22.2526],[-56.76603,-22.25144],[-56.76497,-22.25095],[-56.76356,-22.25207],[-56.76271,-22.25151],[-56.76238,-22.24923],[-56.76354,-22.24768],[-56.76424,-22.24558],[-56.76567,-22.24517],[-56.76756,-22.24605],[-56.76783,-22.24525],[-56.76729,-22.24451],[-56.76254,-22.24237],[-56.75775,-22.24209],[-56.75736,-22.24224],[-56.75445,-22.24666],[-56.75402,-22.24679],[-56.75325,-22.24625],[-56.75263,-22.24672],[-56.75185,-22.24671],[-56.7512,-22.24607],[-56.75105,-22.24497],[-56.75229,-22.2434],[-56.75251,-22.24188],[-56.75217,-22.24023],[-56.75131,-22.23891],[-56.74943,-22.23711],[-56.74853,-22.23637],[-56.74705,-22.2358],[-56.74662,-22.23619],[-56.74575,-22.23911],[-56.74419,-22.24116],[-56.74111,-22.24143],[-56.73946,-22.24428],[-56.73891,-22.24464],[-56.73766,-22.24456],[-56.73617,-22.24352],[-56.73599,-22.24417],[-56.73644,-22.24525],[-56.73623,-22.24566],[-56.7321,-22.24642],[-56.73099,-22.2472],[-56.73094,-22.24811],[-56.73325,-22.25096],[-56.73653,-22.25301],[-56.73652,-22.25405],[-56.73579,-22.25492],[-56.73449,-22.25513],[-56.73406,-22.25684],[-56.73169,-22.25758],[-56.73075,-22.25846],[-56.72911,-22.25921],[-56.72717,-22.25974],[-56.72152,-22.26449],[-56.72048,-22.26489],[-56.71972,-22.26401],[-56.71954,-22.26319],[-56.72036,-22.2609],[-56.72056,-22.25693],[-56.71872,-22.25611],[-56.71434,-22.25331],[-56.71291,-22.25191],[-56.7133,-22.2502],[-56.71464,-22.25015],[-56.71434,-22.24938],[-56.71383,-22.24891],[-56.70907,-22.24733],[-56.70785,-22.24316],[-56.70685,-22.2437],[-56.70621,-22.24551],[-56.70585,-22.24579],[-56.70352,-22.24557],[-56.70302,-22.2452],[-56.70301,-22.24446],[-56.70334,-22.24398],[-56.70635,-22.24294],[-56.70678,-22.24252],[-56.70685,-22.24178],[-56.70612,-22.24006],[-56.70572,-22.23664],[-56.70517,-22.23616],[-56.70352,-22.23657],[-56.70169,-22.23641],[-56.70147,-22.23607],[-56.70161,-22.23452],[-56.70127,-22.2339],[-56.70044,-22.23403],[-56.69931,-22.23475],[-56.69819,-22.23464],[-56.69533,-22.23087],[-56.69458,-22.22835],[-56.69491,-22.22777],[-56.69659,-22.22652],[-56.69906,-22.22696],[-56.70081,-22.2269],[-56.70402,-22.22299],[-56.70466,-22.22163],[-56.70507,-22.21925],[-56.70447,-22.2177],[-56.70354,-22.217],[-56.70287,-22.21727],[-56.70198,-22.21887],[-56.6997,-22.22085],[-56.69902,-22.22059],[-56.69773,-22.21822],[-56.69701,-22.21818],[-56.69635,-22.21862],[-56.69704,-22.22029],[-56.69641,-22.22081],[-56.69531,-22.21992],[-56.69272,-22.21873],[-56.69197,-22.21774],[-56.69137,-22.2176],[-56.69084,-22.2181],[-56.68974,-22.22058],[-56.68897,-22.22304],[-56.68821,-22.22256],[-56.68876,-22.22083],[-56.68831,-22.22],[-56.68708,-22.22005],[-56.68289,-22.22148],[-56.68174,-22.22733],[-56.68221,-22.22796],[-56.68438,-22.22901],[-56.68475,-22.22981],[-56.68433,-22.2302],[-56.6824,-22.2302],[-56.6819,-22.23053],[-56.683,-22.23234],[-56.68316,-22.23492],[-56.68022,-22.2421],[-56.68022,-22.24516],[-56.67954,-22.24635],[-56.67902,-22.24655],[-56.67748,-22.24431],[-56.67685,-22.2443],[-56.67503,-22.24585],[-56.67285,-22.2494],[-56.67153,-22.24938],[-56.66954,-22.24869],[-56.66772,-22.24899],[-56.66565,-22.25233],[-56.66428,-22.25376],[-56.66364,-22.25383],[-56.66094,-22.25247],[-56.65823,-22.25477],[-56.65577,-22.2558],[-56.65424,-22.25566],[-56.65372,-22.25528],[-56.65372,-22.25456],[-56.65498,-22.25411],[-56.65454,-22.25355],[-56.65326,-22.25349],[-56.65125,-22.25417],[-56.65066,-22.25492],[-56.65222,-22.25689],[-56.65205,-22.25723],[-56.64847,-22.26024],[-56.64742,-22.26192],[-56.64248,-22.26498],[-56.64154,-22.26464],[-56.6409,-22.26284],[-56.64054,-22.2626],[-56.63683,-22.26326],[-56.63667,-22.26294],[-56.63807,-22.26169],[-56.63875,-22.2605],[-56.63792,-22.25779],[-56.63833,-22.25692],[-56.63908,-22.25173],[-56.6394,-22.25153],[-56.63975,-22.25176],[-56.64046,-22.25312],[-56.64177,-22.25322],[-56.64228,-22.25279],[-56.64311,-22.25067],[-56.64292,-22.24806],[-56.64345,-22.24591],[-56.64243,-22.24439],[-56.63939,-22.24243],[-56.63862,-22.24153],[-56.63465,-22.24065],[-56.63314,-22.24216],[-56.63234,-22.24462],[-56.63182,-22.24529],[-56.62899,-22.24687],[-56.62747,-22.24676],[-56.62501,-22.24203],[-56.62202,-22.24209],[-56.62133,-22.24183],[-56.62103,-22.24105],[-56.62108,-22.23882],[-56.61849,-22.23878],[-56.61746,-22.23804],[-56.61583,-22.23571],[-56.6135,-22.23497],[-56.61033,-22.2331],[-56.60847,-22.2342],[-56.60611,-22.23205],[-56.60599,-22.23165],[-56.60702,-22.22998],[-56.60713,-22.22625],[-56.60962,-22.22334],[-56.60981,-22.22095],[-56.60931,-22.22029],[-56.60772,-22.21989],[-56.60537,-22.22035],[-56.60242,-22.22012],[-56.59916,-22.21856],[-56.59889,-22.21766],[-56.60006,-22.21483],[-56.59986,-22.21133],[-56.59924,-22.21111],[-56.5984,-22.21155],[-56.59679,-22.21549],[-56.59494,-22.21712],[-56.59404,-22.21834],[-56.59352,-22.21845],[-56.59245,-22.21438],[-56.58982,-22.21202],[-56.5871,-22.21192],[-56.58154,-22.21043],[-56.58133,-22.20989],[-56.58188,-22.20871],[-56.58243,-22.20564],[-56.58044,-22.20417],[-56.57691,-22.20213],[-56.57596,-22.202],[-56.57552,-22.20252],[-56.57561,-22.20363],[-56.5766,-22.20574],[-56.5761,-22.20681],[-56.57448,-22.20742],[-56.57046,-22.20748],[-56.56924,-22.20648],[-56.56881,-22.20278],[-56.56818,-22.2019],[-56.56673,-22.20101],[-56.56398,-22.20108],[-56.56281,-22.20061],[-56.5626,-22.20019],[-56.56309,-22.19884],[-56.56303,-22.19795],[-56.56028,-22.19657],[-56.55726,-22.19682],[-56.55667,-22.19652],[-56.55638,-22.1953],[-56.55774,-22.19241],[-56.55724,-22.19078],[-56.55731,-22.18795],[-56.55668,-22.18781],[-56.55417,-22.18828],[-56.55348,-22.18717],[-56.55229,-22.18664],[-56.55173,-22.18585],[-56.55209,-22.18514],[-56.5549,-22.18232],[-56.55495,-22.18138],[-56.55369,-22.17679],[-56.55605,-22.17401],[-56.55729,-22.17063],[-56.55708,-22.16915],[-56.55344,-22.16855],[-56.55198,-22.16696],[-56.54862,-22.16596],[-56.54721,-22.16333],[-56.5423,-22.16235],[-56.53834,-22.1606],[-56.5354,-22.16038],[-56.53331,-22.15902],[-56.53267,-22.15784],[-56.53259,-22.15673],[-56.53385,-22.15589],[-56.53501,-22.15588],[-56.53711,-22.15803],[-56.53799,-22.15785],[-56.53825,-22.15698],[-56.53823,-22.15384],[-56.5404,-22.15098],[-56.54104,-22.14941],[-56.54106,-22.14823],[-56.5403,-22.14727],[-56.5376,-22.14671],[-56.53473,-22.14668],[-56.53077,-22.14838],[-56.52933,-22.14852],[-56.52853,-22.1481],[-56.5281,-22.14732],[-56.52787,-22.14578],[-56.52827,-22.14316],[-56.52666,-22.1403],[-56.52588,-22.14018],[-56.52204,-22.14087],[-56.51957,-22.14078],[-56.51966,-22.13892],[-56.52004,-22.13819],[-56.52235,-22.13794],[-56.52299,-22.13754],[-56.52302,-22.13527],[-56.52401,-22.13412],[-56.52417,-22.13236],[-56.52448,-22.13185],[-56.52675,-22.13127],[-56.52702,-22.13088],[-56.5265,-22.12987],[-56.52322,-22.12834],[-56.52479,-22.12579],[-56.52481,-22.12486],[-56.52415,-22.12363],[-56.52526,-22.12271],[-56.52536,-22.12089],[-56.5245,-22.12067],[-56.52313,-22.12213],[-56.52261,-22.12209],[-56.52164,-22.12107],[-56.5216,-22.12048],[-56.5222,-22.11974],[-56.52247,-22.11849],[-56.52103,-22.11689],[-56.51976,-22.11451],[-56.51989,-22.11269],[-56.51856,-22.11161],[-56.5189,-22.10831],[-56.51688,-22.10801],[-56.51341,-22.10511],[-56.51074,-22.1043],[-56.50777,-22.10269],[-56.50752,-22.10152],[-56.50935,-22.09978],[-56.50785,-22.09777],[-56.50756,-22.09615],[-56.5066,-22.09554],[-56.50614,-22.09559],[-56.50455,-22.09716],[-56.50305,-22.09731],[-56.50013,-22.09647],[-56.49643,-22.09395],[-56.49541,-22.09418],[-56.4929,-22.09607],[-56.4896,-22.0955],[-56.48898,-22.09368],[-56.4886,-22.09344],[-56.4875,-22.09359],[-56.48522,-22.09505],[-56.48417,-22.09532],[-56.47982,-22.09384],[-56.47638,-22.09406],[-56.47626,-22.09219],[-56.47727,-22.09145],[-56.47754,-22.09084],[-56.47695,-22.08814],[-56.47595,-22.08737],[-56.47285,-22.08711],[-56.47275,-22.08668],[-56.47368,-22.08512],[-56.47378,-22.08434],[-56.47239,-22.08238],[-56.47156,-22.08022],[-56.471,-22.07989],[-56.46778,-22.08044],[-56.46467,-22.0829],[-56.46326,-22.08336],[-56.46295,-22.08462],[-56.46228,-22.0849],[-56.46177,-22.08473],[-56.46158,-22.0843],[-56.46384,-22.08068],[-56.4639,-22.07948],[-56.46176,-22.07982],[-56.45771,-22.07945],[-56.45692,-22.08038],[-56.45728,-22.08246],[-56.45712,-22.08417],[-56.45405,-22.08503],[-56.45257,-22.08418],[-56.45373,-22.08199],[-56.45275,-22.08196],[-56.45285,-22.0809],[-56.45174,-22.07848],[-56.45026,-22.07725],[-56.44801,-22.07652],[-56.44798,-22.07752],[-56.44695,-22.08034],[-56.44695,-22.08169],[-56.44754,-22.08248],[-56.44753,-22.08506],[-56.44625,-22.0846],[-56.4441,-22.08501],[-56.44289,-22.0833],[-56.44149,-22.08207],[-56.43853,-22.08112],[-56.43829,-22.08151],[-56.43873,-22.08304],[-56.43677,-22.08441],[-56.43475,-22.08481],[-56.43447,-22.08529],[-56.43465,-22.08645],[-56.43238,-22.08586],[-56.43102,-22.08689],[-56.43065,-22.08613],[-56.43182,-22.08497],[-56.43137,-22.08472],[-56.43008,-22.08486],[-56.42993,-22.08461],[-56.43007,-22.08411],[-56.43135,-22.0831],[-56.4313,-22.08252],[-56.43017,-22.08288],[-56.42842,-22.08209],[-56.42564,-22.082],[-56.42302,-22.08318],[-56.42265,-22.08415],[-56.42296,-22.08527],[-56.42156,-22.08563],[-56.42019,-22.08382],[-56.41865,-22.07964],[-56.41634,-22.07934],[-56.41057,-22.08012],[-56.40474,-22.07735],[-56.40227,-22.08005],[-56.40107,-22.08059],[-56.39988,-22.08061],[-56.39939,-22.08026],[-56.39877,-22.07809],[-56.39774,-22.07732],[-56.39589,-22.07702],[-56.39561,-22.07592],[-56.39415,-22.07575],[-56.39417,-22.07468],[-56.39379,-22.07447],[-56.393,-22.07532],[-56.39399,-22.07835],[-56.39279,-22.07894],[-56.39252,-22.08017],[-56.39314,-22.08199],[-56.39135,-22.08404],[-56.38996,-22.08624],[-56.39037,-22.0868],[-56.39132,-22.08638],[-56.39214,-22.08668],[-56.39265,-22.08802],[-56.3918,-22.08808],[-56.39054,-22.09012],[-56.39014,-22.09],[-56.38984,-22.08897],[-56.3892,-22.08914],[-56.38891,-22.08961],[-56.38923,-22.09045],[-56.38914,-22.09195],[-56.38998,-22.09339],[-56.39076,-22.09359],[-56.3911,-22.09404],[-56.39152,-22.09398],[-56.39193,-22.09298],[-56.39287,-22.09241],[-56.39284,-22.09147],[-56.39335,-22.09139],[-56.39495,-22.09213],[-56.39546,-22.09435],[-56.39462,-22.09636],[-56.39278,-22.09843],[-56.39306,-22.10068],[-56.39064,-22.10162],[-56.38929,-22.10307],[-56.38748,-22.10322],[-56.38681,-22.10219],[-56.38615,-22.1032],[-56.38688,-22.10432],[-56.38677,-22.10487],[-56.38637,-22.10511],[-56.38392,-22.10496],[-56.38246,-22.10387],[-56.38157,-22.1041],[-56.38078,-22.10478],[-56.38075,-22.10535],[-56.38275,-22.10799],[-56.38277,-22.10916],[-56.38451,-22.10931],[-56.38437,-22.11054],[-56.38372,-22.11129],[-56.38104,-22.11267],[-56.38134,-22.11349],[-56.38039,-22.11462],[-56.37991,-22.11476],[-56.37867,-22.11423],[-56.37817,-22.11479],[-56.37828,-22.11534],[-56.37916,-22.11635],[-56.37929,-22.11723],[-56.38016,-22.11818],[-56.38046,-22.11939],[-56.37932,-22.12049],[-56.37805,-22.12107],[-56.37738,-22.12269],[-56.3742,-22.12364],[-56.37202,-22.12591],[-56.3725,-22.12689],[-56.37366,-22.12776],[-56.37345,-22.12925],[-56.37039,-22.13121],[-56.37043,-22.13349],[-56.36781,-22.13687],[-56.36954,-22.14005],[-56.37171,-22.14184],[-56.37182,-22.14325],[-56.37421,-22.14351],[-56.37414,-22.1448],[-56.37316,-22.14658],[-56.37166,-22.1469],[-56.37085,-22.14813],[-56.37125,-22.14887],[-56.37393,-22.14978],[-56.37285,-22.15114],[-56.37263,-22.15274],[-56.37149,-22.15273],[-56.37013,-22.15182],[-56.36913,-22.15247],[-56.36938,-22.1551],[-56.36901,-22.15621],[-56.3662,-22.15815],[-56.36685,-22.16301],[-56.36561,-22.16412],[-56.3654,-22.16541],[-56.36441,-22.16593],[-56.36329,-22.16742],[-56.3637,-22.16849],[-56.36481,-22.16947],[-56.3635,-22.17057],[-56.36086,-22.17071],[-56.36022,-22.17206],[-56.35772,-22.17221],[-56.35751,-22.17273],[-56.35801,-22.17529],[-56.35762,-22.17579],[-56.35584,-22.17508],[-56.35422,-22.17498],[-56.35292,-22.17398],[-56.35146,-22.17409],[-56.35031,-22.17316],[-56.34978,-22.17331],[-56.34947,-22.1766],[-56.34872,-22.17976],[-56.34801,-22.18015],[-56.34597,-22.17968],[-56.34548,-22.18191],[-56.34372,-22.18234],[-56.34323,-22.18288],[-56.34388,-22.18403],[-56.34654,-22.18659],[-56.34629,-22.18799],[-56.34487,-22.18926],[-56.343,-22.18988],[-56.34132,-22.18955],[-56.34104,-22.18831],[-56.34018,-22.18876],[-56.33903,-22.19064],[-56.33918,-22.19242],[-56.33744,-22.19379],[-56.3358,-22.19604],[-56.33612,-22.19652],[-56.33812,-22.19715],[-56.33675,-22.19894],[-56.33334,-22.19937],[-56.33015,-22.19925],[-56.32952,-22.20098],[-56.33083,-22.20208],[-56.33106,-22.20365],[-56.33077,-22.20423],[-56.32925,-22.2046],[-56.32724,-22.20308],[-56.32643,-22.20309],[-56.32647,-22.20533],[-56.32534,-22.20649],[-56.32383,-22.20725],[-56.32403,-22.20774],[-56.32583,-22.20856],[-56.32355,-22.21038],[-56.32128,-22.21133],[-56.32216,-22.21374],[-56.32204,-22.21427],[-56.31754,-22.21479],[-56.31698,-22.21576],[-56.3171,-22.21774],[-56.31675,-22.21828],[-56.3152,-22.21768],[-56.31368,-22.21614],[-56.31245,-22.216],[-56.31249,-22.21397],[-56.31198,-22.21362],[-56.31088,-22.21414],[-56.30899,-22.21392],[-56.30727,-22.21478],[-56.30464,-22.21535],[-56.30443,-22.21624],[-56.30141,-22.21666],[-56.30048,-22.21733],[-56.29946,-22.21742],[-56.29915,-22.21998],[-56.29792,-22.2204],[-56.29484,-22.22046],[-56.2945,-22.22222],[-56.29402,-22.22284],[-56.29329,-22.22308],[-56.29181,-22.2229],[-56.29105,-22.2233],[-56.29068,-22.2243],[-56.29073,-22.22544],[-56.29038,-22.22585],[-56.28908,-22.22544],[-56.28763,-22.22559],[-56.2863,-22.22493],[-56.2855,-22.22514],[-56.28509,-22.22596],[-56.28597,-22.22797],[-56.28468,-22.22959],[-56.28526,-22.23101],[-56.28517,-22.23153],[-56.2841,-22.23186],[-56.27822,-22.2319],[-56.27779,-22.23236],[-56.27775,-22.23313],[-56.27911,-22.23389],[-56.27798,-22.23497],[-56.27723,-22.23673],[-56.2753,-22.2359],[-56.2743,-22.2345],[-56.27255,-22.23356],[-56.27078,-22.23318],[-56.2705,-22.23334],[-56.27066,-22.23497],[-56.2704,-22.23567],[-56.26781,-22.23564],[-56.26523,-22.23842],[-56.26377,-22.23874],[-56.26259,-22.23948],[-56.26157,-22.23921],[-56.26032,-22.23821],[-56.25751,-22.23686],[-56.25603,-22.23704],[-56.25538,-22.23795],[-56.25238,-22.23851],[-56.25008,-22.2383],[-56.24978,-22.23724],[-56.2494,-22.23696],[-56.2483,-22.2373],[-56.24738,-22.23672],[-56.24619,-22.23693],[-56.24296,-22.23543],[-56.24153,-22.23601],[-56.23834,-22.23646],[-56.23785,-22.2374],[-56.23733,-22.23752],[-56.23782,-22.23829],[-56.23705,-22.24005],[-56.23593,-22.24062],[-56.23248,-22.24708],[-56.23262,-22.24937],[-56.23441,-22.25036],[-56.23457,-22.25087],[-56.23428,-22.25183],[-56.23317,-22.25289],[-56.23253,-22.25309],[-56.23231,-22.25355],[-56.23313,-22.25498],[-56.23444,-22.25522],[-56.23458,-22.25574],[-56.23212,-22.25813],[-56.22912,-22.26039],[-56.22885,-22.26098],[-56.22918,-22.26187],[-56.22809,-22.2631],[-56.22747,-22.26193],[-56.2269,-22.26176],[-56.2264,-22.26207],[-56.22614,-22.26275],[-56.22511,-22.26329],[-56.22284,-22.26401],[-56.22177,-22.26402],[-56.22115,-22.26488],[-56.2202,-22.26514],[-56.22119,-22.26715],[-56.21992,-22.26861],[-56.21746,-22.26861],[-56.21629,-22.26927],[-56.21483,-22.26954],[-56.21417,-22.27197],[-56.21521,-22.2728],[-56.21517,-22.27363],[-56.21455,-22.27419],[-56.21279,-22.27425],[-56.2137,-22.27498],[-56.21348,-22.27565],[-56.21132,-22.27641],[-56.21011,-22.2779],[-56.20882,-22.27765],[-56.20752,-22.2764],[-56.20505,-22.27533],[-56.20284,-22.27548],[-56.20258,-22.27678],[-56.20129,-22.27814],[-56.19987,-22.27814],[-56.19916,-22.27616],[-56.19621,-22.27383],[-56.19461,-22.27365],[-56.19452,-22.27233],[-56.19365,-22.27117],[-56.19239,-22.27202],[-56.19149,-22.27319],[-56.19036,-22.2733],[-56.18973,-22.27384],[-56.18934,-22.27613],[-56.18864,-22.2777],[-56.18984,-22.27867],[-56.18989,-22.27918],[-56.18967,-22.27956],[-56.18878,-22.27963],[-56.1884,-22.28008],[-56.18903,-22.28094],[-56.18893,-22.28194],[-56.18692,-22.28232],[-56.18661,-22.27894],[-56.18616,-22.27857],[-56.18508,-22.2786],[-56.18354,-22.27768],[-56.18294,-22.27785],[-56.18122,-22.27997],[-56.17921,-22.28004],[-56.17821,-22.28089],[-56.17808,-22.27956],[-56.17758,-22.27897],[-56.17612,-22.27919],[-56.17567,-22.27984],[-56.17473,-22.2793],[-56.17388,-22.2803],[-56.17395,-22.28109],[-56.17331,-22.28205],[-56.17381,-22.28242],[-56.17494,-22.28174],[-56.17528,-22.28357],[-56.17454,-22.28572],[-56.17365,-22.28555],[-56.17268,-22.28616],[-56.17183,-22.28561],[-56.17111,-22.28449],[-56.16988,-22.28469],[-56.16926,-22.28534],[-56.16948,-22.28622],[-56.16908,-22.28691],[-56.16598,-22.28837],[-56.16547,-22.2882],[-56.16517,-22.28679],[-56.16604,-22.28569],[-56.16579,-22.28538],[-56.16191,-22.2868],[-56.16113,-22.28657],[-56.16106,-22.28448],[-56.16144,-22.28282],[-56.16097,-22.28231],[-56.15946,-22.28289],[-56.15976,-22.28344],[-56.1591,-22.28399],[-56.15941,-22.28521],[-56.15823,-22.28564],[-56.15722,-22.28513],[-56.15642,-22.28389],[-56.15516,-22.28335],[-56.15464,-22.2824],[-56.15424,-22.28267],[-56.15264,-22.28247],[-56.15225,-22.28199],[-56.15151,-22.2821],[-56.15082,-22.28178],[-56.14759,-22.28283],[-56.14809,-22.28425],[-56.14779,-22.28462],[-56.14514,-22.28424],[-56.14612,-22.28535],[-56.14597,-22.28555],[-56.14448,-22.28551],[-56.14382,-22.28467],[-56.14152,-22.28481],[-56.1395,-22.28573],[-56.13966,-22.28797],[-56.13886,-22.28991],[-56.13591,-22.29234],[-56.13393,-22.29442],[-56.12781,-22.29895],[-56.12583,-22.29951],[-56.12412,-22.301],[-56.12253,-22.30186],[-56.12107,-22.30466],[-56.12014,-22.30496],[-56.1186,-22.30634],[-56.11687,-22.30701],[-56.11583,-22.30668],[-56.11469,-22.30696],[-56.11165,-22.30669],[-56.11117,-22.30819],[-56.10987,-22.30861],[-56.10865,-22.30997],[-56.10798,-22.3122],[-56.10669,-22.31269],[-56.10561,-22.31401],[-56.10475,-22.31426],[-56.10425,-22.31535],[-56.10424,-22.31668],[-56.10022,-22.3181],[-56.09913,-22.31917],[-56.09712,-22.3242],[-56.09622,-22.32584],[-56.09433,-22.32812],[-56.09384,-22.32971],[-56.09382,-22.33102],[-56.09247,-22.33483],[-56.09065,-22.33642],[-56.08952,-22.33838],[-56.08972,-22.33972],[-56.0892,-22.34174],[-56.08956,-22.34281],[-56.0888,-22.34427],[-56.08783,-22.34472],[-56.08727,-22.3459],[-56.08633,-22.35076],[-56.09314,-22.4023],[-56.07159,-22.46569],[-56.07122,-22.46606],[-56.07124,-22.46731],[-56.07046,-22.46796],[-56.07045,-22.46839],[-56.07109,-22.46918],[-56.07225,-22.46918],[-56.07276,-22.46948],[-56.07296,-22.47114],[-56.07268,-22.47164],[-56.07387,-22.47258],[-56.07447,-22.47361],[-56.07434,-22.47412],[-56.07471,-22.47481],[-56.07577,-22.47572],[-56.07561,-22.47593],[-56.07614,-22.47602],[-56.07635,-22.47655],[-56.07614,-22.4768],[-56.07641,-22.47683],[-56.0766,-22.47743],[-56.07621,-22.47762],[-56.07645,-22.47838],[-56.07744,-22.47851],[-56.07814,-22.47909],[-56.07761,-22.47941],[-56.07766,-22.47982],[-56.07836,-22.47968],[-56.07898,-22.48061],[-56.07955,-22.48052],[-56.07947,-22.48076],[-56.08103,-22.48075],[-56.08127,-22.48101],[-56.081,-22.48111],[-56.08103,-22.48154],[-56.08175,-22.48203],[-56.08253,-22.48167],[-56.08245,-22.48205],[-56.08277,-22.48213],[-56.08527,-22.48232],[-56.08584,-22.48173],[-56.08661,-22.48158],[-56.08805,-22.48235],[-56.09078,-22.48158],[-56.09024,-22.48232],[-56.09118,-22.48302],[-56.09353,-22.48333],[-56.09367,-22.48366],[-56.09485,-22.48404],[-56.09623,-22.4833],[-56.09763,-22.48365],[-56.09975,-22.48223],[-56.10024,-22.48226],[-56.10153,-22.48555],[-56.10184,-22.48761],[-56.10454,-22.4878],[-56.10742,-22.48872],[-56.10932,-22.49068],[-56.11042,-22.49117],[-56.11129,-22.49207],[-56.11227,-22.4924],[-56.11232,-22.49287],[-56.11174,-22.49324],[-56.1126,-22.49336],[-56.11233,-22.49399],[-56.11322,-22.49409],[-56.1127,-22.49476],[-56.11282,-22.49543],[-56.11442,-22.49582],[-56.11488,-22.49644],[-56.11598,-22.49642],[-56.11607,-22.49681],[-56.11562,-22.49757],[-56.11654,-22.4973],[-56.11685,-22.49851],[-56.11802,-22.49815],[-56.11801,-22.49851],[-56.11907,-22.49907],[-56.11924,-22.49989],[-56.12051,-22.4996],[-56.12093,-22.50018],[-56.12343,-22.50023],[-56.12404,-22.50067],[-56.12453,-22.50281],[-56.125,-22.50327],[-56.12707,-22.50348],[-56.12951,-22.50448],[-56.13056,-22.50589],[-56.13067,-22.50674],[-56.13157,-22.50709],[-56.13198,-22.50809],[-56.13269,-22.50832],[-56.1337,-22.51106],[-56.13549,-22.51153],[-56.1361,-22.51245],[-56.13714,-22.51284],[-56.1376,-22.51364],[-56.13831,-22.51406],[-56.14177,-22.51489],[-56.14408,-22.5148],[-56.14521,-22.51419],[-56.1478,-22.51187],[-56.15169,-22.51048],[-56.15581,-22.5114],[-56.15842,-22.51141],[-56.16051,-22.5119],[-56.16291,-22.5138],[-56.16526,-22.51492],[-56.1663,-22.51652],[-56.16843,-22.5176],[-56.17042,-22.52099],[-56.17023,-22.52185],[-56.17158,-22.52246],[-56.17196,-22.52359],[-56.17385,-22.52536],[-56.17485,-22.52572],[-56.17569,-22.52684],[-56.18058,-22.52929],[-56.18097,-22.5298],[-56.18093,-22.53032],[-56.18065,-22.53077],[-56.17977,-22.53062],[-56.17975,-22.53151],[-56.18211,-22.533],[-56.18235,-22.53382],[-56.1847,-22.53485],[-56.18471,-22.53533],[-56.18419,-22.536],[-56.18532,-22.53646],[-56.18686,-22.53906],[-56.18879,-22.53927],[-56.19113,-22.54043],[-56.19247,-22.5415],[-56.19257,-22.54267],[-56.19378,-22.54405],[-56.19752,-22.54524],[-56.19779,-22.54681],[-56.19851,-22.54802],[-56.1976,-22.54875],[-56.19711,-22.54991],[-56.19586,-22.55],[-56.19489,-22.55099],[-56.19448,-22.5525],[-56.19503,-22.55411],[-56.19395,-22.55571],[-56.19477,-22.55655],[-56.19544,-22.55933],[-56.19439,-22.56026],[-56.19527,-22.5609],[-56.19833,-22.56078],[-56.1987,-22.56139],[-56.19873,-22.56257],[-56.19805,-22.56368],[-56.19918,-22.56696],[-56.20049,-22.56863],[-56.20037,-22.56951],[-56.19952,-22.57064],[-56.20006,-22.57294],[-56.19975,-22.57569],[-56.20162,-22.57702],[-56.2011,-22.57978],[-56.20263,-22.57969],[-56.20363,-22.58038],[-56.20527,-22.58092],[-56.20741,-22.58097],[-56.20838,-22.58073],[-56.20915,-22.57957],[-56.21042,-22.57905],[-56.21223,-22.58009],[-56.21257,-22.58172],[-56.21347,-22.58208],[-56.21411,-22.58183],[-56.21466,-22.58113],[-56.21782,-22.58067],[-56.21904,-22.5792],[-56.22107,-22.5792],[-56.22219,-22.57795],[-56.22241,-22.57694],[-56.22534,-22.57579],[-56.22669,-22.57602],[-56.22627,-22.57674],[-56.22672,-22.57728],[-56.22723,-22.5773],[-56.22686,-22.5779],[-56.22703,-22.57811],[-56.22969,-22.57801],[-56.2291,-22.57995],[-56.23009,-22.58023],[-56.23074,-22.58195],[-56.22898,-22.58179],[-56.22866,-22.58217],[-56.23022,-22.58369],[-56.22975,-22.58454],[-56.23077,-22.5854],[-56.23228,-22.58863],[-56.23392,-22.58918],[-56.23404,-22.59071],[-56.23565,-22.59176],[-56.23583,-22.59325],[-56.23652,-22.59459],[-56.2363,-22.59669],[-56.235,-22.59778],[-56.23577,-22.59815],[-56.23526,-22.59874],[-56.23629,-22.60102],[-56.2362,-22.60257],[-56.23652,-22.60298],[-56.23709,-22.60304],[-56.23918,-22.60188],[-56.23983,-22.60204],[-56.24004,-22.60342],[-56.23897,-22.60508],[-56.23923,-22.60576],[-56.23858,-22.60669],[-56.23932,-22.60711],[-56.23967,-22.60801],[-56.24196,-22.60847],[-56.24257,-22.60907],[-56.24236,-22.61025],[-56.24197,-22.61067],[-56.24204,-22.6115],[-56.24151,-22.6119],[-56.24143,-22.61319],[-56.23981,-22.61467],[-56.23966,-22.61521],[-56.23996,-22.61615],[-56.24193,-22.61777],[-56.24279,-22.61788],[-56.24354,-22.61876],[-56.24529,-22.61963],[-56.24579,-22.62036],[-56.24596,-22.6218],[-56.24816,-22.62263],[-56.24984,-22.6231],[-56.25086,-22.62304],[-56.25345,-22.62228],[-56.25364,-22.62128],[-56.25427,-22.62132],[-56.25417,-22.62237],[-56.25488,-22.6227],[-56.25436,-22.62371],[-56.25472,-22.6245],[-56.25475,-22.62579],[-56.25434,-22.62631],[-56.25345,-22.62613],[-56.25317,-22.62759],[-56.25396,-22.62816],[-56.25469,-22.62948],[-56.25537,-22.63002],[-56.25889,-22.63072],[-56.2615,-22.63246],[-56.26105,-22.6327],[-56.2589,-22.63237],[-56.25875,-22.63291],[-56.25903,-22.63405],[-56.25962,-22.63473],[-56.2621,-22.63531],[-56.26257,-22.63695],[-56.26249,-22.63778],[-56.26107,-22.63885],[-56.26132,-22.63947],[-56.2626,-22.63991],[-56.26344,-22.64139],[-56.26317,-22.64316],[-56.26206,-22.64443],[-56.26269,-22.6448],[-56.26665,-22.64537],[-56.2672,-22.64561],[-56.26795,-22.64737],[-56.26847,-22.64762],[-56.26952,-22.64752],[-56.26936,-22.6483],[-56.26838,-22.64852],[-56.26461,-22.64779],[-56.26425,-22.64802],[-56.26406,-22.64907],[-56.26323,-22.6497],[-56.26334,-22.65031],[-56.26492,-22.65039],[-56.26532,-22.65149],[-56.26592,-22.65207],[-56.26602,-22.65243],[-56.26496,-22.65372],[-56.26586,-22.65403],[-56.26608,-22.65461],[-56.26472,-22.65511],[-56.26457,-22.65577],[-56.26555,-22.65746],[-56.2653,-22.65825],[-56.26617,-22.65889],[-56.26659,-22.65883],[-56.26653,-22.66036],[-56.26734,-22.66054],[-56.2671,-22.66111],[-56.26733,-22.66148],[-56.26792,-22.66137],[-56.26768,-22.66299],[-56.26677,-22.66322],[-56.26556,-22.66416],[-56.26526,-22.66489],[-56.26543,-22.66554],[-56.26585,-22.66602],[-56.26639,-22.66604],[-56.26738,-22.66506],[-56.26934,-22.66411],[-56.26964,-22.6646],[-56.26907,-22.66747],[-56.2693,-22.66839],[-56.27115,-22.66836],[-56.27195,-22.6691],[-56.27247,-22.66839],[-56.27391,-22.66844],[-56.27504,-22.66748],[-56.2761,-22.66728],[-56.27638,-22.66754],[-56.27588,-22.66832],[-56.27668,-22.66989],[-56.27764,-22.6707],[-56.27883,-22.67006],[-56.27889,-22.66873],[-56.28076,-22.66767],[-56.28154,-22.66784],[-56.28291,-22.6694],[-56.28213,-22.67081],[-56.28271,-22.67232],[-56.28666,-22.67393],[-56.28837,-22.67657],[-56.28843,-22.67779],[-56.29074,-22.68126],[-56.29072,-22.68222],[-56.28945,-22.68326],[-56.29113,-22.68639],[-56.29148,-22.68644],[-56.29167,-22.68564],[-56.29263,-22.6856],[-56.29439,-22.68764],[-56.29509,-22.68697],[-56.29571,-22.68687],[-56.29814,-22.68782],[-56.29989,-22.68773],[-56.30131,-22.68805],[-56.303,-22.69046],[-56.30305,-22.69341],[-56.30544,-22.69455],[-56.30885,-22.69232],[-56.31292,-22.68695],[-56.31469,-22.68787],[-56.3148,-22.68968],[-56.31555,-22.69055],[-56.32065,-22.69173],[-56.3215,-22.6915],[-56.3212,-22.6903],[-56.32135,-22.68964],[-56.32404,-22.69051],[-56.32637,-22.68771],[-56.32805,-22.68764],[-56.33322,-22.69069],[-56.33688,-22.6923],[-56.33912,-22.69387],[-56.34225,-22.6945],[-56.34311,-22.69646],[-56.34431,-22.69812],[-56.34413,-22.69931],[-56.34298,-22.70195],[-56.3429,-22.70506],[-56.34207,-22.70708],[-56.34218,-22.70751],[-56.34313,-22.7083],[-56.3446,-22.70885],[-56.34809,-22.70878],[-56.35082,-22.70738],[-56.35347,-22.70669],[-56.35518,-22.70662],[-56.35644,-22.70713],[-56.35739,-22.70651],[-56.35896,-22.70671],[-56.35887,-22.70774],[-56.35792,-22.70854],[-56.35789,-22.71039],[-56.35894,-22.71155],[-56.36017,-22.71444],[-56.36236,-22.71543],[-56.36256,-22.71651],[-56.36191,-22.71822],[-56.36288,-22.71957],[-56.36385,-22.72009],[-56.36457,-22.72016],[-56.36552,-22.7197],[-56.36685,-22.7184],[-56.36795,-22.71894],[-56.36961,-22.71856],[-56.37325,-22.71514],[-56.37446,-22.71522],[-56.37611,-22.71587],[-56.37755,-22.71563],[-56.38352,-22.71332],[-56.38518,-22.71353],[-56.3863,-22.7143],[-56.38692,-22.71516],[-56.38517,-22.71955],[-56.38471,-22.71982],[-56.38374,-22.71956],[-56.38179,-22.71816],[-56.38091,-22.71872],[-56.38092,-22.71924],[-56.38191,-22.72049],[-56.38239,-22.72361],[-56.38332,-22.72452],[-56.38463,-22.72485],[-56.38562,-22.72436],[-56.38675,-22.72326],[-56.39061,-22.7225],[-56.39174,-22.72168],[-56.39232,-22.7219],[-56.39244,-22.72446],[-56.39293,-22.72545],[-56.39276,-22.72666],[-56.39156,-22.72906],[-56.39211,-22.73118],[-56.39183,-22.73194],[-56.39018,-22.73336],[-56.39049,-22.73468],[-56.39149,-22.73565],[-56.39095,-22.7369],[-56.39118,-22.73893],[-56.3919,-22.74057],[-56.39335,-22.74162],[-56.39613,-22.74169],[-56.3972,-22.74232],[-56.39745,-22.74441],[-56.3971,-22.74739],[-56.39806,-22.74918],[-56.39851,-22.74927],[-56.40076,-22.7483],[-56.40364,-22.74858],[-56.40521,-22.74837],[-56.40638,-22.74772],[-56.40618,-22.74631],[-56.40301,-22.74482],[-56.40308,-22.74285],[-56.40435,-22.7408],[-56.40544,-22.74072],[-56.40851,-22.74267],[-56.41182,-22.74368],[-56.41346,-22.74512],[-56.41363,-22.74771],[-56.41471,-22.74958],[-56.41495,-22.75203],[-56.41453,-22.75297],[-56.41373,-22.75343],[-56.4128,-22.75323],[-56.41188,-22.7526],[-56.40996,-22.75224],[-56.40864,-22.75258],[-56.40845,-22.75303],[-56.40888,-22.75584],[-56.41225,-22.75661],[-56.41551,-22.75813],[-56.41794,-22.7599],[-56.41902,-22.75959],[-56.4216,-22.75751],[-56.42538,-22.7609],[-56.42648,-22.7612],[-56.42796,-22.76051],[-56.42885,-22.76203],[-56.43018,-22.76283],[-56.43123,-22.76515],[-56.4345,-22.76839],[-56.43593,-22.77058],[-56.43875,-22.77191],[-56.44124,-22.77195],[-56.44226,-22.77245],[-56.44254,-22.77356],[-56.44117,-22.77517],[-56.44115,-22.77602],[-56.44145,-22.77703],[-56.44271,-22.77792],[-56.44391,-22.77796],[-56.44455,-22.77765],[-56.44719,-22.77061],[-56.45016,-22.77011],[-56.45167,-22.76704],[-56.45454,-22.76712],[-56.45527,-22.76864],[-56.45332,-22.77421],[-56.45339,-22.77472],[-56.45395,-22.77512],[-56.45523,-22.77472],[-56.45734,-22.77186],[-56.45892,-22.77097],[-56.46129,-22.77145],[-56.46253,-22.7734],[-56.46603,-22.7738],[-56.46748,-22.77543],[-56.46836,-22.77579],[-56.4695,-22.77522],[-56.47045,-22.77326],[-56.47159,-22.77284],[-56.47316,-22.77259],[-56.47688,-22.77274],[-56.4818,-22.77197],[-56.48307,-22.77203],[-56.48393,-22.77246],[-56.48466,-22.77335],[-56.48792,-22.7739],[-56.49175,-22.77609],[-56.49392,-22.77614],[-56.49527,-22.77892],[-56.50477,-22.78304],[-56.5052,-22.78379],[-56.50485,-22.78489],[-56.50436,-22.78553],[-56.50324,-22.78614],[-56.50436,-22.78735],[-56.50861,-22.78702],[-56.50993,-22.78744],[-56.51057,-22.78844],[-56.51055,-22.79078],[-56.50793,-22.7942],[-56.50753,-22.79522],[-56.50801,-22.80049],[-56.50868,-22.80238],[-56.51341,-22.80558],[-56.51833,-22.80802],[-56.52233,-22.80801],[-56.52495,-22.80888],[-56.52601,-22.80976],[-56.52588,-22.81265],[-56.52639,-22.8141],[-56.52572,-22.8166],[-56.52529,-22.82032],[-56.52474,-22.8212],[-56.52091,-22.82297],[-56.51976,-22.82422],[-56.52066,-22.82648],[-56.52485,-22.83155],[-56.52644,-22.83414],[-56.52617,-22.83538],[-56.52245,-22.83423],[-56.52189,-22.83443],[-56.52155,-22.83593],[-56.5219,-22.83745],[-56.52192,-22.8414],[-56.52281,-22.84214],[-56.52326,-22.84328],[-56.5265,-22.84589],[-56.5307,-22.84783],[-56.53164,-22.84861],[-56.53263,-22.85089],[-56.53315,-22.85309],[-56.53618,-22.85659],[-56.53799,-22.85768],[-56.54091,-22.85786],[-56.5438,-22.86145],[-56.54361,-22.86322],[-56.54246,-22.86546],[-56.54204,-22.86585],[-56.5403,-22.86593],[-56.53979,-22.86628],[-56.53958,-22.87082],[-56.53804,-22.87611],[-56.53832,-22.87885],[-56.53874,-22.87963],[-56.53959,-22.87985],[-56.5417,-22.87913],[-56.54433,-22.87954],[-56.54598,-22.8786],[-56.54708,-22.87886],[-56.54745,-22.87977],[-56.54721,-22.88039],[-56.54507,-22.88147],[-56.54433,-22.88227],[-56.54501,-22.88314],[-56.54638,-22.8842],[-56.54882,-22.88489],[-56.55115,-22.88599],[-56.55461,-22.8858],[-56.55818,-22.88788],[-56.5588,-22.89031],[-56.56154,-22.89207],[-56.5617,-22.89428],[-56.56143,-22.89561],[-56.56057,-22.89591],[-56.55952,-22.89548],[-56.5586,-22.89419],[-56.55615,-22.89235],[-56.5551,-22.893],[-56.55459,-22.89491],[-56.555,-22.8957],[-56.5571,-22.89702],[-56.55915,-22.89933],[-56.56251,-22.90037],[-56.56945,-22.90154],[-56.57281,-22.90137],[-56.57527,-22.9002],[-56.57596,-22.90092],[-56.57655,-22.90277],[-56.57691,-22.90298],[-56.57771,-22.90231],[-56.57744,-22.89831],[-56.57764,-22.89773],[-56.57816,-22.89745],[-56.57968,-22.89727],[-56.58096,-22.89815],[-56.58169,-22.89822],[-56.58351,-22.8975],[-56.58526,-22.89857],[-56.5879,-22.89838],[-56.58819,-22.89916],[-56.58716,-22.90074],[-56.58471,-22.90114],[-56.58231,-22.90555],[-56.58208,-22.90653],[-56.58284,-22.90848],[-56.58364,-22.90937],[-56.58728,-22.91066],[-56.58876,-22.9115],[-56.59677,-22.91345],[-56.6026,-22.91103],[-56.60605,-22.90901],[-56.60744,-22.90855],[-56.61393,-22.90921],[-56.61529,-22.90893],[-56.61607,-22.90665],[-56.61742,-22.90486],[-56.61743,-22.90442],[-56.61689,-22.90325],[-56.61561,-22.90233],[-56.61555,-22.90044],[-56.61508,-22.89919],[-56.61536,-22.89868],[-56.61621,-22.89828],[-56.61621,-22.89761],[-56.61469,-22.89629],[-56.61457,-22.8959],[-56.61492,-22.89555],[-56.61689,-22.89636],[-56.61792,-22.89588],[-56.61874,-22.89594],[-56.61912,-22.89691],[-56.61829,-22.89805],[-56.61836,-22.89865],[-56.61942,-22.89904],[-56.62179,-22.89912],[-56.6221,-22.89873],[-56.62188,-22.89744],[-56.62302,-22.89415],[-56.62358,-22.89411],[-56.62599,-22.89569],[-56.62641,-22.8956],[-56.62662,-22.89522],[-56.62612,-22.89422],[-56.62471,-22.89325],[-56.62496,-22.89289],[-56.62579,-22.89286],[-56.62843,-22.894],[-56.62964,-22.89523],[-56.63056,-22.89523],[-56.63107,-22.89405],[-56.63119,-22.89182],[-56.63191,-22.89172],[-56.6338,-22.89284],[-56.63425,-22.8923],[-56.63436,-22.89089],[-56.63478,-22.89058],[-56.63711,-22.89086],[-56.63743,-22.88892],[-56.63975,-22.88643],[-56.6404,-22.88641],[-56.64074,-22.88697],[-56.63938,-22.88793],[-56.63925,-22.88835],[-56.63959,-22.88872],[-56.64195,-22.88803],[-56.64299,-22.88708],[-56.64431,-22.88707],[-56.646,-22.88784],[-56.64944,-22.88656],[-56.65363,-22.8828],[-56.65636,-22.88229],[-56.6608,-22.88209],[-56.66326,-22.88123],[-56.66457,-22.88112],[-56.66621,-22.88146],[-56.66646,-22.88185],[-56.66621,-22.88242],[-56.66515,-22.88306],[-56.66544,-22.88422],[-56.66822,-22.88449],[-56.67001,-22.88545],[-56.66983,-22.88633],[-56.66816,-22.8873],[-56.66614,-22.88939],[-56.66726,-22.89178],[-56.66731,-22.89347],[-56.66762,-22.89391],[-56.6693,-22.89438],[-56.67098,-22.89387],[-56.67169,-22.89454],[-56.67162,-22.89517],[-56.67076,-22.89634],[-56.671,-22.8969],[-56.67536,-22.8983],[-56.67673,-22.89829],[-56.6782,-22.89765],[-56.67908,-22.89629],[-56.68041,-22.89595],[-56.68116,-22.89627],[-56.68144,-22.89682],[-56.68014,-22.90011],[-56.68088,-22.90044],[-56.68216,-22.89971],[-56.68313,-22.89824],[-56.68448,-22.89825],[-56.68624,-22.89916],[-56.68706,-22.89899],[-56.6879,-22.89827],[-56.68801,-22.89675],[-56.68863,-22.89649],[-56.68972,-22.8977],[-56.69318,-22.90041],[-56.69395,-22.90215],[-56.69471,-22.90259],[-56.70051,-22.90167],[-56.70253,-22.90222],[-56.70392,-22.90316],[-56.70517,-22.90349],[-56.70769,-22.90088],[-56.70872,-22.90087],[-56.70911,-22.90152],[-56.70704,-22.90251],[-56.70654,-22.90301],[-56.70633,-22.90394],[-56.70677,-22.90501],[-56.70778,-22.90573],[-56.70869,-22.90595],[-56.70952,-22.9042],[-56.71094,-22.90337],[-56.71123,-22.9029],[-56.71308,-22.89683],[-56.71328,-22.895],[-56.71298,-22.89333],[-56.71011,-22.88761],[-56.71105,-22.8858],[-56.71161,-22.88045],[-56.71231,-22.8777],[-56.71202,-22.87668],[-56.71114,-22.87553],[-56.71057,-22.87524],[-56.70928,-22.87539],[-56.70843,-22.87487],[-56.70733,-22.87121],[-56.70655,-22.8701],[-56.70525,-22.86959],[-56.70484,-22.86848],[-56.70595,-22.86596],[-56.70846,-22.86225],[-56.70913,-22.85856],[-56.71166,-22.85559],[-56.71262,-22.8527],[-56.7143,-22.85037],[-56.71443,-22.8493],[-56.71319,-22.84335],[-56.71265,-22.84293],[-56.7106,-22.84377],[-56.7078,-22.84349],[-56.70645,-22.84462],[-56.70419,-22.84572],[-56.70295,-22.84524],[-56.69621,-22.845],[-56.69276,-22.84364],[-56.68963,-22.84286],[-56.68865,-22.84139],[-56.68731,-22.8411],[-56.68127,-22.84253],[-56.67872,-22.84368],[-56.6776,-22.84372],[-56.67703,-22.84319],[-56.67715,-22.84241],[-56.68064,-22.83874],[-56.68106,-22.83736],[-56.67825,-22.83369],[-56.67395,-22.83055]]]}},{"type":"Feature","properties":{"nome":"Pedro Juan Caballero","pais":"PY","unidade":"Distrito","dep":"Amambay","pop":127437,"pop_urb":114944,"pop_rur":12493,"area_km2":3271.5,"area_oficial":false,"destaque":true},"geometry":{"type":"Polygon","coordinates":[[[-56.21779,-23.30689],[-56.22023,-23.30548],[-56.22159,-23.30584],[-56.22303,-23.30832],[-56.22316,-23.30919],[-56.2223,-23.31062],[-56.21995,-23.31257],[-56.22041,-23.31389],[-56.22156,-23.31509],[-56.22202,-23.31747],[-56.22181,-23.3178],[-56.21862,-23.31904],[-56.21789,-23.32039],[-56.21796,-23.32093],[-56.2211,-23.32179],[-56.22469,-23.32206],[-56.22554,-23.32134],[-56.22499,-23.31991],[-56.22502,-23.31907],[-56.22536,-23.31868],[-56.22679,-23.31906],[-56.22906,-23.32284],[-56.23011,-23.32773],[-56.2307,-23.32875],[-56.23153,-23.32931],[-56.23217,-23.32935],[-56.23305,-23.32892],[-56.23341,-23.32821],[-56.23369,-23.32574],[-56.23508,-23.32282],[-56.23555,-23.3203],[-56.23749,-23.31716],[-56.23829,-23.31453],[-56.23868,-23.31395],[-56.23947,-23.31358],[-56.24111,-23.31357],[-56.24239,-23.31457],[-56.24387,-23.31649],[-56.24776,-23.31922],[-56.24952,-23.32212],[-56.25023,-23.32192],[-56.25147,-23.31993],[-56.25195,-23.31972],[-56.2546,-23.32076],[-56.25676,-23.32091],[-56.25944,-23.32342],[-56.25968,-23.32646],[-56.26027,-23.32739],[-56.26105,-23.32735],[-56.26226,-23.32677],[-56.26303,-23.32602],[-56.26382,-23.324],[-56.26417,-23.32388],[-56.26725,-23.3249],[-56.26964,-23.32385],[-56.27021,-23.32387],[-56.27224,-23.32488],[-56.27274,-23.32846],[-56.27382,-23.32991],[-56.27427,-23.33122],[-56.27681,-23.33233],[-56.27791,-23.33185],[-56.27895,-23.32962],[-56.28218,-23.32808],[-56.28277,-23.32837],[-56.28174,-23.32921],[-56.28192,-23.32971],[-56.28562,-23.32858],[-56.2861,-23.32873],[-56.28673,-23.3296],[-56.28713,-23.33143],[-56.28751,-23.33173],[-56.28944,-23.32892],[-56.29045,-23.3287],[-56.29236,-23.32924],[-56.29373,-23.33037],[-56.2943,-23.33205],[-56.29321,-23.33624],[-56.29345,-23.33794],[-56.29174,-23.33878],[-56.29107,-23.33996],[-56.29357,-23.34362],[-56.29446,-23.34363],[-56.29739,-23.34226],[-56.29877,-23.33905],[-56.30016,-23.33812],[-56.30092,-23.338],[-56.30203,-23.33872],[-56.30437,-23.34186],[-56.30756,-23.34409],[-56.30941,-23.34594],[-56.31192,-23.34686],[-56.31263,-23.34669],[-56.31422,-23.3454],[-56.31359,-23.34454],[-56.31487,-23.3411],[-56.31461,-23.34045],[-56.31339,-23.33971],[-56.31337,-23.33922],[-56.31402,-23.33819],[-56.31338,-23.33776],[-56.31036,-23.33704],[-56.30977,-23.33576],[-56.31172,-23.3336],[-56.31141,-23.3327],[-56.31205,-23.33017],[-56.31141,-23.32972],[-56.31018,-23.33009],[-56.30989,-23.32959],[-56.31022,-23.32876],[-56.31193,-23.32755],[-56.31168,-23.32684],[-56.30877,-23.32503],[-56.30749,-23.32615],[-56.30607,-23.3267],[-56.30251,-23.3268],[-56.30092,-23.32538],[-56.29985,-23.32149],[-56.2993,-23.32089],[-56.29845,-23.32094],[-56.2968,-23.32177],[-56.29518,-23.32047],[-56.29041,-23.31992],[-56.28756,-23.31784],[-56.28789,-23.31587],[-56.28957,-23.31429],[-56.28985,-23.31361],[-56.28954,-23.3107],[-56.29027,-23.30963],[-56.28916,-23.30854],[-56.2893,-23.30743],[-56.29034,-23.30697],[-56.29339,-23.30787],[-56.29523,-23.30779],[-56.29804,-23.30707],[-56.29954,-23.30568],[-56.30028,-23.30292],[-56.29892,-23.29952],[-56.29948,-23.29651],[-56.29898,-23.29576],[-56.2961,-23.29655],[-56.29421,-23.29245],[-56.29296,-23.29075],[-56.29147,-23.28977],[-56.28844,-23.2886],[-56.28712,-23.28762],[-56.28614,-23.28749],[-56.28507,-23.28792],[-56.28498,-23.28741],[-56.286,-23.28691],[-56.28609,-23.28656],[-56.28511,-23.28461],[-56.28385,-23.28333],[-56.28186,-23.28274],[-56.28178,-23.28243],[-56.28244,-23.28145],[-56.28244,-23.28069],[-56.28404,-23.28077],[-56.2858,-23.27966],[-56.28721,-23.2799],[-56.28836,-23.2786],[-56.2871,-23.27729],[-56.28689,-23.27368],[-56.28566,-23.27148],[-56.28126,-23.27108],[-56.28017,-23.27211],[-56.27843,-23.27288],[-56.27794,-23.2729],[-56.27661,-23.27206],[-56.27224,-23.27394],[-56.27134,-23.27302],[-56.27132,-23.27252],[-56.27346,-23.27146],[-56.27359,-23.27108],[-56.27217,-23.2683],[-56.27187,-23.26579],[-56.26909,-23.26406],[-56.26824,-23.26154],[-56.27049,-23.26116],[-56.27257,-23.25903],[-56.27398,-23.26004],[-56.27446,-23.25994],[-56.27568,-23.25898],[-56.27559,-23.25806],[-56.27453,-23.25756],[-56.27395,-23.2564],[-56.27324,-23.25604],[-56.27152,-23.25683],[-56.26979,-23.25687],[-56.26796,-23.25636],[-56.26662,-23.25481],[-56.26602,-23.25485],[-56.26529,-23.25537],[-56.26488,-23.25527],[-56.26463,-23.25376],[-56.26379,-23.25255],[-56.26651,-23.25042],[-56.26679,-23.24892],[-56.26392,-23.24886],[-56.26245,-23.24637],[-56.26056,-23.2456],[-56.25956,-23.24455],[-56.25908,-23.24468],[-56.25773,-23.24618],[-56.25644,-23.24641],[-56.25483,-23.24554],[-56.25526,-23.24378],[-56.25506,-23.24339],[-56.25239,-23.24344],[-56.25047,-23.24411],[-56.24972,-23.24347],[-56.24804,-23.24303],[-56.24606,-23.24137],[-56.24375,-23.24079],[-56.24244,-23.23994],[-56.24096,-23.24011],[-56.23951,-23.24083],[-56.23891,-23.23816],[-56.23645,-23.23578],[-56.23598,-23.23432],[-56.23815,-23.23223],[-56.24057,-23.2321],[-56.24133,-23.2315],[-56.24069,-23.22956],[-56.23879,-23.2266],[-56.23748,-23.22642],[-56.2365,-23.22667],[-56.23558,-23.22908],[-56.23469,-23.23017],[-56.23341,-23.23089],[-56.22372,-23.23094],[-56.22049,-23.23293],[-56.21901,-23.23482],[-56.21849,-23.23502],[-56.216,-23.23403],[-56.21151,-23.23066],[-56.21156,-23.22621],[-56.2136,-23.22439],[-56.21382,-23.22281],[-56.21359,-23.22217],[-56.21173,-23.22137],[-56.21064,-23.22153],[-56.21062,-23.22204],[-56.21184,-23.22281],[-56.21207,-23.22361],[-56.21188,-23.22423],[-56.2112,-23.22446],[-56.21033,-23.22346],[-56.20982,-23.22333],[-56.20765,-23.22383],[-56.20696,-23.22453],[-56.20704,-23.2263],[-56.20631,-23.2269],[-56.20313,-23.22734],[-56.20108,-23.22659],[-56.20129,-23.22572],[-56.20325,-23.22527],[-56.20347,-23.22447],[-56.20328,-23.22317],[-56.2028,-23.2229],[-56.20046,-23.22309],[-56.19956,-23.22272],[-56.19869,-23.22144],[-56.19809,-23.21929],[-56.19852,-23.21883],[-56.19977,-23.21856],[-56.20014,-23.216],[-56.20218,-23.21648],[-56.2042,-23.21557],[-56.20502,-23.20695],[-56.20813,-23.20538],[-56.20841,-23.20402],[-56.21015,-23.20051],[-56.21106,-23.20019],[-56.21289,-23.20283],[-56.21451,-23.20159],[-56.21534,-23.19884],[-56.21491,-23.19833],[-56.21343,-23.19782],[-56.21256,-23.19595],[-56.2125,-23.19501],[-56.21341,-23.19175],[-56.21825,-23.19169],[-56.21866,-23.19118],[-56.21749,-23.1887],[-56.2173,-23.18687],[-56.21755,-23.18588],[-56.21342,-23.17882],[-56.2139,-23.17576],[-56.21356,-23.17447],[-56.21215,-23.17368],[-56.20892,-23.17538],[-56.20692,-23.17547],[-56.20546,-23.17463],[-56.20345,-23.17423],[-56.20311,-23.17384],[-56.20282,-23.17086],[-56.20314,-23.16934],[-56.20364,-23.16862],[-56.20538,-23.16813],[-56.20614,-23.16707],[-56.20709,-23.16296],[-56.20765,-23.16205],[-56.20753,-23.16167],[-56.20397,-23.16366],[-56.20249,-23.16355],[-56.20027,-23.1627],[-56.20061,-23.16415],[-56.20026,-23.16443],[-56.1981,-23.16282],[-56.19655,-23.16405],[-56.19484,-23.16403],[-56.1916,-23.16087],[-56.19016,-23.16011],[-56.18687,-23.16126],[-56.18333,-23.16105],[-56.18244,-23.16054],[-56.1824,-23.16011],[-56.18314,-23.15891],[-56.18312,-23.15699],[-56.18635,-23.15361],[-56.18582,-23.152],[-56.1867,-23.15077],[-56.18482,-23.15008],[-56.1831,-23.14823],[-56.18293,-23.14721],[-56.1838,-23.14617],[-56.18616,-23.14568],[-56.18703,-23.14486],[-56.18721,-23.14342],[-56.18641,-23.1424],[-56.18635,-23.13976],[-56.18593,-23.13874],[-56.18735,-23.13838],[-56.18761,-23.13738],[-56.18871,-23.13674],[-56.18904,-23.13558],[-56.18892,-23.13277],[-56.18723,-23.13229],[-56.18706,-23.13192],[-56.18737,-23.13071],[-56.18909,-23.13053],[-56.18928,-23.12989],[-56.18848,-23.12911],[-56.18714,-23.1297],[-56.18623,-23.12935],[-56.18634,-23.12872],[-56.18791,-23.12878],[-56.18795,-23.128],[-56.18697,-23.12724],[-56.18709,-23.12619],[-56.18684,-23.12567],[-56.18538,-23.12521],[-56.18581,-23.1243],[-56.18566,-23.12354],[-56.18497,-23.12295],[-56.18383,-23.12287],[-56.18396,-23.12173],[-56.18351,-23.1211],[-56.18205,-23.12165],[-56.18134,-23.12144],[-56.18033,-23.11923],[-56.17959,-23.11851],[-56.17534,-23.11749],[-56.17484,-23.11768],[-56.17525,-23.11887],[-56.17514,-23.11945],[-56.17394,-23.12023],[-56.17291,-23.12146],[-56.17074,-23.12215],[-56.16947,-23.12479],[-56.16878,-23.12497],[-56.16778,-23.12426],[-56.16637,-23.12426],[-56.16542,-23.12579],[-56.16358,-23.12406],[-56.16084,-23.1231],[-56.1555,-23.12247],[-56.15467,-23.12344],[-56.15428,-23.12295],[-56.15395,-23.12133],[-56.15176,-23.12307],[-56.1487,-23.12162],[-56.14791,-23.12168],[-56.14756,-23.12238],[-56.1464,-23.1229],[-56.14435,-23.12321],[-56.14174,-23.12117],[-56.14086,-23.11991],[-56.14041,-23.11638],[-56.13902,-23.11402],[-56.13941,-23.11159],[-56.13996,-23.11116],[-56.14225,-23.11048],[-56.14581,-23.10975],[-56.14732,-23.1069],[-56.14596,-23.10506],[-56.14509,-23.10531],[-56.14475,-23.10639],[-56.14374,-23.10627],[-56.14402,-23.10335],[-56.1454,-23.10214],[-56.14612,-23.09994],[-56.14817,-23.10016],[-56.15136,-23.09974],[-56.1519,-23.09931],[-56.1521,-23.09833],[-56.15166,-23.09777],[-56.14972,-23.09742],[-56.14901,-23.09696],[-56.14844,-23.09587],[-56.14821,-23.09359],[-56.14546,-23.09123],[-56.14464,-23.09118],[-56.14313,-23.09182],[-56.14055,-23.09196],[-56.13985,-23.09146],[-56.13921,-23.08977],[-56.13826,-23.08869],[-56.13614,-23.08822],[-56.13613,-23.087],[-56.1376,-23.08379],[-56.13777,-23.08253],[-56.13927,-23.07972],[-56.13881,-23.07884],[-56.1387,-23.07749],[-56.13594,-23.07642],[-56.13419,-23.07729],[-56.13172,-23.07554],[-56.13021,-23.07621],[-56.12904,-23.07514],[-56.12989,-23.07301],[-56.12813,-23.07215],[-56.12751,-23.07004],[-56.1258,-23.06945],[-56.12595,-23.06891],[-56.12725,-23.06809],[-56.12635,-23.06686],[-56.12621,-23.06422],[-56.12861,-23.06138],[-56.127,-23.05872],[-56.12655,-23.05565],[-56.12817,-23.05525],[-56.12894,-23.05457],[-56.12933,-23.05287],[-56.12913,-23.05159],[-56.12955,-23.05035],[-56.1292,-23.04945],[-56.13188,-23.04756],[-56.13141,-23.04587],[-56.13079,-23.04552],[-56.12995,-23.04574],[-56.12772,-23.04828],[-56.12676,-23.0471],[-56.12456,-23.04796],[-56.12408,-23.04866],[-56.12561,-23.04932],[-56.12536,-23.04957],[-56.1223,-23.04974],[-56.12301,-23.04637],[-56.12416,-23.04575],[-56.12396,-23.04512],[-56.12264,-23.04446],[-56.12046,-23.04495],[-56.12014,-23.04329],[-56.11939,-23.04249],[-56.11841,-23.04227],[-56.11828,-23.04033],[-56.11775,-23.03983],[-56.11711,-23.03983],[-56.1159,-23.04076],[-56.11532,-23.03916],[-56.1098,-23.03784],[-56.10977,-23.03746],[-56.11066,-23.0371],[-56.11143,-23.03631],[-56.11309,-23.03255],[-56.11446,-23.03222],[-56.11455,-23.02972],[-56.11413,-23.02954],[-56.11227,-23.03026],[-56.11146,-23.0302],[-56.11022,-23.02577],[-56.10971,-23.02578],[-56.10831,-23.02683],[-56.10609,-23.0257],[-56.10569,-23.02464],[-56.10686,-23.02348],[-56.10534,-23.02137],[-56.10379,-23.01808],[-56.103,-23.01741],[-56.10128,-23.01697],[-56.09996,-23.01606],[-56.10006,-23.01547],[-56.1014,-23.0137],[-56.10293,-23.01294],[-56.10401,-23.01316],[-56.10455,-23.01291],[-56.10452,-23.01178],[-56.10394,-23.01088],[-56.10538,-23.01096],[-56.10565,-23.01054],[-56.10388,-23.00999],[-56.10308,-23.0092],[-56.10273,-23.00808],[-56.10314,-23.00596],[-56.10268,-23.00565],[-56.10142,-23.00585],[-56.10039,-23.0051],[-56.09919,-23.00277],[-56.09951,-23.00128],[-56.09712,-23.00158],[-56.09686,-23.00322],[-56.09579,-23.004],[-56.09302,-23.00428],[-56.09165,-23.00287],[-56.09222,-23.00146],[-56.09177,-22.99985],[-56.09344,-22.99808],[-56.0951,-22.99772],[-56.09474,-22.99652],[-56.09612,-22.99656],[-56.09833,-22.99567],[-56.09828,-22.99524],[-56.09652,-22.99435],[-56.09651,-22.994],[-56.09815,-22.99341],[-56.10069,-22.99181],[-56.10126,-22.99085],[-56.10213,-22.99068],[-56.1026,-22.99018],[-56.10321,-22.98825],[-56.1042,-22.98737],[-56.10434,-22.98417],[-56.10543,-22.98368],[-56.10742,-22.98144],[-56.10907,-22.9809],[-56.11011,-22.98302],[-56.11088,-22.98365],[-56.11142,-22.9838],[-56.11306,-22.98327],[-56.11276,-22.97869],[-56.11379,-22.97747],[-56.11336,-22.97682],[-56.1113,-22.97632],[-56.11053,-22.97561],[-56.10896,-22.97591],[-56.10833,-22.9755],[-56.11055,-22.97262],[-56.11034,-22.97138],[-56.1115,-22.97035],[-56.11116,-22.96967],[-56.11013,-22.96887],[-56.1102,-22.96794],[-56.10918,-22.96789],[-56.10871,-22.96735],[-56.10838,-22.96632],[-56.10862,-22.96519],[-56.10691,-22.96448],[-56.10446,-22.96196],[-56.10326,-22.96189],[-56.10305,-22.96139],[-56.10337,-22.96056],[-56.10085,-22.95898],[-56.09984,-22.95723],[-56.09825,-22.95683],[-56.09865,-22.95604],[-56.09943,-22.95546],[-56.10046,-22.95612],[-56.10133,-22.95572],[-56.10042,-22.95336],[-56.10099,-22.95189],[-56.10084,-22.95054],[-56.09955,-22.95005],[-56.09742,-22.95077],[-56.09634,-22.94975],[-56.09724,-22.94829],[-56.09717,-22.9478],[-56.09382,-22.94704],[-56.09357,-22.9467],[-56.09439,-22.94557],[-56.09434,-22.94474],[-56.09363,-22.94431],[-56.09102,-22.9445],[-56.09027,-22.94356],[-56.09073,-22.94256],[-56.09067,-22.94147],[-56.09025,-22.94112],[-56.08934,-22.94118],[-56.08862,-22.94011],[-56.08858,-22.93977],[-56.08945,-22.93892],[-56.08996,-22.93786],[-56.091,-22.93741],[-56.0921,-22.93641],[-56.09198,-22.93562],[-56.09077,-22.93527],[-56.08925,-22.93321],[-56.09061,-22.93217],[-56.09158,-22.93212],[-56.09184,-22.93121],[-56.09105,-22.93065],[-56.08909,-22.93083],[-56.0885,-22.93041],[-56.08911,-22.92947],[-56.09071,-22.92968],[-56.09138,-22.92916],[-56.09022,-22.92668],[-56.08982,-22.92649],[-56.08888,-22.927],[-56.08827,-22.92664],[-56.08864,-22.92574],[-56.08862,-22.92449],[-56.08959,-22.92407],[-56.08911,-22.92354],[-56.08823,-22.92324],[-56.08833,-22.92268],[-56.08914,-22.9222],[-56.08922,-22.92179],[-56.08745,-22.9205],[-56.08824,-22.91818],[-56.08812,-22.91641],[-56.08353,-22.91424],[-56.08241,-22.9142],[-56.08296,-22.91305],[-56.08464,-22.91272],[-56.08463,-22.91201],[-56.08364,-22.91185],[-56.08264,-22.91239],[-56.08159,-22.91193],[-56.08064,-22.91231],[-56.07977,-22.91192],[-56.07979,-22.91136],[-56.08034,-22.9108],[-56.082,-22.91069],[-56.08396,-22.90977],[-56.08257,-22.90843],[-56.08239,-22.9069],[-56.08044,-22.90747],[-56.07976,-22.90627],[-56.07773,-22.90507],[-56.07753,-22.90595],[-56.07648,-22.9064],[-56.07766,-22.90759],[-56.07716,-22.90837],[-56.07614,-22.90889],[-56.07685,-22.90952],[-56.07604,-22.91125],[-56.07559,-22.91123],[-56.07483,-22.91023],[-56.07394,-22.91033],[-56.07308,-22.91087],[-56.07287,-22.9116],[-56.07147,-22.91206],[-56.07221,-22.91324],[-56.07164,-22.91366],[-56.07115,-22.91352],[-56.06979,-22.91184],[-56.07052,-22.91106],[-56.0718,-22.91047],[-56.07278,-22.90835],[-56.07414,-22.90757],[-56.07421,-22.9045],[-56.07294,-22.90451],[-56.07263,-22.90336],[-56.07135,-22.90354],[-56.06995,-22.90482],[-56.07159,-22.90517],[-56.07206,-22.90572],[-56.07011,-22.90653],[-56.06925,-22.90649],[-56.06865,-22.90449],[-56.06684,-22.90467],[-56.06529,-22.90383],[-56.06634,-22.90188],[-56.06593,-22.90121],[-56.0664,-22.90027],[-56.06613,-22.89991],[-56.06444,-22.89959],[-56.06342,-22.89825],[-56.06231,-22.89834],[-56.06247,-22.89693],[-56.05892,-22.8971],[-56.05827,-22.89501],[-56.05846,-22.89296],[-56.05693,-22.89346],[-56.05448,-22.89288],[-56.05426,-22.89134],[-56.0531,-22.89062],[-56.05278,-22.88945],[-56.05129,-22.88894],[-56.05087,-22.88838],[-56.05093,-22.8879],[-56.05227,-22.88765],[-56.05239,-22.88658],[-56.05347,-22.88707],[-56.05367,-22.88677],[-56.05307,-22.88595],[-56.05073,-22.88574],[-56.0514,-22.88394],[-56.05237,-22.88283],[-56.05217,-22.88235],[-56.05129,-22.88193],[-56.05114,-22.8809],[-56.05038,-22.88004],[-56.04959,-22.88004],[-56.04857,-22.87936],[-56.04372,-22.8851],[-56.04255,-22.88557],[-56.04115,-22.88554],[-56.0381,-22.88718],[-56.03622,-22.88994],[-56.03612,-22.89077],[-56.0369,-22.89153],[-56.03699,-22.89228],[-56.03673,-22.89286],[-56.03603,-22.89293],[-56.03364,-22.89177],[-56.03393,-22.89041],[-56.03517,-22.88921],[-56.0341,-22.88746],[-56.03139,-22.88759],[-56.03108,-22.88732],[-56.03172,-22.88549],[-56.03271,-22.8852],[-56.0326,-22.88456],[-56.03057,-22.88461],[-56.03055,-22.88556],[-56.0293,-22.886],[-56.02875,-22.88459],[-56.02652,-22.88464],[-56.02531,-22.88316],[-56.02554,-22.8816],[-56.02493,-22.88061],[-56.02487,-22.87902],[-56.02607,-22.87891],[-56.02614,-22.87847],[-56.02347,-22.87538],[-56.02339,-22.87388],[-56.02121,-22.87296],[-56.02088,-22.87386],[-56.01952,-22.87391],[-56.01788,-22.87681],[-56.01687,-22.87624],[-56.01534,-22.87437],[-56.01263,-22.87254],[-56.0124,-22.87204],[-56.01346,-22.8699],[-56.01317,-22.86907],[-56.0134,-22.86824],[-56.01255,-22.86819],[-56.0118,-22.86684],[-56.01201,-22.86627],[-56.01295,-22.86588],[-56.01219,-22.8649],[-56.01189,-22.86343],[-56.0126,-22.86296],[-56.0139,-22.86331],[-56.01301,-22.86085],[-56.01336,-22.86054],[-56.01512,-22.86055],[-56.01492,-22.8601],[-56.01288,-22.85961],[-56.01098,-22.85813],[-56.00642,-22.85964],[-56.0058,-22.86017],[-56.00386,-22.86017],[-56.0024,-22.85699],[-56.00369,-22.85508],[-56.00436,-22.85481],[-56.00561,-22.85535],[-56.00563,-22.85452],[-56.00523,-22.8542],[-56.00409,-22.85445],[-56.00297,-22.85323],[-56.00083,-22.8527],[-55.99966,-22.85165],[-55.99944,-22.85036],[-55.99774,-22.84942],[-55.99554,-22.85051],[-55.99723,-22.85212],[-55.99556,-22.85327],[-55.99481,-22.85292],[-55.99388,-22.85189],[-55.99116,-22.85028],[-55.9905,-22.85034],[-55.98947,-22.85104],[-55.9882,-22.85084],[-55.98602,-22.84695],[-55.98514,-22.84723],[-55.98464,-22.84787],[-55.98448,-22.85029],[-55.98386,-22.85118],[-55.98326,-22.85102],[-55.98219,-22.84984],[-55.98099,-22.84922],[-55.97901,-22.84675],[-55.97699,-22.845],[-55.976,-22.84526],[-55.97593,-22.84817],[-55.97538,-22.8485],[-55.97469,-22.8482],[-55.97411,-22.84727],[-55.97327,-22.84039],[-55.97372,-22.83665],[-55.97135,-22.83449],[-55.97186,-22.8336],[-55.97212,-22.83221],[-55.97422,-22.83072],[-55.97215,-22.83052],[-55.96945,-22.8315],[-55.96874,-22.83225],[-55.96798,-22.83223],[-55.9667,-22.83134],[-55.96604,-22.83025],[-55.96434,-22.82946],[-55.9649,-22.82767],[-55.96457,-22.82625],[-55.96338,-22.82636],[-55.96211,-22.82598],[-55.96128,-22.82435],[-55.95993,-22.82616],[-55.95948,-22.82599],[-55.95879,-22.825],[-55.9583,-22.82502],[-55.95823,-22.82533],[-55.95885,-22.826],[-55.95887,-22.82674],[-55.95756,-22.82829],[-55.95684,-22.82803],[-55.95626,-22.82719],[-55.95539,-22.82675],[-55.95536,-22.82643],[-55.95662,-22.82622],[-55.95693,-22.8258],[-55.95633,-22.82506],[-55.95624,-22.82411],[-55.9556,-22.82305],[-55.95579,-22.82209],[-55.9566,-22.82132],[-55.95646,-22.81895],[-55.95723,-22.81628],[-55.9571,-22.81536],[-55.95757,-22.81427],[-55.95597,-22.81395],[-55.95554,-22.81286],[-55.95647,-22.81235],[-55.95644,-22.81132],[-55.95703,-22.81056],[-55.95692,-22.80992],[-55.95618,-22.80927],[-55.95527,-22.80913],[-55.95397,-22.81089],[-55.95311,-22.81099],[-55.95159,-22.81025],[-55.94933,-22.80818],[-55.9492,-22.80751],[-55.9496,-22.80683],[-55.9512,-22.80703],[-55.95277,-22.80626],[-55.95253,-22.8056],[-55.95132,-22.80452],[-55.95039,-22.8028],[-55.95037,-22.8014],[-55.94987,-22.80057],[-55.94844,-22.80103],[-55.94764,-22.80088],[-55.94613,-22.79993],[-55.94552,-22.79868],[-55.94366,-22.80095],[-55.94372,-22.80237],[-55.94283,-22.80228],[-55.94223,-22.80144],[-55.94206,-22.79928],[-55.94114,-22.79763],[-55.94154,-22.79592],[-55.94128,-22.79535],[-55.94062,-22.79542],[-55.93903,-22.79657],[-55.9383,-22.79826],[-55.93704,-22.79823],[-55.93646,-22.79784],[-55.93654,-22.796],[-55.93724,-22.79529],[-55.93765,-22.79409],[-55.93853,-22.79396],[-55.93872,-22.7936],[-55.93927,-22.7902],[-55.93882,-22.79005],[-55.93686,-22.7909],[-55.93575,-22.7909],[-55.93497,-22.79001],[-55.93538,-22.78926],[-55.93311,-22.78891],[-55.93428,-22.786],[-55.93547,-22.78539],[-55.9339,-22.78449],[-55.93264,-22.7842],[-55.93251,-22.78314],[-55.93336,-22.78183],[-55.93236,-22.78172],[-55.93154,-22.78319],[-55.92827,-22.78232],[-55.92873,-22.78123],[-55.9298,-22.78108],[-55.9297,-22.78],[-55.93117,-22.77991],[-55.93104,-22.77952],[-55.92919,-22.77877],[-55.92894,-22.77849],[-55.92906,-22.77792],[-55.82138,-22.70707],[-55.86499,-22.65059],[-55.84738,-22.6364],[-55.83733,-22.63267],[-55.81875,-22.62487],[-55.82493,-22.61477],[-55.8264,-22.61346],[-55.82537,-22.61298],[-55.83933,-22.56307],[-55.88014,-22.54824],[-55.93774,-22.5504],[-55.94708,-22.56772],[-55.99737,-22.56201],[-56.08115,-22.59205],[-56.18113,-22.53234],[-56.17966,-22.53124],[-56.17981,-22.53059],[-56.1806,-22.53077],[-56.18089,-22.53043],[-56.18098,-22.52985],[-56.18058,-22.52929],[-56.17569,-22.52684],[-56.17485,-22.52572],[-56.17385,-22.52536],[-56.17196,-22.52359],[-56.17158,-22.52246],[-56.17023,-22.52185],[-56.17042,-22.52099],[-56.16843,-22.5176],[-56.1663,-22.51652],[-56.16526,-22.51492],[-56.16291,-22.5138],[-56.16051,-22.5119],[-56.15842,-22.51141],[-56.15581,-22.5114],[-56.15169,-22.51048],[-56.1478,-22.51187],[-56.14521,-22.51419],[-56.14408,-22.5148],[-56.14177,-22.51489],[-56.13831,-22.51406],[-56.1376,-22.51364],[-56.13714,-22.51284],[-56.1361,-22.51245],[-56.13549,-22.51153],[-56.1337,-22.51106],[-56.13269,-22.50832],[-56.13198,-22.50809],[-56.13157,-22.50709],[-56.13067,-22.50674],[-56.13056,-22.50589],[-56.12951,-22.50448],[-56.12707,-22.50348],[-56.125,-22.50327],[-56.12453,-22.50281],[-56.12404,-22.50067],[-56.12343,-22.50023],[-56.12093,-22.50018],[-56.12051,-22.4996],[-56.11924,-22.49989],[-56.11907,-22.49907],[-56.11801,-22.49851],[-56.11802,-22.49815],[-56.11685,-22.49851],[-56.11654,-22.4973],[-56.11562,-22.49757],[-56.11607,-22.49681],[-56.11598,-22.49642],[-56.11488,-22.49644],[-56.11442,-22.49582],[-56.11282,-22.49543],[-56.1127,-22.49476],[-56.11322,-22.49409],[-56.11233,-22.49399],[-56.1126,-22.49336],[-56.11174,-22.49324],[-56.11232,-22.49287],[-56.11227,-22.4924],[-56.11129,-22.49207],[-56.11042,-22.49117],[-56.10932,-22.49068],[-56.10742,-22.48872],[-56.10454,-22.4878],[-56.10184,-22.48761],[-56.10153,-22.48555],[-56.10024,-22.48226],[-56.09975,-22.48223],[-56.09763,-22.48365],[-56.09623,-22.4833],[-56.09485,-22.48404],[-56.09367,-22.48366],[-56.09353,-22.48333],[-56.09118,-22.48302],[-56.09024,-22.48232],[-56.09078,-22.48158],[-56.08805,-22.48235],[-56.08661,-22.48158],[-56.08584,-22.48173],[-56.08527,-22.48232],[-56.08277,-22.48213],[-56.08245,-22.48205],[-56.08253,-22.48167],[-56.08175,-22.48203],[-56.08103,-22.48154],[-56.081,-22.48111],[-56.08127,-22.48101],[-56.08103,-22.48075],[-56.07947,-22.48076],[-56.07955,-22.48052],[-56.07898,-22.48061],[-56.07836,-22.47968],[-56.07766,-22.47982],[-56.07761,-22.47941],[-56.07814,-22.47909],[-56.07744,-22.47851],[-56.07645,-22.47838],[-56.07621,-22.47762],[-56.0766,-22.47743],[-56.07641,-22.47683],[-56.07614,-22.4768],[-56.07635,-22.47655],[-56.07614,-22.47602],[-56.07561,-22.47593],[-56.07577,-22.47572],[-56.07471,-22.47481],[-56.07434,-22.47412],[-56.07447,-22.47361],[-56.07387,-22.47258],[-56.07268,-22.47164],[-56.07296,-22.47114],[-56.07276,-22.46948],[-56.07225,-22.46918],[-56.07109,-22.46918],[-56.07041,-22.46824],[-56.07124,-22.46731],[-56.07122,-22.46606],[-56.07159,-22.46569],[-56.09314,-22.4023],[-56.08633,-22.35076],[-56.08727,-22.3459],[-56.08783,-22.34472],[-56.0888,-22.34427],[-56.08956,-22.34281],[-56.0892,-22.34174],[-56.08972,-22.33972],[-56.08952,-22.33838],[-56.09065,-22.33642],[-56.09247,-22.33483],[-56.09382,-22.33102],[-56.09384,-22.32971],[-56.09433,-22.32812],[-56.09622,-22.32584],[-56.09712,-22.3242],[-56.09913,-22.31917],[-56.10022,-22.3181],[-56.10424,-22.31668],[-56.10425,-22.31535],[-56.10475,-22.31426],[-56.10561,-22.31401],[-56.10669,-22.31269],[-56.10798,-22.3122],[-56.10865,-22.30997],[-56.10987,-22.30861],[-56.11117,-22.30819],[-56.11165,-22.30669],[-56.11469,-22.30696],[-56.11583,-22.30668],[-56.11687,-22.30701],[-56.1186,-22.30634],[-56.12014,-22.30496],[-56.12107,-22.30466],[-56.12253,-22.30186],[-56.12412,-22.301],[-56.12583,-22.29951],[-56.12781,-22.29895],[-56.13404,-22.29433],[-56.13893,-22.28981],[-56.13966,-22.28797],[-56.1395,-22.28573],[-56.13619,-22.28587],[-56.13562,-22.28498],[-56.13371,-22.28454],[-56.13351,-22.2829],[-56.13272,-22.28375],[-56.13151,-22.2844],[-56.12976,-22.28397],[-56.12826,-22.28214],[-56.12931,-22.28137],[-56.12927,-22.28079],[-56.12872,-22.28039],[-56.12766,-22.28041],[-56.12851,-22.27916],[-56.12848,-22.27771],[-56.12811,-22.27673],[-56.12865,-22.27597],[-56.12851,-22.27511],[-56.12564,-22.27445],[-56.12397,-22.27549],[-56.12337,-22.27556],[-56.12429,-22.27295],[-56.12554,-22.27293],[-56.12456,-22.27073],[-56.12431,-22.27068],[-56.12339,-22.2717],[-56.11979,-22.27322],[-56.11981,-22.27226],[-56.11907,-22.27104],[-56.11841,-22.2705],[-56.11769,-22.27039],[-56.11717,-22.27096],[-56.11585,-22.27469],[-56.11364,-22.2748],[-56.11347,-22.27369],[-56.11237,-22.2733],[-56.11167,-22.27389],[-56.11167,-22.27469],[-56.11055,-22.27463],[-56.10999,-22.27519],[-56.10995,-22.27587],[-56.11056,-22.27625],[-56.11018,-22.27689],[-56.10883,-22.27674],[-56.10706,-22.27739],[-56.10524,-22.27728],[-56.10481,-22.27753],[-56.10453,-22.27847],[-56.10214,-22.27851],[-56.10157,-22.27979],[-56.10092,-22.27882],[-56.1,-22.28046],[-56.09836,-22.28061],[-56.09629,-22.28222],[-56.09652,-22.28251],[-56.09804,-22.28225],[-56.0984,-22.28262],[-56.09814,-22.28317],[-56.09656,-22.28407],[-56.09478,-22.28376],[-56.09343,-22.28401],[-56.09294,-22.28447],[-56.09297,-22.28526],[-56.09262,-22.28574],[-56.08899,-22.2845],[-56.08875,-22.28415],[-56.08884,-22.28256],[-56.08789,-22.28206],[-56.08774,-22.28346],[-56.08678,-22.28422],[-56.08829,-22.28528],[-56.08637,-22.28625],[-56.08454,-22.28303],[-56.08267,-22.28213],[-56.08153,-22.28296],[-56.08136,-22.28486],[-56.08056,-22.28421],[-56.08011,-22.28427],[-56.07988,-22.28473],[-56.08004,-22.28531],[-56.07886,-22.28564],[-56.07853,-22.28609],[-56.07814,-22.28564],[-56.07878,-22.28533],[-56.07867,-22.28488],[-56.07691,-22.28469],[-56.07747,-22.28606],[-56.07584,-22.28681],[-56.07486,-22.28557],[-56.07383,-22.28699],[-56.07272,-22.28725],[-56.07279,-22.2864],[-56.07251,-22.28605],[-56.07183,-22.287],[-56.07129,-22.28714],[-56.07066,-22.28679],[-56.0705,-22.28577],[-56.07016,-22.2855],[-56.06973,-22.28665],[-56.06935,-22.28674],[-56.06852,-22.286],[-56.06816,-22.28447],[-56.06722,-22.28417],[-56.06677,-22.28261],[-56.06617,-22.2822],[-56.06678,-22.28115],[-56.06604,-22.28107],[-56.06619,-22.28014],[-56.06499,-22.28018],[-56.06562,-22.27944],[-56.06515,-22.27903],[-56.06504,-22.27834],[-56.0645,-22.27895],[-56.06401,-22.27887],[-56.06451,-22.27809],[-56.06433,-22.27755],[-56.06379,-22.27836],[-56.06283,-22.2782],[-56.06277,-22.27752],[-56.06332,-22.27648],[-56.0623,-22.27582],[-56.06165,-22.27624],[-56.06184,-22.27679],[-56.06083,-22.27667],[-56.06058,-22.27639],[-56.06126,-22.27571],[-56.06088,-22.27552],[-56.05984,-22.27609],[-56.06019,-22.27683],[-56.06095,-22.27726],[-56.06075,-22.27758],[-56.05942,-22.27739],[-56.059,-22.27687],[-56.05921,-22.2764],[-56.0576,-22.27671],[-56.05664,-22.27645],[-56.05516,-22.2772],[-56.05415,-22.27715],[-56.05411,-22.27776],[-56.05316,-22.27818],[-56.05281,-22.27798],[-56.05309,-22.27739],[-56.05259,-22.27724],[-56.05221,-22.27759],[-56.05232,-22.27815],[-56.05152,-22.27815],[-56.05075,-22.27881],[-56.04998,-22.27878],[-56.04964,-22.27795],[-56.04787,-22.27744],[-56.04777,-22.27938],[-56.04751,-22.27942],[-56.04721,-22.27864],[-56.04657,-22.27864],[-56.04675,-22.27963],[-56.04616,-22.2802],[-56.04448,-22.28082],[-56.04495,-22.28212],[-56.04346,-22.28305],[-56.04283,-22.28229],[-56.04132,-22.28327],[-56.03953,-22.28322],[-56.03847,-22.28266],[-56.03761,-22.28268],[-56.03765,-22.28188],[-56.03735,-22.28138],[-56.03647,-22.28212],[-56.03567,-22.28098],[-56.03523,-22.28144],[-56.03399,-22.28139],[-56.03391,-22.28185],[-56.03446,-22.28258],[-56.03367,-22.28334],[-56.03337,-22.28445],[-56.03271,-22.28485],[-56.03184,-22.28481],[-56.03107,-22.28522],[-56.02925,-22.28449],[-56.02914,-22.28562],[-56.02763,-22.28557],[-56.02655,-22.28592],[-56.02596,-22.28558],[-56.02518,-22.28609],[-56.02508,-22.28513],[-56.02428,-22.28471],[-56.02392,-22.28549],[-56.0229,-22.28545],[-56.02295,-22.28632],[-56.02191,-22.28722],[-56.02113,-22.28714],[-56.02089,-22.28635],[-56.02042,-22.28624],[-56.0199,-22.28693],[-56.01826,-22.28706],[-56.01708,-22.28851],[-56.01588,-22.28825],[-56.0136,-22.28651],[-56.01241,-22.28627],[-56.01184,-22.28834],[-56.01007,-22.28978],[-56.00987,-22.2904],[-56.01038,-22.29136],[-56.01229,-22.29179],[-56.01261,-22.293],[-56.01238,-22.29325],[-56.01148,-22.29278],[-56.01095,-22.29398],[-56.01046,-22.29344],[-56.0105,-22.29432],[-56.01009,-22.29463],[-56.00927,-22.29427],[-56.00873,-22.29309],[-56.00809,-22.29349],[-56.00766,-22.29271],[-56.006,-22.29274],[-56.00527,-22.29425],[-56.00416,-22.29368],[-56.00431,-22.29223],[-56.00294,-22.29092],[-56.00295,-22.28982],[-56.00241,-22.28929],[-56.00277,-22.28879],[-56.00206,-22.2874],[-56.00208,-22.2864],[-56.00177,-22.28638],[-56.00139,-22.28699],[-56.00063,-22.28678],[-56.0017,-22.28565],[-55.99922,-22.28589],[-55.99945,-22.28517],[-56.00032,-22.28476],[-56.0002,-22.2842],[-55.99927,-22.2846],[-55.99837,-22.28361],[-55.99858,-22.28473],[-55.99773,-22.28447],[-55.99726,-22.28422],[-55.99717,-22.28341],[-55.99643,-22.28347],[-55.99601,-22.28271],[-55.99423,-22.28222],[-55.99211,-22.2806],[-55.99151,-22.28091],[-55.99124,-22.28218],[-55.99026,-22.28162],[-55.98944,-22.28192],[-55.98911,-22.28123],[-55.98487,-22.28081],[-55.98438,-22.28049],[-55.98416,-22.2798],[-55.98351,-22.27955],[-55.98382,-22.27892],[-55.98345,-22.27866],[-55.98233,-22.2787],[-55.98171,-22.27918],[-55.98095,-22.2786],[-55.9801,-22.27913],[-55.97979,-22.27954],[-55.98011,-22.28017],[-55.97988,-22.28123],[-55.97912,-22.28123],[-55.97917,-22.28183],[-55.9788,-22.28211],[-55.97726,-22.28242],[-55.97791,-22.2836],[-55.97863,-22.28382],[-55.97766,-22.28477],[-55.97566,-22.28464],[-55.97463,-22.28704],[-55.97129,-22.29019],[-55.96978,-22.29108],[-55.96958,-22.29207],[-55.96734,-22.29038],[-55.96603,-22.28878],[-55.96466,-22.28867],[-55.96373,-22.2894],[-55.96194,-22.28934],[-55.96098,-22.29017],[-55.95928,-22.29011],[-55.95745,-22.2908],[-55.95709,-22.29006],[-55.95411,-22.28973],[-55.95308,-22.29143],[-55.95211,-22.29147],[-55.95098,-22.29283],[-55.94949,-22.29307],[-55.9493,-22.29265],[-55.94855,-22.29267],[-55.94887,-22.29144],[-55.94853,-22.29116],[-55.94888,-22.29009],[-55.9484,-22.28875],[-55.94726,-22.28835],[-55.94611,-22.28673],[-55.94579,-22.28513],[-55.94667,-22.28478],[-55.94675,-22.28441],[-55.94569,-22.28342],[-55.94442,-22.28328],[-55.94374,-22.28281],[-55.94284,-22.28322],[-55.94241,-22.28295],[-55.94233,-22.28238],[-55.94141,-22.28279],[-55.93969,-22.28241],[-55.9375,-22.28155],[-55.93428,-22.27949],[-55.93208,-22.27964],[-55.92853,-22.27842],[-55.92553,-22.2796],[-55.92387,-22.27919],[-55.92272,-22.27937],[-55.92089,-22.28051],[-55.91947,-22.2807],[-55.91806,-22.27995],[-55.91765,-22.27817],[-55.9163,-22.27784],[-55.9151,-22.27824],[-55.91395,-22.27911],[-55.91235,-22.27915],[-55.90743,-22.28284],[-55.90548,-22.28365],[-55.90443,-22.28457],[-55.90193,-22.28504],[-55.90009,-22.28589],[-55.89902,-22.2859],[-55.89647,-22.28499],[-55.89287,-22.28435],[-55.88894,-22.28279],[-55.88766,-22.28273],[-55.8844,-22.28335],[-55.87574,-22.28208],[-55.87464,-22.28303],[-55.86525,-22.28356],[-55.86414,-22.28243],[-55.86157,-22.28313],[-55.8582,-22.28202],[-55.8568,-22.28073],[-55.85329,-22.2803],[-55.85119,-22.28182],[-55.84942,-22.28601],[-55.84314,-22.2871],[-55.84181,-22.28871],[-55.84171,-22.29085],[-55.83915,-22.29413],[-55.83532,-22.2961],[-55.83876,-22.29744],[-55.83812,-22.30041],[-55.83914,-22.30154],[-55.83565,-22.30503],[-55.83632,-22.30806],[-55.83502,-22.31227],[-55.83314,-22.3147],[-55.83177,-22.31457],[-55.82886,-22.316],[-55.83246,-22.32113],[-55.83076,-22.32399],[-55.8324,-22.32566],[-55.82892,-22.33026],[-55.82826,-22.33283],[-55.827,-22.33557],[-55.82471,-22.33673],[-55.82426,-22.33906],[-55.8243,-22.34068],[-55.82101,-22.34515],[-55.81472,-22.34567],[-55.80982,-22.34977],[-55.80928,-22.35247],[-55.80441,-22.35473],[-55.80085,-22.35534],[-55.79855,-22.36475],[-55.79964,-22.36871],[-55.80318,-22.36974],[-55.80371,-22.3723],[-55.79132,-22.38054],[-55.79111,-22.38847],[-55.78822,-22.38903],[-55.7849,-22.38736],[-55.78373,-22.38588],[-55.77982,-22.38437],[-55.77724,-22.38508],[-55.77625,-22.38598],[-55.7667,-22.38426],[-55.75708,-22.38625],[-55.74868,-22.38345],[-55.74671,-22.38411],[-55.74778,-22.3861],[-55.74695,-22.38863],[-55.74454,-22.38971],[-55.742,-22.39539],[-55.74581,-22.4037],[-55.74085,-22.40722],[-55.73722,-22.41122],[-55.7372,-22.41412],[-55.7396,-22.42381],[-55.73641,-22.4292],[-55.73633,-22.43528],[-55.73391,-22.44154],[-55.73672,-22.44467],[-55.73817,-22.45446],[-55.73523,-22.45891],[-55.73576,-22.46013],[-55.73831,-22.45992],[-55.74113,-22.46135],[-55.74341,-22.46377],[-55.74808,-22.46455],[-55.74657,-22.46953],[-55.75108,-22.47473],[-55.75285,-22.47483],[-55.75118,-22.48177],[-55.74769,-22.48313],[-55.7467,-22.48625],[-55.74776,-22.49552],[-55.74727,-22.50548],[-55.74069,-22.51549],[-55.74044,-22.51907],[-55.73703,-22.52798],[-55.73596,-22.5302],[-55.73237,-22.53578],[-55.72826,-22.54407],[-55.7236,-22.55177],[-55.71715,-22.55468],[-55.71369,-22.55736],[-55.69842,-22.56326],[-55.69478,-22.57114],[-55.69478,-22.57754],[-55.68823,-22.58138],[-55.68367,-22.58673],[-55.6829,-22.58889],[-55.6772,-22.5917],[-55.66963,-22.59405],[-55.66654,-22.59877],[-55.66116,-22.60241],[-55.65575,-22.60543],[-55.65655,-22.60651],[-55.7135,-22.65277],[-55.7352,-22.62994],[-55.73721,-22.63153],[-55.73765,-22.63268],[-55.73711,-22.63311],[-55.73717,-22.63371],[-55.73807,-22.63422],[-55.73854,-22.63555],[-55.73994,-22.63732],[-55.73919,-22.63756],[-55.73961,-22.63786],[-55.73927,-22.638],[-55.73931,-22.63851],[-55.73896,-22.63888],[-55.73956,-22.63892],[-55.73945,-22.63953],[-55.73984,-22.63944],[-55.73955,-22.64005],[-55.74061,-22.64098],[-55.74002,-22.64173],[-55.74037,-22.64199],[-55.74034,-22.64159],[-55.74074,-22.64177],[-55.74047,-22.64299],[-55.7414,-22.64379],[-55.74146,-22.64474],[-55.74194,-22.64464],[-55.74218,-22.6449],[-55.74209,-22.6463],[-55.74313,-22.64732],[-55.74324,-22.64803],[-55.74373,-22.64746],[-55.74559,-22.64878],[-55.74627,-22.65025],[-55.74671,-22.65045],[-55.7461,-22.65087],[-55.74759,-22.65123],[-55.74759,-22.65208],[-55.74795,-22.65197],[-55.74788,-22.65155],[-55.74865,-22.65197],[-55.7491,-22.6516],[-55.7496,-22.65222],[-55.74962,-22.65186],[-55.75042,-22.65159],[-55.7498,-22.65117],[-55.75014,-22.65039],[-55.751,-22.65094],[-55.75074,-22.65002],[-55.75146,-22.64986],[-55.75224,-22.65065],[-55.75311,-22.64952],[-55.75361,-22.64963],[-55.75381,-22.64885],[-55.75457,-22.64903],[-55.75468,-22.64869],[-55.75516,-22.64851],[-55.75532,-22.64873],[-55.7556,-22.64823],[-55.75587,-22.64852],[-55.75637,-22.64836],[-55.75709,-22.6476],[-55.75761,-22.64797],[-55.75769,-22.64751],[-55.75781,-22.64834],[-55.7584,-22.64869],[-55.75836,-22.64835],[-55.75861,-22.64839],[-55.75903,-22.64934],[-55.75923,-22.64891],[-55.75961,-22.64886],[-55.75941,-22.64945],[-55.7606,-22.65087],[-55.7613,-22.65022],[-55.76204,-22.65041],[-55.76209,-22.65096],[-55.76294,-22.65163],[-55.76341,-22.65149],[-55.76379,-22.65088],[-55.76419,-22.65135],[-55.76417,-22.65202],[-55.76583,-22.65254],[-55.76602,-22.65331],[-55.76787,-22.65347],[-55.768,-22.65542],[-55.76893,-22.65546],[-55.76889,-22.65871],[-55.76943,-22.6596],[-55.77136,-22.66002],[-55.77214,-22.66146],[-55.77263,-22.66121],[-55.7734,-22.6616],[-55.77353,-22.66319],[-55.77395,-22.66405],[-55.77373,-22.66494],[-55.77444,-22.66577],[-55.77426,-22.66604],[-55.77469,-22.66628],[-55.77411,-22.66686],[-55.77457,-22.66714],[-55.77489,-22.66851],[-55.77651,-22.66847],[-55.77733,-22.66903],[-55.77689,-22.67096],[-55.77825,-22.67153],[-55.77862,-22.67115],[-55.77839,-22.67047],[-55.77863,-22.67017],[-55.78032,-22.66983],[-55.7817,-22.67017],[-55.78193,-22.67134],[-55.78259,-22.6714],[-55.78246,-22.67211],[-55.7834,-22.67247],[-55.78378,-22.67309],[-55.78336,-22.67331],[-55.78331,-22.67391],[-55.78242,-22.67457],[-55.78238,-22.67501],[-55.78394,-22.67566],[-55.78438,-22.6766],[-55.78784,-22.67687],[-55.78886,-22.67821],[-55.7887,-22.67976],[-55.78891,-22.68045],[-55.78938,-22.68081],[-55.78912,-22.68146],[-55.78969,-22.68199],[-55.78988,-22.68405],[-55.79189,-22.6852],[-55.79483,-22.68364],[-55.79539,-22.68425],[-55.7955,-22.68473],[-55.79363,-22.68583],[-55.79453,-22.68758],[-55.7943,-22.68872],[-55.79243,-22.6899],[-55.79262,-22.69084],[-55.79156,-22.69052],[-55.79149,-22.69125],[-55.79242,-22.69215],[-55.79299,-22.69183],[-55.79451,-22.69234],[-55.79422,-22.693],[-55.79443,-22.69322],[-55.79874,-22.69512],[-55.79832,-22.69604],[-55.79916,-22.69663],[-55.79875,-22.69745],[-55.79794,-22.69775],[-55.79782,-22.69818],[-55.79828,-22.69851],[-55.7972,-22.69859],[-55.7972,-22.69945],[-55.79641,-22.69953],[-55.79653,-22.70006],[-55.7977,-22.70069],[-55.79841,-22.70185],[-55.79841,-22.70216],[-55.79771,-22.70236],[-55.79719,-22.70312],[-55.79768,-22.70379],[-55.79846,-22.70382],[-55.79852,-22.70461],[-55.79961,-22.70423],[-55.80066,-22.70464],[-55.80117,-22.70422],[-55.80161,-22.70433],[-55.80303,-22.70629],[-55.80308,-22.70758],[-55.80274,-22.70796],[-55.80231,-22.70785],[-55.80238,-22.7087],[-55.80309,-22.70864],[-55.80385,-22.70919],[-55.80426,-22.709],[-55.80397,-22.71054],[-55.80342,-22.71067],[-55.80312,-22.71022],[-55.80249,-22.71018],[-55.80225,-22.711],[-55.80266,-22.71234],[-55.80253,-22.71321],[-55.80293,-22.71555],[-55.80375,-22.7153],[-55.80398,-22.71585],[-55.80468,-22.71565],[-55.80458,-22.71628],[-55.80487,-22.71671],[-55.80621,-22.71618],[-55.80647,-22.71881],[-55.80569,-22.71934],[-55.80576,-22.72032],[-55.80534,-22.72073],[-55.80599,-22.7212],[-55.80579,-22.7221],[-55.80661,-22.72202],[-55.80695,-22.72155],[-55.80761,-22.72302],[-55.80703,-22.72359],[-55.80705,-22.7244],[-55.80672,-22.72471],[-55.80682,-22.72589],[-55.80723,-22.72668],[-55.80648,-22.72704],[-55.80653,-22.72727],[-55.80786,-22.72772],[-55.80829,-22.72704],[-55.80882,-22.7272],[-55.80909,-22.7277],[-55.80982,-22.72762],[-55.81005,-22.72802],[-55.8095,-22.72989],[-55.80982,-22.73014],[-55.81028,-22.72992],[-55.8105,-22.72846],[-55.8122,-22.7287],[-55.81255,-22.73108],[-55.81449,-22.73177],[-55.8147,-22.73163],[-55.81436,-22.73064],[-55.81458,-22.73021],[-55.81756,-22.72873],[-55.8184,-22.72869],[-55.81839,-22.73003],[-55.81713,-22.73057],[-55.81681,-22.73124],[-55.81753,-22.73202],[-55.81778,-22.73314],[-55.81905,-22.73373],[-55.81972,-22.73357],[-55.82005,-22.73282],[-55.82103,-22.73221],[-55.82152,-22.7306],[-55.82234,-22.73044],[-55.82345,-22.73083],[-55.82472,-22.73016],[-55.82487,-22.73075],[-55.82458,-22.73158],[-55.82485,-22.73169],[-55.82651,-22.7309],[-55.82699,-22.73026],[-55.82797,-22.73008],[-55.82867,-22.73031],[-55.82898,-22.7292],[-55.83005,-22.72937],[-55.82948,-22.73064],[-55.83015,-22.73259],[-55.83184,-22.73308],[-55.83206,-22.7343],[-55.83316,-22.73442],[-55.83461,-22.7339],[-55.8349,-22.7335],[-55.83483,-22.73278],[-55.83775,-22.73295],[-55.83796,-22.73326],[-55.83716,-22.73443],[-55.83775,-22.73548],[-55.83692,-22.73614],[-55.83723,-22.73642],[-55.83899,-22.73645],[-55.83785,-22.73749],[-55.8385,-22.73844],[-55.83838,-22.73995],[-55.84103,-22.74026],[-55.84145,-22.74114],[-55.84188,-22.7404],[-55.84173,-22.73917],[-55.8421,-22.73902],[-55.84433,-22.74018],[-55.84431,-22.74133],[-55.84562,-22.74133],[-55.84603,-22.7404],[-55.84728,-22.74077],[-55.84723,-22.74136],[-55.84621,-22.74239],[-55.84695,-22.74234],[-55.84703,-22.74262],[-55.84564,-22.74308],[-55.84542,-22.74353],[-55.84608,-22.74464],[-55.84726,-22.74525],[-55.84734,-22.74593],[-55.8481,-22.74641],[-55.84851,-22.74759],[-55.84959,-22.74746],[-55.84932,-22.74894],[-55.8511,-22.75105],[-55.85173,-22.75131],[-55.85205,-22.75203],[-55.85371,-22.75225],[-55.85421,-22.75346],[-55.85514,-22.75315],[-55.85589,-22.75338],[-55.856,-22.75556],[-55.85697,-22.75616],[-55.85668,-22.75927],[-55.85605,-22.76055],[-55.85788,-22.76233],[-55.85574,-22.76549],[-55.85545,-22.76682],[-55.85495,-22.76685],[-55.85455,-22.76628],[-55.85388,-22.76682],[-55.85353,-22.76674],[-55.85339,-22.76616],[-55.85294,-22.76599],[-55.8516,-22.76771],[-55.85083,-22.76823],[-55.85207,-22.76995],[-55.85379,-22.76993],[-55.85421,-22.77028],[-55.85399,-22.7711],[-55.8546,-22.77185],[-55.85431,-22.7739],[-55.85324,-22.7735],[-55.85185,-22.77369],[-55.85026,-22.77328],[-55.8448,-22.77313],[-55.84177,-22.77396],[-55.84012,-22.77521],[-55.8377,-22.77607],[-55.83515,-22.7752],[-55.83072,-22.77427],[-55.82499,-22.77376],[-55.82174,-22.77409],[-55.81539,-22.77382],[-55.79683,-22.77551],[-55.79868,-22.77642],[-55.80336,-22.77777],[-55.80543,-22.77781],[-55.80826,-22.77899],[-55.81218,-22.78088],[-55.8139,-22.78294],[-55.81488,-22.78672],[-55.81565,-22.79283],[-55.81563,-22.79594],[-55.81642,-22.79841],[-55.81524,-22.80014],[-55.79355,-22.81078],[-55.78924,-22.80854],[-55.78896,-22.80878],[-55.78761,-22.80803],[-55.78621,-22.80774],[-55.78155,-22.8071],[-55.77588,-22.80758],[-55.77419,-22.80891],[-55.77023,-22.81036],[-55.76705,-22.81193],[-55.76592,-22.81325],[-55.76576,-22.81548],[-55.76486,-22.81699],[-55.76176,-22.8191],[-55.76,-22.82152],[-55.75312,-22.82543],[-55.75197,-22.82666],[-55.75097,-22.82958],[-55.75021,-22.83047],[-55.74912,-22.83104],[-55.74837,-22.83292],[-55.74901,-22.83479],[-55.75124,-22.83902],[-55.75159,-22.84355],[-55.75257,-22.84691],[-55.75263,-22.85009],[-55.75218,-22.85213],[-55.75321,-22.85332],[-55.7539,-22.85552],[-55.75567,-22.85675],[-55.75703,-22.85844],[-55.75718,-22.8606],[-55.75919,-22.86231],[-55.75921,-22.86315],[-55.75966,-22.86315],[-55.76087,-22.86432],[-55.76182,-22.86457],[-55.76283,-22.8682],[-55.76149,-22.86863],[-55.76127,-22.86933],[-55.76168,-22.87052],[-55.76214,-22.87075],[-55.76207,-22.87034],[-55.76235,-22.87035],[-55.76233,-22.87133],[-55.76274,-22.87171],[-55.76301,-22.87167],[-55.76302,-22.87129],[-55.76374,-22.87175],[-55.76399,-22.87128],[-55.76499,-22.87116],[-55.76465,-22.87214],[-55.76475,-22.87297],[-55.76407,-22.87423],[-55.76362,-22.87439],[-55.76329,-22.87626],[-55.76418,-22.87796],[-55.7637,-22.87962],[-55.76416,-22.88021],[-55.76473,-22.88021],[-55.76475,-22.88085],[-55.76512,-22.88119],[-55.76587,-22.8808],[-55.76616,-22.88097],[-55.76612,-22.88241],[-55.76696,-22.88306],[-55.76665,-22.88356],[-55.76734,-22.88372],[-55.76723,-22.88433],[-55.76786,-22.88473],[-55.76759,-22.88534],[-55.76828,-22.88618],[-55.76865,-22.88873],[-55.76956,-22.88935],[-55.76824,-22.89065],[-55.76764,-22.89212],[-55.76702,-22.8926],[-55.76479,-22.89354],[-55.76263,-22.89378],[-55.76199,-22.8942],[-55.76118,-22.89694],[-55.7603,-22.89765],[-55.76034,-22.89841],[-55.7595,-22.89957],[-55.75809,-22.89991],[-55.75628,-22.89936],[-55.75394,-22.90125],[-55.7526,-22.90296],[-55.74861,-22.90307],[-55.74584,-22.90405],[-55.74411,-22.90356],[-55.74231,-22.90415],[-55.74004,-22.9043],[-55.73658,-22.90512],[-55.73513,-22.90591],[-55.73419,-22.90729],[-55.73307,-22.90722],[-55.7279,-22.91017],[-55.72541,-22.91046],[-55.72471,-22.91084],[-55.72317,-22.91003],[-55.72206,-22.90987],[-55.72128,-22.90925],[-55.7197,-22.90885],[-55.71828,-22.90989],[-55.71656,-22.91053],[-55.71646,-22.91099],[-55.71578,-22.91121],[-55.71542,-22.91202],[-55.71338,-22.91357],[-55.71249,-22.91405],[-55.71187,-22.91361],[-55.71051,-22.91445],[-55.70972,-22.91456],[-55.70812,-22.91617],[-55.70025,-22.91593],[-55.69973,-22.91654],[-55.69774,-22.91762],[-55.6956,-22.91748],[-55.69084,-22.92082],[-55.69003,-22.92223],[-55.68841,-22.92257],[-55.68814,-22.92393],[-55.68751,-22.92475],[-55.68655,-22.92724],[-55.68512,-22.92864],[-55.68329,-22.92939],[-55.68299,-22.9301],[-55.6822,-22.93027],[-55.68179,-22.93091],[-55.68086,-22.93122],[-55.67924,-22.93272],[-55.67895,-22.93369],[-55.679,-22.93593],[-55.67749,-22.93771],[-55.67552,-22.93923],[-55.67445,-22.94365],[-55.67363,-22.94468],[-55.67235,-22.94803],[-55.6715,-22.94863],[-55.66781,-22.94889],[-55.66587,-22.94865],[-55.66521,-22.95035],[-55.66533,-22.95132],[-55.66478,-22.95403],[-55.66494,-22.9546],[-55.66118,-22.96405],[-55.66147,-22.96487],[-55.66125,-22.96622],[-55.66253,-22.96859],[-55.66244,-22.96977],[-55.66351,-22.97162],[-55.66339,-22.97262],[-55.66448,-22.97304],[-55.66521,-22.97412],[-55.66604,-22.9747],[-55.66634,-22.9763],[-55.66926,-22.9799],[-55.67154,-22.98533],[-55.67289,-22.98711],[-55.67302,-22.98826],[-55.6725,-22.99061],[-55.67133,-22.99293],[-55.67163,-22.99435],[-55.67277,-22.99679],[-55.67236,-22.99942],[-55.67409,-23.00161],[-55.67501,-23.0045],[-55.67611,-23.00614],[-55.67756,-23.00669],[-55.67992,-23.00664],[-55.68075,-23.00693],[-55.68305,-23.00845],[-55.68439,-23.01026],[-55.68797,-23.01096],[-55.69018,-23.01405],[-55.692,-23.01491],[-55.69449,-23.01543],[-55.69975,-23.01871],[-55.70074,-23.02229],[-55.70256,-23.02454],[-55.70288,-23.02712],[-55.70429,-23.02798],[-55.70576,-23.0279],[-55.70673,-23.02951],[-55.70836,-23.03024],[-55.71026,-23.03165],[-55.71196,-23.03362],[-55.71166,-23.03428],[-55.71281,-23.03607],[-55.71703,-23.03511],[-55.7173,-23.03521],[-55.71781,-23.03739],[-55.71917,-23.03877],[-55.7222,-23.0392],[-55.72341,-23.03912],[-55.72409,-23.03864],[-55.7248,-23.03891],[-55.72565,-23.03861],[-55.72602,-23.03881],[-55.72639,-23.03989],[-55.72704,-23.04023],[-55.72967,-23.03946],[-55.73084,-23.04025],[-55.73267,-23.04015],[-55.73485,-23.04098],[-55.73653,-23.0409],[-55.73711,-23.04136],[-55.73907,-23.04099],[-55.73982,-23.04209],[-55.74148,-23.04181],[-55.74234,-23.04276],[-55.74395,-23.04295],[-55.7447,-23.04396],[-55.74676,-23.04388],[-55.74773,-23.04482],[-55.74888,-23.04527],[-55.74911,-23.04571],[-55.75073,-23.04559],[-55.7528,-23.04652],[-55.75277,-23.04742],[-55.75365,-23.04784],[-55.75349,-23.04935],[-55.75472,-23.04864],[-55.75583,-23.04929],[-55.75777,-23.04962],[-55.75826,-23.0502],[-55.75949,-23.05063],[-55.75912,-23.05196],[-55.75948,-23.05295],[-55.75769,-23.05331],[-55.75867,-23.05388],[-55.75985,-23.05372],[-55.76038,-23.05619],[-55.76152,-23.05637],[-55.7611,-23.05698],[-55.75956,-23.05713],[-55.75954,-23.05794],[-55.76014,-23.05828],[-55.76091,-23.05804],[-55.7635,-23.05824],[-55.76495,-23.05878],[-55.76501,-23.05929],[-55.76389,-23.05962],[-55.76259,-23.05928],[-55.76256,-23.06009],[-55.76339,-23.06072],[-55.76458,-23.06068],[-55.76566,-23.06146],[-55.76821,-23.06199],[-55.76821,-23.06305],[-55.76781,-23.06395],[-55.76802,-23.06541],[-55.76855,-23.06587],[-55.77123,-23.06568],[-55.77169,-23.06609],[-55.77076,-23.06767],[-55.77077,-23.0682],[-55.77253,-23.07021],[-55.77317,-23.07019],[-55.77367,-23.06963],[-55.77549,-23.06934],[-55.77531,-23.06759],[-55.77746,-23.06756],[-55.77829,-23.06881],[-55.78053,-23.06953],[-55.78107,-23.07103],[-55.78097,-23.07272],[-55.78218,-23.07229],[-55.78344,-23.07438],[-55.78462,-23.07383],[-55.78542,-23.07445],[-55.78737,-23.07455],[-55.78739,-23.07665],[-55.78872,-23.07755],[-55.78811,-23.07837],[-55.78888,-23.08084],[-55.79228,-23.07924],[-55.79362,-23.07801],[-55.79439,-23.07848],[-55.79437,-23.07885],[-55.79316,-23.08011],[-55.79309,-23.08103],[-55.79526,-23.08111],[-55.79542,-23.08162],[-55.7944,-23.08203],[-55.79446,-23.08237],[-55.79621,-23.08292],[-55.79746,-23.08413],[-55.79743,-23.08481],[-55.79643,-23.08628],[-55.7961,-23.08756],[-55.79634,-23.08804],[-55.797,-23.08833],[-55.79958,-23.08793],[-55.79968,-23.08872],[-55.80072,-23.09077],[-55.80057,-23.09135],[-55.79966,-23.0918],[-55.79963,-23.09226],[-55.80049,-23.09298],[-55.80112,-23.09289],[-55.80137,-23.09191],[-55.80229,-23.09176],[-55.8048,-23.09244],[-55.80477,-23.09276],[-55.80386,-23.09343],[-55.80556,-23.0964],[-55.80575,-23.09789],[-55.80634,-23.09784],[-55.8068,-23.09741],[-55.80713,-23.09654],[-55.8083,-23.09683],[-55.80936,-23.09859],[-55.8101,-23.10136],[-55.81042,-23.10126],[-55.81186,-23.09804],[-55.81225,-23.09789],[-55.81346,-23.09838],[-55.81351,-23.09912],[-55.81298,-23.09971],[-55.81304,-23.10302],[-55.81325,-23.10343],[-55.81368,-23.10347],[-55.815,-23.10214],[-55.81542,-23.10262],[-55.81513,-23.10483],[-55.81421,-23.10523],[-55.81356,-23.10635],[-55.81295,-23.10624],[-55.81244,-23.10546],[-55.81169,-23.1058],[-55.81239,-23.10764],[-55.81345,-23.10923],[-55.81305,-23.11088],[-55.81409,-23.11113],[-55.81655,-23.1106],[-55.81752,-23.10885],[-55.81741,-23.10756],[-55.81907,-23.10651],[-55.81948,-23.10675],[-55.82022,-23.10823],[-55.8201,-23.10869],[-55.81873,-23.10934],[-55.81945,-23.11069],[-55.81914,-23.11251],[-55.81936,-23.11387],[-55.81895,-23.11498],[-55.8201,-23.11566],[-55.81758,-23.11626],[-55.81721,-23.11777],[-55.81723,-23.11877],[-55.81789,-23.11974],[-55.81835,-23.12168],[-55.81762,-23.12298],[-55.81777,-23.12324],[-55.81941,-23.12297],[-55.82087,-23.12158],[-55.822,-23.12273],[-55.82128,-23.12323],[-55.82132,-23.12447],[-55.82339,-23.12383],[-55.82469,-23.124],[-55.82477,-23.12522],[-55.82378,-23.12663],[-55.82401,-23.12804],[-55.82348,-23.12861],[-55.82379,-23.12981],[-55.82215,-23.13042],[-55.82031,-23.13027],[-55.81944,-23.13138],[-55.8196,-23.13173],[-55.82193,-23.13244],[-55.82377,-23.13186],[-55.82587,-23.13184],[-55.82521,-23.13272],[-55.82412,-23.13327],[-55.82353,-23.13324],[-55.82323,-23.13359],[-55.82372,-23.13546],[-55.82357,-23.13668],[-55.82441,-23.13734],[-55.82305,-23.13822],[-55.82211,-23.13928],[-55.82221,-23.13977],[-55.82378,-23.14092],[-55.82553,-23.14103],[-55.82652,-23.14251],[-55.82636,-23.14338],[-55.82539,-23.14301],[-55.82458,-23.14324],[-55.82484,-23.14456],[-55.82459,-23.14732],[-55.82532,-23.14734],[-55.82631,-23.1465],[-55.82735,-23.1467],[-55.82753,-23.14709],[-55.82688,-23.14838],[-55.82896,-23.15027],[-55.83145,-23.15112],[-55.83212,-23.1533],[-55.83366,-23.15294],[-55.83609,-23.15332],[-55.8384,-23.15321],[-55.83897,-23.15559],[-55.83926,-23.15567],[-55.83975,-23.15476],[-55.84012,-23.15465],[-55.84313,-23.15631],[-55.84451,-23.15881],[-55.84445,-23.16032],[-55.84532,-23.16077],[-55.84715,-23.1608],[-55.85156,-23.15936],[-55.8519,-23.1602],[-55.85154,-23.16108],[-55.85005,-23.16088],[-55.84977,-23.16142],[-55.85117,-23.16232],[-55.85148,-23.16389],[-55.85236,-23.16515],[-55.85462,-23.16688],[-55.85812,-23.16795],[-55.85946,-23.16665],[-55.86013,-23.1666],[-55.86169,-23.16756],[-55.86229,-23.16831],[-55.86395,-23.16833],[-55.86416,-23.16909],[-55.86308,-23.17045],[-55.86125,-23.16993],[-55.86076,-23.16847],[-55.86015,-23.16854],[-55.85984,-23.17005],[-55.86027,-23.1719],[-55.85989,-23.17367],[-55.86007,-23.17399],[-55.86198,-23.17387],[-55.8633,-23.1753],[-55.86324,-23.17578],[-55.86247,-23.17637],[-55.86282,-23.17714],[-55.86629,-23.17776],[-55.86804,-23.17762],[-55.86848,-23.17794],[-55.86831,-23.17947],[-55.86734,-23.17987],[-55.86703,-23.18079],[-55.86729,-23.18124],[-55.86842,-23.18117],[-55.86864,-23.18141],[-55.86871,-23.18287],[-55.86735,-23.18323],[-55.86719,-23.18353],[-55.86978,-23.18467],[-55.87002,-23.18498],[-55.8699,-23.18661],[-55.87148,-23.1869],[-55.87167,-23.18729],[-55.87146,-23.18861],[-55.87174,-23.18878],[-55.87356,-23.18844],[-55.87513,-23.18912],[-55.87651,-23.18798],[-55.87738,-23.18806],[-55.87763,-23.18935],[-55.87693,-23.19059],[-55.87811,-23.19174],[-55.87734,-23.19263],[-55.87741,-23.19354],[-55.87881,-23.19517],[-55.87888,-23.19622],[-55.88108,-23.19567],[-55.88176,-23.19635],[-55.87967,-23.19811],[-55.8792,-23.19926],[-55.88063,-23.19886],[-55.88274,-23.20018],[-55.88328,-23.20106],[-55.88504,-23.20077],[-55.88582,-23.20108],[-55.88642,-23.202],[-55.88624,-23.20379],[-55.88769,-23.20452],[-55.88811,-23.20505],[-55.88784,-23.20568],[-55.8892,-23.20735],[-55.89176,-23.20759],[-55.89198,-23.20793],[-55.89167,-23.20875],[-55.89031,-23.20952],[-55.88978,-23.21049],[-55.88975,-23.21142],[-55.8904,-23.21312],[-55.89014,-23.21353],[-55.88933,-23.21373],[-55.88864,-23.21335],[-55.88565,-23.21404],[-55.88607,-23.21492],[-55.88713,-23.21563],[-55.88685,-23.21753],[-55.88758,-23.21757],[-55.8899,-23.21558],[-55.89151,-23.21512],[-55.89198,-23.21539],[-55.8919,-23.2169],[-55.89493,-23.21707],[-55.89688,-23.21794],[-55.89689,-23.21883],[-55.89593,-23.22004],[-55.89631,-23.22097],[-55.89616,-23.22163],[-55.89845,-23.22304],[-55.90216,-23.22378],[-55.9034,-23.22477],[-55.90535,-23.22835],[-55.90833,-23.22919],[-55.90814,-23.23003],[-55.91109,-23.23199],[-55.91209,-23.23302],[-55.91127,-23.23456],[-55.91118,-23.23559],[-55.91154,-23.23587],[-55.91193,-23.23574],[-55.91279,-23.23412],[-55.91516,-23.2328],[-55.91602,-23.23402],[-55.91828,-23.23593],[-55.91888,-23.23868],[-55.91959,-23.23876],[-55.92014,-23.23762],[-55.92091,-23.23767],[-55.92143,-23.23845],[-55.92248,-23.23844],[-55.9232,-23.23944],[-55.92428,-23.24013],[-55.92615,-23.24065],[-55.92638,-23.24205],[-55.92971,-23.24299],[-55.92946,-23.24339],[-55.92839,-23.24337],[-55.92891,-23.24445],[-55.93131,-23.24632],[-55.93181,-23.24703],[-55.93391,-23.2474],[-55.93372,-23.2482],[-55.93238,-23.24897],[-55.93446,-23.24865],[-55.9353,-23.24811],[-55.93558,-23.24763],[-55.9349,-23.24679],[-55.93544,-23.24564],[-55.93547,-23.24411],[-55.93582,-23.24359],[-55.93709,-23.24298],[-55.93745,-23.24309],[-55.93738,-23.24528],[-55.93768,-23.24569],[-55.94323,-23.24755],[-55.9436,-23.24735],[-55.9436,-23.24688],[-55.94296,-23.24613],[-55.94181,-23.24564],[-55.94208,-23.24467],[-55.94376,-23.24489],[-55.94498,-23.24553],[-55.94511,-23.24492],[-55.94415,-23.24407],[-55.94415,-23.24362],[-55.9447,-23.24318],[-55.9464,-23.24433],[-55.94764,-23.2441],[-55.94773,-23.24307],[-55.94846,-23.24201],[-55.94821,-23.24059],[-55.94839,-23.24017],[-55.94886,-23.23978],[-55.95068,-23.23936],[-55.95083,-23.23804],[-55.95314,-23.23738],[-55.95348,-23.23699],[-55.95548,-23.23756],[-55.95583,-23.23852],[-55.95661,-23.23936],[-55.95586,-23.24076],[-55.95466,-23.24108],[-55.95462,-23.24138],[-55.95565,-23.24172],[-55.95547,-23.2432],[-55.95459,-23.24254],[-55.95381,-23.24244],[-55.95401,-23.24419],[-55.95511,-23.24379],[-55.95589,-23.24411],[-55.95603,-23.24452],[-55.95564,-23.24551],[-55.95663,-23.2457],[-55.9575,-23.24547],[-55.9582,-23.2459],[-55.9584,-23.24543],[-55.95788,-23.24485],[-55.95823,-23.24396],[-55.95812,-23.24323],[-55.95894,-23.24344],[-55.96021,-23.24448],[-55.96068,-23.24375],[-55.96191,-23.24397],[-55.96495,-23.24208],[-55.96504,-23.24119],[-55.96534,-23.24104],[-55.9658,-23.24185],[-55.96527,-23.2425],[-55.9653,-23.24326],[-55.96574,-23.24397],[-55.96864,-23.24489],[-55.97044,-23.24469],[-55.97055,-23.24522],[-55.96944,-23.24586],[-55.97159,-23.24692],[-55.97089,-23.24813],[-55.97121,-23.24936],[-55.97171,-23.24987],[-55.97,-23.2515],[-55.96988,-23.25204],[-55.97015,-23.25254],[-55.97136,-23.25283],[-55.97193,-23.25252],[-55.97322,-23.25062],[-55.97378,-23.2512],[-55.97379,-23.25173],[-55.97312,-23.25245],[-55.97338,-23.25281],[-55.97401,-23.25305],[-55.97492,-23.25257],[-55.97536,-23.25295],[-55.97529,-23.25342],[-55.97598,-23.25355],[-55.97697,-23.25328],[-55.97726,-23.25201],[-55.97842,-23.2515],[-55.98102,-23.2519],[-55.98128,-23.25224],[-55.98127,-23.25353],[-55.98184,-23.2545],[-55.98234,-23.25329],[-55.98276,-23.25305],[-55.98345,-23.25324],[-55.98576,-23.25656],[-55.98789,-23.25877],[-55.98912,-23.25874],[-55.98895,-23.25921],[-55.98734,-23.25955],[-55.9886,-23.26001],[-55.98876,-23.26074],[-55.98723,-23.26045],[-55.98711,-23.26065],[-55.98869,-23.26143],[-55.98979,-23.26106],[-55.99028,-23.26254],[-55.98923,-23.26292],[-55.99039,-23.2639],[-55.99034,-23.26485],[-55.99142,-23.26447],[-55.99218,-23.26482],[-55.99214,-23.2651],[-55.99137,-23.26512],[-55.99092,-23.26549],[-55.98956,-23.26723],[-55.98929,-23.26839],[-55.99508,-23.26882],[-55.99616,-23.26931],[-55.99766,-23.26947],[-55.99863,-23.27182],[-55.99951,-23.27302],[-56.00033,-23.27368],[-56.00226,-23.2744],[-56.00273,-23.27414],[-56.00207,-23.27289],[-56.0024,-23.27214],[-56.00291,-23.27164],[-56.00382,-23.27141],[-56.00554,-23.27116],[-56.00557,-23.27155],[-56.00458,-23.2722],[-56.00415,-23.27335],[-56.00437,-23.27352],[-56.00534,-23.27339],[-56.00652,-23.27232],[-56.00732,-23.27255],[-56.00764,-23.27376],[-56.00798,-23.27367],[-56.00839,-23.27323],[-56.00815,-23.27203],[-56.00844,-23.27175],[-56.00882,-23.27187],[-56.00901,-23.27334],[-56.00929,-23.27355],[-56.01057,-23.27331],[-56.01148,-23.27222],[-56.01273,-23.27279],[-56.0132,-23.27195],[-56.01248,-23.27116],[-56.012,-23.27014],[-56.01219,-23.2698],[-56.01521,-23.27062],[-56.01663,-23.27177],[-56.01729,-23.27293],[-56.01908,-23.27359],[-56.02054,-23.27353],[-56.02119,-23.27478],[-56.02285,-23.27498],[-56.02201,-23.2759],[-56.02207,-23.27652],[-56.02336,-23.27711],[-56.02396,-23.27694],[-56.02423,-23.27616],[-56.02461,-23.27648],[-56.02463,-23.27687],[-56.02377,-23.27784],[-56.02387,-23.27875],[-56.02541,-23.27729],[-56.0259,-23.27721],[-56.02755,-23.27805],[-56.02844,-23.28008],[-56.02971,-23.27981],[-56.02967,-23.28082],[-56.0292,-23.28151],[-56.02984,-23.28205],[-56.03063,-23.28189],[-56.03115,-23.28232],[-56.03112,-23.2832],[-56.0298,-23.28511],[-56.03085,-23.28715],[-56.03206,-23.28771],[-56.03298,-23.28869],[-56.03589,-23.28886],[-56.03709,-23.28959],[-56.03803,-23.28861],[-56.03981,-23.28759],[-56.04001,-23.28786],[-56.03978,-23.28948],[-56.04264,-23.28996],[-56.04298,-23.29034],[-56.04323,-23.29272],[-56.04251,-23.29362],[-56.04279,-23.29436],[-56.04155,-23.29508],[-56.04184,-23.29544],[-56.04667,-23.29743],[-56.04805,-23.29844],[-56.05047,-23.29952],[-56.05111,-23.3004],[-56.05153,-23.30035],[-56.05196,-23.29966],[-56.05382,-23.29883],[-56.05478,-23.30107],[-56.05451,-23.30159],[-56.0539,-23.30185],[-56.05287,-23.30166],[-56.05291,-23.30192],[-56.05484,-23.30363],[-56.05334,-23.30461],[-56.05389,-23.30629],[-56.05376,-23.30752],[-56.05485,-23.30818],[-56.05672,-23.30849],[-56.05781,-23.30831],[-56.0608,-23.30913],[-56.06129,-23.31068],[-56.0612,-23.31197],[-56.06032,-23.31427],[-56.06058,-23.31452],[-56.06328,-23.31483],[-56.06401,-23.31467],[-56.06577,-23.31341],[-56.06938,-23.31218],[-56.07206,-23.31199],[-56.07503,-23.31276],[-56.07601,-23.31345],[-56.07627,-23.31403],[-56.07786,-23.31421],[-56.07792,-23.31505],[-56.07828,-23.31533],[-56.08185,-23.31572],[-56.08221,-23.31623],[-56.08173,-23.31826],[-56.08191,-23.3186],[-56.08462,-23.31859],[-56.08563,-23.32035],[-56.0874,-23.31975],[-56.09022,-23.32066],[-56.09469,-23.3249],[-56.09479,-23.32828],[-56.09626,-23.32868],[-56.09666,-23.32937],[-56.09499,-23.3313],[-56.09396,-23.33172],[-56.09431,-23.33284],[-56.09528,-23.33337],[-56.09885,-23.33331],[-56.10319,-23.33396],[-56.10478,-23.3349],[-56.1066,-23.33491],[-56.10877,-23.33673],[-56.10952,-23.3364],[-56.11046,-23.33456],[-56.11372,-23.33262],[-56.11362,-23.32711],[-56.11292,-23.32601],[-56.11329,-23.32497],[-56.11415,-23.32512],[-56.11671,-23.32719],[-56.1193,-23.3283],[-56.12248,-23.32776],[-56.12294,-23.32469],[-56.12334,-23.32475],[-56.12451,-23.32596],[-56.12517,-23.32724],[-56.12632,-23.32711],[-56.12731,-23.32365],[-56.12665,-23.31988],[-56.12687,-23.31958],[-56.12841,-23.31972],[-56.12846,-23.31692],[-56.12984,-23.31589],[-56.1308,-23.31468],[-56.13562,-23.31273],[-56.13937,-23.31394],[-56.13982,-23.31555],[-56.1394,-23.31782],[-56.14259,-23.31868],[-56.14368,-23.31824],[-56.14366,-23.31525],[-56.14648,-23.31309],[-56.14738,-23.31113],[-56.1485,-23.31019],[-56.15165,-23.31034],[-56.15197,-23.31066],[-56.15187,-23.31392],[-56.15212,-23.31524],[-56.15306,-23.31685],[-56.15419,-23.31695],[-56.15528,-23.31664],[-56.15703,-23.31454],[-56.15744,-23.3143],[-56.15848,-23.31457],[-56.15897,-23.31517],[-56.1591,-23.31599],[-56.15902,-23.31868],[-56.15865,-23.31977],[-56.15939,-23.32151],[-56.16086,-23.32238],[-56.16348,-23.32294],[-56.16453,-23.32278],[-56.16504,-23.32243],[-56.16478,-23.32134],[-56.16267,-23.31999],[-56.16252,-23.31957],[-56.16329,-23.31721],[-56.16611,-23.31574],[-56.16817,-23.31433],[-56.16833,-23.31383],[-56.16794,-23.3127],[-56.16547,-23.31126],[-56.16396,-23.30999],[-56.1639,-23.3096],[-56.16479,-23.30911],[-56.167,-23.30966],[-56.16854,-23.30936],[-56.17042,-23.3083],[-56.17182,-23.30919],[-56.17374,-23.30976],[-56.17388,-23.30829],[-56.1725,-23.30491],[-56.17259,-23.304],[-56.17412,-23.30155],[-56.17457,-23.30168],[-56.17632,-23.30369],[-56.17765,-23.30452],[-56.17835,-23.30723],[-56.17888,-23.30805],[-56.17953,-23.30837],[-56.18022,-23.30837],[-56.1808,-23.30796],[-56.18159,-23.30351],[-56.18217,-23.30267],[-56.18748,-23.3041],[-56.18908,-23.30411],[-56.19215,-23.30289],[-56.19419,-23.30176],[-56.19531,-23.3007],[-56.19633,-23.30186],[-56.19652,-23.30295],[-56.1958,-23.30492],[-56.19655,-23.3065],[-56.19726,-23.30714],[-56.19884,-23.30779],[-56.20324,-23.3077],[-56.20494,-23.30947],[-56.20746,-23.31057],[-56.20815,-23.31043],[-56.20852,-23.3088],[-56.20774,-23.30472],[-56.20846,-23.30458],[-56.21086,-23.3055],[-56.21164,-23.30542],[-56.21254,-23.30487],[-56.21418,-23.30308],[-56.21679,-23.30637],[-56.21779,-23.30689]]]}},{"type":"Feature","properties":{"nome":"Ponta Porã","pais":"BR","unidade":"Município","dep":"Mato Grosso do Sul","pop":92017,"pop_urb":79687,"pop_rur":12330,"area_km2":5359.35,"area_oficial":true,"destaque":true},"geometry":{"type":"Polygon","coordinates":[[[-55.7667,-22.3842],[-55.7571,-22.3862],[-55.7487,-22.3834],[-55.7467,-22.3841],[-55.7477,-22.3861],[-55.7469,-22.3886],[-55.7445,-22.3897],[-55.742,-22.3953],[-55.7458,-22.4037],[-55.7409,-22.4072],[-55.7372,-22.4112],[-55.7372,-22.4141],[-55.7396,-22.4238],[-55.7364,-22.4292],[-55.7363,-22.4352],[-55.7339,-22.4415],[-55.7367,-22.4446],[-55.7382,-22.4544],[-55.7353,-22.4589],[-55.7358,-22.4601],[-55.7383,-22.4599],[-55.7412,-22.4613],[-55.7434,-22.4637],[-55.7481,-22.4645],[-55.7466,-22.4695],[-55.7511,-22.4747],[-55.7528,-22.4748],[-55.7512,-22.4817],[-55.7477,-22.4831],[-55.7467,-22.4862],[-55.7477,-22.4955],[-55.7473,-22.5055],[-55.7408,-22.5155],[-55.7405,-22.519],[-55.7378,-22.5264],[-55.736,-22.5302],[-55.7324,-22.5358],[-55.7283,-22.5441],[-55.7236,-22.5518],[-55.7172,-22.5547],[-55.7137,-22.5574],[-55.6985,-22.5633],[-55.6948,-22.5711],[-55.6949,-22.5776],[-55.688,-22.5814],[-55.6837,-22.5867],[-55.6829,-22.5889],[-55.6772,-22.5917],[-55.6696,-22.594],[-55.6666,-22.5986],[-55.6612,-22.6024],[-55.6515,-22.6079],[-55.6492,-22.6105],[-55.6414,-22.6127],[-55.6368,-22.6178],[-55.6314,-22.6206],[-55.6252,-22.6283],[-55.6233,-22.6438],[-55.6225,-22.6471],[-55.6229,-22.6505],[-55.6216,-22.6529],[-55.6181,-22.6535],[-55.6144,-22.6551],[-55.6138,-22.66],[-55.6172,-22.6649],[-55.6183,-22.6704],[-55.6173,-22.6776],[-55.6093,-22.689],[-55.6136,-22.6928],[-55.6072,-22.7012],[-55.5993,-22.7074],[-55.5929,-22.7138],[-55.5887,-22.7174],[-55.5873,-22.7193],[-55.5857,-22.7202],[-55.5842,-22.7204],[-55.581,-22.72],[-55.5782,-22.7205],[-55.5766,-22.7213],[-55.5738,-22.7236],[-55.5728,-22.7251],[-55.5722,-22.7291],[-55.5699,-22.7334],[-55.5686,-22.7368],[-55.5676,-22.7378],[-55.5635,-22.74],[-55.5611,-22.7419],[-55.5597,-22.744],[-55.5578,-22.7458],[-55.5574,-22.7484],[-55.5552,-22.7505],[-55.5535,-22.7513],[-55.5448,-22.7532],[-55.5434,-22.7538],[-55.5433,-22.755],[-55.5418,-22.7547],[-55.5409,-22.7553],[-55.5404,-22.7576],[-55.538,-22.7593],[-55.5354,-22.7592],[-55.5336,-22.7584],[-55.532,-22.7594],[-55.53,-22.7613],[-55.5294,-22.7625],[-55.5298,-22.7647],[-55.5285,-22.7654],[-55.5254,-22.7654],[-55.5258,-22.7643],[-55.5243,-22.7606],[-55.5221,-22.7578],[-55.5208,-22.7548],[-55.5192,-22.7529],[-55.5177,-22.7495],[-55.5176,-22.7471],[-55.518,-22.7448],[-55.519,-22.7418],[-55.5185,-22.7389],[-55.5204,-22.7207],[-55.5174,-22.7214],[-55.511,-22.7246],[-55.5088,-22.7249],[-55.5013,-22.7227],[-55.5,-22.7212],[-55.4995,-22.7192],[-55.4981,-22.7178],[-55.4953,-22.7161],[-55.4904,-22.7149],[-55.484,-22.7126],[-55.481,-22.7103],[-55.478,-22.707],[-55.4744,-22.704],[-55.4676,-22.7014],[-55.4658,-22.7014],[-55.4621,-22.6997],[-55.4603,-22.6966],[-55.4586,-22.6957],[-55.4554,-22.696],[-55.4539,-22.6954],[-55.4529,-22.6978],[-55.4511,-22.6975],[-55.45,-22.6954],[-55.4488,-22.6944],[-55.4472,-22.6945],[-55.445,-22.6938],[-55.4426,-22.6939],[-55.4416,-22.6945],[-55.4395,-22.6975],[-55.4366,-22.6983],[-55.4354,-22.6974],[-55.4337,-22.6937],[-55.4313,-22.6937],[-55.4303,-22.6947],[-55.4289,-22.6949],[-55.429,-22.6962],[-55.4274,-22.6963],[-55.426,-22.6996],[-55.4242,-22.7016],[-55.4202,-22.6966],[-55.4183,-22.6954],[-55.4142,-22.6945],[-55.4133,-22.6922],[-55.4122,-22.6918],[-55.4121,-22.6939],[-55.4103,-22.6936],[-55.4092,-22.6922],[-55.4066,-22.6916],[-55.401,-22.693],[-55.3996,-22.6938],[-55.3972,-22.694],[-55.3958,-22.6928],[-55.3963,-22.6908],[-55.3947,-22.6908],[-55.3951,-22.6922],[-55.394,-22.6931],[-55.3914,-22.6911],[-55.3893,-22.691],[-55.3888,-22.6917],[-55.3879,-22.6953],[-55.3867,-22.696],[-55.3852,-22.6955],[-55.3825,-22.6974],[-55.3823,-22.6987],[-55.3844,-22.6987],[-55.3866,-22.6998],[-55.3869,-22.702],[-55.3856,-22.7047],[-55.3819,-22.7058],[-55.3828,-22.7068],[-55.3825,-22.7079],[-55.3812,-22.7085],[-55.3805,-22.7071],[-55.3778,-22.7049],[-55.3759,-22.7047],[-55.3735,-22.7053],[-55.371,-22.7048],[-55.369,-22.7037],[-55.3654,-22.7035],[-55.3637,-22.7042],[-55.3624,-22.704],[-55.3638,-22.7065],[-55.3626,-22.7087],[-55.3605,-22.7089],[-55.3579,-22.7098],[-55.3563,-22.7094],[-55.3541,-22.7094],[-55.3515,-22.708],[-55.357,-22.7047],[-55.3577,-22.7023],[-55.3575,-22.7007],[-55.3565,-22.6982],[-55.3563,-22.6951],[-55.3552,-22.6919],[-55.3545,-22.6851],[-55.3533,-22.6802],[-55.3537,-22.6795],[-55.3513,-22.678],[-55.3504,-22.6769],[-55.3487,-22.6736],[-55.3524,-22.6656],[-55.3556,-22.657],[-55.3626,-22.6572],[-55.3626,-22.6553],[-55.3682,-22.6529],[-55.3613,-22.6401],[-55.3599,-22.6283],[-55.3572,-22.6152],[-55.359,-22.597],[-55.355,-22.5962],[-55.3554,-22.5943],[-55.361,-22.5849],[-55.3607,-22.5785],[-55.3618,-22.5741],[-55.3634,-22.5701],[-55.3636,-22.5676],[-55.3648,-22.5623],[-55.3645,-22.5597],[-55.362,-22.553],[-55.3603,-22.5514],[-55.356,-22.5495],[-55.3542,-22.5481],[-55.3526,-22.5475],[-55.3508,-22.5461],[-55.3483,-22.5429],[-55.3463,-22.5411],[-55.3527,-22.525],[-55.3666,-22.5296],[-55.3688,-22.5255],[-55.3391,-22.5086],[-55.3499,-22.4866],[-55.3479,-22.4847],[-55.3467,-22.4841],[-55.3365,-22.4832],[-55.3338,-22.4836],[-55.3312,-22.4827],[-55.3259,-22.4827],[-55.3234,-22.4833],[-55.3218,-22.4847],[-55.3207,-22.4865],[-55.32,-22.4899],[-55.3178,-22.4927],[-55.3149,-22.4942],[-55.3127,-22.4978],[-55.3111,-22.4988],[-55.3082,-22.4993],[-55.305,-22.4987],[-55.3027,-22.4975],[-55.3006,-22.497],[-55.2992,-22.496],[-55.2981,-22.4938],[-55.2981,-22.4921],[-55.2973,-22.4918],[-55.2938,-22.4942],[-55.2927,-22.4931],[-55.2925,-22.492],[-55.2945,-22.4885],[-55.2963,-22.4871],[-55.2965,-22.4855],[-55.2957,-22.4845],[-55.2934,-22.485],[-55.2915,-22.4862],[-55.29,-22.4858],[-55.2881,-22.486],[-55.2841,-22.4877],[-55.2817,-22.4873],[-55.2815,-22.4853],[-55.2797,-22.4823],[-55.2782,-22.4817],[-55.2774,-22.4831],[-55.2743,-22.4856],[-55.2727,-22.4856],[-55.2689,-22.4841],[-55.2673,-22.4839],[-55.2641,-22.4825],[-55.2629,-22.4806],[-55.2597,-22.4791],[-55.258,-22.4773],[-55.2551,-22.4763],[-55.2531,-22.4746],[-55.2518,-22.4751],[-55.2518,-22.4766],[-55.2529,-22.4788],[-55.251,-22.4823],[-55.2494,-22.4834],[-55.2454,-22.4847],[-55.2436,-22.4841],[-55.2432,-22.4832],[-55.2439,-22.4811],[-55.2469,-22.4775],[-55.2466,-22.4755],[-55.2441,-22.4751],[-55.2402,-22.4758],[-55.237,-22.4752],[-55.2351,-22.4758],[-55.2351,-22.4778],[-55.2345,-22.4788],[-55.2329,-22.4787],[-55.2324,-22.4779],[-55.2319,-22.4752],[-55.2322,-22.4738],[-55.2332,-22.4724],[-55.2336,-22.4709],[-55.2322,-22.4688],[-55.2306,-22.4684],[-55.2283,-22.4666],[-55.2269,-22.4663],[-55.2246,-22.4686],[-55.2234,-22.4685],[-55.2211,-22.4662],[-55.2174,-22.4647],[-55.2145,-22.4621],[-55.2146,-22.4603],[-55.2125,-22.4591],[-55.212,-22.4579],[-55.2093,-22.4572],[-55.209,-22.4561],[-55.2096,-22.454],[-55.2093,-22.4521],[-55.2061,-22.4471],[-55.2044,-22.446],[-55.2019,-22.4456],[-55.1979,-22.4467],[-55.1961,-22.4466],[-55.1956,-22.4456],[-55.1938,-22.4457],[-55.1926,-22.4439],[-55.1936,-22.4423],[-55.1923,-22.4406],[-55.1905,-22.4397],[-55.1877,-22.4389],[-55.1849,-22.4393],[-55.1822,-22.4403],[-55.1789,-22.4402],[-55.1767,-22.4397],[-55.1675,-22.4347],[-55.1653,-22.4324],[-55.1635,-22.4312],[-55.1609,-22.4287],[-55.1595,-22.4265],[-55.1544,-22.4252],[-55.1525,-22.4258],[-55.1513,-22.425],[-55.1502,-22.4225],[-55.1489,-22.4207],[-55.15,-22.4198],[-55.1471,-22.4189],[-55.1447,-22.4174],[-55.1419,-22.4163],[-55.1388,-22.4196],[-55.137,-22.42],[-55.1359,-22.4194],[-55.1352,-22.4159],[-55.1328,-22.4134],[-55.1311,-22.4126],[-55.13,-22.4139],[-55.1269,-22.4121],[-55.1259,-22.411],[-55.1224,-22.4094],[-55.1199,-22.4055],[-55.1185,-22.4051],[-55.116,-22.4068],[-55.1151,-22.4078],[-55.1153,-22.4094],[-55.1142,-22.4114],[-55.1149,-22.4144],[-55.1142,-22.4158],[-55.1128,-22.4167],[-55.1102,-22.4177],[-55.1088,-22.4167],[-55.1071,-22.418],[-55.1046,-22.419],[-55.1036,-22.4179],[-55.1014,-22.4186],[-55.0989,-22.4187],[-55.0971,-22.4211],[-55.0939,-22.4231],[-55.0926,-22.4247],[-55.0906,-22.4255],[-55.0866,-22.425],[-55.0855,-22.4241],[-55.0815,-22.4226],[-55.0797,-22.4225],[-55.078,-22.423],[-55.0759,-22.4218],[-55.0728,-22.4191],[-55.0703,-22.4185],[-55.0692,-22.4192],[-55.0664,-22.4198],[-55.0656,-22.4194],[-55.0641,-22.4169],[-55.063,-22.4157],[-55.061,-22.4158],[-55.0597,-22.414],[-55.0579,-22.4127],[-55.055,-22.4125],[-55.0539,-22.413],[-55.0537,-22.4101],[-55.053,-22.4073],[-55.0537,-22.4058],[-55.0553,-22.4044],[-55.0557,-22.4027],[-55.0553,-22.4],[-55.0563,-22.3987],[-55.0558,-22.3955],[-55.0544,-22.3931],[-55.0502,-22.3908],[-55.0497,-22.3883],[-55.0487,-22.3878],[-55.0494,-22.3863],[-55.0495,-22.3841],[-55.0481,-22.3795],[-55.0473,-22.3782],[-55.0471,-22.3761],[-55.0463,-22.3739],[-55.045,-22.3718],[-55.0449,-22.3701],[-55.0442,-22.3691],[-55.0424,-22.3688],[-55.0394,-22.3693],[-55.0371,-22.3692],[-55.0343,-22.3686],[-55.0328,-22.3686],[-55.0319,-22.3697],[-55.0285,-22.3693],[-55.0271,-22.3698],[-55.0262,-22.3714],[-55.0254,-22.3712],[-55.0229,-22.3694],[-55.0224,-22.3682],[-55.0212,-22.3677],[-55.0195,-22.3659],[-55.0186,-22.3656],[-55.0166,-22.3664],[-55.0157,-22.3695],[-55.0123,-22.3701],[-55.0058,-22.3675],[-55.0047,-22.3644],[-55.0007,-22.3608],[-54.9991,-22.3605],[-54.9953,-22.3608],[-54.9926,-22.3583],[-54.991,-22.3589],[-54.99,-22.3581],[-54.9872,-22.3572],[-54.9853,-22.3574],[-54.9849,-22.3554],[-54.9814,-22.3552],[-54.9771,-22.3516],[-54.9766,-22.3503],[-54.9781,-22.3491],[-54.9774,-22.3479],[-54.9785,-22.3465],[-54.9784,-22.3448],[-54.9802,-22.3442],[-54.9816,-22.3444],[-54.9825,-22.3431],[-54.9808,-22.3414],[-54.9823,-22.3402],[-54.9839,-22.3416],[-54.9858,-22.3423],[-54.9889,-22.3428],[-54.9927,-22.3448],[-54.9947,-22.344],[-54.9961,-22.3447],[-54.9986,-22.3442],[-55.0006,-22.3443],[-55.0026,-22.3433],[-55.005,-22.3431],[-55.008,-22.3437],[-55.0098,-22.3424],[-55.0112,-22.3396],[-55.0135,-22.3386],[-55.0161,-22.339],[-55.0182,-22.3389],[-55.0205,-22.3377],[-55.0216,-22.3365],[-55.0216,-22.3347],[-55.0201,-22.3341],[-55.0196,-22.333],[-55.0215,-22.3308],[-55.0219,-22.328],[-55.0249,-22.3261],[-55.0258,-22.3216],[-55.0286,-22.3207],[-55.0301,-22.3212],[-55.0312,-22.3238],[-55.0328,-22.3248],[-55.0347,-22.3244],[-55.0358,-22.3207],[-55.0389,-22.3167],[-55.0395,-22.3154],[-55.0396,-22.3131],[-55.0401,-22.3124],[-55.044,-22.3097],[-55.0488,-22.3095],[-55.051,-22.3098],[-55.0524,-22.3094],[-55.0533,-22.3083],[-55.054,-22.3029],[-55.0534,-22.3012],[-55.054,-22.2986],[-55.053,-22.2972],[-55.0548,-22.295],[-55.057,-22.2952],[-55.0573,-22.2927],[-55.0578,-22.2919],[-55.0606,-22.2897],[-55.0625,-22.291],[-55.0632,-22.2903],[-55.0642,-22.2881],[-55.0674,-22.2876],[-55.0701,-22.2861],[-55.069,-22.284],[-55.0696,-22.2833],[-55.0715,-22.2833],[-55.0724,-22.2816],[-55.0722,-22.2803],[-55.0729,-22.2789],[-55.0715,-22.2775],[-55.0708,-22.2717],[-55.0727,-22.2707],[-55.0736,-22.2696],[-55.0752,-22.2657],[-55.0771,-22.2655],[-55.0783,-22.2636],[-55.0796,-22.2636],[-55.0814,-22.2644],[-55.0816,-22.2629],[-55.0831,-22.262],[-55.0844,-22.2629],[-55.0841,-22.2648],[-55.0848,-22.2655],[-55.0862,-22.2647],[-55.0892,-22.2637],[-55.0919,-22.2619],[-55.0936,-22.2629],[-55.0955,-22.2628],[-55.0986,-22.2601],[-55.0995,-22.26],[-55.1014,-22.2609],[-55.1019,-22.2604],[-55.1016,-22.2584],[-55.1023,-22.2578],[-55.1017,-22.2555],[-55.1022,-22.253],[-55.1019,-22.2494],[-55.1037,-22.2483],[-55.1026,-22.2467],[-55.1047,-22.2465],[-55.1055,-22.2486],[-55.107,-22.2487],[-55.1069,-22.2473],[-55.1081,-22.2472],[-55.1087,-22.2487],[-55.1099,-22.2486],[-55.1113,-22.2469],[-55.1129,-22.2458],[-55.117,-22.2443],[-55.1211,-22.2435],[-55.1224,-22.2429],[-55.1238,-22.2432],[-55.124,-22.2454],[-55.127,-22.2429],[-55.1254,-22.2409],[-55.1254,-22.2386],[-55.127,-22.2369],[-55.1293,-22.2335],[-55.1312,-22.2329],[-55.1333,-22.2334],[-55.1348,-22.2351],[-55.1358,-22.2351],[-55.1361,-22.2335],[-55.1373,-22.233],[-55.1381,-22.2317],[-55.1402,-22.2302],[-55.1419,-22.231],[-55.1435,-22.2299],[-55.1412,-22.2292],[-55.1406,-22.2281],[-55.1412,-22.2272],[-55.1436,-22.2272],[-55.1427,-22.2242],[-55.1436,-22.2237],[-55.1461,-22.2254],[-55.1472,-22.2251],[-55.1494,-22.2237],[-55.1539,-22.2233],[-55.1591,-22.2237],[-55.1615,-22.2233],[-55.1634,-22.2244],[-55.1623,-22.2269],[-55.163,-22.2279],[-55.1653,-22.2285],[-55.1663,-22.2305],[-55.1684,-22.2321],[-55.1708,-22.2326],[-55.1729,-22.2321],[-55.1796,-22.2331],[-55.1822,-22.2332],[-55.1838,-22.2337],[-55.1844,-22.2357],[-55.186,-22.237],[-55.1856,-22.2391],[-55.1872,-22.2419],[-55.19,-22.2448],[-55.1922,-22.2444],[-55.1946,-22.2455],[-55.195,-22.247],[-55.1987,-22.2456],[-55.201,-22.2452],[-55.2025,-22.2421],[-55.2037,-22.2416],[-55.2067,-22.242],[-55.2102,-22.242],[-55.2098,-22.2404],[-55.2053,-22.2333],[-55.2053,-22.2307],[-55.2078,-22.2292],[-55.2085,-22.2265],[-55.2117,-22.2237],[-55.2135,-22.2232],[-55.2164,-22.2248],[-55.2178,-22.2251],[-55.219,-22.2247],[-55.2207,-22.2229],[-55.222,-22.2226],[-55.2262,-22.2246],[-55.2269,-22.2253],[-55.2254,-22.2272],[-55.2261,-22.2289],[-55.2275,-22.2295],[-55.2288,-22.2291],[-55.2311,-22.2266],[-55.235,-22.2253],[-55.24,-22.2249],[-55.2418,-22.2252],[-55.2415,-22.2277],[-55.2438,-22.2271],[-55.2468,-22.2243],[-55.248,-22.2226],[-55.2493,-22.2231],[-55.2522,-22.2272],[-55.2534,-22.2278],[-55.2545,-22.2271],[-55.2558,-22.2253],[-55.2573,-22.224],[-55.2592,-22.226],[-55.261,-22.2259],[-55.2625,-22.2241],[-55.2626,-22.2227],[-55.2614,-22.2212],[-55.2616,-22.2185],[-55.2624,-22.2182],[-55.2666,-22.2184],[-55.268,-22.2173],[-55.2686,-22.2147],[-55.2698,-22.2159],[-55.272,-22.2157],[-55.2721,-22.2172],[-55.2734,-22.2169],[-55.2759,-22.2129],[-55.2764,-22.2098],[-55.2784,-22.2099],[-55.2787,-22.2077],[-55.2763,-22.2072],[-55.2762,-22.2056],[-55.2787,-22.2007],[-55.2809,-22.2006],[-55.2814,-22.1982],[-55.2833,-22.1953],[-55.2854,-22.193],[-55.2906,-22.192],[-55.2934,-22.1919],[-55.2951,-22.193],[-55.2932,-22.1935],[-55.2943,-22.1964],[-55.296,-22.1969],[-55.2972,-22.1953],[-55.2993,-22.1942],[-55.303,-22.1949],[-55.3043,-22.1948],[-55.3062,-22.1938],[-55.3074,-22.1945],[-55.3082,-22.1933],[-55.3098,-22.1926],[-55.3113,-22.1935],[-55.312,-22.1946],[-55.3123,-22.1981],[-55.3136,-22.1994],[-55.3195,-22.2],[-55.3202,-22.1983],[-55.3211,-22.1974],[-55.3226,-22.1976],[-55.3234,-22.1997],[-55.3218,-22.2019],[-55.3241,-22.2026],[-55.3252,-22.2037],[-55.3251,-22.2048],[-55.3231,-22.2058],[-55.3236,-22.2069],[-55.3256,-22.2091],[-55.3269,-22.2124],[-55.328,-22.2143],[-55.3294,-22.2148],[-55.3314,-22.2127],[-55.3315,-22.2097],[-55.3324,-22.2077],[-55.3328,-22.205],[-55.3348,-22.2032],[-55.3366,-22.2023],[-55.3388,-22.2021],[-55.3397,-22.2009],[-55.335,-22.1972],[-55.3373,-22.1938],[-55.3374,-22.1956],[-55.3427,-22.1987],[-55.3418,-22.2014],[-55.3419,-22.2026],[-55.3428,-22.205],[-55.3449,-22.2061],[-55.3461,-22.2054],[-55.3498,-22.2043],[-55.3531,-22.2029],[-55.3566,-22.2029],[-55.3576,-22.204],[-55.361,-22.2065],[-55.3635,-22.2069],[-55.3649,-22.2076],[-55.3722,-22.2099],[-55.374,-22.2076],[-55.3743,-22.2067],[-55.3713,-22.2018],[-55.3703,-22.1992],[-55.3703,-22.1936],[-55.3717,-22.1922],[-55.373,-22.1902],[-55.3739,-22.191],[-55.3758,-22.1907],[-55.3786,-22.1912],[-55.3775,-22.1881],[-55.3778,-22.1868],[-55.3787,-22.1862],[-55.3813,-22.183],[-55.3821,-22.1795],[-55.3838,-22.1763],[-55.384,-22.1748],[-55.3823,-22.1734],[-55.3804,-22.1733],[-55.3815,-22.1715],[-55.3812,-22.1701],[-55.3799,-22.1705],[-55.3777,-22.1687],[-55.3763,-22.1669],[-55.3766,-22.1653],[-55.3789,-22.1655],[-55.3801,-22.1645],[-55.382,-22.1642],[-55.3861,-22.1617],[-55.3868,-22.1603],[-55.3861,-22.1594],[-55.3872,-22.1577],[-55.3872,-22.1565],[-55.3857,-22.1552],[-55.3873,-22.1543],[-55.3892,-22.1517],[-55.3888,-22.1502],[-55.3902,-22.1496],[-55.392,-22.1512],[-55.3926,-22.1502],[-55.3914,-22.1488],[-55.3908,-22.1471],[-55.392,-22.1456],[-55.3947,-22.145],[-55.3968,-22.1463],[-55.3993,-22.1441],[-55.4004,-22.1426],[-55.4039,-22.1401],[-55.4067,-22.1401],[-55.4073,-22.1416],[-55.4087,-22.1418],[-55.4059,-22.1452],[-55.4039,-22.147],[-55.4034,-22.1487],[-55.4035,-22.1514],[-55.4046,-22.1531],[-55.4083,-22.1533],[-55.4102,-22.155],[-55.4123,-22.1534],[-55.4137,-22.1538],[-55.4139,-22.1551],[-55.4158,-22.1545],[-55.4161,-22.1536],[-55.4155,-22.1509],[-55.4162,-22.1494],[-55.4177,-22.1487],[-55.4212,-22.1496],[-55.4222,-22.1489],[-55.4232,-22.1467],[-55.4237,-22.144],[-55.4243,-22.1425],[-55.4261,-22.1415],[-55.428,-22.1395],[-55.4293,-22.1407],[-55.4312,-22.1439],[-55.4332,-22.1448],[-55.4362,-22.1456],[-55.4371,-22.1477],[-55.4386,-22.1457],[-55.4397,-22.1424],[-55.4457,-22.1383],[-55.4469,-22.1386],[-55.4481,-22.1399],[-55.4479,-22.1413],[-55.4448,-22.143],[-55.445,-22.145],[-55.4464,-22.1468],[-55.4469,-22.1482],[-55.4484,-22.1474],[-55.4492,-22.1461],[-55.4513,-22.1447],[-55.4524,-22.1429],[-55.4572,-22.1382],[-55.4578,-22.1368],[-55.4599,-22.1368],[-55.459,-22.1351],[-55.4599,-22.1319],[-55.4615,-22.1309],[-55.4644,-22.1259],[-55.4666,-22.1244],[-55.4683,-22.1238],[-55.4708,-22.1236],[-55.4744,-22.1247],[-55.4767,-22.1262],[-55.4783,-22.1264],[-55.4803,-22.124],[-55.4831,-22.1244],[-55.4846,-22.1243],[-55.4857,-22.1231],[-55.4865,-22.121],[-55.488,-22.1212],[-55.4888,-22.123],[-55.4907,-22.1208],[-55.4927,-22.1193],[-55.4944,-22.119],[-55.4952,-22.1172],[-55.4935,-22.1154],[-55.4941,-22.1145],[-55.4939,-22.1124],[-55.4928,-22.1113],[-55.4926,-22.1099],[-55.4941,-22.1086],[-55.4944,-22.1048],[-55.4938,-22.1027],[-55.4949,-22.0997],[-55.4974,-22.0984],[-55.4978,-22.0964],[-55.4969,-22.0905],[-55.4968,-22.0873],[-55.4963,-22.0855],[-55.4965,-22.0819],[-55.4971,-22.0791],[-55.4969,-22.0748],[-55.4956,-22.0706],[-55.4952,-22.0646],[-55.4956,-22.0626],[-55.5012,-22.0517],[-55.5011,-22.0491],[-55.5016,-22.0419],[-55.5026,-22.0392],[-55.5022,-22.0385],[-55.4998,-22.0374],[-55.4991,-22.0349],[-55.5016,-22.0315],[-55.504,-22.0254],[-55.506,-22.0224],[-55.5094,-22.0184],[-55.5114,-22.015],[-55.5116,-22.0132],[-55.5113,-22.0067],[-55.5124,-22.0027],[-55.5141,-21.9992],[-55.5154,-21.9979],[-55.5161,-21.9961],[-55.5198,-21.9914],[-55.522,-21.99],[-55.5236,-21.9875],[-55.5232,-21.9842],[-55.4873,-21.9718],[-55.4867,-21.9702],[-55.4868,-21.9685],[-55.4855,-21.9636],[-55.4849,-21.9624],[-55.4821,-21.9604],[-55.4789,-21.9568],[-55.4776,-21.9558],[-55.4697,-21.9522],[-55.4678,-21.9511],[-55.4643,-21.9483],[-55.4612,-21.947],[-55.4572,-21.9469],[-55.4546,-21.9462],[-55.4512,-21.9441],[-55.4472,-21.9424],[-55.4442,-21.9401],[-55.4396,-21.9376],[-55.4384,-21.9366],[-55.4326,-21.9284],[-55.4318,-21.9244],[-55.4301,-21.921],[-55.4271,-21.9118],[-55.4241,-21.9061],[-55.4228,-21.9021],[-55.4211,-21.9004],[-55.4187,-21.8993],[-55.4158,-21.8974],[-55.4131,-21.8947],[-55.4117,-21.8947],[-55.4136,-21.8922],[-55.4141,-21.8905],[-55.4132,-21.887],[-55.4118,-21.8851],[-55.4121,-21.8832],[-55.4135,-21.8813],[-55.417,-21.8808],[-55.4182,-21.88],[-55.4183,-21.8782],[-55.4207,-21.87],[-55.4197,-21.8685],[-55.4213,-21.8682],[-55.4232,-21.8703],[-55.4254,-21.8703],[-55.4279,-21.8724],[-55.4317,-21.8735],[-55.4339,-21.8748],[-55.4362,-21.8775],[-55.4383,-21.8787],[-55.4395,-21.8787],[-55.4391,-21.8746],[-55.4398,-21.8701],[-55.4415,-21.8687],[-55.4437,-21.8679],[-55.4454,-21.8683],[-55.4466,-21.8696],[-55.447,-21.871],[-55.4488,-21.8716],[-55.452,-21.8697],[-55.4525,-21.871],[-55.4513,-21.8725],[-55.4521,-21.8732],[-55.4532,-21.8719],[-55.4561,-21.8712],[-55.4583,-21.87],[-55.4614,-21.871],[-55.4607,-21.8727],[-55.4617,-21.8737],[-55.4669,-21.8742],[-55.4692,-21.8729],[-55.4693,-21.8715],[-55.4675,-21.8698],[-55.4662,-21.8669],[-55.4644,-21.8651],[-55.4628,-21.8619],[-55.4641,-21.8617],[-55.466,-21.8647],[-55.4672,-21.8657],[-55.4696,-21.8657],[-55.4735,-21.8642],[-55.4744,-21.8624],[-55.4749,-21.8596],[-55.4747,-21.8579],[-55.4718,-21.8574],[-55.4712,-21.8541],[-55.4721,-21.8533],[-55.4744,-21.8544],[-55.4756,-21.8546],[-55.4769,-21.8539],[-55.4779,-21.8519],[-55.4798,-21.8517],[-55.4814,-21.8532],[-55.4827,-21.8534],[-55.4869,-21.8528],[-55.4879,-21.8516],[-55.4874,-21.8501],[-55.486,-21.8479],[-55.4859,-21.8455],[-55.4884,-21.8446],[-55.4902,-21.8435],[-55.4914,-21.8433],[-55.4924,-21.8455],[-55.4934,-21.8462],[-55.4979,-21.848],[-55.4992,-21.8492],[-55.5017,-21.8502],[-55.5025,-21.8528],[-55.5046,-21.8516],[-55.5066,-21.8517],[-55.5078,-21.8511],[-55.5094,-21.849],[-55.5105,-21.8487],[-55.511,-21.8473],[-55.5127,-21.8462],[-55.5125,-21.8453],[-55.5099,-21.8429],[-55.5102,-21.841],[-55.5112,-21.8399],[-55.5114,-21.8376],[-55.5092,-21.8355],[-55.5087,-21.8333],[-55.5093,-21.8311],[-55.511,-21.8313],[-55.512,-21.8308],[-55.5128,-21.8282],[-55.5138,-21.8276],[-55.5156,-21.8278],[-55.5175,-21.8272],[-55.5215,-21.8231],[-55.5234,-21.8225],[-55.5247,-21.8236],[-55.5251,-21.8271],[-55.5262,-21.8287],[-55.5277,-21.8299],[-55.5296,-21.8262],[-55.5288,-21.8195],[-55.5293,-21.8185],[-55.5307,-21.8188],[-55.5314,-21.8196],[-55.5368,-21.8192],[-55.5373,-21.8181],[-55.5367,-21.8151],[-55.5398,-21.8142],[-55.5385,-21.8111],[-55.539,-21.8104],[-55.5412,-21.8099],[-55.5429,-21.8082],[-55.5428,-21.8066],[-55.541,-21.8028],[-55.5409,-21.8008],[-55.5419,-21.7994],[-55.5438,-21.7982],[-55.5454,-21.7989],[-55.5486,-21.8024],[-55.5514,-21.8042],[-55.5516,-21.8054],[-55.5508,-21.8075],[-55.5536,-21.8087],[-55.5562,-21.806],[-55.5576,-21.8038],[-55.5603,-21.804],[-55.5617,-21.8037],[-55.5636,-21.8018],[-55.5627,-21.7987],[-55.5637,-21.798],[-55.5697,-21.7965],[-55.5712,-21.798],[-55.5775,-21.8022],[-55.5803,-21.803],[-55.5822,-21.8026],[-55.5845,-21.8014],[-55.5863,-21.8034],[-55.5848,-21.8061],[-55.5855,-21.8068],[-55.5891,-21.808],[-55.5904,-21.8065],[-55.5918,-21.8057],[-55.5934,-21.8057],[-55.5942,-21.8047],[-55.5958,-21.8],[-55.5968,-21.7983],[-55.5983,-21.7977],[-55.5999,-21.7984],[-55.6009,-21.7979],[-55.6031,-21.7952],[-55.6056,-21.7903],[-55.6072,-21.7888],[-55.6117,-21.7864],[-55.6145,-21.7858],[-55.6182,-21.7862],[-55.6199,-21.7858],[-55.623,-21.7843],[-55.6279,-21.7842],[-55.6336,-21.7852],[-55.6362,-21.7863],[-55.6385,-21.7878],[-55.6406,-21.7878],[-55.6457,-21.785],[-55.6496,-21.7849],[-55.6545,-21.7825],[-55.6568,-21.7805],[-55.6599,-21.7794],[-55.6647,-21.7791],[-55.6657,-21.7784],[-55.6671,-21.7759],[-55.6692,-21.774],[-55.6727,-21.77],[-55.6758,-21.7656],[-55.6768,-21.7646],[-55.6802,-21.7627],[-55.6876,-21.7613],[-55.6933,-21.762],[-55.6953,-21.7613],[-55.7062,-21.7554],[-55.7091,-21.7545],[-55.7109,-21.7546],[-55.7139,-21.756],[-55.7309,-21.7872],[-55.7307,-21.784],[-55.7314,-21.782],[-55.7328,-21.7804],[-55.7408,-21.7758],[-55.7422,-21.7747],[-55.7448,-21.7712],[-55.7467,-21.7694],[-55.7485,-21.7671],[-55.7523,-21.7644],[-55.7531,-21.7627],[-55.7529,-21.7613],[-55.754,-21.7575],[-55.7542,-21.7555],[-55.7552,-21.7539],[-55.7567,-21.7532],[-55.7585,-21.7514],[-55.7602,-21.7491],[-55.76,-21.7469],[-55.761,-21.7442],[-55.7603,-21.738],[-55.7609,-21.7357],[-55.7622,-21.733],[-55.764,-21.731],[-55.765,-21.729],[-55.7665,-21.7283],[-55.7682,-21.7287],[-55.771,-21.7302],[-55.7724,-21.73],[-55.7734,-21.7288],[-55.7756,-21.7274],[-55.7761,-21.7263],[-55.7758,-21.7246],[-55.7777,-21.7232],[-55.7783,-21.722],[-55.7795,-21.7213],[-55.7823,-21.7217],[-55.7836,-21.7199],[-55.7832,-21.7183],[-55.7816,-21.7161],[-55.7815,-21.7148],[-55.7838,-21.713],[-55.7854,-21.7103],[-55.7874,-21.7084],[-55.7871,-21.7057],[-55.7883,-21.7033],[-55.7924,-21.7036],[-55.7947,-21.7032],[-55.7964,-21.7015],[-55.7973,-21.6994],[-55.7963,-21.697],[-55.7941,-21.6957],[-55.7942,-21.6944],[-55.7955,-21.6933],[-55.7964,-21.6919],[-55.7984,-21.6924],[-55.8019,-21.6913],[-55.8008,-21.6882],[-55.8014,-21.6876],[-55.8044,-21.6884],[-55.8054,-21.6881],[-55.8066,-21.6859],[-55.8047,-21.6837],[-55.8062,-21.6829],[-55.808,-21.6832],[-55.8101,-21.6845],[-55.8109,-21.6843],[-55.8114,-21.6819],[-55.8122,-21.6807],[-55.8118,-21.6786],[-55.8132,-21.6769],[-55.8151,-21.6761],[-55.816,-21.6751],[-55.8154,-21.6743],[-55.8133,-21.6747],[-55.8128,-21.6732],[-55.8137,-21.6724],[-55.8158,-21.6719],[-55.8182,-21.6721],[-55.8204,-21.6728],[-55.8211,-21.6711],[-55.8194,-21.6701],[-55.8184,-21.6688],[-55.8177,-21.6659],[-55.8207,-21.6647],[-55.8234,-21.6645],[-55.8237,-21.6627],[-55.8251,-21.6621],[-55.8273,-21.6636],[-55.8292,-21.6641],[-55.8305,-21.6621],[-55.8303,-21.6597],[-55.8315,-21.6591],[-55.8335,-21.6614],[-55.8352,-21.6616],[-55.8361,-21.6599],[-55.839,-21.6594],[-55.8412,-21.6574],[-55.8406,-21.6551],[-55.8377,-21.6526],[-55.8372,-21.6514],[-55.8392,-21.6509],[-55.8407,-21.6523],[-55.8415,-21.6503],[-55.8425,-21.6497],[-55.8417,-21.6465],[-55.8443,-21.6465],[-55.8456,-21.6482],[-55.8492,-21.6488],[-55.8497,-21.6475],[-55.8481,-21.6462],[-55.8476,-21.6444],[-55.8487,-21.6438],[-55.8517,-21.6461],[-55.8541,-21.6466],[-55.8553,-21.6463],[-55.8548,-21.6442],[-55.8578,-21.6432],[-55.8587,-21.6437],[-55.8575,-21.6467],[-55.8578,-21.6477],[-55.8596,-21.6495],[-55.8598,-21.6517],[-55.8582,-21.6528],[-55.8556,-21.6526],[-55.8545,-21.6532],[-55.8537,-21.6546],[-55.8501,-21.6535],[-55.85,-21.6549],[-55.8519,-21.6556],[-55.8541,-21.6588],[-55.8544,-21.6599],[-55.8524,-21.661],[-55.8522,-21.662],[-55.8507,-21.6622],[-55.8476,-21.6603],[-55.8462,-21.6607],[-55.8475,-21.6623],[-55.8478,-21.6638],[-55.8499,-21.6649],[-55.8501,-21.6661],[-55.8515,-21.6675],[-55.8507,-21.6686],[-55.8449,-21.6683],[-55.8446,-21.6691],[-55.8462,-21.6702],[-55.8472,-21.6724],[-55.8467,-21.6741],[-55.8456,-21.675],[-55.8459,-21.6769],[-55.8453,-21.6803],[-55.8456,-21.6817],[-55.8469,-21.684],[-55.848,-21.6833],[-55.847,-21.6806],[-55.848,-21.6796],[-55.8481,-21.6783],[-55.8497,-21.6769],[-55.8494,-21.6762],[-55.8508,-21.6732],[-55.8526,-21.6728],[-55.8528,-21.674],[-55.8549,-21.6741],[-55.8576,-21.6755],[-55.8585,-21.675],[-55.8564,-21.6723],[-55.8566,-21.6698],[-55.8573,-21.6691],[-55.8594,-21.6692],[-55.859,-21.6679],[-55.8576,-21.6667],[-55.8583,-21.6641],[-55.8601,-21.6648],[-55.8601,-21.6668],[-55.8611,-21.6681],[-55.8612,-21.6704],[-55.8633,-21.6709],[-55.864,-21.6719],[-55.8624,-21.6733],[-55.8629,-21.6748],[-55.862,-21.6775],[-55.8621,-21.6786],[-55.8631,-21.6797],[-55.8631,-21.6823],[-55.8623,-21.6832],[-55.8629,-21.6844],[-55.865,-21.6857],[-55.867,-21.6844],[-55.8687,-21.6853],[-55.8686,-21.6866],[-55.8692,-21.6884],[-55.8687,-21.6891],[-55.8639,-21.687],[-55.8625,-21.6869],[-55.8618,-21.6878],[-55.8615,-21.6895],[-55.8647,-21.69],[-55.8657,-21.6912],[-55.8671,-21.6907],[-55.8685,-21.6912],[-55.8699,-21.6925],[-55.8722,-21.69],[-55.8716,-21.6874],[-55.8734,-21.6856],[-55.8715,-21.6847],[-55.8695,-21.6824],[-55.867,-21.681],[-55.8663,-21.6797],[-55.8665,-21.6779],[-55.8687,-21.6769],[-55.8679,-21.6758],[-55.8675,-21.674],[-55.8686,-21.6731],[-55.871,-21.6744],[-55.8725,-21.6735],[-55.8713,-21.6722],[-55.8706,-21.67],[-55.8709,-21.6685],[-55.8692,-21.6668],[-55.868,-21.6648],[-55.8683,-21.6625],[-55.8678,-21.6609],[-55.8683,-21.6599],[-55.8671,-21.6572],[-55.8674,-21.6558],[-55.8683,-21.6549],[-55.8708,-21.6557],[-55.8727,-21.655],[-55.8739,-21.6559],[-55.8744,-21.6579],[-55.8742,-21.6597],[-55.8755,-21.6607],[-55.8793,-21.6627],[-55.8792,-21.6651],[-55.88,-21.6663],[-55.8801,-21.6679],[-55.882,-21.6702],[-55.8831,-21.6706],[-55.8849,-21.6731],[-55.8837,-21.6759],[-55.8838,-21.6795],[-55.885,-21.6808],[-55.884,-21.6833],[-55.8851,-21.684],[-55.8875,-21.6812],[-55.8876,-21.6798],[-55.8865,-21.6776],[-55.8865,-21.6765],[-55.8887,-21.6743],[-55.8881,-21.6728],[-55.8885,-21.6717],[-55.8902,-21.6719],[-55.8899,-21.6706],[-55.8886,-21.6679],[-55.8863,-21.6661],[-55.8858,-21.6651],[-55.8864,-21.6627],[-55.8856,-21.6607],[-55.886,-21.6591],[-55.8833,-21.6587],[-55.8829,-21.6575],[-55.8854,-21.6562],[-55.8874,-21.6542],[-55.8883,-21.6548],[-55.8881,-21.6569],[-55.8895,-21.6583],[-55.8896,-21.6604],[-55.8904,-21.6613],[-55.8912,-21.665],[-55.8935,-21.6672],[-55.8948,-21.6704],[-55.8959,-21.6706],[-55.8969,-21.6675],[-55.8954,-21.6654],[-55.8954,-21.6645],[-55.8966,-21.6624],[-55.8983,-21.6607],[-55.9005,-21.6602],[-55.9018,-21.6583],[-55.9015,-21.6567],[-55.8998,-21.6537],[-55.9011,-21.6524],[-55.9037,-21.6542],[-55.9046,-21.6559],[-55.9035,-21.6583],[-55.904,-21.6595],[-55.9054,-21.661],[-55.9062,-21.6636],[-55.9038,-21.6673],[-55.9049,-21.6705],[-55.9044,-21.6726],[-55.9071,-21.6739],[-55.9101,-21.6734],[-55.911,-21.6747],[-55.9105,-21.6771],[-55.9078,-21.6774],[-55.9073,-21.6785],[-55.9084,-21.6803],[-55.9075,-21.682],[-55.9052,-21.6837],[-55.9065,-21.6846],[-55.9081,-21.6837],[-55.9092,-21.6847],[-55.9102,-21.6844],[-55.9114,-21.6821],[-55.9123,-21.6817],[-55.914,-21.683],[-55.9143,-21.6842],[-55.9142,-21.6873],[-55.9154,-21.688],[-55.9175,-21.6861],[-55.9206,-21.6849],[-55.9208,-21.684],[-55.9194,-21.6821],[-55.9183,-21.679],[-55.9185,-21.6775],[-55.9198,-21.6772],[-55.9219,-21.6777],[-55.9224,-21.6766],[-55.922,-21.6751],[-55.9222,-21.6734],[-55.9217,-21.6715],[-55.9193,-21.6698],[-55.9182,-21.6667],[-55.9211,-21.665],[-55.9211,-21.6628],[-55.9202,-21.6609],[-55.9202,-21.6595],[-55.9192,-21.6575],[-55.9204,-21.6563],[-55.921,-21.6543],[-55.9207,-21.6531],[-55.9188,-21.651],[-55.9197,-21.65],[-55.9177,-21.647],[-55.9145,-21.6443],[-55.9154,-21.6428],[-55.9188,-21.6458],[-55.9235,-21.6464],[-55.9248,-21.6478],[-55.9237,-21.651],[-55.9237,-21.6521],[-55.9248,-21.6532],[-55.9231,-21.6563],[-55.9245,-21.6584],[-55.925,-21.6612],[-55.9245,-21.6629],[-55.9249,-21.6641],[-55.9269,-21.6661],[-55.9264,-21.6674],[-55.9234,-21.6697],[-55.9247,-21.6727],[-55.9268,-21.6742],[-55.9266,-21.6767],[-55.9313,-21.6772],[-55.9328,-21.6768],[-55.9329,-21.6735],[-55.9318,-21.6711],[-55.9351,-21.6691],[-55.9354,-21.6666],[-55.9351,-21.6625],[-55.9358,-21.6618],[-55.9385,-21.662],[-55.9396,-21.6632],[-55.9416,-21.6643],[-55.943,-21.6643],[-55.9456,-21.662],[-55.9458,-21.6607],[-55.9451,-21.6593],[-55.9455,-21.6572],[-55.9443,-21.6553],[-55.9454,-21.6529],[-55.9416,-21.6481],[-55.943,-21.6467],[-55.9449,-21.647],[-55.9476,-21.6495],[-55.9504,-21.6502],[-55.9512,-21.6483],[-55.9525,-21.6483],[-55.9543,-21.6493],[-55.9559,-21.6494],[-55.9585,-21.6507],[-55.9598,-21.6503],[-55.9597,-21.6491],[-55.9568,-21.645],[-55.9547,-21.6438],[-55.9537,-21.642],[-55.9469,-21.6371],[-55.9471,-21.6364],[-55.953,-21.6379],[-55.9544,-21.6399],[-55.9565,-21.6413],[-55.9584,-21.6433],[-55.9605,-21.6424],[-55.9609,-21.6402],[-55.9625,-21.6386],[-55.9627,-21.6351],[-55.9633,-21.6342],[-55.9652,-21.6343],[-55.9665,-21.6364],[-55.9681,-21.6378],[-55.971,-21.6383],[-55.9719,-21.6394],[-55.9712,-21.6411],[-55.9718,-21.6434],[-55.9713,-21.6448],[-55.9698,-21.6454],[-55.9662,-21.6453],[-55.9644,-21.6457],[-55.9626,-21.6477],[-55.9633,-21.6497],[-55.9648,-21.6502],[-55.9678,-21.6527],[-55.9701,-21.6538],[-55.9734,-21.6538],[-55.9747,-21.6543],[-55.9745,-21.6554],[-55.9723,-21.657],[-55.9707,-21.6572],[-55.9651,-21.6566],[-55.9625,-21.6572],[-55.9616,-21.6554],[-55.96,-21.6548],[-55.9607,-21.6574],[-55.9599,-21.6578],[-55.9578,-21.6569],[-55.9565,-21.6573],[-55.9558,-21.6586],[-55.9541,-21.6594],[-55.9546,-21.6606],[-55.9534,-21.6617],[-55.9544,-21.6631],[-55.9552,-21.6655],[-55.9574,-21.6661],[-55.9582,-21.6677],[-55.9554,-21.6681],[-55.9547,-21.6695],[-55.9526,-21.6697],[-55.9516,-21.6706],[-55.9535,-21.6731],[-55.9536,-21.6741],[-55.9525,-21.6754],[-55.9514,-21.6757],[-55.9491,-21.6721],[-55.9471,-21.6728],[-55.9458,-21.6727],[-55.942,-21.671],[-55.9404,-21.6716],[-55.9394,-21.6745],[-55.9406,-21.6763],[-55.9423,-21.677],[-55.946,-21.6803],[-55.9456,-21.6811],[-55.9432,-21.6813],[-55.9405,-21.6836],[-55.9368,-21.6836],[-55.935,-21.6841],[-55.9343,-21.6857],[-55.9376,-21.6864],[-55.9376,-21.6887],[-55.9395,-21.6905],[-55.9412,-21.6902],[-55.9462,-21.6864],[-55.9483,-21.686],[-55.9494,-21.6871],[-55.9525,-21.6861],[-55.9543,-21.6861],[-55.9558,-21.6867],[-55.9578,-21.6868],[-55.9577,-21.688],[-55.9556,-21.6885],[-55.9525,-21.6885],[-55.9513,-21.689],[-55.952,-21.6906],[-55.9502,-21.692],[-55.9507,-21.694],[-55.9498,-21.6949],[-55.9478,-21.6945],[-55.9468,-21.6972],[-55.9472,-21.6983],[-55.9462,-21.6999],[-55.9468,-21.7006],[-55.9494,-21.7012],[-55.9506,-21.7019],[-55.9513,-21.7037],[-55.953,-21.7057],[-55.9519,-21.7071],[-55.9498,-21.7063],[-55.9484,-21.7064],[-55.9479,-21.7073],[-55.9489,-21.7087],[-55.9484,-21.7101],[-55.9498,-21.7128],[-55.9518,-21.7143],[-55.9519,-21.7156],[-55.9505,-21.7166],[-55.9488,-21.7156],[-55.947,-21.7155],[-55.946,-21.7147],[-55.9457,-21.7134],[-55.9435,-21.7119],[-55.943,-21.7093],[-55.9416,-21.7086],[-55.9396,-21.7097],[-55.9382,-21.7097],[-55.9378,-21.7072],[-55.9383,-21.7054],[-55.9382,-21.7035],[-55.9369,-21.7035],[-55.934,-21.7075],[-55.9313,-21.708],[-55.9298,-21.7072],[-55.9303,-21.7042],[-55.93,-21.7021],[-55.9306,-21.7007],[-55.9312,-21.6967],[-55.9298,-21.6954],[-55.9285,-21.6953],[-55.9284,-21.6971],[-55.9272,-21.6984],[-55.9249,-21.6986],[-55.9236,-21.6998],[-55.9252,-21.7015],[-55.9252,-21.7026],[-55.9227,-21.7056],[-55.9233,-21.7088],[-55.9231,-21.7106],[-55.9212,-21.7112],[-55.9191,-21.7113],[-55.9177,-21.7106],[-55.9179,-21.7087],[-55.9168,-21.7054],[-55.916,-21.7049],[-55.9148,-21.7117],[-55.9132,-21.7118],[-55.9128,-21.71],[-55.9115,-21.7092],[-55.9098,-21.7071],[-55.9083,-21.7066],[-55.9068,-21.7048],[-55.9051,-21.7038],[-55.9039,-21.7049],[-55.9051,-21.706],[-55.9051,-21.7073],[-55.9061,-21.709],[-55.9057,-21.7103],[-55.9044,-21.7111],[-55.9006,-21.7114],[-55.9002,-21.7129],[-55.902,-21.7128],[-55.9048,-21.7136],[-55.9071,-21.712],[-55.9089,-21.712],[-55.9101,-21.7146],[-55.9123,-21.716],[-55.9125,-21.7172],[-55.9115,-21.7193],[-55.9116,-21.7205],[-55.9129,-21.7224],[-55.9135,-21.7208],[-55.9145,-21.7201],[-55.9152,-21.7177],[-55.9163,-21.7164],[-55.921,-21.7177],[-55.9227,-21.72],[-55.9238,-21.7204],[-55.9247,-21.7191],[-55.9277,-21.7177],[-55.9289,-21.7188],[-55.9327,-21.7202],[-55.9333,-21.7214],[-55.9327,-21.7226],[-55.9309,-21.7237],[-55.9294,-21.7252],[-55.9265,-21.7267],[-55.9237,-21.7269],[-55.9207,-21.728],[-55.9241,-21.7312],[-55.9259,-21.7299],[-55.9271,-21.73],[-55.9309,-21.7281],[-55.9321,-21.7291],[-55.9329,-21.7311],[-55.9343,-21.732],[-55.9361,-21.7306],[-55.935,-21.7281],[-55.9355,-21.7271],[-55.9373,-21.7272],[-55.9397,-21.7284],[-55.9424,-21.7287],[-55.9444,-21.7295],[-55.945,-21.7312],[-55.9429,-21.7323],[-55.9433,-21.7345],[-55.943,-21.7355],[-55.9444,-21.7376],[-55.9444,-21.7406],[-55.9424,-21.7415],[-55.9387,-21.74],[-55.9381,-21.7392],[-55.9378,-21.7365],[-55.9364,-21.735],[-55.9344,-21.7348],[-55.9322,-21.7355],[-55.9266,-21.736],[-55.9265,-21.7372],[-55.9303,-21.74],[-55.9301,-21.7424],[-55.9285,-21.7432],[-55.9264,-21.7426],[-55.9229,-21.743],[-55.9206,-21.7429],[-55.9195,-21.7415],[-55.9197,-21.7393],[-55.9215,-21.7361],[-55.9211,-21.7353],[-55.9177,-21.7367],[-55.9115,-21.7307],[-55.9099,-21.7315],[-55.9121,-21.7341],[-55.9121,-21.7355],[-55.9133,-21.7377],[-55.9132,-21.7414],[-55.9113,-21.7416],[-55.9089,-21.7425],[-55.9086,-21.7409],[-55.906,-21.7382],[-55.9045,-21.7383],[-55.9037,-21.7417],[-55.9016,-21.742],[-55.8992,-21.741],[-55.8996,-21.7397],[-55.8987,-21.7382],[-55.9,-21.7334],[-55.9014,-21.7323],[-55.9012,-21.7314],[-55.8992,-21.7322],[-55.8981,-21.7333],[-55.8967,-21.7356],[-55.895,-21.7364],[-55.8935,-21.7354],[-55.8889,-21.7347],[-55.8861,-21.7325],[-55.8826,-21.7326],[-55.8831,-21.7339],[-55.8851,-21.7344],[-55.8865,-21.7361],[-55.886,-21.7371],[-55.8835,-21.7389],[-55.885,-21.7396],[-55.8868,-21.7393],[-55.8886,-21.7379],[-55.8905,-21.7383],[-55.8908,-21.74],[-55.8894,-21.7423],[-55.8891,-21.7434],[-55.8916,-21.7447],[-55.8922,-21.7462],[-55.891,-21.7475],[-55.8913,-21.7486],[-55.889,-21.7501],[-55.8866,-21.7504],[-55.8819,-21.7491],[-55.8809,-21.7497],[-55.8832,-21.7512],[-55.8838,-21.7534],[-55.8818,-21.7554],[-55.8824,-21.7563],[-55.8858,-21.7544],[-55.8881,-21.7538],[-55.8899,-21.7539],[-55.8905,-21.756],[-55.8919,-21.7579],[-55.8926,-21.761],[-55.8944,-21.762],[-55.8947,-21.7631],[-55.8887,-21.7642],[-55.8856,-21.7632],[-55.881,-21.761],[-55.8797,-21.761],[-55.8777,-21.762],[-55.8751,-21.7621],[-55.8756,-21.7637],[-55.8774,-21.7639],[-55.8794,-21.7635],[-55.881,-21.7638],[-55.8839,-21.767],[-55.8832,-21.7684],[-55.8835,-21.7694],[-55.8819,-21.7697],[-55.8787,-21.7674],[-55.8771,-21.7675],[-55.8787,-21.7713],[-55.8789,-21.7737],[-55.8781,-21.7749],[-55.8781,-21.7765],[-55.8771,-21.7766],[-55.8751,-21.7748],[-55.873,-21.7738],[-55.8706,-21.7742],[-55.8679,-21.7728],[-55.8665,-21.7729],[-55.865,-21.7737],[-55.8614,-21.7715],[-55.8602,-21.7724],[-55.8613,-21.7736],[-55.8638,-21.775],[-55.8617,-21.7758],[-55.8603,-21.7742],[-55.8593,-21.774],[-55.8571,-21.7752],[-55.8569,-21.7766],[-55.8593,-21.7762],[-55.8604,-21.7774],[-55.8619,-21.7776],[-55.8649,-21.7766],[-55.8663,-21.7768],[-55.867,-21.7779],[-55.8666,-21.7797],[-55.8674,-21.7801],[-55.87,-21.7788],[-55.8722,-21.7788],[-55.8726,-21.7804],[-55.8738,-21.7814],[-55.8739,-21.7828],[-55.8759,-21.7846],[-55.8763,-21.7859],[-55.8755,-21.7883],[-55.8731,-21.7908],[-55.8725,-21.7923],[-55.8732,-21.7929],[-55.8751,-21.7922],[-55.8769,-21.7899],[-55.8789,-21.7894],[-55.8793,-21.7885],[-55.879,-21.7863],[-55.8806,-21.7849],[-55.8829,-21.7851],[-55.8834,-21.7836],[-55.8849,-21.7815],[-55.8843,-21.7798],[-55.8851,-21.778],[-55.8852,-21.776],[-55.8876,-21.775],[-55.89,-21.7747],[-55.8904,-21.7751],[-55.8902,-21.7776],[-55.8915,-21.7779],[-55.8926,-21.7752],[-55.8953,-21.7741],[-55.8966,-21.7718],[-55.8981,-21.7726],[-55.8997,-21.775],[-55.8999,-21.7772],[-55.9025,-21.7792],[-55.9032,-21.7802],[-55.9044,-21.78],[-55.9049,-21.7775],[-55.9033,-21.7763],[-55.9038,-21.7753],[-55.9054,-21.776],[-55.9072,-21.7758],[-55.9074,-21.7749],[-55.9063,-21.7722],[-55.907,-21.7706],[-55.9086,-21.7692],[-55.9114,-21.7698],[-55.9135,-21.7692],[-55.9122,-21.7681],[-55.9136,-21.7668],[-55.9144,-21.7677],[-55.9162,-21.7682],[-55.9174,-21.7699],[-55.9167,-21.7713],[-55.9154,-21.7715],[-55.9125,-21.7733],[-55.914,-21.7739],[-55.9163,-21.7763],[-55.9176,-21.7748],[-55.9192,-21.7766],[-55.9206,-21.7772],[-55.924,-21.7777],[-55.9245,-21.7764],[-55.9234,-21.7751],[-55.925,-21.7729],[-55.9262,-21.7725],[-55.9276,-21.7702],[-55.9288,-21.7709],[-55.9282,-21.7726],[-55.9288,-21.7744],[-55.9307,-21.7741],[-55.9366,-21.7756],[-55.9375,-21.7765],[-55.9376,-21.7784],[-55.9369,-21.78],[-55.9356,-21.7804],[-55.9322,-21.7802],[-55.931,-21.781],[-55.9301,-21.7832],[-55.9282,-21.7839],[-55.9234,-21.7836],[-55.9208,-21.7839],[-55.9208,-21.7855],[-55.9234,-21.786],[-55.9257,-21.7871],[-55.9265,-21.7883],[-55.9256,-21.7913],[-55.9234,-21.7944],[-55.9239,-21.7951],[-55.9256,-21.7946],[-55.9271,-21.7925],[-55.9284,-21.7923],[-55.9307,-21.7939],[-55.9314,-21.7934],[-55.9305,-21.7916],[-55.9309,-21.7899],[-55.9324,-21.789],[-55.9348,-21.789],[-55.9366,-21.7871],[-55.9381,-21.7862],[-55.9395,-21.7861],[-55.9421,-21.7875],[-55.9429,-21.7899],[-55.9441,-21.79],[-55.9446,-21.7877],[-55.9462,-21.7872],[-55.948,-21.7883],[-55.9511,-21.7882],[-55.9523,-21.7895],[-55.9545,-21.7908],[-55.955,-21.7916],[-55.954,-21.7927],[-55.9515,-21.7938],[-55.9495,-21.7957],[-55.9468,-21.7973],[-55.9448,-21.7971],[-55.9445,-21.7979],[-55.9452,-21.7997],[-55.9449,-21.8009],[-55.946,-21.8021],[-55.9488,-21.8021],[-55.9519,-21.8027],[-55.9543,-21.8016],[-55.958,-21.8014],[-55.9614,-21.8005],[-55.9652,-21.8006],[-55.9668,-21.8],[-55.9701,-21.8004],[-55.971,-21.8013],[-55.9699,-21.8023],[-55.9664,-21.8039],[-55.9643,-21.8042],[-55.9619,-21.8052],[-55.9598,-21.8048],[-55.9578,-21.8052],[-55.9554,-21.8047],[-55.9536,-21.8062],[-55.9488,-21.8042],[-55.9477,-21.8044],[-55.9464,-21.8058],[-55.9448,-21.8064],[-55.9442,-21.8081],[-55.947,-21.8106],[-55.9468,-21.8122],[-55.9452,-21.8132],[-55.9424,-21.8127],[-55.9412,-21.8113],[-55.9393,-21.8103],[-55.9376,-21.8047],[-55.9371,-21.804],[-55.9354,-21.8038],[-55.9347,-21.8044],[-55.9346,-21.8065],[-55.9325,-21.8074],[-55.9305,-21.8051],[-55.9285,-21.8057],[-55.927,-21.8051],[-55.926,-21.8063],[-55.9275,-21.8086],[-55.9267,-21.811],[-55.9238,-21.8126],[-55.9231,-21.8126],[-55.9201,-21.8113],[-55.9172,-21.8128],[-55.9124,-21.8134],[-55.9101,-21.8117],[-55.9095,-21.8105],[-55.9108,-21.8076],[-55.91,-21.8068],[-55.9083,-21.8072],[-55.9073,-21.8085],[-55.906,-21.8087],[-55.9037,-21.8083],[-55.8997,-21.8058],[-55.8997,-21.8085],[-55.8982,-21.8111],[-55.8963,-21.8116],[-55.895,-21.811],[-55.8941,-21.8115],[-55.8964,-21.8133],[-55.8976,-21.8134],[-55.9005,-21.8114],[-55.902,-21.8098],[-55.9042,-21.8118],[-55.9069,-21.8121],[-55.9079,-21.8138],[-55.905,-21.8194],[-55.9049,-21.8209],[-55.9061,-21.8212],[-55.908,-21.8184],[-55.909,-21.818],[-55.9102,-21.8164],[-55.9129,-21.8167],[-55.9179,-21.8164],[-55.9187,-21.8181],[-55.9177,-21.82],[-55.9184,-21.8214],[-55.9208,-21.8202],[-55.9239,-21.8213],[-55.9257,-21.821],[-55.9283,-21.8219],[-55.9291,-21.8205],[-55.9305,-21.8198],[-55.9327,-21.8203],[-55.934,-21.8215],[-55.9344,-21.823],[-55.9361,-21.8253],[-55.9362,-21.8265],[-55.9346,-21.8273],[-55.9322,-21.8255],[-55.9306,-21.8259],[-55.9305,-21.8278],[-55.928,-21.8312],[-55.9269,-21.8315],[-55.9223,-21.8305],[-55.9225,-21.8319],[-55.9288,-21.8351],[-55.933,-21.8366],[-55.9341,-21.8375],[-55.9335,-21.8387],[-55.9309,-21.8385],[-55.9295,-21.839],[-55.9286,-21.8409],[-55.9277,-21.8417],[-55.9236,-21.8423],[-55.9204,-21.8421],[-55.9164,-21.8447],[-55.9165,-21.8462],[-55.9222,-21.844],[-55.9247,-21.8442],[-55.9251,-21.8462],[-55.9272,-21.8461],[-55.9291,-21.847],[-55.9304,-21.8495],[-55.9308,-21.8519],[-55.9314,-21.8528],[-55.9333,-21.8522],[-55.9334,-21.8532],[-55.9308,-21.8544],[-55.9296,-21.8556],[-55.9253,-21.8577],[-55.9221,-21.8587],[-55.9223,-21.8607],[-55.925,-21.8627],[-55.927,-21.8656],[-55.9286,-21.8659],[-55.9283,-21.8639],[-55.9248,-21.8608],[-55.9243,-21.8595],[-55.9263,-21.8597],[-55.9283,-21.8589],[-55.9297,-21.8571],[-55.9312,-21.8563],[-55.9341,-21.8554],[-55.9379,-21.856],[-55.9372,-21.8529],[-55.9361,-21.8512],[-55.9356,-21.8491],[-55.9367,-21.8473],[-55.941,-21.8479],[-55.9425,-21.8487],[-55.9439,-21.8505],[-55.9461,-21.8513],[-55.949,-21.8535],[-55.949,-21.8519],[-55.9462,-21.8498],[-55.9462,-21.8478],[-55.9455,-21.8449],[-55.9463,-21.8426],[-55.9472,-21.8426],[-55.9488,-21.8438],[-55.9512,-21.8445],[-55.9517,-21.8434],[-55.9493,-21.8405],[-55.9501,-21.8387],[-55.9497,-21.8367],[-55.9478,-21.8337],[-55.9486,-21.8332],[-55.9505,-21.8332],[-55.9512,-21.8322],[-55.9516,-21.8297],[-55.9531,-21.8292],[-55.9557,-21.8311],[-55.9567,-21.831],[-55.9574,-21.8278],[-55.9571,-21.8251],[-55.9576,-21.8239],[-55.9573,-21.8212],[-55.959,-21.8207],[-55.9614,-21.8227],[-55.9625,-21.8225],[-55.9633,-21.82],[-55.9642,-21.8189],[-55.9657,-21.8194],[-55.9683,-21.8218],[-55.9691,-21.8267],[-55.9677,-21.8297],[-55.9667,-21.8304],[-55.9645,-21.8299],[-55.9637,-21.8309],[-55.965,-21.8331],[-55.9635,-21.8394],[-55.9654,-21.8402],[-55.9656,-21.8431],[-55.9636,-21.8465],[-55.9637,-21.8474],[-55.9657,-21.8479],[-55.9663,-21.8502],[-55.9658,-21.8528],[-55.964,-21.8563],[-55.965,-21.8569],[-55.9679,-21.8526],[-55.9693,-21.8493],[-55.9701,-21.8484],[-55.9692,-21.8467],[-55.9695,-21.845],[-55.9715,-21.8427],[-55.9718,-21.8401],[-55.971,-21.8379],[-55.9728,-21.8335],[-55.9739,-21.8329],[-55.9772,-21.8337],[-55.9787,-21.8361],[-55.9787,-21.839],[-55.9805,-21.8416],[-55.9813,-21.8436],[-55.9827,-21.845],[-55.9834,-21.8445],[-55.9841,-21.8424],[-55.9852,-21.841],[-55.9871,-21.841],[-55.9867,-21.8396],[-55.9845,-21.8386],[-55.9841,-21.8372],[-55.9847,-21.8363],[-55.9849,-21.8338],[-55.9858,-21.8334],[-55.9883,-21.8348],[-55.9901,-21.8375],[-55.9921,-21.8384],[-55.9925,-21.8375],[-55.9916,-21.8358],[-55.9918,-21.8342],[-55.9934,-21.8329],[-55.9938,-21.832],[-55.9932,-21.8299],[-55.9936,-21.828],[-55.9949,-21.8264],[-55.9932,-21.824],[-55.9933,-21.8219],[-55.991,-21.8201],[-55.9893,-21.8167],[-55.991,-21.8161],[-55.9929,-21.8171],[-55.9956,-21.8169],[-55.997,-21.8176],[-55.9982,-21.8168],[-55.9984,-21.8151],[-55.9992,-21.8145],[-55.9998,-21.8122],[-56.0031,-21.8129],[-56.005,-21.8123],[-56.0091,-21.8121],[-56.0101,-21.8114],[-56.0084,-21.8076],[-56.0077,-21.8049],[-56.0051,-21.8043],[-56.004,-21.8029],[-56.0055,-21.8007],[-56.0087,-21.798],[-56.0102,-21.796],[-56.0129,-21.7937],[-56.015,-21.7927],[-56.0133,-21.7902],[-56.0132,-21.7883],[-56.0123,-21.7867],[-56.0103,-21.7853],[-56.0087,-21.7836],[-56.0099,-21.7823],[-56.0124,-21.7827],[-56.0143,-21.781],[-56.0159,-21.7813],[-56.0165,-21.7834],[-56.0177,-21.7845],[-56.0203,-21.7833],[-56.0215,-21.7832],[-56.0226,-21.7845],[-56.0227,-21.7874],[-56.0213,-21.7889],[-56.019,-21.7893],[-56.0183,-21.7902],[-56.0194,-21.794],[-56.0193,-21.7952],[-56.0183,-21.796],[-56.0143,-21.7967],[-56.0127,-21.7973],[-56.0125,-21.7983],[-56.0132,-21.7997],[-56.0131,-21.8011],[-56.0113,-21.802],[-56.0106,-21.8031],[-56.012,-21.8059],[-56.0138,-21.8075],[-56.0161,-21.8088],[-56.0187,-21.8092],[-56.0195,-21.8104],[-56.0197,-21.8122],[-56.0185,-21.8129],[-56.0163,-21.8128],[-56.0155,-21.814],[-56.0187,-21.8167],[-56.0188,-21.8176],[-56.017,-21.8184],[-56.0191,-21.8205],[-56.0206,-21.8211],[-56.0207,-21.8223],[-56.0191,-21.8229],[-56.0186,-21.8245],[-56.0152,-21.8236],[-56.0105,-21.82],[-56.0088,-21.8181],[-56.0082,-21.8183],[-56.0077,-21.8224],[-56.0084,-21.8243],[-56.0079,-21.8265],[-56.0094,-21.8288],[-56.0096,-21.8308],[-56.0079,-21.8326],[-56.0056,-21.8335],[-56.0066,-21.8346],[-56.0094,-21.8337],[-56.0114,-21.8336],[-56.0133,-21.8329],[-56.0154,-21.8331],[-56.0164,-21.8357],[-56.0213,-21.8368],[-56.0232,-21.8364],[-56.0293,-21.8364],[-56.0295,-21.8348],[-56.0316,-21.8329],[-56.0332,-21.833],[-56.0342,-21.8348],[-56.0327,-21.8388],[-56.0335,-21.8408],[-56.0323,-21.8416],[-56.03,-21.8418],[-56.0282,-21.8415],[-56.0287,-21.8447],[-56.0276,-21.8456],[-56.0266,-21.8454],[-56.0244,-21.8435],[-56.0226,-21.8425],[-56.0183,-21.8423],[-56.0138,-21.8415],[-56.0135,-21.8426],[-56.0155,-21.8448],[-56.0155,-21.8457],[-56.0143,-21.8467],[-56.0133,-21.8465],[-56.012,-21.845],[-56.0099,-21.845],[-56.0088,-21.8461],[-56.0063,-21.8465],[-56.004,-21.8454],[-56.0035,-21.8462],[-56.0059,-21.8503],[-56.0062,-21.8519],[-56.0055,-21.8535],[-56.0036,-21.854],[-56.0048,-21.8562],[-56.0102,-21.8593],[-56.0135,-21.8616],[-56.0143,-21.8642],[-56.0119,-21.8652],[-56.0101,-21.8651],[-56.0047,-21.8633],[-56.002,-21.8632],[-55.9988,-21.8641],[-55.9972,-21.8634],[-55.996,-21.8613],[-55.9943,-21.8608],[-55.9952,-21.8641],[-55.9949,-21.866],[-55.9935,-21.8666],[-55.9904,-21.8667],[-55.9887,-21.8663],[-55.9867,-21.8665],[-55.9845,-21.865],[-55.9846,-21.8636],[-55.9815,-21.8609],[-55.9791,-21.8616],[-55.9788,-21.8625],[-55.9806,-21.8643],[-55.9814,-21.8657],[-55.9817,-21.8677],[-55.9834,-21.8691],[-55.9836,-21.8704],[-55.982,-21.8721],[-55.9801,-21.8733],[-55.9817,-21.8748],[-55.9819,-21.8765],[-55.98,-21.8776],[-55.981,-21.8788],[-55.9824,-21.8785],[-55.9848,-21.8752],[-55.9863,-21.8745],[-55.9876,-21.8746],[-55.9915,-21.8737],[-55.9944,-21.8748],[-55.997,-21.8742],[-55.9992,-21.8721],[-56.0011,-21.8714],[-56.0027,-21.8715],[-56.0056,-21.8745],[-56.0085,-21.8744],[-56.0119,-21.877],[-56.0121,-21.8782],[-56.0109,-21.8786],[-56.0089,-21.8784],[-56.008,-21.8797],[-56.0048,-21.8808],[-56.0012,-21.8811],[-55.9995,-21.8824],[-55.9983,-21.8844],[-55.9967,-21.8856],[-55.9939,-21.8858],[-55.9934,-21.8868],[-55.9953,-21.8892],[-55.9958,-21.8906],[-55.9942,-21.8923],[-55.992,-21.8931],[-55.9888,-21.8937],[-55.9891,-21.895],[-55.9916,-21.8951],[-55.9935,-21.8947],[-55.9966,-21.8949],[-55.9984,-21.8959],[-56.0002,-21.9],[-56.0016,-21.9013],[-56.0026,-21.9032],[-56.0018,-21.9045],[-55.9966,-21.9035],[-55.995,-21.9039],[-55.9915,-21.9058],[-55.9894,-21.9061],[-55.9868,-21.907],[-55.9847,-21.9066],[-55.9815,-21.9042],[-55.9797,-21.905],[-55.9815,-21.9067],[-55.9831,-21.9096],[-55.9827,-21.9116],[-55.9813,-21.9127],[-55.9785,-21.9129],[-55.9789,-21.9146],[-55.9806,-21.9149],[-55.9832,-21.9143],[-55.9851,-21.9146],[-55.9863,-21.9165],[-55.9881,-21.9183],[-55.9878,-21.9196],[-55.986,-21.9209],[-55.9816,-21.9205],[-55.9795,-21.9211],[-55.9779,-21.925],[-55.9756,-21.9253],[-55.9774,-21.9275],[-55.9783,-21.9277],[-55.979,-21.9255],[-55.9804,-21.9233],[-55.9813,-21.9226],[-55.9829,-21.9227],[-55.9854,-21.9238],[-55.9881,-21.9234],[-55.989,-21.9251],[-55.992,-21.9266],[-55.9925,-21.9246],[-55.9909,-21.9239],[-55.9912,-21.9217],[-55.9906,-21.9172],[-55.9898,-21.9154],[-55.99,-21.9142],[-55.9912,-21.9135],[-55.9928,-21.9142],[-55.9949,-21.9101],[-55.9962,-21.9091],[-55.9989,-21.9085],[-56.0028,-21.9105],[-56.0086,-21.911],[-56.0108,-21.9101],[-56.0112,-21.9089],[-56.0104,-21.9061],[-56.0091,-21.9041],[-56.0111,-21.9035],[-56.0134,-21.9058],[-56.014,-21.9068],[-56.0148,-21.9102],[-56.0158,-21.9114],[-56.0158,-21.9134],[-56.0164,-21.9144],[-56.0183,-21.9156],[-56.0191,-21.9188],[-56.0189,-21.9213],[-56.0196,-21.9228],[-56.0218,-21.9225],[-56.0208,-21.9173],[-56.0212,-21.9144],[-56.02,-21.9125],[-56.0194,-21.9096],[-56.0195,-21.9079],[-56.0218,-21.9063],[-56.0247,-21.9062],[-56.0235,-21.9047],[-56.0197,-21.9043],[-56.017,-21.9014],[-56.0159,-21.8983],[-56.0138,-21.8949],[-56.0137,-21.894],[-56.0149,-21.8932],[-56.0161,-21.8942],[-56.0203,-21.894],[-56.0232,-21.8928],[-56.0253,-21.893],[-56.0264,-21.8953],[-56.0273,-21.8962],[-56.0309,-21.8956],[-56.0287,-21.8938],[-56.0269,-21.8911],[-56.027,-21.8886],[-56.025,-21.8869],[-56.0249,-21.884],[-56.0257,-21.8829],[-56.0273,-21.8822],[-56.0289,-21.8823],[-56.0313,-21.8839],[-56.0348,-21.8839],[-56.037,-21.8836],[-56.0398,-21.8818],[-56.0422,-21.882],[-56.0439,-21.8834],[-56.0449,-21.8864],[-56.0446,-21.8882],[-56.0433,-21.8894],[-56.0417,-21.8892],[-56.0411,-21.89],[-56.042,-21.8925],[-56.0408,-21.8945],[-56.0416,-21.896],[-56.0428,-21.897],[-56.044,-21.8991],[-56.0469,-21.9016],[-56.0473,-21.9032],[-56.0455,-21.9063],[-56.0452,-21.9082],[-56.0441,-21.91],[-56.0414,-21.9129],[-56.04,-21.9153],[-56.0402,-21.9173],[-56.0423,-21.9189],[-56.0425,-21.916],[-56.0434,-21.9147],[-56.045,-21.9135],[-56.0475,-21.9127],[-56.0503,-21.9132],[-56.0527,-21.9153],[-56.0542,-21.9112],[-56.0551,-21.91],[-56.0567,-21.9097],[-56.0569,-21.9087],[-56.0553,-21.9073],[-56.0561,-21.906],[-56.0554,-21.9018],[-56.0557,-21.8999],[-56.0546,-21.8975],[-56.0564,-21.8968],[-56.0578,-21.8982],[-56.0597,-21.8974],[-56.0619,-21.8975],[-56.0617,-21.8957],[-56.0629,-21.8953],[-56.0671,-21.8965],[-56.0667,-21.8934],[-56.0636,-21.8903],[-56.061,-21.8887],[-56.0611,-21.8876],[-56.062,-21.8858],[-56.0643,-21.8847],[-56.0659,-21.8856],[-56.0674,-21.8857],[-56.0696,-21.8867],[-56.0704,-21.8879],[-56.072,-21.8887],[-56.0745,-21.8933],[-56.0756,-21.8943],[-56.0757,-21.8955],[-56.0775,-21.8953],[-56.081,-21.8939],[-56.0819,-21.8951],[-56.0836,-21.8955],[-56.0862,-21.8953],[-56.087,-21.8943],[-56.0914,-21.8951],[-56.0935,-21.8972],[-56.0971,-21.9],[-56.0987,-21.902],[-56.0987,-21.9029],[-56.0947,-21.9057],[-56.0939,-21.9043],[-56.0928,-21.9037],[-56.0911,-21.9053],[-56.0874,-21.905],[-56.0845,-21.9062],[-56.0869,-21.9086],[-56.0883,-21.908],[-56.0912,-21.9101],[-56.0911,-21.9115],[-56.0945,-21.9127],[-56.0945,-21.9142],[-56.0955,-21.9173],[-56.0974,-21.9182],[-56.1003,-21.9184],[-56.1021,-21.9199],[-56.1056,-21.9216],[-56.1069,-21.9228],[-56.1099,-21.9242],[-56.112,-21.9262],[-56.1114,-21.9271],[-56.1086,-21.9269],[-56.1075,-21.928],[-56.1067,-21.9269],[-56.105,-21.9274],[-56.1024,-21.9251],[-56.0982,-21.9246],[-56.0937,-21.9232],[-56.0914,-21.9211],[-56.0897,-21.9174],[-56.0894,-21.9158],[-56.0873,-21.9147],[-56.087,-21.9127],[-56.0857,-21.9121],[-56.0841,-21.913],[-56.0814,-21.9127],[-56.0779,-21.9106],[-56.0727,-21.9083],[-56.0725,-21.9114],[-56.0735,-21.913],[-56.0733,-21.914],[-56.0711,-21.9147],[-56.0702,-21.9157],[-56.071,-21.917],[-56.0692,-21.9181],[-56.0696,-21.919],[-56.0719,-21.9194],[-56.0737,-21.9205],[-56.0741,-21.9248],[-56.0762,-21.9243],[-56.077,-21.9236],[-56.0791,-21.9239],[-56.0799,-21.9245],[-56.0802,-21.9274],[-56.0812,-21.9292],[-56.0807,-21.9315],[-56.0792,-21.9325],[-56.0774,-21.933],[-56.0741,-21.933],[-56.0712,-21.9336],[-56.0701,-21.9334],[-56.0681,-21.9317],[-56.066,-21.9324],[-56.0638,-21.9299],[-56.062,-21.9288],[-56.0593,-21.929],[-56.0612,-21.9317],[-56.0612,-21.934],[-56.0618,-21.9375],[-56.061,-21.9393],[-56.0645,-21.9394],[-56.0692,-21.941],[-56.0733,-21.9442],[-56.0745,-21.9458],[-56.074,-21.9473],[-56.0724,-21.9478],[-56.0657,-21.9484],[-56.0613,-21.9501],[-56.0595,-21.9543],[-56.0602,-21.9548],[-56.0637,-21.9513],[-56.0651,-21.9507],[-56.0676,-21.9508],[-56.0694,-21.9514],[-56.0732,-21.9539],[-56.075,-21.9545],[-56.0779,-21.9548],[-56.0802,-21.9537],[-56.0818,-21.9547],[-56.0819,-21.9567],[-56.0812,-21.9585],[-56.0813,-21.9604],[-56.0801,-21.9613],[-56.0755,-21.9617],[-56.0754,-21.9627],[-56.077,-21.9631],[-56.0782,-21.9649],[-56.0798,-21.9662],[-56.0803,-21.9672],[-56.0822,-21.9679],[-56.0816,-21.9699],[-56.0803,-21.9718],[-56.0799,-21.9742],[-56.0788,-21.9739],[-56.0794,-21.9724],[-56.0793,-21.9712],[-56.0778,-21.9709],[-56.0738,-21.9729],[-56.0731,-21.972],[-56.0742,-21.9701],[-56.073,-21.9692],[-56.0704,-21.9701],[-56.0684,-21.9683],[-56.0645,-21.9666],[-56.0648,-21.9682],[-56.0622,-21.9698],[-56.0624,-21.9713],[-56.0617,-21.9727],[-56.0634,-21.9738],[-56.0644,-21.9762],[-56.0655,-21.9776],[-56.0658,-21.9792],[-56.0642,-21.9803],[-56.0639,-21.9812],[-56.0646,-21.9834],[-56.0645,-21.9851],[-56.0634,-21.9877],[-56.0608,-21.9896],[-56.0598,-21.9892],[-56.0593,-21.9856],[-56.0601,-21.9838],[-56.0587,-21.9825],[-56.0586,-21.9811],[-56.0593,-21.9792],[-56.0561,-21.9785],[-56.0554,-21.977],[-56.0554,-21.9736],[-56.0545,-21.9712],[-56.0527,-21.9705],[-56.0523,-21.9715],[-56.0536,-21.9736],[-56.0516,-21.9772],[-56.0499,-21.9774],[-56.0475,-21.9731],[-56.0457,-21.972],[-56.0461,-21.9748],[-56.0454,-21.9765],[-56.044,-21.9781],[-56.0426,-21.9784],[-56.041,-21.9764],[-56.0398,-21.9759],[-56.0364,-21.9767],[-56.0389,-21.9779],[-56.0401,-21.979],[-56.0408,-21.9818],[-56.0419,-21.9833],[-56.0422,-21.9846],[-56.0435,-21.9861],[-56.0434,-21.9883],[-56.0452,-21.9908],[-56.0458,-21.9924],[-56.0475,-21.9925],[-56.0478,-21.9936],[-56.0465,-21.9942],[-56.0388,-21.9911],[-56.0337,-21.9872],[-56.032,-21.9867],[-56.0306,-21.9873],[-56.0289,-21.9867],[-56.0281,-21.9851],[-56.0278,-21.9826],[-56.023,-21.9791],[-56.0225,-21.9775],[-56.0215,-21.9772],[-56.02,-21.9796],[-56.0216,-21.981],[-56.0231,-21.9836],[-56.0236,-21.9856],[-56.0232,-21.9891],[-56.0201,-21.992],[-56.0217,-21.9928],[-56.024,-21.9927],[-56.0275,-21.9938],[-56.0286,-21.9948],[-56.0294,-21.9967],[-56.0323,-21.9972],[-56.0329,-21.9986],[-56.0363,-21.9998],[-56.0399,-22.0045],[-56.0397,-22.0057],[-56.0355,-22.0056],[-56.0348,-22.0042],[-56.0336,-22.0042],[-56.0321,-22.0031],[-56.0285,-22.0028],[-56.0281,-22.0037],[-56.0299,-22.0056],[-56.03,-22.0076],[-56.0283,-22.0104],[-56.0297,-22.013],[-56.0307,-22.0138],[-56.0326,-22.0144],[-56.0338,-22.0154],[-56.0339,-22.0168],[-56.0331,-22.018],[-56.0374,-22.0222],[-56.0403,-22.0227],[-56.0428,-22.0241],[-56.0439,-22.0236],[-56.0436,-22.0212],[-56.0444,-22.02],[-56.0466,-22.0201],[-56.0489,-22.019],[-56.0512,-22.0187],[-56.0528,-22.0194],[-56.0537,-22.0206],[-56.0561,-22.0207],[-56.0575,-22.0217],[-56.0603,-22.0256],[-56.0579,-22.0255],[-56.0555,-22.0263],[-56.054,-22.0278],[-56.0535,-22.0299],[-56.0516,-22.0303],[-56.0502,-22.0316],[-56.0484,-22.034],[-56.0466,-22.0348],[-56.046,-22.0365],[-56.0426,-22.0378],[-56.0421,-22.0364],[-56.0407,-22.0371],[-56.0399,-22.0361],[-56.0369,-22.0351],[-56.0354,-22.0365],[-56.0346,-22.0355],[-56.0321,-22.0366],[-56.0315,-22.0379],[-56.0286,-22.0394],[-56.0276,-22.041],[-56.0278,-22.0424],[-56.0263,-22.0444],[-56.0271,-22.0456],[-56.0267,-22.0468],[-56.0241,-22.0489],[-56.0229,-22.0504],[-56.0215,-22.0499],[-56.0206,-22.0483],[-56.0181,-22.048],[-56.0155,-22.049],[-56.0139,-22.0491],[-56.0118,-22.0486],[-56.012,-22.0513],[-56.0107,-22.0526],[-56.0126,-22.053],[-56.0125,-22.0541],[-56.0142,-22.0553],[-56.0151,-22.0544],[-56.0173,-22.0572],[-56.0147,-22.0614],[-56.0134,-22.0629],[-56.0128,-22.0616],[-56.0102,-22.0594],[-56.009,-22.0577],[-56.0063,-22.0578],[-56.0048,-22.0592],[-56.0054,-22.0623],[-56.0054,-22.064],[-56.0046,-22.0665],[-56.0029,-22.0688],[-55.9986,-22.0713],[-55.9977,-22.0734],[-55.9986,-22.076],[-55.9967,-22.0763],[-55.9952,-22.0778],[-55.9946,-22.08],[-55.9927,-22.081],[-55.9876,-22.0808],[-55.9867,-22.0815],[-55.9868,-22.0839],[-55.9857,-22.0848],[-55.985,-22.0877],[-55.9842,-22.0889],[-55.9804,-22.0913],[-55.9778,-22.0925],[-55.9761,-22.0946],[-55.9736,-22.0945],[-55.9727,-22.095],[-55.9726,-22.0963],[-55.9709,-22.0985],[-55.9686,-22.098],[-55.9666,-22.0949],[-55.9629,-22.0929],[-55.9612,-22.0926],[-55.9579,-22.0946],[-55.9561,-22.0949],[-55.9537,-22.0947],[-55.9491,-22.0958],[-55.9472,-22.0936],[-55.9459,-22.0937],[-55.944,-22.095],[-55.9416,-22.096],[-55.9395,-22.096],[-55.9378,-22.0975],[-55.9361,-22.0998],[-55.9335,-22.1021],[-55.9252,-22.1056],[-55.923,-22.107],[-55.9219,-22.1089],[-55.9179,-22.1118],[-55.9136,-22.1159],[-55.9115,-22.1171],[-55.9092,-22.1179],[-55.9082,-22.121],[-55.898,-22.1325],[-55.8896,-22.1351],[-55.8884,-22.136],[-55.8827,-22.1418],[-55.8796,-22.1474],[-55.8772,-22.1496],[-55.8698,-22.1466],[-55.8682,-22.1473],[-55.867,-22.147],[-55.8644,-22.1453],[-55.8611,-22.144],[-55.8589,-22.1416],[-55.8577,-22.1413],[-55.8551,-22.1421],[-55.8524,-22.1421],[-55.8511,-22.1428],[-55.8485,-22.1433],[-55.8465,-22.1427],[-55.8437,-22.1412],[-55.8377,-22.14],[-55.8349,-22.1412],[-55.8336,-22.1406],[-55.8321,-22.1411],[-55.8292,-22.1426],[-55.828,-22.1442],[-55.8266,-22.1449],[-55.8251,-22.1445],[-55.8214,-22.1466],[-55.8188,-22.1469],[-55.8157,-22.1491],[-55.8151,-22.1499],[-55.8159,-22.1517],[-55.815,-22.1521],[-55.8112,-22.1495],[-55.8078,-22.148],[-55.8066,-22.148],[-55.8014,-22.1493],[-55.7992,-22.1507],[-55.7971,-22.1498],[-55.7947,-22.1502],[-55.793,-22.1497],[-55.7903,-22.1476],[-55.7882,-22.1472],[-55.7854,-22.1476],[-55.784,-22.1471],[-55.7833,-22.1457],[-55.7839,-22.1441],[-55.7821,-22.1444],[-55.7802,-22.144],[-55.7777,-22.1427],[-55.7729,-22.1418],[-55.772,-22.1406],[-55.7714,-22.1387],[-55.7721,-22.1374],[-55.7716,-22.1355],[-55.7736,-22.1346],[-55.7742,-22.1324],[-55.7726,-22.13],[-55.7706,-22.1285],[-55.7688,-22.1286],[-55.7673,-22.1303],[-55.7659,-22.1303],[-55.7654,-22.1295],[-55.7654,-22.127],[-55.766,-22.1244],[-55.7654,-22.1229],[-55.7645,-22.1225],[-55.7632,-22.1235],[-55.7622,-22.1223],[-55.7639,-22.1207],[-55.763,-22.1197],[-55.7593,-22.1198],[-55.7555,-22.1186],[-55.7537,-22.1187],[-55.7529,-22.1181],[-55.755,-22.1158],[-55.7543,-22.1151],[-55.7529,-22.1165],[-55.7502,-22.1173],[-55.7484,-22.1184],[-55.7481,-22.1197],[-55.7485,-22.1228],[-55.747,-22.1236],[-55.7445,-22.1232],[-55.7418,-22.1218],[-55.7418,-22.1195],[-55.74,-22.1196],[-55.7398,-22.1207],[-55.7385,-22.1221],[-55.7354,-22.1233],[-55.7349,-22.1218],[-55.7328,-22.1223],[-55.7314,-22.1217],[-55.7309,-22.1202],[-55.7294,-22.1194],[-55.7224,-22.1181],[-55.7205,-22.1202],[-55.719,-22.1209],[-55.7174,-22.1228],[-55.7156,-22.1226],[-55.7162,-22.1209],[-55.7177,-22.1194],[-55.7174,-22.1168],[-55.7148,-22.1138],[-55.7135,-22.1137],[-55.71,-22.1152],[-55.7087,-22.1164],[-55.7054,-22.1218],[-55.7031,-22.12],[-55.7021,-22.1201],[-55.6997,-22.123],[-55.7015,-22.1238],[-55.7019,-22.1247],[-55.7005,-22.1269],[-55.6987,-22.1277],[-55.6971,-22.1272],[-55.6986,-22.1319],[-55.6988,-22.1336],[-55.6982,-22.1364],[-55.6975,-22.1377],[-55.6957,-22.1392],[-55.6941,-22.1392],[-55.6928,-22.1367],[-55.6911,-22.1362],[-55.691,-22.1348],[-55.6919,-22.1328],[-55.6917,-22.1316],[-55.6897,-22.1301],[-55.6879,-22.1296],[-55.6828,-22.1304],[-55.6811,-22.1314],[-55.6802,-22.1308],[-55.6812,-22.1265],[-55.6818,-22.1257],[-55.6839,-22.1248],[-55.6859,-22.1247],[-55.6864,-22.1232],[-55.6834,-22.1212],[-55.6822,-22.1199],[-55.6805,-22.1195],[-55.678,-22.1196],[-55.6773,-22.1178],[-55.6754,-22.1171],[-55.6745,-22.118],[-55.6742,-22.1217],[-55.6769,-22.1255],[-55.6762,-22.1267],[-55.673,-22.1274],[-55.6715,-22.1271],[-55.6677,-22.1243],[-55.6673,-22.1237],[-55.6683,-22.1218],[-55.6676,-22.1197],[-55.6651,-22.1199],[-55.6629,-22.1216],[-55.661,-22.1212],[-55.66,-22.1185],[-55.6607,-22.1168],[-55.6634,-22.1149],[-55.6642,-22.1128],[-55.6634,-22.1123],[-55.6621,-22.1135],[-55.6594,-22.1147],[-55.6575,-22.1146],[-55.656,-22.1171],[-55.6546,-22.1187],[-55.6519,-22.12],[-55.6486,-22.1206],[-55.6458,-22.1193],[-55.6452,-22.1208],[-55.6479,-22.125],[-55.65,-22.1265],[-55.65,-22.128],[-55.6459,-22.1337],[-55.6447,-22.1339],[-55.6447,-22.1309],[-55.6439,-22.1291],[-55.6426,-22.128],[-55.6414,-22.1284],[-55.6408,-22.1301],[-55.6395,-22.1311],[-55.6417,-22.1343],[-55.6422,-22.1364],[-55.6434,-22.1373],[-55.6452,-22.1366],[-55.6497,-22.1338],[-55.6511,-22.1334],[-55.6522,-22.134],[-55.6565,-22.1389],[-55.6592,-22.1407],[-55.661,-22.1398],[-55.6618,-22.1414],[-55.6635,-22.1401],[-55.6657,-22.1408],[-55.6665,-22.1417],[-55.6655,-22.1431],[-55.6611,-22.1446],[-55.6585,-22.148],[-55.6621,-22.1478],[-55.6631,-22.1487],[-55.6617,-22.1508],[-55.6639,-22.1516],[-55.6675,-22.1544],[-55.6675,-22.1562],[-55.6663,-22.1572],[-55.6646,-22.1562],[-55.6604,-22.1554],[-55.6608,-22.1573],[-55.6605,-22.1582],[-55.6588,-22.1588],[-55.6583,-22.1596],[-55.6582,-22.1622],[-55.6591,-22.163],[-55.6608,-22.1626],[-55.6624,-22.1609],[-55.6636,-22.1603],[-55.6661,-22.1604],[-55.6677,-22.1618],[-55.6699,-22.1622],[-55.6698,-22.1635],[-55.6716,-22.1654],[-55.6735,-22.1663],[-55.6735,-22.1676],[-55.6708,-22.1693],[-55.6711,-22.1702],[-55.6747,-22.1705],[-55.6757,-22.171],[-55.6778,-22.1702],[-55.6801,-22.1732],[-55.6802,-22.1766],[-55.6836,-22.1787],[-55.6864,-22.1767],[-55.6877,-22.1772],[-55.6869,-22.1799],[-55.6876,-22.1806],[-55.6898,-22.1808],[-55.6919,-22.1803],[-55.6924,-22.181],[-55.6911,-22.1821],[-55.6919,-22.1839],[-55.6912,-22.1846],[-55.6888,-22.1834],[-55.6876,-22.1837],[-55.6876,-22.1866],[-55.6856,-22.187],[-55.684,-22.1885],[-55.6839,-22.1893],[-55.6857,-22.1898],[-55.6861,-22.191],[-55.6845,-22.1919],[-55.6846,-22.1936],[-55.686,-22.1945],[-55.6873,-22.1964],[-55.6893,-22.1974],[-55.6898,-22.1984],[-55.6897,-22.2005],[-55.691,-22.2024],[-55.6891,-22.2038],[-55.6909,-22.205],[-55.6921,-22.2042],[-55.693,-22.2017],[-55.6946,-22.201],[-55.6965,-22.2021],[-55.6985,-22.2018],[-55.6994,-22.2044],[-55.7012,-22.207],[-55.702,-22.2117],[-55.7019,-22.2138],[-55.7011,-22.2151],[-55.7022,-22.2161],[-55.7037,-22.2157],[-55.7047,-22.2161],[-55.706,-22.2201],[-55.7068,-22.2216],[-55.7083,-22.2225],[-55.7105,-22.2223],[-55.7105,-22.2236],[-55.7128,-22.2266],[-55.7131,-22.2288],[-55.7097,-22.2317],[-55.7086,-22.2331],[-55.706,-22.2342],[-55.7045,-22.2361],[-55.7063,-22.2384],[-55.71,-22.2365],[-55.7117,-22.2367],[-55.7111,-22.2382],[-55.7093,-22.2404],[-55.7088,-22.2417],[-55.7073,-22.2421],[-55.7096,-22.244],[-55.709,-22.2452],[-55.7091,-22.247],[-55.7072,-22.2473],[-55.7064,-22.2488],[-55.7091,-22.2521],[-55.7105,-22.2519],[-55.7101,-22.2503],[-55.7115,-22.2495],[-55.7133,-22.2516],[-55.7143,-22.2536],[-55.7134,-22.2547],[-55.7141,-22.2567],[-55.715,-22.2573],[-55.7165,-22.2563],[-55.7182,-22.2561],[-55.7208,-22.258],[-55.7227,-22.2603],[-55.7236,-22.2623],[-55.7218,-22.2659],[-55.7222,-22.2671],[-55.7236,-22.2671],[-55.7253,-22.2664],[-55.7266,-22.2672],[-55.727,-22.269],[-55.7303,-22.2712],[-55.7313,-22.2728],[-55.7297,-22.274],[-55.73,-22.2757],[-55.7309,-22.2767],[-55.7343,-22.2781],[-55.7357,-22.279],[-55.7373,-22.2791],[-55.7392,-22.2781],[-55.7401,-22.2782],[-55.7412,-22.2803],[-55.7406,-22.281],[-55.744,-22.2835],[-55.7456,-22.2818],[-55.7468,-22.2823],[-55.747,-22.2842],[-55.7484,-22.2856],[-55.7487,-22.287],[-55.7468,-22.2898],[-55.7488,-22.2907],[-55.7501,-22.2931],[-55.7508,-22.2954],[-55.7526,-22.2981],[-55.7525,-22.3004],[-55.7538,-22.3044],[-55.7552,-22.3058],[-55.7554,-22.3075],[-55.7566,-22.308],[-55.7573,-22.3113],[-55.7566,-22.314],[-55.7568,-22.3159],[-55.7582,-22.3205],[-55.7594,-22.3228],[-55.7591,-22.324],[-55.7568,-22.3275],[-55.7525,-22.3366],[-55.7489,-22.342],[-55.7482,-22.3439],[-55.748,-22.3456],[-55.7486,-22.3481],[-55.7513,-22.3551],[-55.751,-22.3584],[-55.7545,-22.3669],[-55.7557,-22.3686],[-55.7572,-22.3692],[-55.7595,-22.3691],[-55.762,-22.3699],[-55.7641,-22.3716],[-55.7646,-22.3745],[-55.7665,-22.3776],[-55.7667,-22.3842]]]}}]}