{"type":"FeatureCollection","features":[{"type":"Feature","properties":{"nome":"Ruta Nacional General Caballero","classe":"principal","pais":"PY"},"geometry":{"type":"LineString","coordinates":[[-55.76514,-22.58541],[-55.79,-22.59286],[-55.79129,-22.59331],[-55.79281,-22.59414],[-55.8,-22.59865]]}},{"type":"Feature","properties":{"nome":"Avenida da Flora","classe":"principal","pais":"PY"},"geometry":{"type":"LineString","coordinates":[[-55.74698,-22.49042],[-55.74716,-22.49068],[-55.74731,-22.49127]]}},{"type":"Feature","properties":{"nome":"","classe":"principal","pais":"BR"},"geometry":{"type":"LineString","coordinates":[[-55.67258,-22.59121],[-55.66989,-22.593],[-55.66887,-22.59376],[-55.66477,-22.59705],[-55.66092,-22.6]]}},{"type":"Feature","properties":{"nome":"Avenida Padre Juan José O'Connor","classe":"secundária","pais":"PY"},"geometry":{"type":"LineString","coordinates":[[-55.75181,-22.48],[-55.75149,-22.48117],[-55.75133,-22.48161],[-55.75119,-22.48185],[-55.75085,-22.4821],[-55.74787,-22.4832],[-55.7476,-22.48343],[-55.74744,-22.48366],[-55.74699,-22.48482]]}},{"type":"Feature","properties":{"nome":"Avenida da Flora","classe":"principal","pais":"BR"},"geometry":{"type":"LineString","coordinates":[[-55.74086,-22.51509],[-55.746,-22.5073],[-55.74661,-22.50628],[-55.74691,-22.50561],[-55.74715,-22.50479],[-55.74726,-22.50409],[-55.74752,-22.49744]]}},{"type":"Feature","properties":{"nome":"","classe":"secundária","pais":"PY"},"geometry":{"type":"LineString","coordinates":[[-55.73065,-22.57922],[-55.73518,-22.57447]]}},{"type":"Feature","properties":{"nome":"","classe":"secundária","pais":"PY"},"geometry":{"type":"LineString","coordinates":[[-55.74582,-22.57962],[-55.74052,-22.58511],[-55.73959,-22.58611],[-55.73946,-22.58636]]}},{"type":"Feature","properties":{"nome":"Avenida Carlos Dominguez","classe":"secundária","pais":"PY"},"geometry":{"type":"LineString","coordinates":[[-55.74311,-22.55151],[-55.73418,-22.54713]]}},{"type":"Feature","properties":{"nome":"Avenida Carlos Dominguez","classe":"secundária","pais":"PY"},"geometry":{"type":"LineString","coordinates":[[-55.73425,-22.547],[-55.73981,-22.54973],[-55.74315,-22.55109]]}},{"type":"Feature","properties":{"nome":"Avenida Carlos Dominguez","classe":"secundária","pais":"PY"},"geometry":{"type":"LineString","coordinates":[[-55.74323,-22.55129],[-55.7433,-22.55139]]}},{"type":"Feature","properties":{"nome":"Carlos Antônio López","classe":"secundária","pais":"PY"},"geometry":{"type":"LineString","coordinates":[[-55.7345,-22.53726],[-55.73173,-22.54203]]}},{"type":"Feature","properties":{"nome":"Cerro León","classe":"secundária","pais":"PY"},"geometry":{"type":"LineString","coordinates":[[-55.72576,-22.55898],[-55.72266,-22.5641],[-55.72212,-22.56489]]}},{"type":"Feature","properties":{"nome":"Luis Alberto del Paraná","classe":"secundária","pais":"PY"},"geometry":{"type":"LineString","coordinates":[[-55.73883,-22.55746],[-55.74034,-22.55547],[-55.74294,-22.55142]]}},{"type":"Feature","properties":{"nome":"Emiliano R. Fernandez","classe":"secundária","pais":"PY"},"geometry":{"type":"LineString","coordinates":[[-55.74311,-22.55151],[-55.74146,-22.55417],[-55.7405,-22.55561],[-55.739,-22.55757]]}},{"type":"Feature","properties":{"nome":"Avenida José Berges","classe":"secundária","pais":"PY"},"geometry":{"type":"LineString","coordinates":[[-55.73785,-22.52679],[-55.73749,-22.52659]]}},{"type":"Feature","properties":{"nome":"Avenida José Berges","classe":"secundária","pais":"PY"},"geometry":{"type":"LineString","coordinates":[[-55.73792,-22.52667],[-55.74053,-22.52799]]}},{"type":"Feature","properties":{"nome":"Avenida Fernando de la Mora","classe":"secundária","pais":"PY"},"geometry":{"type":"LineString","coordinates":[[-55.75208,-22.53592],[-55.74562,-22.54692]]}},{"type":"Feature","properties":{"nome":"Avenida Fernando de la Mora","classe":"secundária","pais":"PY"},"geometry":{"type":"LineString","coordinates":[[-55.74616,-22.54571],[-55.74773,-22.5428],[-55.74932,-22.54003],[-55.75188,-22.53579]]}},{"type":"Feature","properties":{"nome":"Avenida Fernando de la Mora","classe":"secundária","pais":"PY"},"geometry":{"type":"LineString","coordinates":[[-55.74294,-22.55142],[-55.74302,-22.55129]]}},{"type":"Feature","properties":{"nome":"Mariscal Francisco Solano López","classe":"secundária","pais":"PY"},"geometry":{"type":"LineString","coordinates":[[-55.72903,-22.54436],[-55.73459,-22.53483]]}},{"type":"Feature","properties":{"nome":"","classe":"secundária","pais":"PY"},"geometry":{"type":"LineString","coordinates":[[-55.72162,-22.56476],[-55.71681,-22.56143]]}},{"type":"Feature","properties":{"nome":"Avenida Mainumby","classe":"secundária","pais":"PY"},"geometry":{"type":"LineString","coordinates":[[-55.72162,-22.56476],[-55.72227,-22.56885],[-55.72437,-22.5703],[-55.72836,-22.56972]]}},{"type":"Feature","properties":{"nome":"Avenida Mainumby","classe":"secundária","pais":"PY"},"geometry":{"type":"LineString","coordinates":[[-55.72854,-22.56984],[-55.7243,-22.57042],[-55.72206,-22.56888],[-55.72209,-22.56875],[-55.72201,-22.56815],[-55.72145,-22.56464]]}},{"type":"Feature","properties":{"nome":"Avenida Guyra Campana","classe":"secundária","pais":"PY"},"geometry":{"type":"LineString","coordinates":[[-55.73518,-22.57447],[-55.7276,-22.56918],[-55.72151,-22.56504]]}},{"type":"Feature","properties":{"nome":"Avenida Fernando de la Mora","classe":"secundária","pais":"PY"},"geometry":{"type":"LineString","coordinates":[[-55.73078,-22.57067],[-55.73115,-22.57004],[-55.73286,-22.56674],[-55.73322,-22.56623]]}},{"type":"Feature","properties":{"nome":"Avenida Fernando de la Mora","classe":"secundária","pais":"PY"},"geometry":{"type":"LineString","coordinates":[[-55.73653,-22.5615],[-55.73453,-22.56475],[-55.7334,-22.56625]]}},{"type":"Feature","properties":{"nome":"Avenida Fernando de la Mora","classe":"secundária","pais":"PY"},"geometry":{"type":"LineString","coordinates":[[-55.73637,-22.56141],[-55.73702,-22.56038]]}},{"type":"Feature","properties":{"nome":"Avenida Fernando de la Mora","classe":"secundária","pais":"PY"},"geometry":{"type":"LineString","coordinates":[[-55.73702,-22.56038],[-55.73785,-22.559],[-55.73828,-22.55817],[-55.73883,-22.55746]]}},{"type":"Feature","properties":{"nome":"Avenida Fernando de la Mora","classe":"secundária","pais":"PY"},"geometry":{"type":"LineString","coordinates":[[-55.739,-22.55757],[-55.73823,-22.55854],[-55.73777,-22.55946],[-55.73653,-22.5615]]}},{"type":"Feature","properties":{"nome":"","classe":"principal","pais":"PY"},"geometry":{"type":"LineString","coordinates":[[-55.7095,-22.55913],[-55.6992,-22.56314]]}},{"type":"Feature","properties":{"nome":"Ruta Nacional General Caballero","classe":"principal","pais":"PY"},"geometry":{"type":"LineString","coordinates":[[-55.71698,-22.56133],[-55.71473,-22.55974],[-55.71395,-22.55932],[-55.71297,-22.55897],[-55.71229,-22.55882],[-55.71176,-22.55875],[-55.71103,-22.55873]]}},{"type":"Feature","properties":{"nome":"Ruta Nacional General Caballero","classe":"principal","pais":"PY"},"geometry":{"type":"LineString","coordinates":[[-55.71103,-22.55873],[-55.71036,-22.55888],[-55.70996,-22.55903]]}},{"type":"Feature","properties":{"nome":"Avenida José Gaspar Rodríguez de Francia","classe":"secundária","pais":"PY"},"geometry":{"type":"LineString","coordinates":[[-55.71048,-22.55872],[-55.71112,-22.55845],[-55.71164,-22.5583]]}},{"type":"Feature","properties":{"nome":"","classe":"secundária","pais":"PY"},"geometry":{"type":"LineString","coordinates":[[-55.71164,-22.5583],[-55.71156,-22.55851],[-55.71159,-22.55874]]}},{"type":"Feature","properties":{"nome":"","classe":"principal","pais":"PY"},"geometry":{"type":"LineString","coordinates":[[-55.70996,-22.55903],[-55.70982,-22.55891]]}},{"type":"Feature","properties":{"nome":"Rua Antônio João","classe":"secundária","pais":"BR"},"geometry":{"type":"LineString","coordinates":[[-55.72352,-22.54059],[-55.72463,-22.53912]]}},{"type":"Feature","properties":{"nome":"Rua Antônio João","classe":"secundária","pais":"BR"},"geometry":{"type":"LineString","coordinates":[[-55.73929,-22.51966],[-55.73757,-22.52205],[-55.73601,-22.52404],[-55.73271,-22.52849]]}},{"type":"Feature","properties":{"nome":"Rua Marechal Floriano","classe":"secundária","pais":"BR"},"geometry":{"type":"LineString","coordinates":[[-55.73564,-22.53051],[-55.73656,-22.52872],[-55.73725,-22.52713]]}},{"type":"Feature","properties":{"nome":"Avenida Brasil","classe":"principal","pais":"BR"},"geometry":{"type":"LineString","coordinates":[[-55.71018,-22.55839],[-55.71042,-22.55836],[-55.71074,-22.55815],[-55.71505,-22.55457],[-55.71577,-22.55385],[-55.71683,-22.55243]]}},{"type":"Feature","properties":{"nome":"Avenida Internacional","classe":"secundária","pais":"BR"},"geometry":{"type":"LineString","coordinates":[[-55.71798,-22.55422],[-55.71696,-22.55469],[-55.71412,-22.5569]]}},{"type":"Feature","properties":{"nome":"Avenida Internacional","classe":"secundária","pais":"BR"},"geometry":{"type":"LineString","coordinates":[[-55.7215,-22.55236],[-55.7186,-22.55379]]}},{"type":"Feature","properties":{"nome":"Rua Marechal Floriano","classe":"secundária","pais":"BR"},"geometry":{"type":"LineString","coordinates":[[-55.71798,-22.55422],[-55.71836,-22.55378]]}},{"type":"Feature","properties":{"nome":"Rua Marechal Floriano Peixoto","classe":"secundária","pais":"BR"},"geometry":{"type":"LineString","coordinates":[[-55.73464,-22.53215],[-55.73353,-22.53372]]}},{"type":"Feature","properties":{"nome":"","classe":"secundária","pais":"BR"},"geometry":{"type":"LineString","coordinates":[[-55.71856,-22.55392],[-55.71844,-22.55394],[-55.71838,-22.55389],[-55.71835,-22.55382],[-55.71839,-22.55374],[-55.71847,-22.55371],[-55.71857,-22.55374],[-55.71861,-22.55382],[-55.71856,-22.55392]]}},{"type":"Feature","properties":{"nome":"Rua Treze de Setembro","classe":"secundária","pais":"BR"},"geometry":{"type":"LineString","coordinates":[[-55.72587,-22.54676],[-55.72173,-22.55222]]}},{"type":"Feature","properties":{"nome":"","classe":"secundária","pais":"BR"},"geometry":{"type":"LineString","coordinates":[[-55.72902,-22.5419],[-55.72892,-22.5419],[-55.72892,-22.5418],[-55.72902,-22.54179],[-55.72902,-22.5419]]}},{"type":"Feature","properties":{"nome":"Rua Paraguai","classe":"secundária","pais":"BR"},"geometry":{"type":"LineString","coordinates":[[-55.7305,-22.53868],[-55.72978,-22.5402]]}},{"type":"Feature","properties":{"nome":"Rua Paraguai","classe":"secundária","pais":"BR"},"geometry":{"type":"LineString","coordinates":[[-55.72894,-22.5419],[-55.72814,-22.54357]]}},{"type":"Feature","properties":{"nome":"Rua Duque de Caxias","classe":"secundária","pais":"BR"},"geometry":{"type":"LineString","coordinates":[[-55.72366,-22.54061],[-55.72367,-22.54068],[-55.72501,-22.54156]]}},{"type":"Feature","properties":{"nome":"Rua Duque de Caxias","classe":"secundária","pais":"BR"},"geometry":{"type":"LineString","coordinates":[[-55.72818,-22.54363],[-55.72839,-22.54389]]}},{"type":"Feature","properties":{"nome":"","classe":"secundária","pais":"BR"},"geometry":{"type":"LineString","coordinates":[[-55.72816,-22.54368],[-55.72806,-22.54368],[-55.72806,-22.54358],[-55.72816,-22.54358],[-55.72816,-22.54368]]}},{"type":"Feature","properties":{"nome":"Rua Duque de Caxias","classe":"secundária","pais":"BR"},"geometry":{"type":"LineString","coordinates":[[-55.72833,-22.54403],[-55.72812,-22.54369]]}},{"type":"Feature","properties":{"nome":"Rua Duque de Caxias","classe":"secundária","pais":"BR"},"geometry":{"type":"LineString","coordinates":[[-55.72804,-22.54363],[-55.72677,-22.54281]]}},{"type":"Feature","properties":{"nome":"Rua Jorge Roberto Salomão","classe":"secundária","pais":"BR"},"geometry":{"type":"LineString","coordinates":[[-55.73564,-22.53051],[-55.73412,-22.52955]]}},{"type":"Feature","properties":{"nome":"Rua Jorge Roberto Salomão","classe":"secundária","pais":"BR"},"geometry":{"type":"LineString","coordinates":[[-55.73271,-22.5285],[-55.73409,-22.52938]]}},{"type":"Feature","properties":{"nome":"Rua Jorge Roberto Salomão","classe":"secundária","pais":"BR"},"geometry":{"type":"LineString","coordinates":[[-55.73251,-22.52852],[-55.72755,-22.52529]]}},{"type":"Feature","properties":{"nome":"","classe":"secundária","pais":"BR"},"geometry":{"type":"LineString","coordinates":[[-55.72988,-22.53842],[-55.7299,-22.53834],[-55.72997,-22.53831]]}},{"type":"Feature","properties":{"nome":"Rua Marechal Floriano","classe":"secundária","pais":"BR"},"geometry":{"type":"LineString","coordinates":[[-55.72997,-22.53848],[-55.72906,-22.53971]]}},{"type":"Feature","properties":{"nome":"Rua Marechal Floriano","classe":"secundária","pais":"BR"},"geometry":{"type":"LineString","coordinates":[[-55.72997,-22.53831],[-55.73106,-22.53687]]}},{"type":"Feature","properties":{"nome":"Rua Tiradentes","classe":"secundária","pais":"BR"},"geometry":{"type":"LineString","coordinates":[[-55.73102,-22.53914],[-55.73001,-22.53848]]}},{"type":"Feature","properties":{"nome":"Rua Tiradentes","classe":"secundária","pais":"BR"},"geometry":{"type":"LineString","coordinates":[[-55.73006,-22.53839],[-55.73107,-22.53905]]}},{"type":"Feature","properties":{"nome":"","classe":"principal","pais":"BR"},"geometry":{"type":"LineString","coordinates":[[-55.72834,-22.53726],[-55.72833,-22.53734],[-55.72824,-22.53739]]}},{"type":"Feature","properties":{"nome":"Avenida Brasil","classe":"principal","pais":"BR"},"geometry":{"type":"LineString","coordinates":[[-55.72824,-22.53739],[-55.72734,-22.53864]]}},{"type":"Feature","properties":{"nome":"Avenida Brasil","classe":"principal","pais":"BR"},"geometry":{"type":"LineString","coordinates":[[-55.72824,-22.53719],[-55.72932,-22.53574]]}},{"type":"Feature","properties":{"nome":"Rua Tiradentes","classe":"secundária","pais":"BR"},"geometry":{"type":"LineString","coordinates":[[-55.72988,-22.5384],[-55.72827,-22.53739]]}},{"type":"Feature","properties":{"nome":"Rua Tiradentes","classe":"secundária","pais":"BR"},"geometry":{"type":"LineString","coordinates":[[-55.72834,-22.53728],[-55.72995,-22.53832]]}},{"type":"Feature","properties":{"nome":"Rua Antônio João","classe":"secundária","pais":"BR"},"geometry":{"type":"LineString","coordinates":[[-55.72679,-22.53645],[-55.72583,-22.53768]]}},{"type":"Feature","properties":{"nome":"Rua Antônio João","classe":"secundária","pais":"BR"},"geometry":{"type":"LineString","coordinates":[[-55.72663,-22.53644],[-55.72668,-22.53638]]}},{"type":"Feature","properties":{"nome":"Rua Tiradentes","classe":"secundária","pais":"BR"},"geometry":{"type":"LineString","coordinates":[[-55.72693,-22.53641],[-55.72821,-22.53719]]}},{"type":"Feature","properties":{"nome":"Rua Tiradentes","classe":"secundária","pais":"BR"},"geometry":{"type":"LineString","coordinates":[[-55.72813,-22.53729],[-55.72679,-22.53645]]}},{"type":"Feature","properties":{"nome":"Avenida Brasil","classe":"principal","pais":"BR"},"geometry":{"type":"LineString","coordinates":[[-55.71699,-22.55253],[-55.71619,-22.55361],[-55.71558,-22.55434],[-55.71076,-22.55836]]}},{"type":"Feature","properties":{"nome":"Avenida Brasil","classe":"principal","pais":"BR"},"geometry":{"type":"LineString","coordinates":[[-55.71689,-22.55235],[-55.71703,-22.55216],[-55.71728,-22.55196],[-55.71845,-22.55025],[-55.72027,-22.54777],[-55.72147,-22.54623],[-55.72379,-22.54313]]}},{"type":"Feature","properties":{"nome":"Rua Comandante Cardoso","classe":"secundária","pais":"BR"},"geometry":{"type":"LineString","coordinates":[[-55.71686,-22.55237],[-55.71657,-22.55225],[-55.71042,-22.55063],[-55.70978,-22.55054],[-55.70914,-22.55057]]}},{"type":"Feature","properties":{"nome":"","classe":"principal","pais":"BR"},"geometry":{"type":"LineString","coordinates":[[-55.6821,-22.58489],[-55.68402,-22.58346],[-55.68565,-22.5825],[-55.69045,-22.57931],[-55.69098,-22.57888],[-55.69141,-22.57846],[-55.69215,-22.57758],[-55.69258,-22.5769],[-55.69286,-22.5762],[-55.69447,-22.57119],[-55.6972,-22.56479],[-55.69798,-22.56308]]}},{"type":"Feature","properties":{"nome":"Rua Batista de Azevedo","classe":"secundária","pais":"BR"},"geometry":{"type":"LineString","coordinates":[[-55.70676,-22.55139],[-55.70893,-22.55688],[-55.7091,-22.55715]]}},{"type":"Feature","properties":{"nome":"Rua Washington Luiz","classe":"secundária","pais":"BR"},"geometry":{"type":"LineString","coordinates":[[-55.7091,-22.55715],[-55.70935,-22.55734],[-55.70972,-22.55778],[-55.71034,-22.55838]]}},{"type":"Feature","properties":{"nome":"Rua Washington Luiz","classe":"secundária","pais":"BR"},"geometry":{"type":"LineString","coordinates":[[-55.71013,-22.55819],[-55.71018,-22.55839]]}},{"type":"Feature","properties":{"nome":"","classe":"principal","pais":"BR"},"geometry":{"type":"LineString","coordinates":[[-55.71076,-22.55836],[-55.71026,-22.55856]]}},{"type":"Feature","properties":{"nome":"","classe":"principal","pais":"BR"},"geometry":{"type":"LineString","coordinates":[[-55.70273,-22.5612],[-55.70255,-22.56117],[-55.70249,-22.5611]]}},{"type":"Feature","properties":{"nome":"Trevo da Cuia","classe":"principal","pais":"BR"},"geometry":{"type":"LineString","coordinates":[[-55.69849,-22.56261],[-55.69863,-22.56276],[-55.69867,-22.56286]]}},{"type":"Feature","properties":{"nome":"Trevo da Cuia","classe":"principal","pais":"BR"},"geometry":{"type":"LineString","coordinates":[[-55.69832,-22.56316],[-55.69816,-22.5632]]}},{"type":"Feature","properties":{"nome":"Avenida Brasil","classe":"principal","pais":"BR"},"geometry":{"type":"LineString","coordinates":[[-55.72617,-22.54021],[-55.72512,-22.54163]]}},{"type":"Feature","properties":{"nome":"Avenida Brasil","classe":"principal","pais":"BR"},"geometry":{"type":"LineString","coordinates":[[-55.72944,-22.5358],[-55.72834,-22.53726]]}},{"type":"Feature","properties":{"nome":"Avenida Brasil","classe":"principal","pais":"BR"},"geometry":{"type":"LineString","coordinates":[[-55.7385,-22.52345],[-55.73952,-22.52061],[-55.73958,-22.52037],[-55.73956,-22.5202]]}},{"type":"Feature","properties":{"nome":"Avenida Brasil","classe":"principal","pais":"BR"},"geometry":{"type":"LineString","coordinates":[[-55.72936,-22.53565],[-55.73052,-22.53419]]}},{"type":"Feature","properties":{"nome":"Avenida Brasil","classe":"principal","pais":"BR"},"geometry":{"type":"LineString","coordinates":[[-55.7306,-22.53424],[-55.72951,-22.53572]]}},{"type":"Feature","properties":{"nome":"Avenida Brasil","classe":"principal","pais":"BR"},"geometry":{"type":"LineString","coordinates":[[-55.7306,-22.53408],[-55.73282,-22.53107]]}},{"type":"Feature","properties":{"nome":"Avenida Brasil","classe":"principal","pais":"BR"},"geometry":{"type":"LineString","coordinates":[[-55.72619,-22.53997],[-55.72718,-22.53865]]}},{"type":"Feature","properties":{"nome":"Rua Antônio João","classe":"secundária","pais":"BR"},"geometry":{"type":"LineString","coordinates":[[-55.73261,-22.52842],[-55.73709,-22.52246]]}},{"type":"Feature","properties":{"nome":"Rua Antônio João","classe":"secundária","pais":"BR"},"geometry":{"type":"LineString","coordinates":[[-55.72471,-22.53903],[-55.72564,-22.53775]]}},{"type":"Feature","properties":{"nome":"Rua Antônio João","classe":"secundária","pais":"BR"},"geometry":{"type":"LineString","coordinates":[[-55.72798,-22.53486],[-55.72685,-22.53636]]}},{"type":"Feature","properties":{"nome":"Rua Antônio João","classe":"secundária","pais":"BR"},"geometry":{"type":"LineString","coordinates":[[-55.72564,-22.53775],[-55.72568,-22.5377]]}},{"type":"Feature","properties":{"nome":"Rua Antônio João","classe":"secundária","pais":"BR"},"geometry":{"type":"LineString","coordinates":[[-55.72577,-22.53776],[-55.7248,-22.53909]]}},{"type":"Feature","properties":{"nome":"Rua Antônio João","classe":"secundária","pais":"BR"},"geometry":{"type":"LineString","coordinates":[[-55.72909,-22.53333],[-55.72803,-22.53479]]}},{"type":"Feature","properties":{"nome":"Rua Antônio João","classe":"secundária","pais":"BR"},"geometry":{"type":"LineString","coordinates":[[-55.72792,-22.53472],[-55.72903,-22.53316]]}},{"type":"Feature","properties":{"nome":"Rua Antônio João","classe":"secundária","pais":"BR"},"geometry":{"type":"LineString","coordinates":[[-55.72467,-22.53926],[-55.72366,-22.54061]]}},{"type":"Feature","properties":{"nome":"Rua Antônio João","classe":"secundária","pais":"BR"},"geometry":{"type":"LineString","coordinates":[[-55.72911,-22.53307],[-55.73137,-22.5301]]}},{"type":"Feature","properties":{"nome":"Rua Antônio João","classe":"secundária","pais":"BR"},"geometry":{"type":"LineString","coordinates":[[-55.73149,-22.53019],[-55.73032,-22.53167],[-55.72909,-22.53333]]}},{"type":"Feature","properties":{"nome":"Rua General Osório","classe":"secundária","pais":"BR"},"geometry":{"type":"LineString","coordinates":[[-55.72503,-22.53531],[-55.72412,-22.53653]]}},{"type":"Feature","properties":{"nome":"Rua General Osório","classe":"secundária","pais":"BR"},"geometry":{"type":"LineString","coordinates":[[-55.72215,-22.5392],[-55.72301,-22.53806]]}},{"type":"Feature","properties":{"nome":"Rua Marechal Floriano","classe":"secundária","pais":"BR"},"geometry":{"type":"LineString","coordinates":[[-55.72794,-22.54122],[-55.72683,-22.54272]]}},{"type":"Feature","properties":{"nome":"Rua Marechal Floriano","classe":"secundária","pais":"BR"},"geometry":{"type":"LineString","coordinates":[[-55.72896,-22.53965],[-55.72988,-22.53842]]}},{"type":"Feature","properties":{"nome":"Rua Marechal Floriano","classe":"secundária","pais":"BR"},"geometry":{"type":"LineString","coordinates":[[-55.73115,-22.53692],[-55.73006,-22.53836]]}},{"type":"Feature","properties":{"nome":"Rua Marechal Floriano","classe":"secundária","pais":"BR"},"geometry":{"type":"LineString","coordinates":[[-55.7279,-22.54108],[-55.72888,-22.53978]]}},{"type":"Feature","properties":{"nome":"Rua Marechal Floriano Peixoto","classe":"secundária","pais":"BR"},"geometry":{"type":"LineString","coordinates":[[-55.7323,-22.53535],[-55.7319,-22.53591]]}},{"type":"Feature","properties":{"nome":"Rua Marechal Floriano Peixoto","classe":"secundária","pais":"BR"},"geometry":{"type":"LineString","coordinates":[[-55.73115,-22.53675],[-55.73222,-22.53528]]}},{"type":"Feature","properties":{"nome":"Rua Marechal Floriano","classe":"secundária","pais":"BR"},"geometry":{"type":"LineString","coordinates":[[-55.72898,-22.53983],[-55.728,-22.54114]]}},{"type":"Feature","properties":{"nome":"Rua Marechal Floriano Peixoto","classe":"secundária","pais":"BR"},"geometry":{"type":"LineString","coordinates":[[-55.73342,-22.53365],[-55.73456,-22.53213]]}},{"type":"Feature","properties":{"nome":"Rua Sete de Setembro","classe":"secundária","pais":"BR"},"geometry":{"type":"LineString","coordinates":[[-55.72396,-22.53662],[-55.71373,-22.53005],[-55.71218,-22.529],[-55.71061,-22.52804]]}},{"type":"Feature","properties":{"nome":"Rua Sete de Setembro","classe":"secundária","pais":"BR"},"geometry":{"type":"LineString","coordinates":[[-55.71057,-22.52791],[-55.71144,-22.5284],[-55.713,-22.52939],[-55.72404,-22.53652]]}},{"type":"Feature","properties":{"nome":"Rua Guia Lopes","classe":"secundária","pais":"BR"},"geometry":{"type":"LineString","coordinates":[[-55.72457,-22.53909],[-55.71962,-22.53591],[-55.71622,-22.5338],[-55.7145,-22.53268],[-55.7144,-22.53255]]}},{"type":"Feature","properties":{"nome":"Avenida Presidente Vargas","classe":"secundária","pais":"BR"},"geometry":{"type":"LineString","coordinates":[[-55.70766,-22.52168],[-55.71441,-22.52602]]}},{"type":"Feature","properties":{"nome":"Avenida Presidente Vargas","classe":"secundária","pais":"BR"},"geometry":{"type":"LineString","coordinates":[[-55.71434,-22.52612],[-55.71184,-22.52454],[-55.7076,-22.52175]]}},{"type":"Feature","properties":{"nome":"Avenida Presidente Vargas","classe":"secundária","pais":"BR"},"geometry":{"type":"LineString","coordinates":[[-55.72618,-22.53371],[-55.71434,-22.52612]]}},{"type":"Feature","properties":{"nome":"Avenida Presidente Vargas","classe":"secundária","pais":"BR"},"geometry":{"type":"LineString","coordinates":[[-55.71441,-22.52602],[-55.72625,-22.53361]]}},{"type":"Feature","properties":{"nome":"Rua Baltazar Saldanha","classe":"secundária","pais":"BR"},"geometry":{"type":"LineString","coordinates":[[-55.71951,-22.52231],[-55.72815,-22.52785]]}},{"type":"Feature","properties":{"nome":"Rua Baltazar Saldanha","classe":"secundária","pais":"BR"},"geometry":{"type":"LineString","coordinates":[[-55.73137,-22.5301],[-55.72008,-22.52283]]}},{"type":"Feature","properties":{"nome":"Rua Sete de Setembro","classe":"secundária","pais":"BR"},"geometry":{"type":"LineString","coordinates":[[-55.72907,-22.53973],[-55.72978,-22.5402]]}},{"type":"Feature","properties":{"nome":"Rua Guia Lopes","classe":"secundária","pais":"BR"},"geometry":{"type":"LineString","coordinates":[[-55.728,-22.54114],[-55.72893,-22.54179]]}},{"type":"Feature","properties":{"nome":"Avenida Presidente Vargas","classe":"secundária","pais":"BR"},"geometry":{"type":"LineString","coordinates":[[-55.73106,-22.53685],[-55.72945,-22.5358]]}},{"type":"Feature","properties":{"nome":"Avenida Presidente Vargas","classe":"secundária","pais":"BR"},"geometry":{"type":"LineString","coordinates":[[-55.72951,-22.53573],[-55.73112,-22.53676]]}},{"type":"Feature","properties":{"nome":"Rua Tiradentes","classe":"secundária","pais":"BR"},"geometry":{"type":"LineString","coordinates":[[-55.72661,-22.53634],[-55.72503,-22.53531]]}},{"type":"Feature","properties":{"nome":"Rua Guia Lopes","classe":"secundária","pais":"BR"},"geometry":{"type":"LineString","coordinates":[[-55.72784,-22.54117],[-55.72623,-22.54012]]}},{"type":"Feature","properties":{"nome":"Rua Guia Lopes","classe":"secundária","pais":"BR"},"geometry":{"type":"LineString","coordinates":[[-55.72488,-22.53914],[-55.72619,-22.53997]]}},{"type":"Feature","properties":{"nome":"Rua Sete de Setembro","classe":"secundária","pais":"BR"},"geometry":{"type":"LineString","coordinates":[[-55.72415,-22.5366],[-55.72574,-22.53762]]}},{"type":"Feature","properties":{"nome":"Rua Sete de Setembro","classe":"secundária","pais":"BR"},"geometry":{"type":"LineString","coordinates":[[-55.72973,-22.54031],[-55.72901,-22.53982]]}},{"type":"Feature","properties":{"nome":"Rua Guia Lopes","classe":"secundária","pais":"BR"},"geometry":{"type":"LineString","coordinates":[[-55.72605,-22.54],[-55.72473,-22.53918]]}},{"type":"Feature","properties":{"nome":"Rua Sete de Setembro","classe":"secundária","pais":"BR"},"geometry":{"type":"LineString","coordinates":[[-55.72568,-22.5377],[-55.72408,-22.53668]]}},{"type":"Feature","properties":{"nome":"Rua Guia Lopes","classe":"secundária","pais":"BR"},"geometry":{"type":"LineString","coordinates":[[-55.72629,-22.54004],[-55.7279,-22.54108]]}},{"type":"Feature","properties":{"nome":"Rua Guia Lopes","classe":"secundária","pais":"BR"},"geometry":{"type":"LineString","coordinates":[[-55.7289,-22.54184],[-55.72794,-22.54122]]}},{"type":"Feature","properties":{"nome":"Rua Baltazar Saldanha","classe":"secundária","pais":"BR"},"geometry":{"type":"LineString","coordinates":[[-55.73158,-22.53007],[-55.73287,-22.53094]]}},{"type":"Feature","properties":{"nome":"Rua Baltazar Saldanha","classe":"secundária","pais":"BR"},"geometry":{"type":"LineString","coordinates":[[-55.73166,-22.53031],[-55.73149,-22.53019]]}},{"type":"Feature","properties":{"nome":"Rua Deputado Aral Moreira","classe":"secundária","pais":"BR"},"geometry":{"type":"LineString","coordinates":[[-55.73069,-22.53415],[-55.73229,-22.53518]]}},{"type":"Feature","properties":{"nome":"Avenida Presidente Vargas","classe":"secundária","pais":"BR"},"geometry":{"type":"LineString","coordinates":[[-55.72803,-22.53479],[-55.72935,-22.53565]]}},{"type":"Feature","properties":{"nome":"Rua Tiradentes","classe":"secundária","pais":"BR"},"geometry":{"type":"LineString","coordinates":[[-55.72512,-22.53518],[-55.72675,-22.53629]]}},{"type":"Feature","properties":{"nome":"Rua Deputado Aral Moreira","classe":"secundária","pais":"BR"},"geometry":{"type":"LineString","coordinates":[[-55.73222,-22.53526],[-55.73062,-22.53424]]}},{"type":"Feature","properties":{"nome":"Avenida Presidente Vargas","classe":"secundária","pais":"BR"},"geometry":{"type":"LineString","coordinates":[[-55.72932,-22.53572],[-55.72798,-22.53486]]}},{"type":"Feature","properties":{"nome":"Rua Tiradentes","classe":"secundária","pais":"BR"},"geometry":{"type":"LineString","coordinates":[[-55.71322,-22.52759],[-55.7217,-22.53302]]}},{"type":"Feature","properties":{"nome":"Rua Tiradentes","classe":"secundária","pais":"BR"},"geometry":{"type":"LineString","coordinates":[[-55.72164,-22.5331],[-55.71316,-22.52766]]}},{"type":"Feature","properties":{"nome":"","classe":"secundária","pais":"BR"},"geometry":{"type":"LineString","coordinates":[[-55.70026,-22.50669],[-55.69881,-22.50376]]}},{"type":"Feature","properties":{"nome":"Rua Baltazar Saldanha","classe":"secundária","pais":"BR"},"geometry":{"type":"LineString","coordinates":[[-55.73389,-22.53157],[-55.73462,-22.53201]]}},{"type":"Feature","properties":{"nome":"Rua Baltazar Saldanha","classe":"secundária","pais":"BR"},"geometry":{"type":"LineString","coordinates":[[-55.73455,-22.53209],[-55.73298,-22.53112]]}},{"type":"Feature","properties":{"nome":"","classe":"secundária","pais":"BR"},"geometry":{"type":"LineString","coordinates":[[-55.73115,-22.53692],[-55.73106,-22.53687]]}},{"type":"Feature","properties":{"nome":"","classe":"principal","pais":"BR"},"geometry":{"type":"LineString","coordinates":[[-55.72944,-22.5358],[-55.72932,-22.53574]]}},{"type":"Feature","properties":{"nome":"","classe":"secundária","pais":"BR"},"geometry":{"type":"LineString","coordinates":[[-55.73231,-22.53518],[-55.73238,-22.53519],[-55.73242,-22.53527],[-55.7323,-22.53535]]}},{"type":"Feature","properties":{"nome":"","classe":"secundária","pais":"BR"},"geometry":{"type":"LineString","coordinates":[[-55.72898,-22.53983],[-55.72888,-22.53978]]}},{"type":"Feature","properties":{"nome":"","classe":"secundária","pais":"BR"},"geometry":{"type":"LineString","coordinates":[[-55.72413,-22.53666],[-55.72404,-22.53668],[-55.72396,-22.53662],[-55.72401,-22.53654],[-55.72408,-22.53652],[-55.72415,-22.53658],[-55.72413,-22.53666]]}},{"type":"Feature","properties":{"nome":"","classe":"principal","pais":"BR"},"geometry":{"type":"LineString","coordinates":[[-55.73053,-22.53412],[-55.7306,-22.53408]]}},{"type":"Feature","properties":{"nome":"Rua Sete de Setembro","classe":"secundária","pais":"BR"},"geometry":{"type":"LineString","coordinates":[[-55.72583,-22.53768],[-55.72724,-22.53858]]}},{"type":"Feature","properties":{"nome":"Rua Cosme e Damião","classe":"secundária","pais":"BR"},"geometry":{"type":"LineString","coordinates":[[-55.72312,-22.52472],[-55.7242,-22.52315]]}},{"type":"Feature","properties":{"nome":"Avenida Presidente Vargas","classe":"secundária","pais":"PY"},"geometry":{"type":"LineString","coordinates":[[-55.73192,-22.53732],[-55.73147,-22.53711]]}},{"type":"Feature","properties":{"nome":"Avenida Presidente Vargas","classe":"secundária","pais":"PY"},"geometry":{"type":"LineString","coordinates":[[-55.73156,-22.53704],[-55.73196,-22.53723]]}},{"type":"Feature","properties":{"nome":"Rua Joaquim Pereira Teixeira","classe":"secundária","pais":"BR"},"geometry":{"type":"LineString","coordinates":[[-55.73348,-22.53378],[-55.73178,-22.53267]]}},{"type":"Feature","properties":{"nome":"Rua Intendente João da Silva Brandão","classe":"secundária","pais":"BR"},"geometry":{"type":"LineString","coordinates":[[-55.71266,-22.52505],[-55.71455,-22.52271]]}},{"type":"Feature","properties":{"nome":"","classe":"secundária","pais":"BR"},"geometry":{"type":"LineString","coordinates":[[-55.71223,-22.52893],[-55.71224,-22.52899],[-55.71218,-22.529]]}},{"type":"Feature","properties":{"nome":"Rua Heliodoro Alves Salgueiro","classe":"secundária","pais":"BR"},"geometry":{"type":"LineString","coordinates":[[-55.71789,-22.52134],[-55.71623,-22.52356]]}},{"type":"Feature","properties":{"nome":"Avenida Internacional","classe":"secundária","pais":"BR"},"geometry":{"type":"LineString","coordinates":[[-55.71848,-22.55394],[-55.7182,-22.55414],[-55.71798,-22.55422]]}},{"type":"Feature","properties":{"nome":"Rua Marechal Floriano","classe":"secundária","pais":"BR"},"geometry":{"type":"LineString","coordinates":[[-55.71971,-22.55201],[-55.72434,-22.54585]]}},{"type":"Feature","properties":{"nome":"Rua Coronel Santana","classe":"secundária","pais":"BR"},"geometry":{"type":"LineString","coordinates":[[-55.73929,-22.51966],[-55.73962,-22.51978]]}},{"type":"Feature","properties":{"nome":"Rua Coronel Santana","classe":"secundária","pais":"BR"},"geometry":{"type":"LineString","coordinates":[[-55.73946,-22.52],[-55.73929,-22.51966]]}},{"type":"Feature","properties":{"nome":"Avenida da Flora","classe":"principal","pais":"BR"},"geometry":{"type":"LineString","coordinates":[[-55.74015,-22.51935],[-55.73998,-22.51989]]}},{"type":"Feature","properties":{"nome":"Avenida José Berges","classe":"secundária","pais":"PY"},"geometry":{"type":"LineString","coordinates":[[-55.74667,-22.53228],[-55.74381,-22.53032]]}},{"type":"Feature","properties":{"nome":"Avenida Brasil","classe":"principal","pais":"BR"},"geometry":{"type":"LineString","coordinates":[[-55.73749,-22.52502],[-55.7342,-22.52944]]}},{"type":"Feature","properties":{"nome":"Avenida da Flora","classe":"principal","pais":"BR"},"geometry":{"type":"LineString","coordinates":[[-55.73974,-22.51976],[-55.74015,-22.51935]]}},{"type":"Feature","properties":{"nome":"","classe":"principal","pais":"BR"},"geometry":{"type":"LineString","coordinates":[[-55.73974,-22.51976],[-55.73989,-22.5198],[-55.73998,-22.51989]]}},{"type":"Feature","properties":{"nome":"Rua Galileu Galilei","classe":"principal","pais":"BR"},"geometry":{"type":"LineString","coordinates":[[-55.72884,-22.48372],[-55.72226,-22.48644],[-55.72018,-22.48681]]}},{"type":"Feature","properties":{"nome":"Rua Benjamin Constant","classe":"secundária","pais":"BR"},"geometry":{"type":"LineString","coordinates":[[-55.72915,-22.51178],[-55.72773,-22.50754]]}},{"type":"Feature","properties":{"nome":"Avenida das Flores","classe":"secundária","pais":"BR"},"geometry":{"type":"LineString","coordinates":[[-55.74065,-22.49153],[-55.74217,-22.49157],[-55.74707,-22.49185]]}},{"type":"Feature","properties":{"nome":"Rua Algacir Pissini","classe":"secundária","pais":"BR"},"geometry":{"type":"LineString","coordinates":[[-55.73623,-22.4962],[-55.73916,-22.49619]]}},{"type":"Feature","properties":{"nome":"Rua Izabelino Novaes","classe":"secundária","pais":"BR"},"geometry":{"type":"LineString","coordinates":[[-55.7362,-22.4998],[-55.73624,-22.49954],[-55.73623,-22.4962]]}},{"type":"Feature","properties":{"nome":"Rua Honorato Campagnolli","classe":"secundária","pais":"BR"},"geometry":{"type":"LineString","coordinates":[[-55.72987,-22.50518],[-55.72872,-22.50138]]}},{"type":"Feature","properties":{"nome":"Rua dos Trabalhadores","classe":"secundária","pais":"BR"},"geometry":{"type":"LineString","coordinates":[[-55.73501,-22.50255],[-55.73463,-22.50023]]}},{"type":"Feature","properties":{"nome":"Avenida Belmiro de Albuquerque","classe":"secundária","pais":"BR"},"geometry":{"type":"LineString","coordinates":[[-55.72727,-22.50654],[-55.72708,-22.50649],[-55.71889,-22.50676]]}},{"type":"Feature","properties":{"nome":"Rua Perpétuo Socorro","classe":"secundária","pais":"BR"},"geometry":{"type":"LineString","coordinates":[[-55.74004,-22.51125],[-55.74051,-22.51062]]}},{"type":"Feature","properties":{"nome":"Rua Vacaria","classe":"secundária","pais":"BR"},"geometry":{"type":"LineString","coordinates":[[-55.71889,-22.50662],[-55.71889,-22.50785]]}},{"type":"Feature","properties":{"nome":"Rua Pedro Ângelo da Rosa","classe":"secundária","pais":"BR"},"geometry":{"type":"LineString","coordinates":[[-55.73101,-22.50988],[-55.72948,-22.50537]]}},{"type":"Feature","properties":{"nome":"Rua São Judas Tadeu","classe":"secundária","pais":"BR"},"geometry":{"type":"LineString","coordinates":[[-55.73806,-22.50898],[-55.73737,-22.50692]]}},{"type":"Feature","properties":{"nome":"Rua Cerejeira","classe":"secundária","pais":"BR"},"geometry":{"type":"LineString","coordinates":[[-55.72247,-22.51689],[-55.72335,-22.51475]]}},{"type":"Feature","properties":{"nome":"Rua Jorge Roberto Salomão","classe":"secundária","pais":"BR"},"geometry":{"type":"LineString","coordinates":[[-55.71712,-22.51763],[-55.71631,-22.51584],[-55.71627,-22.51565],[-55.71629,-22.51541],[-55.71672,-22.51403]]}},{"type":"Feature","properties":{"nome":"Avenida São João","classe":"secundária","pais":"BR"},"geometry":{"type":"LineString","coordinates":[[-55.70774,-22.51665],[-55.70864,-22.51698],[-55.71011,-22.51858]]}},{"type":"Feature","properties":{"nome":"Rua México","classe":"principal","pais":"BR"},"geometry":{"type":"LineString","coordinates":[[-55.70373,-22.5137],[-55.70446,-22.50706]]}},{"type":"Feature","properties":{"nome":"Rua Guia Lopes","classe":"secundária","pais":"BR"},"geometry":{"type":"LineString","coordinates":[[-55.71275,-22.53156],[-55.7144,-22.53255]]}},{"type":"Feature","properties":{"nome":"Avenida São João","classe":"secundária","pais":"BR"},"geometry":{"type":"LineString","coordinates":[[-55.71011,-22.51858],[-55.71252,-22.5212],[-55.71252,-22.52127]]}},{"type":"Feature","properties":{"nome":"Avenida São João","classe":"secundária","pais":"BR"},"geometry":{"type":"LineString","coordinates":[[-55.71252,-22.52127],[-55.7123,-22.52111],[-55.70868,-22.51713],[-55.70774,-22.51665]]}},{"type":"Feature","properties":{"nome":"Rua Jorge Roberto Salomão","classe":"secundária","pais":"BR"},"geometry":{"type":"LineString","coordinates":[[-55.72755,-22.52529],[-55.71976,-22.52027],[-55.71907,-22.51986]]}},{"type":"Feature","properties":{"nome":"Rua Guia Lopes","classe":"secundária","pais":"BR"},"geometry":{"type":"LineString","coordinates":[[-55.70755,-22.52174],[-55.71154,-22.52988]]}},{"type":"Feature","properties":{"nome":"Rua Araríba","classe":"secundária","pais":"BR"},"geometry":{"type":"LineString","coordinates":[[-55.72122,-22.51648],[-55.72325,-22.51715]]}},{"type":"Feature","properties":{"nome":"Rua Heliodoro Alves Salgueiro","classe":"secundária","pais":"BR"},"geometry":{"type":"LineString","coordinates":[[-55.71913,-22.51973],[-55.72117,-22.51681]]}},{"type":"Feature","properties":{"nome":"Rua Brasília","classe":"secundária","pais":"BR"},"geometry":{"type":"LineString","coordinates":[[-55.72185,-22.52553],[-55.72224,-22.52512],[-55.72259,-22.52462],[-55.72258,-22.52445]]}},{"type":"Feature","properties":{"nome":"Rua 12 de Outubro","classe":"secundária","pais":"BR"},"geometry":{"type":"LineString","coordinates":[[-55.72909,-22.51988],[-55.73162,-22.51913]]}},{"type":"Feature","properties":{"nome":"Rua Tuiuti","classe":"secundária","pais":"BR"},"geometry":{"type":"LineString","coordinates":[[-55.72071,-22.52076],[-55.72125,-22.5201],[-55.72325,-22.51715]]}},{"type":"Feature","properties":{"nome":"Rua Brasília","classe":"secundária","pais":"BR"},"geometry":{"type":"LineString","coordinates":[[-55.72164,-22.52578],[-55.72128,-22.52608],[-55.72119,-22.52625],[-55.72116,-22.52699],[-55.72106,-22.52731],[-55.71956,-22.52934]]}},{"type":"Feature","properties":{"nome":"Rua Jorge Roberto Salomão","classe":"secundária","pais":"BR"},"geometry":{"type":"LineString","coordinates":[[-55.72429,-22.52303],[-55.73099,-22.5274]]}},{"type":"Feature","properties":{"nome":"Rua Cajamanga","classe":"secundária","pais":"BR"},"geometry":{"type":"LineString","coordinates":[[-55.72348,-22.51444],[-55.72453,-22.51194]]}},{"type":"Feature","properties":{"nome":"Rua Cerejeira","classe":"secundária","pais":"BR"},"geometry":{"type":"LineString","coordinates":[[-55.72335,-22.51475],[-55.72348,-22.51444]]}},{"type":"Feature","properties":{"nome":"Rua Jorge Roberto Salomão","classe":"secundária","pais":"BR"},"geometry":{"type":"LineString","coordinates":[[-55.71716,-22.51268],[-55.71722,-22.51253]]}},{"type":"Feature","properties":{"nome":"Rua Urumbela","classe":"secundária","pais":"BR"},"geometry":{"type":"LineString","coordinates":[[-55.71727,-22.5124],[-55.71731,-22.51224]]}},{"type":"Feature","properties":{"nome":"Rua Formosa","classe":"secundária","pais":"BR"},"geometry":{"type":"LineString","coordinates":[[-55.74068,-22.49124],[-55.74069,-22.4904]]}},{"type":"Feature","properties":{"nome":"Rua Jorge dos Santos Pereira","classe":"secundária","pais":"BR"},"geometry":{"type":"LineString","coordinates":[[-55.7323,-22.50078],[-55.73304,-22.5007],[-55.73409,-22.50041]]}},{"type":"Feature","properties":{"nome":"Rua Joaquim Pereira Teixeira","classe":"secundária","pais":"BR"},"geometry":{"type":"LineString","coordinates":[[-55.73185,-22.53258],[-55.73356,-22.53367]]}},{"type":"Feature","properties":{"nome":"Travessa Lemos","classe":"secundária","pais":"BR"},"geometry":{"type":"LineString","coordinates":[[-55.73091,-22.50086],[-55.73114,-22.50083]]}},{"type":"Feature","properties":{"nome":"","classe":"secundária","pais":"BR"},"geometry":{"type":"LineString","coordinates":[[-55.6978,-22.56307],[-55.69806,-22.56294]]}},{"type":"Feature","properties":{"nome":"","classe":"principal","pais":"BR"},"geometry":{"type":"LineString","coordinates":[[-55.69832,-22.56244],[-55.69856,-22.56248],[-55.69884,-22.56243]]}},{"type":"Feature","properties":{"nome":"Ruta Nacional 17","classe":"secundária","pais":"PY"},"geometry":{"type":"LineString","coordinates":[[-55.70491,-22.56816],[-55.70656,-22.56698],[-55.71015,-22.56495],[-55.71048,-22.5648],[-55.71299,-22.56402],[-55.71451,-22.56343],[-55.71522,-22.5631],[-55.71562,-22.56275],[-55.71681,-22.56149],[-55.71689,-22.56148]]}},{"type":"Feature","properties":{"nome":"Rua Intendente João da Silva Brandão","classe":"secundária","pais":"BR"},"geometry":{"type":"LineString","coordinates":[[-55.71465,-22.52278],[-55.71273,-22.5251]]}},{"type":"Feature","properties":{"nome":"","classe":"secundária","pais":"BR"},"geometry":{"type":"LineString","coordinates":[[-55.73463,-22.53202],[-55.73469,-22.53205],[-55.73468,-22.53213],[-55.73456,-22.53213]]}},{"type":"Feature","properties":{"nome":"Avenida Belmiro de Albuquerque","classe":"secundária","pais":"BR"},"geometry":{"type":"LineString","coordinates":[[-55.72757,-22.5063],[-55.72895,-22.50562]]}},{"type":"Feature","properties":{"nome":"Avenida Belmiro de Albuquerque","classe":"secundária","pais":"BR"},"geometry":{"type":"LineString","coordinates":[[-55.73143,-22.50437],[-55.73231,-22.50393]]}},{"type":"Feature","properties":{"nome":"Avenida Carlos Dominguez","classe":"secundária","pais":"PY"},"geometry":{"type":"LineString","coordinates":[[-55.74838,-22.55445],[-55.74648,-22.5532],[-55.74525,-22.55255],[-55.74311,-22.55151]]}},{"type":"Feature","properties":{"nome":"Rua Batista de Azevedo","classe":"secundária","pais":"BR"},"geometry":{"type":"LineString","coordinates":[[-55.70333,-22.54351],[-55.70575,-22.54888]]}},{"type":"Feature","properties":{"nome":"Avenida José Gaspar Rodríguez de Francia","classe":"secundária","pais":"PY"},"geometry":{"type":"LineString","coordinates":[[-55.72851,-22.54427],[-55.72559,-22.549],[-55.72393,-22.55191],[-55.71752,-22.55481]]}},{"type":"Feature","properties":{"nome":"Curupayty","classe":"secundária","pais":"PY"},"geometry":{"type":"LineString","coordinates":[[-55.73101,-22.53917],[-55.73183,-22.53959]]}},{"type":"Feature","properties":{"nome":"Juan Bautista Alberdi","classe":"secundária","pais":"PY"},"geometry":{"type":"LineString","coordinates":[[-55.73354,-22.53433],[-55.73459,-22.53483]]}},{"type":"Feature","properties":{"nome":"Julia Cuéto de Estigarribia","classe":"secundária","pais":"PY"},"geometry":{"type":"LineString","coordinates":[[-55.73347,-22.53674],[-55.7345,-22.53726]]}},{"type":"Feature","properties":{"nome":"Rua Jorge Roberto Salomão","classe":"secundária","pais":"BR"},"geometry":{"type":"LineString","coordinates":[[-55.71902,-22.51984],[-55.71902,-22.51973]]}},{"type":"Feature","properties":{"nome":"Rua Rio Branco","classe":"secundária","pais":"BR"},"geometry":{"type":"LineString","coordinates":[[-55.71907,-22.51986],[-55.71902,-22.51984]]}},{"type":"Feature","properties":{"nome":"Rua Jorge Roberto Salomão","classe":"secundária","pais":"BR"},"geometry":{"type":"LineString","coordinates":[[-55.71907,-22.51971],[-55.71913,-22.51973]]}},{"type":"Feature","properties":{"nome":"Rua Jorge Roberto Salomão","classe":"secundária","pais":"BR"},"geometry":{"type":"LineString","coordinates":[[-55.71854,-22.5194],[-55.71907,-22.51971]]}},{"type":"Feature","properties":{"nome":"Rua Jorge Roberto Salomão","classe":"secundária","pais":"BR"},"geometry":{"type":"LineString","coordinates":[[-55.719,-22.51979],[-55.71854,-22.5194]]}},{"type":"Feature","properties":{"nome":"Rua Jorge Roberto Salomão","classe":"secundária","pais":"BR"},"geometry":{"type":"LineString","coordinates":[[-55.71915,-22.51977],[-55.71912,-22.51984],[-55.71907,-22.51986]]}},{"type":"Feature","properties":{"nome":"Avenida José Gaspar Rodríguez de Francia","classe":"secundária","pais":"PY"},"geometry":{"type":"LineString","coordinates":[[-55.73245,-22.53625],[-55.72861,-22.54416]]}},{"type":"Feature","properties":{"nome":"","classe":"secundária","pais":"PY"},"geometry":{"type":"LineString","coordinates":[[-55.74014,-22.52029],[-55.73991,-22.52021]]}},{"type":"Feature","properties":{"nome":"","classe":"secundária","pais":"PY"},"geometry":{"type":"LineString","coordinates":[[-55.74012,-22.51996],[-55.74024,-22.52]]}},{"type":"Feature","properties":{"nome":"Rua Formosa","classe":"secundária","pais":"BR"},"geometry":{"type":"LineString","coordinates":[[-55.74074,-22.49485],[-55.74064,-22.49246]]}},{"type":"Feature","properties":{"nome":"Avenida Belmiro de Albuquerque","classe":"secundária","pais":"BR"},"geometry":{"type":"LineString","coordinates":[[-55.71634,-22.50666],[-55.71889,-22.50662]]}},{"type":"Feature","properties":{"nome":"Rua Coronel Santana","classe":"secundária","pais":"BR"},"geometry":{"type":"LineString","coordinates":[[-55.73833,-22.51764],[-55.73929,-22.51966]]}},{"type":"Feature","properties":{"nome":"Rua Guia Lopes","classe":"secundária","pais":"BR"},"geometry":{"type":"LineString","coordinates":[[-55.70026,-22.50669],[-55.70159,-22.50932]]}},{"type":"Feature","properties":{"nome":"","classe":"secundária","pais":"BR"},"geometry":{"type":"LineString","coordinates":[[-55.69874,-22.50362],[-55.69686,-22.49996],[-55.69651,-22.4992]]}},{"type":"Feature","properties":{"nome":"","classe":"secundária","pais":"BR"},"geometry":{"type":"LineString","coordinates":[[-55.69881,-22.50376],[-55.69874,-22.50362]]}},{"type":"Feature","properties":{"nome":"","classe":"secundária","pais":"BR"},"geometry":{"type":"LineString","coordinates":[[-55.72918,-22.53782],[-55.72911,-22.53792]]}},{"type":"Feature","properties":{"nome":"","classe":"principal","pais":"BR"},"geometry":{"type":"LineString","coordinates":[[-55.7081,-22.55965],[-55.70704,-22.55963]]}},{"type":"Feature","properties":{"nome":"","classe":"principal","pais":"PY"},"geometry":{"type":"LineString","coordinates":[[-55.70893,-22.55903],[-55.70845,-22.55952]]}},{"type":"Feature","properties":{"nome":"","classe":"principal","pais":"BR"},"geometry":{"type":"LineString","coordinates":[[-55.70509,-22.56031],[-55.7043,-22.5605],[-55.7042,-22.56041]]}},{"type":"Feature","properties":{"nome":"","classe":"principal","pais":"BR"},"geometry":{"type":"LineString","coordinates":[[-55.69867,-22.56286],[-55.69885,-22.56316]]}},{"type":"Feature","properties":{"nome":"","classe":"principal","pais":"BR"},"geometry":{"type":"LineString","coordinates":[[-55.69839,-22.56363],[-55.69823,-22.56357],[-55.69807,-22.5636],[-55.69771,-22.56402]]}},{"type":"Feature","properties":{"nome":"","classe":"principal","pais":"BR"},"geometry":{"type":"LineString","coordinates":[[-55.69832,-22.56339],[-55.69816,-22.5632]]}},{"type":"Feature","properties":{"nome":"","classe":"principal","pais":"PY"},"geometry":{"type":"LineString","coordinates":[[-55.69839,-22.56363],[-55.69839,-22.56345],[-55.69868,-22.56321],[-55.69885,-22.56316],[-55.69903,-22.56318],[-55.6992,-22.56314]]}},{"type":"Feature","properties":{"nome":"","classe":"principal","pais":"PY"},"geometry":{"type":"LineString","coordinates":[[-55.6992,-22.56314],[-55.69857,-22.56365]]}},{"type":"Feature","properties":{"nome":"","classe":"principal","pais":"PY"},"geometry":{"type":"LineString","coordinates":[[-55.6984,-22.56379],[-55.69428,-22.57251],[-55.69411,-22.57269]]}},{"type":"Feature","properties":{"nome":"Avenida Vinícius Soares de Nascimento","classe":"secundária","pais":"BR"},"geometry":{"type":"LineString","coordinates":[[-55.6978,-22.56307],[-55.69749,-22.56306],[-55.69503,-22.5622],[-55.69417,-22.56183]]}},{"type":"Feature","properties":{"nome":"","classe":"principal","pais":"BR"},"geometry":{"type":"LineString","coordinates":[[-55.69807,-22.56314],[-55.69798,-22.56308]]}},{"type":"Feature","properties":{"nome":"","classe":"principal","pais":"BR"},"geometry":{"type":"LineString","coordinates":[[-55.70354,-22.56088],[-55.70335,-22.56101],[-55.70324,-22.5612],[-55.70325,-22.56141],[-55.70332,-22.56153]]}},{"type":"Feature","properties":{"nome":"","classe":"principal","pais":"BR"},"geometry":{"type":"LineString","coordinates":[[-55.70235,-22.56192],[-55.7022,-22.56173],[-55.70198,-22.56161],[-55.70172,-22.56162],[-55.70127,-22.56173]]}},{"type":"Feature","properties":{"nome":"","classe":"principal","pais":"BR"},"geometry":{"type":"LineString","coordinates":[[-55.70618,-22.55994],[-55.70599,-22.56023],[-55.70594,-22.56041],[-55.70596,-22.56052]]}},{"type":"Feature","properties":{"nome":"","classe":"principal","pais":"BR"},"geometry":{"type":"LineString","coordinates":[[-55.70525,-22.56079],[-55.70496,-22.56054],[-55.70471,-22.56045]]}},{"type":"Feature","properties":{"nome":"","classe":"principal","pais":"BR"},"geometry":{"type":"LineString","coordinates":[[-55.72472,-22.54187],[-55.72475,-22.54172],[-55.72473,-22.54158],[-55.72459,-22.5414]]}},{"type":"Feature","properties":{"nome":"Avenida Brasil","classe":"principal","pais":"BR"},"geometry":{"type":"LineString","coordinates":[[-55.72495,-22.54165],[-55.72501,-22.54156]]}},{"type":"Feature","properties":{"nome":"Rua Duque de Caxias","classe":"secundária","pais":"BR"},"geometry":{"type":"LineString","coordinates":[[-55.72495,-22.54165],[-55.72357,-22.54074],[-55.72352,-22.54059]]}},{"type":"Feature","properties":{"nome":"","classe":"principal","pais":"BR"},"geometry":{"type":"LineString","coordinates":[[-55.71853,-22.55016],[-55.71871,-22.55026]]}},{"type":"Feature","properties":{"nome":"Avenida Internacional","classe":"secundária","pais":"BR"},"geometry":{"type":"LineString","coordinates":[[-55.71412,-22.5569],[-55.71356,-22.5573],[-55.71076,-22.55836]]}},{"type":"Feature","properties":{"nome":"","classe":"principal","pais":"BR"},"geometry":{"type":"LineString","coordinates":[[-55.70893,-22.55903],[-55.70885,-22.55923],[-55.70889,-22.55936]]}},{"type":"Feature","properties":{"nome":"Avenida Vinícius Soares de Nascimento","classe":"secundária","pais":"BR"},"geometry":{"type":"LineString","coordinates":[[-55.68414,-22.55832],[-55.68061,-22.55704]]}},{"type":"Feature","properties":{"nome":"Avenida Vinícius Soares de Nascimento","classe":"secundária","pais":"BR"},"geometry":{"type":"LineString","coordinates":[[-55.67972,-22.55673],[-55.68049,-22.55694]]}},{"type":"Feature","properties":{"nome":"","classe":"principal","pais":"BR"},"geometry":{"type":"LineString","coordinates":[[-55.69506,-22.56978],[-55.69526,-22.56894]]}},{"type":"Feature","properties":{"nome":"","classe":"principal","pais":"PY"},"geometry":{"type":"LineString","coordinates":[[-55.6952,-22.56982],[-55.6953,-22.57037]]}},{"type":"Feature","properties":{"nome":"","classe":"secundária","pais":"BR"},"geometry":{"type":"LineString","coordinates":[[-55.72186,-22.5308],[-55.72179,-22.53089]]}},{"type":"Feature","properties":{"nome":"Rua Calógeras","classe":"secundária","pais":"BR"},"geometry":{"type":"LineString","coordinates":[[-55.72638,-22.53018],[-55.72804,-22.52797]]}},{"type":"Feature","properties":{"nome":"","classe":"secundária","pais":"BR"},"geometry":{"type":"LineString","coordinates":[[-55.72452,-22.53266],[-55.72451,-22.53257],[-55.72461,-22.53254]]}},{"type":"Feature","properties":{"nome":"Rua General Osório","classe":"secundária","pais":"BR"},"geometry":{"type":"LineString","coordinates":[[-55.7262,-22.53374],[-55.72512,-22.53518]]}},{"type":"Feature","properties":{"nome":"Rua General Osório","classe":"secundária","pais":"BR"},"geometry":{"type":"LineString","coordinates":[[-55.72618,-22.53371],[-55.72622,-22.53362],[-55.72632,-22.53367],[-55.72628,-22.53374],[-55.72618,-22.53371]]}},{"type":"Feature","properties":{"nome":"Rua Heliodoro Alves Salgueiro","classe":"secundária","pais":"BR"},"geometry":{"type":"LineString","coordinates":[[-55.71322,-22.52759],[-55.71434,-22.52612]]}},{"type":"Feature","properties":{"nome":"","classe":"secundária","pais":"BR"},"geometry":{"type":"LineString","coordinates":[[-55.72421,-22.53463],[-55.72414,-22.53472]]}},{"type":"Feature","properties":{"nome":"","classe":"secundária","pais":"BR"},"geometry":{"type":"LineString","coordinates":[[-55.72326,-22.536],[-55.72318,-22.53611]]}},{"type":"Feature","properties":{"nome":"","classe":"secundária","pais":"BR"},"geometry":{"type":"LineString","coordinates":[[-55.72639,-22.53804],[-55.72634,-22.53812]]}},{"type":"Feature","properties":{"nome":"","classe":"secundária","pais":"BR"},"geometry":{"type":"LineString","coordinates":[[-55.71537,-22.53313],[-55.71531,-22.53321]]}},{"type":"Feature","properties":{"nome":"Rua Guia Lopes","classe":"secundária","pais":"BR"},"geometry":{"type":"LineString","coordinates":[[-55.7144,-22.53255],[-55.71457,-22.53261],[-55.7173,-22.53431],[-55.72471,-22.53903]]}},{"type":"Feature","properties":{"nome":"","classe":"secundária","pais":"BR"},"geometry":{"type":"LineString","coordinates":[[-55.73147,-22.53711],[-55.73092,-22.53723]]}},{"type":"Feature","properties":{"nome":"Avenida Padre Juan José O'Connor","classe":"secundária","pais":"PY"},"geometry":{"type":"LineString","coordinates":[[-55.74777,-22.49742],[-55.74743,-22.5044],[-55.74735,-22.50541],[-55.7473,-22.50561],[-55.74714,-22.50592],[-55.74661,-22.50667],[-55.74088,-22.51534],[-55.74077,-22.51569],[-55.74052,-22.51817]]}},{"type":"Feature","properties":{"nome":"Avenida da Flora","classe":"principal","pais":"BR"},"geometry":{"type":"LineString","coordinates":[[-55.74773,-22.49638],[-55.74772,-22.49661],[-55.74752,-22.49744]]}},{"type":"Feature","properties":{"nome":"Avenida José Gaspar Rodríguez de Francia","classe":"secundária","pais":"PY"},"geometry":{"type":"LineString","coordinates":[[-55.73792,-22.52667],[-55.73578,-22.53058]]}},{"type":"Feature","properties":{"nome":"","classe":"secundária","pais":"BR"},"geometry":{"type":"LineString","coordinates":[[-55.72236,-22.52184],[-55.72227,-22.5219]]}},{"type":"Feature","properties":{"nome":"Rua Cosme e Damião","classe":"secundária","pais":"BR"},"geometry":{"type":"LineString","coordinates":[[-55.72429,-22.52303],[-55.72582,-22.52099]]}},{"type":"Feature","properties":{"nome":"Rua Cosme e Damião","classe":"secundária","pais":"BR"},"geometry":{"type":"LineString","coordinates":[[-55.72429,-22.52303],[-55.7243,-22.52313],[-55.7242,-22.52315]]}},{"type":"Feature","properties":{"nome":"","classe":"secundária","pais":"BR"},"geometry":{"type":"LineString","coordinates":[[-55.72197,-22.5239],[-55.7219,-22.52401]]}},{"type":"Feature","properties":{"nome":"","classe":"secundária","pais":"BR"},"geometry":{"type":"LineString","coordinates":[[-55.72067,-22.52306],[-55.72061,-22.52318]]}},{"type":"Feature","properties":{"nome":"Avenida São João","classe":"secundária","pais":"BR"},"geometry":{"type":"LineString","coordinates":[[-55.70774,-22.51665],[-55.70484,-22.51545],[-55.70446,-22.51535]]}},{"type":"Feature","properties":{"nome":"Rua Perpétuo Socorro","classe":"secundária","pais":"BR"},"geometry":{"type":"LineString","coordinates":[[-55.74004,-22.51125],[-55.73984,-22.51127],[-55.73885,-22.51045],[-55.73829,-22.50945]]}},{"type":"Feature","properties":{"nome":"Rua São Judas Tadeu","classe":"secundária","pais":"BR"},"geometry":{"type":"LineString","coordinates":[[-55.73829,-22.50945],[-55.73815,-22.50921]]}},{"type":"Feature","properties":{"nome":"","classe":"secundária","pais":"BR"},"geometry":{"type":"LineString","coordinates":[[-55.73806,-22.50898],[-55.73815,-22.50921]]}},{"type":"Feature","properties":{"nome":"Avenida Belmiro de Albuquerque","classe":"secundária","pais":"BR"},"geometry":{"type":"LineString","coordinates":[[-55.71352,-22.50607],[-55.71621,-22.50667]]}},{"type":"Feature","properties":{"nome":"Rua Formosa","classe":"secundária","pais":"BR"},"geometry":{"type":"LineString","coordinates":[[-55.74082,-22.48682],[-55.74081,-22.48453]]}},{"type":"Feature","properties":{"nome":"Rua Formosa","classe":"secundária","pais":"BR"},"geometry":{"type":"LineString","coordinates":[[-55.74093,-22.48453],[-55.74092,-22.48683]]}},{"type":"Feature","properties":{"nome":"Avenida Lolia Carrilho Novaes","classe":"secundária","pais":"BR"},"geometry":{"type":"LineString","coordinates":[[-55.73226,-22.48444],[-55.74331,-22.48455]]}},{"type":"Feature","properties":{"nome":"Avenida Lolia Carrilho Novaes","classe":"secundária","pais":"BR"},"geometry":{"type":"LineString","coordinates":[[-55.7433,-22.48468],[-55.73225,-22.48459]]}},{"type":"Feature","properties":{"nome":"Avenida José Gaspar Rodríguez de Francia","classe":"secundária","pais":"PY"},"geometry":{"type":"LineString","coordinates":[[-55.7172,-22.55508],[-55.71723,-22.55498]]}},{"type":"Feature","properties":{"nome":"Avenida José Gaspar Rodríguez de Francia","classe":"secundária","pais":"PY"},"geometry":{"type":"LineString","coordinates":[[-55.71752,-22.55481],[-55.71747,-22.55497]]}},{"type":"Feature","properties":{"nome":"Avenida José Gaspar Rodríguez de Francia","classe":"secundária","pais":"PY"},"geometry":{"type":"LineString","coordinates":[[-55.7172,-22.55508],[-55.7156,-22.5563],[-55.71448,-22.55698],[-55.71362,-22.5576]]}},{"type":"Feature","properties":{"nome":"Avenida Brasil","classe":"principal","pais":"BR"},"geometry":{"type":"LineString","coordinates":[[-55.73178,-22.53267],[-55.73069,-22.53415]]}},{"type":"Feature","properties":{"nome":"Rua Batista de Azevedo","classe":"secundária","pais":"BR"},"geometry":{"type":"LineString","coordinates":[[-55.70931,-22.55782],[-55.70911,-22.55729],[-55.7091,-22.55715]]}},{"type":"Feature","properties":{"nome":"Avenida José Gaspar Rodríguez de Francia","classe":"secundária","pais":"PY"},"geometry":{"type":"LineString","coordinates":[[-55.71362,-22.5576],[-55.71164,-22.5583]]}},{"type":"Feature","properties":{"nome":"","classe":"principal","pais":"PY"},"geometry":{"type":"LineString","coordinates":[[-55.70996,-22.55903],[-55.7095,-22.55913]]}},{"type":"Feature","properties":{"nome":"Ruta Nacional General Caballero","classe":"principal","pais":"PY"},"geometry":{"type":"LineString","coordinates":[[-55.70982,-22.55891],[-55.71005,-22.55877],[-55.71048,-22.55872]]}},{"type":"Feature","properties":{"nome":"","classe":"principal","pais":"PY"},"geometry":{"type":"LineString","coordinates":[[-55.7095,-22.55913],[-55.70982,-22.55891]]}},{"type":"Feature","properties":{"nome":"Carlos Antônio López","classe":"secundária","pais":"PY"},"geometry":{"type":"LineString","coordinates":[[-55.73173,-22.54203],[-55.73007,-22.54488]]}},{"type":"Feature","properties":{"nome":"Avenida da Flora","classe":"principal","pais":"BR"},"geometry":{"type":"LineString","coordinates":[[-55.74733,-22.49645],[-55.74746,-22.49584],[-55.74748,-22.4951],[-55.74707,-22.49185]]}},{"type":"Feature","properties":{"nome":"","classe":"principal","pais":"BR"},"geometry":{"type":"LineString","coordinates":[[-55.74773,-22.49638],[-55.74757,-22.49646],[-55.74733,-22.49645]]}},{"type":"Feature","properties":{"nome":"","classe":"secundária","pais":"BR"},"geometry":{"type":"LineString","coordinates":[[-55.73028,-22.53807],[-55.7305,-22.53868]]}},{"type":"Feature","properties":{"nome":"","classe":"secundária","pais":"BR"},"geometry":{"type":"LineString","coordinates":[[-55.73147,-22.53711],[-55.73156,-22.53704]]}},{"type":"Feature","properties":{"nome":"","classe":"principal","pais":"BR"},"geometry":{"type":"LineString","coordinates":[[-55.69383,-22.57371],[-55.69321,-22.57557],[-55.69307,-22.57558]]}},{"type":"Feature","properties":{"nome":"Ruta Nacional 17","classe":"secundária","pais":"PY"},"geometry":{"type":"LineString","coordinates":[[-55.69025,-22.58144],[-55.69021,-22.58133],[-55.69034,-22.5813],[-55.69036,-22.58141],[-55.69025,-22.58144]]}},{"type":"Feature","properties":{"nome":"Rua Guia Lopes","classe":"secundária","pais":"BR"},"geometry":{"type":"LineString","coordinates":[[-55.72613,-22.54006],[-55.72605,-22.54]]}},{"type":"Feature","properties":{"nome":"Avenida Brasil","classe":"principal","pais":"BR"},"geometry":{"type":"LineString","coordinates":[[-55.72613,-22.54006],[-55.72619,-22.53997]]}},{"type":"Feature","properties":{"nome":"Rua Guia Lopes","classe":"secundária","pais":"BR"},"geometry":{"type":"LineString","coordinates":[[-55.72619,-22.53997],[-55.72629,-22.54004]]}},{"type":"Feature","properties":{"nome":"Avenida Brasil","classe":"principal","pais":"BR"},"geometry":{"type":"LineString","coordinates":[[-55.72629,-22.54004],[-55.72623,-22.54012]]}},{"type":"Feature","properties":{"nome":"Rua Guia Lopes","classe":"secundária","pais":"BR"},"geometry":{"type":"LineString","coordinates":[[-55.72623,-22.54012],[-55.72613,-22.54006]]}},{"type":"Feature","properties":{"nome":"Avenida Brasil","classe":"principal","pais":"BR"},"geometry":{"type":"LineString","coordinates":[[-55.72623,-22.54012],[-55.72617,-22.54021]]}},{"type":"Feature","properties":{"nome":"Avenida Brasil","classe":"principal","pais":"BR"},"geometry":{"type":"LineString","coordinates":[[-55.72718,-22.53865],[-55.72724,-22.53858]]}},{"type":"Feature","properties":{"nome":"Rua Sete de Setembro","classe":"secundária","pais":"BR"},"geometry":{"type":"LineString","coordinates":[[-55.72718,-22.53865],[-55.72577,-22.53776]]}},{"type":"Feature","properties":{"nome":"Rua Sete de Setembro","classe":"secundária","pais":"BR"},"geometry":{"type":"LineString","coordinates":[[-55.72728,-22.53872],[-55.72718,-22.53865]]}},{"type":"Feature","properties":{"nome":"Avenida Brasil","classe":"principal","pais":"BR"},"geometry":{"type":"LineString","coordinates":[[-55.72728,-22.53872],[-55.72629,-22.54004]]}},{"type":"Feature","properties":{"nome":"Avenida Brasil","classe":"principal","pais":"BR"},"geometry":{"type":"LineString","coordinates":[[-55.72734,-22.53864],[-55.72728,-22.53872]]}},{"type":"Feature","properties":{"nome":"Rua Sete de Setembro","classe":"secundária","pais":"BR"},"geometry":{"type":"LineString","coordinates":[[-55.72734,-22.53864],[-55.72893,-22.53966]]}},{"type":"Feature","properties":{"nome":"Rua Sete de Setembro","classe":"secundária","pais":"BR"},"geometry":{"type":"LineString","coordinates":[[-55.72724,-22.53858],[-55.72734,-22.53864]]}},{"type":"Feature","properties":{"nome":"Avenida Brasil","classe":"principal","pais":"BR"},"geometry":{"type":"LineString","coordinates":[[-55.72724,-22.53858],[-55.72814,-22.53733]]}},{"type":"Feature","properties":{"nome":"Ruta Nacional General Caballero","classe":"principal","pais":"PY"},"geometry":{"type":"LineString","coordinates":[[-55.71048,-22.55872],[-55.71103,-22.55873]]}},{"type":"Feature","properties":{"nome":"","classe":"principal","pais":"PY"},"geometry":{"type":"LineString","coordinates":[[-55.71025,-22.55874],[-55.71024,-22.55893]]}},{"type":"Feature","properties":{"nome":"","classe":"principal","pais":"BR"},"geometry":{"type":"LineString","coordinates":[[-55.69823,-22.56326],[-55.69802,-22.5635],[-55.69766,-22.56413],[-55.69484,-22.57065],[-55.69411,-22.57269],[-55.69324,-22.57571],[-55.69282,-22.57673],[-55.69238,-22.57751],[-55.69196,-22.57808],[-55.69147,-22.57861],[-55.69054,-22.57941],[-55.68573,-22.58263],[-55.68468,-22.58347]]}},{"type":"Feature","properties":{"nome":"Rua Sete de Setembro","classe":"secundária","pais":"BR"},"geometry":{"type":"LineString","coordinates":[[-55.72887,-22.53974],[-55.72728,-22.53872]]}},{"type":"Feature","properties":{"nome":"Rua Antônio João","classe":"secundária","pais":"BR"},"geometry":{"type":"LineString","coordinates":[[-55.72583,-22.53768],[-55.72577,-22.53776]]}},{"type":"Feature","properties":{"nome":"Rua Guia Lopes","classe":"secundária","pais":"PY"},"geometry":{"type":"LineString","coordinates":[[-55.72905,-22.54185],[-55.72958,-22.54212]]}},{"type":"Feature","properties":{"nome":"Rua Guia Lopes","classe":"secundária","pais":"PY"},"geometry":{"type":"LineString","coordinates":[[-55.72954,-22.54219],[-55.729,-22.54191]]}},{"type":"Feature","properties":{"nome":"Rua Marechal Floriano","classe":"secundária","pais":"BR"},"geometry":{"type":"LineString","coordinates":[[-55.728,-22.54114],[-55.72794,-22.54122]]}},{"type":"Feature","properties":{"nome":"Rua Marechal Floriano","classe":"secundária","pais":"BR"},"geometry":{"type":"LineString","coordinates":[[-55.72784,-22.54117],[-55.7279,-22.54108]]}},{"type":"Feature","properties":{"nome":"Rua Guia Lopes","classe":"secundária","pais":"BR"},"geometry":{"type":"LineString","coordinates":[[-55.72794,-22.54122],[-55.72784,-22.54117]]}},{"type":"Feature","properties":{"nome":"Rua Paraguai","classe":"secundária","pais":"BR"},"geometry":{"type":"LineString","coordinates":[[-55.72978,-22.5402],[-55.72973,-22.54031]]}},{"type":"Feature","properties":{"nome":"Rua Paraguai","classe":"secundária","pais":"BR"},"geometry":{"type":"LineString","coordinates":[[-55.72973,-22.54031],[-55.729,-22.54178]]}},{"type":"Feature","properties":{"nome":"Rua Guia Lopes","classe":"secundária","pais":"BR"},"geometry":{"type":"LineString","coordinates":[[-55.7279,-22.54108],[-55.728,-22.54114]]}},{"type":"Feature","properties":{"nome":"","classe":"principal","pais":"BR"},"geometry":{"type":"LineString","coordinates":[[-55.69798,-22.56308],[-55.69806,-22.56294]]}},{"type":"Feature","properties":{"nome":"","classe":"secundária","pais":"BR"},"geometry":{"type":"LineString","coordinates":[[-55.69798,-22.56308],[-55.6978,-22.56307]]}},{"type":"Feature","properties":{"nome":"Trevo da Cuia","classe":"principal","pais":"BR"},"geometry":{"type":"LineString","coordinates":[[-55.69807,-22.56314],[-55.69806,-22.56294]]}},{"type":"Feature","properties":{"nome":"Trevo da Cuia","classe":"principal","pais":"BR"},"geometry":{"type":"LineString","coordinates":[[-55.6981,-22.56289],[-55.69849,-22.56261]]}},{"type":"Feature","properties":{"nome":"Trevo da Cuia","classe":"principal","pais":"BR"},"geometry":{"type":"LineString","coordinates":[[-55.69816,-22.5632],[-55.69807,-22.56314]]}},{"type":"Feature","properties":{"nome":"Rua Duque de Caxias","classe":"secundária","pais":"BR"},"geometry":{"type":"LineString","coordinates":[[-55.72512,-22.54163],[-55.72673,-22.54266]]}},{"type":"Feature","properties":{"nome":"Avenida Brasil","classe":"principal","pais":"BR"},"geometry":{"type":"LineString","coordinates":[[-55.72512,-22.54163],[-55.72505,-22.54172]]}},{"type":"Feature","properties":{"nome":"Rua Duque de Caxias","classe":"secundária","pais":"BR"},"geometry":{"type":"LineString","coordinates":[[-55.72505,-22.54172],[-55.72495,-22.54165]]}},{"type":"Feature","properties":{"nome":"Avenida Brasil","classe":"principal","pais":"BR"},"geometry":{"type":"LineString","coordinates":[[-55.72505,-22.54172],[-55.71816,-22.55099]]}},{"type":"Feature","properties":{"nome":"Rua Duque de Caxias","classe":"secundária","pais":"BR"},"geometry":{"type":"LineString","coordinates":[[-55.72501,-22.54156],[-55.72512,-22.54163]]}},{"type":"Feature","properties":{"nome":"Avenida Brasil","classe":"principal","pais":"BR"},"geometry":{"type":"LineString","coordinates":[[-55.72501,-22.54156],[-55.72613,-22.54006]]}},{"type":"Feature","properties":{"nome":"Rua Duque de Caxias","classe":"secundária","pais":"BR"},"geometry":{"type":"LineString","coordinates":[[-55.72677,-22.54281],[-55.72666,-22.54275]]}},{"type":"Feature","properties":{"nome":"Rua Marechal Floriano","classe":"secundária","pais":"BR"},"geometry":{"type":"LineString","coordinates":[[-55.72444,-22.54591],[-55.71981,-22.55207]]}},{"type":"Feature","properties":{"nome":"Rua Marechal Floriano","classe":"secundária","pais":"BR"},"geometry":{"type":"LineString","coordinates":[[-55.72683,-22.54272],[-55.72677,-22.54281]]}},{"type":"Feature","properties":{"nome":"Rua Duque de Caxias","classe":"secundária","pais":"BR"},"geometry":{"type":"LineString","coordinates":[[-55.72683,-22.54272],[-55.72812,-22.54356]]}},{"type":"Feature","properties":{"nome":"Rua Duque de Caxias","classe":"secundária","pais":"BR"},"geometry":{"type":"LineString","coordinates":[[-55.72673,-22.54266],[-55.72683,-22.54272]]}},{"type":"Feature","properties":{"nome":"Rua Marechal Floriano","classe":"secundária","pais":"BR"},"geometry":{"type":"LineString","coordinates":[[-55.72673,-22.54266],[-55.72784,-22.54117]]}},{"type":"Feature","properties":{"nome":"Rua Marechal Floriano","classe":"secundária","pais":"BR"},"geometry":{"type":"LineString","coordinates":[[-55.72666,-22.54275],[-55.72673,-22.54266]]}},{"type":"Feature","properties":{"nome":"Rua Duque de Caxias","classe":"secundária","pais":"BR"},"geometry":{"type":"LineString","coordinates":[[-55.72666,-22.54275],[-55.72505,-22.54172]]}},{"type":"Feature","properties":{"nome":"Rua Vital Brasil","classe":"secundária","pais":"BR"},"geometry":{"type":"LineString","coordinates":[[-55.72301,-22.49745],[-55.72295,-22.49734]]}},{"type":"Feature","properties":{"nome":"Rua Vital Brasil","classe":"secundária","pais":"BR"},"geometry":{"type":"LineString","coordinates":[[-55.72731,-22.50639],[-55.72392,-22.49938]]}},{"type":"Feature","properties":{"nome":"","classe":"secundária","pais":"BR"},"geometry":{"type":"LineString","coordinates":[[-55.73383,-22.53167],[-55.73389,-22.53157]]}},{"type":"Feature","properties":{"nome":"","classe":"secundária","pais":"BR"},"geometry":{"type":"LineString","coordinates":[[-55.7304,-22.52715],[-55.73046,-22.52706]]}},{"type":"Feature","properties":{"nome":"","classe":"secundária","pais":"BR"},"geometry":{"type":"LineString","coordinates":[[-55.73313,-22.52891],[-55.7332,-22.52883]]}},{"type":"Feature","properties":{"nome":"","classe":"secundária","pais":"BR"},"geometry":{"type":"LineString","coordinates":[[-55.7351,-22.53017],[-55.73517,-22.53007]]}},{"type":"Feature","properties":{"nome":"","classe":"secundária","pais":"BR"},"geometry":{"type":"LineString","coordinates":[[-55.72704,-22.54299],[-55.72711,-22.5429]]}},{"type":"Feature","properties":{"nome":"","classe":"secundária","pais":"BR"},"geometry":{"type":"LineString","coordinates":[[-55.72557,-22.54205],[-55.72564,-22.54196]]}},{"type":"Feature","properties":{"nome":"Rua São Vincente de Paulo","classe":"secundária","pais":"BR"},"geometry":{"type":"LineString","coordinates":[[-55.74057,-22.51055],[-55.74284,-22.51206]]}},{"type":"Feature","properties":{"nome":"Rua São Vincente de Paulo","classe":"secundária","pais":"BR"},"geometry":{"type":"LineString","coordinates":[[-55.7428,-22.51213],[-55.74051,-22.51062]]}},{"type":"Feature","properties":{"nome":"Rua Marechal Floriano","classe":"secundária","pais":"BR"},"geometry":{"type":"LineString","coordinates":[[-55.7313,-22.53673],[-55.73123,-22.53681]]}},{"type":"Feature","properties":{"nome":"","classe":"secundária","pais":"BR"},"geometry":{"type":"LineString","coordinates":[[-55.73757,-22.52205],[-55.73744,-22.52197]]}},{"type":"Feature","properties":{"nome":"","classe":"secundária","pais":"BR"},"geometry":{"type":"LineString","coordinates":[[-55.73664,-22.52326],[-55.73654,-22.52319]]}},{"type":"Feature","properties":{"nome":"","classe":"secundária","pais":"BR"},"geometry":{"type":"LineString","coordinates":[[-55.73302,-22.52808],[-55.73292,-22.52801]]}},{"type":"Feature","properties":{"nome":"","classe":"secundária","pais":"BR"},"geometry":{"type":"LineString","coordinates":[[-55.72533,-22.53832],[-55.72524,-22.53827]]}},{"type":"Feature","properties":{"nome":"Rua Heliodoro Alves Salgueiro","classe":"secundária","pais":"BR"},"geometry":{"type":"LineString","coordinates":[[-55.71611,-22.52371],[-55.71441,-22.52602]]}},{"type":"Feature","properties":{"nome":"Rua Heliodoro Alves Salgueiro","classe":"secundária","pais":"BR"},"geometry":{"type":"LineString","coordinates":[[-55.71623,-22.52356],[-55.71616,-22.52365]]}},{"type":"Feature","properties":{"nome":"Travessa Lemos","classe":"secundária","pais":"BR"},"geometry":{"type":"LineString","coordinates":[[-55.73114,-22.50083],[-55.7323,-22.50078]]}},{"type":"Feature","properties":{"nome":"Avenida Belmiro de Albuquerque","classe":"secundária","pais":"BR"},"geometry":{"type":"LineString","coordinates":[[-55.73231,-22.50393],[-55.73492,-22.50259]]}},{"type":"Feature","properties":{"nome":"Avenida Belmiro de Albuquerque","classe":"secundária","pais":"BR"},"geometry":{"type":"LineString","coordinates":[[-55.73065,-22.50479],[-55.73079,-22.50472]]}},{"type":"Feature","properties":{"nome":"Avenida Belmiro de Albuquerque","classe":"secundária","pais":"BR"},"geometry":{"type":"LineString","coordinates":[[-55.72948,-22.50537],[-55.72987,-22.50518]]}},{"type":"Feature","properties":{"nome":"Avenida Belmiro de Albuquerque","classe":"secundária","pais":"BR"},"geometry":{"type":"LineString","coordinates":[[-55.73568,-22.50217],[-55.73809,-22.50097]]}},{"type":"Feature","properties":{"nome":"Rua Iturama","classe":"secundária","pais":"BR"},"geometry":{"type":"LineString","coordinates":[[-55.72757,-22.5063],[-55.72743,-22.50648]]}},{"type":"Feature","properties":{"nome":"Rua Iturama","classe":"secundária","pais":"BR"},"geometry":{"type":"LineString","coordinates":[[-55.726,-22.51099],[-55.727,-22.50773]]}},{"type":"Feature","properties":{"nome":"Avenida Belmiro de Albuquerque","classe":"secundária","pais":"BR"},"geometry":{"type":"LineString","coordinates":[[-55.74081,-22.49958],[-55.74502,-22.49748]]}},{"type":"Feature","properties":{"nome":"","classe":"secundária","pais":"BR"},"geometry":{"type":"LineString","coordinates":[[-55.72818,-22.53918],[-55.72812,-22.53926]]}},{"type":"Feature","properties":{"nome":"","classe":"secundária","pais":"BR"},"geometry":{"type":"LineString","coordinates":[[-55.72707,-22.54067],[-55.72714,-22.54059]]}},{"type":"Feature","properties":{"nome":"Rua Vital Brasil","classe":"secundária","pais":"BR"},"geometry":{"type":"LineString","coordinates":[[-55.72165,-22.49449],[-55.72112,-22.49329],[-55.71985,-22.49076]]}},{"type":"Feature","properties":{"nome":"Avenida Belmiro de Albuquerque","classe":"secundária","pais":"BR"},"geometry":{"type":"LineString","coordinates":[[-55.73809,-22.50097],[-55.73903,-22.50047]]}},{"type":"Feature","properties":{"nome":"Avenida Belmiro de Albuquerque","classe":"secundária","pais":"BR"},"geometry":{"type":"LineString","coordinates":[[-55.71889,-22.50662],[-55.72731,-22.50639]]}},{"type":"Feature","properties":{"nome":"Rua Machado de Assis","classe":"secundária","pais":"BR"},"geometry":{"type":"LineString","coordinates":[[-55.72872,-22.50138],[-55.72979,-22.50112]]}},{"type":"Feature","properties":{"nome":"Ruta Pedro Juan Caballero a Capitán Bado","classe":"secundária","pais":"PY"},"geometry":{"type":"LineString","coordinates":[[-55.69017,-22.58149],[-55.69022,-22.58142]]}},{"type":"Feature","properties":{"nome":"Ruta Nacional 17","classe":"secundária","pais":"PY"},"geometry":{"type":"LineString","coordinates":[[-55.66672,-22.6],[-55.67156,-22.59684],[-55.68387,-22.58901],[-55.68409,-22.58881],[-55.68901,-22.58283],[-55.69017,-22.58149]]}},{"type":"Feature","properties":{"nome":"Rua Vital Brasil","classe":"secundária","pais":"BR"},"geometry":{"type":"LineString","coordinates":[[-55.71985,-22.49076],[-55.71943,-22.4899]]}},{"type":"Feature","properties":{"nome":"Rua Galileu Galilei","classe":"principal","pais":"BR"},"geometry":{"type":"LineString","coordinates":[[-55.71929,-22.48718],[-55.71832,-22.48756]]}},{"type":"Feature","properties":{"nome":"Rua Galileu Galilei","classe":"principal","pais":"BR"},"geometry":{"type":"LineString","coordinates":[[-55.72018,-22.48681],[-55.71929,-22.48718]]}},{"type":"Feature","properties":{"nome":"","classe":"principal","pais":"BR"},"geometry":{"type":"LineString","coordinates":[[-55.74692,-22.49131],[-55.74711,-22.4912],[-55.74731,-22.49127]]}},{"type":"Feature","properties":{"nome":"Rua Formosa","classe":"secundária","pais":"BR"},"geometry":{"type":"LineString","coordinates":[[-55.74073,-22.48952],[-55.74087,-22.48692]]}},{"type":"Feature","properties":{"nome":"Rua Formosa","classe":"secundária","pais":"BR"},"geometry":{"type":"LineString","coordinates":[[-55.74064,-22.49246],[-55.74065,-22.49153]]}},{"type":"Feature","properties":{"nome":"Rua Rio Negro","classe":"secundária","pais":"BR"},"geometry":{"type":"LineString","coordinates":[[-55.74077,-22.49554],[-55.74074,-22.49485]]}},{"type":"Feature","properties":{"nome":"Rua Jorge dos Santos Pereira","classe":"secundária","pais":"BR"},"geometry":{"type":"LineString","coordinates":[[-55.73409,-22.50041],[-55.73463,-22.50023]]}},{"type":"Feature","properties":{"nome":"Avenida Belmiro de Albuquerque","classe":"secundária","pais":"BR"},"geometry":{"type":"LineString","coordinates":[[-55.73916,-22.50041],[-55.74081,-22.49958]]}},{"type":"Feature","properties":{"nome":"Avenida Belmiro de Albuquerque","classe":"secundária","pais":"BR"},"geometry":{"type":"LineString","coordinates":[[-55.74568,-22.49715],[-55.74701,-22.49647],[-55.74733,-22.49645]]}},{"type":"Feature","properties":{"nome":"Rua São Judas Tadeu","classe":"secundária","pais":"BR"},"geometry":{"type":"LineString","coordinates":[[-55.73628,-22.50386],[-55.73568,-22.50217]]}},{"type":"Feature","properties":{"nome":"Rua São Judas Tadeu","classe":"secundária","pais":"BR"},"geometry":{"type":"LineString","coordinates":[[-55.73737,-22.50692],[-55.73731,-22.50677]]}},{"type":"Feature","properties":{"nome":"Rua São Judas Tadeu","classe":"secundária","pais":"BR"},"geometry":{"type":"LineString","coordinates":[[-55.73689,-22.50557],[-55.73628,-22.50386]]}},{"type":"Feature","properties":{"nome":"Rua Calógeras","classe":"secundária","pais":"BR"},"geometry":{"type":"LineString","coordinates":[[-55.72461,-22.53254],[-55.72638,-22.53018]]}},{"type":"Feature","properties":{"nome":"","classe":"secundária","pais":"BR"},"geometry":{"type":"LineString","coordinates":[[-55.72804,-22.52797],[-55.72803,-22.52787],[-55.72815,-22.52785]]}},{"type":"Feature","properties":{"nome":"Avenida Belmiro de Albuquerque","classe":"secundária","pais":"BR"},"geometry":{"type":"LineString","coordinates":[[-55.73079,-22.50472],[-55.73143,-22.50437]]}},{"type":"Feature","properties":{"nome":"Rua Vital Brasil","classe":"secundária","pais":"BR"},"geometry":{"type":"LineString","coordinates":[[-55.72392,-22.49938],[-55.72305,-22.49754]]}},{"type":"Feature","properties":{"nome":"Rua Vacaria","classe":"secundária","pais":"BR"},"geometry":{"type":"LineString","coordinates":[[-55.71889,-22.50785],[-55.71881,-22.50808]]}},{"type":"Feature","properties":{"nome":"Rua Urumbela","classe":"secundária","pais":"BR"},"geometry":{"type":"LineString","coordinates":[[-55.71759,-22.51136],[-55.71816,-22.50969]]}},{"type":"Feature","properties":{"nome":"Rua Urumbela","classe":"secundária","pais":"BR"},"geometry":{"type":"LineString","coordinates":[[-55.71858,-22.50867],[-55.71881,-22.50808]]}},{"type":"Feature","properties":{"nome":"Rua Urumbela","classe":"secundária","pais":"BR"},"geometry":{"type":"LineString","coordinates":[[-55.71731,-22.51224],[-55.71759,-22.51136]]}},{"type":"Feature","properties":{"nome":"Avenida Belmiro de Albuquerque","classe":"secundária","pais":"BR"},"geometry":{"type":"LineString","coordinates":[[-55.71182,-22.50569],[-55.71352,-22.50607]]}},{"type":"Feature","properties":{"nome":"","classe":"principal","pais":"BR"},"geometry":{"type":"LineString","coordinates":[[-55.70537,-22.55994],[-55.70904,-22.5585],[-55.70953,-22.55838],[-55.71018,-22.55839]]}},{"type":"Feature","properties":{"nome":"","classe":"principal","pais":"BR"},"geometry":{"type":"LineString","coordinates":[[-55.69838,-22.56351],[-55.69832,-22.56339]]}},{"type":"Feature","properties":{"nome":"Avenida Vinícius Soares de Nascimento","classe":"secundária","pais":"BR"},"geometry":{"type":"LineString","coordinates":[[-55.69175,-22.56101],[-55.6908,-22.56066]]}},{"type":"Feature","properties":{"nome":"Avenida Vinícius Soares de Nascimento","classe":"secundária","pais":"BR"},"geometry":{"type":"LineString","coordinates":[[-55.68874,-22.55993],[-55.68825,-22.55976]]}},{"type":"Feature","properties":{"nome":"Avenida Vinícius Soares de Nascimento","classe":"secundária","pais":"BR"},"geometry":{"type":"LineString","coordinates":[[-55.68566,-22.55884],[-55.6844,-22.55836]]}},{"type":"Feature","properties":{"nome":"Avenida Vinícius Soares de Nascimento","classe":"secundária","pais":"BR"},"geometry":{"type":"LineString","coordinates":[[-55.69022,-22.56047],[-55.68983,-22.56031]]}},{"type":"Feature","properties":{"nome":"","classe":"secundária","pais":"BR"},"geometry":{"type":"LineString","coordinates":[[-55.69358,-22.4906],[-55.6939,-22.48811]]}},{"type":"Feature","properties":{"nome":"","classe":"secundária","pais":"BR"},"geometry":{"type":"LineString","coordinates":[[-55.69651,-22.4992],[-55.69531,-22.49667],[-55.69354,-22.49246],[-55.69337,-22.49191],[-55.69339,-22.4916]]}},{"type":"Feature","properties":{"nome":"Rua Comandante Cardoso","classe":"secundária","pais":"BR"},"geometry":{"type":"LineString","coordinates":[[-55.70914,-22.55057],[-55.70676,-22.55139]]}},{"type":"Feature","properties":{"nome":"Rua Batista de Azevedo","classe":"secundária","pais":"BR"},"geometry":{"type":"LineString","coordinates":[[-55.70575,-22.54888],[-55.70676,-22.55139]]}},{"type":"Feature","properties":{"nome":"Avenida Belmiro de Albuquerque","classe":"secundária","pais":"BR"},"geometry":{"type":"LineString","coordinates":[[-55.72895,-22.50562],[-55.72948,-22.50537]]}},{"type":"Feature","properties":{"nome":"Rua Machado de Assis","classe":"secundária","pais":"BR"},"geometry":{"type":"LineString","coordinates":[[-55.72979,-22.50112],[-55.73091,-22.50086]]}},{"type":"Feature","properties":{"nome":"Avenida Belmiro de Albuquerque","classe":"secundária","pais":"BR"},"geometry":{"type":"LineString","coordinates":[[-55.73027,-22.50498],[-55.73065,-22.50479]]}},{"type":"Feature","properties":{"nome":"Rua Jorge Roberto Salomão","classe":"secundária","pais":"BR"},"geometry":{"type":"LineString","coordinates":[[-55.71711,-22.51284],[-55.71716,-22.51268]]}},{"type":"Feature","properties":{"nome":"Rua Baltazar Saldanha","classe":"secundária","pais":"BR"},"geometry":{"type":"LineString","coordinates":[[-55.72008,-22.52283],[-55.71786,-22.5214]]}},{"type":"Feature","properties":{"nome":"Rua Jorge Roberto Salomão","classe":"secundária","pais":"BR"},"geometry":{"type":"LineString","coordinates":[[-55.71854,-22.5194],[-55.71791,-22.51895],[-55.71761,-22.51867],[-55.71712,-22.51763]]}},{"type":"Feature","properties":{"nome":"Rua 12 de Outubro","classe":"secundária","pais":"BR"},"geometry":{"type":"LineString","coordinates":[[-55.73652,-22.51773],[-55.73811,-22.51723]]}},{"type":"Feature","properties":{"nome":"Rua Benjamin Constant","classe":"secundária","pais":"BR"},"geometry":{"type":"LineString","coordinates":[[-55.73162,-22.51913],[-55.73107,-22.51742]]}},{"type":"Feature","properties":{"nome":"Rua Pedro Ângelo da Rosa","classe":"secundária","pais":"BR"},"geometry":{"type":"LineString","coordinates":[[-55.73255,-22.51442],[-55.73153,-22.51136]]}},{"type":"Feature","properties":{"nome":"Rua Pedro Ângelo da Rosa","classe":"secundária","pais":"BR"},"geometry":{"type":"LineString","coordinates":[[-55.73347,-22.5186],[-55.7327,-22.51501]]}},{"type":"Feature","properties":{"nome":"Rua Benjamin Constant","classe":"secundária","pais":"BR"},"geometry":{"type":"LineString","coordinates":[[-55.73107,-22.51742],[-55.72915,-22.51178]]}},{"type":"Feature","properties":{"nome":"Rua 12 de Outubro","classe":"secundária","pais":"BR"},"geometry":{"type":"LineString","coordinates":[[-55.73503,-22.51815],[-55.73652,-22.51773]]}},{"type":"Feature","properties":{"nome":"Rua 12 de Outubro","classe":"secundária","pais":"BR"},"geometry":{"type":"LineString","coordinates":[[-55.73162,-22.51913],[-55.73347,-22.5186]]}},{"type":"Feature","properties":{"nome":"Rua 12 de Outubro","classe":"secundária","pais":"BR"},"geometry":{"type":"LineString","coordinates":[[-55.72236,-22.52184],[-55.72405,-22.52137]]}},{"type":"Feature","properties":{"nome":"Rua Baltazar Saldanha","classe":"secundária","pais":"BR"},"geometry":{"type":"LineString","coordinates":[[-55.73282,-22.53103],[-55.73166,-22.53031]]}},{"type":"Feature","properties":{"nome":"Rua Baltazar Saldanha","classe":"secundária","pais":"BR"},"geometry":{"type":"LineString","coordinates":[[-55.73304,-22.53103],[-55.73389,-22.53157]]}},{"type":"Feature","properties":{"nome":"","classe":"principal","pais":"BR"},"geometry":{"type":"LineString","coordinates":[[-55.73282,-22.53107],[-55.73284,-22.53097],[-55.73293,-22.53093]]}},{"type":"Feature","properties":{"nome":"Rua Vital Brasil","classe":"secundária","pais":"BR"},"geometry":{"type":"LineString","coordinates":[[-55.72295,-22.49734],[-55.72287,-22.49716]]}},{"type":"Feature","properties":{"nome":"Avenida José Berges","classe":"secundária","pais":"PY"},"geometry":{"type":"LineString","coordinates":[[-55.75061,-22.53492],[-55.75198,-22.53585]]}},{"type":"Feature","properties":{"nome":"","classe":"secundária","pais":"BR"},"geometry":{"type":"LineString","coordinates":[[-55.725,-22.53529],[-55.725,-22.53519],[-55.72508,-22.53516]]}},{"type":"Feature","properties":{"nome":"Rua Heliodoro Alves Salgueiro","classe":"secundária","pais":"BR"},"geometry":{"type":"LineString","coordinates":[[-55.71902,-22.51984],[-55.71789,-22.52134]]}},{"type":"Feature","properties":{"nome":"Rua Jorge Roberto Salomão","classe":"secundária","pais":"BR"},"geometry":{"type":"LineString","coordinates":[[-55.71672,-22.51403],[-55.71711,-22.51284]]}},{"type":"Feature","properties":{"nome":"Avenida Vinícius Soares de Nascimento","classe":"secundária","pais":"BR"},"geometry":{"type":"LineString","coordinates":[[-55.69318,-22.56151],[-55.69242,-22.56124]]}},{"type":"Feature","properties":{"nome":"","classe":"secundária","pais":"BR"},"geometry":{"type":"LineString","coordinates":[[-55.68061,-22.55704],[-55.68053,-22.55707],[-55.68046,-22.55701]]}},{"type":"Feature","properties":{"nome":"Avenida Vinícius Soares de Nascimento","classe":"secundária","pais":"BR"},"geometry":{"type":"LineString","coordinates":[[-55.6844,-22.55836],[-55.68427,-22.55837]]}},{"type":"Feature","properties":{"nome":"Avenida Vinícius Soares de Nascimento","classe":"secundária","pais":"BR"},"geometry":{"type":"LineString","coordinates":[[-55.68432,-22.55825],[-55.6844,-22.55836]]}},{"type":"Feature","properties":{"nome":"Avenida Vinícius Soares de Nascimento","classe":"secundária","pais":"BR"},"geometry":{"type":"LineString","coordinates":[[-55.68416,-22.55835],[-55.68416,-22.55822],[-55.68425,-22.5582],[-55.68432,-22.55825]]}},{"type":"Feature","properties":{"nome":"Rua Guia Lopes","classe":"secundária","pais":"BR"},"geometry":{"type":"LineString","coordinates":[[-55.70159,-22.50932],[-55.70373,-22.5137]]}},{"type":"Feature","properties":{"nome":"Rua Heliodoro Alves Salgueiro","classe":"secundária","pais":"BR"},"geometry":{"type":"LineString","coordinates":[[-55.71616,-22.52365],[-55.71611,-22.52371]]}},{"type":"Feature","properties":{"nome":"Rua Guia Lopes","classe":"secundária","pais":"BR"},"geometry":{"type":"LineString","coordinates":[[-55.70659,-22.51968],[-55.70749,-22.52151]]}},{"type":"Feature","properties":{"nome":"Rua Guia Lopes","classe":"secundária","pais":"BR"},"geometry":{"type":"LineString","coordinates":[[-55.70446,-22.51535],[-55.70659,-22.51968]]}},{"type":"Feature","properties":{"nome":"Rua Manoel Dias de Pinho","classe":"secundária","pais":"BR"},"geometry":{"type":"LineString","coordinates":[[-55.71956,-22.52934],[-55.71952,-22.52937]]}},{"type":"Feature","properties":{"nome":"Cerro León","classe":"secundária","pais":"PY"},"geometry":{"type":"LineString","coordinates":[[-55.7428,-22.52968],[-55.74139,-22.5322],[-55.73757,-22.53878]]}},{"type":"Feature","properties":{"nome":"Avenida José Berges","classe":"secundária","pais":"PY"},"geometry":{"type":"LineString","coordinates":[[-55.75198,-22.53585],[-55.75208,-22.53592]]}},{"type":"Feature","properties":{"nome":"Rua Guia Lopes","classe":"secundária","pais":"BR"},"geometry":{"type":"LineString","coordinates":[[-55.71154,-22.52988],[-55.71197,-22.53077],[-55.71246,-22.53135],[-55.71275,-22.53156]]}},{"type":"Feature","properties":{"nome":"Rua Formosa","classe":"secundária","pais":"BR"},"geometry":{"type":"LineString","coordinates":[[-55.74065,-22.49153],[-55.74068,-22.49124]]}},{"type":"Feature","properties":{"nome":"Avenida Vinícius Soares de Nascimento","classe":"secundária","pais":"BR"},"geometry":{"type":"LineString","coordinates":[[-55.68983,-22.56031],[-55.68874,-22.55993]]}},{"type":"Feature","properties":{"nome":"Avenida Vinícius Soares de Nascimento","classe":"secundária","pais":"BR"},"geometry":{"type":"LineString","coordinates":[[-55.68703,-22.55932],[-55.68566,-22.55884]]}},{"type":"Feature","properties":{"nome":"Avenida Vinícius Soares de Nascimento","classe":"secundária","pais":"BR"},"geometry":{"type":"LineString","coordinates":[[-55.68825,-22.55976],[-55.68703,-22.55932]]}},{"type":"Feature","properties":{"nome":"Avenida Vinícius Soares de Nascimento","classe":"secundária","pais":"BR"},"geometry":{"type":"LineString","coordinates":[[-55.6908,-22.56066],[-55.69022,-22.56047]]}},{"type":"Feature","properties":{"nome":"Rua General Osório","classe":"secundária","pais":"BR"},"geometry":{"type":"LineString","coordinates":[[-55.72858,-22.53057],[-55.72629,-22.53363]]}},{"type":"Feature","properties":{"nome":"Rua Coronel Santana","classe":"secundária","pais":"BR"},"geometry":{"type":"LineString","coordinates":[[-55.73811,-22.51723],[-55.73833,-22.51764]]}},{"type":"Feature","properties":{"nome":"","classe":"principal","pais":"BR"},"geometry":{"type":"LineString","coordinates":[[-55.70971,-22.55875],[-55.70953,-22.55838]]}},{"type":"Feature","properties":{"nome":"Rua Marechal Floriano","classe":"secundária","pais":"BR"},"geometry":{"type":"LineString","coordinates":[[-55.73471,-22.53196],[-55.73469,-22.53205]]}},{"type":"Feature","properties":{"nome":"Rua Marechal Floriano","classe":"secundária","pais":"BR"},"geometry":{"type":"LineString","coordinates":[[-55.73463,-22.53202],[-55.73471,-22.53196]]}},{"type":"Feature","properties":{"nome":"Avenida Brasil","classe":"principal","pais":"BR"},"geometry":{"type":"LineString","coordinates":[[-55.73295,-22.53113],[-55.73236,-22.53192]]}},{"type":"Feature","properties":{"nome":"","classe":"secundária","pais":"BR"},"geometry":{"type":"LineString","coordinates":[[-55.69339,-22.4916],[-55.69358,-22.4906]]}},{"type":"Feature","properties":{"nome":"Avenida Belmiro de Albuquerque","classe":"secundária","pais":"BR"},"geometry":{"type":"LineString","coordinates":[[-55.70954,-22.50492],[-55.7105,-22.50539],[-55.71182,-22.50569]]}},{"type":"Feature","properties":{"nome":"Avenida Belmiro de Albuquerque","classe":"secundária","pais":"BR"},"geometry":{"type":"LineString","coordinates":[[-55.73501,-22.50255],[-55.73568,-22.50217]]}},{"type":"Feature","properties":{"nome":"Ruta Nacional General Caballero","classe":"principal","pais":"PY"},"geometry":{"type":"LineString","coordinates":[[-55.73629,-22.57476],[-55.74042,-22.57763],[-55.74175,-22.57838],[-55.74618,-22.57973]]}},{"type":"Feature","properties":{"nome":"Ruta Nacional General Caballero","classe":"principal","pais":"PY"},"geometry":{"type":"LineString","coordinates":[[-55.71698,-22.56133],[-55.71981,-22.56329]]}},{"type":"Feature","properties":{"nome":"Toledo","classe":"secundária","pais":"PY"},"geometry":{"type":"LineString","coordinates":[[-55.74843,-22.55439],[-55.7485,-22.55429]]}},{"type":"Feature","properties":{"nome":"Rua Cosme e Daminhão","classe":"secundária","pais":"BR"},"geometry":{"type":"LineString","coordinates":[[-55.72309,-22.52477],[-55.72312,-22.52472]]}},{"type":"Feature","properties":{"nome":"","classe":"principal","pais":"PY"},"geometry":{"type":"LineString","coordinates":[[-55.70982,-22.55891],[-55.70971,-22.55875]]}},{"type":"Feature","properties":{"nome":"","classe":"secundária","pais":"BR"},"geometry":{"type":"LineString","coordinates":[[-55.67551,-22.55528],[-55.66,-22.54976]]}},{"type":"Feature","properties":{"nome":"Ruta Nacional General Caballero","classe":"principal","pais":"PY"},"geometry":{"type":"LineString","coordinates":[[-55.75867,-22.58349],[-55.76514,-22.58541]]}},{"type":"Feature","properties":{"nome":"Cerro León","classe":"secundária","pais":"PY"},"geometry":{"type":"LineString","coordinates":[[-55.72952,-22.55299],[-55.72801,-22.55535]]}},{"type":"Feature","properties":{"nome":"Ruta Nacional General Caballero","classe":"principal","pais":"PY"},"geometry":{"type":"LineString","coordinates":[[-55.72906,-22.56974],[-55.73078,-22.57091]]}},{"type":"Feature","properties":{"nome":"Cerro León","classe":"secundária","pais":"PY"},"geometry":{"type":"LineString","coordinates":[[-55.73318,-22.54645],[-55.72952,-22.55299]]}},{"type":"Feature","properties":{"nome":"Ruta Nacional General Caballero","classe":"principal","pais":"PY"},"geometry":{"type":"LineString","coordinates":[[-55.73078,-22.57091],[-55.73472,-22.57366]]}},{"type":"Feature","properties":{"nome":"","classe":"secundária","pais":"PY"},"geometry":{"type":"LineString","coordinates":[[-55.73209,-22.5461],[-55.73204,-22.54604],[-55.73205,-22.54597],[-55.73218,-22.54596],[-55.7322,-22.54607],[-55.73209,-22.5461]]}},{"type":"Feature","properties":{"nome":"","classe":"secundária","pais":"BR"},"geometry":{"type":"LineString","coordinates":[[-55.7323,-22.53535],[-55.73222,-22.53528]]}},{"type":"Feature","properties":{"nome":"","classe":"principal","pais":"BR"},"geometry":{"type":"LineString","coordinates":[[-55.73303,-22.531],[-55.73303,-22.53107],[-55.73295,-22.53113]]}},{"type":"Feature","properties":{"nome":"","classe":"principal","pais":"BR"},"geometry":{"type":"LineString","coordinates":[[-55.7399,-22.52022],[-55.73973,-22.52026],[-55.73956,-22.5202]]}},{"type":"Feature","properties":{"nome":"","classe":"principal","pais":"BR"},"geometry":{"type":"LineString","coordinates":[[-55.73999,-22.51992],[-55.73999,-22.52008],[-55.73991,-22.52021]]}},{"type":"Feature","properties":{"nome":"Rua Marechal Floriano","classe":"secundária","pais":"BR"},"geometry":{"type":"LineString","coordinates":[[-55.73179,-22.53606],[-55.7313,-22.53673]]}},{"type":"Feature","properties":{"nome":"","classe":"principal","pais":"BR"},"geometry":{"type":"LineString","coordinates":[[-55.73946,-22.52],[-55.73953,-22.51985],[-55.73974,-22.51976]]}},{"type":"Feature","properties":{"nome":"Avenida Brasil","classe":"principal","pais":"BR"},"geometry":{"type":"LineString","coordinates":[[-55.73405,-22.52943],[-55.73409,-22.52938]]}},{"type":"Feature","properties":{"nome":"Rua Pedro Celestino","classe":"secundária","pais":"BR"},"geometry":{"type":"LineString","coordinates":[[-55.73739,-22.52495],[-55.73749,-22.52502]]}},{"type":"Feature","properties":{"nome":"","classe":"secundária","pais":"BR"},"geometry":{"type":"LineString","coordinates":[[-55.73456,-22.53213],[-55.73455,-22.53205],[-55.73463,-22.53202]]}},{"type":"Feature","properties":{"nome":"","classe":"secundária","pais":"BR"},"geometry":{"type":"LineString","coordinates":[[-55.73222,-22.53526],[-55.73229,-22.53518]]}},{"type":"Feature","properties":{"nome":"","classe":"secundária","pais":"BR"},"geometry":{"type":"LineString","coordinates":[[-55.73115,-22.53675],[-55.73123,-22.53681]]}},{"type":"Feature","properties":{"nome":"Rua Perpétuo Socorro","classe":"secundária","pais":"BR"},"geometry":{"type":"LineString","coordinates":[[-55.74051,-22.51062],[-55.74057,-22.51055]]}},{"type":"Feature","properties":{"nome":"Rua Jorge dos Santos Pereira","classe":"secundária","pais":"BR"},"geometry":{"type":"LineString","coordinates":[[-55.73463,-22.50023],[-55.73584,-22.49991]]}},{"type":"Feature","properties":{"nome":"Rua Rio Negro","classe":"secundária","pais":"BR"},"geometry":{"type":"LineString","coordinates":[[-55.74077,-22.49619],[-55.74077,-22.49554]]}},{"type":"Feature","properties":{"nome":"Rua Jorge dos Santos Pereira","classe":"secundária","pais":"BR"},"geometry":{"type":"LineString","coordinates":[[-55.73584,-22.49991],[-55.7362,-22.4998]]}},{"type":"Feature","properties":{"nome":"","classe":"principal","pais":"BR"},"geometry":{"type":"LineString","coordinates":[[-55.73069,-22.53415],[-55.73062,-22.53424]]}},{"type":"Feature","properties":{"nome":"","classe":"principal","pais":"BR"},"geometry":{"type":"LineString","coordinates":[[-55.72932,-22.53574],[-55.72936,-22.53565]]}},{"type":"Feature","properties":{"nome":"","classe":"principal","pais":"BR"},"geometry":{"type":"LineString","coordinates":[[-55.72814,-22.53733],[-55.72815,-22.53724],[-55.72824,-22.53719]]}},{"type":"Feature","properties":{"nome":"","classe":"principal","pais":"BR"},"geometry":{"type":"LineString","coordinates":[[-55.68429,-22.58372],[-55.6821,-22.58489]]}},{"type":"Feature","properties":{"nome":"Avenida Brasil","classe":"principal","pais":"BR"},"geometry":{"type":"LineString","coordinates":[[-55.71816,-22.55099],[-55.71704,-22.55246]]}},{"type":"Feature","properties":{"nome":"Rua Marechal Floriano","classe":"secundária","pais":"BR"},"geometry":{"type":"LineString","coordinates":[[-55.71981,-22.55207],[-55.71857,-22.55374]]}},{"type":"Feature","properties":{"nome":"","classe":"secundária","pais":"BR"},"geometry":{"type":"LineString","coordinates":[[-55.72906,-22.53971],[-55.72905,-22.53979],[-55.72898,-22.53983]]}},{"type":"Feature","properties":{"nome":"","classe":"secundária","pais":"BR"},"geometry":{"type":"LineString","coordinates":[[-55.73006,-22.53839],[-55.72997,-22.53848]]}},{"type":"Feature","properties":{"nome":"","classe":"secundária","pais":"BR"},"geometry":{"type":"LineString","coordinates":[[-55.73124,-22.53683],[-55.73118,-22.53692]]}},{"type":"Feature","properties":{"nome":"","classe":"principal","pais":"BR"},"geometry":{"type":"LineString","coordinates":[[-55.72824,-22.53739],[-55.72814,-22.53733]]}},{"type":"Feature","properties":{"nome":"","classe":"principal","pais":"BR"},"geometry":{"type":"LineString","coordinates":[[-55.72824,-22.53719],[-55.72834,-22.53726]]}},{"type":"Feature","properties":{"nome":"","classe":"principal","pais":"BR"},"geometry":{"type":"LineString","coordinates":[[-55.72951,-22.53572],[-55.72944,-22.5358]]}},{"type":"Feature","properties":{"nome":"","classe":"principal","pais":"BR"},"geometry":{"type":"LineString","coordinates":[[-55.72936,-22.53565],[-55.72946,-22.53564],[-55.72951,-22.53572]]}},{"type":"Feature","properties":{"nome":"","classe":"principal","pais":"BR"},"geometry":{"type":"LineString","coordinates":[[-55.7306,-22.53424],[-55.73052,-22.53419]]}},{"type":"Feature","properties":{"nome":"","classe":"principal","pais":"BR"},"geometry":{"type":"LineString","coordinates":[[-55.73293,-22.53093],[-55.73303,-22.531]]}},{"type":"Feature","properties":{"nome":"","classe":"principal","pais":"BR"},"geometry":{"type":"LineString","coordinates":[[-55.73295,-22.53113],[-55.73282,-22.53107]]}},{"type":"Feature","properties":{"nome":"","classe":"principal","pais":"BR"},"geometry":{"type":"LineString","coordinates":[[-55.7306,-22.53408],[-55.73069,-22.53415]]}},{"type":"Feature","properties":{"nome":"Rua Guia Lopes","classe":"secundária","pais":"BR"},"geometry":{"type":"LineString","coordinates":[[-55.6939,-22.48811],[-55.69406,-22.48583],[-55.69403,-22.48541],[-55.69222,-22.48]]}},{"type":"Feature","properties":{"nome":"Rua Marechal Floriano","classe":"secundária","pais":"BR"},"geometry":{"type":"LineString","coordinates":[[-55.7319,-22.53591],[-55.73184,-22.53599]]}},{"type":"Feature","properties":{"nome":"","classe":"secundária","pais":"PY"},"geometry":{"type":"LineString","coordinates":[[-55.73065,-22.57922],[-55.73458,-22.58247],[-55.73928,-22.58626],[-55.73946,-22.58636],[-55.73956,-22.58657],[-55.74432,-22.59049],[-55.74443,-22.59064],[-55.74451,-22.59082],[-55.74465,-22.59193],[-55.74464,-22.59218],[-55.74457,-22.59241],[-55.74445,-22.5926],[-55.74187,-22.59526],[-55.74173,-22.59548],[-55.74171,-22.59567],[-55.74184,-22.59809],[-55.74194,-22.59835],[-55.7421,-22.59854],[-55.7439,-22.6]]}},{"type":"Feature","properties":{"nome":"Avenida Padre Juan José O'Connor","classe":"secundária","pais":"PY"},"geometry":{"type":"LineString","coordinates":[[-55.74052,-22.51817],[-55.74048,-22.51931],[-55.74024,-22.52]]}},{"type":"Feature","properties":{"nome":"Cerro León","classe":"secundária","pais":"PY"},"geometry":{"type":"LineString","coordinates":[[-55.73757,-22.53878],[-55.73318,-22.54645]]}},{"type":"Feature","properties":{"nome":"","classe":"secundária","pais":"BR"},"geometry":{"type":"LineString","coordinates":[[-55.73106,-22.53685],[-55.73108,-22.53678],[-55.73115,-22.53675]]}},{"type":"Feature","properties":{"nome":"","classe":"secundária","pais":"BR"},"geometry":{"type":"LineString","coordinates":[[-55.72997,-22.53831],[-55.73006,-22.53836]]}},{"type":"Feature","properties":{"nome":"","classe":"secundária","pais":"BR"},"geometry":{"type":"LineString","coordinates":[[-55.72997,-22.53848],[-55.72988,-22.53842]]}},{"type":"Feature","properties":{"nome":"","classe":"secundária","pais":"BR"},"geometry":{"type":"LineString","coordinates":[[-55.72896,-22.53965],[-55.72906,-22.53971]]}},{"type":"Feature","properties":{"nome":"","classe":"secundária","pais":"BR"},"geometry":{"type":"LineString","coordinates":[[-55.72888,-22.53978],[-55.72889,-22.53969],[-55.72896,-22.53965]]}},{"type":"Feature","properties":{"nome":"Rua Marechal Floriano","classe":"secundária","pais":"BR"},"geometry":{"type":"LineString","coordinates":[[-55.71843,-22.55372],[-55.71971,-22.55201]]}},{"type":"Feature","properties":{"nome":"","classe":"principal","pais":"BR"},"geometry":{"type":"LineString","coordinates":[[-55.68468,-22.58347],[-55.68429,-22.58372]]}},{"type":"Feature","properties":{"nome":"Avenida Vinícius Soares de Nascimento","classe":"secundária","pais":"BR"},"geometry":{"type":"LineString","coordinates":[[-55.69242,-22.56124],[-55.69175,-22.56101]]}},{"type":"Feature","properties":{"nome":"Avenida Vinícius Soares de Nascimento","classe":"secundária","pais":"BR"},"geometry":{"type":"LineString","coordinates":[[-55.69417,-22.56183],[-55.69318,-22.56151]]}},{"type":"Feature","properties":{"nome":"","classe":"principal","pais":"BR"},"geometry":{"type":"LineString","coordinates":[[-55.70273,-22.5612],[-55.69937,-22.56241],[-55.69909,-22.56254],[-55.69867,-22.56286]]}},{"type":"Feature","properties":{"nome":"","classe":"principal","pais":"BR"},"geometry":{"type":"LineString","coordinates":[[-55.70509,-22.56031],[-55.70273,-22.5612]]}},{"type":"Feature","properties":{"nome":"","classe":"principal","pais":"BR"},"geometry":{"type":"LineString","coordinates":[[-55.70971,-22.55875],[-55.70781,-22.55934],[-55.70509,-22.56031]]}},{"type":"Feature","properties":{"nome":"Trevo da Cuia","classe":"principal","pais":"BR"},"geometry":{"type":"LineString","coordinates":[[-55.69867,-22.56286],[-55.69823,-22.56326]]}},{"type":"Feature","properties":{"nome":"Rua 12 de Outubro","classe":"secundária","pais":"BR"},"geometry":{"type":"LineString","coordinates":[[-55.72599,-22.52077],[-55.72616,-22.52073]]}},{"type":"Feature","properties":{"nome":"","classe":"secundária","pais":"BR"},"geometry":{"type":"LineString","coordinates":[[-55.72582,-22.52099],[-55.72599,-22.52077]]}},{"type":"Feature","properties":{"nome":"","classe":"secundária","pais":"BR"},"geometry":{"type":"LineString","coordinates":[[-55.72616,-22.52073],[-55.72582,-22.52099]]}},{"type":"Feature","properties":{"nome":"Rua 12 de Outubro","classe":"secundária","pais":"BR"},"geometry":{"type":"LineString","coordinates":[[-55.72616,-22.52073],[-55.72909,-22.51988]]}},{"type":"Feature","properties":{"nome":"Avenida Belmiro de Albuquerque","classe":"secundária","pais":"BR"},"geometry":{"type":"LineString","coordinates":[[-55.71889,-22.50676],[-55.7163,-22.50675]]}},{"type":"Feature","properties":{"nome":"Avenida Belmiro de Albuquerque","classe":"secundária","pais":"BR"},"geometry":{"type":"LineString","coordinates":[[-55.74502,-22.49748],[-55.74568,-22.49715]]}},{"type":"Feature","properties":{"nome":"Rua México","classe":"principal","pais":"BR"},"geometry":{"type":"LineString","coordinates":[[-55.70454,-22.50623],[-55.70463,-22.50539]]}},{"type":"Feature","properties":{"nome":"Rua México","classe":"principal","pais":"BR"},"geometry":{"type":"LineString","coordinates":[[-55.70452,-22.50645],[-55.70454,-22.50623]]}},{"type":"Feature","properties":{"nome":"Rua Guia Lopes","classe":"principal","pais":"BR"},"geometry":{"type":"LineString","coordinates":[[-55.70376,-22.51385],[-55.70446,-22.51535]]}},{"type":"Feature","properties":{"nome":"Contorno Viário Norte","classe":"principal","pais":"BR"},"geometry":{"type":"LineString","coordinates":[[-55.7326,-22.48156],[-55.73297,-22.48113],[-55.73351,-22.48074],[-55.73509,-22.48]]}},{"type":"Feature","properties":{"nome":"Rua México","classe":"principal","pais":"BR"},"geometry":{"type":"LineString","coordinates":[[-55.70478,-22.50415],[-55.70491,-22.50244]]}},{"type":"Feature","properties":{"nome":"Rua México","classe":"principal","pais":"BR"},"geometry":{"type":"LineString","coordinates":[[-55.70463,-22.50539],[-55.70478,-22.50415]]}},{"type":"Feature","properties":{"nome":"Rua México","classe":"principal","pais":"BR"},"geometry":{"type":"LineString","coordinates":[[-55.70446,-22.50706],[-55.70452,-22.50645]]}},{"type":"Feature","properties":{"nome":"Rua Vital Brasil","classe":"secundária","pais":"BR"},"geometry":{"type":"LineString","coordinates":[[-55.72287,-22.49716],[-55.72165,-22.49449]]}},{"type":"Feature","properties":{"nome":"Rua Vital Brasil","classe":"secundária","pais":"BR"},"geometry":{"type":"LineString","coordinates":[[-55.72305,-22.49754],[-55.72301,-22.49745]]}},{"type":"Feature","properties":{"nome":"Rua Pedro Ângelo da Rosa","classe":"secundária","pais":"BR"},"geometry":{"type":"LineString","coordinates":[[-55.7327,-22.51501],[-55.73262,-22.5147]]}},{"type":"Feature","properties":{"nome":"Rua Heliodoro Alves Salgueiro","classe":"secundária","pais":"BR"},"geometry":{"type":"LineString","coordinates":[[-55.72122,-22.51685],[-55.72142,-22.51656]]}},{"type":"Feature","properties":{"nome":"","classe":"principal","pais":"BR"},"geometry":{"type":"LineString","coordinates":[[-55.73052,-22.53419],[-55.73053,-22.53412]]}},{"type":"Feature","properties":{"nome":"Rua Antônio João","classe":"secundária","pais":"BR"},"geometry":{"type":"LineString","coordinates":[[-55.72903,-22.53316],[-55.72911,-22.53307]]}},{"type":"Feature","properties":{"nome":"Rua Antônio João","classe":"secundária","pais":"BR"},"geometry":{"type":"LineString","coordinates":[[-55.72787,-22.53479],[-55.72792,-22.53472]]}},{"type":"Feature","properties":{"nome":"Rua Tiradentes","classe":"secundária","pais":"BR"},"geometry":{"type":"LineString","coordinates":[[-55.72346,-22.53414],[-55.72512,-22.53518]]}},{"type":"Feature","properties":{"nome":"","classe":"secundária","pais":"BR"},"geometry":{"type":"LineString","coordinates":[[-55.72461,-22.53254],[-55.72464,-22.53265],[-55.72452,-22.53266]]}},{"type":"Feature","properties":{"nome":"","classe":"secundária","pais":"BR"},"geometry":{"type":"LineString","coordinates":[[-55.72815,-22.52785],[-55.72814,-22.52795],[-55.72804,-22.52797]]}},{"type":"Feature","properties":{"nome":"Rua Baltazar Saldanha","classe":"secundária","pais":"BR"},"geometry":{"type":"LineString","coordinates":[[-55.72815,-22.52785],[-55.73146,-22.52998]]}},{"type":"Feature","properties":{"nome":"Rua Baltazar Saldanha","classe":"secundária","pais":"BR"},"geometry":{"type":"LineString","coordinates":[[-55.71793,-22.52129],[-55.71951,-22.52231]]}},{"type":"Feature","properties":{"nome":"Rua Jorge Roberto Salomão","classe":"secundária","pais":"BR"},"geometry":{"type":"LineString","coordinates":[[-55.71915,-22.51977],[-55.71994,-22.52028]]}},{"type":"Feature","properties":{"nome":"Rua Jorge Roberto Salomão","classe":"secundária","pais":"BR"},"geometry":{"type":"LineString","coordinates":[[-55.71902,-22.51973],[-55.71907,-22.51971]]}},{"type":"Feature","properties":{"nome":"Rua Urumbela","classe":"secundária","pais":"BR"},"geometry":{"type":"LineString","coordinates":[[-55.71822,-22.50953],[-55.71858,-22.50867]]}},{"type":"Feature","properties":{"nome":"Rua Cajamanga","classe":"secundária","pais":"BR"},"geometry":{"type":"LineString","coordinates":[[-55.72453,-22.51194],[-55.72508,-22.51062]]}},{"type":"Feature","properties":{"nome":"Rua Jasmim","classe":"secundária","pais":"BR"},"geometry":{"type":"LineString","coordinates":[[-55.72508,-22.51062],[-55.726,-22.51099]]}},{"type":"Feature","properties":{"nome":"Rua Galileu Galilei","classe":"principal","pais":"BR"},"geometry":{"type":"LineString","coordinates":[[-55.73169,-22.48259],[-55.72884,-22.48372]]}},{"type":"Feature","properties":{"nome":"Rua Formosa","classe":"secundária","pais":"BR"},"geometry":{"type":"LineString","coordinates":[[-55.74069,-22.4904],[-55.74073,-22.48952]]}},{"type":"Feature","properties":{"nome":"Avenida da Flora","classe":"principal","pais":"BR"},"geometry":{"type":"LineString","coordinates":[[-55.74698,-22.49042],[-55.74645,-22.4859],[-55.74658,-22.48512],[-55.74701,-22.48384],[-55.74725,-22.48344],[-55.74769,-22.48307],[-55.75017,-22.48203],[-55.75073,-22.48168],[-55.75106,-22.48128],[-55.75119,-22.48106],[-55.75149,-22.48]]}},{"type":"Feature","properties":{"nome":"Rua Vital Brasil","classe":"secundária","pais":"BR"},"geometry":{"type":"LineString","coordinates":[[-55.71943,-22.4899],[-55.71832,-22.48756]]}},{"type":"Feature","properties":{"nome":"Avenida Belmiro de Albuquerque","classe":"secundária","pais":"BR"},"geometry":{"type":"LineString","coordinates":[[-55.72987,-22.50518],[-55.73027,-22.50498]]}},{"type":"Feature","properties":{"nome":"Avenida da Flora","classe":"principal","pais":"BR"},"geometry":{"type":"LineString","coordinates":[[-55.74731,-22.49127],[-55.74721,-22.49186],[-55.74722,-22.49218],[-55.74753,-22.49468],[-55.74761,-22.49585],[-55.74773,-22.49638]]}},{"type":"Feature","properties":{"nome":"Rua Albacir Pissini","classe":"secundária","pais":"BR"},"geometry":{"type":"LineString","coordinates":[[-55.73916,-22.49619],[-55.74077,-22.49619]]}},{"type":"Feature","properties":{"nome":"Avenida Belmiro de Albuquerque","classe":"secundária","pais":"BR"},"geometry":{"type":"LineString","coordinates":[[-55.73903,-22.50047],[-55.73916,-22.50041]]}},{"type":"Feature","properties":{"nome":"Avenida Belmiro de Albuquerque","classe":"secundária","pais":"BR"},"geometry":{"type":"LineString","coordinates":[[-55.73492,-22.50259],[-55.73501,-22.50255]]}},{"type":"Feature","properties":{"nome":"Rua São Judas Tadeu","classe":"secundária","pais":"BR"},"geometry":{"type":"LineString","coordinates":[[-55.7369,-22.50559],[-55.73689,-22.50557]]}},{"type":"Feature","properties":{"nome":"Rua São Judas Tadeu","classe":"secundária","pais":"BR"},"geometry":{"type":"LineString","coordinates":[[-55.73731,-22.50677],[-55.7369,-22.50559]]}},{"type":"Feature","properties":{"nome":"Rua Pedro Ângelo da Rosa","classe":"secundária","pais":"BR"},"geometry":{"type":"LineString","coordinates":[[-55.73153,-22.51136],[-55.73101,-22.50988]]}},{"type":"Feature","properties":{"nome":"Rua 12 de Outubro","classe":"secundária","pais":"BR"},"geometry":{"type":"LineString","coordinates":[[-55.73347,-22.5186],[-55.73503,-22.51815]]}},{"type":"Feature","properties":{"nome":"","classe":"principal","pais":"BR"},"geometry":{"type":"LineString","coordinates":[[-55.73956,-22.5202],[-55.73946,-22.52]]}},{"type":"Feature","properties":{"nome":"Rua Marechal Floriano","classe":"secundária","pais":"BR"},"geometry":{"type":"LineString","coordinates":[[-55.73184,-22.53599],[-55.73179,-22.53606]]}},{"type":"Feature","properties":{"nome":"Rua Jorge Roberto Salomão","classe":"secundária","pais":"BR"},"geometry":{"type":"LineString","coordinates":[[-55.71994,-22.52028],[-55.72071,-22.52076]]}},{"type":"Feature","properties":{"nome":"Rua Alfeneiro","classe":"secundária","pais":"BR"},"geometry":{"type":"LineString","coordinates":[[-55.7211,-22.51677],[-55.72122,-22.51648]]}},{"type":"Feature","properties":{"nome":"Rua Campo Grande","classe":"secundária","pais":"BR"},"geometry":{"type":"LineString","coordinates":[[-55.72117,-22.51681],[-55.7211,-22.51677]]}},{"type":"Feature","properties":{"nome":"Rua Jorge Roberto Salomão","classe":"secundária","pais":"BR"},"geometry":{"type":"LineString","coordinates":[[-55.71913,-22.51973],[-55.71915,-22.51977]]}},{"type":"Feature","properties":{"nome":"Rua Urumbela","classe":"secundária","pais":"BR"},"geometry":{"type":"LineString","coordinates":[[-55.71816,-22.50969],[-55.71822,-22.50953]]}},{"type":"Feature","properties":{"nome":"Rua Pedro Ângelo da Rosa","classe":"secundária","pais":"BR"},"geometry":{"type":"LineString","coordinates":[[-55.73258,-22.51455],[-55.73255,-22.51442]]}},{"type":"Feature","properties":{"nome":"Rua Pedro Ângelo da Rosa","classe":"secundária","pais":"BR"},"geometry":{"type":"LineString","coordinates":[[-55.73262,-22.5147],[-55.73258,-22.51455]]}},{"type":"Feature","properties":{"nome":"Rua Brasília","classe":"secundária","pais":"BR"},"geometry":{"type":"LineString","coordinates":[[-55.72286,-22.52462],[-55.72268,-22.52468],[-55.72222,-22.52531],[-55.72205,-22.52544]]}},{"type":"Feature","properties":{"nome":"Rua Jorge Roberto Salomão","classe":"secundária","pais":"BR"},"geometry":{"type":"LineString","coordinates":[[-55.72071,-22.52076],[-55.72429,-22.52303]]}},{"type":"Feature","properties":{"nome":"Rua Jorge Roberto Salomão","classe":"secundária","pais":"BR"},"geometry":{"type":"LineString","coordinates":[[-55.73099,-22.5274],[-55.73258,-22.52843]]}},{"type":"Feature","properties":{"nome":"Avenida Belmiro de Albuquerque","classe":"secundária","pais":"BR"},"geometry":{"type":"LineString","coordinates":[[-55.70536,-22.50272],[-55.70954,-22.50492]]}},{"type":"Feature","properties":{"nome":"Contorno Viário Norte","classe":"principal","pais":"BR"},"geometry":{"type":"LineString","coordinates":[[-55.70557,-22.4953],[-55.70589,-22.49478],[-55.70606,-22.4946],[-55.70836,-22.49236],[-55.70879,-22.49197],[-55.70915,-22.49173],[-55.70981,-22.49147],[-55.71312,-22.49092],[-55.71359,-22.49077],[-55.71406,-22.4905],[-55.71433,-22.49029],[-55.71585,-22.48866],[-55.7162,-22.48839],[-55.71665,-22.48814],[-55.71832,-22.48756]]}},{"type":"Feature","properties":{"nome":"Rua Campo Grande","classe":"secundária","pais":"BR"},"geometry":{"type":"LineString","coordinates":[[-55.72122,-22.51685],[-55.72117,-22.51681]]}},{"type":"Feature","properties":{"nome":"Avenida José Gaspar Rodríguez de Francia","classe":"secundária","pais":"PY"},"geometry":{"type":"LineString","coordinates":[[-55.73408,-22.53336],[-55.73245,-22.53625]]}},{"type":"Feature","properties":{"nome":"Rua General Osório","classe":"secundária","pais":"BR"},"geometry":{"type":"LineString","coordinates":[[-55.73096,-22.52744],[-55.72981,-22.52894]]}},{"type":"Feature","properties":{"nome":"Rua General Osório","classe":"secundária","pais":"BR"},"geometry":{"type":"LineString","coordinates":[[-55.72973,-22.52906],[-55.72972,-22.52897],[-55.72981,-22.52894]]}},{"type":"Feature","properties":{"nome":"Rua Antônio João","classe":"secundária","pais":"BR"},"geometry":{"type":"LineString","coordinates":[[-55.73158,-22.53007],[-55.73149,-22.53019]]}},{"type":"Feature","properties":{"nome":"","classe":"secundária","pais":"BR"},"geometry":{"type":"LineString","coordinates":[[-55.71722,-22.51253],[-55.71727,-22.5124]]}},{"type":"Feature","properties":{"nome":"","classe":"secundária","pais":"BR"},"geometry":{"type":"LineString","coordinates":[[-55.73006,-22.53836],[-55.73006,-22.53839]]}},{"type":"Feature","properties":{"nome":"Avenida Brasil","classe":"principal","pais":"BR"},"geometry":{"type":"LineString","coordinates":[[-55.72379,-22.54313],[-55.72472,-22.54187]]}},{"type":"Feature","properties":{"nome":"Avenida Brasil","classe":"principal","pais":"BR"},"geometry":{"type":"LineString","coordinates":[[-55.72472,-22.54187],[-55.72495,-22.54165]]}},{"type":"Feature","properties":{"nome":"Ruta Nacional General Caballero","classe":"principal","pais":"PY"},"geometry":{"type":"LineString","coordinates":[[-55.72117,-22.56422],[-55.72212,-22.56489]]}},{"type":"Feature","properties":{"nome":"Cerro León","classe":"secundária","pais":"PY"},"geometry":{"type":"LineString","coordinates":[[-55.72801,-22.55535],[-55.72737,-22.55635]]}},{"type":"Feature","properties":{"nome":"Cerro León","classe":"secundária","pais":"PY"},"geometry":{"type":"LineString","coordinates":[[-55.72737,-22.55635],[-55.72576,-22.55898]]}},{"type":"Feature","properties":{"nome":"","classe":"principal","pais":"BR"},"geometry":{"type":"LineString","coordinates":[[-55.71699,-22.55253],[-55.71685,-22.5525],[-55.71683,-22.55243],[-55.71689,-22.55235],[-55.71703,-22.55239],[-55.71704,-22.55246],[-55.71699,-22.55253]]}},{"type":"Feature","properties":{"nome":"Ruta Nacional General Caballero","classe":"principal","pais":"PY"},"geometry":{"type":"LineString","coordinates":[[-55.71981,-22.56329],[-55.72117,-22.56422]]}},{"type":"Feature","properties":{"nome":"Ruta Nacional General Caballero","classe":"principal","pais":"PY"},"geometry":{"type":"LineString","coordinates":[[-55.74735,-22.58008],[-55.74764,-22.58018]]}},{"type":"Feature","properties":{"nome":"Ruta Nacional General Caballero","classe":"principal","pais":"PY"},"geometry":{"type":"LineString","coordinates":[[-55.74618,-22.57973],[-55.74735,-22.58008]]}},{"type":"Feature","properties":{"nome":"Ruta Nacional General Caballero","classe":"principal","pais":"PY"},"geometry":{"type":"LineString","coordinates":[[-55.75518,-22.58244],[-55.75867,-22.58349]]}},{"type":"Feature","properties":{"nome":"Ruta Nacional General Caballero","classe":"principal","pais":"PY"},"geometry":{"type":"LineString","coordinates":[[-55.7477,-22.58019],[-55.75022,-22.58096]]}},{"type":"Feature","properties":{"nome":"Ruta Nacional General Caballero","classe":"principal","pais":"PY"},"geometry":{"type":"LineString","coordinates":[[-55.73546,-22.57417],[-55.73629,-22.57476]]}},{"type":"Feature","properties":{"nome":"Ruta Nacional General Caballero","classe":"principal","pais":"PY"},"geometry":{"type":"LineString","coordinates":[[-55.75022,-22.58096],[-55.75518,-22.58244]]}},{"type":"Feature","properties":{"nome":"Ruta Nacional General Caballero","classe":"principal","pais":"PY"},"geometry":{"type":"LineString","coordinates":[[-55.72671,-22.5681],[-55.72906,-22.56974]]}},{"type":"Feature","properties":{"nome":"Ruta Nacional General Caballero","classe":"principal","pais":"PY"},"geometry":{"type":"LineString","coordinates":[[-55.72212,-22.56489],[-55.72671,-22.5681]]}},{"type":"Feature","properties":{"nome":"Ruta Nacional 17","classe":"secundária","pais":"PY"},"geometry":{"type":"LineString","coordinates":[[-55.69411,-22.57841],[-55.69464,-22.57811],[-55.69532,-22.57755],[-55.69586,-22.57703],[-55.69899,-22.57388],[-55.70292,-22.56971],[-55.70388,-22.5689],[-55.70491,-22.56816]]}},{"type":"Feature","properties":{"nome":"Ruta Nacional 17","classe":"secundária","pais":"PY"},"geometry":{"type":"LineString","coordinates":[[-55.69033,-22.5813],[-55.69106,-22.58002],[-55.6914,-22.57961],[-55.69193,-22.57932],[-55.69283,-22.57908],[-55.69318,-22.57894],[-55.69411,-22.57841]]}},{"type":"Feature","properties":{"nome":"Avenida Presidente Vargas","classe":"secundária","pais":"BR"},"geometry":{"type":"LineString","coordinates":[[-55.70749,-22.52151],[-55.70759,-22.52161]]}},{"type":"Feature","properties":{"nome":"","classe":"secundária","pais":"BR"},"geometry":{"type":"LineString","coordinates":[[-55.7076,-22.52175],[-55.70751,-22.52171],[-55.70755,-22.52162],[-55.70765,-22.52165],[-55.7076,-22.52175]]}},{"type":"Feature","properties":{"nome":"","classe":"principal","pais":"BR"},"geometry":{"type":"LineString","coordinates":[[-55.69534,-22.56876],[-55.69583,-22.56803]]}},{"type":"Feature","properties":{"nome":"","classe":"principal","pais":"BR"},"geometry":{"type":"LineString","coordinates":[[-55.69526,-22.56894],[-55.69534,-22.56876]]}},{"type":"Feature","properties":{"nome":"Rua General Osório","classe":"secundária","pais":"BR"},"geometry":{"type":"LineString","coordinates":[[-55.72304,-22.53802],[-55.72401,-22.53667]]}},{"type":"Feature","properties":{"nome":"Rua General Osório","classe":"secundária","pais":"BR"},"geometry":{"type":"LineString","coordinates":[[-55.72167,-22.53985],[-55.72215,-22.5392]]}},{"type":"Feature","properties":{"nome":"Contorno Viário Norte","classe":"principal","pais":"BR"},"geometry":{"type":"LineString","coordinates":[[-55.70478,-22.50167],[-55.70459,-22.50071],[-55.70461,-22.49841],[-55.70513,-22.49615],[-55.7053,-22.49575],[-55.70557,-22.4953]]}},{"type":"Feature","properties":{"nome":"Rua Heliodoro Alves Salgueiro","classe":"secundária","pais":"BR"},"geometry":{"type":"LineString","coordinates":[[-55.71154,-22.52988],[-55.71218,-22.529]]}},{"type":"Feature","properties":{"nome":"","classe":"principal","pais":"BR"},"geometry":{"type":"LineString","coordinates":[[-55.73904,-22.52265],[-55.7391,-22.52279]]}},{"type":"Feature","properties":{"nome":"Rua Brasília","classe":"secundária","pais":"BR"},"geometry":{"type":"LineString","coordinates":[[-55.72205,-22.52544],[-55.72164,-22.52578]]}},{"type":"Feature","properties":{"nome":"Rua Tiradentes","classe":"secundária","pais":"BR"},"geometry":{"type":"LineString","coordinates":[[-55.72182,-22.5331],[-55.72346,-22.53414]]}},{"type":"Feature","properties":{"nome":"Rua Tiradentes","classe":"secundária","pais":"BR"},"geometry":{"type":"LineString","coordinates":[[-55.72503,-22.53531],[-55.72175,-22.53318]]}},{"type":"Feature","properties":{"nome":"","classe":"secundária","pais":"BR"},"geometry":{"type":"LineString","coordinates":[[-55.7218,-22.53315],[-55.72167,-22.53317],[-55.72165,-22.53305],[-55.72178,-22.53303],[-55.7218,-22.53315]]}},{"type":"Feature","properties":{"nome":"Avenida Presidente Vargas","classe":"secundária","pais":"BR"},"geometry":{"type":"LineString","coordinates":[[-55.72632,-22.53367],[-55.72792,-22.53472]]}},{"type":"Feature","properties":{"nome":"Avenida Presidente Vargas","classe":"secundária","pais":"BR"},"geometry":{"type":"LineString","coordinates":[[-55.72787,-22.53479],[-55.72625,-22.53375]]}},{"type":"Feature","properties":{"nome":"","classe":"principal","pais":"PY"},"geometry":{"type":"LineString","coordinates":[[-55.69857,-22.56365],[-55.69839,-22.56363]]}},{"type":"Feature","properties":{"nome":"","classe":"principal","pais":"PY"},"geometry":{"type":"LineString","coordinates":[[-55.69885,-22.56316],[-55.69895,-22.56335]]}},{"type":"Feature","properties":{"nome":"Avenida Fernando de la Mora","classe":"secundária","pais":"PY"},"geometry":{"type":"LineString","coordinates":[[-55.73331,-22.56636],[-55.73306,-22.56673],[-55.73097,-22.5708]]}},{"type":"Feature","properties":{"nome":"Avenida Fernando de la Mora","classe":"secundária","pais":"PY"},"geometry":{"type":"LineString","coordinates":[[-55.7334,-22.56625],[-55.73331,-22.56636]]}},{"type":"Feature","properties":{"nome":"Avenida Fernando de la Mora","classe":"secundária","pais":"PY"},"geometry":{"type":"LineString","coordinates":[[-55.73327,-22.56616],[-55.73439,-22.56465],[-55.73637,-22.56141]]}},{"type":"Feature","properties":{"nome":"Avenida Fernando de la Mora","classe":"secundária","pais":"PY"},"geometry":{"type":"LineString","coordinates":[[-55.73322,-22.56623],[-55.73327,-22.56616]]}},{"type":"Feature","properties":{"nome":"Avenida Carlos Dominguez","classe":"secundária","pais":"PY"},"geometry":{"type":"LineString","coordinates":[[-55.74302,-22.55129],[-55.7432,-22.55134]]}},{"type":"Feature","properties":{"nome":"Avenida Carlos Dominguez","classe":"secundária","pais":"PY"},"geometry":{"type":"LineString","coordinates":[[-55.74315,-22.55109],[-55.74323,-22.55129]]}},{"type":"Feature","properties":{"nome":"Avenida Fernando de la Mora","classe":"secundária","pais":"PY"},"geometry":{"type":"LineString","coordinates":[[-55.74401,-22.5495],[-55.74451,-22.54854],[-55.7454,-22.54705]]}},{"type":"Feature","properties":{"nome":"Avenida Fernando de la Mora","classe":"secundária","pais":"PY"},"geometry":{"type":"LineString","coordinates":[[-55.74302,-22.55129],[-55.74315,-22.55109]]}},{"type":"Feature","properties":{"nome":"Avenida Carlos Dominguez","classe":"secundária","pais":"PY"},"geometry":{"type":"LineString","coordinates":[[-55.7432,-22.55134],[-55.74628,-22.5529],[-55.7485,-22.55429]]}},{"type":"Feature","properties":{"nome":"Avenida Fernando de la Mora","classe":"secundária","pais":"PY"},"geometry":{"type":"LineString","coordinates":[[-55.7432,-22.55134],[-55.74311,-22.55151]]}},{"type":"Feature","properties":{"nome":"Avenida Fernando de la Mora","classe":"secundária","pais":"PY"},"geometry":{"type":"LineString","coordinates":[[-55.74323,-22.55129],[-55.7432,-22.55134]]}},{"type":"Feature","properties":{"nome":"Avenida Brasil","classe":"principal","pais":"BR"},"geometry":{"type":"LineString","coordinates":[[-55.73236,-22.53192],[-55.73178,-22.53267]]}},{"type":"Feature","properties":{"nome":"Rua Brasília","classe":"secundária","pais":"BR"},"geometry":{"type":"LineString","coordinates":[[-55.72179,-22.52558],[-55.72185,-22.52553]]}},{"type":"Feature","properties":{"nome":"Rua Brasília","classe":"secundária","pais":"BR"},"geometry":{"type":"LineString","coordinates":[[-55.7195,-22.5293],[-55.72099,-22.52727],[-55.72109,-22.52684],[-55.72108,-22.52635],[-55.72117,-22.52609],[-55.72179,-22.52558]]}},{"type":"Feature","properties":{"nome":"","classe":"principal","pais":"BR"},"geometry":{"type":"LineString","coordinates":[[-55.70773,-22.55902],[-55.70781,-22.55934]]}},{"type":"Feature","properties":{"nome":"Rua Tiradentes","classe":"secundária","pais":"BR"},"geometry":{"type":"LineString","coordinates":[[-55.71316,-22.52766],[-55.70919,-22.52509]]}},{"type":"Feature","properties":{"nome":"Rua Tiradentes","classe":"secundária","pais":"BR"},"geometry":{"type":"LineString","coordinates":[[-55.70912,-22.52493],[-55.71322,-22.52759]]}},{"type":"Feature","properties":{"nome":"Avenida São João","classe":"secundária","pais":"BR"},"geometry":{"type":"LineString","coordinates":[[-55.71252,-22.52127],[-55.71284,-22.52159],[-55.71465,-22.52278]]}},{"type":"Feature","properties":{"nome":"","classe":"secundária","pais":"BR"},"geometry":{"type":"LineString","coordinates":[[-55.71354,-22.52976],[-55.71347,-22.52986]]}},{"type":"Feature","properties":{"nome":"","classe":"secundária","pais":"BR"},"geometry":{"type":"LineString","coordinates":[[-55.71438,-22.53031],[-55.7143,-22.53041]]}},{"type":"Feature","properties":{"nome":"Rua Guia Lopes","classe":"secundária","pais":"BR"},"geometry":{"type":"LineString","coordinates":[[-55.7075,-22.52168],[-55.70749,-22.52151]]}},{"type":"Feature","properties":{"nome":"Travessa dos Poderes","classe":"secundária","pais":"BR"},"geometry":{"type":"LineString","coordinates":[[-55.72064,-22.52084],[-55.72071,-22.52076]]}},{"type":"Feature","properties":{"nome":"Ruta Nacional General Caballero","classe":"principal","pais":"PY"},"geometry":{"type":"LineString","coordinates":[[-55.73472,-22.57366],[-55.73546,-22.57417]]}},{"type":"Feature","properties":{"nome":"Toledo","classe":"secundária","pais":"PY"},"geometry":{"type":"LineString","coordinates":[[-55.73472,-22.57366],[-55.73484,-22.57351]]}},{"type":"Feature","properties":{"nome":"Campeones del 65","classe":"secundária","pais":"PY"},"geometry":{"type":"LineString","coordinates":[[-55.73246,-22.57184],[-55.73484,-22.57351]]}},{"type":"Feature","properties":{"nome":"Rua Formosa","classe":"secundária","pais":"BR"},"geometry":{"type":"LineString","coordinates":[[-55.74092,-22.48683],[-55.74087,-22.48692]]}},{"type":"Feature","properties":{"nome":"Rua Formosa","classe":"secundária","pais":"BR"},"geometry":{"type":"LineString","coordinates":[[-55.74087,-22.48692],[-55.74082,-22.48682]]}},{"type":"Feature","properties":{"nome":"Avenida Vinícius Soares de Nascimento","classe":"secundária","pais":"BR"},"geometry":{"type":"LineString","coordinates":[[-55.68432,-22.55825],[-55.68427,-22.55837],[-55.68416,-22.55835]]}},{"type":"Feature","properties":{"nome":"","classe":"secundária","pais":"BR"},"geometry":{"type":"LineString","coordinates":[[-55.68063,-22.55699],[-55.68061,-22.55704]]}},{"type":"Feature","properties":{"nome":"","classe":"secundária","pais":"BR"},"geometry":{"type":"LineString","coordinates":[[-55.68049,-22.55694],[-55.68059,-22.55693],[-55.68063,-22.55699]]}},{"type":"Feature","properties":{"nome":"","classe":"secundária","pais":"BR"},"geometry":{"type":"LineString","coordinates":[[-55.68046,-22.55701],[-55.68049,-22.55694]]}},{"type":"Feature","properties":{"nome":"Avenida Vinícius Soares de Nascimento","classe":"secundária","pais":"BR"},"geometry":{"type":"LineString","coordinates":[[-55.68063,-22.55699],[-55.68379,-22.5581],[-55.68422,-22.5582]]}},{"type":"Feature","properties":{"nome":"Avenida Vinícius Soares de Nascimento","classe":"secundária","pais":"BR"},"geometry":{"type":"LineString","coordinates":[[-55.68046,-22.55701],[-55.67972,-22.55673]]}},{"type":"Feature","properties":{"nome":"Trevo da Cuia","classe":"principal","pais":"BR"},"geometry":{"type":"LineString","coordinates":[[-55.69806,-22.56294],[-55.6981,-22.56289]]}},{"type":"Feature","properties":{"nome":"","classe":"principal","pais":"BR"},"geometry":{"type":"LineString","coordinates":[[-55.73991,-22.52021],[-55.7399,-22.52022]]}},{"type":"Feature","properties":{"nome":"","classe":"principal","pais":"BR"},"geometry":{"type":"LineString","coordinates":[[-55.73998,-22.51989],[-55.73999,-22.51992]]}},{"type":"Feature","properties":{"nome":"","classe":"principal","pais":"BR"},"geometry":{"type":"LineString","coordinates":[[-55.73364,-22.53018],[-55.73355,-22.53011]]}},{"type":"Feature","properties":{"nome":"","classe":"principal","pais":"BR"},"geometry":{"type":"LineString","coordinates":[[-55.73,-22.53503],[-55.7299,-22.53496]]}},{"type":"Feature","properties":{"nome":"Rua Manoel Dias de Pinho","classe":"secundária","pais":"BR"},"geometry":{"type":"LineString","coordinates":[[-55.71944,-22.52938],[-55.71947,-22.52934]]}},{"type":"Feature","properties":{"nome":"Rua Manoel Dias de Pinho","classe":"secundária","pais":"BR"},"geometry":{"type":"LineString","coordinates":[[-55.71947,-22.52934],[-55.7195,-22.5293]]}},{"type":"Feature","properties":{"nome":"Rua Manoel Dias de Pinho","classe":"secundária","pais":"BR"},"geometry":{"type":"LineString","coordinates":[[-55.71952,-22.52937],[-55.71949,-22.52941]]}},{"type":"Feature","properties":{"nome":"","classe":"principal","pais":"BR"},"geometry":{"type":"LineString","coordinates":[[-55.73069,-22.53415],[-55.73069,-22.53415]]}},{"type":"Feature","properties":{"nome":"","classe":"principal","pais":"BR"},"geometry":{"type":"LineString","coordinates":[[-55.73062,-22.53424],[-55.7306,-22.53424]]}},{"type":"Feature","properties":{"nome":"","classe":"secundária","pais":"BR"},"geometry":{"type":"LineString","coordinates":[[-55.73229,-22.53518],[-55.73231,-22.53518]]}},{"type":"Feature","properties":{"nome":"","classe":"secundária","pais":"BR"},"geometry":{"type":"LineString","coordinates":[[-55.73222,-22.53528],[-55.73222,-22.53526]]}},{"type":"Feature","properties":{"nome":"Rua Cosme e Damião","classe":"secundária","pais":"BR"},"geometry":{"type":"LineString","coordinates":[[-55.7242,-22.52315],[-55.72418,-22.52307],[-55.72429,-22.52303]]}},{"type":"Feature","properties":{"nome":"Rua General Osório","classe":"secundária","pais":"BR"},"geometry":{"type":"LineString","coordinates":[[-55.72981,-22.52894],[-55.72982,-22.52903],[-55.72973,-22.52906]]}},{"type":"Feature","properties":{"nome":"","classe":"secundária","pais":"BR"},"geometry":{"type":"LineString","coordinates":[[-55.72515,-22.53521],[-55.72516,-22.5353],[-55.72508,-22.53535]]}},{"type":"Feature","properties":{"nome":"Rua General Osório","classe":"secundária","pais":"BR"},"geometry":{"type":"LineString","coordinates":[[-55.72301,-22.53806],[-55.72304,-22.53802]]}},{"type":"Feature","properties":{"nome":"","classe":"secundária","pais":"BR"},"geometry":{"type":"LineString","coordinates":[[-55.73118,-22.53692],[-55.73115,-22.53692]]}},{"type":"Feature","properties":{"nome":"","classe":"secundária","pais":"BR"},"geometry":{"type":"LineString","coordinates":[[-55.73106,-22.53687],[-55.73106,-22.53685]]}},{"type":"Feature","properties":{"nome":"","classe":"secundária","pais":"BR"},"geometry":{"type":"LineString","coordinates":[[-55.73123,-22.53681],[-55.73124,-22.53683]]}},{"type":"Feature","properties":{"nome":"","classe":"secundária","pais":"BR"},"geometry":{"type":"LineString","coordinates":[[-55.72729,-22.53664],[-55.72722,-22.53673]]}},{"type":"Feature","properties":{"nome":"","classe":"secundária","pais":"BR"},"geometry":{"type":"LineString","coordinates":[[-55.73068,-22.53755],[-55.73059,-22.53749]]}},{"type":"Feature","properties":{"nome":"Rua General Osório","classe":"secundária","pais":"BR"},"geometry":{"type":"LineString","coordinates":[[-55.72973,-22.52906],[-55.72858,-22.53057]]}},{"type":"Feature","properties":{"nome":"Rua General Osório","classe":"secundária","pais":"BR"},"geometry":{"type":"LineString","coordinates":[[-55.73099,-22.5274],[-55.73096,-22.52744]]}},{"type":"Feature","properties":{"nome":"Rua Joaquim Pereira Teixeira","classe":"secundária","pais":"BR"},"geometry":{"type":"LineString","coordinates":[[-55.73176,-22.53252],[-55.73185,-22.53258]]}},{"type":"Feature","properties":{"nome":"Rua Joaquim Pereira Teixeira","classe":"secundária","pais":"BR"},"geometry":{"type":"LineString","coordinates":[[-55.73178,-22.53267],[-55.73169,-22.53261]]}},{"type":"Feature","properties":{"nome":"","classe":"secundária","pais":"BR"},"geometry":{"type":"LineString","coordinates":[[-55.73464,-22.52973],[-55.73457,-22.52984]]}},{"type":"Feature","properties":{"nome":"","classe":"secundária","pais":"BR"},"geometry":{"type":"LineString","coordinates":[[-55.72654,-22.54312],[-55.72644,-22.54305]]}},{"type":"Feature","properties":{"nome":"","classe":"secundária","pais":"BR"},"geometry":{"type":"LineString","coordinates":[[-55.72601,-22.54382],[-55.72591,-22.54376]]}},{"type":"Feature","properties":{"nome":"","classe":"secundária","pais":"BR"},"geometry":{"type":"LineString","coordinates":[[-55.72295,-22.5479],[-55.72285,-22.54783]]}},{"type":"Feature","properties":{"nome":"","classe":"secundária","pais":"BR"},"geometry":{"type":"LineString","coordinates":[[-55.72137,-22.55],[-55.72127,-22.54994]]}},{"type":"Feature","properties":{"nome":"","classe":"secundária","pais":"BR"},"geometry":{"type":"LineString","coordinates":[[-55.72013,-22.55165],[-55.72003,-22.55159]]}},{"type":"Feature","properties":{"nome":"","classe":"secundária","pais":"BR"},"geometry":{"type":"LineString","coordinates":[[-55.72422,-22.54621],[-55.72412,-22.54614]]}},{"type":"Feature","properties":{"nome":"","classe":"secundária","pais":"PY"},"geometry":{"type":"LineString","coordinates":[[-55.75061,-22.53492],[-55.74793,-22.53305],[-55.74676,-22.5323]]}},{"type":"Feature","properties":{"nome":"Rua Guia Lopes","classe":"principal","pais":"BR"},"geometry":{"type":"LineString","coordinates":[[-55.70373,-22.5137],[-55.70376,-22.51385]]}},{"type":"Feature","properties":{"nome":"Contorno Viário Norte","classe":"principal","pais":"BR"},"geometry":{"type":"LineString","coordinates":[[-55.73169,-22.48259],[-55.73209,-22.48227],[-55.7326,-22.48156]]}},{"type":"Feature","properties":{"nome":"","classe":"principal","pais":"BR"},"geometry":{"type":"LineString","coordinates":[[-55.67389,-22.59034],[-55.67258,-22.59121]]}},{"type":"Feature","properties":{"nome":"","classe":"principal","pais":"BR"},"geometry":{"type":"LineString","coordinates":[[-55.67478,-22.58974],[-55.67466,-22.58982]]}},{"type":"Feature","properties":{"nome":"","classe":"principal","pais":"BR"},"geometry":{"type":"LineString","coordinates":[[-55.67466,-22.58982],[-55.67389,-22.59034]]}},{"type":"Feature","properties":{"nome":"","classe":"principal","pais":"BR"},"geometry":{"type":"LineString","coordinates":[[-55.6821,-22.58489],[-55.67478,-22.58974]]}},{"type":"Feature","properties":{"nome":"","classe":"principal","pais":"BR"},"geometry":{"type":"LineString","coordinates":[[-55.70903,-22.55897],[-55.70893,-22.55903]]}},{"type":"Feature","properties":{"nome":"","classe":"principal","pais":"BR"},"geometry":{"type":"LineString","coordinates":[[-55.71026,-22.55856],[-55.70971,-22.55875]]}},{"type":"Feature","properties":{"nome":"","classe":"principal","pais":"BR"},"geometry":{"type":"LineString","coordinates":[[-55.71026,-22.55856],[-55.71025,-22.55874]]}},{"type":"Feature","properties":{"nome":"Rua Batista de Azevedo","classe":"secundária","pais":"BR"},"geometry":{"type":"LineString","coordinates":[[-55.70953,-22.55838],[-55.70931,-22.55782]]}},{"type":"Feature","properties":{"nome":"Ruta Nacional 17","classe":"secundária","pais":"PY"},"geometry":{"type":"LineString","coordinates":[[-55.71681,-22.56143],[-55.71687,-22.56125]]}},{"type":"Feature","properties":{"nome":"Ruta Nacional 17","classe":"secundária","pais":"PY"},"geometry":{"type":"LineString","coordinates":[[-55.71698,-22.56133],[-55.71689,-22.56148]]}},{"type":"Feature","properties":{"nome":"Avenida Brasil","classe":"principal","pais":"BR"},"geometry":{"type":"LineString","coordinates":[[-55.7399,-22.52022],[-55.73974,-22.52074]]}},{"type":"Feature","properties":{"nome":"","classe":"secundária","pais":"PY"},"geometry":{"type":"LineString","coordinates":[[-55.73999,-22.51992],[-55.74012,-22.51996]]}},{"type":"Feature","properties":{"nome":"Avenida da Flora","classe":"principal","pais":"BR"},"geometry":{"type":"LineString","coordinates":[[-55.74015,-22.51935],[-55.74032,-22.51877],[-55.74051,-22.51687],[-55.74056,-22.51565],[-55.74058,-22.51553],[-55.74086,-22.51509]]}},{"type":"Feature","properties":{"nome":"Rua Duque de Caxias","classe":"secundária","pais":"PY"},"geometry":{"type":"LineString","coordinates":[[-55.72839,-22.54389],[-55.72858,-22.54415]]}},{"type":"Feature","properties":{"nome":"Rua Duque de Caxias","classe":"secundária","pais":"PY"},"geometry":{"type":"LineString","coordinates":[[-55.7285,-22.54426],[-55.72833,-22.54403]]}},{"type":"Feature","properties":{"nome":"","classe":"secundária","pais":"PY"},"geometry":{"type":"LineString","coordinates":[[-55.72849,-22.54419],[-55.72859,-22.54415],[-55.72863,-22.54424],[-55.72852,-22.54428],[-55.72849,-22.54419]]}},{"type":"Feature","properties":{"nome":"Rua Iturama","classe":"secundária","pais":"BR"},"geometry":{"type":"LineString","coordinates":[[-55.727,-22.50773],[-55.72733,-22.50656]]}},{"type":"Feature","properties":{"nome":"Rua Benjamin Constant","classe":"secundária","pais":"BR"},"geometry":{"type":"LineString","coordinates":[[-55.72736,-22.50656],[-55.72773,-22.50754]]}},{"type":"Feature","properties":{"nome":"Avenida Belmiro de Albuquerque","classe":"secundária","pais":"BR"},"geometry":{"type":"LineString","coordinates":[[-55.71621,-22.50667],[-55.71627,-22.50663],[-55.71634,-22.50666]]}},{"type":"Feature","properties":{"nome":"","classe":"secundária","pais":"BR"},"geometry":{"type":"LineString","coordinates":[[-55.71634,-22.50666],[-55.7163,-22.50675]]}},{"type":"Feature","properties":{"nome":"Avenida Belmiro de Albuquerque","classe":"secundária","pais":"BR"},"geometry":{"type":"LineString","coordinates":[[-55.7163,-22.50675],[-55.71624,-22.50674],[-55.71621,-22.50667]]}},{"type":"Feature","properties":{"nome":"Avenida Belmiro de Albuquerque","classe":"secundária","pais":"BR"},"geometry":{"type":"LineString","coordinates":[[-55.72731,-22.50639],[-55.72757,-22.5063]]}},{"type":"Feature","properties":{"nome":"","classe":"secundária","pais":"BR"},"geometry":{"type":"LineString","coordinates":[[-55.72736,-22.50656],[-55.72725,-22.50651],[-55.72725,-22.50642],[-55.72731,-22.50639],[-55.72739,-22.5064],[-55.72743,-22.50646],[-55.72736,-22.50656]]}},{"type":"Feature","properties":{"nome":"","classe":"secundária","pais":"BR"},"geometry":{"type":"LineString","coordinates":[[-55.71434,-22.52612],[-55.71432,-22.52605],[-55.71441,-22.52602]]}},{"type":"Feature","properties":{"nome":"","classe":"secundária","pais":"BR"},"geometry":{"type":"LineString","coordinates":[[-55.71441,-22.52602],[-55.71443,-22.52611],[-55.71434,-22.52612]]}},{"type":"Feature","properties":{"nome":"","classe":"secundária","pais":"BR"},"geometry":{"type":"LineString","coordinates":[[-55.71316,-22.52766],[-55.71314,-22.52761],[-55.71322,-22.52759]]}},{"type":"Feature","properties":{"nome":"","classe":"secundária","pais":"BR"},"geometry":{"type":"LineString","coordinates":[[-55.71322,-22.52759],[-55.71323,-22.52763],[-55.71316,-22.52766]]}},{"type":"Feature","properties":{"nome":"Rua Heliodoro Alves Salgueiro","classe":"secundária","pais":"BR"},"geometry":{"type":"LineString","coordinates":[[-55.71223,-22.52893],[-55.71316,-22.52766]]}},{"type":"Feature","properties":{"nome":"","classe":"secundária","pais":"BR"},"geometry":{"type":"LineString","coordinates":[[-55.71218,-22.529],[-55.71217,-22.52894],[-55.71223,-22.52893]]}},{"type":"Feature","properties":{"nome":"Toledo","classe":"secundária","pais":"PY"},"geometry":{"type":"LineString","coordinates":[[-55.74838,-22.55445],[-55.74843,-22.55439]]}},{"type":"Feature","properties":{"nome":"Campeones del 65","classe":"secundária","pais":"PY"},"geometry":{"type":"LineString","coordinates":[[-55.73097,-22.5708],[-55.73246,-22.57184]]}},{"type":"Feature","properties":{"nome":"Campeones del 65","classe":"secundária","pais":"PY"},"geometry":{"type":"LineString","coordinates":[[-55.73078,-22.57067],[-55.73097,-22.5708]]}},{"type":"Feature","properties":{"nome":"","classe":"secundária","pais":"PY"},"geometry":{"type":"LineString","coordinates":[[-55.72907,-22.54448],[-55.72895,-22.5445],[-55.72892,-22.54439],[-55.72904,-22.54437],[-55.72907,-22.54448]]}},{"type":"Feature","properties":{"nome":"Avenida Carlos Dominguez","classe":"secundária","pais":"PY"},"geometry":{"type":"LineString","coordinates":[[-55.72893,-22.54448],[-55.72852,-22.54428]]}},{"type":"Feature","properties":{"nome":"Avenida Carlos Dominguez","classe":"secundária","pais":"PY"},"geometry":{"type":"LineString","coordinates":[[-55.72863,-22.54418],[-55.72899,-22.54435]]}},{"type":"Feature","properties":{"nome":"","classe":"secundária","pais":"PY"},"geometry":{"type":"LineString","coordinates":[[-55.73009,-22.545],[-55.72997,-22.54501],[-55.72995,-22.5449],[-55.73008,-22.54489],[-55.73009,-22.545]]}},{"type":"Feature","properties":{"nome":"Avenida Carlos Dominguez","classe":"secundária","pais":"PY"},"geometry":{"type":"LineString","coordinates":[[-55.72907,-22.54439],[-55.73001,-22.54487]]}},{"type":"Feature","properties":{"nome":"Avenida Carlos Dominguez","classe":"secundária","pais":"PY"},"geometry":{"type":"LineString","coordinates":[[-55.72996,-22.545],[-55.72901,-22.54451]]}},{"type":"Feature","properties":{"nome":"","classe":"secundária","pais":"PY"},"geometry":{"type":"LineString","coordinates":[[-55.73107,-22.54541],[-55.73114,-22.54551],[-55.73103,-22.54557],[-55.73096,-22.54547],[-55.73107,-22.54541]]}},{"type":"Feature","properties":{"nome":"Avenida Carlos Dominguez","classe":"secundária","pais":"PY"},"geometry":{"type":"LineString","coordinates":[[-55.7301,-22.54492],[-55.73106,-22.54541]]}},{"type":"Feature","properties":{"nome":"Avenida Carlos Dominguez","classe":"secundária","pais":"PY"},"geometry":{"type":"LineString","coordinates":[[-55.73097,-22.54553],[-55.73001,-22.54502]]}},{"type":"Feature","properties":{"nome":"Avenida Carlos Dominguez","classe":"secundária","pais":"PY"},"geometry":{"type":"LineString","coordinates":[[-55.73205,-22.54606],[-55.73107,-22.54558]]}},{"type":"Feature","properties":{"nome":"Avenida Carlos Dominguez","classe":"secundária","pais":"PY"},"geometry":{"type":"LineString","coordinates":[[-55.73113,-22.54544],[-55.73212,-22.54594]]}},{"type":"Feature","properties":{"nome":"Avenida Carlos Dominguez","classe":"secundária","pais":"PY"},"geometry":{"type":"LineString","coordinates":[[-55.7331,-22.5466],[-55.73214,-22.54611]]}},{"type":"Feature","properties":{"nome":"Avenida Carlos Dominguez","classe":"secundária","pais":"PY"},"geometry":{"type":"LineString","coordinates":[[-55.73221,-22.54599],[-55.73318,-22.54645]]}},{"type":"Feature","properties":{"nome":"","classe":"secundária","pais":"PY"},"geometry":{"type":"LineString","coordinates":[[-55.73426,-22.54702],[-55.73423,-22.54712],[-55.73412,-22.54709],[-55.73415,-22.54699],[-55.73426,-22.54702]]}},{"type":"Feature","properties":{"nome":"Avenida Carlos Dominguez","classe":"secundária","pais":"PY"},"geometry":{"type":"LineString","coordinates":[[-55.73413,-22.5471],[-55.7331,-22.5466]]}},{"type":"Feature","properties":{"nome":"Avenida Carlos Dominguez","classe":"secundária","pais":"PY"},"geometry":{"type":"LineString","coordinates":[[-55.73318,-22.54645],[-55.73421,-22.54698]]}},{"type":"Feature","properties":{"nome":"De Los Ángeles Vega","classe":"secundária","pais":"PY"},"geometry":{"type":"LineString","coordinates":[[-55.72882,-22.57004],[-55.72906,-22.56974]]}},{"type":"Feature","properties":{"nome":"Campeones del 65","classe":"secundária","pais":"PY"},"geometry":{"type":"LineString","coordinates":[[-55.71939,-22.56276],[-55.72918,-22.56955]]}},{"type":"Feature","properties":{"nome":"Brasil","classe":"secundária","pais":"PY"},"geometry":{"type":"LineString","coordinates":[[-55.72918,-22.56955],[-55.72906,-22.56974]]}},{"type":"Feature","properties":{"nome":"Campeones del 65","classe":"secundária","pais":"PY"},"geometry":{"type":"LineString","coordinates":[[-55.72918,-22.56955],[-55.73078,-22.57067]]}},{"type":"Feature","properties":{"nome":"Avenida José Gaspar Rodríguez de Francia","classe":"secundária","pais":"PY"},"geometry":{"type":"LineString","coordinates":[[-55.7173,-22.55507],[-55.7172,-22.55508]]}},{"type":"Feature","properties":{"nome":"Avenida José Gaspar Rodríguez de Francia","classe":"secundária","pais":"PY"},"geometry":{"type":"LineString","coordinates":[[-55.71737,-22.55485],[-55.71752,-22.55481]]}},{"type":"Feature","properties":{"nome":"","classe":"secundária","pais":"PY"},"geometry":{"type":"LineString","coordinates":[[-55.71747,-22.55497],[-55.71742,-22.55505],[-55.71735,-22.55507],[-55.71725,-22.55503],[-55.71723,-22.55495],[-55.71728,-22.55487],[-55.71736,-22.55485],[-55.71744,-22.55488],[-55.71747,-22.55497]]}},{"type":"Feature","properties":{"nome":"Avenida Fernando de la Mora","classe":"secundária","pais":"PY"},"geometry":{"type":"LineString","coordinates":[[-55.74405,-22.54971],[-55.74323,-22.55129]]}},{"type":"Feature","properties":{"nome":"Avenida Fernando de la Mora","classe":"secundária","pais":"PY"},"geometry":{"type":"LineString","coordinates":[[-55.74315,-22.55109],[-55.74393,-22.54965]]}},{"type":"Feature","properties":{"nome":"Avenida Fernando de la Mora","classe":"secundária","pais":"PY"},"geometry":{"type":"LineString","coordinates":[[-55.74393,-22.54965],[-55.74401,-22.5495]]}},{"type":"Feature","properties":{"nome":"Avenida Fernando de la Mora","classe":"secundária","pais":"PY"},"geometry":{"type":"LineString","coordinates":[[-55.74414,-22.54954],[-55.74405,-22.54971]]}},{"type":"Feature","properties":{"nome":"Avenida Padre Juan José O'Connor","classe":"secundária","pais":"PY"},"geometry":{"type":"LineString","coordinates":[[-55.74024,-22.52],[-55.73915,-22.52292],[-55.73806,-22.52638],[-55.73792,-22.52667]]}},{"type":"Feature","properties":{"nome":"","classe":"principal","pais":"BR"},"geometry":{"type":"LineString","coordinates":[[-55.69849,-22.56261],[-55.6996,-22.56214],[-55.70249,-22.5611],[-55.70537,-22.55994]]}},{"type":"Feature","properties":{"nome":"","classe":"principal","pais":"PY"},"geometry":{"type":"LineString","coordinates":[[-55.6984,-22.56379],[-55.69839,-22.56363]]}},{"type":"Feature","properties":{"nome":"","classe":"principal","pais":"PY"},"geometry":{"type":"LineString","coordinates":[[-55.69857,-22.56365],[-55.6984,-22.56379]]}},{"type":"Feature","properties":{"nome":"","classe":"secundária","pais":"PY"},"geometry":{"type":"LineString","coordinates":[[-55.67243,-22.6],[-55.66993,-22.59794]]}},{"type":"Feature","properties":{"nome":"Contorno Viário Sul","classe":"principal","pais":"BR"},"geometry":{"type":"LineString","coordinates":[[-55.67549,-22.55598],[-55.66693,-22.58036],[-55.66561,-22.58428],[-55.6655,-22.58499],[-55.66555,-22.58617],[-55.66583,-22.58734],[-55.66605,-22.58788],[-55.66907,-22.59324],[-55.66924,-22.59338],[-55.66935,-22.59341]]}},{"type":"Feature","properties":{"nome":"Contorno Viário Sul","classe":"principal","pais":"BR"},"geometry":{"type":"LineString","coordinates":[[-55.66887,-22.59376],[-55.66894,-22.59345],[-55.66578,-22.58791],[-55.66556,-22.58736],[-55.6653,-22.58624],[-55.66524,-22.58543],[-55.6653,-22.58476],[-55.66542,-22.58415],[-55.66571,-22.58317],[-55.67526,-22.55598]]}},{"type":"Feature","properties":{"nome":"Avenida Fernando de la Mora","classe":"secundária","pais":"PY"},"geometry":{"type":"LineString","coordinates":[[-55.74551,-22.54711],[-55.74462,-22.54861],[-55.74414,-22.54954]]}},{"type":"Feature","properties":{"nome":"Avenida Fernando de la Mora","classe":"secundária","pais":"PY"},"geometry":{"type":"LineString","coordinates":[[-55.74562,-22.54692],[-55.74551,-22.54711]]}},{"type":"Feature","properties":{"nome":"Avenida Fernando de la Mora","classe":"secundária","pais":"PY"},"geometry":{"type":"LineString","coordinates":[[-55.74551,-22.54687],[-55.74616,-22.54571]]}},{"type":"Feature","properties":{"nome":"Avenida Fernando de la Mora","classe":"secundária","pais":"PY"},"geometry":{"type":"LineString","coordinates":[[-55.7454,-22.54705],[-55.74551,-22.54687]]}},{"type":"Feature","properties":{"nome":"Ruta Nacional General Caballero","classe":"principal","pais":"PY"},"geometry":{"type":"LineString","coordinates":[[-55.74764,-22.58018],[-55.7477,-22.58019]]}},{"type":"Feature","properties":{"nome":"Contorno Viário Sul","classe":"principal","pais":"BR"},"geometry":{"type":"LineString","coordinates":[[-55.68758,-22.5191],[-55.68774,-22.51886],[-55.68827,-22.51835],[-55.68891,-22.51791],[-55.68947,-22.51767],[-55.69031,-22.51743],[-55.69104,-22.51732],[-55.69178,-22.51733],[-55.69264,-22.5175],[-55.69368,-22.51787],[-55.69538,-22.51859],[-55.69638,-22.51893],[-55.69706,-22.51906],[-55.69768,-22.51909],[-55.69869,-22.51892],[-55.69943,-22.51871],[-55.70021,-22.51834],[-55.70115,-22.51771],[-55.70442,-22.51526]]}},{"type":"Feature","properties":{"nome":"Contorno Viário Sul","classe":"principal","pais":"BR"},"geometry":{"type":"LineString","coordinates":[[-55.68729,-22.51943],[-55.68758,-22.5191]]}},{"type":"Feature","properties":{"nome":"Contorno Viário Sul","classe":"principal","pais":"BR"},"geometry":{"type":"LineString","coordinates":[[-55.70448,-22.51538],[-55.70126,-22.51783],[-55.70027,-22.51852],[-55.69944,-22.51889],[-55.6986,-22.51913],[-55.69768,-22.51925],[-55.69705,-22.51923],[-55.69632,-22.5191],[-55.69259,-22.51765],[-55.69176,-22.51748],[-55.69107,-22.51747],[-55.69034,-22.51758],[-55.68953,-22.5178],[-55.68899,-22.51807],[-55.68838,-22.51848],[-55.68787,-22.51894],[-55.68771,-22.51916]]}},{"type":"Feature","properties":{"nome":"Contorno Viário Sul","classe":"principal","pais":"BR"},"geometry":{"type":"LineString","coordinates":[[-55.68771,-22.51916],[-55.68744,-22.51951]]}},{"type":"Feature","properties":{"nome":"","classe":"principal","pais":"PY"},"geometry":{"type":"LineString","coordinates":[[-55.69484,-22.57065],[-55.695,-22.57098]]}},{"type":"Feature","properties":{"nome":"","classe":"principal","pais":"BR"},"geometry":{"type":"LineString","coordinates":[[-55.7096,-22.55854],[-55.70964,-22.55845],[-55.70976,-22.55837]]}},{"type":"Feature","properties":{"nome":"Rua Marechal Floriano","classe":"secundária","pais":"BR"},"geometry":{"type":"LineString","coordinates":[[-55.72677,-22.54281],[-55.72564,-22.54432]]}},{"type":"Feature","properties":{"nome":"Rua Marechal Floriano","classe":"secundária","pais":"BR"},"geometry":{"type":"LineString","coordinates":[[-55.7244,-22.54577],[-55.72554,-22.54425]]}},{"type":"Feature","properties":{"nome":"Rua Marechal Floriano","classe":"secundária","pais":"BR"},"geometry":{"type":"LineString","coordinates":[[-55.7245,-22.54585],[-55.72444,-22.54591],[-55.72434,-22.54585]]}},{"type":"Feature","properties":{"nome":"Rua Marechal Floriano","classe":"secundária","pais":"BR"},"geometry":{"type":"LineString","coordinates":[[-55.72434,-22.54585],[-55.7244,-22.54577],[-55.7245,-22.54585]]}},{"type":"Feature","properties":{"nome":"Avenida Presidente Vargas","classe":"secundária","pais":"BR"},"geometry":{"type":"LineString","coordinates":[[-55.73147,-22.53711],[-55.73118,-22.53692]]}},{"type":"Feature","properties":{"nome":"Rua Marechal Floriano Peixoto","classe":"secundária","pais":"BR"},"geometry":{"type":"LineString","coordinates":[[-55.73231,-22.53518],[-55.73342,-22.53365]]}},{"type":"Feature","properties":{"nome":"Rua Marechal Floriano Peixoto","classe":"secundária","pais":"BR"},"geometry":{"type":"LineString","coordinates":[[-55.73353,-22.53372],[-55.73241,-22.53523]]}},{"type":"Feature","properties":{"nome":"Avenida Internacional","classe":"secundária","pais":"BR"},"geometry":{"type":"LineString","coordinates":[[-55.72173,-22.55222],[-55.7215,-22.55236]]}},{"type":"Feature","properties":{"nome":"Rua Treze de Setembro","classe":"secundária","pais":"BR"},"geometry":{"type":"LineString","coordinates":[[-55.72699,-22.54523],[-55.72587,-22.54676]]}},{"type":"Feature","properties":{"nome":"Rua Treze de Setembro","classe":"secundária","pais":"BR"},"geometry":{"type":"LineString","coordinates":[[-55.72809,-22.54369],[-55.72705,-22.54517]]}},{"type":"Feature","properties":{"nome":"Rua Treze de Setembro","classe":"secundária","pais":"BR"},"geometry":{"type":"LineString","coordinates":[[-55.72698,-22.54522],[-55.72699,-22.54516],[-55.72705,-22.54517]]}},{"type":"Feature","properties":{"nome":"Rua Treze de Setembro","classe":"secundária","pais":"BR"},"geometry":{"type":"LineString","coordinates":[[-55.72705,-22.54517],[-55.72705,-22.54522],[-55.72699,-22.54523]]}},{"type":"Feature","properties":{"nome":"Avenida Presidente Vargas","classe":"secundária","pais":"BR"},"geometry":{"type":"LineString","coordinates":[[-55.73124,-22.53683],[-55.73156,-22.53704]]}},{"type":"Feature","properties":{"nome":"Avenida Brasil","classe":"principal","pais":"BR"},"geometry":{"type":"LineString","coordinates":[[-55.73974,-22.52074],[-55.73881,-22.52327]]}},{"type":"Feature","properties":{"nome":"Avenida Brasil","classe":"principal","pais":"BR"},"geometry":{"type":"LineString","coordinates":[[-55.73739,-22.52495],[-55.7385,-22.52345]]}},{"type":"Feature","properties":{"nome":"Avenida Brasil","classe":"principal","pais":"BR"},"geometry":{"type":"LineString","coordinates":[[-55.73293,-22.53093],[-55.73401,-22.52948]]}},{"type":"Feature","properties":{"nome":"Avenida Brasil","classe":"principal","pais":"BR"},"geometry":{"type":"LineString","coordinates":[[-55.73415,-22.5295],[-55.73412,-22.52955]]}},{"type":"Feature","properties":{"nome":"Avenida Brasil","classe":"principal","pais":"BR"},"geometry":{"type":"LineString","coordinates":[[-55.73862,-22.52352],[-55.73749,-22.52502]]}},{"type":"Feature","properties":{"nome":"Avenida José Gaspar Rodríguez de Francia","classe":"secundária","pais":"PY"},"geometry":{"type":"LineString","coordinates":[[-55.73519,-22.53149],[-55.73408,-22.53336]]}},{"type":"Feature","properties":{"nome":"Rua Marechal Floriano","classe":"secundária","pais":"BR"},"geometry":{"type":"LineString","coordinates":[[-55.7351,-22.53144],[-55.73564,-22.53051]]}},{"type":"Feature","properties":{"nome":"Avenida José Gaspar Rodríguez de Francia","classe":"secundária","pais":"PY"},"geometry":{"type":"LineString","coordinates":[[-55.73578,-22.53058],[-55.73519,-22.53149]]}},{"type":"Feature","properties":{"nome":"Rua Marechal Floriano","classe":"secundária","pais":"BR"},"geometry":{"type":"LineString","coordinates":[[-55.73471,-22.53196],[-55.7351,-22.53144]]}},{"type":"Feature","properties":{"nome":"Avenida Brasil","classe":"principal","pais":"BR"},"geometry":{"type":"LineString","coordinates":[[-55.73881,-22.52327],[-55.73862,-22.52352]]}},{"type":"Feature","properties":{"nome":"Rua Marechal Floriano","classe":"secundária","pais":"BR"},"geometry":{"type":"LineString","coordinates":[[-55.73725,-22.52713],[-55.73809,-22.52543]]}},{"type":"Feature","properties":{"nome":"Avenida José Berges","classe":"secundária","pais":"PY"},"geometry":{"type":"LineString","coordinates":[[-55.73755,-22.52648],[-55.73792,-22.52667]]}},{"type":"Feature","properties":{"nome":"Rua Treze de Setembro","classe":"secundária","pais":"BR"},"geometry":{"type":"LineString","coordinates":[[-55.72699,-22.54523],[-55.72698,-22.54522]]}},{"type":"Feature","properties":{"nome":"","classe":"principal","pais":"PY"},"geometry":{"type":"LineString","coordinates":[[-55.7391,-22.52279],[-55.73915,-22.52292]]}},{"type":"Feature","properties":{"nome":"Avenida Padre Juan José O'Connor","classe":"secundária","pais":"PY"},"geometry":{"type":"LineString","coordinates":[[-55.74797,-22.49644],[-55.74787,-22.49683]]}},{"type":"Feature","properties":{"nome":"Avenida Padre Juan José O'Connor","classe":"secundária","pais":"PY"},"geometry":{"type":"LineString","coordinates":[[-55.74787,-22.49683],[-55.74777,-22.49742]]}},{"type":"Feature","properties":{"nome":"Avenida da Flora","classe":"principal","pais":"BR"},"geometry":{"type":"LineString","coordinates":[[-55.74707,-22.49185],[-55.74692,-22.49131]]}},{"type":"Feature","properties":{"nome":"Avenida Padre Juan José O'Connor","classe":"secundária","pais":"PY"},"geometry":{"type":"LineString","coordinates":[[-55.74699,-22.48482],[-55.74689,-22.48534],[-55.74698,-22.48788],[-55.74742,-22.49122],[-55.74792,-22.4943],[-55.74797,-22.49644]]}},{"type":"Feature","properties":{"nome":"Avenida José Berges","classe":"secundária","pais":"PY"},"geometry":{"type":"LineString","coordinates":[[-55.74387,-22.53025],[-55.74673,-22.53223]]}},{"type":"Feature","properties":{"nome":"Avenida José Berges","classe":"secundária","pais":"PY"},"geometry":{"type":"LineString","coordinates":[[-55.74383,-22.5302],[-55.74387,-22.53028],[-55.74377,-22.53031]]}},{"type":"Feature","properties":{"nome":"Avenida José Berges","classe":"secundária","pais":"PY"},"geometry":{"type":"LineString","coordinates":[[-55.74291,-22.52959],[-55.7438,-22.5302]]}},{"type":"Feature","properties":{"nome":"Avenida José Berges","classe":"secundária","pais":"PY"},"geometry":{"type":"LineString","coordinates":[[-55.74191,-22.52891],[-55.74197,-22.52895],[-55.74197,-22.52903],[-55.74192,-22.52908],[-55.74183,-22.52907]]}},{"type":"Feature","properties":{"nome":"Avenida José Berges","classe":"secundária","pais":"PY"},"geometry":{"type":"LineString","coordinates":[[-55.7404,-22.52821],[-55.73785,-22.52679]]}},{"type":"Feature","properties":{"nome":"Avenida José Berges","classe":"secundária","pais":"PY"},"geometry":{"type":"LineString","coordinates":[[-55.74053,-22.52799],[-55.7419,-22.5289]]}},{"type":"Feature","properties":{"nome":"Avenida José Berges","classe":"secundária","pais":"PY"},"geometry":{"type":"LineString","coordinates":[[-55.74181,-22.52906],[-55.7404,-22.52821]]}},{"type":"Feature","properties":{"nome":"Avenida José Berges","classe":"secundária","pais":"PY"},"geometry":{"type":"LineString","coordinates":[[-55.74198,-22.52897],[-55.74287,-22.52956]]}},{"type":"Feature","properties":{"nome":"Avenida José Berges","classe":"secundária","pais":"PY"},"geometry":{"type":"LineString","coordinates":[[-55.74278,-22.52967],[-55.74186,-22.52908]]}},{"type":"Feature","properties":{"nome":"Avenida José Berges","classe":"secundária","pais":"PY"},"geometry":{"type":"LineString","coordinates":[[-55.74287,-22.52956],[-55.74291,-22.52965],[-55.7428,-22.52968]]}},{"type":"Feature","properties":{"nome":"Avenida José Berges","classe":"secundária","pais":"PY"},"geometry":{"type":"LineString","coordinates":[[-55.74375,-22.53027],[-55.74284,-22.5297]]}},{"type":"Feature","properties":{"nome":"Avenida José Berges","classe":"secundária","pais":"PY"},"geometry":{"type":"LineString","coordinates":[[-55.74676,-22.5323],[-55.74667,-22.53228]]}},{"type":"Feature","properties":{"nome":"Avenida José Berges","classe":"secundária","pais":"PY"},"geometry":{"type":"LineString","coordinates":[[-55.74673,-22.53223],[-55.74676,-22.5323]]}},{"type":"Feature","properties":{"nome":"Avenida José Berges","classe":"secundária","pais":"PY"},"geometry":{"type":"LineString","coordinates":[[-55.74183,-22.52907],[-55.74179,-22.52896],[-55.74191,-22.52891]]}},{"type":"Feature","properties":{"nome":"Avenida José Berges","classe":"secundária","pais":"PY"},"geometry":{"type":"LineString","coordinates":[[-55.74377,-22.53031],[-55.74375,-22.53022],[-55.74383,-22.5302]]}},{"type":"Feature","properties":{"nome":"Avenida José Berges","classe":"secundária","pais":"PY"},"geometry":{"type":"LineString","coordinates":[[-55.7428,-22.52968],[-55.74277,-22.5296],[-55.74287,-22.52956]]}},{"type":"Feature","properties":{"nome":"","classe":"secundária","pais":"BR"},"geometry":{"type":"LineString","coordinates":[[-55.72892,-22.52852],[-55.729,-22.52841]]}},{"type":"Feature","properties":{"nome":"Rua Antônio João","classe":"secundária","pais":"BR"},"geometry":{"type":"LineString","coordinates":[[-55.72675,-22.53629],[-55.72787,-22.53479]]}},{"type":"Feature","properties":{"nome":"Rua Tiradentes","classe":"secundária","pais":"BR"},"geometry":{"type":"LineString","coordinates":[[-55.72675,-22.53629],[-55.72685,-22.53636]]}},{"type":"Feature","properties":{"nome":"Rua Antônio João","classe":"secundária","pais":"BR"},"geometry":{"type":"LineString","coordinates":[[-55.72685,-22.53636],[-55.72679,-22.53645]]}},{"type":"Feature","properties":{"nome":"Rua Tiradentes","classe":"secundária","pais":"BR"},"geometry":{"type":"LineString","coordinates":[[-55.72685,-22.53636],[-55.72693,-22.53641]]}},{"type":"Feature","properties":{"nome":"Rua Tiradentes","classe":"secundária","pais":"BR"},"geometry":{"type":"LineString","coordinates":[[-55.72679,-22.53645],[-55.72668,-22.53638]]}},{"type":"Feature","properties":{"nome":"Rua Antônio João","classe":"secundária","pais":"BR"},"geometry":{"type":"LineString","coordinates":[[-55.72668,-22.53638],[-55.72675,-22.53629]]}},{"type":"Feature","properties":{"nome":"Rua Tiradentes","classe":"secundária","pais":"BR"},"geometry":{"type":"LineString","coordinates":[[-55.72668,-22.53638],[-55.72661,-22.53634]]}},{"type":"Feature","properties":{"nome":"Rua Pedro Celestino","classe":"secundária","pais":"BR"},"geometry":{"type":"LineString","coordinates":[[-55.73749,-22.52502],[-55.73809,-22.52543]]}},{"type":"Feature","properties":{"nome":"Avenida Brasil","classe":"principal","pais":"BR"},"geometry":{"type":"LineString","coordinates":[[-55.7342,-22.52944],[-55.73415,-22.5295]]}},{"type":"Feature","properties":{"nome":"Rua Jorge Roberto Salomão","classe":"secundária","pais":"BR"},"geometry":{"type":"LineString","coordinates":[[-55.7342,-22.52944],[-55.7357,-22.5304]]}},{"type":"Feature","properties":{"nome":"Rua Jorge Roberto Salomão","classe":"secundária","pais":"BR"},"geometry":{"type":"LineString","coordinates":[[-55.73409,-22.52938],[-55.7342,-22.52944]]}},{"type":"Feature","properties":{"nome":"Avenida Brasil","classe":"principal","pais":"BR"},"geometry":{"type":"LineString","coordinates":[[-55.73409,-22.52938],[-55.73739,-22.52495]]}},{"type":"Feature","properties":{"nome":"Avenida Brasil","classe":"principal","pais":"BR"},"geometry":{"type":"LineString","coordinates":[[-55.73401,-22.52948],[-55.73405,-22.52943]]}},{"type":"Feature","properties":{"nome":"Rua Jorge Roberto Salomão","classe":"secundária","pais":"BR"},"geometry":{"type":"LineString","coordinates":[[-55.73401,-22.52948],[-55.73265,-22.5286]]}},{"type":"Feature","properties":{"nome":"Rua Jorge Roberto Salomão","classe":"secundária","pais":"BR"},"geometry":{"type":"LineString","coordinates":[[-55.73412,-22.52955],[-55.73401,-22.52948]]}},{"type":"Feature","properties":{"nome":"Avenida Brasil","classe":"principal","pais":"BR"},"geometry":{"type":"LineString","coordinates":[[-55.73412,-22.52955],[-55.73303,-22.531]]}},{"type":"Feature","properties":{"nome":"Rua Antônio João","classe":"secundária","pais":"BR"},"geometry":{"type":"LineString","coordinates":[[-55.72463,-22.53912],[-55.72471,-22.53903]]}},{"type":"Feature","properties":{"nome":"Rua Guia Lopes","classe":"secundária","pais":"BR"},"geometry":{"type":"LineString","coordinates":[[-55.72463,-22.53912],[-55.72457,-22.53909]]}},{"type":"Feature","properties":{"nome":"Rua Guia Lopes","classe":"secundária","pais":"BR"},"geometry":{"type":"LineString","coordinates":[[-55.72473,-22.53918],[-55.72463,-22.53912]]}},{"type":"Feature","properties":{"nome":"Rua Antônio João","classe":"secundária","pais":"BR"},"geometry":{"type":"LineString","coordinates":[[-55.72473,-22.53918],[-55.72467,-22.53926]]}},{"type":"Feature","properties":{"nome":"Rua Antônio João","classe":"secundária","pais":"BR"},"geometry":{"type":"LineString","coordinates":[[-55.7248,-22.53909],[-55.72473,-22.53918]]}},{"type":"Feature","properties":{"nome":"Rua Guia Lopes","classe":"secundária","pais":"BR"},"geometry":{"type":"LineString","coordinates":[[-55.7248,-22.53909],[-55.72488,-22.53914]]}},{"type":"Feature","properties":{"nome":"Rua Guia Lopes","classe":"secundária","pais":"BR"},"geometry":{"type":"LineString","coordinates":[[-55.72471,-22.53903],[-55.7248,-22.53909]]}},{"type":"Feature","properties":{"nome":"Rua Antônio João","classe":"secundária","pais":"BR"},"geometry":{"type":"LineString","coordinates":[[-55.72568,-22.5377],[-55.72574,-22.53762]]}},{"type":"Feature","properties":{"nome":"Rua Sete de Setembro","classe":"secundária","pais":"BR"},"geometry":{"type":"LineString","coordinates":[[-55.72574,-22.53762],[-55.72583,-22.53768]]}},{"type":"Feature","properties":{"nome":"Rua Antônio João","classe":"secundária","pais":"BR"},"geometry":{"type":"LineString","coordinates":[[-55.72574,-22.53762],[-55.72663,-22.53644]]}},{"type":"Feature","properties":{"nome":"Rua Sete de Setembro","classe":"secundária","pais":"BR"},"geometry":{"type":"LineString","coordinates":[[-55.72577,-22.53776],[-55.72568,-22.5377]]}},{"type":"Feature","properties":{"nome":"Rua Antônio João","classe":"secundária","pais":"BR"},"geometry":{"type":"LineString","coordinates":[[-55.72803,-22.53479],[-55.72798,-22.53486]]}},{"type":"Feature","properties":{"nome":"Avenida Presidente Vargas","classe":"secundária","pais":"BR"},"geometry":{"type":"LineString","coordinates":[[-55.72792,-22.53472],[-55.72803,-22.53479]]}},{"type":"Feature","properties":{"nome":"Avenida Presidente Vargas","classe":"secundária","pais":"BR"},"geometry":{"type":"LineString","coordinates":[[-55.72798,-22.53486],[-55.72787,-22.53479]]}},{"type":"Feature","properties":{"nome":"Rua Antônio João","classe":"secundária","pais":"BR"},"geometry":{"type":"LineString","coordinates":[[-55.73263,-22.5286],[-55.73158,-22.53007]]}},{"type":"Feature","properties":{"nome":"Rua Antônio João","classe":"secundária","pais":"BR"},"geometry":{"type":"LineString","coordinates":[[-55.73146,-22.52998],[-55.73252,-22.52855]]}},{"type":"Feature","properties":{"nome":"","classe":"secundária","pais":"BR"},"geometry":{"type":"LineString","coordinates":[[-55.73252,-22.52855],[-55.73253,-22.52846],[-55.73258,-22.52843],[-55.73271,-22.52849],[-55.73263,-22.5286],[-55.73252,-22.52855]]}},{"type":"Feature","properties":{"nome":"Rua Antônio João","classe":"secundária","pais":"BR"},"geometry":{"type":"LineString","coordinates":[[-55.73709,-22.52246],[-55.73924,-22.51953]]}},{"type":"Feature","properties":{"nome":"","classe":"principal","pais":"BR"},"geometry":{"type":"LineString","coordinates":[[-55.70514,-22.50217],[-55.70515,-22.50221]]}},{"type":"Feature","properties":{"nome":"Avenida Belmiro de Albuquerque","classe":"secundária","pais":"BR"},"geometry":{"type":"LineString","coordinates":[[-55.70536,-22.50272],[-55.70491,-22.50244]]}},{"type":"Feature","properties":{"nome":"Contorno Viário Norte","classe":"principal","pais":"BR"},"geometry":{"type":"LineString","coordinates":[[-55.70475,-22.50206],[-55.7048,-22.50189],[-55.70478,-22.50167]]}},{"type":"Feature","properties":{"nome":"Contorno Viário Norte","classe":"principal","pais":"BR"},"geometry":{"type":"LineString","coordinates":[[-55.70478,-22.50167],[-55.70502,-22.50203]]}},{"type":"Feature","properties":{"nome":"","classe":"principal","pais":"BR"},"geometry":{"type":"LineString","coordinates":[[-55.70515,-22.50221],[-55.70508,-22.50238],[-55.70494,-22.50244],[-55.70476,-22.50239],[-55.70468,-22.50227],[-55.70471,-22.5021],[-55.70488,-22.502],[-55.70506,-22.50205],[-55.70514,-22.50217]]}},{"type":"Feature","properties":{"nome":"Avenida Belmiro de Albuquerque","classe":"secundária","pais":"BR"},"geometry":{"type":"LineString","coordinates":[[-55.70515,-22.50221],[-55.70522,-22.50248],[-55.70536,-22.50272]]}},{"type":"Feature","properties":{"nome":"","classe":"principal","pais":"BR"},"geometry":{"type":"LineString","coordinates":[[-55.70536,-22.50272],[-55.70517,-22.5027],[-55.70505,-22.50275],[-55.70494,-22.50286],[-55.70489,-22.503]]}},{"type":"Feature","properties":{"nome":"Rua Batista de Azevedo","classe":"secundária","pais":"BR"},"geometry":{"type":"LineString","coordinates":[[-55.68488,-22.52892],[-55.68709,-22.53018],[-55.69063,-22.53227],[-55.69971,-22.53736],[-55.70038,-22.5378],[-55.70106,-22.53856],[-55.70329,-22.54341]]}},{"type":"Feature","properties":{"nome":"","classe":"principal","pais":"BR"},"geometry":{"type":"LineString","coordinates":[[-55.68496,-22.52798],[-55.68512,-22.52801]]}},{"type":"Feature","properties":{"nome":"","classe":"principal","pais":"BR"},"geometry":{"type":"LineString","coordinates":[[-55.68454,-22.52992],[-55.6844,-22.52989]]}},{"type":"Feature","properties":{"nome":"Rua Marechal Floriano","classe":"secundária","pais":"BR"},"geometry":{"type":"LineString","coordinates":[[-55.72554,-22.54425],[-55.72666,-22.54275]]}},{"type":"Feature","properties":{"nome":"Rua Marechal Floriano","classe":"secundária","pais":"BR"},"geometry":{"type":"LineString","coordinates":[[-55.72564,-22.54432],[-55.7245,-22.54585]]}},{"type":"Feature","properties":{"nome":"Rua Antônio João","classe":"secundária","pais":"BR"},"geometry":{"type":"LineString","coordinates":[[-55.73137,-22.5301],[-55.73146,-22.52998]]}},{"type":"Feature","properties":{"nome":"Rua Baltazar Saldanha","classe":"secundária","pais":"BR"},"geometry":{"type":"LineString","coordinates":[[-55.73146,-22.52998],[-55.73158,-22.53007]]}},{"type":"Feature","properties":{"nome":"Rua Baltazar Saldanha","classe":"secundária","pais":"BR"},"geometry":{"type":"LineString","coordinates":[[-55.73149,-22.53019],[-55.73137,-22.5301]]}},{"type":"Feature","properties":{"nome":"Contorno Viário Sul","classe":"principal","pais":"BR"},"geometry":{"type":"LineString","coordinates":[[-55.67526,-22.55598],[-55.67578,-22.55449]]}},{"type":"Feature","properties":{"nome":"Contorno Viário Sul","classe":"principal","pais":"BR"},"geometry":{"type":"LineString","coordinates":[[-55.67601,-22.55456],[-55.67549,-22.55598]]}},{"type":"Feature","properties":{"nome":"Contorno Viário Sul","classe":"principal","pais":"BR"},"geometry":{"type":"LineString","coordinates":[[-55.68744,-22.51951],[-55.68721,-22.51983],[-55.68696,-22.5204],[-55.68492,-22.5288],[-55.67879,-22.54673],[-55.67601,-22.55456]]}},{"type":"Feature","properties":{"nome":"Contorno Viário Sul","classe":"principal","pais":"BR"},"geometry":{"type":"LineString","coordinates":[[-55.67578,-22.55449],[-55.67857,-22.54666],[-55.68025,-22.54174],[-55.6814,-22.53857],[-55.6844,-22.52989],[-55.68478,-22.52873],[-55.6868,-22.52029],[-55.68709,-22.51971],[-55.68729,-22.51943]]}},{"type":"Feature","properties":{"nome":"","classe":"principal","pais":"BR"},"geometry":{"type":"LineString","coordinates":[[-55.67578,-22.55449],[-55.6759,-22.55445],[-55.67601,-22.55456]]}},{"type":"Feature","properties":{"nome":"","classe":"principal","pais":"BR"},"geometry":{"type":"LineString","coordinates":[[-55.67549,-22.55598],[-55.67534,-22.55605],[-55.67526,-22.55598]]}},{"type":"Feature","properties":{"nome":"","classe":"secundária","pais":"BR"},"geometry":{"type":"LineString","coordinates":[[-55.67972,-22.55673],[-55.67573,-22.55535]]}},{"type":"Feature","properties":{"nome":"Avenida da Flora","classe":"principal","pais":"BR"},"geometry":{"type":"LineString","coordinates":[[-55.74692,-22.49131],[-55.7469,-22.49094],[-55.74698,-22.49042]]}},{"type":"Feature","properties":{"nome":"Avenida da Flora","classe":"principal","pais":"BR"},"geometry":{"type":"LineString","coordinates":[[-55.74752,-22.49744],[-55.74733,-22.49645]]}},{"type":"Feature","properties":{"nome":"","classe":"principal","pais":"BR"},"geometry":{"type":"LineString","coordinates":[[-55.74701,-22.49647],[-55.74735,-22.49625]]}},{"type":"Feature","properties":{"nome":"","classe":"principal","pais":"BR"},"geometry":{"type":"LineString","coordinates":[[-55.74737,-22.49674],[-55.74715,-22.49656],[-55.74696,-22.4965]]}},{"type":"Feature","properties":{"nome":"Ruta Nacional 17","classe":"secundária","pais":"PY"},"geometry":{"type":"LineString","coordinates":[[-55.71682,-22.56148],[-55.71681,-22.56143]]}},{"type":"Feature","properties":{"nome":"","classe":"secundária","pais":"PY"},"geometry":{"type":"LineString","coordinates":[[-55.71681,-22.56143],[-55.7144,-22.55981],[-55.71384,-22.55947],[-55.71229,-22.55882]]}},{"type":"Feature","properties":{"nome":"Rua 12 de Outubro","classe":"secundária","pais":"BR"},"geometry":{"type":"LineString","coordinates":[[-55.72405,-22.52137],[-55.72599,-22.52077]]}}]}